{"id": "VyrhRXZ901o", "uploader": "SarahhBridget", "uploader_id": "minxi33", "uploader_url": "http://www.youtube.com/user/minxi33", "upload_date": "20140918", "license": "Standard YouTube License", "creator": null, "title": "Must Have Skin Care Products | Oily / Combination Skin", "alt_title": null, "thumbnail": "https://i.ytimg.com/vi/VyrhRXZ901o/hqdefault.jpg", "description": "Hey guys!\n\nthought it was about time that I updated my skin care routine!\n\nhope you enjoy! remember to watch in HD and comment below if you have any of the same faves as me or even if you have any recommendations! :) xxx", "categories": ["Howto & Style"], "tags": [], "subtitles": {}, "automatic_captions": {}, "duration": 282, "age_limit": 0, "annotations": null, "chapters": null, "webpage_url": "https://www.youtube.com/watch?v=VyrhRXZ901o", "view_count": 1357, "like_count": 29, "dislike_count": 0, "average_rating": 5.0, "formats": [{"ext": "m4a", "format_note": "DASH audio", "acodec": "mp4a.40.5", "abr": 48, "container": "m4a_dash", "format_id": "139", "url": "https://r2---sn-xjpm-q0ns.googlevideo.com/videoplayback?id=572ae145767dd35a&itag=139&source=youtube&requiressl=yes&ms=au&mn=sn-xjpm-q0ns&pl=16&mm=31&mv=u&ei=xoOKWdb4Is6iWpOMjaAE&ratebypass=yes&mime=audio/mp4&gir=yes&clen=1703883&lmt=1411037560205106&dur=282.261&mt=1502249706&signature=23DF5F853E13C742CEC504B955BF7FF795DF619B.6B9A9F46C734E79AA1BD936234D3EA50999FDE57&key=dg_yt0&ip=131.159.40.117&ipbits=0&expire=1502271526&sparams=ip,ipbits,expire,id,itag,source,requiressl,ms,mn,pl,mm,mv,ei,ratebypass,mime,gir,clen,lmt,dur", "manifest_url": "https://manifest.googlevideo.com/api/manifest/dash/sparams/as%2Cei%2Chfr%2Cid%2Cip%2Cipbits%2Citag%2Cmm%2Cmn%2Cms%2Cmv%2Cpl%2Cplayback_host%2Crequiressl%2Csource%2Cexpire/itag/0/ip/131.159.40.117/source/youtube/ms/au/mt/1502249706/hfr/1/expire/1502271526/ipbits/0/requiressl/yes/id/572ae145767dd35a/mn/sn-xjpm-q0ns/pl/16/playback_host/r2---sn-xjpm-q0ns.googlevideo.com/mm/31/mv/u/signature/2EBFC00EE781DFBA65E669089D351B32DD1FB9D8.5D71644E2C452C43BC30F7996CC0AD6FEBFA8229/ei/xoOKWdb4Is6iWpOMjaAE/as/fmp4_audio_clear%2Cfmp4_sd_hd_clear/key/yt6", "width": null, "height": null, "tbr": 49.479, "asr": 22050, "fps": null, "language": null, "filesize": 1703883, "vcodec": "none", "format": "139 - audio only (DASH audio)", "protocol": "https", "http_headers": {"User-Agent": "Mozilla/5.0 (X11; Linux x86_64; rv:10.0) Gecko/20150101 Firefox/47.0 (Chrome)", "Accept-Charset": "ISO-8859-1,utf-8;q=0.7,*;q=0.7", "Accept": "text/html,application/xhtml+xml,application/xml;q=0.9,*/*;q=0.8", "Accept-Encoding": "gzip, deflate", "Accept-Language": "en-us,en;q=0.5"}}, {"format_id": "249", "url": "https://r2---sn-xjpm-q0ns.googlevideo.com/videoplayback?requiressl=yes&key=yt6&gir=yes&mime=audio%2Fwebm&source=youtube&itag=249&sparams=clen%2Cdur%2Cei%2Cgir%2Cid%2Cip%2Cipbits%2Citag%2Ckeepalive%2Clmt%2Cmime%2Cmm%2Cmn%2Cms%2Cmv%2Cpl%2Crequiressl%2Csource%2Cexpire&signature=72573393692604F7B1A52E287F709E71719FCC29.3FE50D6F167E03F99C96007FF82B5698C8F2228D&ip=131.159.40.117&ms=au&ei=xoOKWfWWCMWjWNLLppgC&mv=u&pl=16&ipbits=0&id=o-ANjq-FpHwplqqccmqq1S_VRx8F7qt8nyb7MWllK_kT-q&mn=sn-xjpm-q0ns&mt=1502249706&mm=31&keepalive=yes&clen=1807035&dur=282.141&lmt=1411110293404684&expire=1502271526&ratebypass=yes", "player_url": null, "ext": "webm", "format_note": "DASH audio", "acodec": "opus", "abr": 50, "filesize": 1807035, "tbr": 56.656, "fps": 1, "vcodec": "none", "format": "249 - audio only (DASH audio)", "protocol": "https", "http_headers": {"User-Agent": "Mozilla/5.0 (X11; Linux x86_64; rv:10.0) Gecko/20150101 Firefox/47.0 (Chrome)", "Accept-Charset": "ISO-8859-1,utf-8;q=0.7,*;q=0.7", "Accept": "text/html,application/xhtml+xml,application/xml;q=0.9,*/*;q=0.8", "Accept-Encoding": "gzip, deflate", "Accept-Language": "en-us,en;q=0.5"}}, {"format_id": "250", "url": "https://r2---sn-xjpm-q0ns.googlevideo.com/videoplayback?requiressl=yes&key=yt6&gir=yes&mime=audio%2Fwebm&source=youtube&itag=250&sparams=clen%2Cdur%2Cei%2Cgir%2Cid%2Cip%2Cipbits%2Citag%2Ckeepalive%2Clmt%2Cmime%2Cmm%2Cmn%2Cms%2Cmv%2Cpl%2Crequiressl%2Csource%2Cexpire&signature=B550FC587085CE2F796515B641E8FEB0CFB5E789.E090CEDF8279A479D8613C0C6F26C3209BBA01CE&ip=131.159.40.117&ms=au&ei=xoOKWfWWCMWjWNLLppgC&mv=u&pl=16&ipbits=0&id=o-ANjq-FpHwplqqccmqq1S_VRx8F7qt8nyb7MWllK_kT-q&mn=sn-xjpm-q0ns&mt=1502249706&mm=31&keepalive=yes&clen=2490065&dur=282.141&lmt=1411110292704927&expire=1502271526&ratebypass=yes", "player_url": null, "ext": "webm", "format_note": "DASH audio", "acodec": "opus", "abr": 70, "filesize": 2490065, "tbr": 79.566, "fps": 1, "vcodec": "none", "format": "250 - audio only (DASH audio)", "protocol": "https", "http_headers": {"User-Agent": "Mozilla/5.0 (X11; Linux x86_64; rv:10.0) Gecko/20150101 Firefox/47.0 (Chrome)", "Accept-Charset": "ISO-8859-1,utf-8;q=0.7,*;q=0.7", "Accept": "text/html,application/xhtml+xml,application/xml;q=0.9,*/*;q=0.8", "Accept-Encoding": "gzip, deflate", "Accept-Language": "en-us,en;q=0.5"}}, {"format_id": "171", "url": "https://r2---sn-xjpm-q0ns.googlevideo.com/videoplayback?requiressl=yes&key=yt6&gir=yes&mime=audio%2Fwebm&source=youtube&itag=171&sparams=clen%2Cdur%2Cei%2Cgir%2Cid%2Cip%2Cipbits%2Citag%2Ckeepalive%2Clmt%2Cmime%2Cmm%2Cmn%2Cms%2Cmv%2Cpl%2Crequiressl%2Csource%2Cexpire&signature=CB87F88502DDFA0E130994A93CAE87D9A460923C.59935E4156A9BB62F01ECA98049B88B4BD349702&ip=131.159.40.117&ms=au&ei=xoOKWfWWCMWjWNLLppgC&mv=u&pl=16&ipbits=0&id=o-ANjq-FpHwplqqccmqq1S_VRx8F7qt8nyb7MWllK_kT-q&mn=sn-xjpm-q0ns&mt=1502249706&mm=31&keepalive=yes&clen=3906714&dur=282.133&lmt=1411110292602706&expire=1502271526&ratebypass=yes", "player_url": null, "ext": "webm", "acodec": "vorbis", "format_note": "DASH audio", "abr": 128, "filesize": 3906714, "tbr": 119.385, "fps": 1, "vcodec": "none", "format": "171 - audio only (DASH audio)", "protocol": "https", "http_headers": {"User-Agent": "Mozilla/5.0 (X11; Linux x86_64; rv:10.0) Gecko/20150101 Firefox/47.0 (Chrome)", "Accept-Charset": "ISO-8859-1,utf-8;q=0.7,*;q=0.7", "Accept": "text/html,application/xhtml+xml,application/xml;q=0.9,*/*;q=0.8", "Accept-Encoding": "gzip, deflate", "Accept-Language": "en-us,en;q=0.5"}}, {"ext": "m4a", "format_note": "DASH audio", "acodec": "mp4a.40.2", "abr": 128, "container": "m4a_dash", "format_id": "140", "url": "https://r2---sn-xjpm-q0ns.googlevideo.com/videoplayback?id=572ae145767dd35a&itag=140&source=youtube&requiressl=yes&ms=au&mn=sn-xjpm-q0ns&pl=16&mm=31&mv=u&ei=xoOKWdb4Is6iWpOMjaAE&ratebypass=yes&mime=audio/mp4&gir=yes&clen=4531646&lmt=1411037559908316&dur=282.191&mt=1502249706&signature=1CEB6D168F79460479746B4A90770D1C2E82F432.254E15E7AE921FC281BED2ECB6AAD568222D7505&key=dg_yt0&ip=131.159.40.117&ipbits=0&expire=1502271526&sparams=ip,ipbits,expire,id,itag,source,requiressl,ms,mn,pl,mm,mv,ei,ratebypass,mime,gir,clen,lmt,dur", "manifest_url": "https://manifest.googlevideo.com/api/manifest/dash/sparams/as%2Cei%2Chfr%2Cid%2Cip%2Cipbits%2Citag%2Cmm%2Cmn%2Cms%2Cmv%2Cpl%2Cplayback_host%2Crequiressl%2Csource%2Cexpire/itag/0/ip/131.159.40.117/source/youtube/ms/au/mt/1502249706/hfr/1/expire/1502271526/ipbits/0/requiressl/yes/id/572ae145767dd35a/mn/sn-xjpm-q0ns/pl/16/playback_host/r2---sn-xjpm-q0ns.googlevideo.com/mm/31/mv/u/signature/2EBFC00EE781DFBA65E669089D351B32DD1FB9D8.5D71644E2C452C43BC30F7996CC0AD6FEBFA8229/ei/xoOKWdb4Is6iWpOMjaAE/as/fmp4_audio_clear%2Cfmp4_sd_hd_clear/key/yt6", "width": null, "height": null, "tbr": 129.682, "asr": 44100, "fps": null, "language": null, "filesize": 4531646, "vcodec": "none", "format": "140 - audio only (DASH audio)", "protocol": "https", "http_headers": {"User-Agent": "Mozilla/5.0 (X11; Linux x86_64; rv:10.0) Gecko/20150101 Firefox/47.0 (Chrome)", "Accept-Charset": "ISO-8859-1,utf-8;q=0.7,*;q=0.7", "Accept": "text/html,application/xhtml+xml,application/xml;q=0.9,*/*;q=0.8", "Accept-Encoding": "gzip, deflate", "Accept-Language": "en-us,en;q=0.5"}}, {"format_id": "251", "url": "https://r2---sn-xjpm-q0ns.googlevideo.com/videoplayback?requiressl=yes&key=yt6&gir=yes&mime=audio%2Fwebm&source=youtube&itag=251&sparams=clen%2Cdur%2Cei%2Cgir%2Cid%2Cip%2Cipbits%2Citag%2Ckeepalive%2Clmt%2Cmime%2Cmm%2Cmn%2Cms%2Cmv%2Cpl%2Crequiressl%2Csource%2Cexpire&signature=58203CF554D3E239E56AB0D6C9BAAAEFDA1CC2.2FBAF1E5ABFD66E35CBED931130B0DA02F3AEE3C&ip=131.159.40.117&ms=au&ei=xoOKWfWWCMWjWNLLppgC&mv=u&pl=16&ipbits=0&id=o-ANjq-FpHwplqqccmqq1S_VRx8F7qt8nyb7MWllK_kT-q&mn=sn-xjpm-q0ns&mt=1502249706&mm=31&keepalive=yes&clen=5717485&dur=282.141&lmt=1411110292597143&expire=1502271526&ratebypass=yes", "player_url": null, "ext": "webm", "format_note": "DASH audio", "acodec": "opus", "abr": 160, "filesize": 5717485, "tbr": 188.13, "fps": 1, "vcodec": "none", "format": "251 - audio only (DASH audio)", "protocol": "https", "http_headers": {"User-Agent": "Mozilla/5.0 (X11; Linux x86_64; rv:10.0) Gecko/20150101 Firefox/47.0 (Chrome)", "Accept-Charset": "ISO-8859-1,utf-8;q=0.7,*;q=0.7", "Accept": "text/html,application/xhtml+xml,application/xml;q=0.9,*/*;q=0.8", "Accept-Encoding": "gzip, deflate", "Accept-Language": "en-us,en;q=0.5"}}, {"ext": "mp4", "height": 144, "format_note": "DASH video", "vcodec": "avc1.42c00c", "format_id": "160", "url": "https://r2---sn-xjpm-q0ns.googlevideo.com/videoplayback?id=572ae145767dd35a&itag=160&source=youtube&requiressl=yes&ms=au&mn=sn-xjpm-q0ns&pl=16&mm=31&mv=u&ei=xoOKWdb4Is6iWpOMjaAE&ratebypass=yes&mime=video/mp4&gir=yes&clen=3883085&lmt=1411037564004048&dur=282.160&mt=1502249706&signature=6219D2F550A33D00FF529F625A9D2A5AE1D47309.90D72CBB87549270C15924888191430E0365C5BA&key=dg_yt0&ip=131.159.40.117&ipbits=0&expire=1502271526&sparams=ip,ipbits,expire,id,itag,source,requiressl,ms,mn,pl,mm,mv,ei,ratebypass,mime,gir,clen,lmt,dur", "manifest_url": "https://manifest.googlevideo.com/api/manifest/dash/sparams/as%2Cei%2Chfr%2Cid%2Cip%2Cipbits%2Citag%2Cmm%2Cmn%2Cms%2Cmv%2Cpl%2Cplayback_host%2Crequiressl%2Csource%2Cexpire/itag/0/ip/131.159.40.117/source/youtube/ms/au/mt/1502249706/hfr/1/expire/1502271526/ipbits/0/requiressl/yes/id/572ae145767dd35a/mn/sn-xjpm-q0ns/pl/16/playback_host/r2---sn-xjpm-q0ns.googlevideo.com/mm/31/mv/u/signature/2EBFC00EE781DFBA65E669089D351B32DD1FB9D8.5D71644E2C452C43BC30F7996CC0AD6FEBFA8229/ei/xoOKWdb4Is6iWpOMjaAE/as/fmp4_audio_clear%2Cfmp4_sd_hd_clear/key/yt6", "width": 256, "tbr": 112.139, "asr": null, "fps": 13, "language": null, "filesize": 3883085, "acodec": "none", "format": "160 - 256x144 (DASH video)", "protocol": "https", "http_headers": {"User-Agent": "Mozilla/5.0 (X11; Linux x86_64; rv:10.0) Gecko/20150101 Firefox/47.0 (Chrome)", "Accept-Charset": "ISO-8859-1,utf-8;q=0.7,*;q=0.7", "Accept": "text/html,application/xhtml+xml,application/xml;q=0.9,*/*;q=0.8", "Accept-Encoding": "gzip, deflate", "Accept-Language": "en-us,en;q=0.5"}}, {"ext": "mp4", "height": 240, "format_note": "DASH video", "vcodec": "avc1.4d4015", "format_id": "133", "url": "https://r2---sn-xjpm-q0ns.googlevideo.com/videoplayback?id=572ae145767dd35a&itag=133&source=youtube&requiressl=yes&ms=au&mn=sn-xjpm-q0ns&pl=16&mm=31&mv=u&ei=xoOKWdb4Is6iWpOMjaAE&ratebypass=yes&mime=video/mp4&gir=yes&clen=8624018&lmt=1411037565909052&dur=282.120&mt=1502249706&signature=9ACDB5BE30950D8E277DCCA0A4D6D9C2F9BA2E2D.70792F98E3399DDE9D776FAD915BD3069DCE5492&key=dg_yt0&ip=131.159.40.117&ipbits=0&expire=1502271526&sparams=ip,ipbits,expire,id,itag,source,requiressl,ms,mn,pl,mm,mv,ei,ratebypass,mime,gir,clen,lmt,dur", "manifest_url": "https://manifest.googlevideo.com/api/manifest/dash/sparams/as%2Cei%2Chfr%2Cid%2Cip%2Cipbits%2Citag%2Cmm%2Cmn%2Cms%2Cmv%2Cpl%2Cplayback_host%2Crequiressl%2Csource%2Cexpire/itag/0/ip/131.159.40.117/source/youtube/ms/au/mt/1502249706/hfr/1/expire/1502271526/ipbits/0/requiressl/yes/id/572ae145767dd35a/mn/sn-xjpm-q0ns/pl/16/playback_host/r2---sn-xjpm-q0ns.googlevideo.com/mm/31/mv/u/signature/2EBFC00EE781DFBA65E669089D351B32DD1FB9D8.5D71644E2C452C43BC30F7996CC0AD6FEBFA8229/ei/xoOKWdb4Is6iWpOMjaAE/as/fmp4_audio_clear%2Cfmp4_sd_hd_clear/key/yt6", "width": 426, "tbr": 248.848, "asr": null, "fps": 25, "language": null, "filesize": 8624018, "acodec": "none", "format": "133 - 426x240 (DASH video)", "protocol": "https", "http_headers": {"User-Agent": "Mozilla/5.0 (X11; Linux x86_64; rv:10.0) Gecko/20150101 Firefox/47.0 (Chrome)", "Accept-Charset": "ISO-8859-1,utf-8;q=0.7,*;q=0.7", "Accept": "text/html,application/xhtml+xml,application/xml;q=0.9,*/*;q=0.8", "Accept-Encoding": "gzip, deflate", "Accept-Language": "en-us,en;q=0.5"}}, {"ext": "mp4", "height": 360, "format_note": "DASH video", "vcodec": "avc1.4d401e", "format_id": "134", "url": "https://r2---sn-xjpm-q0ns.googlevideo.com/videoplayback?id=572ae145767dd35a&itag=134&source=youtube&requiressl=yes&ms=au&mn=sn-xjpm-q0ns&pl=16&mm=31&mv=u&ei=xoOKWdb4Is6iWpOMjaAE&ratebypass=yes&mime=video/mp4&gir=yes&clen=10586826&lmt=1411037567006956&dur=282.120&mt=1502249706&signature=237ECE6CC1FA72E7BCB4E5C9BB9CFC92BA67E388.227211F7ECA7D6269E43D184034F7339CD5FE8F1&key=dg_yt0&ip=131.159.40.117&ipbits=0&expire=1502271526&sparams=ip,ipbits,expire,id,itag,source,requiressl,ms,mn,pl,mm,mv,ei,ratebypass,mime,gir,clen,lmt,dur", "manifest_url": "https://manifest.googlevideo.com/api/manifest/dash/sparams/as%2Cei%2Chfr%2Cid%2Cip%2Cipbits%2Citag%2Cmm%2Cmn%2Cms%2Cmv%2Cpl%2Cplayback_host%2Crequiressl%2Csource%2Cexpire/itag/0/ip/131.159.40.117/source/youtube/ms/au/mt/1502249706/hfr/1/expire/1502271526/ipbits/0/requiressl/yes/id/572ae145767dd35a/mn/sn-xjpm-q0ns/pl/16/playback_host/r2---sn-xjpm-q0ns.googlevideo.com/mm/31/mv/u/signature/2EBFC00EE781DFBA65E669089D351B32DD1FB9D8.5D71644E2C452C43BC30F7996CC0AD6FEBFA8229/ei/xoOKWdb4Is6iWpOMjaAE/as/fmp4_audio_clear%2Cfmp4_sd_hd_clear/key/yt6", "width": 640, "tbr": 353.862, "asr": null, "fps": 25, "language": null, "filesize": 10586826, "acodec": "none", "format": "134 - 640x360 (DASH video)", "protocol": "https", "http_headers": {"User-Agent": "Mozilla/5.0 (X11; Linux x86_64; rv:10.0) Gecko/20150101 Firefox/47.0 (Chrome)", "Accept-Charset": "ISO-8859-1,utf-8;q=0.7,*;q=0.7", "Accept": "text/html,application/xhtml+xml,application/xml;q=0.9,*/*;q=0.8", "Accept-Encoding": "gzip, deflate", "Accept-Language": "en-us,en;q=0.5"}}, {"ext": "mp4", "height": 480, "format_note": "DASH video", "vcodec": "avc1.4d401e", "format_id": "135", "url": "https://r2---sn-xjpm-q0ns.googlevideo.com/videoplayback?id=572ae145767dd35a&itag=135&source=youtube&requiressl=yes&ms=au&mn=sn-xjpm-q0ns&pl=16&mm=31&mv=u&ei=xoOKWdb4Is6iWpOMjaAE&ratebypass=yes&mime=video/mp4&gir=yes&clen=22494021&lmt=1411037571704814&dur=282.120&mt=1502249706&signature=65BEAE4989BAB51B4039BFAF60E964FA4D484A93.6AB8D0979EB8310DD56EEF552107B179C8BB8062&key=dg_yt0&ip=131.159.40.117&ipbits=0&expire=1502271526&sparams=ip,ipbits,expire,id,itag,source,requiressl,ms,mn,pl,mm,mv,ei,ratebypass,mime,gir,clen,lmt,dur", "manifest_url": "https://manifest.googlevideo.com/api/manifest/dash/sparams/as%2Cei%2Chfr%2Cid%2Cip%2Cipbits%2Citag%2Cmm%2Cmn%2Cms%2Cmv%2Cpl%2Cplayback_host%2Crequiressl%2Csource%2Cexpire/itag/0/ip/131.159.40.117/source/youtube/ms/au/mt/1502249706/hfr/1/expire/1502271526/ipbits/0/requiressl/yes/id/572ae145767dd35a/mn/sn-xjpm-q0ns/pl/16/playback_host/r2---sn-xjpm-q0ns.googlevideo.com/mm/31/mv/u/signature/2EBFC00EE781DFBA65E669089D351B32DD1FB9D8.5D71644E2C452C43BC30F7996CC0AD6FEBFA8229/ei/xoOKWdb4Is6iWpOMjaAE/as/fmp4_audio_clear%2Cfmp4_sd_hd_clear/key/yt6", "width": 854, "tbr": 703.361, "asr": null, "fps": 25, "language": null, "filesize": 22494021, "acodec": "none", "format": "135 - 854x480 (DASH video)", "protocol": "https", "http_headers": {"User-Agent": "Mozilla/5.0 (X11; Linux x86_64; rv:10.0) Gecko/20150101 Firefox/47.0 (Chrome)", "Accept-Charset": "ISO-8859-1,utf-8;q=0.7,*;q=0.7", "Accept": "text/html,application/xhtml+xml,application/xml;q=0.9,*/*;q=0.8", "Accept-Encoding": "gzip, deflate", "Accept-Language": "en-us,en;q=0.5"}}, {"ext": "mp4", "height": 720, "format_note": "DASH video", "vcodec": "avc1.4d401f", "format_id": "136", "url": "https://r2---sn-xjpm-q0ns.googlevideo.com/videoplayback?id=572ae145767dd35a&itag=136&source=youtube&requiressl=yes&ms=au&mn=sn-xjpm-q0ns&pl=16&mm=31&mv=u&ei=xoOKWdb4Is6iWpOMjaAE&ratebypass=yes&mime=video/mp4&gir=yes&clen=45418392&lmt=1411037578620409&dur=282.120&mt=1502249706&signature=08BDF6AE3528058D29A6317AC2B7A3BE109F0393.883D392ACEC14F4DB81AB44E51E0EA04012AE99D&key=dg_yt0&ip=131.159.40.117&ipbits=0&expire=1502271526&sparams=ip,ipbits,expire,id,itag,source,requiressl,ms,mn,pl,mm,mv,ei,ratebypass,mime,gir,clen,lmt,dur", "manifest_url": "https://manifest.googlevideo.com/api/manifest/dash/sparams/as%2Cei%2Chfr%2Cid%2Cip%2Cipbits%2Citag%2Cmm%2Cmn%2Cms%2Cmv%2Cpl%2Cplayback_host%2Crequiressl%2Csource%2Cexpire/itag/0/ip/131.159.40.117/source/youtube/ms/au/mt/1502249706/hfr/1/expire/1502271526/ipbits/0/requiressl/yes/id/572ae145767dd35a/mn/sn-xjpm-q0ns/pl/16/playback_host/r2---sn-xjpm-q0ns.googlevideo.com/mm/31/mv/u/signature/2EBFC00EE781DFBA65E669089D351B32DD1FB9D8.5D71644E2C452C43BC30F7996CC0AD6FEBFA8229/ei/xoOKWdb4Is6iWpOMjaAE/as/fmp4_audio_clear%2Cfmp4_sd_hd_clear/key/yt6", "width": 1280, "tbr": 1469.965, "asr": null, "fps": 25, "language": null, "filesize": 45418392, "acodec": "none", "format": "136 - 1280x720 (DASH video)", "protocol": "https", "http_headers": {"User-Agent": "Mozilla/5.0 (X11; Linux x86_64; rv:10.0) Gecko/20150101 Firefox/47.0 (Chrome)", "Accept-Charset": "ISO-8859-1,utf-8;q=0.7,*;q=0.7", "Accept": "text/html,application/xhtml+xml,application/xml;q=0.9,*/*;q=0.8", "Accept-Encoding": "gzip, deflate", "Accept-Language": "en-us,en;q=0.5"}}, {"format_id": "17", "url": "https://r2---sn-xjpm-q0ns.googlevideo.com/videoplayback?ip=131.159.40.117&requiressl=yes&ms=au&ei=xoOKWfWWCMWjWNLLppgC&mv=u&pl=16&ipbits=0&id=o-ANjq-FpHwplqqccmqq1S_VRx8F7qt8nyb7MWllK_kT-q&mn=sn-xjpm-q0ns&key=yt6&gir=yes&mm=31&dur=282.354&source=youtube&clen=2884307&itag=17&sparams=clen%2Cdur%2Cei%2Cgir%2Cid%2Cip%2Cipbits%2Citag%2Clmt%2Cmime%2Cmm%2Cmn%2Cms%2Cmv%2Cpl%2Crequiressl%2Csource%2Cexpire&mime=video%2F3gpp&lmt=1411037595008294&mt=1502249706&expire=1502271526&signature=469620D5036324A03AA85A7CA370FB4CE19FA397.94AE007A227A9E6B245E7423259BC7E7791CA101&ratebypass=yes", "player_url": null, "ext": "3gp", "width": 176, "height": 144, "acodec": "mp4a.40.2", "abr": 24, "vcodec": "mp4v.20.3", "resolution": "176x144", "format_note": "small", "format": "17 - 176x144 (small)", "protocol": "https", "http_headers": {"User-Agent": "Mozilla/5.0 (X11; Linux x86_64; rv:10.0) Gecko/20150101 Firefox/47.0 (Chrome)", "Accept-Charset": "ISO-8859-1,utf-8;q=0.7,*;q=0.7", "Accept": "text/html,application/xhtml+xml,application/xml;q=0.9,*/*;q=0.8", "Accept-Encoding": "gzip, deflate", "Accept-Language": "en-us,en;q=0.5"}}, {"format_id": "36", "url": "https://r2---sn-xjpm-q0ns.googlevideo.com/videoplayback?ip=131.159.40.117&requiressl=yes&ms=au&ei=xoOKWfWWCMWjWNLLppgC&mv=u&pl=16&ipbits=0&id=o-ANjq-FpHwplqqccmqq1S_VRx8F7qt8nyb7MWllK_kT-q&mn=sn-xjpm-q0ns&key=yt6&gir=yes&mm=31&dur=282.308&source=youtube&clen=7980632&itag=36&sparams=clen%2Cdur%2Cei%2Cgir%2Cid%2Cip%2Cipbits%2Citag%2Clmt%2Cmime%2Cmm%2Cmn%2Cms%2Cmv%2Cpl%2Crequiressl%2Csource%2Cexpire&mime=video%2F3gpp&lmt=1411037638335134&mt=1502249706&expire=1502271526&signature=5DE7A8D2EC9040502AF96CB4AAE552BD0BAC8908.25A9786AE5703111C527D66D5EC41ED3E39AFCB0&ratebypass=yes", "player_url": null, "ext": "3gp", "width": 320, "acodec": "mp4a.40.2", "vcodec": "mp4v.20.3", "resolution": "320x180", "height": 180, "format_note": "small", "format": "36 - 320x180 (small)", "protocol": "https", "http_headers": {"User-Agent": "Mozilla/5.0 (X11; Linux x86_64; rv:10.0) Gecko/20150101 Firefox/47.0 (Chrome)", "Accept-Charset": "ISO-8859-1,utf-8;q=0.7,*;q=0.7", "Accept": "text/html,application/xhtml+xml,application/xml;q=0.9,*/*;q=0.8", "Accept-Encoding": "gzip, deflate", "Accept-Language": "en-us,en;q=0.5"}}, {"format_id": "43", "url": "https://r2---sn-xjpm-q0ns.googlevideo.com/videoplayback?requiressl=yes&key=yt6&gir=yes&mime=video%2Fwebm&source=youtube&itag=43&sparams=clen%2Cdur%2Cei%2Cgir%2Cid%2Cip%2Cipbits%2Citag%2Clmt%2Cmime%2Cmm%2Cmn%2Cms%2Cmv%2Cpl%2Cratebypass%2Crequiressl%2Csource%2Cexpire&signature=04FC24B57C8AAFAB59707865C09CD18BE291B35C.A5E51B53A8A2C70DC468E3DA6011FF28F33B3093&ip=131.159.40.117&ms=au&ei=xoOKWfWWCMWjWNLLppgC&mv=u&pl=16&ipbits=0&id=o-ANjq-FpHwplqqccmqq1S_VRx8F7qt8nyb7MWllK_kT-q&mn=sn-xjpm-q0ns&mt=1502249706&mm=31&clen=18090757&dur=0.000&lmt=1411037720062674&expire=1502271526&ratebypass=yes", "player_url": null, "ext": "webm", "width": 640, "height": 360, "acodec": "vorbis", "abr": 128, "vcodec": "vp8.0", "resolution": "640x360", "format_note": "medium", "format": "43 - 640x360 (medium)", "protocol": "https", "http_headers": {"User-Agent": "Mozilla/5.0 (X11; Linux x86_64; rv:10.0) Gecko/20150101 Firefox/47.0 (Chrome)", "Accept-Charset": "ISO-8859-1,utf-8;q=0.7,*;q=0.7", "Accept": "text/html,application/xhtml+xml,application/xml;q=0.9,*/*;q=0.8", "Accept-Encoding": "gzip, deflate", "Accept-Language": "en-us,en;q=0.5"}}, {"format_id": "18", "url": "https://r2---sn-xjpm-q0ns.googlevideo.com/videoplayback?requiressl=yes&key=yt6&gir=yes&mime=video%2Fmp4&source=youtube&itag=18&sparams=clen%2Cdur%2Cei%2Cgir%2Cid%2Cip%2Cipbits%2Citag%2Clmt%2Cmime%2Cmm%2Cmn%2Cms%2Cmv%2Cpl%2Cratebypass%2Crequiressl%2Csource%2Cexpire&signature=8A7753416B117DB208E88D3F48D99CC5800BC8F2.8EADCF087FC96CFA37008E31B2F078A6F6411EE0&ip=131.159.40.117&ms=au&ei=xoOKWfWWCMWjWNLLppgC&mv=u&pl=16&ipbits=0&id=o-ANjq-FpHwplqqccmqq1S_VRx8F7qt8nyb7MWllK_kT-q&mn=sn-xjpm-q0ns&mt=1502249706&mm=31&clen=13309204&dur=282.192&lmt=1411037575910204&expire=1502271526&ratebypass=yes", "player_url": null, "ext": "mp4", "width": 640, "height": 360, "acodec": "mp4a.40.2", "abr": 96, "vcodec": "avc1.42001E", "resolution": "640x360", "format_note": "medium", "format": "18 - 640x360 (medium)", "protocol": "https", "http_headers": {"User-Agent": "Mozilla/5.0 (X11; Linux x86_64; rv:10.0) Gecko/20150101 Firefox/47.0 (Chrome)", "Accept-Charset": "ISO-8859-1,utf-8;q=0.7,*;q=0.7", "Accept": "text/html,application/xhtml+xml,application/xml;q=0.9,*/*;q=0.8", "Accept-Encoding": "gzip, deflate", "Accept-Language": "en-us,en;q=0.5"}}, {"format_id": "22", "url": "https://r2---sn-xjpm-q0ns.googlevideo.com/videoplayback?ei=xoOKWfWWCMWjWNLLppgC&ip=131.159.40.117&source=youtube&sparams=dur%2Cei%2Cid%2Cip%2Cipbits%2Citag%2Clmt%2Cmime%2Cmm%2Cmn%2Cms%2Cmv%2Cpl%2Cratebypass%2Crequiressl%2Csource%2Cexpire&requiressl=yes&ms=au&lmt=1471035015782011&itag=22&pl=16&ipbits=0&dur=282.192&id=o-ANjq-FpHwplqqccmqq1S_VRx8F7qt8nyb7MWllK_kT-q&mn=sn-xjpm-q0ns&key=yt6&mm=31&mt=1502249706&expire=1502271526&mime=video%2Fmp4&signature=CC72AC4EA83310A6660BF31D1BB88203E11016FB.1C2C4317C99431F4CF71532FEEAE395324BCC5FA&mv=u&ratebypass=yes", "player_url": null, "ext": "mp4", "width": 1280, "height": 720, "acodec": "mp4a.40.2", "abr": 192, "vcodec": "avc1.64001F", "resolution": "1280x720", "format_note": "hd720", "format": "22 - 1280x720 (hd720)", "protocol": "https", "http_headers": {"User-Agent": "Mozilla/5.0 (X11; Linux x86_64; rv:10.0) Gecko/20150101 Firefox/47.0 (Chrome)", "Accept-Charset": "ISO-8859-1,utf-8;q=0.7,*;q=0.7", "Accept": "text/html,application/xhtml+xml,application/xml;q=0.9,*/*;q=0.8", "Accept-Encoding": "gzip, deflate", "Accept-Language": "en-us,en;q=0.5"}}], "is_live": null, "start_time": null, "end_time": null, "series": null, "season_number": null, "episode_number": null, "extractor": "youtube", "webpage_url_basename": "VyrhRXZ901o", "extractor_key": "Youtube", "playlist": null, "playlist_index": null, "thumbnails": [{"url": "https://i.ytimg.com/vi/VyrhRXZ901o/hqdefault.jpg", "id": "0"}], "display_id": "VyrhRXZ901o", "ext": "mp4", "height": 720, "format_note": "DASH video", "vcodec": "avc1.4d401f", "format_id": "136", "url": "https://r2---sn-xjpm-q0ns.googlevideo.com/videoplayback?id=572ae145767dd35a&itag=136&source=youtube&requiressl=yes&ms=au&mn=sn-xjpm-q0ns&pl=16&mm=31&mv=u&ei=xoOKWdb4Is6iWpOMjaAE&ratebypass=yes&mime=video/mp4&gir=yes&clen=45418392&lmt=1411037578620409&dur=282.120&mt=1502249706&signature=08BDF6AE3528058D29A6317AC2B7A3BE109F0393.883D392ACEC14F4DB81AB44E51E0EA04012AE99D&key=dg_yt0&ip=131.159.40.117&ipbits=0&expire=1502271526&sparams=ip,ipbits,expire,id,itag,source,requiressl,ms,mn,pl,mm,mv,ei,ratebypass,mime,gir,clen,lmt,dur", "manifest_url": "https://manifest.googlevideo.com/api/manifest/dash/sparams/as%2Cei%2Chfr%2Cid%2Cip%2Cipbits%2Citag%2Cmm%2Cmn%2Cms%2Cmv%2Cpl%2Cplayback_host%2Crequiressl%2Csource%2Cexpire/itag/0/ip/131.159.40.117/source/youtube/ms/au/mt/1502249706/hfr/1/expire/1502271526/ipbits/0/requiressl/yes/id/572ae145767dd35a/mn/sn-xjpm-q0ns/pl/16/playback_host/r2---sn-xjpm-q0ns.googlevideo.com/mm/31/mv/u/signature/2EBFC00EE781DFBA65E669089D351B32DD1FB9D8.5D71644E2C452C43BC30F7996CC0AD6FEBFA8229/ei/xoOKWdb4Is6iWpOMjaAE/as/fmp4_audio_clear%2Cfmp4_sd_hd_clear/key/yt6", "width": 1280, "tbr": 1469.965, "asr": null, "fps": 25, "language": null, "filesize": 45418392, "acodec": "none", "format": "136 - 1280x720 (DASH video)", "protocol": "https", "http_headers": {"User-Agent": "Mozilla/5.0 (X11; Linux x86_64; rv:10.0) Gecko/20150101 Firefox/47.0 (Chrome)", "Accept-Charset": "ISO-8859-1,utf-8;q=0.7,*;q=0.7", "Accept": "text/html,application/xhtml+xml,application/xml;q=0.9,*/*;q=0.8", "Accept-Encoding": "gzip, deflate", "Accept-Language": "en-us,en;q=0.5"}, "fulltitle": "Must Have Skin Care Products | Oily / Combination Skin", "_filename": "VyrhRXZ901o.mp4"}