{"id": "t7i5LzSuCCY", "uploader": "Autismo.Apoio. e.Desabafos", "uploader_id": "UC5eWe0ULMB-T72sAL5ybArg", "uploader_url": "http://www.youtube.com/channel/UC5eWe0ULMB-T72sAL5ybArg", "upload_date": "20140804", "license": "Standard YouTube License", "creator": null, "title": "COMO FUNCIONA O C\u00c9REBRO DA PESSOA COM AUTISMO?", "alt_title": null, "thumbnail": "https://i.ytimg.com/vi/t7i5LzSuCCY/hqdefault.jpg", "description": "Qual a causa principal das crises?  O que fazer sobre as estereotipias?  Veja, entenda, pratique e compartilhe. Somente compreendendo o que \u00e9 o autismo, podemos acabar com o preconceito.", "categories": ["People & Blogs"], "tags": ["autismo", "dr. caio abujadi", "crises autismo", "cerebro autismo", "autismo infantil", "autista", "psiquiatria autismo", "individuo autista", "tratamento autismo"], "subtitles": {}, "automatic_captions": {}, "duration": 354, "age_limit": 0, "annotations": null, "chapters": null, "webpage_url": "https://www.youtube.com/watch?v=t7i5LzSuCCY", "view_count": 206764, "like_count": 2642, "dislike_count": 39, "average_rating": 4.9418129921, "formats": [{"ext": "m4a", "format_note": "DASH audio", "acodec": "mp4a.40.5", "abr": 48, "container": "m4a_dash", "format_id": "139", "url": "https://r7---sn-xjpm-q0nl.googlevideo.com/videoplayback?id=b7b8b92f34ae0826&itag=139&source=youtube&requiressl=yes&pl=16&mm=31&ms=au&ei=S1CKWY3rAsKOV5egqcAD&mv=u&mn=sn-xjpm-q0nl&ratebypass=yes&mime=audio/mp4&gir=yes&clen=2139560&lmt=1428039088573720&dur=354.568&signature=7D4C195A2C09A58ED855275003FE42BDE519D23F.7A85768831217F9A6374B6BC350B98B3EEF037EE&mt=1502236528&key=dg_yt0&ip=131.159.40.117&ipbits=0&expire=1502258347&sparams=ip,ipbits,expire,id,itag,source,requiressl,pl,mm,ms,ei,mv,mn,ratebypass,mime,gir,clen,lmt,dur", "manifest_url": "https://manifest.googlevideo.com/api/manifest/dash/requiressl/yes/expire/1502258347/source/youtube/signature/7B2DE6BA5C7C69AA9AFF5004001BB06D9BA95AB1.2E7015B74A5685E317984B691FA06063CD5DB27D/pl/16/hfr/1/ipbits/0/mm/31/itag/0/ms/au/ei/S1CKWY3rAsKOV5egqcAD/mv/u/ip/131.159.40.117/playback_host/r7---sn-xjpm-q0nl.googlevideo.com/mt/1502236528/key/yt6/id/b7b8b92f34ae0826/mn/sn-xjpm-q0nl/sparams/as%2Cei%2Chfr%2Cid%2Cip%2Cipbits%2Citag%2Cmm%2Cmn%2Cms%2Cmv%2Cpl%2Cplayback_host%2Crequiressl%2Csource%2Cexpire/as/fmp4_audio_clear%2Cfmp4_sd_hd_clear", "width": null, "height": null, "tbr": 49.327, "asr": 22050, "fps": null, "language": null, "filesize": 2139560, "vcodec": "none", "format": "139 - audio only (DASH audio)", "protocol": "https", "http_headers": {"User-Agent": "Mozilla/5.0 (X11; Linux x86_64; rv:10.0) Gecko/20150101 Firefox/47.0 (Chrome)", "Accept-Charset": "ISO-8859-1,utf-8;q=0.7,*;q=0.7", "Accept": "text/html,application/xhtml+xml,application/xml;q=0.9,*/*;q=0.8", "Accept-Encoding": "gzip, deflate", "Accept-Language": "en-us,en;q=0.5"}}, {"format_id": "249", "url": "https://r7---sn-xjpm-q0nl.googlevideo.com/videoplayback?keepalive=yes&key=yt6&ip=131.159.40.117&dur=354.421&lmt=1497034481796242&id=o-ABYsnIG3htukCEu6F2FFldvwmhDhBjMNVB_8zD8gC5Nm&itag=249&requiressl=yes&ipbits=0&mn=sn-xjpm-q0nl&mm=31&ms=au&clen=2128597&mv=u&mt=1502236528&expire=1502258346&gir=yes&pl=16&source=youtube&signature=542BEE7858F26CC574F46487C9A0729ED3381E40.D14D27FEE2104B7B54AD0E128153EA8AE88580DE&mime=audio%2Fwebm&ei=SlCKWaGuH8L2V8_5oogK&sparams=clen%2Cdur%2Cei%2Cgir%2Cid%2Cip%2Cipbits%2Citag%2Ckeepalive%2Clmt%2Cmime%2Cmm%2Cmn%2Cms%2Cmv%2Cpl%2Crequiressl%2Csource%2Cexpire&ratebypass=yes", "player_url": null, "ext": "webm", "format_note": "DASH audio", "acodec": "opus", "abr": 50, "filesize": 2128597, "tbr": 52.172, "vcodec": "none", "format": "249 - audio only (DASH audio)", "protocol": "https", "http_headers": {"User-Agent": "Mozilla/5.0 (X11; Linux x86_64; rv:10.0) Gecko/20150101 Firefox/47.0 (Chrome)", "Accept-Charset": "ISO-8859-1,utf-8;q=0.7,*;q=0.7", "Accept": "text/html,application/xhtml+xml,application/xml;q=0.9,*/*;q=0.8", "Accept-Encoding": "gzip, deflate", "Accept-Language": "en-us,en;q=0.5"}}, {"format_id": "250", "url": "https://r7---sn-xjpm-q0nl.googlevideo.com/videoplayback?keepalive=yes&key=yt6&ip=131.159.40.117&dur=354.421&lmt=1497034479071867&id=o-ABYsnIG3htukCEu6F2FFldvwmhDhBjMNVB_8zD8gC5Nm&itag=250&requiressl=yes&ipbits=0&mn=sn-xjpm-q0nl&mm=31&ms=au&clen=2438391&mv=u&mt=1502236528&expire=1502258346&gir=yes&pl=16&source=youtube&signature=892AAA01512EEEB8D1EDC62E399452326254F21C.11358BF218686F710F3853DB07E6BD5653E7C830&mime=audio%2Fwebm&ei=SlCKWaGuH8L2V8_5oogK&sparams=clen%2Cdur%2Cei%2Cgir%2Cid%2Cip%2Cipbits%2Citag%2Ckeepalive%2Clmt%2Cmime%2Cmm%2Cmn%2Cms%2Cmv%2Cpl%2Crequiressl%2Csource%2Cexpire&ratebypass=yes", "player_url": null, "ext": "webm", "format_note": "DASH audio", "acodec": "opus", "abr": 70, "filesize": 2438391, "tbr": 59.679, "vcodec": "none", "format": "250 - audio only (DASH audio)", "protocol": "https", "http_headers": {"User-Agent": "Mozilla/5.0 (X11; Linux x86_64; rv:10.0) Gecko/20150101 Firefox/47.0 (Chrome)", "Accept-Charset": "ISO-8859-1,utf-8;q=0.7,*;q=0.7", "Accept": "text/html,application/xhtml+xml,application/xml;q=0.9,*/*;q=0.8", "Accept-Encoding": "gzip, deflate", "Accept-Language": "en-us,en;q=0.5"}}, {"format_id": "171", "url": "https://r7---sn-xjpm-q0nl.googlevideo.com/videoplayback?keepalive=yes&key=yt6&ip=131.159.40.117&dur=354.419&lmt=1497034470572307&id=o-ABYsnIG3htukCEu6F2FFldvwmhDhBjMNVB_8zD8gC5Nm&itag=171&requiressl=yes&ipbits=0&mn=sn-xjpm-q0nl&mm=31&ms=au&clen=3874359&mv=u&mt=1502236528&expire=1502258346&gir=yes&pl=16&source=youtube&signature=69B19066ACCCE7028646CF109B16528E27B98499.83F442849744CE2346EA09472CEDDC396B99ED36&mime=audio%2Fwebm&ei=SlCKWaGuH8L2V8_5oogK&sparams=clen%2Cdur%2Cei%2Cgir%2Cid%2Cip%2Cipbits%2Citag%2Ckeepalive%2Clmt%2Cmime%2Cmm%2Cmn%2Cms%2Cmv%2Cpl%2Crequiressl%2Csource%2Cexpire&ratebypass=yes", "player_url": null, "ext": "webm", "acodec": "vorbis", "format_note": "DASH audio", "abr": 128, "filesize": 3874359, "tbr": 93.229, "vcodec": "none", "format": "171 - audio only (DASH audio)", "protocol": "https", "http_headers": {"User-Agent": "Mozilla/5.0 (X11; Linux x86_64; rv:10.0) Gecko/20150101 Firefox/47.0 (Chrome)", "Accept-Charset": "ISO-8859-1,utf-8;q=0.7,*;q=0.7", "Accept": "text/html,application/xhtml+xml,application/xml;q=0.9,*/*;q=0.8", "Accept-Encoding": "gzip, deflate", "Accept-Language": "en-us,en;q=0.5"}}, {"format_id": "251", "url": "https://r7---sn-xjpm-q0nl.googlevideo.com/videoplayback?keepalive=yes&key=yt6&ip=131.159.40.117&dur=354.421&lmt=1497034477712433&id=o-ABYsnIG3htukCEu6F2FFldvwmhDhBjMNVB_8zD8gC5Nm&itag=251&requiressl=yes&ipbits=0&mn=sn-xjpm-q0nl&mm=31&ms=au&clen=4407471&mv=u&mt=1502236528&expire=1502258346&gir=yes&pl=16&source=youtube&signature=436D8985675F0BFDCA6FCED16E7C49F0C85C905A.69BCF9EF9A29B0141797DAC3EAF456D098FCB4A5&mime=audio%2Fwebm&ei=SlCKWaGuH8L2V8_5oogK&sparams=clen%2Cdur%2Cei%2Cgir%2Cid%2Cip%2Cipbits%2Citag%2Ckeepalive%2Clmt%2Cmime%2Cmm%2Cmn%2Cms%2Cmv%2Cpl%2Crequiressl%2Csource%2Cexpire&ratebypass=yes", "player_url": null, "ext": "webm", "format_note": "DASH audio", "acodec": "opus", "abr": 160, "filesize": 4407471, "tbr": 108.28, "vcodec": "none", "format": "251 - audio only (DASH audio)", "protocol": "https", "http_headers": {"User-Agent": "Mozilla/5.0 (X11; Linux x86_64; rv:10.0) Gecko/20150101 Firefox/47.0 (Chrome)", "Accept-Charset": "ISO-8859-1,utf-8;q=0.7,*;q=0.7", "Accept": "text/html,application/xhtml+xml,application/xml;q=0.9,*/*;q=0.8", "Accept-Encoding": "gzip, deflate", "Accept-Language": "en-us,en;q=0.5"}}, {"ext": "m4a", "format_note": "DASH audio", "acodec": "mp4a.40.2", "abr": 128, "container": "m4a_dash", "format_id": "140", "url": "https://r7---sn-xjpm-q0nl.googlevideo.com/videoplayback?id=b7b8b92f34ae0826&itag=140&source=youtube&requiressl=yes&pl=16&mm=31&ms=au&ei=S1CKWY3rAsKOV5egqcAD&mv=u&mn=sn-xjpm-q0nl&ratebypass=yes&mime=audio/mp4&gir=yes&clen=5691391&lmt=1428039088357443&dur=354.475&signature=4427761E6CD3C9813F7A28C5EC3E6F0C3134D323.59139B321114375C619D21362D13EED24D18B967&mt=1502236528&key=dg_yt0&ip=131.159.40.117&ipbits=0&expire=1502258347&sparams=ip,ipbits,expire,id,itag,source,requiressl,pl,mm,ms,ei,mv,mn,ratebypass,mime,gir,clen,lmt,dur", "manifest_url": "https://manifest.googlevideo.com/api/manifest/dash/requiressl/yes/expire/1502258347/source/youtube/signature/7B2DE6BA5C7C69AA9AFF5004001BB06D9BA95AB1.2E7015B74A5685E317984B691FA06063CD5DB27D/pl/16/hfr/1/ipbits/0/mm/31/itag/0/ms/au/ei/S1CKWY3rAsKOV5egqcAD/mv/u/ip/131.159.40.117/playback_host/r7---sn-xjpm-q0nl.googlevideo.com/mt/1502236528/key/yt6/id/b7b8b92f34ae0826/mn/sn-xjpm-q0nl/sparams/as%2Cei%2Chfr%2Cid%2Cip%2Cipbits%2Citag%2Cmm%2Cmn%2Cms%2Cmv%2Cpl%2Cplayback_host%2Crequiressl%2Csource%2Cexpire/as/fmp4_audio_clear%2Cfmp4_sd_hd_clear", "width": null, "height": null, "tbr": 129.376, "asr": 44100, "fps": null, "language": null, "filesize": 5691391, "vcodec": "none", "format": "140 - audio only (DASH audio)", "protocol": "https", "http_headers": {"User-Agent": "Mozilla/5.0 (X11; Linux x86_64; rv:10.0) Gecko/20150101 Firefox/47.0 (Chrome)", "Accept-Charset": "ISO-8859-1,utf-8;q=0.7,*;q=0.7", "Accept": "text/html,application/xhtml+xml,application/xml;q=0.9,*/*;q=0.8", "Accept-Encoding": "gzip, deflate", "Accept-Language": "en-us,en;q=0.5"}}, {"format_id": "278", "url": "https://r7---sn-xjpm-q0nl.googlevideo.com/videoplayback?keepalive=yes&key=yt6&ip=131.159.40.117&dur=354.387&lmt=1497034610568776&id=o-ABYsnIG3htukCEu6F2FFldvwmhDhBjMNVB_8zD8gC5Nm&itag=278&requiressl=yes&ipbits=0&mn=sn-xjpm-q0nl&mm=31&ms=au&clen=4182967&mv=u&mt=1502236528&expire=1502258346&gir=yes&pl=16&source=youtube&signature=55A4AC17D9361E63E2D1416390FA7AB2853F25B6.2846CC20FF8B69C2DFDC0D89B36C21E05D3B0834&mime=video%2Fwebm&ei=SlCKWaGuH8L2V8_5oogK&sparams=clen%2Cdur%2Cei%2Cgir%2Cid%2Cip%2Cipbits%2Citag%2Ckeepalive%2Clmt%2Cmime%2Cmm%2Cmn%2Cms%2Cmv%2Cpl%2Crequiressl%2Csource%2Cexpire&ratebypass=yes", "player_url": null, "ext": "webm", "height": 144, "format_note": "144p", "container": "webm", "vcodec": "vp9", "filesize": 4182967, "tbr": 107.934, "width": 256, "fps": 30, "acodec": "none", "format": "278 - 256x144 (144p)", "protocol": "https", "http_headers": {"User-Agent": "Mozilla/5.0 (X11; Linux x86_64; rv:10.0) Gecko/20150101 Firefox/47.0 (Chrome)", "Accept-Charset": "ISO-8859-1,utf-8;q=0.7,*;q=0.7", "Accept": "text/html,application/xhtml+xml,application/xml;q=0.9,*/*;q=0.8", "Accept-Encoding": "gzip, deflate", "Accept-Language": "en-us,en;q=0.5"}}, {"ext": "mp4", "height": 144, "format_note": "DASH video", "vcodec": "avc1.4d400c", "format_id": "160", "url": "https://r7---sn-xjpm-q0nl.googlevideo.com/videoplayback?id=b7b8b92f34ae0826&itag=160&source=youtube&requiressl=yes&pl=16&mm=31&ms=au&ei=S1CKWY3rAsKOV5egqcAD&mv=u&mn=sn-xjpm-q0nl&ratebypass=yes&mime=video/mp4&gir=yes&clen=4874913&lmt=1428039399697583&dur=354.387&signature=852C724D79F201CE6A0F012DE49319ADAD128729.62799B6330EEE1B3ECF9E4A629D7EEEB103397A3&mt=1502236528&key=dg_yt0&ip=131.159.40.117&ipbits=0&expire=1502258347&sparams=ip,ipbits,expire,id,itag,source,requiressl,pl,mm,ms,ei,mv,mn,ratebypass,mime,gir,clen,lmt,dur", "manifest_url": "https://manifest.googlevideo.com/api/manifest/dash/requiressl/yes/expire/1502258347/source/youtube/signature/7B2DE6BA5C7C69AA9AFF5004001BB06D9BA95AB1.2E7015B74A5685E317984B691FA06063CD5DB27D/pl/16/hfr/1/ipbits/0/mm/31/itag/0/ms/au/ei/S1CKWY3rAsKOV5egqcAD/mv/u/ip/131.159.40.117/playback_host/r7---sn-xjpm-q0nl.googlevideo.com/mt/1502236528/key/yt6/id/b7b8b92f34ae0826/mn/sn-xjpm-q0nl/sparams/as%2Cei%2Chfr%2Cid%2Cip%2Cipbits%2Citag%2Cmm%2Cmn%2Cms%2Cmv%2Cpl%2Cplayback_host%2Crequiressl%2Csource%2Cexpire/as/fmp4_audio_clear%2Cfmp4_sd_hd_clear", "width": 256, "tbr": 112.762, "asr": null, "fps": 15, "language": null, "filesize": 4874913, "acodec": "none", "format": "160 - 256x144 (DASH video)", "protocol": "https", "http_headers": {"User-Agent": "Mozilla/5.0 (X11; Linux x86_64; rv:10.0) Gecko/20150101 Firefox/47.0 (Chrome)", "Accept-Charset": "ISO-8859-1,utf-8;q=0.7,*;q=0.7", "Accept": "text/html,application/xhtml+xml,application/xml;q=0.9,*/*;q=0.8", "Accept-Encoding": "gzip, deflate", "Accept-Language": "en-us,en;q=0.5"}}, {"format_id": "242", "url": "https://r7---sn-xjpm-q0nl.googlevideo.com/videoplayback?keepalive=yes&key=yt6&ip=131.159.40.117&dur=354.387&lmt=1497034610261992&id=o-ABYsnIG3htukCEu6F2FFldvwmhDhBjMNVB_8zD8gC5Nm&itag=242&requiressl=yes&ipbits=0&mn=sn-xjpm-q0nl&mm=31&ms=au&clen=5658049&mv=u&mt=1502236528&expire=1502258346&gir=yes&pl=16&source=youtube&signature=C0F390C6D9B0180D44967294E1AA97F9044FF770.0FCC8F567AB608BBEBB8187AE19915ED745CE449&mime=video%2Fwebm&ei=SlCKWaGuH8L2V8_5oogK&sparams=clen%2Cdur%2Cei%2Cgir%2Cid%2Cip%2Cipbits%2Citag%2Ckeepalive%2Clmt%2Cmime%2Cmm%2Cmn%2Cms%2Cmv%2Cpl%2Crequiressl%2Csource%2Cexpire&ratebypass=yes", "player_url": null, "ext": "webm", "height": 240, "format_note": "240p", "vcodec": "vp9", "filesize": 5658049, "tbr": 212.21, "width": 426, "fps": 30, "acodec": "none", "format": "242 - 426x240 (240p)", "protocol": "https", "http_headers": {"User-Agent": "Mozilla/5.0 (X11; Linux x86_64; rv:10.0) Gecko/20150101 Firefox/47.0 (Chrome)", "Accept-Charset": "ISO-8859-1,utf-8;q=0.7,*;q=0.7", "Accept": "text/html,application/xhtml+xml,application/xml;q=0.9,*/*;q=0.8", "Accept-Encoding": "gzip, deflate", "Accept-Language": "en-us,en;q=0.5"}}, {"ext": "mp4", "height": 240, "format_note": "DASH video", "vcodec": "avc1.4d4015", "format_id": "133", "url": "https://r7---sn-xjpm-q0nl.googlevideo.com/videoplayback?id=b7b8b92f34ae0826&itag=133&source=youtube&requiressl=yes&pl=16&mm=31&ms=au&ei=S1CKWY3rAsKOV5egqcAD&mv=u&mn=sn-xjpm-q0nl&ratebypass=yes&mime=video/mp4&gir=yes&clen=10841183&lmt=1428039389674908&dur=354.420&signature=2AA8EB2F83AAE162AF5C171C63DB87A4BDDF9507.204AD4E8CD5E6E1324EC7395E30D7DB5B2858D1F&mt=1502236528&key=dg_yt0&ip=131.159.40.117&ipbits=0&expire=1502258347&sparams=ip,ipbits,expire,id,itag,source,requiressl,pl,mm,ms,ei,mv,mn,ratebypass,mime,gir,clen,lmt,dur", "manifest_url": "https://manifest.googlevideo.com/api/manifest/dash/requiressl/yes/expire/1502258347/source/youtube/signature/7B2DE6BA5C7C69AA9AFF5004001BB06D9BA95AB1.2E7015B74A5685E317984B691FA06063CD5DB27D/pl/16/hfr/1/ipbits/0/mm/31/itag/0/ms/au/ei/S1CKWY3rAsKOV5egqcAD/mv/u/ip/131.159.40.117/playback_host/r7---sn-xjpm-q0nl.googlevideo.com/mt/1502236528/key/yt6/id/b7b8b92f34ae0826/mn/sn-xjpm-q0nl/sparams/as%2Cei%2Chfr%2Cid%2Cip%2Cipbits%2Citag%2Cmm%2Cmn%2Cms%2Cmv%2Cpl%2Cplayback_host%2Crequiressl%2Csource%2Cexpire/as/fmp4_audio_clear%2Cfmp4_sd_hd_clear", "width": 426, "tbr": 249.781, "asr": null, "fps": 30, "language": null, "filesize": 10841183, "acodec": "none", "format": "133 - 426x240 (DASH video)", "protocol": "https", "http_headers": {"User-Agent": "Mozilla/5.0 (X11; Linux x86_64; rv:10.0) Gecko/20150101 Firefox/47.0 (Chrome)", "Accept-Charset": "ISO-8859-1,utf-8;q=0.7,*;q=0.7", "Accept": "text/html,application/xhtml+xml,application/xml;q=0.9,*/*;q=0.8", "Accept-Encoding": "gzip, deflate", "Accept-Language": "en-us,en;q=0.5"}}, {"ext": "mp4", "height": 360, "format_note": "DASH video", "vcodec": "avc1.4d401e", "format_id": "134", "url": "https://r7---sn-xjpm-q0nl.googlevideo.com/videoplayback?id=b7b8b92f34ae0826&itag=134&source=youtube&requiressl=yes&pl=16&mm=31&ms=au&ei=S1CKWY3rAsKOV5egqcAD&mv=u&mn=sn-xjpm-q0nl&ratebypass=yes&mime=video/mp4&gir=yes&clen=10166904&lmt=1428039440456204&dur=354.420&signature=2592407831E9313EF9A726CF0CF043C4E709AAA2.274BE56EA72387E8319955A0E1F513C371E01279&mt=1502236528&key=dg_yt0&ip=131.159.40.117&ipbits=0&expire=1502258347&sparams=ip,ipbits,expire,id,itag,source,requiressl,pl,mm,ms,ei,mv,mn,ratebypass,mime,gir,clen,lmt,dur", "manifest_url": "https://manifest.googlevideo.com/api/manifest/dash/requiressl/yes/expire/1502258347/source/youtube/signature/7B2DE6BA5C7C69AA9AFF5004001BB06D9BA95AB1.2E7015B74A5685E317984B691FA06063CD5DB27D/pl/16/hfr/1/ipbits/0/mm/31/itag/0/ms/au/ei/S1CKWY3rAsKOV5egqcAD/mv/u/ip/131.159.40.117/playback_host/r7---sn-xjpm-q0nl.googlevideo.com/mt/1502236528/key/yt6/id/b7b8b92f34ae0826/mn/sn-xjpm-q0nl/sparams/as%2Cei%2Chfr%2Cid%2Cip%2Cipbits%2Citag%2Cmm%2Cmn%2Cms%2Cmv%2Cpl%2Cplayback_host%2Crequiressl%2Csource%2Cexpire/as/fmp4_audio_clear%2Cfmp4_sd_hd_clear", "width": 640, "tbr": 278.235, "asr": null, "fps": 30, "language": null, "filesize": 10166904, "acodec": "none", "format": "134 - 640x360 (DASH video)", "protocol": "https", "http_headers": {"User-Agent": "Mozilla/5.0 (X11; Linux x86_64; rv:10.0) Gecko/20150101 Firefox/47.0 (Chrome)", "Accept-Charset": "ISO-8859-1,utf-8;q=0.7,*;q=0.7", "Accept": "text/html,application/xhtml+xml,application/xml;q=0.9,*/*;q=0.8", "Accept-Encoding": "gzip, deflate", "Accept-Language": "en-us,en;q=0.5"}}, {"format_id": "243", "url": "https://r7---sn-xjpm-q0nl.googlevideo.com/videoplayback?keepalive=yes&key=yt6&ip=131.159.40.117&dur=354.387&lmt=1497034608749031&id=o-ABYsnIG3htukCEu6F2FFldvwmhDhBjMNVB_8zD8gC5Nm&itag=243&requiressl=yes&ipbits=0&mn=sn-xjpm-q0nl&mm=31&ms=au&clen=9952430&mv=u&mt=1502236528&expire=1502258346&gir=yes&pl=16&source=youtube&signature=B941E4C52CCEC05F7ACE7024B2328B017B9AAC7C.9E826737DC9AE62763F64091169C591EC83A6525&mime=video%2Fwebm&ei=SlCKWaGuH8L2V8_5oogK&sparams=clen%2Cdur%2Cei%2Cgir%2Cid%2Cip%2Cipbits%2Citag%2Ckeepalive%2Clmt%2Cmime%2Cmm%2Cmn%2Cms%2Cmv%2Cpl%2Crequiressl%2Csource%2Cexpire&ratebypass=yes", "player_url": null, "ext": "webm", "height": 360, "format_note": "360p", "vcodec": "vp9", "filesize": 9952430, "tbr": 383.013, "width": 640, "fps": 30, "acodec": "none", "format": "243 - 640x360 (360p)", "protocol": "https", "http_headers": {"User-Agent": "Mozilla/5.0 (X11; Linux x86_64; rv:10.0) Gecko/20150101 Firefox/47.0 (Chrome)", "Accept-Charset": "ISO-8859-1,utf-8;q=0.7,*;q=0.7", "Accept": "text/html,application/xhtml+xml,application/xml;q=0.9,*/*;q=0.8", "Accept-Encoding": "gzip, deflate", "Accept-Language": "en-us,en;q=0.5"}}, {"ext": "mp4", "height": 480, "format_note": "DASH video", "vcodec": "avc1.4d401f", "format_id": "135", "url": "https://r7---sn-xjpm-q0nl.googlevideo.com/videoplayback?id=b7b8b92f34ae0826&itag=135&source=youtube&requiressl=yes&pl=16&mm=31&ms=au&ei=S1CKWY3rAsKOV5egqcAD&mv=u&mn=sn-xjpm-q0nl&ratebypass=yes&mime=video/mp4&gir=yes&clen=21771264&lmt=1428039509070489&dur=354.420&signature=3E3F488680BABE7CD1E6D545CFFF1367B30E6D97.68A30C49705D5F4489562E44D890B33C9C6FEE07&mt=1502236528&key=dg_yt0&ip=131.159.40.117&ipbits=0&expire=1502258347&sparams=ip,ipbits,expire,id,itag,source,requiressl,pl,mm,ms,ei,mv,mn,ratebypass,mime,gir,clen,lmt,dur", "manifest_url": "https://manifest.googlevideo.com/api/manifest/dash/requiressl/yes/expire/1502258347/source/youtube/signature/7B2DE6BA5C7C69AA9AFF5004001BB06D9BA95AB1.2E7015B74A5685E317984B691FA06063CD5DB27D/pl/16/hfr/1/ipbits/0/mm/31/itag/0/ms/au/ei/S1CKWY3rAsKOV5egqcAD/mv/u/ip/131.159.40.117/playback_host/r7---sn-xjpm-q0nl.googlevideo.com/mt/1502236528/key/yt6/id/b7b8b92f34ae0826/mn/sn-xjpm-q0nl/sparams/as%2Cei%2Chfr%2Cid%2Cip%2Cipbits%2Citag%2Cmm%2Cmn%2Cms%2Cmv%2Cpl%2Cplayback_host%2Crequiressl%2Csource%2Cexpire/as/fmp4_audio_clear%2Cfmp4_sd_hd_clear", "width": 854, "tbr": 557.24, "asr": null, "fps": 30, "language": null, "filesize": 21771264, "acodec": "none", "format": "135 - 854x480 (DASH video)", "protocol": "https", "http_headers": {"User-Agent": "Mozilla/5.0 (X11; Linux x86_64; rv:10.0) Gecko/20150101 Firefox/47.0 (Chrome)", "Accept-Charset": "ISO-8859-1,utf-8;q=0.7,*;q=0.7", "Accept": "text/html,application/xhtml+xml,application/xml;q=0.9,*/*;q=0.8", "Accept-Encoding": "gzip, deflate", "Accept-Language": "en-us,en;q=0.5"}}, {"format_id": "244", "url": "https://r7---sn-xjpm-q0nl.googlevideo.com/videoplayback?keepalive=yes&key=yt6&ip=131.159.40.117&dur=354.387&lmt=1497034632017315&id=o-ABYsnIG3htukCEu6F2FFldvwmhDhBjMNVB_8zD8gC5Nm&itag=244&requiressl=yes&ipbits=0&mn=sn-xjpm-q0nl&mm=31&ms=au&clen=16624929&mv=u&mt=1502236528&expire=1502258346&gir=yes&pl=16&source=youtube&signature=9C00869E6C802246BC387D18C8217648B63D9C6E.C7A718FFE3E47D7375ED91E54AACF310BDC29F80&mime=video%2Fwebm&ei=SlCKWaGuH8L2V8_5oogK&sparams=clen%2Cdur%2Cei%2Cgir%2Cid%2Cip%2Cipbits%2Citag%2Ckeepalive%2Clmt%2Cmime%2Cmm%2Cmn%2Cms%2Cmv%2Cpl%2Crequiressl%2Csource%2Cexpire&ratebypass=yes", "player_url": null, "ext": "webm", "height": 480, "format_note": "480p", "vcodec": "vp9", "filesize": 16624929, "tbr": 672.955, "width": 854, "fps": 30, "acodec": "none", "format": "244 - 854x480 (480p)", "protocol": "https", "http_headers": {"User-Agent": "Mozilla/5.0 (X11; Linux x86_64; rv:10.0) Gecko/20150101 Firefox/47.0 (Chrome)", "Accept-Charset": "ISO-8859-1,utf-8;q=0.7,*;q=0.7", "Accept": "text/html,application/xhtml+xml,application/xml;q=0.9,*/*;q=0.8", "Accept-Encoding": "gzip, deflate", "Accept-Language": "en-us,en;q=0.5"}}, {"format_id": "17", "url": "https://r7---sn-xjpm-q0nl.googlevideo.com/videoplayback?gir=yes&key=yt6&ip=131.159.40.117&pl=16&dur=354.568&lmt=1407163889425644&source=youtube&id=o-ABYsnIG3htukCEu6F2FFldvwmhDhBjMNVB_8zD8gC5Nm&sparams=clen%2Cdur%2Cei%2Cgir%2Cid%2Cip%2Cipbits%2Citag%2Clmt%2Cmime%2Cmm%2Cmn%2Cms%2Cmv%2Cpl%2Crequiressl%2Csource%2Cexpire&signature=099DAADDF1DC71DBC04B81C5D38C95F76B5272EF.9DF6C64210D7D74E3AEB40AD1B20694D318EC4B2&requiressl=yes&mime=video%2F3gpp&clen=3632247&ipbits=0&mn=sn-xjpm-q0nl&mm=31&ms=au&ei=SlCKWaGuH8L2V8_5oogK&mv=u&mt=1502236528&expire=1502258346&itag=17&ratebypass=yes", "player_url": null, "ext": "3gp", "width": 176, "height": 144, "acodec": "mp4a.40.2", "abr": 24, "vcodec": "mp4v.20.3", "resolution": "176x144", "format_note": "small", "format": "17 - 176x144 (small)", "protocol": "https", "http_headers": {"User-Agent": "Mozilla/5.0 (X11; Linux x86_64; rv:10.0) Gecko/20150101 Firefox/47.0 (Chrome)", "Accept-Charset": "ISO-8859-1,utf-8;q=0.7,*;q=0.7", "Accept": "text/html,application/xhtml+xml,application/xml;q=0.9,*/*;q=0.8", "Accept-Encoding": "gzip, deflate", "Accept-Language": "en-us,en;q=0.5"}}, {"format_id": "36", "url": "https://r7---sn-xjpm-q0nl.googlevideo.com/videoplayback?gir=yes&key=yt6&ip=131.159.40.117&pl=16&dur=354.615&lmt=1407163919565658&source=youtube&id=o-ABYsnIG3htukCEu6F2FFldvwmhDhBjMNVB_8zD8gC5Nm&sparams=clen%2Cdur%2Cei%2Cgir%2Cid%2Cip%2Cipbits%2Citag%2Clmt%2Cmime%2Cmm%2Cmn%2Cms%2Cmv%2Cpl%2Crequiressl%2Csource%2Cexpire&signature=7093A293836540E9C0184C8CCF16B10B9EDBFC30.3D78C69D88D66204202055F4B61914B97DE9AFC4&requiressl=yes&mime=video%2F3gpp&clen=10018035&ipbits=0&mn=sn-xjpm-q0nl&mm=31&ms=au&ei=SlCKWaGuH8L2V8_5oogK&mv=u&mt=1502236528&expire=1502258346&itag=36&ratebypass=yes", "player_url": null, "ext": "3gp", "width": 320, "acodec": "mp4a.40.2", "vcodec": "mp4v.20.3", "resolution": "320x180", "height": 180, "format_note": "small", "format": "36 - 320x180 (small)", "protocol": "https", "http_headers": {"User-Agent": "Mozilla/5.0 (X11; Linux x86_64; rv:10.0) Gecko/20150101 Firefox/47.0 (Chrome)", "Accept-Charset": "ISO-8859-1,utf-8;q=0.7,*;q=0.7", "Accept": "text/html,application/xhtml+xml,application/xml;q=0.9,*/*;q=0.8", "Accept-Encoding": "gzip, deflate", "Accept-Language": "en-us,en;q=0.5"}}, {"format_id": "43", "url": "https://r7---sn-xjpm-q0nl.googlevideo.com/videoplayback?key=yt6&ip=131.159.40.117&dur=0.000&lmt=1407187310329765&id=o-ABYsnIG3htukCEu6F2FFldvwmhDhBjMNVB_8zD8gC5Nm&itag=43&requiressl=yes&ipbits=0&mn=sn-xjpm-q0nl&mm=31&ms=au&ei=SlCKWaGuH8L2V8_5oogK&mv=u&mt=1502236528&expire=1502258346&gir=yes&ratebypass=yes&pl=16&source=youtube&signature=A8E53EF5B6FD5FC1C3AC562E132242A973DC75AD.0F63E323ADCE2DEA19D51AA09A227C3F3B3E90E7&mime=video%2Fwebm&clen=23010955&sparams=clen%2Cdur%2Cei%2Cgir%2Cid%2Cip%2Cipbits%2Citag%2Clmt%2Cmime%2Cmm%2Cmn%2Cms%2Cmv%2Cpl%2Cratebypass%2Crequiressl%2Csource%2Cexpire", "player_url": null, "ext": "webm", "width": 640, "height": 360, "acodec": "vorbis", "abr": 128, "vcodec": "vp8.0", "resolution": "640x360", "format_note": "medium", "format": "43 - 640x360 (medium)", "protocol": "https", "http_headers": {"User-Agent": "Mozilla/5.0 (X11; Linux x86_64; rv:10.0) Gecko/20150101 Firefox/47.0 (Chrome)", "Accept-Charset": "ISO-8859-1,utf-8;q=0.7,*;q=0.7", "Accept": "text/html,application/xhtml+xml,application/xml;q=0.9,*/*;q=0.8", "Accept-Encoding": "gzip, deflate", "Accept-Language": "en-us,en;q=0.5"}}, {"format_id": "18", "url": "https://r7---sn-xjpm-q0nl.googlevideo.com/videoplayback?key=yt6&ip=131.159.40.117&dur=354.475&lmt=1428039374858763&id=o-ABYsnIG3htukCEu6F2FFldvwmhDhBjMNVB_8zD8gC5Nm&itag=18&requiressl=yes&ipbits=0&mn=sn-xjpm-q0nl&mm=31&ms=au&ei=SlCKWaGuH8L2V8_5oogK&mv=u&mt=1502236528&expire=1502258346&gir=yes&ratebypass=yes&pl=16&source=youtube&signature=025A1C5A092A29CFF57A3A289D4CB4A83EDCA18D.1309377BE4DBE7444324CAC9316BC09F9E65B085&mime=video%2Fmp4&clen=16480137&sparams=clen%2Cdur%2Cei%2Cgir%2Cid%2Cip%2Cipbits%2Citag%2Clmt%2Cmime%2Cmm%2Cmn%2Cms%2Cmv%2Cpl%2Cratebypass%2Crequiressl%2Csource%2Cexpire", "player_url": null, "ext": "mp4", "width": 640, "height": 360, "acodec": "mp4a.40.2", "abr": 96, "vcodec": "avc1.42001E", "resolution": "640x360", "format_note": "medium", "format": "18 - 640x360 (medium)", "protocol": "https", "http_headers": {"User-Agent": "Mozilla/5.0 (X11; Linux x86_64; rv:10.0) Gecko/20150101 Firefox/47.0 (Chrome)", "Accept-Charset": "ISO-8859-1,utf-8;q=0.7,*;q=0.7", "Accept": "text/html,application/xhtml+xml,application/xml;q=0.9,*/*;q=0.8", "Accept-Encoding": "gzip, deflate", "Accept-Language": "en-us,en;q=0.5"}}], "is_live": null, "start_time": null, "end_time": null, "series": null, "season_number": null, "episode_number": null, "extractor": "youtube", "webpage_url_basename": "t7i5LzSuCCY", "extractor_key": "Youtube", "playlist": null, "playlist_index": null, "thumbnails": [{"url": "https://i.ytimg.com/vi/t7i5LzSuCCY/hqdefault.jpg", "id": "0"}], "display_id": "t7i5LzSuCCY", "ext": "mp4", "height": 480, "format_note": "DASH video", "vcodec": "avc1.4d401f", "format_id": "135", "url": "https://r7---sn-xjpm-q0nl.googlevideo.com/videoplayback?id=b7b8b92f34ae0826&itag=135&source=youtube&requiressl=yes&pl=16&mm=31&ms=au&ei=S1CKWY3rAsKOV5egqcAD&mv=u&mn=sn-xjpm-q0nl&ratebypass=yes&mime=video/mp4&gir=yes&clen=21771264&lmt=1428039509070489&dur=354.420&signature=3E3F488680BABE7CD1E6D545CFFF1367B30E6D97.68A30C49705D5F4489562E44D890B33C9C6FEE07&mt=1502236528&key=dg_yt0&ip=131.159.40.117&ipbits=0&expire=1502258347&sparams=ip,ipbits,expire,id,itag,source,requiressl,pl,mm,ms,ei,mv,mn,ratebypass,mime,gir,clen,lmt,dur", "manifest_url": "https://manifest.googlevideo.com/api/manifest/dash/requiressl/yes/expire/1502258347/source/youtube/signature/7B2DE6BA5C7C69AA9AFF5004001BB06D9BA95AB1.2E7015B74A5685E317984B691FA06063CD5DB27D/pl/16/hfr/1/ipbits/0/mm/31/itag/0/ms/au/ei/S1CKWY3rAsKOV5egqcAD/mv/u/ip/131.159.40.117/playback_host/r7---sn-xjpm-q0nl.googlevideo.com/mt/1502236528/key/yt6/id/b7b8b92f34ae0826/mn/sn-xjpm-q0nl/sparams/as%2Cei%2Chfr%2Cid%2Cip%2Cipbits%2Citag%2Cmm%2Cmn%2Cms%2Cmv%2Cpl%2Cplayback_host%2Crequiressl%2Csource%2Cexpire/as/fmp4_audio_clear%2Cfmp4_sd_hd_clear", "width": 854, "tbr": 557.24, "asr": null, "fps": 30, "language": null, "filesize": 21771264, "acodec": "none", "format": "135 - 854x480 (DASH video)", "protocol": "https", "http_headers": {"User-Agent": "Mozilla/5.0 (X11; Linux x86_64; rv:10.0) Gecko/20150101 Firefox/47.0 (Chrome)", "Accept-Charset": "ISO-8859-1,utf-8;q=0.7,*;q=0.7", "Accept": "text/html,application/xhtml+xml,application/xml;q=0.9,*/*;q=0.8", "Accept-Encoding": "gzip, deflate", "Accept-Language": "en-us,en;q=0.5"}, "fulltitle": "COMO FUNCIONA O C\u00c9REBRO DA PESSOA COM AUTISMO?", "_filename": "t7i5LzSuCCY.mp4"}