{"id": "LlVFy9dZwb4", "uploader": "ABS-CBN News", "uploader_id": "TheABSCBNNews", "uploader_url": "http://www.youtube.com/user/TheABSCBNNews", "upload_date": "20140217", "license": "Standard YouTube License", "creator": null, "title": "NAIA Expressway 2 project also starts", "alt_title": null, "thumbnail": "https://i.ytimg.com/vi/LlVFy9dZwb4/hqdefault.jpg", "description": "NAIA Expressway 2 project also starts\n\nSubscribe to the ABSCBNNews channel! - http://goo.gl/7lR5ep\nVisit our website at http://www.abs-cbnnews.com\nFacebook: https://www.facebook.com/abscbnNEWS\nTwitter: https://twitter.com/abscbnnews\n\nFor full episodes:\nhttp://www.iwantv.com.ph - Philippine viewers\nhttp://www.tfc.tv - outside Philippines", "categories": ["News & Politics"], "tags": ["naia expressway", "Philippines", "newscom segments", "Jacque Manabat", "Phase 2", "traffic", "pasahero", "Para\u00f1aque", "pasay", "Bandila", "Latest Videos", "construction", "youtube abscbn news", "DepEd", "Tonisito Umali", "Joy Albay", "Antonio Abad", "Julius Babao", "Karen Davila", "Cess Drilon", "Exclusive", "Latest News", "ABS-CBN", "ABS-CBN News", "News", "Philippine News", "2014"], "subtitles": {}, "automatic_captions": {}, "duration": 220, "age_limit": 0, "annotations": null, "chapters": null, "webpage_url": "https://www.youtube.com/watch?v=LlVFy9dZwb4", "view_count": 4418, "like_count": 5, "dislike_count": 1, "average_rating": 4.33333349228, "formats": [{"ext": "m4a", "format_note": "DASH audio", "acodec": "mp4a.40.5", "abr": 48, "container": "m4a_dash", "format_id": "139", "url": "https://r1---sn-4g5e6nlk.googlevideo.com/videoplayback?id=2e5545cbd759c1be&itag=139&source=youtube&requiressl=yes&mn=sn-4g5e6nlk&pl=16&mm=31&mv=m&initcwndbps=3517500&ms=au&ei=ePOJWeCmEpaOVLyasdgL&ratebypass=yes&mime=audio/mp4&gir=yes&clen=1307966&lmt=1392838110553212&dur=219.846&signature=647B323B437F0C50ABEDC30983CC42A6BD7F1349.775DD29E6343E938B40C4EF811D67B30A79C7F34&key=dg_yt0&mt=1502212895&ip=131.159.40.117&ipbits=0&expire=1502234584&sparams=ip,ipbits,expire,id,itag,source,requiressl,mn,pl,mm,mv,initcwndbps,ms,ei,ratebypass,mime,gir,clen,lmt,dur", "manifest_url": "https://manifest.googlevideo.com/api/manifest/dash/signature/CE686821B0772819E44B88B9973B3D429F0D9FB2.37757DD1631BB0E1C1EF2193B76A2E474CDBE5F9/ipbits/0/mn/sn-4g5e6nlk/pl/16/hfr/1/mm/31/playback_host/r1---sn-4g5e6nlk.googlevideo.com/mv/m/sparams/as%2Cei%2Chfr%2Cid%2Cinitcwndbps%2Cip%2Cipbits%2Citag%2Cmm%2Cmn%2Cms%2Cmv%2Cpl%2Cplayback_host%2Crequiressl%2Csource%2Cexpire/initcwndbps/3517500/ip/131.159.40.117/key/yt6/expire/1502234584/requiressl/yes/as/fmp4_audio_clear%2Cfmp4_sd_hd_clear/source/youtube/ms/au/id/2e5545cbd759c1be/ei/ePOJWeCmEpaOVLyasdgL/itag/0/mt/1502212895", "width": null, "height": null, "tbr": 48.554, "asr": 22050, "fps": null, "language": null, "filesize": 1307966, "vcodec": "none", "format": "139 - audio only (DASH audio)", "protocol": "https", "http_headers": {"User-Agent": "Mozilla/5.0 (X11; Linux x86_64; rv:10.0) Gecko/20150101 Firefox/47.0 (Chrome)", "Accept-Charset": "ISO-8859-1,utf-8;q=0.7,*;q=0.7", "Accept": "text/html,application/xhtml+xml,application/xml;q=0.9,*/*;q=0.8", "Accept-Encoding": "gzip, deflate", "Accept-Language": "en-us,en;q=0.5"}}, {"format_id": "249", "url": "https://r1---sn-4g5e6nlk.googlevideo.com/videoplayback?lmt=1426866420235643&ipbits=0&gir=yes&ms=au&requiressl=yes&mt=1502212895&pl=16&itag=249&id=o-AFqPWErdiKv1551yaMPUYwM9dbytL3i3qomcT_4huU0f&dur=219.641&mime=audio%2Fwebm&sparams=clen%2Cdur%2Cei%2Cgir%2Cid%2Cinitcwndbps%2Cip%2Cipbits%2Citag%2Ckeepalive%2Clmt%2Cmime%2Cmm%2Cmn%2Cms%2Cmv%2Cpl%2Crequiressl%2Csource%2Cexpire&mm=31&ip=131.159.40.117&mn=sn-4g5e6nlk&ei=d_OJWdHHM5a4Vv_Lp9AL&key=yt6&keepalive=yes&initcwndbps=3517500&expire=1502234584&mv=m&clen=1384518&source=youtube&signature=BD13B347E96E092AA9E7FB255DBE3697241D8467.4AD2340F9DB8BC8620F16F68F8E4708ABECD9EEC&ratebypass=yes", "player_url": null, "ext": "webm", "format_note": "DASH audio", "acodec": "opus", "abr": 50, "filesize": 1384518, "tbr": 53.03, "vcodec": "none", "format": "249 - audio only (DASH audio)", "protocol": "https", "http_headers": {"User-Agent": "Mozilla/5.0 (X11; Linux x86_64; rv:10.0) Gecko/20150101 Firefox/47.0 (Chrome)", "Accept-Charset": "ISO-8859-1,utf-8;q=0.7,*;q=0.7", "Accept": "text/html,application/xhtml+xml,application/xml;q=0.9,*/*;q=0.8", "Accept-Encoding": "gzip, deflate", "Accept-Language": "en-us,en;q=0.5"}}, {"format_id": "250", "url": "https://r1---sn-4g5e6nlk.googlevideo.com/videoplayback?lmt=1426866417859245&ipbits=0&gir=yes&ms=au&requiressl=yes&mt=1502212895&pl=16&itag=250&id=o-AFqPWErdiKv1551yaMPUYwM9dbytL3i3qomcT_4huU0f&dur=219.641&mime=audio%2Fwebm&sparams=clen%2Cdur%2Cei%2Cgir%2Cid%2Cinitcwndbps%2Cip%2Cipbits%2Citag%2Ckeepalive%2Clmt%2Cmime%2Cmm%2Cmn%2Cms%2Cmv%2Cpl%2Crequiressl%2Csource%2Cexpire&mm=31&ip=131.159.40.117&mn=sn-4g5e6nlk&ei=d_OJWdHHM5a4Vv_Lp9AL&key=yt6&keepalive=yes&initcwndbps=3517500&expire=1502234584&mv=m&clen=1650729&source=youtube&signature=54A2E4E1709141788F8B67593E0ED9957F66F027.5A4F5F79ED47EE000AA56244ECB431935D78562A&ratebypass=yes", "player_url": null, "ext": "webm", "format_note": "DASH audio", "acodec": "opus", "abr": 70, "filesize": 1650729, "tbr": 68.06, "vcodec": "none", "format": "250 - audio only (DASH audio)", "protocol": "https", "http_headers": {"User-Agent": "Mozilla/5.0 (X11; Linux x86_64; rv:10.0) Gecko/20150101 Firefox/47.0 (Chrome)", "Accept-Charset": "ISO-8859-1,utf-8;q=0.7,*;q=0.7", "Accept": "text/html,application/xhtml+xml,application/xml;q=0.9,*/*;q=0.8", "Accept-Encoding": "gzip, deflate", "Accept-Language": "en-us,en;q=0.5"}}, {"format_id": "171", "url": "https://r1---sn-4g5e6nlk.googlevideo.com/videoplayback?lmt=1426866423204564&ipbits=0&gir=yes&ms=au&requiressl=yes&mt=1502212895&pl=16&itag=171&id=o-AFqPWErdiKv1551yaMPUYwM9dbytL3i3qomcT_4huU0f&dur=219.630&mime=audio%2Fwebm&sparams=clen%2Cdur%2Cei%2Cgir%2Cid%2Cinitcwndbps%2Cip%2Cipbits%2Citag%2Ckeepalive%2Clmt%2Cmime%2Cmm%2Cmn%2Cms%2Cmv%2Cpl%2Crequiressl%2Csource%2Cexpire&mm=31&ip=131.159.40.117&mn=sn-4g5e6nlk&ei=d_OJWdHHM5a4Vv_Lp9AL&key=yt6&keepalive=yes&initcwndbps=3517500&expire=1502234584&mv=m&clen=2364154&source=youtube&signature=84B66FBBE85BF34F86124FDE5BEAB61A9BB240FA.2B0ED9AFAC53D031E99D2FB61A7AC16FF5D6E8FC&ratebypass=yes", "player_url": null, "ext": "webm", "acodec": "vorbis", "format_note": "DASH audio", "abr": 128, "filesize": 2364154, "tbr": 96.86, "vcodec": "none", "format": "171 - audio only (DASH audio)", "protocol": "https", "http_headers": {"User-Agent": "Mozilla/5.0 (X11; Linux x86_64; rv:10.0) Gecko/20150101 Firefox/47.0 (Chrome)", "Accept-Charset": "ISO-8859-1,utf-8;q=0.7,*;q=0.7", "Accept": "text/html,application/xhtml+xml,application/xml;q=0.9,*/*;q=0.8", "Accept-Encoding": "gzip, deflate", "Accept-Language": "en-us,en;q=0.5"}}, {"ext": "m4a", "format_note": "DASH audio", "acodec": "mp4a.40.2", "abr": 128, "container": "m4a_dash", "format_id": "140", "url": "https://r1---sn-4g5e6nlk.googlevideo.com/videoplayback?id=2e5545cbd759c1be&itag=140&source=youtube&requiressl=yes&mn=sn-4g5e6nlk&pl=16&mm=31&mv=m&initcwndbps=3517500&ms=au&ei=ePOJWeCmEpaOVLyasdgL&ratebypass=yes&mime=audio/mp4&gir=yes&clen=3490754&lmt=1392838109530235&dur=219.753&signature=0E2903AF32BDCB89434C7730E1D294BCB8D6F8AA.20E72442B09DC1E4E1813900804F95BB9675BC6E&key=dg_yt0&mt=1502212895&ip=131.159.40.117&ipbits=0&expire=1502234584&sparams=ip,ipbits,expire,id,itag,source,requiressl,mn,pl,mm,mv,initcwndbps,ms,ei,ratebypass,mime,gir,clen,lmt,dur", "manifest_url": "https://manifest.googlevideo.com/api/manifest/dash/signature/CE686821B0772819E44B88B9973B3D429F0D9FB2.37757DD1631BB0E1C1EF2193B76A2E474CDBE5F9/ipbits/0/mn/sn-4g5e6nlk/pl/16/hfr/1/mm/31/playback_host/r1---sn-4g5e6nlk.googlevideo.com/mv/m/sparams/as%2Cei%2Chfr%2Cid%2Cinitcwndbps%2Cip%2Cipbits%2Citag%2Cmm%2Cmn%2Cms%2Cmv%2Cpl%2Cplayback_host%2Crequiressl%2Csource%2Cexpire/initcwndbps/3517500/ip/131.159.40.117/key/yt6/expire/1502234584/requiressl/yes/as/fmp4_audio_clear%2Cfmp4_sd_hd_clear/source/youtube/ms/au/id/2e5545cbd759c1be/ei/ePOJWeCmEpaOVLyasdgL/itag/0/mt/1502212895", "width": null, "height": null, "tbr": 127.892, "asr": 44100, "fps": null, "language": null, "filesize": 3490754, "vcodec": "none", "format": "140 - audio only (DASH audio)", "protocol": "https", "http_headers": {"User-Agent": "Mozilla/5.0 (X11; Linux x86_64; rv:10.0) Gecko/20150101 Firefox/47.0 (Chrome)", "Accept-Charset": "ISO-8859-1,utf-8;q=0.7,*;q=0.7", "Accept": "text/html,application/xhtml+xml,application/xml;q=0.9,*/*;q=0.8", "Accept-Encoding": "gzip, deflate", "Accept-Language": "en-us,en;q=0.5"}}, {"format_id": "251", "url": "https://r1---sn-4g5e6nlk.googlevideo.com/videoplayback?lmt=1426866417601387&ipbits=0&gir=yes&ms=au&requiressl=yes&mt=1502212895&pl=16&itag=251&id=o-AFqPWErdiKv1551yaMPUYwM9dbytL3i3qomcT_4huU0f&dur=219.641&mime=audio%2Fwebm&sparams=clen%2Cdur%2Cei%2Cgir%2Cid%2Cinitcwndbps%2Cip%2Cipbits%2Citag%2Ckeepalive%2Clmt%2Cmime%2Cmm%2Cmn%2Cms%2Cmv%2Cpl%2Crequiressl%2Csource%2Cexpire&mm=31&ip=131.159.40.117&mn=sn-4g5e6nlk&ei=d_OJWdHHM5a4Vv_Lp9AL&key=yt6&keepalive=yes&initcwndbps=3517500&expire=1502234584&mv=m&clen=4490706&source=youtube&signature=3CA632A751FDBBE2BA6DA061BB4F2C4054BB3F0B.8976C071DFECEEF0A7D77DE7C464E697C4D82C2E&ratebypass=yes", "player_url": null, "ext": "webm", "format_note": "DASH audio", "acodec": "opus", "abr": 160, "filesize": 4490706, "tbr": 179.818, "vcodec": "none", "format": "251 - audio only (DASH audio)", "protocol": "https", "http_headers": {"User-Agent": "Mozilla/5.0 (X11; Linux x86_64; rv:10.0) Gecko/20150101 Firefox/47.0 (Chrome)", "Accept-Charset": "ISO-8859-1,utf-8;q=0.7,*;q=0.7", "Accept": "text/html,application/xhtml+xml,application/xml;q=0.9,*/*;q=0.8", "Accept-Encoding": "gzip, deflate", "Accept-Language": "en-us,en;q=0.5"}}, {"format_id": "278", "url": "https://r1---sn-4g5e6nlk.googlevideo.com/videoplayback?lmt=1426867128126683&ipbits=0&gir=yes&ms=au&requiressl=yes&mt=1502212895&pl=16&itag=278&id=o-AFqPWErdiKv1551yaMPUYwM9dbytL3i3qomcT_4huU0f&dur=219.600&mime=video%2Fwebm&sparams=clen%2Cdur%2Cei%2Cgir%2Cid%2Cinitcwndbps%2Cip%2Cipbits%2Citag%2Ckeepalive%2Clmt%2Cmime%2Cmm%2Cmn%2Cms%2Cmv%2Cpl%2Crequiressl%2Csource%2Cexpire&mm=31&ip=131.159.40.117&mn=sn-4g5e6nlk&ei=d_OJWdHHM5a4Vv_Lp9AL&key=yt6&keepalive=yes&initcwndbps=3517500&expire=1502234584&mv=m&clen=2535638&source=youtube&signature=10E27750B17A28ABC9BA684A0C3E304CFD291B48.06CD36B17BC27B885C8FD5BDAD5F281AF73414B9&ratebypass=yes", "player_url": null, "ext": "webm", "height": 144, "format_note": "144p", "container": "webm", "vcodec": "vp9", "filesize": 2535638, "tbr": 112.346, "width": 192, "fps": 15, "acodec": "none", "format": "278 - 192x144 (144p)", "protocol": "https", "http_headers": {"User-Agent": "Mozilla/5.0 (X11; Linux x86_64; rv:10.0) Gecko/20150101 Firefox/47.0 (Chrome)", "Accept-Charset": "ISO-8859-1,utf-8;q=0.7,*;q=0.7", "Accept": "text/html,application/xhtml+xml,application/xml;q=0.9,*/*;q=0.8", "Accept-Encoding": "gzip, deflate", "Accept-Language": "en-us,en;q=0.5"}}, {"ext": "mp4", "height": 144, "format_note": "DASH video", "vcodec": "avc1.4d400c", "format_id": "160", "url": "https://r1---sn-4g5e6nlk.googlevideo.com/videoplayback?id=2e5545cbd759c1be&itag=160&source=youtube&requiressl=yes&mn=sn-4g5e6nlk&pl=16&mm=31&mv=m&initcwndbps=3517500&ms=au&ei=ePOJWeCmEpaOVLyasdgL&ratebypass=yes&mime=video/mp4&gir=yes&clen=2958429&lmt=1392838135575799&dur=219.668&signature=5C28506D7FA5F13FCF376C52E5B0984B8112EBFC.4A0BDBB93AC696B9CA77AE2CFFF6FD59FEB1C32A&key=dg_yt0&mt=1502212895&ip=131.159.40.117&ipbits=0&expire=1502234584&sparams=ip,ipbits,expire,id,itag,source,requiressl,mn,pl,mm,mv,initcwndbps,ms,ei,ratebypass,mime,gir,clen,lmt,dur", "manifest_url": "https://manifest.googlevideo.com/api/manifest/dash/signature/CE686821B0772819E44B88B9973B3D429F0D9FB2.37757DD1631BB0E1C1EF2193B76A2E474CDBE5F9/ipbits/0/mn/sn-4g5e6nlk/pl/16/hfr/1/mm/31/playback_host/r1---sn-4g5e6nlk.googlevideo.com/mv/m/sparams/as%2Cei%2Chfr%2Cid%2Cinitcwndbps%2Cip%2Cipbits%2Citag%2Cmm%2Cmn%2Cms%2Cmv%2Cpl%2Cplayback_host%2Crequiressl%2Csource%2Cexpire/initcwndbps/3517500/ip/131.159.40.117/key/yt6/expire/1502234584/requiressl/yes/as/fmp4_audio_clear%2Cfmp4_sd_hd_clear/source/youtube/ms/au/id/2e5545cbd759c1be/ei/ePOJWeCmEpaOVLyasdgL/itag/0/mt/1502212895", "width": 192, "tbr": 112.806, "asr": null, "fps": 15, "language": null, "filesize": 2958429, "acodec": "none", "format": "160 - 192x144 (DASH video)", "protocol": "https", "http_headers": {"User-Agent": "Mozilla/5.0 (X11; Linux x86_64; rv:10.0) Gecko/20150101 Firefox/47.0 (Chrome)", "Accept-Charset": "ISO-8859-1,utf-8;q=0.7,*;q=0.7", "Accept": "text/html,application/xhtml+xml,application/xml;q=0.9,*/*;q=0.8", "Accept-Encoding": "gzip, deflate", "Accept-Language": "en-us,en;q=0.5"}}, {"ext": "mp4", "height": 240, "format_note": "DASH video", "vcodec": "avc1.4d400d", "format_id": "133", "url": "https://r1---sn-4g5e6nlk.googlevideo.com/videoplayback?id=2e5545cbd759c1be&itag=133&source=youtube&requiressl=yes&mn=sn-4g5e6nlk&pl=16&mm=31&mv=m&initcwndbps=3517500&ms=au&ei=ePOJWeCmEpaOVLyasdgL&ratebypass=yes&mime=video/mp4&gir=yes&clen=6708866&lmt=1392838148104211&dur=219.668&signature=34526C06B56147062AA0BBF0FD2FFCE6BB23C320.07A9E77EA071EFB320E1F8E4BDD88A9BAF6B06A2&key=dg_yt0&mt=1502212895&ip=131.159.40.117&ipbits=0&expire=1502234584&sparams=ip,ipbits,expire,id,itag,source,requiressl,mn,pl,mm,mv,initcwndbps,ms,ei,ratebypass,mime,gir,clen,lmt,dur", "manifest_url": "https://manifest.googlevideo.com/api/manifest/dash/signature/CE686821B0772819E44B88B9973B3D429F0D9FB2.37757DD1631BB0E1C1EF2193B76A2E474CDBE5F9/ipbits/0/mn/sn-4g5e6nlk/pl/16/hfr/1/mm/31/playback_host/r1---sn-4g5e6nlk.googlevideo.com/mv/m/sparams/as%2Cei%2Chfr%2Cid%2Cinitcwndbps%2Cip%2Cipbits%2Citag%2Cmm%2Cmn%2Cms%2Cmv%2Cpl%2Cplayback_host%2Crequiressl%2Csource%2Cexpire/initcwndbps/3517500/ip/131.159.40.117/key/yt6/expire/1502234584/requiressl/yes/as/fmp4_audio_clear%2Cfmp4_sd_hd_clear/source/youtube/ms/au/id/2e5545cbd759c1be/ei/ePOJWeCmEpaOVLyasdgL/itag/0/mt/1502212895", "width": 320, "tbr": 247.943, "asr": null, "fps": 30, "language": null, "filesize": 6708866, "acodec": "none", "format": "133 - 320x240 (DASH video)", "protocol": "https", "http_headers": {"User-Agent": "Mozilla/5.0 (X11; Linux x86_64; rv:10.0) Gecko/20150101 Firefox/47.0 (Chrome)", "Accept-Charset": "ISO-8859-1,utf-8;q=0.7,*;q=0.7", "Accept": "text/html,application/xhtml+xml,application/xml;q=0.9,*/*;q=0.8", "Accept-Encoding": "gzip, deflate", "Accept-Language": "en-us,en;q=0.5"}}, {"format_id": "242", "url": "https://r1---sn-4g5e6nlk.googlevideo.com/videoplayback?lmt=1426867010024894&ipbits=0&gir=yes&ms=au&requiressl=yes&mt=1502212895&pl=16&itag=242&id=o-AFqPWErdiKv1551yaMPUYwM9dbytL3i3qomcT_4huU0f&dur=219.600&mime=video%2Fwebm&sparams=clen%2Cdur%2Cei%2Cgir%2Cid%2Cinitcwndbps%2Cip%2Cipbits%2Citag%2Ckeepalive%2Clmt%2Cmime%2Cmm%2Cmn%2Cms%2Cmv%2Cpl%2Crequiressl%2Csource%2Cexpire&mm=31&ip=131.159.40.117&mn=sn-4g5e6nlk&ei=d_OJWdHHM5a4Vv_Lp9AL&key=yt6&keepalive=yes&initcwndbps=3517500&expire=1502234584&mv=m&clen=5315657&source=youtube&signature=132F194B101327FC5A5E4BEA04BD0AC6D9F9560A.D569EE26373779C4699BDB943F457456B51CF9E4&ratebypass=yes", "player_url": null, "ext": "webm", "height": 240, "format_note": "240p", "vcodec": "vp9", "filesize": 5315657, "tbr": 269.884, "width": 320, "fps": 30, "acodec": "none", "format": "242 - 320x240 (240p)", "protocol": "https", "http_headers": {"User-Agent": "Mozilla/5.0 (X11; Linux x86_64; rv:10.0) Gecko/20150101 Firefox/47.0 (Chrome)", "Accept-Charset": "ISO-8859-1,utf-8;q=0.7,*;q=0.7", "Accept": "text/html,application/xhtml+xml,application/xml;q=0.9,*/*;q=0.8", "Accept-Encoding": "gzip, deflate", "Accept-Language": "en-us,en;q=0.5"}}, {"format_id": "243", "url": "https://r1---sn-4g5e6nlk.googlevideo.com/videoplayback?lmt=1426867041381096&ipbits=0&gir=yes&ms=au&requiressl=yes&mt=1502212895&pl=16&itag=243&id=o-AFqPWErdiKv1551yaMPUYwM9dbytL3i3qomcT_4huU0f&dur=219.600&mime=video%2Fwebm&sparams=clen%2Cdur%2Cei%2Cgir%2Cid%2Cinitcwndbps%2Cip%2Cipbits%2Citag%2Ckeepalive%2Clmt%2Cmime%2Cmm%2Cmn%2Cms%2Cmv%2Cpl%2Crequiressl%2Csource%2Cexpire&mm=31&ip=131.159.40.117&mn=sn-4g5e6nlk&ei=d_OJWdHHM5a4Vv_Lp9AL&key=yt6&keepalive=yes&initcwndbps=3517500&expire=1502234584&mv=m&clen=9239062&source=youtube&signature=8B9BE15D5C29F8BF3C909BC49928E4B480688318.4A183440AF8D5F74936E764D9F414A712D5610E8&ratebypass=yes", "player_url": null, "ext": "webm", "height": 360, "format_note": "360p", "vcodec": "vp9", "filesize": 9239062, "tbr": 510.909, "width": 480, "fps": 30, "acodec": "none", "format": "243 - 480x360 (360p)", "protocol": "https", "http_headers": {"User-Agent": "Mozilla/5.0 (X11; Linux x86_64; rv:10.0) Gecko/20150101 Firefox/47.0 (Chrome)", "Accept-Charset": "ISO-8859-1,utf-8;q=0.7,*;q=0.7", "Accept": "text/html,application/xhtml+xml,application/xml;q=0.9,*/*;q=0.8", "Accept-Encoding": "gzip, deflate", "Accept-Language": "en-us,en;q=0.5"}}, {"ext": "mp4", "height": 360, "format_note": "DASH video", "vcodec": "avc1.4d401e", "format_id": "134", "url": "https://r1---sn-4g5e6nlk.googlevideo.com/videoplayback?id=2e5545cbd759c1be&itag=134&source=youtube&requiressl=yes&mn=sn-4g5e6nlk&pl=16&mm=31&mv=m&initcwndbps=3517500&ms=au&ei=ePOJWeCmEpaOVLyasdgL&ratebypass=yes&mime=video/mp4&gir=yes&clen=9078015&lmt=1392838126723603&dur=219.668&signature=075AD506355789D77013DF3BD4FA2146CCF11426.4076307C6F1C3AE774BAB02C253BFB796AFF27FF&key=dg_yt0&mt=1502212895&ip=131.159.40.117&ipbits=0&expire=1502234584&sparams=ip,ipbits,expire,id,itag,source,requiressl,mn,pl,mm,mv,initcwndbps,ms,ei,ratebypass,mime,gir,clen,lmt,dur", "manifest_url": "https://manifest.googlevideo.com/api/manifest/dash/signature/CE686821B0772819E44B88B9973B3D429F0D9FB2.37757DD1631BB0E1C1EF2193B76A2E474CDBE5F9/ipbits/0/mn/sn-4g5e6nlk/pl/16/hfr/1/mm/31/playback_host/r1---sn-4g5e6nlk.googlevideo.com/mv/m/sparams/as%2Cei%2Chfr%2Cid%2Cinitcwndbps%2Cip%2Cipbits%2Citag%2Cmm%2Cmn%2Cms%2Cmv%2Cpl%2Cplayback_host%2Crequiressl%2Csource%2Cexpire/initcwndbps/3517500/ip/131.159.40.117/key/yt6/expire/1502234584/requiressl/yes/as/fmp4_audio_clear%2Cfmp4_sd_hd_clear/source/youtube/ms/au/id/2e5545cbd759c1be/ei/ePOJWeCmEpaOVLyasdgL/itag/0/mt/1502212895", "width": 480, "tbr": 603.939, "asr": null, "fps": 30, "language": null, "filesize": 9078015, "acodec": "none", "format": "134 - 480x360 (DASH video)", "protocol": "https", "http_headers": {"User-Agent": "Mozilla/5.0 (X11; Linux x86_64; rv:10.0) Gecko/20150101 Firefox/47.0 (Chrome)", "Accept-Charset": "ISO-8859-1,utf-8;q=0.7,*;q=0.7", "Accept": "text/html,application/xhtml+xml,application/xml;q=0.9,*/*;q=0.8", "Accept-Encoding": "gzip, deflate", "Accept-Language": "en-us,en;q=0.5"}}, {"format_id": "244", "url": "https://r1---sn-4g5e6nlk.googlevideo.com/videoplayback?lmt=1426867216245460&ipbits=0&gir=yes&ms=au&requiressl=yes&mt=1502212895&pl=16&itag=244&id=o-AFqPWErdiKv1551yaMPUYwM9dbytL3i3qomcT_4huU0f&dur=219.600&mime=video%2Fwebm&sparams=clen%2Cdur%2Cei%2Cgir%2Cid%2Cinitcwndbps%2Cip%2Cipbits%2Citag%2Ckeepalive%2Clmt%2Cmime%2Cmm%2Cmn%2Cms%2Cmv%2Cpl%2Crequiressl%2Csource%2Cexpire&mm=31&ip=131.159.40.117&mn=sn-4g5e6nlk&ei=d_OJWdHHM5a4Vv_Lp9AL&key=yt6&keepalive=yes&initcwndbps=3517500&expire=1502234584&mv=m&clen=16780712&source=youtube&signature=16A25F4FA8D1B9400C5409BBC686FD9E88344991.34C3A731A085529717E323402E4B8D7538B54032&ratebypass=yes", "player_url": null, "ext": "webm", "height": 480, "format_note": "480p", "vcodec": "vp9", "filesize": 16780712, "tbr": 934.948, "width": 640, "fps": 30, "acodec": "none", "format": "244 - 640x480 (480p)", "protocol": "https", "http_headers": {"User-Agent": "Mozilla/5.0 (X11; Linux x86_64; rv:10.0) Gecko/20150101 Firefox/47.0 (Chrome)", "Accept-Charset": "ISO-8859-1,utf-8;q=0.7,*;q=0.7", "Accept": "text/html,application/xhtml+xml,application/xml;q=0.9,*/*;q=0.8", "Accept-Encoding": "gzip, deflate", "Accept-Language": "en-us,en;q=0.5"}}, {"ext": "mp4", "height": 480, "format_note": "DASH video", "vcodec": "avc1.4d401e", "format_id": "135", "url": "https://r1---sn-4g5e6nlk.googlevideo.com/videoplayback?id=2e5545cbd759c1be&itag=135&source=youtube&requiressl=yes&mn=sn-4g5e6nlk&pl=16&mm=31&mv=m&initcwndbps=3517500&ms=au&ei=ePOJWeCmEpaOVLyasdgL&ratebypass=yes&mime=video/mp4&gir=yes&clen=20461266&lmt=1392838121921048&dur=219.668&signature=8295A1EFFA03BF81ED5127F52732641568147E47.38A5B9D74BA3A40F74FC62B9F2E688A417B5D65D&key=dg_yt0&mt=1502212895&ip=131.159.40.117&ipbits=0&expire=1502234584&sparams=ip,ipbits,expire,id,itag,source,requiressl,mn,pl,mm,mv,initcwndbps,ms,ei,ratebypass,mime,gir,clen,lmt,dur", "manifest_url": "https://manifest.googlevideo.com/api/manifest/dash/signature/CE686821B0772819E44B88B9973B3D429F0D9FB2.37757DD1631BB0E1C1EF2193B76A2E474CDBE5F9/ipbits/0/mn/sn-4g5e6nlk/pl/16/hfr/1/mm/31/playback_host/r1---sn-4g5e6nlk.googlevideo.com/mv/m/sparams/as%2Cei%2Chfr%2Cid%2Cinitcwndbps%2Cip%2Cipbits%2Citag%2Cmm%2Cmn%2Cms%2Cmv%2Cpl%2Cplayback_host%2Crequiressl%2Csource%2Cexpire/initcwndbps/3517500/ip/131.159.40.117/key/yt6/expire/1502234584/requiressl/yes/as/fmp4_audio_clear%2Cfmp4_sd_hd_clear/source/youtube/ms/au/id/2e5545cbd759c1be/ei/ePOJWeCmEpaOVLyasdgL/itag/0/mt/1502212895", "width": 640, "tbr": 1104.974, "asr": null, "fps": 30, "language": null, "filesize": 20461266, "acodec": "none", "format": "135 - 640x480 (DASH video)", "protocol": "https", "http_headers": {"User-Agent": "Mozilla/5.0 (X11; Linux x86_64; rv:10.0) Gecko/20150101 Firefox/47.0 (Chrome)", "Accept-Charset": "ISO-8859-1,utf-8;q=0.7,*;q=0.7", "Accept": "text/html,application/xhtml+xml,application/xml;q=0.9,*/*;q=0.8", "Accept-Encoding": "gzip, deflate", "Accept-Language": "en-us,en;q=0.5"}}, {"format_id": "17", "url": "https://r1---sn-4g5e6nlk.googlevideo.com/videoplayback?lmt=1392838139601980&ipbits=0&gir=yes&ms=au&requiressl=yes&mt=1502212895&pl=16&itag=17&id=o-AFqPWErdiKv1551yaMPUYwM9dbytL3i3qomcT_4huU0f&dur=220.078&mime=video%2F3gpp&sparams=clen%2Cdur%2Cei%2Cgir%2Cid%2Cinitcwndbps%2Cip%2Cipbits%2Citag%2Clmt%2Cmime%2Cmm%2Cmn%2Cms%2Cmv%2Cpl%2Crequiressl%2Csource%2Cexpire&mm=31&ip=131.159.40.117&mn=sn-4g5e6nlk&ei=d_OJWdHHM5a4Vv_Lp9AL&key=yt6&initcwndbps=3517500&expire=1502234584&mv=m&clen=2251639&source=youtube&signature=895EDCD51698B0E91FD45D145E7C47B4E289443A.12D3F86C72EEEA1D41D135FEFEE0A4233E6BC49E&ratebypass=yes", "player_url": null, "ext": "3gp", "width": 176, "height": 144, "acodec": "mp4a.40.2", "abr": 24, "vcodec": "mp4v.20.3", "resolution": "176x144", "format_note": "small", "format": "17 - 176x144 (small)", "protocol": "https", "http_headers": {"User-Agent": "Mozilla/5.0 (X11; Linux x86_64; rv:10.0) Gecko/20150101 Firefox/47.0 (Chrome)", "Accept-Charset": "ISO-8859-1,utf-8;q=0.7,*;q=0.7", "Accept": "text/html,application/xhtml+xml,application/xml;q=0.9,*/*;q=0.8", "Accept-Encoding": "gzip, deflate", "Accept-Language": "en-us,en;q=0.5"}}, {"format_id": "36", "url": "https://r1---sn-4g5e6nlk.googlevideo.com/videoplayback?lmt=1392838158548330&ipbits=0&gir=yes&ms=au&requiressl=yes&mt=1502212895&pl=16&itag=36&id=o-AFqPWErdiKv1551yaMPUYwM9dbytL3i3qomcT_4huU0f&dur=219.892&mime=video%2F3gpp&sparams=clen%2Cdur%2Cei%2Cgir%2Cid%2Cinitcwndbps%2Cip%2Cipbits%2Citag%2Clmt%2Cmime%2Cmm%2Cmn%2Cms%2Cmv%2Cpl%2Crequiressl%2Csource%2Cexpire&mm=31&ip=131.159.40.117&mn=sn-4g5e6nlk&ei=d_OJWdHHM5a4Vv_Lp9AL&key=yt6&initcwndbps=3517500&expire=1502234584&mv=m&clen=6205990&source=youtube&signature=7DE0F69A39273B3544955C2CD6F920299B39F56F.0F0918FA4EF766E24C79773C7D595FD57B076108&ratebypass=yes", "player_url": null, "ext": "3gp", "width": 320, "acodec": "mp4a.40.2", "vcodec": "mp4v.20.3", "resolution": "320x240", "height": 240, "format_note": "small", "format": "36 - 320x240 (small)", "protocol": "https", "http_headers": {"User-Agent": "Mozilla/5.0 (X11; Linux x86_64; rv:10.0) Gecko/20150101 Firefox/47.0 (Chrome)", "Accept-Charset": "ISO-8859-1,utf-8;q=0.7,*;q=0.7", "Accept": "text/html,application/xhtml+xml,application/xml;q=0.9,*/*;q=0.8", "Accept-Encoding": "gzip, deflate", "Accept-Language": "en-us,en;q=0.5"}}, {"format_id": "18", "url": "https://r1---sn-4g5e6nlk.googlevideo.com/videoplayback?lmt=1392838139597818&ipbits=0&gir=yes&ms=au&requiressl=yes&mt=1502212895&pl=16&itag=18&id=o-AFqPWErdiKv1551yaMPUYwM9dbytL3i3qomcT_4huU0f&dur=219.753&mime=video%2Fmp4&sparams=clen%2Cdur%2Cei%2Cgir%2Cid%2Cinitcwndbps%2Cip%2Cipbits%2Citag%2Clmt%2Cmime%2Cmm%2Cmn%2Cms%2Cmv%2Cpl%2Cratebypass%2Crequiressl%2Csource%2Cexpire&mm=31&ip=131.159.40.117&mn=sn-4g5e6nlk&ei=d_OJWdHHM5a4Vv_Lp9AL&key=yt6&initcwndbps=3517500&expire=1502234584&ratebypass=yes&mv=m&clen=16039393&source=youtube&signature=5A4A0DC41B9FF631F797F3EA90B2B406A6B69738.2A7A38509F0BA1E49CB1C973705E7D64E94ABF78", "player_url": null, "ext": "mp4", "width": 480, "height": 360, "acodec": "mp4a.40.2", "abr": 96, "vcodec": "avc1.42001E", "resolution": "480x360", "format_note": "medium", "format": "18 - 480x360 (medium)", "protocol": "https", "http_headers": {"User-Agent": "Mozilla/5.0 (X11; Linux x86_64; rv:10.0) Gecko/20150101 Firefox/47.0 (Chrome)", "Accept-Charset": "ISO-8859-1,utf-8;q=0.7,*;q=0.7", "Accept": "text/html,application/xhtml+xml,application/xml;q=0.9,*/*;q=0.8", "Accept-Encoding": "gzip, deflate", "Accept-Language": "en-us,en;q=0.5"}}, {"format_id": "43", "url": "https://r1---sn-4g5e6nlk.googlevideo.com/videoplayback?lmt=1392660740473882&ipbits=0&gir=yes&ms=au&requiressl=yes&mt=1502212895&pl=16&itag=43&id=o-AFqPWErdiKv1551yaMPUYwM9dbytL3i3qomcT_4huU0f&dur=0.000&mime=video%2Fwebm&sparams=clen%2Cdur%2Cei%2Cgir%2Cid%2Cinitcwndbps%2Cip%2Cipbits%2Citag%2Clmt%2Cmime%2Cmm%2Cmn%2Cms%2Cmv%2Cpl%2Cratebypass%2Crequiressl%2Csource%2Cexpire&mm=31&ip=131.159.40.117&mn=sn-4g5e6nlk&ei=d_OJWdHHM5a4Vv_Lp9AL&key=yt6&initcwndbps=3517500&expire=1502234584&ratebypass=yes&mv=m&clen=23014839&source=youtube&signature=BB3CC435162AE82BAA23E2866B9BBA5C97DCF76F.4EDB4A832D50AA73B1CA75BCB5812DA540348B8A", "player_url": null, "ext": "webm", "width": 640, "height": 360, "acodec": "vorbis", "abr": 128, "vcodec": "vp8.0", "resolution": "640x360", "format_note": "medium", "format": "43 - 640x360 (medium)", "protocol": "https", "http_headers": {"User-Agent": "Mozilla/5.0 (X11; Linux x86_64; rv:10.0) Gecko/20150101 Firefox/47.0 (Chrome)", "Accept-Charset": "ISO-8859-1,utf-8;q=0.7,*;q=0.7", "Accept": "text/html,application/xhtml+xml,application/xml;q=0.9,*/*;q=0.8", "Accept-Encoding": "gzip, deflate", "Accept-Language": "en-us,en;q=0.5"}}], "is_live": null, "start_time": null, "end_time": null, "series": null, "season_number": null, "episode_number": null, "extractor": "youtube", "webpage_url_basename": "LlVFy9dZwb4", "extractor_key": "Youtube", "playlist": null, "playlist_index": null, "thumbnails": [{"url": "https://i.ytimg.com/vi/LlVFy9dZwb4/hqdefault.jpg", "id": "0"}], "display_id": "LlVFy9dZwb4", "ext": "mp4", "height": 480, "format_note": "DASH video", "vcodec": "avc1.4d401e", "format_id": "135", "url": "https://r1---sn-4g5e6nlk.googlevideo.com/videoplayback?id=2e5545cbd759c1be&itag=135&source=youtube&requiressl=yes&mn=sn-4g5e6nlk&pl=16&mm=31&mv=m&initcwndbps=3517500&ms=au&ei=ePOJWeCmEpaOVLyasdgL&ratebypass=yes&mime=video/mp4&gir=yes&clen=20461266&lmt=1392838121921048&dur=219.668&signature=8295A1EFFA03BF81ED5127F52732641568147E47.38A5B9D74BA3A40F74FC62B9F2E688A417B5D65D&key=dg_yt0&mt=1502212895&ip=131.159.40.117&ipbits=0&expire=1502234584&sparams=ip,ipbits,expire,id,itag,source,requiressl,mn,pl,mm,mv,initcwndbps,ms,ei,ratebypass,mime,gir,clen,lmt,dur", "manifest_url": "https://manifest.googlevideo.com/api/manifest/dash/signature/CE686821B0772819E44B88B9973B3D429F0D9FB2.37757DD1631BB0E1C1EF2193B76A2E474CDBE5F9/ipbits/0/mn/sn-4g5e6nlk/pl/16/hfr/1/mm/31/playback_host/r1---sn-4g5e6nlk.googlevideo.com/mv/m/sparams/as%2Cei%2Chfr%2Cid%2Cinitcwndbps%2Cip%2Cipbits%2Citag%2Cmm%2Cmn%2Cms%2Cmv%2Cpl%2Cplayback_host%2Crequiressl%2Csource%2Cexpire/initcwndbps/3517500/ip/131.159.40.117/key/yt6/expire/1502234584/requiressl/yes/as/fmp4_audio_clear%2Cfmp4_sd_hd_clear/source/youtube/ms/au/id/2e5545cbd759c1be/ei/ePOJWeCmEpaOVLyasdgL/itag/0/mt/1502212895", "width": 640, "tbr": 1104.974, "asr": null, "fps": 30, "language": null, "filesize": 20461266, "acodec": "none", "format": "135 - 640x480 (DASH video)", "protocol": "https", "http_headers": {"User-Agent": "Mozilla/5.0 (X11; Linux x86_64; rv:10.0) Gecko/20150101 Firefox/47.0 (Chrome)", "Accept-Charset": "ISO-8859-1,utf-8;q=0.7,*;q=0.7", "Accept": "text/html,application/xhtml+xml,application/xml;q=0.9,*/*;q=0.8", "Accept-Encoding": "gzip, deflate", "Accept-Language": "en-us,en;q=0.5"}, "fulltitle": "NAIA Expressway 2 project also starts", "_filename": "LlVFy9dZwb4.mp4"}