{"id": "L6zdY9Kd6jM", "uploader": "tribunadamassafb", "uploader_id": "tribunadamassafb", "uploader_url": "http://www.youtube.com/user/tribunadamassafb", "upload_date": "20131112", "license": "Standard YouTube License", "creator": null, "title": "NOVOS SOLDADOS DA PM INICIAM CURSO DE FORMA\u00c7\u00c3O", "alt_title": null, "thumbnail": "https://i.ytimg.com/vi/L6zdY9Kd6jM/hqdefault.jpg", "description": "Tribuna da Massa Manh\u00e3 - Novos soldados da PM iniciam curso de forma\u00e7\u00e3o - Francisco Beltr\u00e3o 12 de novembro de 2013", "categories": ["People & Blogs"], "tags": [], "subtitles": {}, "automatic_captions": {}, "duration": 303, "age_limit": 0, "annotations": null, "chapters": null, "webpage_url": "https://www.youtube.com/watch?v=L6zdY9Kd6jM", "view_count": 9215, "like_count": 31, "dislike_count": 4, "average_rating": 4.5428571701, "formats": [{"ext": "m4a", "format_note": "DASH audio", "acodec": "mp4a.40.5", "abr": 48, "container": "m4a_dash", "format_id": "139", "url": "https://r5---sn-xjpm-q0nl.googlevideo.com/videoplayback?id=2facdd63d29dea33&itag=139&source=youtube&requiressl=yes&pl=16&mn=sn-xjpm-q0nl&mm=31&ei=m0GKWYXkKobKcsqkpbgO&mv=u&ms=au&ratebypass=yes&mime=audio/mp4&gir=yes&clen=1804022&lmt=1384277736842983&dur=303.252&signature=4A3A144C8F83EB40C06F337DA5FEDA4E07D092BB.67CB8FB08FA809E7B1ADAEE00E136DE555B9A7CF&key=dg_yt0&mt=1502232487&ip=131.159.40.117&ipbits=0&expire=1502254587&sparams=ip,ipbits,expire,id,itag,source,requiressl,pl,mn,mm,ei,mv,ms,ratebypass,mime,gir,clen,lmt,dur", "manifest_url": "https://manifest.googlevideo.com/api/manifest/dash/requiressl/yes/id/2facdd63d29dea33/pl/16/mn/sn-xjpm-q0nl/mm/31/playback_host/r5---sn-xjpm-q0nl.googlevideo.com/sparams/as%2Cei%2Chfr%2Cid%2Cip%2Cipbits%2Citag%2Cmm%2Cmn%2Cms%2Cmv%2Cpl%2Cplayback_host%2Crequiressl%2Csource%2Cexpire/ei/m0GKWYXkKobKcsqkpbgO/ip/131.159.40.117/as/fmp4_audio_clear%2Cfmp4_sd_hd_clear/signature/AC214DCF05ED5A1F6C1A5190550A2B6FE27A646F.6C05C20E2A47924EE2108F85AAACD0629D6A2FA3/mv/u/expire/1502254587/key/yt6/itag/0/source/youtube/ms/au/mt/1502232487/hfr/1/ipbits/0", "width": null, "height": null, "tbr": 48.561, "asr": 22050, "fps": null, "language": null, "filesize": 1804022, "vcodec": "none", "format": "139 - audio only (DASH audio)", "protocol": "https", "http_headers": {"User-Agent": "Mozilla/5.0 (X11; Linux x86_64; rv:10.0) Gecko/20150101 Firefox/47.0 (Chrome)", "Accept-Charset": "ISO-8859-1,utf-8;q=0.7,*;q=0.7", "Accept": "text/html,application/xhtml+xml,application/xml;q=0.9,*/*;q=0.8", "Accept-Encoding": "gzip, deflate", "Accept-Language": "en-us,en;q=0.5"}}, {"format_id": "249", "url": "https://r5---sn-xjpm-q0nl.googlevideo.com/videoplayback?key=yt6&gir=yes&mime=audio%2Fwebm&signature=038DD79C2923B36611C3961AC6FBF0917F97AB33.9E42C3A1527EC126BEC83FFAABD7D8BFF5731EEF&clen=1931026&itag=249&dur=303.081&ipbits=0&expire=1502254587&requiressl=yes&ip=131.159.40.117&mv=u&sparams=clen%2Cdur%2Cei%2Cgir%2Cid%2Cip%2Cipbits%2Citag%2Ckeepalive%2Clmt%2Cmime%2Cmm%2Cmn%2Cms%2Cmv%2Cpl%2Crequiressl%2Csource%2Cexpire&mt=1502232487&ms=au&mn=sn-xjpm-q0nl&mm=31&pl=16&id=o-APUH0kYG31RNTR5eZdz_8g2FDyP9UzKrTDaEu1nIs6-e&lmt=1421920868790794&source=youtube&keepalive=yes&ei=m0GKWYK6CsmkcriHvJgJ&ratebypass=yes", "player_url": null, "ext": "webm", "format_note": "DASH audio", "acodec": "opus", "abr": 50, "filesize": 1931026, "tbr": 52.439, "vcodec": "none", "format": "249 - audio only (DASH audio)", "protocol": "https", "http_headers": {"User-Agent": "Mozilla/5.0 (X11; Linux x86_64; rv:10.0) Gecko/20150101 Firefox/47.0 (Chrome)", "Accept-Charset": "ISO-8859-1,utf-8;q=0.7,*;q=0.7", "Accept": "text/html,application/xhtml+xml,application/xml;q=0.9,*/*;q=0.8", "Accept-Encoding": "gzip, deflate", "Accept-Language": "en-us,en;q=0.5"}}, {"format_id": "250", "url": "https://r5---sn-xjpm-q0nl.googlevideo.com/videoplayback?key=yt6&gir=yes&mime=audio%2Fwebm&signature=B80A3CCA85FBEFFD2ACC09048EA089E1DC239A3F.A892A497193246EEA23D2B3B7C235AC7292DDBBA&clen=2268135&itag=250&dur=303.081&ipbits=0&expire=1502254587&requiressl=yes&ip=131.159.40.117&mv=u&sparams=clen%2Cdur%2Cei%2Cgir%2Cid%2Cip%2Cipbits%2Citag%2Ckeepalive%2Clmt%2Cmime%2Cmm%2Cmn%2Cms%2Cmv%2Cpl%2Crequiressl%2Csource%2Cexpire&mt=1502232487&ms=au&mn=sn-xjpm-q0nl&mm=31&pl=16&id=o-APUH0kYG31RNTR5eZdz_8g2FDyP9UzKrTDaEu1nIs6-e&lmt=1421920902497627&source=youtube&keepalive=yes&ei=m0GKWYK6CsmkcriHvJgJ&ratebypass=yes", "player_url": null, "ext": "webm", "format_note": "DASH audio", "acodec": "opus", "abr": 70, "filesize": 2268135, "tbr": 63.246, "vcodec": "none", "format": "250 - audio only (DASH audio)", "protocol": "https", "http_headers": {"User-Agent": "Mozilla/5.0 (X11; Linux x86_64; rv:10.0) Gecko/20150101 Firefox/47.0 (Chrome)", "Accept-Charset": "ISO-8859-1,utf-8;q=0.7,*;q=0.7", "Accept": "text/html,application/xhtml+xml,application/xml;q=0.9,*/*;q=0.8", "Accept-Encoding": "gzip, deflate", "Accept-Language": "en-us,en;q=0.5"}}, {"format_id": "171", "url": "https://r5---sn-xjpm-q0nl.googlevideo.com/videoplayback?key=yt6&gir=yes&mime=audio%2Fwebm&signature=5F860C0D6F2284A2896F52A6FCE719AEC57E9F2A.3E883B0E592EEE857944779FC7F72D52B98F0AA4&clen=3388164&itag=171&dur=303.070&ipbits=0&expire=1502254587&requiressl=yes&ip=131.159.40.117&mv=u&sparams=clen%2Cdur%2Cei%2Cgir%2Cid%2Cip%2Cipbits%2Citag%2Ckeepalive%2Clmt%2Cmime%2Cmm%2Cmn%2Cms%2Cmv%2Cpl%2Crequiressl%2Csource%2Cexpire&mt=1502232487&ms=au&mn=sn-xjpm-q0nl&mm=31&pl=16&id=o-APUH0kYG31RNTR5eZdz_8g2FDyP9UzKrTDaEu1nIs6-e&lmt=1421921113730137&source=youtube&keepalive=yes&ei=m0GKWYK6CsmkcriHvJgJ&ratebypass=yes", "player_url": null, "ext": "webm", "acodec": "vorbis", "format_note": "DASH audio", "abr": 128, "filesize": 3388164, "tbr": 95.616, "vcodec": "none", "format": "171 - audio only (DASH audio)", "protocol": "https", "http_headers": {"User-Agent": "Mozilla/5.0 (X11; Linux x86_64; rv:10.0) Gecko/20150101 Firefox/47.0 (Chrome)", "Accept-Charset": "ISO-8859-1,utf-8;q=0.7,*;q=0.7", "Accept": "text/html,application/xhtml+xml,application/xml;q=0.9,*/*;q=0.8", "Accept-Encoding": "gzip, deflate", "Accept-Language": "en-us,en;q=0.5"}}, {"ext": "m4a", "format_note": "DASH audio", "acodec": "mp4a.40.2", "abr": 128, "container": "m4a_dash", "format_id": "140", "url": "https://r5---sn-xjpm-q0nl.googlevideo.com/videoplayback?id=2facdd63d29dea33&itag=140&source=youtube&requiressl=yes&pl=16&mn=sn-xjpm-q0nl&mm=31&ei=m0GKWYXkKobKcsqkpbgO&mv=u&ms=au&ratebypass=yes&mime=audio/mp4&gir=yes&clen=4815483&lmt=1384277733533254&dur=303.159&signature=2695AF0F91EF9A41F960C7B798AF75F3EC8E95C0.69F661094D6AE99333649E2A8BA2EF75676DCF5F&key=dg_yt0&mt=1502232487&ip=131.159.40.117&ipbits=0&expire=1502254587&sparams=ip,ipbits,expire,id,itag,source,requiressl,pl,mn,mm,ei,mv,ms,ratebypass,mime,gir,clen,lmt,dur", "manifest_url": "https://manifest.googlevideo.com/api/manifest/dash/requiressl/yes/id/2facdd63d29dea33/pl/16/mn/sn-xjpm-q0nl/mm/31/playback_host/r5---sn-xjpm-q0nl.googlevideo.com/sparams/as%2Cei%2Chfr%2Cid%2Cip%2Cipbits%2Citag%2Cmm%2Cmn%2Cms%2Cmv%2Cpl%2Cplayback_host%2Crequiressl%2Csource%2Cexpire/ei/m0GKWYXkKobKcsqkpbgO/ip/131.159.40.117/as/fmp4_audio_clear%2Cfmp4_sd_hd_clear/signature/AC214DCF05ED5A1F6C1A5190550A2B6FE27A646F.6C05C20E2A47924EE2108F85AAACD0629D6A2FA3/mv/u/expire/1502254587/key/yt6/itag/0/source/youtube/ms/au/mt/1502232487/hfr/1/ipbits/0", "width": null, "height": null, "tbr": 127.996, "asr": 44100, "fps": null, "language": null, "filesize": 4815483, "vcodec": "none", "format": "140 - audio only (DASH audio)", "protocol": "https", "http_headers": {"User-Agent": "Mozilla/5.0 (X11; Linux x86_64; rv:10.0) Gecko/20150101 Firefox/47.0 (Chrome)", "Accept-Charset": "ISO-8859-1,utf-8;q=0.7,*;q=0.7", "Accept": "text/html,application/xhtml+xml,application/xml;q=0.9,*/*;q=0.8", "Accept-Encoding": "gzip, deflate", "Accept-Language": "en-us,en;q=0.5"}}, {"format_id": "251", "url": "https://r5---sn-xjpm-q0nl.googlevideo.com/videoplayback?key=yt6&gir=yes&mime=audio%2Fwebm&signature=3C18E18E661BA0B82EF2DB106EFE73B37861D9AA.82BC9DE044EE17D4094B3CC3F56176F20F9A2A2D&clen=5058916&itag=251&dur=303.081&ipbits=0&expire=1502254587&requiressl=yes&ip=131.159.40.117&mv=u&sparams=clen%2Cdur%2Cei%2Cgir%2Cid%2Cip%2Cipbits%2Citag%2Ckeepalive%2Clmt%2Cmime%2Cmm%2Cmn%2Cms%2Cmv%2Cpl%2Crequiressl%2Csource%2Cexpire&mt=1502232487&ms=au&mn=sn-xjpm-q0nl&mm=31&pl=16&id=o-APUH0kYG31RNTR5eZdz_8g2FDyP9UzKrTDaEu1nIs6-e&lmt=1421920974123081&source=youtube&keepalive=yes&ei=m0GKWYK6CsmkcriHvJgJ&ratebypass=yes", "player_url": null, "ext": "webm", "format_note": "DASH audio", "acodec": "opus", "abr": 160, "filesize": 5058916, "tbr": 140.765, "vcodec": "none", "format": "251 - audio only (DASH audio)", "protocol": "https", "http_headers": {"User-Agent": "Mozilla/5.0 (X11; Linux x86_64; rv:10.0) Gecko/20150101 Firefox/47.0 (Chrome)", "Accept-Charset": "ISO-8859-1,utf-8;q=0.7,*;q=0.7", "Accept": "text/html,application/xhtml+xml,application/xml;q=0.9,*/*;q=0.8", "Accept-Encoding": "gzip, deflate", "Accept-Language": "en-us,en;q=0.5"}}, {"format_id": "278", "url": "https://r5---sn-xjpm-q0nl.googlevideo.com/videoplayback?key=yt6&gir=yes&mime=video%2Fwebm&signature=F90C73E4A2B45410C5DFF2593BCF2EC94B3B35.14E3A0C2451B08123A0B2CB9FE89BF26A931D969&clen=2338051&itag=278&dur=303.036&ipbits=0&expire=1502254587&requiressl=yes&ip=131.159.40.117&mv=u&sparams=clen%2Cdur%2Cei%2Cgir%2Cid%2Cip%2Cipbits%2Citag%2Ckeepalive%2Clmt%2Cmime%2Cmm%2Cmn%2Cms%2Cmv%2Cpl%2Crequiressl%2Csource%2Cexpire&mt=1502232487&ms=au&mn=sn-xjpm-q0nl&mm=31&pl=16&id=o-APUH0kYG31RNTR5eZdz_8g2FDyP9UzKrTDaEu1nIs6-e&lmt=1421920945761198&source=youtube&keepalive=yes&ei=m0GKWYK6CsmkcriHvJgJ&ratebypass=yes", "player_url": null, "ext": "webm", "height": 144, "format_note": "144p", "container": "webm", "vcodec": "vp9", "filesize": 2338051, "tbr": 83.425, "width": 192, "fps": 15, "acodec": "none", "format": "278 - 192x144 (144p)", "protocol": "https", "http_headers": {"User-Agent": "Mozilla/5.0 (X11; Linux x86_64; rv:10.0) Gecko/20150101 Firefox/47.0 (Chrome)", "Accept-Charset": "ISO-8859-1,utf-8;q=0.7,*;q=0.7", "Accept": "text/html,application/xhtml+xml,application/xml;q=0.9,*/*;q=0.8", "Accept-Encoding": "gzip, deflate", "Accept-Language": "en-us,en;q=0.5"}}, {"ext": "mp4", "height": 144, "format_note": "DASH video", "vcodec": "avc1.42c00c", "format_id": "160", "url": "https://r5---sn-xjpm-q0nl.googlevideo.com/videoplayback?id=2facdd63d29dea33&itag=160&source=youtube&requiressl=yes&pl=16&mn=sn-xjpm-q0nl&mm=31&ei=m0GKWYXkKobKcsqkpbgO&mv=u&ms=au&ratebypass=yes&mime=video/mp4&gir=yes&clen=4302843&lmt=1384277734669147&dur=303.069&signature=557DCA5B9D2F4D35D115589F818A1C558EB8D0C7.671152735E433FDD3A8E5EEE8344B93356A5F96A&key=dg_yt0&mt=1502232487&ip=131.159.40.117&ipbits=0&expire=1502254587&sparams=ip,ipbits,expire,id,itag,source,requiressl,pl,mn,mm,ei,mv,ms,ratebypass,mime,gir,clen,lmt,dur", "manifest_url": "https://manifest.googlevideo.com/api/manifest/dash/requiressl/yes/id/2facdd63d29dea33/pl/16/mn/sn-xjpm-q0nl/mm/31/playback_host/r5---sn-xjpm-q0nl.googlevideo.com/sparams/as%2Cei%2Chfr%2Cid%2Cip%2Cipbits%2Citag%2Cmm%2Cmn%2Cms%2Cmv%2Cpl%2Cplayback_host%2Crequiressl%2Csource%2Cexpire/ei/m0GKWYXkKobKcsqkpbgO/ip/131.159.40.117/as/fmp4_audio_clear%2Cfmp4_sd_hd_clear/signature/AC214DCF05ED5A1F6C1A5190550A2B6FE27A646F.6C05C20E2A47924EE2108F85AAACD0629D6A2FA3/mv/u/expire/1502254587/key/yt6/itag/0/source/youtube/ms/au/mt/1502232487/hfr/1/ipbits/0", "width": 192, "tbr": 115.62, "asr": null, "fps": 15, "language": null, "filesize": 4302843, "acodec": "none", "format": "160 - 192x144 (DASH video)", "protocol": "https", "http_headers": {"User-Agent": "Mozilla/5.0 (X11; Linux x86_64; rv:10.0) Gecko/20150101 Firefox/47.0 (Chrome)", "Accept-Charset": "ISO-8859-1,utf-8;q=0.7,*;q=0.7", "Accept": "text/html,application/xhtml+xml,application/xml;q=0.9,*/*;q=0.8", "Accept-Encoding": "gzip, deflate", "Accept-Language": "en-us,en;q=0.5"}}, {"format_id": "242", "url": "https://r5---sn-xjpm-q0nl.googlevideo.com/videoplayback?key=yt6&gir=yes&mime=video%2Fwebm&signature=16A8F8DE237095C32BF31442C67BE8DA95125CE4.5262B038D33CEE534DA9A520E17B221426A7A858&clen=3381809&itag=242&dur=303.036&ipbits=0&expire=1502254587&requiressl=yes&ip=131.159.40.117&mv=u&sparams=clen%2Cdur%2Cei%2Cgir%2Cid%2Cip%2Cipbits%2Citag%2Ckeepalive%2Clmt%2Cmime%2Cmm%2Cmn%2Cms%2Cmv%2Cpl%2Crequiressl%2Csource%2Cexpire&mt=1502232487&ms=au&mn=sn-xjpm-q0nl&mm=31&pl=16&id=o-APUH0kYG31RNTR5eZdz_8g2FDyP9UzKrTDaEu1nIs6-e&lmt=1421920950175846&source=youtube&keepalive=yes&ei=m0GKWYK6CsmkcriHvJgJ&ratebypass=yes", "player_url": null, "ext": "webm", "height": 240, "format_note": "240p", "vcodec": "vp9", "filesize": 3381809, "tbr": 182.161, "width": 320, "fps": 30, "acodec": "none", "format": "242 - 320x240 (240p)", "protocol": "https", "http_headers": {"User-Agent": "Mozilla/5.0 (X11; Linux x86_64; rv:10.0) Gecko/20150101 Firefox/47.0 (Chrome)", "Accept-Charset": "ISO-8859-1,utf-8;q=0.7,*;q=0.7", "Accept": "text/html,application/xhtml+xml,application/xml;q=0.9,*/*;q=0.8", "Accept-Encoding": "gzip, deflate", "Accept-Language": "en-us,en;q=0.5"}}, {"ext": "mp4", "height": 240, "format_note": "DASH video", "vcodec": "avc1.4d400d", "format_id": "133", "url": "https://r5---sn-xjpm-q0nl.googlevideo.com/videoplayback?id=2facdd63d29dea33&itag=133&source=youtube&requiressl=yes&pl=16&mn=sn-xjpm-q0nl&mm=31&ei=m0GKWYXkKobKcsqkpbgO&mv=u&ms=au&ratebypass=yes&mime=video/mp4&gir=yes&clen=9253984&lmt=1384277735773859&dur=303.069&signature=53DB588D0DDABEAF9E2364FCA12803207EE088EE.792100CE3DC0E6545F34D8CBF5C20FCF7CBFBF1C&key=dg_yt0&mt=1502232487&ip=131.159.40.117&ipbits=0&expire=1502254587&sparams=ip,ipbits,expire,id,itag,source,requiressl,pl,mn,mm,ei,mv,ms,ratebypass,mime,gir,clen,lmt,dur", "manifest_url": "https://manifest.googlevideo.com/api/manifest/dash/requiressl/yes/id/2facdd63d29dea33/pl/16/mn/sn-xjpm-q0nl/mm/31/playback_host/r5---sn-xjpm-q0nl.googlevideo.com/sparams/as%2Cei%2Chfr%2Cid%2Cip%2Cipbits%2Citag%2Cmm%2Cmn%2Cms%2Cmv%2Cpl%2Cplayback_host%2Crequiressl%2Csource%2Cexpire/ei/m0GKWYXkKobKcsqkpbgO/ip/131.159.40.117/as/fmp4_audio_clear%2Cfmp4_sd_hd_clear/signature/AC214DCF05ED5A1F6C1A5190550A2B6FE27A646F.6C05C20E2A47924EE2108F85AAACD0629D6A2FA3/mv/u/expire/1502254587/key/yt6/itag/0/source/youtube/ms/au/mt/1502232487/hfr/1/ipbits/0", "width": 320, "tbr": 252.391, "asr": null, "fps": 30, "language": null, "filesize": 9253984, "acodec": "none", "format": "133 - 320x240 (DASH video)", "protocol": "https", "http_headers": {"User-Agent": "Mozilla/5.0 (X11; Linux x86_64; rv:10.0) Gecko/20150101 Firefox/47.0 (Chrome)", "Accept-Charset": "ISO-8859-1,utf-8;q=0.7,*;q=0.7", "Accept": "text/html,application/xhtml+xml,application/xml;q=0.9,*/*;q=0.8", "Accept-Encoding": "gzip, deflate", "Accept-Language": "en-us,en;q=0.5"}}, {"format_id": "243", "url": "https://r5---sn-xjpm-q0nl.googlevideo.com/videoplayback?key=yt6&gir=yes&mime=video%2Fwebm&signature=79C0A6C41C94C628BBFAE785D9D709C9894AA23B.6FD16BFBB6FAFC6515B508ED33563EE4F63FA91B&clen=5841769&itag=243&dur=303.036&ipbits=0&expire=1502254587&requiressl=yes&ip=131.159.40.117&mv=u&sparams=clen%2Cdur%2Cei%2Cgir%2Cid%2Cip%2Cipbits%2Citag%2Ckeepalive%2Clmt%2Cmime%2Cmm%2Cmn%2Cms%2Cmv%2Cpl%2Crequiressl%2Csource%2Cexpire&mt=1502232487&ms=au&mn=sn-xjpm-q0nl&mm=31&pl=16&id=o-APUH0kYG31RNTR5eZdz_8g2FDyP9UzKrTDaEu1nIs6-e&lmt=1421920997699950&source=youtube&keepalive=yes&ei=m0GKWYK6CsmkcriHvJgJ&ratebypass=yes", "player_url": null, "ext": "webm", "height": 360, "format_note": "360p", "vcodec": "vp9", "filesize": 5841769, "tbr": 290.686, "width": 480, "fps": 30, "acodec": "none", "format": "243 - 480x360 (360p)", "protocol": "https", "http_headers": {"User-Agent": "Mozilla/5.0 (X11; Linux x86_64; rv:10.0) Gecko/20150101 Firefox/47.0 (Chrome)", "Accept-Charset": "ISO-8859-1,utf-8;q=0.7,*;q=0.7", "Accept": "text/html,application/xhtml+xml,application/xml;q=0.9,*/*;q=0.8", "Accept-Encoding": "gzip, deflate", "Accept-Language": "en-us,en;q=0.5"}}, {"ext": "mp4", "height": 360, "format_note": "DASH video", "vcodec": "avc1.4d401e", "format_id": "134", "url": "https://r5---sn-xjpm-q0nl.googlevideo.com/videoplayback?id=2facdd63d29dea33&itag=134&source=youtube&requiressl=yes&pl=16&mn=sn-xjpm-q0nl&mm=31&ei=m0GKWYXkKobKcsqkpbgO&mv=u&ms=au&ratebypass=yes&mime=video/mp4&gir=yes&clen=12084860&lmt=1384277737944020&dur=303.069&signature=8C4167AB59B1A640E06BEA5263D82D7D7EFF2059.80037CFAB2EC98973A6B341D2B47A6EC47DA417C&key=dg_yt0&mt=1502232487&ip=131.159.40.117&ipbits=0&expire=1502254587&sparams=ip,ipbits,expire,id,itag,source,requiressl,pl,mn,mm,ei,mv,ms,ratebypass,mime,gir,clen,lmt,dur", "manifest_url": "https://manifest.googlevideo.com/api/manifest/dash/requiressl/yes/id/2facdd63d29dea33/pl/16/mn/sn-xjpm-q0nl/mm/31/playback_host/r5---sn-xjpm-q0nl.googlevideo.com/sparams/as%2Cei%2Chfr%2Cid%2Cip%2Cipbits%2Citag%2Cmm%2Cmn%2Cms%2Cmv%2Cpl%2Cplayback_host%2Crequiressl%2Csource%2Cexpire/ei/m0GKWYXkKobKcsqkpbgO/ip/131.159.40.117/as/fmp4_audio_clear%2Cfmp4_sd_hd_clear/signature/AC214DCF05ED5A1F6C1A5190550A2B6FE27A646F.6C05C20E2A47924EE2108F85AAACD0629D6A2FA3/mv/u/expire/1502254587/key/yt6/itag/0/source/youtube/ms/au/mt/1502232487/hfr/1/ipbits/0", "width": 480, "tbr": 421.591, "asr": null, "fps": 30, "language": null, "filesize": 12084860, "acodec": "none", "format": "134 - 480x360 (DASH video)", "protocol": "https", "http_headers": {"User-Agent": "Mozilla/5.0 (X11; Linux x86_64; rv:10.0) Gecko/20150101 Firefox/47.0 (Chrome)", "Accept-Charset": "ISO-8859-1,utf-8;q=0.7,*;q=0.7", "Accept": "text/html,application/xhtml+xml,application/xml;q=0.9,*/*;q=0.8", "Accept-Encoding": "gzip, deflate", "Accept-Language": "en-us,en;q=0.5"}}, {"format_id": "244", "url": "https://r5---sn-xjpm-q0nl.googlevideo.com/videoplayback?key=yt6&gir=yes&mime=video%2Fwebm&signature=350D99F0D21DE04A49E7037BA26D0EB256E3D1E5.5A2BA2C57889EA075583FFD9E373BC505C5F3DAE&clen=10554341&itag=244&dur=303.036&ipbits=0&expire=1502254587&requiressl=yes&ip=131.159.40.117&mv=u&sparams=clen%2Cdur%2Cei%2Cgir%2Cid%2Cip%2Cipbits%2Citag%2Ckeepalive%2Clmt%2Cmime%2Cmm%2Cmn%2Cms%2Cmv%2Cpl%2Crequiressl%2Csource%2Cexpire&mt=1502232487&ms=au&mn=sn-xjpm-q0nl&mm=31&pl=16&id=o-APUH0kYG31RNTR5eZdz_8g2FDyP9UzKrTDaEu1nIs6-e&lmt=1421921021850551&source=youtube&keepalive=yes&ei=m0GKWYK6CsmkcriHvJgJ&ratebypass=yes", "player_url": null, "ext": "webm", "height": 480, "format_note": "480p", "vcodec": "vp9", "filesize": 10554341, "tbr": 516.146, "width": 640, "fps": 30, "acodec": "none", "format": "244 - 640x480 (480p)", "protocol": "https", "http_headers": {"User-Agent": "Mozilla/5.0 (X11; Linux x86_64; rv:10.0) Gecko/20150101 Firefox/47.0 (Chrome)", "Accept-Charset": "ISO-8859-1,utf-8;q=0.7,*;q=0.7", "Accept": "text/html,application/xhtml+xml,application/xml;q=0.9,*/*;q=0.8", "Accept-Encoding": "gzip, deflate", "Accept-Language": "en-us,en;q=0.5"}}, {"ext": "mp4", "height": 480, "format_note": "DASH video", "vcodec": "avc1.4d401e", "format_id": "135", "url": "https://r5---sn-xjpm-q0nl.googlevideo.com/videoplayback?id=2facdd63d29dea33&itag=135&source=youtube&requiressl=yes&pl=16&mn=sn-xjpm-q0nl&mm=31&ei=m0GKWYXkKobKcsqkpbgO&mv=u&ms=au&ratebypass=yes&mime=video/mp4&gir=yes&clen=25253871&lmt=1384277737943397&dur=303.069&signature=5D6565AB97D698ACFFAC7C1C8112D7527335231A.8CFD724CBDE64DDC1F6E09354D544E0ECFCCB9DC&key=dg_yt0&mt=1502232487&ip=131.159.40.117&ipbits=0&expire=1502254587&sparams=ip,ipbits,expire,id,itag,source,requiressl,pl,mn,mm,ei,mv,ms,ratebypass,mime,gir,clen,lmt,dur", "manifest_url": "https://manifest.googlevideo.com/api/manifest/dash/requiressl/yes/id/2facdd63d29dea33/pl/16/mn/sn-xjpm-q0nl/mm/31/playback_host/r5---sn-xjpm-q0nl.googlevideo.com/sparams/as%2Cei%2Chfr%2Cid%2Cip%2Cipbits%2Citag%2Cmm%2Cmn%2Cms%2Cmv%2Cpl%2Cplayback_host%2Crequiressl%2Csource%2Cexpire/ei/m0GKWYXkKobKcsqkpbgO/ip/131.159.40.117/as/fmp4_audio_clear%2Cfmp4_sd_hd_clear/signature/AC214DCF05ED5A1F6C1A5190550A2B6FE27A646F.6C05C20E2A47924EE2108F85AAACD0629D6A2FA3/mv/u/expire/1502254587/key/yt6/itag/0/source/youtube/ms/au/mt/1502232487/hfr/1/ipbits/0", "width": 640, "tbr": 792.671, "asr": null, "fps": 30, "language": null, "filesize": 25253871, "acodec": "none", "format": "135 - 640x480 (DASH video)", "protocol": "https", "http_headers": {"User-Agent": "Mozilla/5.0 (X11; Linux x86_64; rv:10.0) Gecko/20150101 Firefox/47.0 (Chrome)", "Accept-Charset": "ISO-8859-1,utf-8;q=0.7,*;q=0.7", "Accept": "text/html,application/xhtml+xml,application/xml;q=0.9,*/*;q=0.8", "Accept-Encoding": "gzip, deflate", "Accept-Language": "en-us,en;q=0.5"}}, {"format_id": "17", "url": "https://r5---sn-xjpm-q0nl.googlevideo.com/videoplayback?requiressl=yes&ip=131.159.40.117&mv=u&sparams=clen%2Cdur%2Cei%2Cgir%2Cid%2Cip%2Cipbits%2Citag%2Clmt%2Cmime%2Cmm%2Cmn%2Cms%2Cmv%2Cpl%2Crequiressl%2Csource%2Cexpire&mt=1502232487&ms=au&gir=yes&mime=video%2F3gpp&mn=sn-xjpm-q0nl&mm=31&pl=16&id=o-APUH0kYG31RNTR5eZdz_8g2FDyP9UzKrTDaEu1nIs6-e&signature=8DEDA715F36A9B1B0A5E7039E00F9D075B75B32E.86A1EAC3CB5DAEA9E512E85825D2EEC3FBA2F1AF&clen=3122305&lmt=1384277784646601&itag=17&source=youtube&key=yt6&dur=303.486&ipbits=0&expire=1502254587&ei=m0GKWYK6CsmkcriHvJgJ&ratebypass=yes", "player_url": null, "ext": "3gp", "width": 176, "height": 144, "acodec": "mp4a.40.2", "abr": 24, "vcodec": "mp4v.20.3", "resolution": "176x144", "format_note": "small", "format": "17 - 176x144 (small)", "protocol": "https", "http_headers": {"User-Agent": "Mozilla/5.0 (X11; Linux x86_64; rv:10.0) Gecko/20150101 Firefox/47.0 (Chrome)", "Accept-Charset": "ISO-8859-1,utf-8;q=0.7,*;q=0.7", "Accept": "text/html,application/xhtml+xml,application/xml;q=0.9,*/*;q=0.8", "Accept-Encoding": "gzip, deflate", "Accept-Language": "en-us,en;q=0.5"}}, {"format_id": "36", "url": "https://r5---sn-xjpm-q0nl.googlevideo.com/videoplayback?requiressl=yes&ip=131.159.40.117&mv=u&sparams=clen%2Cdur%2Cei%2Cgir%2Cid%2Cip%2Cipbits%2Citag%2Clmt%2Cmime%2Cmm%2Cmn%2Cms%2Cmv%2Cpl%2Crequiressl%2Csource%2Cexpire&mt=1502232487&ms=au&gir=yes&mime=video%2F3gpp&mn=sn-xjpm-q0nl&mm=31&pl=16&id=o-APUH0kYG31RNTR5eZdz_8g2FDyP9UzKrTDaEu1nIs6-e&signature=889D21836471D8968C8721805B11D6BFAC6A3F9D.6DD67D17803005A6EBDC353A0A2DADCD791FEE5D&clen=8532314&lmt=1384277822046535&itag=36&source=youtube&key=yt6&dur=303.300&ipbits=0&expire=1502254587&ei=m0GKWYK6CsmkcriHvJgJ&ratebypass=yes", "player_url": null, "ext": "3gp", "width": 320, "acodec": "mp4a.40.2", "vcodec": "mp4v.20.3", "resolution": "320x240", "height": 240, "format_note": "small", "format": "36 - 320x240 (small)", "protocol": "https", "http_headers": {"User-Agent": "Mozilla/5.0 (X11; Linux x86_64; rv:10.0) Gecko/20150101 Firefox/47.0 (Chrome)", "Accept-Charset": "ISO-8859-1,utf-8;q=0.7,*;q=0.7", "Accept": "text/html,application/xhtml+xml,application/xml;q=0.9,*/*;q=0.8", "Accept-Encoding": "gzip, deflate", "Accept-Language": "en-us,en;q=0.5"}}, {"format_id": "18", "url": "https://r5---sn-xjpm-q0nl.googlevideo.com/videoplayback?key=yt6&gir=yes&mime=video%2Fmp4&signature=7BC5A5BB3D837001D20444D41C04DD7686E70285.3E66CD968F22F3803673076F5C9F229407F5FF20&clen=14204438&itag=18&dur=303.159&ipbits=0&expire=1502254587&ratebypass=yes&requiressl=yes&ip=131.159.40.117&mv=u&sparams=clen%2Cdur%2Cei%2Cgir%2Cid%2Cip%2Cipbits%2Citag%2Clmt%2Cmime%2Cmm%2Cmn%2Cms%2Cmv%2Cpl%2Cratebypass%2Crequiressl%2Csource%2Cexpire&mt=1502232487&ms=au&mn=sn-xjpm-q0nl&mm=31&pl=16&id=o-APUH0kYG31RNTR5eZdz_8g2FDyP9UzKrTDaEu1nIs6-e&lmt=1384277737943766&source=youtube&ei=m0GKWYK6CsmkcriHvJgJ", "player_url": null, "ext": "mp4", "width": 480, "height": 360, "acodec": "mp4a.40.2", "abr": 96, "vcodec": "avc1.42001E", "resolution": "480x360", "format_note": "medium", "format": "18 - 480x360 (medium)", "protocol": "https", "http_headers": {"User-Agent": "Mozilla/5.0 (X11; Linux x86_64; rv:10.0) Gecko/20150101 Firefox/47.0 (Chrome)", "Accept-Charset": "ISO-8859-1,utf-8;q=0.7,*;q=0.7", "Accept": "text/html,application/xhtml+xml,application/xml;q=0.9,*/*;q=0.8", "Accept-Encoding": "gzip, deflate", "Accept-Language": "en-us,en;q=0.5"}}, {"format_id": "43", "url": "https://r5---sn-xjpm-q0nl.googlevideo.com/videoplayback?key=yt6&gir=yes&mime=video%2Fwebm&signature=052B6172E2BFCDD87C2B9E660F5A3E86850FC0FB.CFAC9506C2E9BDBFBA0CE6EF809641B9B2C32441&clen=17617849&itag=43&dur=0.000&ipbits=0&expire=1502254587&ratebypass=yes&requiressl=yes&ip=131.159.40.117&mv=u&sparams=clen%2Cdur%2Cei%2Cgir%2Cid%2Cip%2Cipbits%2Citag%2Clmt%2Cmime%2Cmm%2Cmn%2Cms%2Cmv%2Cpl%2Cratebypass%2Crequiressl%2Csource%2Cexpire&mt=1502232487&ms=au&mn=sn-xjpm-q0nl&mm=31&pl=16&id=o-APUH0kYG31RNTR5eZdz_8g2FDyP9UzKrTDaEu1nIs6-e&lmt=1384286539617834&source=youtube&ei=m0GKWYK6CsmkcriHvJgJ", "player_url": null, "ext": "webm", "width": 640, "height": 360, "acodec": "vorbis", "abr": 128, "vcodec": "vp8.0", "resolution": "640x360", "format_note": "medium", "format": "43 - 640x360 (medium)", "protocol": "https", "http_headers": {"User-Agent": "Mozilla/5.0 (X11; Linux x86_64; rv:10.0) Gecko/20150101 Firefox/47.0 (Chrome)", "Accept-Charset": "ISO-8859-1,utf-8;q=0.7,*;q=0.7", "Accept": "text/html,application/xhtml+xml,application/xml;q=0.9,*/*;q=0.8", "Accept-Encoding": "gzip, deflate", "Accept-Language": "en-us,en;q=0.5"}}], "is_live": null, "start_time": null, "end_time": null, "series": null, "season_number": null, "episode_number": null, "extractor": "youtube", "webpage_url_basename": "L6zdY9Kd6jM", "extractor_key": "Youtube", "playlist": null, "playlist_index": null, "thumbnails": [{"url": "https://i.ytimg.com/vi/L6zdY9Kd6jM/hqdefault.jpg", "id": "0"}], "display_id": "L6zdY9Kd6jM", "ext": "mp4", "height": 480, "format_note": "DASH video", "vcodec": "avc1.4d401e", "format_id": "135", "url": "https://r5---sn-xjpm-q0nl.googlevideo.com/videoplayback?id=2facdd63d29dea33&itag=135&source=youtube&requiressl=yes&pl=16&mn=sn-xjpm-q0nl&mm=31&ei=m0GKWYXkKobKcsqkpbgO&mv=u&ms=au&ratebypass=yes&mime=video/mp4&gir=yes&clen=25253871&lmt=1384277737943397&dur=303.069&signature=5D6565AB97D698ACFFAC7C1C8112D7527335231A.8CFD724CBDE64DDC1F6E09354D544E0ECFCCB9DC&key=dg_yt0&mt=1502232487&ip=131.159.40.117&ipbits=0&expire=1502254587&sparams=ip,ipbits,expire,id,itag,source,requiressl,pl,mn,mm,ei,mv,ms,ratebypass,mime,gir,clen,lmt,dur", "manifest_url": "https://manifest.googlevideo.com/api/manifest/dash/requiressl/yes/id/2facdd63d29dea33/pl/16/mn/sn-xjpm-q0nl/mm/31/playback_host/r5---sn-xjpm-q0nl.googlevideo.com/sparams/as%2Cei%2Chfr%2Cid%2Cip%2Cipbits%2Citag%2Cmm%2Cmn%2Cms%2Cmv%2Cpl%2Cplayback_host%2Crequiressl%2Csource%2Cexpire/ei/m0GKWYXkKobKcsqkpbgO/ip/131.159.40.117/as/fmp4_audio_clear%2Cfmp4_sd_hd_clear/signature/AC214DCF05ED5A1F6C1A5190550A2B6FE27A646F.6C05C20E2A47924EE2108F85AAACD0629D6A2FA3/mv/u/expire/1502254587/key/yt6/itag/0/source/youtube/ms/au/mt/1502232487/hfr/1/ipbits/0", "width": 640, "tbr": 792.671, "asr": null, "fps": 30, "language": null, "filesize": 25253871, "acodec": "none", "format": "135 - 640x480 (DASH video)", "protocol": "https", "http_headers": {"User-Agent": "Mozilla/5.0 (X11; Linux x86_64; rv:10.0) Gecko/20150101 Firefox/47.0 (Chrome)", "Accept-Charset": "ISO-8859-1,utf-8;q=0.7,*;q=0.7", "Accept": "text/html,application/xhtml+xml,application/xml;q=0.9,*/*;q=0.8", "Accept-Encoding": "gzip, deflate", "Accept-Language": "en-us,en;q=0.5"}, "fulltitle": "NOVOS SOLDADOS DA PM INICIAM CURSO DE FORMA\u00c7\u00c3O", "_filename": "L6zdY9Kd6jM.mp4"}