{"id": "xQi1olDt7oo", "uploader": "LightmistikTwo", "uploader_id": "LightmistikTwo", "uploader_url": "http://www.youtube.com/user/LightmistikTwo", "upload_date": "20130813", "license": "Standard YouTube License", "creator": null, "title": "Deborah Schirru & Chiara Perale - Aspettando CalcioMercato 13.8.2013", "alt_title": null, "thumbnail": "https://i.ytimg.com/vi/xQi1olDt7oo/maxresdefault.jpg", "description": "", "categories": ["People & Blogs"], "tags": ["Deborah Schirru & Chiara Perale Aspettando CalcioMercato 13 8 2013"], "subtitles": {}, "automatic_captions": {}, "duration": 299, "age_limit": 0, "annotations": null, "chapters": null, "webpage_url": "https://www.youtube.com/watch?v=xQi1olDt7oo", "view_count": 3850, "like_count": 2, "dislike_count": 0, "average_rating": 5.0, "formats": [{"ext": "m4a", "format_note": "DASH audio", "acodec": "mp4a.40.5", "abr": 48, "container": "m4a_dash", "format_id": "139", "url": "https://r8---sn-4g57knez.googlevideo.com/videoplayback?id=c508b5a250edee8a&itag=139&source=youtube&requiressl=yes&pl=16&mv=m&initcwndbps=3216250&ei=-Q2KWc3gK5jqVI2TlKAB&ms=au&mm=31&mn=sn-4g57knez&ratebypass=yes&mime=audio/mp4&gir=yes&clen=1780205&lmt=1376477920418958&dur=299.258&signature=36957A123DEEA6433E2604CC1EDA2A7B38E8AE9F.23A0DB0A1FFF5FAFACA887411A8F85E648B305E2&mt=1502219645&key=dg_yt0&ip=131.159.40.117&ipbits=0&expire=1502241369&sparams=ip,ipbits,expire,id,itag,source,requiressl,pl,mv,initcwndbps,ei,ms,mm,mn,ratebypass,mime,gir,clen,lmt,dur", "manifest_url": "https://manifest.googlevideo.com/api/manifest/dash/signature/9532D508B68AE0AE2C99128C8EC9C2402059FC42.48CC757060832F94FE2EE1D11C916D26AB92854A/source/youtube/pl/16/mv/m/expire/1502241369/as/fmp4_audio_clear%2Cfmp4_sd_hd_clear/mt/1502219645/initcwndbps/3216250/itag/0/ei/-Q2KWc3gK5jqVI2TlKAB/id/c508b5a250edee8a/ms/au/playback_host/r8---sn-4g57knez.googlevideo.com/mm/31/hfr/1/mn/sn-4g57knez/ipbits/0/key/yt6/ip/131.159.40.117/sparams/as%2Cei%2Chfr%2Cid%2Cinitcwndbps%2Cip%2Cipbits%2Citag%2Cmm%2Cmn%2Cms%2Cmv%2Cpl%2Cplayback_host%2Crequiressl%2Csource%2Cexpire/requiressl/yes", "width": null, "height": null, "tbr": 48.547, "asr": 22050, "fps": null, "language": null, "filesize": 1780205, "vcodec": "none", "format": "139 - audio only (DASH audio)", "protocol": "https", "http_headers": {"User-Agent": "Mozilla/5.0 (X11; Linux x86_64; rv:10.0) Gecko/20150101 Firefox/47.0 (Chrome)", "Accept-Charset": "ISO-8859-1,utf-8;q=0.7,*;q=0.7", "Accept": "text/html,application/xhtml+xml,application/xml;q=0.9,*/*;q=0.8", "Accept-Encoding": "gzip, deflate", "Accept-Language": "en-us,en;q=0.5"}}, {"format_id": "249", "url": "https://r6---sn-4g57knrs.googlevideo.com/videoplayback?mt=1502219645&sparams=clen%2Cdur%2Cei%2Cgir%2Cid%2Cinitcwndbps%2Cip%2Cipbits%2Citag%2Ckeepalive%2Clmt%2Cmime%2Cmm%2Cmn%2Cms%2Cmv%2Cpl%2Crequiressl%2Csource%2Cexpire&mv=m&ms=au&id=o-AF4_3HTz_kl4qYgjZqRzGJkDzeNA68nGlVaYe7J3a7WW&mime=audio%2Fwebm&pl=16&gir=yes&mm=31&ip=131.159.40.117&key=yt6&mn=sn-4g57knrs&ipbits=0&lmt=1426485673390069&source=youtube&initcwndbps=3216250&clen=1876985&dur=299.041&expire=1502241369&ei=-Q2KWYLrCobjVMqXqPAB&signature=472592C6EC5524F0FC94CCCD9FDF77AAB5B94A25.3C1EC4934BB794CF7DDAB7FBB1A727D0B86A62BA&requiressl=yes&keepalive=yes&itag=249&ratebypass=yes", "player_url": null, "ext": "webm", "format_note": "DASH audio", "acodec": "opus", "abr": 50, "filesize": 1876985, "tbr": 52.716, "vcodec": "none", "format": "249 - audio only (DASH audio)", "protocol": "https", "http_headers": {"User-Agent": "Mozilla/5.0 (X11; Linux x86_64; rv:10.0) Gecko/20150101 Firefox/47.0 (Chrome)", "Accept-Charset": "ISO-8859-1,utf-8;q=0.7,*;q=0.7", "Accept": "text/html,application/xhtml+xml,application/xml;q=0.9,*/*;q=0.8", "Accept-Encoding": "gzip, deflate", "Accept-Language": "en-us,en;q=0.5"}}, {"format_id": "250", "url": "https://r6---sn-4g57knrs.googlevideo.com/videoplayback?mt=1502219645&sparams=clen%2Cdur%2Cei%2Cgir%2Cid%2Cinitcwndbps%2Cip%2Cipbits%2Citag%2Ckeepalive%2Clmt%2Cmime%2Cmm%2Cmn%2Cms%2Cmv%2Cpl%2Crequiressl%2Csource%2Cexpire&mv=m&ms=au&id=o-AF4_3HTz_kl4qYgjZqRzGJkDzeNA68nGlVaYe7J3a7WW&mime=audio%2Fwebm&pl=16&gir=yes&mm=31&ip=131.159.40.117&key=yt6&mn=sn-4g57knrs&ipbits=0&lmt=1426485673892743&source=youtube&initcwndbps=3216250&clen=2220815&dur=299.041&expire=1502241369&ei=-Q2KWYLrCobjVMqXqPAB&signature=175A7137A0D67C6B32F02496DF9CD2E90D83DE75.575C5A62C1733C3EE1E01DBC09D914475F1709AF&requiressl=yes&keepalive=yes&itag=250&ratebypass=yes", "player_url": null, "ext": "webm", "format_note": "DASH audio", "acodec": "opus", "abr": 70, "filesize": 2220815, "tbr": 63.538, "vcodec": "none", "format": "250 - audio only (DASH audio)", "protocol": "https", "http_headers": {"User-Agent": "Mozilla/5.0 (X11; Linux x86_64; rv:10.0) Gecko/20150101 Firefox/47.0 (Chrome)", "Accept-Charset": "ISO-8859-1,utf-8;q=0.7,*;q=0.7", "Accept": "text/html,application/xhtml+xml,application/xml;q=0.9,*/*;q=0.8", "Accept-Encoding": "gzip, deflate", "Accept-Language": "en-us,en;q=0.5"}}, {"format_id": "171", "url": "https://r6---sn-4g57knrs.googlevideo.com/videoplayback?mt=1502219645&sparams=clen%2Cdur%2Cei%2Cgir%2Cid%2Cinitcwndbps%2Cip%2Cipbits%2Citag%2Ckeepalive%2Clmt%2Cmime%2Cmm%2Cmn%2Cms%2Cmv%2Cpl%2Crequiressl%2Csource%2Cexpire&mv=m&ms=au&id=o-AF4_3HTz_kl4qYgjZqRzGJkDzeNA68nGlVaYe7J3a7WW&mime=audio%2Fwebm&pl=16&gir=yes&mm=31&ip=131.159.40.117&key=yt6&mn=sn-4g57knrs&ipbits=0&lmt=1426485686931053&source=youtube&initcwndbps=3216250&clen=3364790&dur=299.022&expire=1502241369&ei=-Q2KWYLrCobjVMqXqPAB&signature=1A64E3BC98136D59BD32DCCC4A3DD201CDBB345A.6D2DBD417541B3D686A62C5B4E297C74D7520EB8&requiressl=yes&keepalive=yes&itag=171&ratebypass=yes", "player_url": null, "ext": "webm", "acodec": "vorbis", "format_note": "DASH audio", "abr": 128, "filesize": 3364790, "tbr": 94.978, "vcodec": "none", "format": "171 - audio only (DASH audio)", "protocol": "https", "http_headers": {"User-Agent": "Mozilla/5.0 (X11; Linux x86_64; rv:10.0) Gecko/20150101 Firefox/47.0 (Chrome)", "Accept-Charset": "ISO-8859-1,utf-8;q=0.7,*;q=0.7", "Accept": "text/html,application/xhtml+xml,application/xml;q=0.9,*/*;q=0.8", "Accept-Encoding": "gzip, deflate", "Accept-Language": "en-us,en;q=0.5"}}, {"ext": "m4a", "format_note": "DASH audio", "acodec": "mp4a.40.2", "abr": 128, "container": "m4a_dash", "format_id": "140", "url": "https://r8---sn-4g57knez.googlevideo.com/videoplayback?id=c508b5a250edee8a&itag=140&source=youtube&requiressl=yes&pl=16&mv=m&initcwndbps=3216250&ei=-Q2KWc3gK5jqVI2TlKAB&ms=au&mm=31&mn=sn-4g57knez&ratebypass=yes&mime=audio/mp4&gir=yes&clen=4751986&lmt=1376477595026362&dur=299.165&signature=2578A3A3048A29AA08D8D45A65FEE314A233E3B6.032DB6003872306AE39A83A353E274E70C84999A&mt=1502219645&key=dg_yt0&ip=131.159.40.117&ipbits=0&expire=1502241369&sparams=ip,ipbits,expire,id,itag,source,requiressl,pl,mv,initcwndbps,ei,ms,mm,mn,ratebypass,mime,gir,clen,lmt,dur", "manifest_url": "https://manifest.googlevideo.com/api/manifest/dash/signature/9532D508B68AE0AE2C99128C8EC9C2402059FC42.48CC757060832F94FE2EE1D11C916D26AB92854A/source/youtube/pl/16/mv/m/expire/1502241369/as/fmp4_audio_clear%2Cfmp4_sd_hd_clear/mt/1502219645/initcwndbps/3216250/itag/0/ei/-Q2KWc3gK5jqVI2TlKAB/id/c508b5a250edee8a/ms/au/playback_host/r8---sn-4g57knez.googlevideo.com/mm/31/hfr/1/mn/sn-4g57knez/ipbits/0/key/yt6/ip/131.159.40.117/sparams/as%2Cei%2Chfr%2Cid%2Cinitcwndbps%2Cip%2Cipbits%2Citag%2Cmm%2Cmn%2Cms%2Cmv%2Cpl%2Cplayback_host%2Crequiressl%2Csource%2Cexpire/requiressl/yes", "width": null, "height": null, "tbr": 127.894, "asr": 44100, "fps": null, "language": null, "filesize": 4751986, "vcodec": "none", "format": "140 - audio only (DASH audio)", "protocol": "https", "http_headers": {"User-Agent": "Mozilla/5.0 (X11; Linux x86_64; rv:10.0) Gecko/20150101 Firefox/47.0 (Chrome)", "Accept-Charset": "ISO-8859-1,utf-8;q=0.7,*;q=0.7", "Accept": "text/html,application/xhtml+xml,application/xml;q=0.9,*/*;q=0.8", "Accept-Encoding": "gzip, deflate", "Accept-Language": "en-us,en;q=0.5"}}, {"format_id": "251", "url": "https://r6---sn-4g57knrs.googlevideo.com/videoplayback?mt=1502219645&sparams=clen%2Cdur%2Cei%2Cgir%2Cid%2Cinitcwndbps%2Cip%2Cipbits%2Citag%2Ckeepalive%2Clmt%2Cmime%2Cmm%2Cmn%2Cms%2Cmv%2Cpl%2Crequiressl%2Csource%2Cexpire&mv=m&ms=au&id=o-AF4_3HTz_kl4qYgjZqRzGJkDzeNA68nGlVaYe7J3a7WW&mime=audio%2Fwebm&pl=16&gir=yes&mm=31&ip=131.159.40.117&key=yt6&mn=sn-4g57knrs&ipbits=0&lmt=1426485675066580&source=youtube&initcwndbps=3216250&clen=4722203&dur=299.041&expire=1502241369&ei=-Q2KWYLrCobjVMqXqPAB&signature=6941752E08677C5759AB3805C8AF6F5280187075.93C641FF3D16136091B5B2C145727C6877EC7456&requiressl=yes&keepalive=yes&itag=251&ratebypass=yes", "player_url": null, "ext": "webm", "format_note": "DASH audio", "acodec": "opus", "abr": 160, "filesize": 4722203, "tbr": 132.24, "vcodec": "none", "format": "251 - audio only (DASH audio)", "protocol": "https", "http_headers": {"User-Agent": "Mozilla/5.0 (X11; Linux x86_64; rv:10.0) Gecko/20150101 Firefox/47.0 (Chrome)", "Accept-Charset": "ISO-8859-1,utf-8;q=0.7,*;q=0.7", "Accept": "text/html,application/xhtml+xml,application/xml;q=0.9,*/*;q=0.8", "Accept-Encoding": "gzip, deflate", "Accept-Language": "en-us,en;q=0.5"}}, {"format_id": "278", "url": "https://r6---sn-4g57knrs.googlevideo.com/videoplayback?mt=1502219645&sparams=clen%2Cdur%2Cei%2Cgir%2Cid%2Cinitcwndbps%2Cip%2Cipbits%2Citag%2Ckeepalive%2Clmt%2Cmime%2Cmm%2Cmn%2Cms%2Cmv%2Cpl%2Crequiressl%2Csource%2Cexpire&mv=m&ms=au&id=o-AF4_3HTz_kl4qYgjZqRzGJkDzeNA68nGlVaYe7J3a7WW&mime=video%2Fwebm&pl=16&gir=yes&mm=31&ip=131.159.40.117&key=yt6&mn=sn-4g57knrs&ipbits=0&lmt=1426485767015925&source=youtube&initcwndbps=3216250&clen=2920973&dur=299.000&expire=1502241369&ei=-Q2KWYLrCobjVMqXqPAB&signature=8EEF951E78C41D52E420DC8C601003143825C626.76B5D5505B1093BF510D11A2B3688CA0B72D9BFB&requiressl=yes&keepalive=yes&itag=278&ratebypass=yes", "player_url": null, "ext": "webm", "height": 144, "format_note": "144p", "container": "webm", "vcodec": "vp9", "filesize": 2920973, "tbr": 86.034, "width": 192, "fps": 13, "acodec": "none", "format": "278 - 192x144 (144p)", "protocol": "https", "http_headers": {"User-Agent": "Mozilla/5.0 (X11; Linux x86_64; rv:10.0) Gecko/20150101 Firefox/47.0 (Chrome)", "Accept-Charset": "ISO-8859-1,utf-8;q=0.7,*;q=0.7", "Accept": "text/html,application/xhtml+xml,application/xml;q=0.9,*/*;q=0.8", "Accept-Encoding": "gzip, deflate", "Accept-Language": "en-us,en;q=0.5"}}, {"ext": "mp4", "height": 144, "format_note": "DASH video", "vcodec": "avc1.42c00c", "format_id": "160", "url": "https://r8---sn-4g57knez.googlevideo.com/videoplayback?id=c508b5a250edee8a&itag=160&source=youtube&requiressl=yes&pl=16&mv=m&initcwndbps=3216250&ei=-Q2KWc3gK5jqVI2TlKAB&ms=au&mm=31&mn=sn-4g57knez&ratebypass=yes&mime=video/mp4&gir=yes&clen=4153305&lmt=1376477644979701&dur=299.000&signature=292E3000977F8C026BBF6C905498DE7E7A9A9E7E.02D295F60BEF1A724D37516EFC14643925AEC37D&mt=1502219645&key=dg_yt0&ip=131.159.40.117&ipbits=0&expire=1502241369&sparams=ip,ipbits,expire,id,itag,source,requiressl,pl,mv,initcwndbps,ei,ms,mm,mn,ratebypass,mime,gir,clen,lmt,dur", "manifest_url": "https://manifest.googlevideo.com/api/manifest/dash/signature/9532D508B68AE0AE2C99128C8EC9C2402059FC42.48CC757060832F94FE2EE1D11C916D26AB92854A/source/youtube/pl/16/mv/m/expire/1502241369/as/fmp4_audio_clear%2Cfmp4_sd_hd_clear/mt/1502219645/initcwndbps/3216250/itag/0/ei/-Q2KWc3gK5jqVI2TlKAB/id/c508b5a250edee8a/ms/au/playback_host/r8---sn-4g57knez.googlevideo.com/mm/31/hfr/1/mn/sn-4g57knez/ipbits/0/key/yt6/ip/131.159.40.117/sparams/as%2Cei%2Chfr%2Cid%2Cinitcwndbps%2Cip%2Cipbits%2Citag%2Cmm%2Cmn%2Cms%2Cmv%2Cpl%2Cplayback_host%2Crequiressl%2Csource%2Cexpire/requiressl/yes", "width": 192, "tbr": 116.944, "asr": null, "fps": 15, "language": null, "filesize": 4153305, "acodec": "none", "format": "160 - 192x144 (DASH video)", "protocol": "https", "http_headers": {"User-Agent": "Mozilla/5.0 (X11; Linux x86_64; rv:10.0) Gecko/20150101 Firefox/47.0 (Chrome)", "Accept-Charset": "ISO-8859-1,utf-8;q=0.7,*;q=0.7", "Accept": "text/html,application/xhtml+xml,application/xml;q=0.9,*/*;q=0.8", "Accept-Encoding": "gzip, deflate", "Accept-Language": "en-us,en;q=0.5"}}, {"format_id": "242", "url": "https://r6---sn-4g57knrs.googlevideo.com/videoplayback?mt=1502219645&sparams=clen%2Cdur%2Cei%2Cgir%2Cid%2Cinitcwndbps%2Cip%2Cipbits%2Citag%2Ckeepalive%2Clmt%2Cmime%2Cmm%2Cmn%2Cms%2Cmv%2Cpl%2Crequiressl%2Csource%2Cexpire&mv=m&ms=au&id=o-AF4_3HTz_kl4qYgjZqRzGJkDzeNA68nGlVaYe7J3a7WW&mime=video%2Fwebm&pl=16&gir=yes&mm=31&ip=131.159.40.117&key=yt6&mn=sn-4g57knrs&ipbits=0&lmt=1426485745004953&source=youtube&initcwndbps=3216250&clen=6234372&dur=299.000&expire=1502241369&ei=-Q2KWYLrCobjVMqXqPAB&signature=1322862C2F26D1DDDBFC3E2F7B019024750E1D89.E449235319443F88360413EBDF58C1600368722C&requiressl=yes&keepalive=yes&itag=242&ratebypass=yes", "player_url": null, "ext": "webm", "height": 240, "format_note": "240p", "vcodec": "vp9", "filesize": 6234372, "tbr": 216.082, "width": 320, "fps": 25, "acodec": "none", "format": "242 - 320x240 (240p)", "protocol": "https", "http_headers": {"User-Agent": "Mozilla/5.0 (X11; Linux x86_64; rv:10.0) Gecko/20150101 Firefox/47.0 (Chrome)", "Accept-Charset": "ISO-8859-1,utf-8;q=0.7,*;q=0.7", "Accept": "text/html,application/xhtml+xml,application/xml;q=0.9,*/*;q=0.8", "Accept-Encoding": "gzip, deflate", "Accept-Language": "en-us,en;q=0.5"}}, {"ext": "mp4", "height": 240, "format_note": "DASH video", "vcodec": "avc1.4d400d", "format_id": "133", "url": "https://r8---sn-4g57knez.googlevideo.com/videoplayback?id=c508b5a250edee8a&itag=133&source=youtube&requiressl=yes&pl=16&mv=m&initcwndbps=3216250&ei=-Q2KWc3gK5jqVI2TlKAB&ms=au&mm=31&mn=sn-4g57knez&ratebypass=yes&mime=video/mp4&gir=yes&clen=9146346&lmt=1376477703339864&dur=299.000&signature=913DE8D3F0106B04EEBAED889EA04C2F299B25FC.88DC4006112E351CE6158FD0B2351208CB06D956&mt=1502219645&key=dg_yt0&ip=131.159.40.117&ipbits=0&expire=1502241369&sparams=ip,ipbits,expire,id,itag,source,requiressl,pl,mv,initcwndbps,ei,ms,mm,mn,ratebypass,mime,gir,clen,lmt,dur", "manifest_url": "https://manifest.googlevideo.com/api/manifest/dash/signature/9532D508B68AE0AE2C99128C8EC9C2402059FC42.48CC757060832F94FE2EE1D11C916D26AB92854A/source/youtube/pl/16/mv/m/expire/1502241369/as/fmp4_audio_clear%2Cfmp4_sd_hd_clear/mt/1502219645/initcwndbps/3216250/itag/0/ei/-Q2KWc3gK5jqVI2TlKAB/id/c508b5a250edee8a/ms/au/playback_host/r8---sn-4g57knez.googlevideo.com/mm/31/hfr/1/mn/sn-4g57knez/ipbits/0/key/yt6/ip/131.159.40.117/sparams/as%2Cei%2Chfr%2Cid%2Cinitcwndbps%2Cip%2Cipbits%2Citag%2Cmm%2Cmn%2Cms%2Cmv%2Cpl%2Cplayback_host%2Crequiressl%2Csource%2Cexpire/requiressl/yes", "width": 320, "tbr": 251.454, "asr": null, "fps": 25, "language": null, "filesize": 9146346, "acodec": "none", "format": "133 - 320x240 (DASH video)", "protocol": "https", "http_headers": {"User-Agent": "Mozilla/5.0 (X11; Linux x86_64; rv:10.0) Gecko/20150101 Firefox/47.0 (Chrome)", "Accept-Charset": "ISO-8859-1,utf-8;q=0.7,*;q=0.7", "Accept": "text/html,application/xhtml+xml,application/xml;q=0.9,*/*;q=0.8", "Accept-Encoding": "gzip, deflate", "Accept-Language": "en-us,en;q=0.5"}}, {"format_id": "243", "url": "https://r6---sn-4g57knrs.googlevideo.com/videoplayback?mt=1502219645&sparams=clen%2Cdur%2Cei%2Cgir%2Cid%2Cinitcwndbps%2Cip%2Cipbits%2Citag%2Ckeepalive%2Clmt%2Cmime%2Cmm%2Cmn%2Cms%2Cmv%2Cpl%2Crequiressl%2Csource%2Cexpire&mv=m&ms=au&id=o-AF4_3HTz_kl4qYgjZqRzGJkDzeNA68nGlVaYe7J3a7WW&mime=video%2Fwebm&pl=16&gir=yes&mm=31&ip=131.159.40.117&key=yt6&mn=sn-4g57knrs&ipbits=0&lmt=1426485762354580&source=youtube&initcwndbps=3216250&clen=10910390&dur=299.000&expire=1502241369&ei=-Q2KWYLrCobjVMqXqPAB&signature=63C8D71CDEFB7D9DF1995C052939CA0C6C2B9A21.593C24104B4F4CA2E1A77F2CBA74CBC83F0202FF&requiressl=yes&keepalive=yes&itag=243&ratebypass=yes", "player_url": null, "ext": "webm", "height": 360, "format_note": "360p", "vcodec": "vp9", "filesize": 10910390, "tbr": 383.917, "width": 480, "fps": 25, "acodec": "none", "format": "243 - 480x360 (360p)", "protocol": "https", "http_headers": {"User-Agent": "Mozilla/5.0 (X11; Linux x86_64; rv:10.0) Gecko/20150101 Firefox/47.0 (Chrome)", "Accept-Charset": "ISO-8859-1,utf-8;q=0.7,*;q=0.7", "Accept": "text/html,application/xhtml+xml,application/xml;q=0.9,*/*;q=0.8", "Accept-Encoding": "gzip, deflate", "Accept-Language": "en-us,en;q=0.5"}}, {"ext": "mp4", "height": 360, "format_note": "DASH video", "vcodec": "avc1.4d4015", "format_id": "134", "url": "https://r8---sn-4g57knez.googlevideo.com/videoplayback?id=c508b5a250edee8a&itag=134&source=youtube&requiressl=yes&pl=16&mv=m&initcwndbps=3216250&ei=-Q2KWc3gK5jqVI2TlKAB&ms=au&mm=31&mn=sn-4g57knez&ratebypass=yes&mime=video/mp4&gir=yes&clen=13849587&lmt=1376477765819553&dur=299.000&signature=25E24524DEF3FFE6C7C0557378909B9C96DEF60A.4A5B3D73D1C4765458086F2F05522AA55EB75518&mt=1502219645&key=dg_yt0&ip=131.159.40.117&ipbits=0&expire=1502241369&sparams=ip,ipbits,expire,id,itag,source,requiressl,pl,mv,initcwndbps,ei,ms,mm,mn,ratebypass,mime,gir,clen,lmt,dur", "manifest_url": "https://manifest.googlevideo.com/api/manifest/dash/signature/9532D508B68AE0AE2C99128C8EC9C2402059FC42.48CC757060832F94FE2EE1D11C916D26AB92854A/source/youtube/pl/16/mv/m/expire/1502241369/as/fmp4_audio_clear%2Cfmp4_sd_hd_clear/mt/1502219645/initcwndbps/3216250/itag/0/ei/-Q2KWc3gK5jqVI2TlKAB/id/c508b5a250edee8a/ms/au/playback_host/r8---sn-4g57knez.googlevideo.com/mm/31/hfr/1/mn/sn-4g57knez/ipbits/0/key/yt6/ip/131.159.40.117/sparams/as%2Cei%2Chfr%2Cid%2Cinitcwndbps%2Cip%2Cipbits%2Citag%2Cmm%2Cmn%2Cms%2Cmv%2Cpl%2Cplayback_host%2Crequiressl%2Csource%2Cexpire/requiressl/yes", "width": 480, "tbr": 462.632, "asr": null, "fps": 25, "language": null, "filesize": 13849587, "acodec": "none", "format": "134 - 480x360 (DASH video)", "protocol": "https", "http_headers": {"User-Agent": "Mozilla/5.0 (X11; Linux x86_64; rv:10.0) Gecko/20150101 Firefox/47.0 (Chrome)", "Accept-Charset": "ISO-8859-1,utf-8;q=0.7,*;q=0.7", "Accept": "text/html,application/xhtml+xml,application/xml;q=0.9,*/*;q=0.8", "Accept-Encoding": "gzip, deflate", "Accept-Language": "en-us,en;q=0.5"}}, {"format_id": "244", "url": "https://r6---sn-4g57knrs.googlevideo.com/videoplayback?mt=1502219645&sparams=clen%2Cdur%2Cei%2Cgir%2Cid%2Cinitcwndbps%2Cip%2Cipbits%2Citag%2Ckeepalive%2Clmt%2Cmime%2Cmm%2Cmn%2Cms%2Cmv%2Cpl%2Crequiressl%2Csource%2Cexpire&mv=m&ms=au&id=o-AF4_3HTz_kl4qYgjZqRzGJkDzeNA68nGlVaYe7J3a7WW&mime=video%2Fwebm&pl=16&gir=yes&mm=31&ip=131.159.40.117&key=yt6&mn=sn-4g57knrs&ipbits=0&lmt=1426485838688851&source=youtube&initcwndbps=3216250&clen=18780869&dur=299.000&expire=1502241369&ei=-Q2KWYLrCobjVMqXqPAB&signature=5F2F46FDD306EE190163EB7DE18F1BF83516274B.9341413FAA610184364D3ACA37DF0D6F6C43F8FD&requiressl=yes&keepalive=yes&itag=244&ratebypass=yes", "player_url": null, "ext": "webm", "height": 480, "format_note": "480p", "vcodec": "vp9", "filesize": 18780869, "tbr": 673.672, "width": 640, "fps": 25, "acodec": "none", "format": "244 - 640x480 (480p)", "protocol": "https", "http_headers": {"User-Agent": "Mozilla/5.0 (X11; Linux x86_64; rv:10.0) Gecko/20150101 Firefox/47.0 (Chrome)", "Accept-Charset": "ISO-8859-1,utf-8;q=0.7,*;q=0.7", "Accept": "text/html,application/xhtml+xml,application/xml;q=0.9,*/*;q=0.8", "Accept-Encoding": "gzip, deflate", "Accept-Language": "en-us,en;q=0.5"}}, {"ext": "mp4", "height": 480, "format_note": "DASH video", "vcodec": "avc1.4d401e", "format_id": "135", "url": "https://r8---sn-4g57knez.googlevideo.com/videoplayback?id=c508b5a250edee8a&itag=135&source=youtube&requiressl=yes&pl=16&mv=m&initcwndbps=3216250&ei=-Q2KWc3gK5jqVI2TlKAB&ms=au&mm=31&mn=sn-4g57knez&ratebypass=yes&mime=video/mp4&gir=yes&clen=27051842&lmt=1376477891838382&dur=299.000&signature=4928D83C3D659520073910C2CC30D77E8A7EEFAD.8CA74C5FA87A01FFE478A3378D1594A502E008F2&mt=1502219645&key=dg_yt0&ip=131.159.40.117&ipbits=0&expire=1502241369&sparams=ip,ipbits,expire,id,itag,source,requiressl,pl,mv,initcwndbps,ei,ms,mm,mn,ratebypass,mime,gir,clen,lmt,dur", "manifest_url": "https://manifest.googlevideo.com/api/manifest/dash/signature/9532D508B68AE0AE2C99128C8EC9C2402059FC42.48CC757060832F94FE2EE1D11C916D26AB92854A/source/youtube/pl/16/mv/m/expire/1502241369/as/fmp4_audio_clear%2Cfmp4_sd_hd_clear/mt/1502219645/initcwndbps/3216250/itag/0/ei/-Q2KWc3gK5jqVI2TlKAB/id/c508b5a250edee8a/ms/au/playback_host/r8---sn-4g57knez.googlevideo.com/mm/31/hfr/1/mn/sn-4g57knez/ipbits/0/key/yt6/ip/131.159.40.117/sparams/as%2Cei%2Chfr%2Cid%2Cinitcwndbps%2Cip%2Cipbits%2Citag%2Cmm%2Cmn%2Cms%2Cmv%2Cpl%2Cplayback_host%2Crequiressl%2Csource%2Cexpire/requiressl/yes", "width": 640, "tbr": 886.189, "asr": null, "fps": 25, "language": null, "filesize": 27051842, "acodec": "none", "format": "135 - 640x480 (DASH video)", "protocol": "https", "http_headers": {"User-Agent": "Mozilla/5.0 (X11; Linux x86_64; rv:10.0) Gecko/20150101 Firefox/47.0 (Chrome)", "Accept-Charset": "ISO-8859-1,utf-8;q=0.7,*;q=0.7", "Accept": "text/html,application/xhtml+xml,application/xml;q=0.9,*/*;q=0.8", "Accept-Encoding": "gzip, deflate", "Accept-Language": "en-us,en;q=0.5"}}, {"format_id": "247", "url": "https://r6---sn-4g57knrs.googlevideo.com/videoplayback?mt=1502219645&sparams=clen%2Cdur%2Cei%2Cgir%2Cid%2Cinitcwndbps%2Cip%2Cipbits%2Citag%2Ckeepalive%2Clmt%2Cmime%2Cmm%2Cmn%2Cms%2Cmv%2Cpl%2Crequiressl%2Csource%2Cexpire&mv=m&ms=au&id=o-AF4_3HTz_kl4qYgjZqRzGJkDzeNA68nGlVaYe7J3a7WW&mime=video%2Fwebm&pl=16&gir=yes&mm=31&ip=131.159.40.117&key=yt6&mn=sn-4g57knrs&ipbits=0&lmt=1426485885432132&source=youtube&initcwndbps=3216250&clen=37552558&dur=299.000&expire=1502241369&ei=-Q2KWYLrCobjVMqXqPAB&signature=CA15CC655FF61F99CE6A020E47A9421372A4E453.D288565A436B447CBC9BBB4D99BB5BF87DCE62C6&requiressl=yes&keepalive=yes&itag=247&ratebypass=yes", "player_url": null, "ext": "webm", "height": 720, "format_note": "720p", "vcodec": "vp9", "filesize": 37552558, "tbr": 1274.974, "width": 960, "fps": 25, "acodec": "none", "format": "247 - 960x720 (720p)", "protocol": "https", "http_headers": {"User-Agent": "Mozilla/5.0 (X11; Linux x86_64; rv:10.0) Gecko/20150101 Firefox/47.0 (Chrome)", "Accept-Charset": "ISO-8859-1,utf-8;q=0.7,*;q=0.7", "Accept": "text/html,application/xhtml+xml,application/xml;q=0.9,*/*;q=0.8", "Accept-Encoding": "gzip, deflate", "Accept-Language": "en-us,en;q=0.5"}}, {"ext": "mp4", "height": 720, "format_note": "DASH video", "vcodec": "avc1.4d401f", "format_id": "136", "url": "https://r8---sn-4g57knez.googlevideo.com/videoplayback?id=c508b5a250edee8a&itag=136&source=youtube&requiressl=yes&pl=16&mv=m&initcwndbps=3216250&ei=-Q2KWc3gK5jqVI2TlKAB&ms=au&mm=31&mn=sn-4g57knez&ratebypass=yes&mime=video/mp4&gir=yes&clen=48931269&lmt=1376477900291905&dur=299.000&signature=5F380E041A2FCD6035C1601890B700A3643A7167.26A5E8C5B105B6FCF4B782867AAC6B14D6757514&mt=1502219645&key=dg_yt0&ip=131.159.40.117&ipbits=0&expire=1502241369&sparams=ip,ipbits,expire,id,itag,source,requiressl,pl,mv,initcwndbps,ei,ms,mm,mn,ratebypass,mime,gir,clen,lmt,dur", "manifest_url": "https://manifest.googlevideo.com/api/manifest/dash/signature/9532D508B68AE0AE2C99128C8EC9C2402059FC42.48CC757060832F94FE2EE1D11C916D26AB92854A/source/youtube/pl/16/mv/m/expire/1502241369/as/fmp4_audio_clear%2Cfmp4_sd_hd_clear/mt/1502219645/initcwndbps/3216250/itag/0/ei/-Q2KWc3gK5jqVI2TlKAB/id/c508b5a250edee8a/ms/au/playback_host/r8---sn-4g57knez.googlevideo.com/mm/31/hfr/1/mn/sn-4g57knez/ipbits/0/key/yt6/ip/131.159.40.117/sparams/as%2Cei%2Chfr%2Cid%2Cinitcwndbps%2Cip%2Cipbits%2Citag%2Cmm%2Cmn%2Cms%2Cmv%2Cpl%2Cplayback_host%2Crequiressl%2Csource%2Cexpire/requiressl/yes", "width": 960, "tbr": 1554.727, "asr": null, "fps": 25, "language": null, "filesize": 48931269, "acodec": "none", "format": "136 - 960x720 (DASH video)", "protocol": "https", "http_headers": {"User-Agent": "Mozilla/5.0 (X11; Linux x86_64; rv:10.0) Gecko/20150101 Firefox/47.0 (Chrome)", "Accept-Charset": "ISO-8859-1,utf-8;q=0.7,*;q=0.7", "Accept": "text/html,application/xhtml+xml,application/xml;q=0.9,*/*;q=0.8", "Accept-Encoding": "gzip, deflate", "Accept-Language": "en-us,en;q=0.5"}}, {"format_id": "17", "url": "https://r6---sn-4g57knrs.googlevideo.com/videoplayback?mt=1502219645&sparams=clen%2Cdur%2Cei%2Cgir%2Cid%2Cinitcwndbps%2Cip%2Cipbits%2Citag%2Clmt%2Cmime%2Cmm%2Cmn%2Cms%2Cmv%2Cpl%2Crequiressl%2Csource%2Cexpire&mv=m&ms=au&id=o-AF4_3HTz_kl4qYgjZqRzGJkDzeNA68nGlVaYe7J3a7WW&mime=video%2F3gpp&pl=16&gir=yes&mm=31&ip=131.159.40.117&key=yt6&mn=sn-4g57knrs&ipbits=0&lmt=1376444727526674&source=youtube&initcwndbps=3216250&clen=3068933&dur=299.398&expire=1502241369&ei=-Q2KWYLrCobjVMqXqPAB&signature=71B654515A7F53208973F276806C8B65BEF718B0.6F0C131CC2619C69F8F03CA8BBEB1855FBB0A5CA&requiressl=yes&itag=17&ratebypass=yes", "player_url": null, "ext": "3gp", "width": 176, "height": 144, "acodec": "mp4a.40.2", "abr": 24, "vcodec": "mp4v.20.3", "resolution": "176x144", "format_note": "small", "format": "17 - 176x144 (small)", "protocol": "https", "http_headers": {"User-Agent": "Mozilla/5.0 (X11; Linux x86_64; rv:10.0) Gecko/20150101 Firefox/47.0 (Chrome)", "Accept-Charset": "ISO-8859-1,utf-8;q=0.7,*;q=0.7", "Accept": "text/html,application/xhtml+xml,application/xml;q=0.9,*/*;q=0.8", "Accept-Encoding": "gzip, deflate", "Accept-Language": "en-us,en;q=0.5"}}, {"format_id": "36", "url": "https://r6---sn-4g57knrs.googlevideo.com/videoplayback?mt=1502219645&sparams=clen%2Cdur%2Cei%2Cgir%2Cid%2Cinitcwndbps%2Cip%2Cipbits%2Citag%2Clmt%2Cmime%2Cmm%2Cmn%2Cms%2Cmv%2Cpl%2Crequiressl%2Csource%2Cexpire&mv=m&ms=au&id=o-AF4_3HTz_kl4qYgjZqRzGJkDzeNA68nGlVaYe7J3a7WW&mime=video%2F3gpp&pl=16&gir=yes&mm=31&ip=131.159.40.117&key=yt6&mn=sn-4g57knrs&ipbits=0&lmt=1376444753938607&source=youtube&initcwndbps=3216250&clen=8482806&dur=299.259&expire=1502241369&ei=-Q2KWYLrCobjVMqXqPAB&signature=73E72CC3E7FEDD2DC3723F4E147E82D66CB92C87.A56B27C7E6F25B53587B274DB09528894AB05506&requiressl=yes&itag=36&ratebypass=yes", "player_url": null, "ext": "3gp", "width": 320, "acodec": "mp4a.40.2", "vcodec": "mp4v.20.3", "resolution": "320x240", "height": 240, "format_note": "small", "format": "36 - 320x240 (small)", "protocol": "https", "http_headers": {"User-Agent": "Mozilla/5.0 (X11; Linux x86_64; rv:10.0) Gecko/20150101 Firefox/47.0 (Chrome)", "Accept-Charset": "ISO-8859-1,utf-8;q=0.7,*;q=0.7", "Accept": "text/html,application/xhtml+xml,application/xml;q=0.9,*/*;q=0.8", "Accept-Encoding": "gzip, deflate", "Accept-Language": "en-us,en;q=0.5"}}, {"format_id": "18", "url": "https://r6---sn-4g57knrs.googlevideo.com/videoplayback?mt=1502219645&sparams=clen%2Cdur%2Cei%2Cgir%2Cid%2Cinitcwndbps%2Cip%2Cipbits%2Citag%2Clmt%2Cmime%2Cmm%2Cmn%2Cms%2Cmv%2Cpl%2Cratebypass%2Crequiressl%2Csource%2Cexpire&mv=m&ms=au&id=o-AF4_3HTz_kl4qYgjZqRzGJkDzeNA68nGlVaYe7J3a7WW&mime=video%2Fmp4&pl=16&gir=yes&mm=31&ip=131.159.40.117&key=yt6&mn=sn-4g57knrs&ipbits=0&lmt=1376444696857509&ratebypass=yes&source=youtube&initcwndbps=3216250&clen=18684019&dur=299.142&expire=1502241369&ei=-Q2KWYLrCobjVMqXqPAB&signature=D5E79EBD3F4402B9BAF163444927F586FB306C2D.84891DE381BE72F2521CE2818D6C24F370912879&requiressl=yes&itag=18", "player_url": null, "ext": "mp4", "width": 480, "height": 360, "acodec": "mp4a.40.2", "abr": 96, "vcodec": "avc1.42001E", "resolution": "480x360", "format_note": "medium", "format": "18 - 480x360 (medium)", "protocol": "https", "http_headers": {"User-Agent": "Mozilla/5.0 (X11; Linux x86_64; rv:10.0) Gecko/20150101 Firefox/47.0 (Chrome)", "Accept-Charset": "ISO-8859-1,utf-8;q=0.7,*;q=0.7", "Accept": "text/html,application/xhtml+xml,application/xml;q=0.9,*/*;q=0.8", "Accept-Encoding": "gzip, deflate", "Accept-Language": "en-us,en;q=0.5"}}, {"format_id": "43", "url": "https://r6---sn-4g57knrs.googlevideo.com/videoplayback?mt=1502219645&sparams=clen%2Cdur%2Cei%2Cgir%2Cid%2Cinitcwndbps%2Cip%2Cipbits%2Citag%2Clmt%2Cmime%2Cmm%2Cmn%2Cms%2Cmv%2Cpl%2Cratebypass%2Crequiressl%2Csource%2Cexpire&mv=m&ms=au&id=o-AF4_3HTz_kl4qYgjZqRzGJkDzeNA68nGlVaYe7J3a7WW&mime=video%2Fwebm&pl=16&gir=yes&mm=31&ip=131.159.40.117&key=yt6&mn=sn-4g57knrs&ipbits=0&lmt=1376501068538274&ratebypass=yes&source=youtube&initcwndbps=3216250&clen=28049403&dur=0.000&expire=1502241369&ei=-Q2KWYLrCobjVMqXqPAB&signature=7F1D9AD03A32082A919FBBC771032DD1520B96CE.D78B9EA613E6542DAFF1593708DD0A63AA78685D&requiressl=yes&itag=43", "player_url": null, "ext": "webm", "width": 640, "height": 360, "acodec": "vorbis", "abr": 128, "vcodec": "vp8.0", "resolution": "640x360", "format_note": "medium", "format": "43 - 640x360 (medium)", "protocol": "https", "http_headers": {"User-Agent": "Mozilla/5.0 (X11; Linux x86_64; rv:10.0) Gecko/20150101 Firefox/47.0 (Chrome)", "Accept-Charset": "ISO-8859-1,utf-8;q=0.7,*;q=0.7", "Accept": "text/html,application/xhtml+xml,application/xml;q=0.9,*/*;q=0.8", "Accept-Encoding": "gzip, deflate", "Accept-Language": "en-us,en;q=0.5"}}, {"format_id": "22", "url": "https://r6---sn-4g57knrs.googlevideo.com/videoplayback?source=youtube&sparams=dur%2Cei%2Cid%2Cinitcwndbps%2Cip%2Cipbits%2Citag%2Clmt%2Cmime%2Cmm%2Cmn%2Cms%2Cmv%2Cpl%2Cratebypass%2Crequiressl%2Csource%2Cexpire&mv=m&initcwndbps=3216250&ms=au&id=o-AF4_3HTz_kl4qYgjZqRzGJkDzeNA68nGlVaYe7J3a7WW&mime=video%2Fmp4&dur=299.142&mt=1502219645&mm=31&ip=131.159.40.117&key=yt6&mn=sn-4g57knrs&pl=16&ipbits=0&expire=1502241369&ei=-Q2KWYLrCobjVMqXqPAB&signature=5BF428F7F3A5704AE99184B6F4E6F0E964F37FBD.FF342D12DC358C9943AE33606A92C74F48F1E1&requiressl=yes&lmt=1376444729733241&ratebypass=yes&itag=22", "player_url": null, "ext": "mp4", "width": 960, "height": 720, "acodec": "mp4a.40.2", "abr": 192, "vcodec": "avc1.64001F", "resolution": "960x720", "format_note": "hd720", "format": "22 - 960x720 (hd720)", "protocol": "https", "http_headers": {"User-Agent": "Mozilla/5.0 (X11; Linux x86_64; rv:10.0) Gecko/20150101 Firefox/47.0 (Chrome)", "Accept-Charset": "ISO-8859-1,utf-8;q=0.7,*;q=0.7", "Accept": "text/html,application/xhtml+xml,application/xml;q=0.9,*/*;q=0.8", "Accept-Encoding": "gzip, deflate", "Accept-Language": "en-us,en;q=0.5"}}], "is_live": null, "start_time": null, "end_time": null, "series": null, "season_number": null, "episode_number": null, "extractor": "youtube", "webpage_url_basename": "xQi1olDt7oo", "extractor_key": "Youtube", "playlist": null, "playlist_index": null, "thumbnails": [{"url": "https://i.ytimg.com/vi/xQi1olDt7oo/maxresdefault.jpg", "id": "0"}], "display_id": "xQi1olDt7oo", "ext": "mp4", "height": 720, "format_note": "DASH video", "vcodec": "avc1.4d401f", "format_id": "136", "url": "https://r8---sn-4g57knez.googlevideo.com/videoplayback?id=c508b5a250edee8a&itag=136&source=youtube&requiressl=yes&pl=16&mv=m&initcwndbps=3216250&ei=-Q2KWc3gK5jqVI2TlKAB&ms=au&mm=31&mn=sn-4g57knez&ratebypass=yes&mime=video/mp4&gir=yes&clen=48931269&lmt=1376477900291905&dur=299.000&signature=5F380E041A2FCD6035C1601890B700A3643A7167.26A5E8C5B105B6FCF4B782867AAC6B14D6757514&mt=1502219645&key=dg_yt0&ip=131.159.40.117&ipbits=0&expire=1502241369&sparams=ip,ipbits,expire,id,itag,source,requiressl,pl,mv,initcwndbps,ei,ms,mm,mn,ratebypass,mime,gir,clen,lmt,dur", "manifest_url": "https://manifest.googlevideo.com/api/manifest/dash/signature/9532D508B68AE0AE2C99128C8EC9C2402059FC42.48CC757060832F94FE2EE1D11C916D26AB92854A/source/youtube/pl/16/mv/m/expire/1502241369/as/fmp4_audio_clear%2Cfmp4_sd_hd_clear/mt/1502219645/initcwndbps/3216250/itag/0/ei/-Q2KWc3gK5jqVI2TlKAB/id/c508b5a250edee8a/ms/au/playback_host/r8---sn-4g57knez.googlevideo.com/mm/31/hfr/1/mn/sn-4g57knez/ipbits/0/key/yt6/ip/131.159.40.117/sparams/as%2Cei%2Chfr%2Cid%2Cinitcwndbps%2Cip%2Cipbits%2Citag%2Cmm%2Cmn%2Cms%2Cmv%2Cpl%2Cplayback_host%2Crequiressl%2Csource%2Cexpire/requiressl/yes", "width": 960, "tbr": 1554.727, "asr": null, "fps": 25, "language": null, "filesize": 48931269, "acodec": "none", "format": "136 - 960x720 (DASH video)", "protocol": "https", "http_headers": {"User-Agent": "Mozilla/5.0 (X11; Linux x86_64; rv:10.0) Gecko/20150101 Firefox/47.0 (Chrome)", "Accept-Charset": "ISO-8859-1,utf-8;q=0.7,*;q=0.7", "Accept": "text/html,application/xhtml+xml,application/xml;q=0.9,*/*;q=0.8", "Accept-Encoding": "gzip, deflate", "Accept-Language": "en-us,en;q=0.5"}, "fulltitle": "Deborah Schirru & Chiara Perale - Aspettando CalcioMercato 13.8.2013", "_filename": "xQi1olDt7oo.mp4"}