{"id": "y15orJ68Pzs", "uploader": "Anastassia Sfeir", "uploader_id": "cursosdemaquillaje", "uploader_url": "http://www.youtube.com/user/cursosdemaquillaje", "upload_date": "20130721", "license": "Standard YouTube License", "creator": null, "title": "Elimina las ojeras y las bolsas de los ojos con leche y c\u00farcuma- Anastassia Sfeir", "alt_title": null, "thumbnail": "https://i.ytimg.com/vi/y15orJ68Pzs/hqdefault.jpg", "description": "Hoy te traigo una mascarilla muy efectiva para eliminar ojeras y las bolsas de los ojos con leche y c\u00farcuma. Este tratamiento tambi\u00e9n te ayudar\u00e1 a eliminar y suavizar las arrugas al rededor de los ojos. El producto estrella es la C\u00farcuma, y es un condimento muy usado en la comida Indu.\n\nSubscribete a mi canal: http://bit.ly/RUeKwV\n\nVisita mi p\u00e1gina:\nwww.anastassiasfeir.com\n\nS\u00edgueme en Facebook:\nhttp://www.facebook.com/pages/Anastassia-Sfeir/89308510227\n\nS\u00edgueme en Twitter\ntwitter.com/#!/ANASTASSIASFEIR\n\n\n***Las recomendaciones e indicaciones encontradas en este canal, no tienen la intenci\u00f3n de ser un substituto de una consulta profesional m\u00e9dica. Usted asume toda la responsabilidad en relaci\u00f3n al uso y consumo de los productos encontrados en este canal.", "categories": ["Howto & Style"], "tags": ["Como eliminar las ojeras", "Recetas caseras para eliminar ojeras", "Remedio para las ojeras hundidas", "C\u00f3mo eliminar bolsas de los ojos", "C\u00f3mo quitar las bolsas de los ojos", "Como eliminar las ojeras con c\u00farcuma", "C\u00farcuma", "remedios caseros", "curcuma como medicina", "Mascarilla", "Anastassia Sfeir", "Cursos de maquillaje", "Tips de belleza", "Belleza", "Soluci\u00f3n para las ojeras", "Bolsas en los ojos", "Antiarrugas", "Quitar patas de gallo", "Facial", "Tratamiento para ojeras", "Cuidados de la piel", "Guru de belleza"], "subtitles": {}, "automatic_captions": {}, "duration": 368, "age_limit": 0, "annotations": null, "chapters": null, "webpage_url": "https://www.youtube.com/watch?v=y15orJ68Pzs", "view_count": 340079, "like_count": 3065, "dislike_count": 133, "average_rating": 4.83364582062, "formats": [{"ext": "m4a", "format_note": "DASH audio", "acodec": "mp4a.40.5", "abr": 48, "container": "m4a_dash", "format_id": "139", "url": "https://r2---sn-xjpm-q0nl.googlevideo.com/videoplayback?id=cb5e68ac9ebc3f3b&itag=139&source=youtube&requiressl=yes&mm=31&mn=sn-xjpm-q0nl&ei=KjeKWbjnKIrKVqmhkpAI&pl=16&mv=u&ms=au&ratebypass=yes&mime=audio/mp4&gir=yes&clen=2219099&lmt=1428057048741790&dur=367.756&key=dg_yt0&mt=1502229921&signature=6BCCB58B5E4BE80CD855D4526E7A6CD22627F904.726BA86A0105B03951C80758207A8378AF411D9B&ip=131.159.40.117&ipbits=0&expire=1502251914&sparams=ip,ipbits,expire,id,itag,source,requiressl,mm,mn,ei,pl,mv,ms,ratebypass,mime,gir,clen,lmt,dur", "manifest_url": "https://manifest.googlevideo.com/api/manifest/dash/ip/131.159.40.117/mm/31/mn/sn-xjpm-q0nl/itag/0/key/yt6/playback_host/r2---sn-xjpm-q0nl.googlevideo.com/hfr/1/requiressl/yes/ei/KjeKWbjnKIrKVqmhkpAI/mt/1502229921/id/cb5e68ac9ebc3f3b/signature/6BB2AD531A952203CDE73D77A8A40875987C753C.604223D2870E7B2E79D4FBBF79DE984380B96F1F/expire/1502251914/pl/16/source/youtube/sparams/as%2Cei%2Chfr%2Cid%2Cip%2Cipbits%2Citag%2Cmm%2Cmn%2Cms%2Cmv%2Cpl%2Cplayback_host%2Crequiressl%2Csource%2Cexpire/mv/u/as/fmp4_audio_clear%2Cfmp4_sd_hd_clear/ipbits/0/ms/au", "width": null, "height": null, "tbr": 49.368, "asr": 22050, "fps": null, "language": null, "filesize": 2219099, "vcodec": "none", "format": "139 - audio only (DASH audio)", "protocol": "https", "http_headers": {"User-Agent": "Mozilla/5.0 (X11; Linux x86_64; rv:10.0) Gecko/20150101 Firefox/47.0 (Chrome)", "Accept-Charset": "ISO-8859-1,utf-8;q=0.7,*;q=0.7", "Accept": "text/html,application/xhtml+xml,application/xml;q=0.9,*/*;q=0.8", "Accept-Encoding": "gzip, deflate", "Accept-Language": "en-us,en;q=0.5"}}, {"ext": "m4a", "format_note": "DASH audio", "acodec": "mp4a.40.2", "abr": 128, "container": "m4a_dash", "format_id": "140", "url": "https://r2---sn-xjpm-q0nl.googlevideo.com/videoplayback?id=cb5e68ac9ebc3f3b&itag=140&source=youtube&requiressl=yes&mm=31&mn=sn-xjpm-q0nl&ei=KjeKWbjnKIrKVqmhkpAI&pl=16&mv=u&ms=au&ratebypass=yes&mime=audio/mp4&gir=yes&clen=5903332&lmt=1428057049465585&dur=367.664&key=dg_yt0&mt=1502229921&signature=845A641CC516AC67AC44F95A7F68AF80A7DBC22D.5A803DC8E63F2DD679EAD1B6F2CAA7CB123552AD&ip=131.159.40.117&ipbits=0&expire=1502251914&sparams=ip,ipbits,expire,id,itag,source,requiressl,mm,mn,ei,pl,mv,ms,ratebypass,mime,gir,clen,lmt,dur", "manifest_url": "https://manifest.googlevideo.com/api/manifest/dash/ip/131.159.40.117/mm/31/mn/sn-xjpm-q0nl/itag/0/key/yt6/playback_host/r2---sn-xjpm-q0nl.googlevideo.com/hfr/1/requiressl/yes/ei/KjeKWbjnKIrKVqmhkpAI/mt/1502229921/id/cb5e68ac9ebc3f3b/signature/6BB2AD531A952203CDE73D77A8A40875987C753C.604223D2870E7B2E79D4FBBF79DE984380B96F1F/expire/1502251914/pl/16/source/youtube/sparams/as%2Cei%2Chfr%2Cid%2Cip%2Cipbits%2Citag%2Cmm%2Cmn%2Cms%2Cmv%2Cpl%2Cplayback_host%2Crequiressl%2Csource%2Cexpire/mv/u/as/fmp4_audio_clear%2Cfmp4_sd_hd_clear/ipbits/0/ms/au", "width": null, "height": null, "tbr": 129.535, "asr": 44100, "fps": null, "language": null, "filesize": 5903332, "vcodec": "none", "format": "140 - audio only (DASH audio)", "protocol": "https", "http_headers": {"User-Agent": "Mozilla/5.0 (X11; Linux x86_64; rv:10.0) Gecko/20150101 Firefox/47.0 (Chrome)", "Accept-Charset": "ISO-8859-1,utf-8;q=0.7,*;q=0.7", "Accept": "text/html,application/xhtml+xml,application/xml;q=0.9,*/*;q=0.8", "Accept-Encoding": "gzip, deflate", "Accept-Language": "en-us,en;q=0.5"}}, {"format_id": "171", "url": "https://r2---sn-xjpm-q0nl.googlevideo.com/videoplayback?mv=u&key=yt6&lmt=1395282931092966&dur=367.637&ipbits=0&mn=sn-xjpm-q0nl&requiressl=yes&mime=audio%2Fwebm&signature=A199F6409A22303ED38D355AA90ADFE34E18BDF4.CF459FCCD542E55FA31D43CBE71440630B4CD2A6&source=youtube&pl=16&itag=171&mt=1502229921&ms=au&ei=KjeKWZv8DoGmVtOWjsgO&expire=1502251914&mm=31&gir=yes&keepalive=yes&id=o-AHPXq2s2Gufo84uBW1XVrOKSJ7gSSp8qZs3DIHu2XMPb&ip=131.159.40.117&sparams=clen%2Cdur%2Cei%2Cgir%2Cid%2Cip%2Cipbits%2Citag%2Ckeepalive%2Clmt%2Cmime%2Cmm%2Cmn%2Cms%2Cmv%2Cpl%2Crequiressl%2Csource%2Cexpire&clen=5493063&ratebypass=yes", "player_url": null, "ext": "webm", "acodec": "vorbis", "format_note": "DASH audio", "abr": 128, "filesize": 5493063, "tbr": 129.655, "fps": 1, "vcodec": "none", "format": "171 - audio only (DASH audio)", "protocol": "https", "http_headers": {"User-Agent": "Mozilla/5.0 (X11; Linux x86_64; rv:10.0) Gecko/20150101 Firefox/47.0 (Chrome)", "Accept-Charset": "ISO-8859-1,utf-8;q=0.7,*;q=0.7", "Accept": "text/html,application/xhtml+xml,application/xml;q=0.9,*/*;q=0.8", "Accept-Encoding": "gzip, deflate", "Accept-Language": "en-us,en;q=0.5"}}, {"ext": "mp4", "height": 144, "format_note": "DASH video", "vcodec": "avc1.4d400c", "format_id": "160", "url": "https://r2---sn-xjpm-q0nl.googlevideo.com/videoplayback?id=cb5e68ac9ebc3f3b&itag=160&source=youtube&requiressl=yes&mm=31&mn=sn-xjpm-q0nl&ei=KjeKWbjnKIrKVqmhkpAI&pl=16&mv=u&ms=au&ratebypass=yes&mime=video/mp4&gir=yes&clen=5060224&lmt=1428057137035878&dur=367.633&key=dg_yt0&mt=1502229921&signature=60EE662DCC84B8F48F196255BD2B37BE4B41BF4B.6EA39DCE5CEF7911A579CF5B4707CB66DE24BCF2&ip=131.159.40.117&ipbits=0&expire=1502251914&sparams=ip,ipbits,expire,id,itag,source,requiressl,mm,mn,ei,pl,mv,ms,ratebypass,mime,gir,clen,lmt,dur", "manifest_url": "https://manifest.googlevideo.com/api/manifest/dash/ip/131.159.40.117/mm/31/mn/sn-xjpm-q0nl/itag/0/key/yt6/playback_host/r2---sn-xjpm-q0nl.googlevideo.com/hfr/1/requiressl/yes/ei/KjeKWbjnKIrKVqmhkpAI/mt/1502229921/id/cb5e68ac9ebc3f3b/signature/6BB2AD531A952203CDE73D77A8A40875987C753C.604223D2870E7B2E79D4FBBF79DE984380B96F1F/expire/1502251914/pl/16/source/youtube/sparams/as%2Cei%2Chfr%2Cid%2Cip%2Cipbits%2Citag%2Cmm%2Cmn%2Cms%2Cmv%2Cpl%2Cplayback_host%2Crequiressl%2Csource%2Cexpire/mv/u/as/fmp4_audio_clear%2Cfmp4_sd_hd_clear/ipbits/0/ms/au", "width": 256, "tbr": 112.81, "asr": null, "fps": 15, "language": null, "filesize": 5060224, "acodec": "none", "format": "160 - 256x144 (DASH video)", "protocol": "https", "http_headers": {"User-Agent": "Mozilla/5.0 (X11; Linux x86_64; rv:10.0) Gecko/20150101 Firefox/47.0 (Chrome)", "Accept-Charset": "ISO-8859-1,utf-8;q=0.7,*;q=0.7", "Accept": "text/html,application/xhtml+xml,application/xml;q=0.9,*/*;q=0.8", "Accept-Encoding": "gzip, deflate", "Accept-Language": "en-us,en;q=0.5"}}, {"ext": "mp4", "height": 240, "format_note": "DASH video", "vcodec": "avc1.4d4015", "format_id": "133", "url": "https://r2---sn-xjpm-q0nl.googlevideo.com/videoplayback?id=cb5e68ac9ebc3f3b&itag=133&source=youtube&requiressl=yes&mm=31&mn=sn-xjpm-q0nl&ei=KjeKWbjnKIrKVqmhkpAI&pl=16&mv=u&ms=au&ratebypass=yes&mime=video/mp4&gir=yes&clen=11237506&lmt=1428057186995093&dur=367.600&key=dg_yt0&mt=1502229921&signature=74DA0D86A1E9E5BE85CFB16AFDAC426E1B05BD3C.16636FD066053303015370C3AFAE4CF6A212A390&ip=131.159.40.117&ipbits=0&expire=1502251914&sparams=ip,ipbits,expire,id,itag,source,requiressl,mm,mn,ei,pl,mv,ms,ratebypass,mime,gir,clen,lmt,dur", "manifest_url": "https://manifest.googlevideo.com/api/manifest/dash/ip/131.159.40.117/mm/31/mn/sn-xjpm-q0nl/itag/0/key/yt6/playback_host/r2---sn-xjpm-q0nl.googlevideo.com/hfr/1/requiressl/yes/ei/KjeKWbjnKIrKVqmhkpAI/mt/1502229921/id/cb5e68ac9ebc3f3b/signature/6BB2AD531A952203CDE73D77A8A40875987C753C.604223D2870E7B2E79D4FBBF79DE984380B96F1F/expire/1502251914/pl/16/source/youtube/sparams/as%2Cei%2Chfr%2Cid%2Cip%2Cipbits%2Citag%2Cmm%2Cmn%2Cms%2Cmv%2Cpl%2Cplayback_host%2Crequiressl%2Csource%2Cexpire/mv/u/as/fmp4_audio_clear%2Cfmp4_sd_hd_clear/ipbits/0/ms/au", "width": 426, "tbr": 257.997, "asr": null, "fps": 30, "language": null, "filesize": 11237506, "acodec": "none", "format": "133 - 426x240 (DASH video)", "protocol": "https", "http_headers": {"User-Agent": "Mozilla/5.0 (X11; Linux x86_64; rv:10.0) Gecko/20150101 Firefox/47.0 (Chrome)", "Accept-Charset": "ISO-8859-1,utf-8;q=0.7,*;q=0.7", "Accept": "text/html,application/xhtml+xml,application/xml;q=0.9,*/*;q=0.8", "Accept-Encoding": "gzip, deflate", "Accept-Language": "en-us,en;q=0.5"}}, {"ext": "mp4", "height": 360, "format_note": "DASH video", "vcodec": "avc1.4d401e", "format_id": "134", "url": "https://r2---sn-xjpm-q0nl.googlevideo.com/videoplayback?id=cb5e68ac9ebc3f3b&itag=134&source=youtube&requiressl=yes&mm=31&mn=sn-xjpm-q0nl&ei=KjeKWbjnKIrKVqmhkpAI&pl=16&mv=u&ms=au&ratebypass=yes&mime=video/mp4&gir=yes&clen=11095303&lmt=1428057310473794&dur=367.600&key=dg_yt0&mt=1502229921&signature=6DCAB97D811937F8989399317A06F5B4F327E5DA.63CEFA031581DD4B994BBAE07040327586D6786C&ip=131.159.40.117&ipbits=0&expire=1502251914&sparams=ip,ipbits,expire,id,itag,source,requiressl,mm,mn,ei,pl,mv,ms,ratebypass,mime,gir,clen,lmt,dur", "manifest_url": "https://manifest.googlevideo.com/api/manifest/dash/ip/131.159.40.117/mm/31/mn/sn-xjpm-q0nl/itag/0/key/yt6/playback_host/r2---sn-xjpm-q0nl.googlevideo.com/hfr/1/requiressl/yes/ei/KjeKWbjnKIrKVqmhkpAI/mt/1502229921/id/cb5e68ac9ebc3f3b/signature/6BB2AD531A952203CDE73D77A8A40875987C753C.604223D2870E7B2E79D4FBBF79DE984380B96F1F/expire/1502251914/pl/16/source/youtube/sparams/as%2Cei%2Chfr%2Cid%2Cip%2Cipbits%2Citag%2Cmm%2Cmn%2Cms%2Cmv%2Cpl%2Cplayback_host%2Crequiressl%2Csource%2Cexpire/mv/u/as/fmp4_audio_clear%2Cfmp4_sd_hd_clear/ipbits/0/ms/au", "width": 640, "tbr": 350.078, "asr": null, "fps": 30, "language": null, "filesize": 11095303, "acodec": "none", "format": "134 - 640x360 (DASH video)", "protocol": "https", "http_headers": {"User-Agent": "Mozilla/5.0 (X11; Linux x86_64; rv:10.0) Gecko/20150101 Firefox/47.0 (Chrome)", "Accept-Charset": "ISO-8859-1,utf-8;q=0.7,*;q=0.7", "Accept": "text/html,application/xhtml+xml,application/xml;q=0.9,*/*;q=0.8", "Accept-Encoding": "gzip, deflate", "Accept-Language": "en-us,en;q=0.5"}}, {"ext": "mp4", "height": 480, "format_note": "DASH video", "vcodec": "avc1.4d401f", "format_id": "135", "url": "https://r2---sn-xjpm-q0nl.googlevideo.com/videoplayback?id=cb5e68ac9ebc3f3b&itag=135&source=youtube&requiressl=yes&mm=31&mn=sn-xjpm-q0nl&ei=KjeKWbjnKIrKVqmhkpAI&pl=16&mv=u&ms=au&ratebypass=yes&mime=video/mp4&gir=yes&clen=23068070&lmt=1428057361289993&dur=367.600&key=dg_yt0&mt=1502229921&signature=09B8FE41A52A3EB9F57DE2AA36402EFC49060923.4F819C63ACE89A67D7815933D9C4098FB9A724DE&ip=131.159.40.117&ipbits=0&expire=1502251914&sparams=ip,ipbits,expire,id,itag,source,requiressl,mm,mn,ei,pl,mv,ms,ratebypass,mime,gir,clen,lmt,dur", "manifest_url": "https://manifest.googlevideo.com/api/manifest/dash/ip/131.159.40.117/mm/31/mn/sn-xjpm-q0nl/itag/0/key/yt6/playback_host/r2---sn-xjpm-q0nl.googlevideo.com/hfr/1/requiressl/yes/ei/KjeKWbjnKIrKVqmhkpAI/mt/1502229921/id/cb5e68ac9ebc3f3b/signature/6BB2AD531A952203CDE73D77A8A40875987C753C.604223D2870E7B2E79D4FBBF79DE984380B96F1F/expire/1502251914/pl/16/source/youtube/sparams/as%2Cei%2Chfr%2Cid%2Cip%2Cipbits%2Citag%2Cmm%2Cmn%2Cms%2Cmv%2Cpl%2Cplayback_host%2Crequiressl%2Csource%2Cexpire/mv/u/as/fmp4_audio_clear%2Cfmp4_sd_hd_clear/ipbits/0/ms/au", "width": 854, "tbr": 653.678, "asr": null, "fps": 30, "language": null, "filesize": 23068070, "acodec": "none", "format": "135 - 854x480 (DASH video)", "protocol": "https", "http_headers": {"User-Agent": "Mozilla/5.0 (X11; Linux x86_64; rv:10.0) Gecko/20150101 Firefox/47.0 (Chrome)", "Accept-Charset": "ISO-8859-1,utf-8;q=0.7,*;q=0.7", "Accept": "text/html,application/xhtml+xml,application/xml;q=0.9,*/*;q=0.8", "Accept-Encoding": "gzip, deflate", "Accept-Language": "en-us,en;q=0.5"}}, {"ext": "mp4", "height": 720, "format_note": "DASH video", "vcodec": "avc1.4d401f", "format_id": "136", "url": "https://r2---sn-xjpm-q0nl.googlevideo.com/videoplayback?id=cb5e68ac9ebc3f3b&itag=136&source=youtube&requiressl=yes&mm=31&mn=sn-xjpm-q0nl&ei=KjeKWbjnKIrKVqmhkpAI&pl=16&mv=u&ms=au&ratebypass=yes&mime=video/mp4&gir=yes&clen=46320247&lmt=1428057480921812&dur=367.600&key=dg_yt0&mt=1502229921&signature=5ED4AC7C22E88F63821B08FCB84FB0142BE18569.5F085EF96A4F21A8D6F69CCFFCD0E5E1645A78D0&ip=131.159.40.117&ipbits=0&expire=1502251914&sparams=ip,ipbits,expire,id,itag,source,requiressl,mm,mn,ei,pl,mv,ms,ratebypass,mime,gir,clen,lmt,dur", "manifest_url": "https://manifest.googlevideo.com/api/manifest/dash/ip/131.159.40.117/mm/31/mn/sn-xjpm-q0nl/itag/0/key/yt6/playback_host/r2---sn-xjpm-q0nl.googlevideo.com/hfr/1/requiressl/yes/ei/KjeKWbjnKIrKVqmhkpAI/mt/1502229921/id/cb5e68ac9ebc3f3b/signature/6BB2AD531A952203CDE73D77A8A40875987C753C.604223D2870E7B2E79D4FBBF79DE984380B96F1F/expire/1502251914/pl/16/source/youtube/sparams/as%2Cei%2Chfr%2Cid%2Cip%2Cipbits%2Citag%2Cmm%2Cmn%2Cms%2Cmv%2Cpl%2Cplayback_host%2Crequiressl%2Csource%2Cexpire/mv/u/as/fmp4_audio_clear%2Cfmp4_sd_hd_clear/ipbits/0/ms/au", "width": 1280, "tbr": 1160.542, "asr": null, "fps": 30, "language": null, "filesize": 46320247, "acodec": "none", "format": "136 - 1280x720 (DASH video)", "protocol": "https", "http_headers": {"User-Agent": "Mozilla/5.0 (X11; Linux x86_64; rv:10.0) Gecko/20150101 Firefox/47.0 (Chrome)", "Accept-Charset": "ISO-8859-1,utf-8;q=0.7,*;q=0.7", "Accept": "text/html,application/xhtml+xml,application/xml;q=0.9,*/*;q=0.8", "Accept-Encoding": "gzip, deflate", "Accept-Language": "en-us,en;q=0.5"}}, {"format_id": "17", "url": "https://r2---sn-xjpm-q0nl.googlevideo.com/videoplayback?pl=16&itag=17&mt=1502229921&ms=au&ei=KjeKWZv8DoGmVtOWjsgO&mv=u&key=yt6&lmt=1394262210505488&dur=367.989&ipbits=0&mn=sn-xjpm-q0nl&expire=1502251914&mm=31&gir=yes&requiressl=yes&mime=video%2F3gpp&id=o-AHPXq2s2Gufo84uBW1XVrOKSJ7gSSp8qZs3DIHu2XMPb&source=youtube&signature=22F42CD640AE4987092427B2A2AA216B4C8EDBFF.89ED149CD37C69CC1EA42A68EFB5D077A4A1B59C&ip=131.159.40.117&sparams=clen%2Cdur%2Cei%2Cgir%2Cid%2Cip%2Cipbits%2Citag%2Clmt%2Cmime%2Cmm%2Cmn%2Cms%2Cmv%2Cpl%2Crequiressl%2Csource%2Cexpire&clen=3758734&ratebypass=yes", "player_url": null, "ext": "3gp", "width": 176, "height": 144, "acodec": "mp4a.40.2", "abr": 24, "vcodec": "mp4v.20.3", "resolution": "176x144", "format_note": "small", "format": "17 - 176x144 (small)", "protocol": "https", "http_headers": {"User-Agent": "Mozilla/5.0 (X11; Linux x86_64; rv:10.0) Gecko/20150101 Firefox/47.0 (Chrome)", "Accept-Charset": "ISO-8859-1,utf-8;q=0.7,*;q=0.7", "Accept": "text/html,application/xhtml+xml,application/xml;q=0.9,*/*;q=0.8", "Accept-Encoding": "gzip, deflate", "Accept-Language": "en-us,en;q=0.5"}}, {"format_id": "36", "url": "https://r2---sn-xjpm-q0nl.googlevideo.com/videoplayback?pl=16&itag=36&mt=1502229921&ms=au&ei=KjeKWZv8DoGmVtOWjsgO&mv=u&key=yt6&lmt=1394262249013937&dur=367.850&ipbits=0&mn=sn-xjpm-q0nl&expire=1502251914&mm=31&gir=yes&requiressl=yes&mime=video%2F3gpp&id=o-AHPXq2s2Gufo84uBW1XVrOKSJ7gSSp8qZs3DIHu2XMPb&source=youtube&signature=90F2620BA1CA4E7F8331340699E384A1CFAF7A88.B9A7776F45931520E4E0670E145A75C3DD60FBFA&ip=131.159.40.117&sparams=clen%2Cdur%2Cei%2Cgir%2Cid%2Cip%2Cipbits%2Citag%2Clmt%2Cmime%2Cmm%2Cmn%2Cms%2Cmv%2Cpl%2Crequiressl%2Csource%2Cexpire&clen=10429548&ratebypass=yes", "player_url": null, "ext": "3gp", "width": 320, "acodec": "mp4a.40.2", "vcodec": "mp4v.20.3", "resolution": "320x180", "height": 180, "format_note": "small", "format": "36 - 320x180 (small)", "protocol": "https", "http_headers": {"User-Agent": "Mozilla/5.0 (X11; Linux x86_64; rv:10.0) Gecko/20150101 Firefox/47.0 (Chrome)", "Accept-Charset": "ISO-8859-1,utf-8;q=0.7,*;q=0.7", "Accept": "text/html,application/xhtml+xml,application/xml;q=0.9,*/*;q=0.8", "Accept-Encoding": "gzip, deflate", "Accept-Language": "en-us,en;q=0.5"}}, {"format_id": "43", "url": "https://r2---sn-xjpm-q0nl.googlevideo.com/videoplayback?mv=u&key=yt6&lmt=1374436367738488&dur=0.000&ipbits=0&mn=sn-xjpm-q0nl&requiressl=yes&mime=video%2Fwebm&signature=2D6D75AF2B29A26061CE4B298A62F4D973A94F76.B75FE0FEA1138B6C2F30ECCB17B82EF1F0EEDE82&source=youtube&pl=16&itag=43&mt=1502229921&ms=au&ei=KjeKWZv8DoGmVtOWjsgO&expire=1502251914&mm=31&ratebypass=yes&ip=131.159.40.117&id=o-AHPXq2s2Gufo84uBW1XVrOKSJ7gSSp8qZs3DIHu2XMPb&gir=yes&sparams=clen%2Cdur%2Cei%2Cgir%2Cid%2Cip%2Cipbits%2Citag%2Clmt%2Cmime%2Cmm%2Cmn%2Cms%2Cmv%2Cpl%2Cratebypass%2Crequiressl%2Csource%2Cexpire&clen=30674376", "player_url": null, "ext": "webm", "width": 640, "height": 360, "acodec": "vorbis", "abr": 128, "vcodec": "vp8.0", "resolution": "640x360", "format_note": "medium", "format": "43 - 640x360 (medium)", "protocol": "https", "http_headers": {"User-Agent": "Mozilla/5.0 (X11; Linux x86_64; rv:10.0) Gecko/20150101 Firefox/47.0 (Chrome)", "Accept-Charset": "ISO-8859-1,utf-8;q=0.7,*;q=0.7", "Accept": "text/html,application/xhtml+xml,application/xml;q=0.9,*/*;q=0.8", "Accept-Encoding": "gzip, deflate", "Accept-Language": "en-us,en;q=0.5"}}, {"format_id": "18", "url": "https://r2---sn-xjpm-q0nl.googlevideo.com/videoplayback?mv=u&key=yt6&lmt=1428057156924868&dur=367.664&ipbits=0&mn=sn-xjpm-q0nl&requiressl=yes&mime=video%2Fmp4&signature=C37621D43B2909CB99E12CFE7765FF5D6AE228FD.DC85AA87833145A4B4C8CA62638037F08DD4CEF9&source=youtube&pl=16&itag=18&mt=1502229921&ms=au&ei=KjeKWZv8DoGmVtOWjsgO&expire=1502251914&mm=31&ratebypass=yes&ip=131.159.40.117&id=o-AHPXq2s2Gufo84uBW1XVrOKSJ7gSSp8qZs3DIHu2XMPb&gir=yes&sparams=clen%2Cdur%2Cei%2Cgir%2Cid%2Cip%2Cipbits%2Citag%2Clmt%2Cmime%2Cmm%2Cmn%2Cms%2Cmv%2Cpl%2Cratebypass%2Crequiressl%2Csource%2Cexpire&clen=22220807", "player_url": null, "ext": "mp4", "width": 640, "height": 360, "acodec": "mp4a.40.2", "abr": 96, "vcodec": "avc1.42001E", "resolution": "640x360", "format_note": "medium", "format": "18 - 640x360 (medium)", "protocol": "https", "http_headers": {"User-Agent": "Mozilla/5.0 (X11; Linux x86_64; rv:10.0) Gecko/20150101 Firefox/47.0 (Chrome)", "Accept-Charset": "ISO-8859-1,utf-8;q=0.7,*;q=0.7", "Accept": "text/html,application/xhtml+xml,application/xml;q=0.9,*/*;q=0.8", "Accept-Encoding": "gzip, deflate", "Accept-Language": "en-us,en;q=0.5"}}, {"format_id": "22", "url": "https://r2---sn-xjpm-q0nl.googlevideo.com/videoplayback?pl=16&itag=22&ratebypass=yes&ip=131.159.40.117&ms=au&requiressl=yes&ei=KjeKWZv8DoGmVtOWjsgO&mv=u&key=yt6&lmt=1472434194162171&mt=1502229921&dur=367.664&id=o-AHPXq2s2Gufo84uBW1XVrOKSJ7gSSp8qZs3DIHu2XMPb&ipbits=0&signature=36DF7C26BC56EE7803655B4905AD90E4EFBE797E.4558A0C29F1C7B36F3E1A6CF1BDBD3A4D48CC0BE&expire=1502251914&mn=sn-xjpm-q0nl&mm=31&source=youtube&sparams=dur%2Cei%2Cid%2Cip%2Cipbits%2Citag%2Clmt%2Cmime%2Cmm%2Cmn%2Cms%2Cmv%2Cpl%2Cratebypass%2Crequiressl%2Csource%2Cexpire&mime=video%2Fmp4", "player_url": null, "ext": "mp4", "width": 1280, "height": 720, "acodec": "mp4a.40.2", "abr": 192, "vcodec": "avc1.64001F", "resolution": "1280x720", "format_note": "hd720", "format": "22 - 1280x720 (hd720)", "protocol": "https", "http_headers": {"User-Agent": "Mozilla/5.0 (X11; Linux x86_64; rv:10.0) Gecko/20150101 Firefox/47.0 (Chrome)", "Accept-Charset": "ISO-8859-1,utf-8;q=0.7,*;q=0.7", "Accept": "text/html,application/xhtml+xml,application/xml;q=0.9,*/*;q=0.8", "Accept-Encoding": "gzip, deflate", "Accept-Language": "en-us,en;q=0.5"}}], "is_live": null, "start_time": null, "end_time": null, "series": null, "season_number": null, "episode_number": null, "extractor": "youtube", "webpage_url_basename": "y15orJ68Pzs", "extractor_key": "Youtube", "playlist": null, "playlist_index": null, "thumbnails": [{"url": "https://i.ytimg.com/vi/y15orJ68Pzs/hqdefault.jpg", "id": "0"}], "display_id": "y15orJ68Pzs", "ext": "mp4", "height": 720, "format_note": "DASH video", "vcodec": "avc1.4d401f", "format_id": "136", "url": "https://r2---sn-xjpm-q0nl.googlevideo.com/videoplayback?id=cb5e68ac9ebc3f3b&itag=136&source=youtube&requiressl=yes&mm=31&mn=sn-xjpm-q0nl&ei=KjeKWbjnKIrKVqmhkpAI&pl=16&mv=u&ms=au&ratebypass=yes&mime=video/mp4&gir=yes&clen=46320247&lmt=1428057480921812&dur=367.600&key=dg_yt0&mt=1502229921&signature=5ED4AC7C22E88F63821B08FCB84FB0142BE18569.5F085EF96A4F21A8D6F69CCFFCD0E5E1645A78D0&ip=131.159.40.117&ipbits=0&expire=1502251914&sparams=ip,ipbits,expire,id,itag,source,requiressl,mm,mn,ei,pl,mv,ms,ratebypass,mime,gir,clen,lmt,dur", "manifest_url": "https://manifest.googlevideo.com/api/manifest/dash/ip/131.159.40.117/mm/31/mn/sn-xjpm-q0nl/itag/0/key/yt6/playback_host/r2---sn-xjpm-q0nl.googlevideo.com/hfr/1/requiressl/yes/ei/KjeKWbjnKIrKVqmhkpAI/mt/1502229921/id/cb5e68ac9ebc3f3b/signature/6BB2AD531A952203CDE73D77A8A40875987C753C.604223D2870E7B2E79D4FBBF79DE984380B96F1F/expire/1502251914/pl/16/source/youtube/sparams/as%2Cei%2Chfr%2Cid%2Cip%2Cipbits%2Citag%2Cmm%2Cmn%2Cms%2Cmv%2Cpl%2Cplayback_host%2Crequiressl%2Csource%2Cexpire/mv/u/as/fmp4_audio_clear%2Cfmp4_sd_hd_clear/ipbits/0/ms/au", "width": 1280, "tbr": 1160.542, "asr": null, "fps": 30, "language": null, "filesize": 46320247, "acodec": "none", "format": "136 - 1280x720 (DASH video)", "protocol": "https", "http_headers": {"User-Agent": "Mozilla/5.0 (X11; Linux x86_64; rv:10.0) Gecko/20150101 Firefox/47.0 (Chrome)", "Accept-Charset": "ISO-8859-1,utf-8;q=0.7,*;q=0.7", "Accept": "text/html,application/xhtml+xml,application/xml;q=0.9,*/*;q=0.8", "Accept-Encoding": "gzip, deflate", "Accept-Language": "en-us,en;q=0.5"}, "fulltitle": "Elimina las ojeras y las bolsas de los ojos con leche y c\u00farcuma- Anastassia Sfeir", "_filename": "y15orJ68Pzs.mp4"}