{"id": "NA9U0oHjAL8", "uploader": "ABS-CBN News", "uploader_id": "TheABSCBNNews", "uploader_url": "http://www.youtube.com/user/TheABSCBNNews", "upload_date": "20140722", "license": "Standard YouTube License", "creator": null, "title": "60 percent of Quezon still in darkness after 'Glenda'", "alt_title": null, "thumbnail": "https://i.ytimg.com/vi/NA9U0oHjAL8/hqdefault.jpg", "description": "A week since typhoon Glenda hits some places in the country, darkness still covered the major part of Quezon province.\n\nSubscribe to the ABS-CBN News channel! - http://goo.gl/7lR5ep\n\nWatch the full episodes of TV Patrol on TFC.TV\nhttp://bit.ly/TVP-TFCTV\nand on IWANT.TV for Philippine viewers, click:\nhttp://bit.ly/TVP-IWANTV\n\nVisit our website at http://www.abs-cbnnews.com\nFacebook: https://www.facebook.com/abscbnNEWS\nTwitter: https://twitter.com/abscbnnews", "categories": ["News & Politics"], "tags": ["ABS-CBN", "ABS-CBN News", "ABS News", "ABS-CBN Program", "News", "Showbiz News", "Philippines", "Philippine Entertainment", "ABS-CBN Philippines", "News and Current Affairs", "NCA", "July 22 2014", "20140722news", "TV Patrol", "Korina Sanchez", "Ted Failon", "Noli De Castro", "Typhoon Glenda", "Brownout", "Quezon Province", "darkness"], "subtitles": {}, "automatic_captions": {}, "duration": 145, "age_limit": 0, "annotations": null, "chapters": null, "webpage_url": "https://www.youtube.com/watch?v=NA9U0oHjAL8", "view_count": 4857, "like_count": 11, "dislike_count": 0, "average_rating": 5.0, "formats": [{"ext": "m4a", "format_note": "DASH audio", "acodec": "mp4a.40.5", "abr": 48, "container": "m4a_dash", "format_id": "139", "url": "https://r9---sn-4g57knd7.googlevideo.com/videoplayback?id=340f54d281e300bf&itag=139&source=youtube&requiressl=yes&initcwndbps=3007500&mn=sn-4g57knd7&mm=31&ms=au&ei=oHWLWf7_KcamWt3JkcgL&pl=16&mv=m&ratebypass=yes&mime=audio/mp4&gir=yes&clen=874999&lmt=1406033848861658&dur=144.938&mt=1502311711&signature=10CE91FE0C683F26CBFB583D862FD185A7DEEFE1.203CAB68A677EFB3C99EDDBF838AE6B9D868049B&key=dg_yt0&ip=131.159.40.117&ipbits=0&expire=1502333440&sparams=ip,ipbits,expire,id,itag,source,requiressl,initcwndbps,mn,mm,ms,ei,pl,mv,ratebypass,mime,gir,clen,lmt,dur", "manifest_url": "https://manifest.googlevideo.com/api/manifest/dash/mt/1502311711/id/340f54d281e300bf/initcwndbps/3007500/signature/09DBE94F9BC854D2DB7B341005DEFAE1B8709236.2C0C9093252DAEB3C2C0ECB08E9CDA79F4030601/expire/1502333440/hfr/1/mn/sn-4g57knd7/mm/31/requiressl/yes/ms/au/ipbits/0/ei/oHWLWf7_KcamWt3JkcgL/as/fmp4_audio_clear%2Cfmp4_sd_hd_clear/playback_host/r9---sn-4g57knd7.googlevideo.com/sparams/as%2Cei%2Chfr%2Cid%2Cinitcwndbps%2Cip%2Cipbits%2Citag%2Cmm%2Cmn%2Cms%2Cmv%2Cpl%2Cplayback_host%2Crequiressl%2Csource%2Cexpire/source/youtube/pl/16/itag/0/ip/131.159.40.117/key/yt6/mv/m", "width": null, "height": null, "tbr": 49.122, "asr": 22050, "fps": null, "language": null, "filesize": 874999, "vcodec": "none", "format": "139 - audio only (DASH audio)", "protocol": "https", "http_headers": {"User-Agent": "Mozilla/5.0 (X11; Linux x86_64; rv:10.0) Gecko/20150101 Firefox/47.0 (Chrome)", "Accept-Charset": "ISO-8859-1,utf-8;q=0.7,*;q=0.7", "Accept": "text/html,application/xhtml+xml,application/xml;q=0.9,*/*;q=0.8", "Accept-Encoding": "gzip, deflate", "Accept-Language": "en-us,en;q=0.5"}}, {"format_id": "171", "url": "https://r9---sn-4g57knd7.googlevideo.com/videoplayback?expire=1502333440&itag=171&mime=audio%2Fwebm&dur=144.810&ei=oHWLWeHTCISlWMTxgdAM&requiressl=yes&sparams=clen%2Cdur%2Cei%2Cgir%2Cid%2Cinitcwndbps%2Cip%2Cipbits%2Citag%2Ckeepalive%2Clmt%2Cmime%2Cmm%2Cmn%2Cms%2Cmv%2Cpl%2Crequiressl%2Csource%2Cexpire&gir=yes&signature=A68835078ECBAE1B71244DEE5833CC687A29794A.4FD19F36E44189EF3596E378849E21E595078A12&pl=16&mt=1502311711&id=o-AN6fyFTUo5ofxD9yXXy7f8BJ3te9C0sE0ajswFsgajpi&mv=m&initcwndbps=3007500&ipbits=0&ms=au&mm=31&mn=sn-4g57knd7&ip=131.159.40.117&key=yt6&keepalive=yes&source=youtube&clen=1550952&lmt=1406250872873585&ratebypass=yes", "player_url": null, "ext": "webm", "acodec": "vorbis", "format_note": "DASH audio", "abr": 128, "filesize": 1550952, "tbr": 93.749, "fps": 1, "vcodec": "none", "format": "171 - audio only (DASH audio)", "protocol": "https", "http_headers": {"User-Agent": "Mozilla/5.0 (X11; Linux x86_64; rv:10.0) Gecko/20150101 Firefox/47.0 (Chrome)", "Accept-Charset": "ISO-8859-1,utf-8;q=0.7,*;q=0.7", "Accept": "text/html,application/xhtml+xml,application/xml;q=0.9,*/*;q=0.8", "Accept-Encoding": "gzip, deflate", "Accept-Language": "en-us,en;q=0.5"}}, {"ext": "m4a", "format_note": "DASH audio", "acodec": "mp4a.40.2", "abr": 128, "container": "m4a_dash", "format_id": "140", "url": "https://r9---sn-4g57knd7.googlevideo.com/videoplayback?id=340f54d281e300bf&itag=140&source=youtube&requiressl=yes&initcwndbps=3007500&mn=sn-4g57knd7&mm=31&ms=au&ei=oHWLWf7_KcamWt3JkcgL&pl=16&mv=m&ratebypass=yes&mime=audio/mp4&gir=yes&clen=2326391&lmt=1406033846136962&dur=144.868&mt=1502311711&signature=80538AD1711C43AFD84965B45953E4880A92D566.4708BF91C234BAA1F04F54A97C7C74755AD79439&key=dg_yt0&ip=131.159.40.117&ipbits=0&expire=1502333440&sparams=ip,ipbits,expire,id,itag,source,requiressl,initcwndbps,mn,mm,ms,ei,pl,mv,ratebypass,mime,gir,clen,lmt,dur", "manifest_url": "https://manifest.googlevideo.com/api/manifest/dash/mt/1502311711/id/340f54d281e300bf/initcwndbps/3007500/signature/09DBE94F9BC854D2DB7B341005DEFAE1B8709236.2C0C9093252DAEB3C2C0ECB08E9CDA79F4030601/expire/1502333440/hfr/1/mn/sn-4g57knd7/mm/31/requiressl/yes/ms/au/ipbits/0/ei/oHWLWf7_KcamWt3JkcgL/as/fmp4_audio_clear%2Cfmp4_sd_hd_clear/playback_host/r9---sn-4g57knd7.googlevideo.com/sparams/as%2Cei%2Chfr%2Cid%2Cinitcwndbps%2Cip%2Cipbits%2Citag%2Cmm%2Cmn%2Cms%2Cmv%2Cpl%2Cplayback_host%2Crequiressl%2Csource%2Cexpire/source/youtube/pl/16/itag/0/ip/131.159.40.117/key/yt6/mv/m", "width": null, "height": null, "tbr": 129.215, "asr": 44100, "fps": null, "language": null, "filesize": 2326391, "vcodec": "none", "format": "140 - audio only (DASH audio)", "protocol": "https", "http_headers": {"User-Agent": "Mozilla/5.0 (X11; Linux x86_64; rv:10.0) Gecko/20150101 Firefox/47.0 (Chrome)", "Accept-Charset": "ISO-8859-1,utf-8;q=0.7,*;q=0.7", "Accept": "text/html,application/xhtml+xml,application/xml;q=0.9,*/*;q=0.8", "Accept-Encoding": "gzip, deflate", "Accept-Language": "en-us,en;q=0.5"}}, {"ext": "mp4", "height": 144, "format_note": "DASH video", "vcodec": "avc1.42c00c", "format_id": "160", "url": "https://r9---sn-4g57knd7.googlevideo.com/videoplayback?id=340f54d281e300bf&itag=160&source=youtube&requiressl=yes&initcwndbps=3007500&mn=sn-4g57knd7&mm=31&ms=au&ei=oHWLWf7_KcamWt3JkcgL&pl=16&mv=m&ratebypass=yes&mime=video/mp4&gir=yes&clen=1967432&lmt=1406033852117210&dur=144.800&mt=1502311711&signature=3C99078978A5E09D4BC1789EAB5C2F45447C85CC.8217A223618F31047D295ECEA7D48CFA1907F1F7&key=dg_yt0&ip=131.159.40.117&ipbits=0&expire=1502333440&sparams=ip,ipbits,expire,id,itag,source,requiressl,initcwndbps,mn,mm,ms,ei,pl,mv,ratebypass,mime,gir,clen,lmt,dur", "manifest_url": "https://manifest.googlevideo.com/api/manifest/dash/mt/1502311711/id/340f54d281e300bf/initcwndbps/3007500/signature/09DBE94F9BC854D2DB7B341005DEFAE1B8709236.2C0C9093252DAEB3C2C0ECB08E9CDA79F4030601/expire/1502333440/hfr/1/mn/sn-4g57knd7/mm/31/requiressl/yes/ms/au/ipbits/0/ei/oHWLWf7_KcamWt3JkcgL/as/fmp4_audio_clear%2Cfmp4_sd_hd_clear/playback_host/r9---sn-4g57knd7.googlevideo.com/sparams/as%2Cei%2Chfr%2Cid%2Cinitcwndbps%2Cip%2Cipbits%2Citag%2Cmm%2Cmn%2Cms%2Cmv%2Cpl%2Cplayback_host%2Crequiressl%2Csource%2Cexpire/source/youtube/pl/16/itag/0/ip/131.159.40.117/key/yt6/mv/m", "width": 192, "tbr": 110.348, "asr": null, "fps": 15, "language": null, "filesize": 1967432, "acodec": "none", "format": "160 - 192x144 (DASH video)", "protocol": "https", "http_headers": {"User-Agent": "Mozilla/5.0 (X11; Linux x86_64; rv:10.0) Gecko/20150101 Firefox/47.0 (Chrome)", "Accept-Charset": "ISO-8859-1,utf-8;q=0.7,*;q=0.7", "Accept": "text/html,application/xhtml+xml,application/xml;q=0.9,*/*;q=0.8", "Accept-Encoding": "gzip, deflate", "Accept-Language": "en-us,en;q=0.5"}}, {"ext": "mp4", "height": 240, "format_note": "DASH video", "vcodec": "avc1.4d400d", "format_id": "133", "url": "https://r9---sn-4g57knd7.googlevideo.com/videoplayback?id=340f54d281e300bf&itag=133&source=youtube&requiressl=yes&initcwndbps=3007500&mn=sn-4g57knd7&mm=31&ms=au&ei=oHWLWf7_KcamWt3JkcgL&pl=16&mv=m&ratebypass=yes&mime=video/mp4&gir=yes&clen=4429425&lmt=1406033851867884&dur=144.800&mt=1502311711&signature=18069B8644DCA4AE3CF8B1799451378616FBE27E.35D3E2EAACF8098A7E09F02FC1D05675218CB99A&key=dg_yt0&ip=131.159.40.117&ipbits=0&expire=1502333440&sparams=ip,ipbits,expire,id,itag,source,requiressl,initcwndbps,mn,mm,ms,ei,pl,mv,ratebypass,mime,gir,clen,lmt,dur", "manifest_url": "https://manifest.googlevideo.com/api/manifest/dash/mt/1502311711/id/340f54d281e300bf/initcwndbps/3007500/signature/09DBE94F9BC854D2DB7B341005DEFAE1B8709236.2C0C9093252DAEB3C2C0ECB08E9CDA79F4030601/expire/1502333440/hfr/1/mn/sn-4g57knd7/mm/31/requiressl/yes/ms/au/ipbits/0/ei/oHWLWf7_KcamWt3JkcgL/as/fmp4_audio_clear%2Cfmp4_sd_hd_clear/playback_host/r9---sn-4g57knd7.googlevideo.com/sparams/as%2Cei%2Chfr%2Cid%2Cinitcwndbps%2Cip%2Cipbits%2Citag%2Cmm%2Cmn%2Cms%2Cmv%2Cpl%2Cplayback_host%2Crequiressl%2Csource%2Cexpire/source/youtube/pl/16/itag/0/ip/131.159.40.117/key/yt6/mv/m", "width": 320, "tbr": 249.083, "asr": null, "fps": 30, "language": null, "filesize": 4429425, "acodec": "none", "format": "133 - 320x240 (DASH video)", "protocol": "https", "http_headers": {"User-Agent": "Mozilla/5.0 (X11; Linux x86_64; rv:10.0) Gecko/20150101 Firefox/47.0 (Chrome)", "Accept-Charset": "ISO-8859-1,utf-8;q=0.7,*;q=0.7", "Accept": "text/html,application/xhtml+xml,application/xml;q=0.9,*/*;q=0.8", "Accept-Encoding": "gzip, deflate", "Accept-Language": "en-us,en;q=0.5"}}, {"ext": "mp4", "height": 360, "format_note": "DASH video", "vcodec": "avc1.4d401e", "format_id": "134", "url": "https://r9---sn-4g57knd7.googlevideo.com/videoplayback?id=340f54d281e300bf&itag=134&source=youtube&requiressl=yes&initcwndbps=3007500&mn=sn-4g57knd7&mm=31&ms=au&ei=oHWLWf7_KcamWt3JkcgL&pl=16&mv=m&ratebypass=yes&mime=video/mp4&gir=yes&clen=8110486&lmt=1406033851870466&dur=144.800&mt=1502311711&signature=2161F0B33B6B68F4144184B9858A14ECF42B0C70.0E792168B2C5FC4760E0750158B47A3E902E12B4&key=dg_yt0&ip=131.159.40.117&ipbits=0&expire=1502333440&sparams=ip,ipbits,expire,id,itag,source,requiressl,initcwndbps,mn,mm,ms,ei,pl,mv,ratebypass,mime,gir,clen,lmt,dur", "manifest_url": "https://manifest.googlevideo.com/api/manifest/dash/mt/1502311711/id/340f54d281e300bf/initcwndbps/3007500/signature/09DBE94F9BC854D2DB7B341005DEFAE1B8709236.2C0C9093252DAEB3C2C0ECB08E9CDA79F4030601/expire/1502333440/hfr/1/mn/sn-4g57knd7/mm/31/requiressl/yes/ms/au/ipbits/0/ei/oHWLWf7_KcamWt3JkcgL/as/fmp4_audio_clear%2Cfmp4_sd_hd_clear/playback_host/r9---sn-4g57knd7.googlevideo.com/sparams/as%2Cei%2Chfr%2Cid%2Cinitcwndbps%2Cip%2Cipbits%2Citag%2Cmm%2Cmn%2Cms%2Cmv%2Cpl%2Cplayback_host%2Crequiressl%2Csource%2Cexpire/source/youtube/pl/16/itag/0/ip/131.159.40.117/key/yt6/mv/m", "width": 480, "tbr": 604.779, "asr": null, "fps": 30, "language": null, "filesize": 8110486, "acodec": "none", "format": "134 - 480x360 (DASH video)", "protocol": "https", "http_headers": {"User-Agent": "Mozilla/5.0 (X11; Linux x86_64; rv:10.0) Gecko/20150101 Firefox/47.0 (Chrome)", "Accept-Charset": "ISO-8859-1,utf-8;q=0.7,*;q=0.7", "Accept": "text/html,application/xhtml+xml,application/xml;q=0.9,*/*;q=0.8", "Accept-Encoding": "gzip, deflate", "Accept-Language": "en-us,en;q=0.5"}}, {"ext": "mp4", "height": 480, "format_note": "DASH video", "vcodec": "avc1.4d401e", "format_id": "135", "url": "https://r9---sn-4g57knd7.googlevideo.com/videoplayback?id=340f54d281e300bf&itag=135&source=youtube&requiressl=yes&initcwndbps=3007500&mn=sn-4g57knd7&mm=31&ms=au&ei=oHWLWf7_KcamWt3JkcgL&pl=16&mv=m&ratebypass=yes&mime=video/mp4&gir=yes&clen=15740393&lmt=1406033856660176&dur=144.800&mt=1502311711&signature=4749D6A3A519EBC0C0BE5601AAD5F95B0B925A4E.1BA6BB45E701ABBD06F845ED888A5D1353FFB6C4&key=dg_yt0&ip=131.159.40.117&ipbits=0&expire=1502333440&sparams=ip,ipbits,expire,id,itag,source,requiressl,initcwndbps,mn,mm,ms,ei,pl,mv,ratebypass,mime,gir,clen,lmt,dur", "manifest_url": "https://manifest.googlevideo.com/api/manifest/dash/mt/1502311711/id/340f54d281e300bf/initcwndbps/3007500/signature/09DBE94F9BC854D2DB7B341005DEFAE1B8709236.2C0C9093252DAEB3C2C0ECB08E9CDA79F4030601/expire/1502333440/hfr/1/mn/sn-4g57knd7/mm/31/requiressl/yes/ms/au/ipbits/0/ei/oHWLWf7_KcamWt3JkcgL/as/fmp4_audio_clear%2Cfmp4_sd_hd_clear/playback_host/r9---sn-4g57knd7.googlevideo.com/sparams/as%2Cei%2Chfr%2Cid%2Cinitcwndbps%2Cip%2Cipbits%2Citag%2Cmm%2Cmn%2Cms%2Cmv%2Cpl%2Cplayback_host%2Crequiressl%2Csource%2Cexpire/source/youtube/pl/16/itag/0/ip/131.159.40.117/key/yt6/mv/m", "width": 640, "tbr": 1106.896, "asr": null, "fps": 30, "language": null, "filesize": 15740393, "acodec": "none", "format": "135 - 640x480 (DASH video)", "protocol": "https", "http_headers": {"User-Agent": "Mozilla/5.0 (X11; Linux x86_64; rv:10.0) Gecko/20150101 Firefox/47.0 (Chrome)", "Accept-Charset": "ISO-8859-1,utf-8;q=0.7,*;q=0.7", "Accept": "text/html,application/xhtml+xml,application/xml;q=0.9,*/*;q=0.8", "Accept-Encoding": "gzip, deflate", "Accept-Language": "en-us,en;q=0.5"}}, {"format_id": "17", "url": "https://r9---sn-4g57knd7.googlevideo.com/videoplayback?expire=1502333440&itag=17&mime=video%2F3gpp&dur=145.031&ei=oHWLWeHTCISlWMTxgdAM&requiressl=yes&sparams=clen%2Cdur%2Cei%2Cgir%2Cid%2Cinitcwndbps%2Cip%2Cipbits%2Citag%2Clmt%2Cmime%2Cmm%2Cmn%2Cms%2Cmv%2Cpl%2Crequiressl%2Csource%2Cexpire&gir=yes&signature=10180CB88FFDADEE9EDE23B2B8509B3B48DDE526.2DB33B7B34C277302DFAD84F906E13CED90EAFB7&pl=16&mt=1502311711&id=o-AN6fyFTUo5ofxD9yXXy7f8BJ3te9C0sE0ajswFsgajpi&mv=m&initcwndbps=3007500&ipbits=0&ms=au&mm=31&mn=sn-4g57knd7&ip=131.159.40.117&key=yt6&source=youtube&clen=1440029&lmt=1406033870140614&ratebypass=yes", "player_url": null, "ext": "3gp", "width": 176, "height": 144, "acodec": "mp4a.40.2", "abr": 24, "vcodec": "mp4v.20.3", "resolution": "176x144", "format_note": "small", "format": "17 - 176x144 (small)", "protocol": "https", "http_headers": {"User-Agent": "Mozilla/5.0 (X11; Linux x86_64; rv:10.0) Gecko/20150101 Firefox/47.0 (Chrome)", "Accept-Charset": "ISO-8859-1,utf-8;q=0.7,*;q=0.7", "Accept": "text/html,application/xhtml+xml,application/xml;q=0.9,*/*;q=0.8", "Accept-Encoding": "gzip, deflate", "Accept-Language": "en-us,en;q=0.5"}}, {"format_id": "36", "url": "https://r9---sn-4g57knd7.googlevideo.com/videoplayback?expire=1502333440&itag=36&mime=video%2F3gpp&dur=144.985&ei=oHWLWeHTCISlWMTxgdAM&requiressl=yes&sparams=clen%2Cdur%2Cei%2Cgir%2Cid%2Cinitcwndbps%2Cip%2Cipbits%2Citag%2Clmt%2Cmime%2Cmm%2Cmn%2Cms%2Cmv%2Cpl%2Crequiressl%2Csource%2Cexpire&gir=yes&signature=D835EAF4059EE4F1329D52E5157479AAB9784B88.CE8127F566F45B01AFF6FD031414CC8471BD0AA0&pl=16&mt=1502311711&id=o-AN6fyFTUo5ofxD9yXXy7f8BJ3te9C0sE0ajswFsgajpi&mv=m&initcwndbps=3007500&ipbits=0&ms=au&mm=31&mn=sn-4g57knd7&ip=131.159.40.117&key=yt6&source=youtube&clen=4086598&lmt=1406033880587813&ratebypass=yes", "player_url": null, "ext": "3gp", "width": 320, "acodec": "mp4a.40.2", "vcodec": "mp4v.20.3", "resolution": "320x240", "height": 240, "format_note": "small", "format": "36 - 320x240 (small)", "protocol": "https", "http_headers": {"User-Agent": "Mozilla/5.0 (X11; Linux x86_64; rv:10.0) Gecko/20150101 Firefox/47.0 (Chrome)", "Accept-Charset": "ISO-8859-1,utf-8;q=0.7,*;q=0.7", "Accept": "text/html,application/xhtml+xml,application/xml;q=0.9,*/*;q=0.8", "Accept-Encoding": "gzip, deflate", "Accept-Language": "en-us,en;q=0.5"}}, {"format_id": "18", "url": "https://r9---sn-4g57knd7.googlevideo.com/videoplayback?expire=1502333440&itag=18&mime=video%2Fmp4&dur=144.869&ei=oHWLWeHTCISlWMTxgdAM&requiressl=yes&sparams=clen%2Cdur%2Cei%2Cgir%2Cid%2Cinitcwndbps%2Cip%2Cipbits%2Citag%2Clmt%2Cmime%2Cmm%2Cmn%2Cms%2Cmv%2Cpl%2Cratebypass%2Crequiressl%2Csource%2Cexpire&gir=yes&signature=D5D209067DD333BE3B5372CA6E745B46E71012AB.A705C38F340D43018415294C6A8C5C03422CBA66&pl=16&mt=1502311711&id=o-AN6fyFTUo5ofxD9yXXy7f8BJ3te9C0sE0ajswFsgajpi&mv=m&initcwndbps=3007500&ipbits=0&ms=au&mm=31&mn=sn-4g57knd7&ip=131.159.40.117&key=yt6&source=youtube&clen=10875973&ratebypass=yes&lmt=1406033859514373", "player_url": null, "ext": "mp4", "width": 480, "height": 360, "acodec": "mp4a.40.2", "abr": 96, "vcodec": "avc1.42001E", "resolution": "480x360", "format_note": "medium", "format": "18 - 480x360 (medium)", "protocol": "https", "http_headers": {"User-Agent": "Mozilla/5.0 (X11; Linux x86_64; rv:10.0) Gecko/20150101 Firefox/47.0 (Chrome)", "Accept-Charset": "ISO-8859-1,utf-8;q=0.7,*;q=0.7", "Accept": "text/html,application/xhtml+xml,application/xml;q=0.9,*/*;q=0.8", "Accept-Encoding": "gzip, deflate", "Accept-Language": "en-us,en;q=0.5"}}, {"format_id": "43", "url": "https://r9---sn-4g57knd7.googlevideo.com/videoplayback?expire=1502333440&itag=43&mime=video%2Fwebm&dur=0.000&ei=oHWLWeHTCISlWMTxgdAM&requiressl=yes&sparams=clen%2Cdur%2Cei%2Cgir%2Cid%2Cinitcwndbps%2Cip%2Cipbits%2Citag%2Clmt%2Cmime%2Cmm%2Cmn%2Cms%2Cmv%2Cpl%2Cratebypass%2Crequiressl%2Csource%2Cexpire&gir=yes&signature=74282A57A6C2670E491833716B178F17B62E0EFA.0CDCAF86551324113CE25F6FA058B355BC219759&pl=16&mt=1502311711&id=o-AN6fyFTUo5ofxD9yXXy7f8BJ3te9C0sE0ajswFsgajpi&mv=m&initcwndbps=3007500&ipbits=0&ms=au&mm=31&mn=sn-4g57knd7&ip=131.159.40.117&key=yt6&source=youtube&clen=15068778&ratebypass=yes&lmt=1406062336366459", "player_url": null, "ext": "webm", "width": 640, "height": 360, "acodec": "vorbis", "abr": 128, "vcodec": "vp8.0", "resolution": "640x360", "format_note": "medium", "format": "43 - 640x360 (medium)", "protocol": "https", "http_headers": {"User-Agent": "Mozilla/5.0 (X11; Linux x86_64; rv:10.0) Gecko/20150101 Firefox/47.0 (Chrome)", "Accept-Charset": "ISO-8859-1,utf-8;q=0.7,*;q=0.7", "Accept": "text/html,application/xhtml+xml,application/xml;q=0.9,*/*;q=0.8", "Accept-Encoding": "gzip, deflate", "Accept-Language": "en-us,en;q=0.5"}}], "is_live": null, "start_time": null, "end_time": null, "series": null, "season_number": null, "episode_number": null, "extractor": "youtube", "webpage_url_basename": "NA9U0oHjAL8", "extractor_key": "Youtube", "playlist": null, "playlist_index": null, "thumbnails": [{"url": "https://i.ytimg.com/vi/NA9U0oHjAL8/hqdefault.jpg", "id": "0"}], "display_id": "NA9U0oHjAL8", "ext": "mp4", "height": 480, "format_note": "DASH video", "vcodec": "avc1.4d401e", "format_id": "135", "url": "https://r9---sn-4g57knd7.googlevideo.com/videoplayback?id=340f54d281e300bf&itag=135&source=youtube&requiressl=yes&initcwndbps=3007500&mn=sn-4g57knd7&mm=31&ms=au&ei=oHWLWf7_KcamWt3JkcgL&pl=16&mv=m&ratebypass=yes&mime=video/mp4&gir=yes&clen=15740393&lmt=1406033856660176&dur=144.800&mt=1502311711&signature=4749D6A3A519EBC0C0BE5601AAD5F95B0B925A4E.1BA6BB45E701ABBD06F845ED888A5D1353FFB6C4&key=dg_yt0&ip=131.159.40.117&ipbits=0&expire=1502333440&sparams=ip,ipbits,expire,id,itag,source,requiressl,initcwndbps,mn,mm,ms,ei,pl,mv,ratebypass,mime,gir,clen,lmt,dur", "manifest_url": "https://manifest.googlevideo.com/api/manifest/dash/mt/1502311711/id/340f54d281e300bf/initcwndbps/3007500/signature/09DBE94F9BC854D2DB7B341005DEFAE1B8709236.2C0C9093252DAEB3C2C0ECB08E9CDA79F4030601/expire/1502333440/hfr/1/mn/sn-4g57knd7/mm/31/requiressl/yes/ms/au/ipbits/0/ei/oHWLWf7_KcamWt3JkcgL/as/fmp4_audio_clear%2Cfmp4_sd_hd_clear/playback_host/r9---sn-4g57knd7.googlevideo.com/sparams/as%2Cei%2Chfr%2Cid%2Cinitcwndbps%2Cip%2Cipbits%2Citag%2Cmm%2Cmn%2Cms%2Cmv%2Cpl%2Cplayback_host%2Crequiressl%2Csource%2Cexpire/source/youtube/pl/16/itag/0/ip/131.159.40.117/key/yt6/mv/m", "width": 640, "tbr": 1106.896, "asr": null, "fps": 30, "language": null, "filesize": 15740393, "acodec": "none", "format": "135 - 640x480 (DASH video)", "protocol": "https", "http_headers": {"User-Agent": "Mozilla/5.0 (X11; Linux x86_64; rv:10.0) Gecko/20150101 Firefox/47.0 (Chrome)", "Accept-Charset": "ISO-8859-1,utf-8;q=0.7,*;q=0.7", "Accept": "text/html,application/xhtml+xml,application/xml;q=0.9,*/*;q=0.8", "Accept-Encoding": "gzip, deflate", "Accept-Language": "en-us,en;q=0.5"}, "fulltitle": "60 percent of Quezon still in darkness after 'Glenda'", "_filename": "NA9U0oHjAL8.mp4"}