{"id": "qqvLTSOwm8M", "uploader": "MakeupAddict005", "uploader_id": "UCcGhQYJS3XZBm7F0V10zXtA", "uploader_url": "http://www.youtube.com/channel/UCcGhQYJS3XZBm7F0V10zXtA", "upload_date": "20150515", "license": "Standard YouTube License", "creator": null, "title": "No Makeup Makeup Look for Indian Skin | Easy Indian Summer Makeup !!", "alt_title": null, "thumbnail": "https://i.ytimg.com/vi/qqvLTSOwm8M/maxresdefault.jpg", "description": "Hello Girls, So we all love looking good but applying makeup everyday is not something our skin loves isn't it?!\n\nSo in this tutorial, I am doing the makeup look that is barely there but still makes us look awesome!\n\nThis makeup is also apt for our Indian summers/ college girls/ girls who don't like too much makeup and/or beginners !\n~~~~~~~~~~~~~~~~~~~~~~~~~~~~~~~~~~~~~~~~~~~~~\nList of Products used -\n\nFace :\n\u2661 Revlon Colorstay Whipped Cream Makeup - 180 Natural Ochre\n\u2661 Maybelline Dream Matte Powder - Sand\n\u2661 MAC Blush - Melba\n\u2661 MAC Select Cover Up Concealor - NW35\n\u2661 Maybelline Dream Lumi Touch Concealor - Honey\n\nEyes :\n\u2661 Maybelline Volume Express Mascara\n\u2661 Maybelline BiG Eyes Volume express mascara - Lower Lashes\n\u2661 L'oreal Infallible Mono Eyeshadow - Hourglass Beige\n\nLips :\n\u2661 Revlon Lip Butter - 001 Pink Truffle (You can use any lipstick of your choice!)\n\n~~~~~~~~~~~~~~~~~~~~~~~~~~~~~~~~~~~~~~~~~~~~\n\nRevlon Colorstay Whipped Foundation review - http://youtu.be/lnQsknnqvIU\n\n~~~~~~~~~~~~~~~~~~~~~~~~~~~~~~~~~~~~~~~~~~~~\nWatch my latest video here -\n\u2661 Za Liquid Foundation review - https://youtu.be/XtKHF5LKlrU\n\n\u2661 Summer Lipsticks For Indian Skin tone 2015 \u2661 - https://youtu.be/1pWepwLjQnk\n\n\u2661 Nykaa Haul & Unboxing - https://youtu.be/1L-zaD2FQWE\n\n~~~~~~~~~~~~~~~~~~~~~~~~~~~~~~~~~~~~~~~~~~~~~~~~~~\nBe friends with me here -\n\u2661 Instagram - https://instagram.com/makeupaddict005/\n\n\u2661 Facebook- https://www.facebook.com/pages/Makeupaddict005/407518289380721\n\n~~~~~~~~~~~~~~~~~~~~~~~~~~~~~~~~~~~~~~~~~~~~\n\nI upload all of my videos in Full HD, so make sure to view them in highest resolution available to get the best out of them! :-)\n~~~~~~~~~~~~~~~~~~~~~~~~~~~~~~~~~~~~~~~~~~~~\n\nPlease SUBSCRIBE! It takes only a second & would mean a lot to me! \u263a\n~~~~~~~~~~~~~~~~~~~~~~~~~~~~~~~~~~~~~~~~~~~~~~\n\nSee You In My Next Video Girls! Till then Take Care !\n\n\u2764\u2764 LOTS OF LOVE!! \u2764\u2764", "categories": ["Howto & Style"], "tags": ["no makeup makeup", "summer makeup", "natural makeup for indian skin", "no makeup look", "indian summer makeup", "indian summer makeup look", "natural looking makeup", "indian no makeup makeup", "makeup for college", "makeup for indian college", "indian work makeup", "makeup for indian office", "makeup for indian summer", "makeupaddict005", "indian youtuber", "makeup for beginners", "beach makeup", "minimum makeup look", "no makeup makeup for indian skin", "makeupaddict"], "subtitles": {}, "automatic_captions": {}, "duration": 367, "age_limit": 0, "annotations": null, "chapters": null, "webpage_url": "https://www.youtube.com/watch?v=qqvLTSOwm8M", "view_count": 60274, "like_count": 635, "dislike_count": 30, "average_rating": 4.81954908371, "formats": [{"ext": "m4a", "format_note": "DASH audio", "acodec": "mp4a.40.5", "abr": 48, "container": "m4a_dash", "format_id": "139", "url": "https://r2---sn-4g57knk7.googlevideo.com/videoplayback?id=aaabcb4d23b09bc3&itag=139&source=youtube&requiressl=yes&pl=16&mv=m&ms=au&ei=BPOJWfSTF93IVvDEh9gE&mn=sn-4g57knk7&mm=31&initcwndbps=3337500&ratebypass=yes&mime=audio/mp4&gir=yes&clen=2186027&lmt=1435665491396487&dur=367.339&mt=1502212744&beids=[9466593]&key=dg_yt0&signature=75FE06EE7A627E46D68CEA9AA636A3C8B6E224D6.86C032EFC93F6E5FC681827376E764DA9F9E6D8F&ip=131.159.40.117&ipbits=0&expire=1502234468&sparams=ip,ipbits,expire,id,itag,source,requiressl,pl,mv,ms,ei,mn,mm,initcwndbps,ratebypass,mime,gir,clen,lmt,dur", "manifest_url": "https://manifest.googlevideo.com/api/manifest/dash/itag/0/pl/16/mv/m/mt/1502212744/ms/au/ei/BPOJWfSTF93IVvDEh9gE/requiressl/yes/as/fmp4_audio_clear%2Cfmp4_sd_hd_clear/mn/sn-4g57knk7/mm/31/initcwndbps/3337500/source/youtube/id/aaabcb4d23b09bc3/beids/%5B9466593%5D/ip/131.159.40.117/key/yt6/expire/1502234468/signature/8BEF7520DCD092B55B4C74A1FB2ABD394EB4CE7E.D98941A80FF700F013A818FE66C1C4F572EDF3A4/playback_host/r2---sn-4g57knk7.googlevideo.com/hfr/1/sparams/as%2Cei%2Chfr%2Cid%2Cinitcwndbps%2Cip%2Cipbits%2Citag%2Cmm%2Cmn%2Cms%2Cmv%2Cpl%2Cplayback_host%2Crequiressl%2Csource%2Cexpire/ipbits/0", "width": null, "height": null, "tbr": 49.37, "asr": 22050, "fps": null, "language": null, "filesize": 2186027, "vcodec": "none", "format": "139 - audio only (DASH audio)", "protocol": "https", "http_headers": {"User-Agent": "Mozilla/5.0 (X11; Linux x86_64; rv:10.0) Gecko/20150101 Firefox/47.0 (Chrome)", "Accept-Charset": "ISO-8859-1,utf-8;q=0.7,*;q=0.7", "Accept": "text/html,application/xhtml+xml,application/xml;q=0.9,*/*;q=0.8", "Accept-Encoding": "gzip, deflate", "Accept-Language": "en-us,en;q=0.5"}}, {"format_id": "249", "url": "https://r2---sn-4g57knll.googlevideo.com/videoplayback?expire=1502234468&id=o-AMflmYW-RrDo1ft1tNQzUqgvAM8Ri_6fubWqCmcTJ6T2&ms=au&mt=1502212744&mv=m&source=youtube&mm=31&mn=sn-4g57knll&pl=16&requiressl=yes&ip=131.159.40.117&mime=audio%2Fwebm&keepalive=yes&ei=A_OJWdflMdu-VtnTrzA&sparams=clen%2Cdur%2Cei%2Cgir%2Cid%2Cinitcwndbps%2Cip%2Cipbits%2Citag%2Ckeepalive%2Clmt%2Cmime%2Cmm%2Cmn%2Cms%2Cmv%2Cpl%2Crequiressl%2Csource%2Cexpire&lmt=1431792354985092&gir=yes&beids=%5B9466593%5D&dur=367.241&signature=46CE9CCCA92D84B7825642CC3F7D321D68186F46.3DC7550EB96F1A08AB7F2EE09C8E5F5505EFD6AA&initcwndbps=3337500&clen=2279308&itag=249&ipbits=0&key=yt6&ratebypass=yes", "player_url": null, "ext": "webm", "format_note": "DASH audio", "acodec": "opus", "abr": 50, "filesize": 2279308, "tbr": 51.67, "vcodec": "none", "format": "249 - audio only (DASH audio)", "protocol": "https", "http_headers": {"User-Agent": "Mozilla/5.0 (X11; Linux x86_64; rv:10.0) Gecko/20150101 Firefox/47.0 (Chrome)", "Accept-Charset": "ISO-8859-1,utf-8;q=0.7,*;q=0.7", "Accept": "text/html,application/xhtml+xml,application/xml;q=0.9,*/*;q=0.8", "Accept-Encoding": "gzip, deflate", "Accept-Language": "en-us,en;q=0.5"}}, {"format_id": "250", "url": "https://r2---sn-4g57knll.googlevideo.com/videoplayback?expire=1502234468&id=o-AMflmYW-RrDo1ft1tNQzUqgvAM8Ri_6fubWqCmcTJ6T2&ms=au&mt=1502212744&mv=m&source=youtube&mm=31&mn=sn-4g57knll&pl=16&requiressl=yes&ip=131.159.40.117&mime=audio%2Fwebm&keepalive=yes&ei=A_OJWdflMdu-VtnTrzA&sparams=clen%2Cdur%2Cei%2Cgir%2Cid%2Cinitcwndbps%2Cip%2Cipbits%2Citag%2Ckeepalive%2Clmt%2Cmime%2Cmm%2Cmn%2Cms%2Cmv%2Cpl%2Crequiressl%2Csource%2Cexpire&lmt=1431792347000701&gir=yes&beids=%5B9466593%5D&dur=367.241&signature=B27E409B9C5B1E8C92FE342380FEE5033EFFE39B.903F340BB8969EDD9D44BE67C658D058DBC97BB7&initcwndbps=3337500&clen=3408783&itag=250&ipbits=0&key=yt6&ratebypass=yes", "player_url": null, "ext": "webm", "format_note": "DASH audio", "acodec": "opus", "abr": 70, "filesize": 3408783, "tbr": 80.644, "vcodec": "none", "format": "250 - audio only (DASH audio)", "protocol": "https", "http_headers": {"User-Agent": "Mozilla/5.0 (X11; Linux x86_64; rv:10.0) Gecko/20150101 Firefox/47.0 (Chrome)", "Accept-Charset": "ISO-8859-1,utf-8;q=0.7,*;q=0.7", "Accept": "text/html,application/xhtml+xml,application/xml;q=0.9,*/*;q=0.8", "Accept-Encoding": "gzip, deflate", "Accept-Language": "en-us,en;q=0.5"}}, {"format_id": "171", "url": "https://r2---sn-4g57knll.googlevideo.com/videoplayback?expire=1502234468&id=o-AMflmYW-RrDo1ft1tNQzUqgvAM8Ri_6fubWqCmcTJ6T2&ms=au&mt=1502212744&mv=m&source=youtube&mm=31&mn=sn-4g57knll&pl=16&requiressl=yes&ip=131.159.40.117&mime=audio%2Fwebm&keepalive=yes&ei=A_OJWdflMdu-VtnTrzA&sparams=clen%2Cdur%2Cei%2Cgir%2Cid%2Cinitcwndbps%2Cip%2Cipbits%2Citag%2Ckeepalive%2Clmt%2Cmime%2Cmm%2Cmn%2Cms%2Cmv%2Cpl%2Crequiressl%2Csource%2Cexpire&lmt=1431792353522120&gir=yes&beids=%5B9466593%5D&dur=367.219&signature=937AB62DF69E2F5776E7B5D5BDF204DE0E5604B0.9B3E31471D3417D2DE56E85170B7D667A27E856C&initcwndbps=3337500&clen=4147826&itag=171&ipbits=0&key=yt6&ratebypass=yes", "player_url": null, "ext": "webm", "acodec": "vorbis", "format_note": "DASH audio", "abr": 128, "filesize": 4147826, "tbr": 128.105, "vcodec": "none", "format": "171 - audio only (DASH audio)", "protocol": "https", "http_headers": {"User-Agent": "Mozilla/5.0 (X11; Linux x86_64; rv:10.0) Gecko/20150101 Firefox/47.0 (Chrome)", "Accept-Charset": "ISO-8859-1,utf-8;q=0.7,*;q=0.7", "Accept": "text/html,application/xhtml+xml,application/xml;q=0.9,*/*;q=0.8", "Accept-Encoding": "gzip, deflate", "Accept-Language": "en-us,en;q=0.5"}}, {"ext": "m4a", "format_note": "DASH audio", "acodec": "mp4a.40.2", "abr": 128, "container": "m4a_dash", "format_id": "140", "url": "https://r2---sn-4g57knk7.googlevideo.com/videoplayback?id=aaabcb4d23b09bc3&itag=140&source=youtube&requiressl=yes&pl=16&mv=m&ms=au&ei=BPOJWfSTF93IVvDEh9gE&mn=sn-4g57knk7&mm=31&initcwndbps=3337500&ratebypass=yes&mime=audio/mp4&gir=yes&clen=5834005&lmt=1435665492565394&dur=367.293&mt=1502212744&beids=[9466593]&key=dg_yt0&signature=5DA6DA104AC2AD32D8CED12DC6B69C532D914DD6.0634E16A7F6398EE5FBCE5F8974F22F5E18235B8&ip=131.159.40.117&ipbits=0&expire=1502234468&sparams=ip,ipbits,expire,id,itag,source,requiressl,pl,mv,ms,ei,mn,mm,initcwndbps,ratebypass,mime,gir,clen,lmt,dur", "manifest_url": "https://manifest.googlevideo.com/api/manifest/dash/itag/0/pl/16/mv/m/mt/1502212744/ms/au/ei/BPOJWfSTF93IVvDEh9gE/requiressl/yes/as/fmp4_audio_clear%2Cfmp4_sd_hd_clear/mn/sn-4g57knk7/mm/31/initcwndbps/3337500/source/youtube/id/aaabcb4d23b09bc3/beids/%5B9466593%5D/ip/131.159.40.117/key/yt6/expire/1502234468/signature/8BEF7520DCD092B55B4C74A1FB2ABD394EB4CE7E.D98941A80FF700F013A818FE66C1C4F572EDF3A4/playback_host/r2---sn-4g57knk7.googlevideo.com/hfr/1/sparams/as%2Cei%2Chfr%2Cid%2Cinitcwndbps%2Cip%2Cipbits%2Citag%2Cmm%2Cmn%2Cms%2Cmv%2Cpl%2Cplayback_host%2Crequiressl%2Csource%2Cexpire/ipbits/0", "width": null, "height": null, "tbr": 128.172, "asr": 44100, "fps": null, "language": null, "filesize": 5834005, "vcodec": "none", "format": "140 - audio only (DASH audio)", "protocol": "https", "http_headers": {"User-Agent": "Mozilla/5.0 (X11; Linux x86_64; rv:10.0) Gecko/20150101 Firefox/47.0 (Chrome)", "Accept-Charset": "ISO-8859-1,utf-8;q=0.7,*;q=0.7", "Accept": "text/html,application/xhtml+xml,application/xml;q=0.9,*/*;q=0.8", "Accept-Encoding": "gzip, deflate", "Accept-Language": "en-us,en;q=0.5"}}, {"format_id": "251", "url": "https://r2---sn-4g57knll.googlevideo.com/videoplayback?expire=1502234468&id=o-AMflmYW-RrDo1ft1tNQzUqgvAM8Ri_6fubWqCmcTJ6T2&ms=au&mt=1502212744&mv=m&source=youtube&mm=31&mn=sn-4g57knll&pl=16&requiressl=yes&ip=131.159.40.117&mime=audio%2Fwebm&keepalive=yes&ei=A_OJWdflMdu-VtnTrzA&sparams=clen%2Cdur%2Cei%2Cgir%2Cid%2Cinitcwndbps%2Cip%2Cipbits%2Citag%2Ckeepalive%2Clmt%2Cmime%2Cmm%2Cmn%2Cms%2Cmv%2Cpl%2Crequiressl%2Csource%2Cexpire&lmt=1431792372323845&gir=yes&beids=%5B9466593%5D&dur=367.241&signature=B972DE7CA3C278274554926431ADEF1D615481A5.846C42472F32FC5607DBC02A4A7D462D864B97AE&initcwndbps=3337500&clen=5996742&itag=251&ipbits=0&key=yt6&ratebypass=yes", "player_url": null, "ext": "webm", "format_note": "DASH audio", "acodec": "opus", "abr": 160, "filesize": 5996742, "tbr": 135.924, "vcodec": "none", "format": "251 - audio only (DASH audio)", "protocol": "https", "http_headers": {"User-Agent": "Mozilla/5.0 (X11; Linux x86_64; rv:10.0) Gecko/20150101 Firefox/47.0 (Chrome)", "Accept-Charset": "ISO-8859-1,utf-8;q=0.7,*;q=0.7", "Accept": "text/html,application/xhtml+xml,application/xml;q=0.9,*/*;q=0.8", "Accept-Encoding": "gzip, deflate", "Accept-Language": "en-us,en;q=0.5"}}, {"format_id": "278", "url": "https://r2---sn-4g57knll.googlevideo.com/videoplayback?expire=1502234468&id=o-AMflmYW-RrDo1ft1tNQzUqgvAM8Ri_6fubWqCmcTJ6T2&ms=au&mt=1502212744&mv=m&source=youtube&mm=31&mn=sn-4g57knll&pl=16&requiressl=yes&ip=131.159.40.117&mime=video%2Fwebm&keepalive=yes&ei=A_OJWdflMdu-VtnTrzA&sparams=clen%2Cdur%2Cei%2Cgir%2Cid%2Cinitcwndbps%2Cip%2Cipbits%2Citag%2Ckeepalive%2Clmt%2Cmime%2Cmm%2Cmn%2Cms%2Cmv%2Cpl%2Crequiressl%2Csource%2Cexpire&lmt=1431794099390750&gir=yes&beids=%5B9466593%5D&dur=367.166&signature=22DD9F67DAA53C8B8A5DE4448C2A7FB11F253198.96F22FD60121008E677689E9C64BD9CEA7ACCEFB&initcwndbps=3337500&clen=4151105&itag=278&ipbits=0&key=yt6&ratebypass=yes", "player_url": null, "ext": "webm", "height": 144, "format_note": "144p", "container": "webm", "vcodec": "vp9", "filesize": 4151105, "tbr": 99.926, "width": 256, "fps": 15, "acodec": "none", "format": "278 - 256x144 (144p)", "protocol": "https", "http_headers": {"User-Agent": "Mozilla/5.0 (X11; Linux x86_64; rv:10.0) Gecko/20150101 Firefox/47.0 (Chrome)", "Accept-Charset": "ISO-8859-1,utf-8;q=0.7,*;q=0.7", "Accept": "text/html,application/xhtml+xml,application/xml;q=0.9,*/*;q=0.8", "Accept-Encoding": "gzip, deflate", "Accept-Language": "en-us,en;q=0.5"}}, {"ext": "mp4", "height": 144, "format_note": "DASH video", "vcodec": "avc1.4d400c", "format_id": "160", "url": "https://r2---sn-4g57knk7.googlevideo.com/videoplayback?id=aaabcb4d23b09bc3&itag=160&source=youtube&requiressl=yes&pl=16&mv=m&ms=au&ei=BPOJWfSTF93IVvDEh9gE&mn=sn-4g57knk7&mm=31&initcwndbps=3337500&ratebypass=yes&mime=video/mp4&gir=yes&clen=5008104&lmt=1435665633043301&dur=367.233&mt=1502212744&beids=[9466593]&key=dg_yt0&signature=545C774DD4649EE9E3F8BE9408268088459947AD.461955B1495F2A8888137CE9931A76DB5B448D70&ip=131.159.40.117&ipbits=0&expire=1502234468&sparams=ip,ipbits,expire,id,itag,source,requiressl,pl,mv,ms,ei,mn,mm,initcwndbps,ratebypass,mime,gir,clen,lmt,dur", "manifest_url": "https://manifest.googlevideo.com/api/manifest/dash/itag/0/pl/16/mv/m/mt/1502212744/ms/au/ei/BPOJWfSTF93IVvDEh9gE/requiressl/yes/as/fmp4_audio_clear%2Cfmp4_sd_hd_clear/mn/sn-4g57knk7/mm/31/initcwndbps/3337500/source/youtube/id/aaabcb4d23b09bc3/beids/%5B9466593%5D/ip/131.159.40.117/key/yt6/expire/1502234468/signature/8BEF7520DCD092B55B4C74A1FB2ABD394EB4CE7E.D98941A80FF700F013A818FE66C1C4F572EDF3A4/playback_host/r2---sn-4g57knk7.googlevideo.com/hfr/1/sparams/as%2Cei%2Chfr%2Cid%2Cinitcwndbps%2Cip%2Cipbits%2Citag%2Cmm%2Cmn%2Cms%2Cmv%2Cpl%2Cplayback_host%2Crequiressl%2Csource%2Cexpire/ipbits/0", "width": 256, "tbr": 111.333, "asr": null, "fps": 15, "language": null, "filesize": 5008104, "acodec": "none", "format": "160 - 256x144 (DASH video)", "protocol": "https", "http_headers": {"User-Agent": "Mozilla/5.0 (X11; Linux x86_64; rv:10.0) Gecko/20150101 Firefox/47.0 (Chrome)", "Accept-Charset": "ISO-8859-1,utf-8;q=0.7,*;q=0.7", "Accept": "text/html,application/xhtml+xml,application/xml;q=0.9,*/*;q=0.8", "Accept-Encoding": "gzip, deflate", "Accept-Language": "en-us,en;q=0.5"}}, {"format_id": "242", "url": "https://r2---sn-4g57knll.googlevideo.com/videoplayback?expire=1502234468&id=o-AMflmYW-RrDo1ft1tNQzUqgvAM8Ri_6fubWqCmcTJ6T2&ms=au&mt=1502212744&mv=m&source=youtube&mm=31&mn=sn-4g57knll&pl=16&requiressl=yes&ip=131.159.40.117&mime=video%2Fwebm&keepalive=yes&ei=A_OJWdflMdu-VtnTrzA&sparams=clen%2Cdur%2Cei%2Cgir%2Cid%2Cinitcwndbps%2Cip%2Cipbits%2Citag%2Ckeepalive%2Clmt%2Cmime%2Cmm%2Cmn%2Cms%2Cmv%2Cpl%2Crequiressl%2Csource%2Cexpire&lmt=1431793990788241&gir=yes&beids=%5B9466593%5D&dur=367.200&signature=1490DB749B75C6520E45380023282DF9DD600B75.C5AE6B4ECC87DC82A85EACAAC97C6D4922CE3F4C&initcwndbps=3337500&clen=8375546&itag=242&ipbits=0&key=yt6&ratebypass=yes", "player_url": null, "ext": "webm", "height": 240, "format_note": "240p", "vcodec": "vp9", "filesize": 8375546, "tbr": 246.769, "width": 426, "fps": 30, "acodec": "none", "format": "242 - 426x240 (240p)", "protocol": "https", "http_headers": {"User-Agent": "Mozilla/5.0 (X11; Linux x86_64; rv:10.0) Gecko/20150101 Firefox/47.0 (Chrome)", "Accept-Charset": "ISO-8859-1,utf-8;q=0.7,*;q=0.7", "Accept": "text/html,application/xhtml+xml,application/xml;q=0.9,*/*;q=0.8", "Accept-Encoding": "gzip, deflate", "Accept-Language": "en-us,en;q=0.5"}}, {"ext": "mp4", "height": 240, "format_note": "DASH video", "vcodec": "avc1.4d4015", "format_id": "133", "url": "https://r2---sn-4g57knk7.googlevideo.com/videoplayback?id=aaabcb4d23b09bc3&itag=133&source=youtube&requiressl=yes&pl=16&mv=m&ms=au&ei=BPOJWfSTF93IVvDEh9gE&mn=sn-4g57knk7&mm=31&initcwndbps=3337500&ratebypass=yes&mime=video/mp4&gir=yes&clen=11228807&lmt=1435665582270537&dur=367.233&mt=1502212744&beids=[9466593]&key=dg_yt0&signature=81C04BE820BE0D8BCFAD184517E8CDAE49358DEC.30C1B69B7AFF9364EA5531C2F0BE2FB2E4C2B109&ip=131.159.40.117&ipbits=0&expire=1502234468&sparams=ip,ipbits,expire,id,itag,source,requiressl,pl,mv,ms,ei,mn,mm,initcwndbps,ratebypass,mime,gir,clen,lmt,dur", "manifest_url": "https://manifest.googlevideo.com/api/manifest/dash/itag/0/pl/16/mv/m/mt/1502212744/ms/au/ei/BPOJWfSTF93IVvDEh9gE/requiressl/yes/as/fmp4_audio_clear%2Cfmp4_sd_hd_clear/mn/sn-4g57knk7/mm/31/initcwndbps/3337500/source/youtube/id/aaabcb4d23b09bc3/beids/%5B9466593%5D/ip/131.159.40.117/key/yt6/expire/1502234468/signature/8BEF7520DCD092B55B4C74A1FB2ABD394EB4CE7E.D98941A80FF700F013A818FE66C1C4F572EDF3A4/playback_host/r2---sn-4g57knk7.googlevideo.com/hfr/1/sparams/as%2Cei%2Chfr%2Cid%2Cinitcwndbps%2Cip%2Cipbits%2Citag%2Cmm%2Cmn%2Cms%2Cmv%2Cpl%2Cplayback_host%2Crequiressl%2Csource%2Cexpire/ipbits/0", "width": 426, "tbr": 247.656, "asr": null, "fps": 30, "language": null, "filesize": 11228807, "acodec": "none", "format": "133 - 426x240 (DASH video)", "protocol": "https", "http_headers": {"User-Agent": "Mozilla/5.0 (X11; Linux x86_64; rv:10.0) Gecko/20150101 Firefox/47.0 (Chrome)", "Accept-Charset": "ISO-8859-1,utf-8;q=0.7,*;q=0.7", "Accept": "text/html,application/xhtml+xml,application/xml;q=0.9,*/*;q=0.8", "Accept-Encoding": "gzip, deflate", "Accept-Language": "en-us,en;q=0.5"}}, {"ext": "mp4", "height": 360, "format_note": "DASH video", "vcodec": "avc1.4d401e", "format_id": "134", "url": "https://r2---sn-4g57knk7.googlevideo.com/videoplayback?id=aaabcb4d23b09bc3&itag=134&source=youtube&requiressl=yes&pl=16&mv=m&ms=au&ei=BPOJWfSTF93IVvDEh9gE&mn=sn-4g57knk7&mm=31&initcwndbps=3337500&ratebypass=yes&mime=video/mp4&gir=yes&clen=12862622&lmt=1435665560529877&dur=367.233&mt=1502212744&beids=[9466593]&key=dg_yt0&signature=0D9D1AE296F430CCA8AE55A784255AE7FC9919EB.503EED032F62C871D2CC3BEBF79483B2DF2F3F91&ip=131.159.40.117&ipbits=0&expire=1502234468&sparams=ip,ipbits,expire,id,itag,source,requiressl,pl,mv,ms,ei,mn,mm,initcwndbps,ratebypass,mime,gir,clen,lmt,dur", "manifest_url": "https://manifest.googlevideo.com/api/manifest/dash/itag/0/pl/16/mv/m/mt/1502212744/ms/au/ei/BPOJWfSTF93IVvDEh9gE/requiressl/yes/as/fmp4_audio_clear%2Cfmp4_sd_hd_clear/mn/sn-4g57knk7/mm/31/initcwndbps/3337500/source/youtube/id/aaabcb4d23b09bc3/beids/%5B9466593%5D/ip/131.159.40.117/key/yt6/expire/1502234468/signature/8BEF7520DCD092B55B4C74A1FB2ABD394EB4CE7E.D98941A80FF700F013A818FE66C1C4F572EDF3A4/playback_host/r2---sn-4g57knk7.googlevideo.com/hfr/1/sparams/as%2Cei%2Chfr%2Cid%2Cinitcwndbps%2Cip%2Cipbits%2Citag%2Cmm%2Cmn%2Cms%2Cmv%2Cpl%2Cplayback_host%2Crequiressl%2Csource%2Cexpire/ipbits/0", "width": 640, "tbr": 433.472, "asr": null, "fps": 30, "language": null, "filesize": 12862622, "acodec": "none", "format": "134 - 640x360 (DASH video)", "protocol": "https", "http_headers": {"User-Agent": "Mozilla/5.0 (X11; Linux x86_64; rv:10.0) Gecko/20150101 Firefox/47.0 (Chrome)", "Accept-Charset": "ISO-8859-1,utf-8;q=0.7,*;q=0.7", "Accept": "text/html,application/xhtml+xml,application/xml;q=0.9,*/*;q=0.8", "Accept-Encoding": "gzip, deflate", "Accept-Language": "en-us,en;q=0.5"}}, {"format_id": "243", "url": "https://r2---sn-4g57knll.googlevideo.com/videoplayback?expire=1502234468&id=o-AMflmYW-RrDo1ft1tNQzUqgvAM8Ri_6fubWqCmcTJ6T2&ms=au&mt=1502212744&mv=m&source=youtube&mm=31&mn=sn-4g57knll&pl=16&requiressl=yes&ip=131.159.40.117&mime=video%2Fwebm&keepalive=yes&ei=A_OJWdflMdu-VtnTrzA&sparams=clen%2Cdur%2Cei%2Cgir%2Cid%2Cinitcwndbps%2Cip%2Cipbits%2Citag%2Ckeepalive%2Clmt%2Cmime%2Cmm%2Cmn%2Cms%2Cmv%2Cpl%2Crequiressl%2Csource%2Cexpire&lmt=1431794021331590&gir=yes&beids=%5B9466593%5D&dur=367.200&signature=25E02CB405687BF2C234A8CAA44323AA99C1DD4F.8C88D29F2220BC307649D73C92FF6B1A115E30CF&initcwndbps=3337500&clen=15094614&itag=243&ipbits=0&key=yt6&ratebypass=yes", "player_url": null, "ext": "webm", "height": 360, "format_note": "360p", "vcodec": "vp9", "filesize": 15094614, "tbr": 458.117, "width": 640, "fps": 30, "acodec": "none", "format": "243 - 640x360 (360p)", "protocol": "https", "http_headers": {"User-Agent": "Mozilla/5.0 (X11; Linux x86_64; rv:10.0) Gecko/20150101 Firefox/47.0 (Chrome)", "Accept-Charset": "ISO-8859-1,utf-8;q=0.7,*;q=0.7", "Accept": "text/html,application/xhtml+xml,application/xml;q=0.9,*/*;q=0.8", "Accept-Encoding": "gzip, deflate", "Accept-Language": "en-us,en;q=0.5"}}, {"format_id": "244", "url": "https://r2---sn-4g57knll.googlevideo.com/videoplayback?expire=1502234468&id=o-AMflmYW-RrDo1ft1tNQzUqgvAM8Ri_6fubWqCmcTJ6T2&ms=au&mt=1502212744&mv=m&source=youtube&mm=31&mn=sn-4g57knll&pl=16&requiressl=yes&ip=131.159.40.117&mime=video%2Fwebm&keepalive=yes&ei=A_OJWdflMdu-VtnTrzA&sparams=clen%2Cdur%2Cei%2Cgir%2Cid%2Cinitcwndbps%2Cip%2Cipbits%2Citag%2Ckeepalive%2Clmt%2Cmime%2Cmm%2Cmn%2Cms%2Cmv%2Cpl%2Crequiressl%2Csource%2Cexpire&lmt=1431794426900105&gir=yes&beids=%5B9466593%5D&dur=367.200&signature=D2A2CAA511D1EB2B5D7FFA1072FDC7B05A39C92C.55F0411EDD0E0B2DCF31FDB58CC0F3CFECF44662&initcwndbps=3337500&clen=24235101&itag=244&ipbits=0&key=yt6&ratebypass=yes", "player_url": null, "ext": "webm", "height": 480, "format_note": "480p", "vcodec": "vp9", "filesize": 24235101, "tbr": 747.778, "width": 854, "fps": 30, "acodec": "none", "format": "244 - 854x480 (480p)", "protocol": "https", "http_headers": {"User-Agent": "Mozilla/5.0 (X11; Linux x86_64; rv:10.0) Gecko/20150101 Firefox/47.0 (Chrome)", "Accept-Charset": "ISO-8859-1,utf-8;q=0.7,*;q=0.7", "Accept": "text/html,application/xhtml+xml,application/xml;q=0.9,*/*;q=0.8", "Accept-Encoding": "gzip, deflate", "Accept-Language": "en-us,en;q=0.5"}}, {"ext": "mp4", "height": 480, "format_note": "DASH video", "vcodec": "avc1.4d401f", "format_id": "135", "url": "https://r2---sn-4g57knk7.googlevideo.com/videoplayback?id=aaabcb4d23b09bc3&itag=135&source=youtube&requiressl=yes&pl=16&mv=m&ms=au&ei=BPOJWfSTF93IVvDEh9gE&mn=sn-4g57knk7&mm=31&initcwndbps=3337500&ratebypass=yes&mime=video/mp4&gir=yes&clen=25240626&lmt=1435665643370324&dur=367.233&mt=1502212744&beids=[9466593]&key=dg_yt0&signature=3712DBFB4674608F5EB9B87C2B3D7FC7DB0E046B.72564175A88E812D9273B067CEAEE64074518470&ip=131.159.40.117&ipbits=0&expire=1502234468&sparams=ip,ipbits,expire,id,itag,source,requiressl,pl,mv,ms,ei,mn,mm,initcwndbps,ratebypass,mime,gir,clen,lmt,dur", "manifest_url": "https://manifest.googlevideo.com/api/manifest/dash/itag/0/pl/16/mv/m/mt/1502212744/ms/au/ei/BPOJWfSTF93IVvDEh9gE/requiressl/yes/as/fmp4_audio_clear%2Cfmp4_sd_hd_clear/mn/sn-4g57knk7/mm/31/initcwndbps/3337500/source/youtube/id/aaabcb4d23b09bc3/beids/%5B9466593%5D/ip/131.159.40.117/key/yt6/expire/1502234468/signature/8BEF7520DCD092B55B4C74A1FB2ABD394EB4CE7E.D98941A80FF700F013A818FE66C1C4F572EDF3A4/playback_host/r2---sn-4g57knk7.googlevideo.com/hfr/1/sparams/as%2Cei%2Chfr%2Cid%2Cinitcwndbps%2Cip%2Cipbits%2Citag%2Cmm%2Cmn%2Cms%2Cmv%2Cpl%2Cplayback_host%2Crequiressl%2Csource%2Cexpire/ipbits/0", "width": 854, "tbr": 810.356, "asr": null, "fps": 30, "language": null, "filesize": 25240626, "acodec": "none", "format": "135 - 854x480 (DASH video)", "protocol": "https", "http_headers": {"User-Agent": "Mozilla/5.0 (X11; Linux x86_64; rv:10.0) Gecko/20150101 Firefox/47.0 (Chrome)", "Accept-Charset": "ISO-8859-1,utf-8;q=0.7,*;q=0.7", "Accept": "text/html,application/xhtml+xml,application/xml;q=0.9,*/*;q=0.8", "Accept-Encoding": "gzip, deflate", "Accept-Language": "en-us,en;q=0.5"}}, {"format_id": "247", "url": "https://r2---sn-4g57knll.googlevideo.com/videoplayback?expire=1502234468&id=o-AMflmYW-RrDo1ft1tNQzUqgvAM8Ri_6fubWqCmcTJ6T2&ms=au&mt=1502212744&mv=m&source=youtube&mm=31&mn=sn-4g57knll&pl=16&requiressl=yes&ip=131.159.40.117&mime=video%2Fwebm&keepalive=yes&ei=A_OJWdflMdu-VtnTrzA&sparams=clen%2Cdur%2Cei%2Cgir%2Cid%2Cinitcwndbps%2Cip%2Cipbits%2Citag%2Ckeepalive%2Clmt%2Cmime%2Cmm%2Cmn%2Cms%2Cmv%2Cpl%2Crequiressl%2Csource%2Cexpire&lmt=1431793995760349&gir=yes&beids=%5B9466593%5D&dur=367.200&signature=9AE827086E81EFC20A84E71A0CAFA8323EE978EA.9A71C55C44BC2A55908B7616BB910FAD6E32F15A&initcwndbps=3337500&clen=45886743&itag=247&ipbits=0&key=yt6&ratebypass=yes", "player_url": null, "ext": "webm", "height": 720, "format_note": "720p", "vcodec": "vp9", "filesize": 45886743, "tbr": 1354.674, "width": 1280, "fps": 30, "acodec": "none", "format": "247 - 1280x720 (720p)", "protocol": "https", "http_headers": {"User-Agent": "Mozilla/5.0 (X11; Linux x86_64; rv:10.0) Gecko/20150101 Firefox/47.0 (Chrome)", "Accept-Charset": "ISO-8859-1,utf-8;q=0.7,*;q=0.7", "Accept": "text/html,application/xhtml+xml,application/xml;q=0.9,*/*;q=0.8", "Accept-Encoding": "gzip, deflate", "Accept-Language": "en-us,en;q=0.5"}}, {"ext": "mp4", "height": 720, "format_note": "DASH video", "vcodec": "avc1.4d401f", "format_id": "136", "url": "https://r2---sn-4g57knk7.googlevideo.com/videoplayback?id=aaabcb4d23b09bc3&itag=136&source=youtube&requiressl=yes&pl=16&mv=m&ms=au&ei=BPOJWfSTF93IVvDEh9gE&mn=sn-4g57knk7&mm=31&initcwndbps=3337500&ratebypass=yes&mime=video/mp4&gir=yes&clen=48000282&lmt=1435665839350895&dur=367.233&mt=1502212744&beids=[9466593]&key=dg_yt0&signature=6D797CF3161D73BB36CB8ECF8E9E958AE270D90A.90D71FF646394D966DB0A4E2E851D0F80FD70AEC&ip=131.159.40.117&ipbits=0&expire=1502234468&sparams=ip,ipbits,expire,id,itag,source,requiressl,pl,mv,ms,ei,mn,mm,initcwndbps,ratebypass,mime,gir,clen,lmt,dur", "manifest_url": "https://manifest.googlevideo.com/api/manifest/dash/itag/0/pl/16/mv/m/mt/1502212744/ms/au/ei/BPOJWfSTF93IVvDEh9gE/requiressl/yes/as/fmp4_audio_clear%2Cfmp4_sd_hd_clear/mn/sn-4g57knk7/mm/31/initcwndbps/3337500/source/youtube/id/aaabcb4d23b09bc3/beids/%5B9466593%5D/ip/131.159.40.117/key/yt6/expire/1502234468/signature/8BEF7520DCD092B55B4C74A1FB2ABD394EB4CE7E.D98941A80FF700F013A818FE66C1C4F572EDF3A4/playback_host/r2---sn-4g57knk7.googlevideo.com/hfr/1/sparams/as%2Cei%2Chfr%2Cid%2Cinitcwndbps%2Cip%2Cipbits%2Citag%2Cmm%2Cmn%2Cms%2Cmv%2Cpl%2Cplayback_host%2Crequiressl%2Csource%2Cexpire/ipbits/0", "width": 1280, "tbr": 1466.171, "asr": null, "fps": 30, "language": null, "filesize": 48000282, "acodec": "none", "format": "136 - 1280x720 (DASH video)", "protocol": "https", "http_headers": {"User-Agent": "Mozilla/5.0 (X11; Linux x86_64; rv:10.0) Gecko/20150101 Firefox/47.0 (Chrome)", "Accept-Charset": "ISO-8859-1,utf-8;q=0.7,*;q=0.7", "Accept": "text/html,application/xhtml+xml,application/xml;q=0.9,*/*;q=0.8", "Accept-Encoding": "gzip, deflate", "Accept-Language": "en-us,en;q=0.5"}}, {"format_id": "248", "url": "https://r2---sn-4g57knll.googlevideo.com/videoplayback?expire=1502234468&id=o-AMflmYW-RrDo1ft1tNQzUqgvAM8Ri_6fubWqCmcTJ6T2&ms=au&mt=1502212744&mv=m&source=youtube&mm=31&mn=sn-4g57knll&pl=16&requiressl=yes&ip=131.159.40.117&mime=video%2Fwebm&keepalive=yes&ei=A_OJWdflMdu-VtnTrzA&sparams=clen%2Cdur%2Cei%2Cgir%2Cid%2Cinitcwndbps%2Cip%2Cipbits%2Citag%2Ckeepalive%2Clmt%2Cmime%2Cmm%2Cmn%2Cms%2Cmv%2Cpl%2Crequiressl%2Csource%2Cexpire&lmt=1431795531568524&gir=yes&beids=%5B9466593%5D&dur=367.200&signature=A627F9E8370FF2A7A1BAAC1A560AA4E0F4AC6324.685FF3F96ED8663CFFA80AC38721EEEF9622DE24&initcwndbps=3337500&clen=81599164&itag=248&ipbits=0&key=yt6&ratebypass=yes", "player_url": null, "ext": "webm", "height": 1080, "format_note": "1080p", "vcodec": "vp9", "filesize": 81599164, "tbr": 2380.922, "width": 1920, "fps": 30, "acodec": "none", "format": "248 - 1920x1080 (1080p)", "protocol": "https", "http_headers": {"User-Agent": "Mozilla/5.0 (X11; Linux x86_64; rv:10.0) Gecko/20150101 Firefox/47.0 (Chrome)", "Accept-Charset": "ISO-8859-1,utf-8;q=0.7,*;q=0.7", "Accept": "text/html,application/xhtml+xml,application/xml;q=0.9,*/*;q=0.8", "Accept-Encoding": "gzip, deflate", "Accept-Language": "en-us,en;q=0.5"}}, {"ext": "mp4", "height": 1080, "format_note": "DASH video", "vcodec": "avc1.640028", "format_id": "137", "url": "https://r2---sn-4g57knk7.googlevideo.com/videoplayback?id=aaabcb4d23b09bc3&itag=137&source=youtube&requiressl=yes&pl=16&mv=m&ms=au&ei=BPOJWfSTF93IVvDEh9gE&mn=sn-4g57knk7&mm=31&initcwndbps=3337500&ratebypass=yes&mime=video/mp4&gir=yes&clen=91559444&lmt=1435668022439091&dur=367.233&mt=1502212744&beids=[9466593]&key=dg_yt0&signature=41E1FFE691BB4561C8C1FD79156B8FC3C43B106C.8555774F82C10E962E90583A1B36ECF79516027F&ip=131.159.40.117&ipbits=0&expire=1502234468&sparams=ip,ipbits,expire,id,itag,source,requiressl,pl,mv,ms,ei,mn,mm,initcwndbps,ratebypass,mime,gir,clen,lmt,dur", "manifest_url": "https://manifest.googlevideo.com/api/manifest/dash/itag/0/pl/16/mv/m/mt/1502212744/ms/au/ei/BPOJWfSTF93IVvDEh9gE/requiressl/yes/as/fmp4_audio_clear%2Cfmp4_sd_hd_clear/mn/sn-4g57knk7/mm/31/initcwndbps/3337500/source/youtube/id/aaabcb4d23b09bc3/beids/%5B9466593%5D/ip/131.159.40.117/key/yt6/expire/1502234468/signature/8BEF7520DCD092B55B4C74A1FB2ABD394EB4CE7E.D98941A80FF700F013A818FE66C1C4F572EDF3A4/playback_host/r2---sn-4g57knk7.googlevideo.com/hfr/1/sparams/as%2Cei%2Chfr%2Cid%2Cinitcwndbps%2Cip%2Cipbits%2Citag%2Cmm%2Cmn%2Cms%2Cmv%2Cpl%2Cplayback_host%2Crequiressl%2Csource%2Cexpire/ipbits/0", "width": 1920, "tbr": 2762.051, "asr": null, "fps": 30, "language": null, "filesize": 91559444, "acodec": "none", "format": "137 - 1920x1080 (DASH video)", "protocol": "https", "http_headers": {"User-Agent": "Mozilla/5.0 (X11; Linux x86_64; rv:10.0) Gecko/20150101 Firefox/47.0 (Chrome)", "Accept-Charset": "ISO-8859-1,utf-8;q=0.7,*;q=0.7", "Accept": "text/html,application/xhtml+xml,application/xml;q=0.9,*/*;q=0.8", "Accept-Encoding": "gzip, deflate", "Accept-Language": "en-us,en;q=0.5"}}, {"format_id": "17", "url": "https://r2---sn-4g57knll.googlevideo.com/videoplayback?expire=1502234468&id=o-AMflmYW-RrDo1ft1tNQzUqgvAM8Ri_6fubWqCmcTJ6T2&ms=au&mt=1502212744&mv=m&source=youtube&mm=31&mn=sn-4g57knll&pl=16&requiressl=yes&ip=131.159.40.117&mime=video%2F3gpp&ei=A_OJWdflMdu-VtnTrzA&sparams=clen%2Cdur%2Cei%2Cgir%2Cid%2Cinitcwndbps%2Cip%2Cipbits%2Citag%2Clmt%2Cmime%2Cmm%2Cmn%2Cms%2Cmv%2Cpl%2Crequiressl%2Csource%2Cexpire&lmt=1431705951301190&gir=yes&beids=%5B9466593%5D&dur=367.386&signature=9997F2784B6125F3D8E5394688C5575A13FF24D2.1EC49768589434937FE346331A9C20AA800D3FFA&initcwndbps=3337500&clen=3758094&itag=17&ipbits=0&key=yt6&ratebypass=yes", "player_url": null, "ext": "3gp", "width": 176, "height": 144, "acodec": "mp4a.40.2", "abr": 24, "vcodec": "mp4v.20.3", "resolution": "176x144", "format_note": "small", "format": "17 - 176x144 (small)", "protocol": "https", "http_headers": {"User-Agent": "Mozilla/5.0 (X11; Linux x86_64; rv:10.0) Gecko/20150101 Firefox/47.0 (Chrome)", "Accept-Charset": "ISO-8859-1,utf-8;q=0.7,*;q=0.7", "Accept": "text/html,application/xhtml+xml,application/xml;q=0.9,*/*;q=0.8", "Accept-Encoding": "gzip, deflate", "Accept-Language": "en-us,en;q=0.5"}}, {"format_id": "36", "url": "https://r2---sn-4g57knll.googlevideo.com/videoplayback?expire=1502234468&id=o-AMflmYW-RrDo1ft1tNQzUqgvAM8Ri_6fubWqCmcTJ6T2&ms=au&mt=1502212744&mv=m&source=youtube&mm=31&mn=sn-4g57knll&pl=16&requiressl=yes&ip=131.159.40.117&mime=video%2F3gpp&ei=A_OJWdflMdu-VtnTrzA&sparams=clen%2Cdur%2Cei%2Cgir%2Cid%2Cinitcwndbps%2Cip%2Cipbits%2Citag%2Clmt%2Cmime%2Cmm%2Cmn%2Cms%2Cmv%2Cpl%2Crequiressl%2Csource%2Cexpire&lmt=1431706004377156&gir=yes&beids=%5B9466593%5D&dur=367.432&signature=B17E2004D053D0B79B291B8C904A9ACEE6BF8695.12FE584C962ED6BD62C0074FAD15F0934A219FD3&initcwndbps=3337500&clen=10414924&itag=36&ipbits=0&key=yt6&ratebypass=yes", "player_url": null, "ext": "3gp", "width": 320, "acodec": "mp4a.40.2", "vcodec": "mp4v.20.3", "resolution": "320x180", "height": 180, "format_note": "small", "format": "36 - 320x180 (small)", "protocol": "https", "http_headers": {"User-Agent": "Mozilla/5.0 (X11; Linux x86_64; rv:10.0) Gecko/20150101 Firefox/47.0 (Chrome)", "Accept-Charset": "ISO-8859-1,utf-8;q=0.7,*;q=0.7", "Accept": "text/html,application/xhtml+xml,application/xml;q=0.9,*/*;q=0.8", "Accept-Encoding": "gzip, deflate", "Accept-Language": "en-us,en;q=0.5"}}, {"format_id": "43", "url": "https://r2---sn-4g57knll.googlevideo.com/videoplayback?expire=1502234468&id=o-AMflmYW-RrDo1ft1tNQzUqgvAM8Ri_6fubWqCmcTJ6T2&ms=au&mt=1502212744&mv=m&source=youtube&mm=31&mn=sn-4g57knll&pl=16&requiressl=yes&ip=131.159.40.117&mime=video%2Fwebm&ei=A_OJWdflMdu-VtnTrzA&sparams=clen%2Cdur%2Cei%2Cgir%2Cid%2Cinitcwndbps%2Cip%2Cipbits%2Citag%2Clmt%2Cmime%2Cmm%2Cmn%2Cms%2Cmv%2Cpl%2Cratebypass%2Crequiressl%2Csource%2Cexpire&lmt=1431707479009230&gir=yes&beids=%5B9466593%5D&dur=0.000&signature=B5D9E9A0375409F5EB7BA7240C687DE21A36F5E1.69A1A9E79469830559D2F65498FBE9A23D699BDC&initcwndbps=3337500&clen=36377258&itag=43&ipbits=0&ratebypass=yes&key=yt6", "player_url": null, "ext": "webm", "width": 640, "height": 360, "acodec": "vorbis", "abr": 128, "vcodec": "vp8.0", "resolution": "640x360", "format_note": "medium", "format": "43 - 640x360 (medium)", "protocol": "https", "http_headers": {"User-Agent": "Mozilla/5.0 (X11; Linux x86_64; rv:10.0) Gecko/20150101 Firefox/47.0 (Chrome)", "Accept-Charset": "ISO-8859-1,utf-8;q=0.7,*;q=0.7", "Accept": "text/html,application/xhtml+xml,application/xml;q=0.9,*/*;q=0.8", "Accept-Encoding": "gzip, deflate", "Accept-Language": "en-us,en;q=0.5"}}, {"format_id": "18", "url": "https://r2---sn-4g57knll.googlevideo.com/videoplayback?expire=1502234468&id=o-AMflmYW-RrDo1ft1tNQzUqgvAM8Ri_6fubWqCmcTJ6T2&ms=au&mt=1502212744&mv=m&source=youtube&mm=31&mn=sn-4g57knll&pl=16&requiressl=yes&ip=131.159.40.117&mime=video%2Fmp4&ei=A_OJWdflMdu-VtnTrzA&sparams=clen%2Cdur%2Cei%2Cgir%2Cid%2Cinitcwndbps%2Cip%2Cipbits%2Citag%2Clmt%2Cmime%2Cmm%2Cmn%2Cms%2Cmv%2Cpl%2Cratebypass%2Crequiressl%2Csource%2Cexpire&lmt=1435665667556959&gir=yes&beids=%5B9466593%5D&dur=367.293&signature=501A3C5BB7FB735B5641346521C88F7C7E157F81.CCF3F440C49A7D2038C09F79F9F89653FDC077D5&initcwndbps=3337500&clen=24979405&itag=18&ipbits=0&ratebypass=yes&key=yt6", "player_url": null, "ext": "mp4", "width": 640, "height": 360, "acodec": "mp4a.40.2", "abr": 96, "vcodec": "avc1.42001E", "resolution": "640x360", "format_note": "medium", "format": "18 - 640x360 (medium)", "protocol": "https", "http_headers": {"User-Agent": "Mozilla/5.0 (X11; Linux x86_64; rv:10.0) Gecko/20150101 Firefox/47.0 (Chrome)", "Accept-Charset": "ISO-8859-1,utf-8;q=0.7,*;q=0.7", "Accept": "text/html,application/xhtml+xml,application/xml;q=0.9,*/*;q=0.8", "Accept-Encoding": "gzip, deflate", "Accept-Language": "en-us,en;q=0.5"}}, {"format_id": "22", "url": "https://r2---sn-4g57knll.googlevideo.com/videoplayback?expire=1502234468&id=o-AMflmYW-RrDo1ft1tNQzUqgvAM8Ri_6fubWqCmcTJ6T2&beids=%5B9466593%5D&ms=au&mt=1502212744&mv=m&dur=367.293&source=youtube&mm=31&mn=sn-4g57knll&pl=16&requiressl=yes&ip=131.159.40.117&mime=video%2Fmp4&initcwndbps=3337500&ei=A_OJWdflMdu-VtnTrzA&itag=22&ipbits=0&ratebypass=yes&sparams=dur%2Cei%2Cid%2Cinitcwndbps%2Cip%2Cipbits%2Citag%2Clmt%2Cmime%2Cmm%2Cmn%2Cms%2Cmv%2Cpl%2Cratebypass%2Crequiressl%2Csource%2Cexpire&lmt=1471071755918617&signature=82D61AF604A4A96E69C519B8830F419E9240EFDD.3DB5C3E55ABD242987EBB03104A57EF61752CF6D&key=yt6", "player_url": null, "ext": "mp4", "width": 1280, "height": 720, "acodec": "mp4a.40.2", "abr": 192, "vcodec": "avc1.64001F", "resolution": "1280x720", "format_note": "hd720", "format": "22 - 1280x720 (hd720)", "protocol": "https", "http_headers": {"User-Agent": "Mozilla/5.0 (X11; Linux x86_64; rv:10.0) Gecko/20150101 Firefox/47.0 (Chrome)", "Accept-Charset": "ISO-8859-1,utf-8;q=0.7,*;q=0.7", "Accept": "text/html,application/xhtml+xml,application/xml;q=0.9,*/*;q=0.8", "Accept-Encoding": "gzip, deflate", "Accept-Language": "en-us,en;q=0.5"}}], "is_live": null, "start_time": null, "end_time": null, "series": null, "season_number": null, "episode_number": null, "extractor": "youtube", "webpage_url_basename": "qqvLTSOwm8M", "extractor_key": "Youtube", "playlist": null, "playlist_index": null, "thumbnails": [{"url": "https://i.ytimg.com/vi/qqvLTSOwm8M/maxresdefault.jpg", "id": "0"}], "display_id": "qqvLTSOwm8M", "ext": "mp4", "height": 1080, "format_note": "DASH video", "vcodec": "avc1.640028", "format_id": "137", "url": "https://r2---sn-4g57knk7.googlevideo.com/videoplayback?id=aaabcb4d23b09bc3&itag=137&source=youtube&requiressl=yes&pl=16&mv=m&ms=au&ei=BPOJWfSTF93IVvDEh9gE&mn=sn-4g57knk7&mm=31&initcwndbps=3337500&ratebypass=yes&mime=video/mp4&gir=yes&clen=91559444&lmt=1435668022439091&dur=367.233&mt=1502212744&beids=[9466593]&key=dg_yt0&signature=41E1FFE691BB4561C8C1FD79156B8FC3C43B106C.8555774F82C10E962E90583A1B36ECF79516027F&ip=131.159.40.117&ipbits=0&expire=1502234468&sparams=ip,ipbits,expire,id,itag,source,requiressl,pl,mv,ms,ei,mn,mm,initcwndbps,ratebypass,mime,gir,clen,lmt,dur", "manifest_url": "https://manifest.googlevideo.com/api/manifest/dash/itag/0/pl/16/mv/m/mt/1502212744/ms/au/ei/BPOJWfSTF93IVvDEh9gE/requiressl/yes/as/fmp4_audio_clear%2Cfmp4_sd_hd_clear/mn/sn-4g57knk7/mm/31/initcwndbps/3337500/source/youtube/id/aaabcb4d23b09bc3/beids/%5B9466593%5D/ip/131.159.40.117/key/yt6/expire/1502234468/signature/8BEF7520DCD092B55B4C74A1FB2ABD394EB4CE7E.D98941A80FF700F013A818FE66C1C4F572EDF3A4/playback_host/r2---sn-4g57knk7.googlevideo.com/hfr/1/sparams/as%2Cei%2Chfr%2Cid%2Cinitcwndbps%2Cip%2Cipbits%2Citag%2Cmm%2Cmn%2Cms%2Cmv%2Cpl%2Cplayback_host%2Crequiressl%2Csource%2Cexpire/ipbits/0", "width": 1920, "tbr": 2762.051, "asr": null, "fps": 30, "language": null, "filesize": 91559444, "acodec": "none", "format": "137 - 1920x1080 (DASH video)", "protocol": "https", "http_headers": {"User-Agent": "Mozilla/5.0 (X11; Linux x86_64; rv:10.0) Gecko/20150101 Firefox/47.0 (Chrome)", "Accept-Charset": "ISO-8859-1,utf-8;q=0.7,*;q=0.7", "Accept": "text/html,application/xhtml+xml,application/xml;q=0.9,*/*;q=0.8", "Accept-Encoding": "gzip, deflate", "Accept-Language": "en-us,en;q=0.5"}, "fulltitle": "No Makeup Makeup Look for Indian Skin | Easy Indian Summer Makeup !!", "_filename": "qqvLTSOwm8M.mp4"}