{"id": "v2950fRoDs0", "uploader": "\u0418\u043d\u0444\u043e\u0440\u043c\u0431\u044e\u0440\u043e 31", "uploader_id": "UCKJIfb3BN2x14J4U30wzLeA", "uploader_url": "http://www.youtube.com/channel/UCKJIfb3BN2x14J4U30wzLeA", "upload_date": "20150327", "license": "Standard YouTube License", "creator": null, "title": "\u0410\u049b\u0434\u0430\u043b\u0430 \u0430\u0443\u044b\u043b\u044b\u043d\u0434\u0430 \u041d\u0430\u0443\u0440\u044b\u0437\u0493\u0430 \u0430\u0440\u043d\u0430\u043b\u0493\u0430\u043d \u0456\u0441-\u0448\u0430\u0440\u0430 \u0430\u044f\u0493\u044b \u0436\u0430\u0441\u0442\u0430\u0440\u0434\u044b\u04a3 \u0436\u0430\u043d\u0436\u0430\u043b\u044b\u043d\u0430 \u04b1\u043b\u0430\u0441\u044b\u043f, \u0430\u049b\u044b\u0440\u044b \u0430\u0442\u044b\u0441\u043f\u0435\u043d \u0430\u044f\u049b\u0442\u0430\u043b\u0434\u044b", "alt_title": null, "thumbnail": "https://i.ytimg.com/vi/v2950fRoDs0/hqdefault.jpg", "description": "\u041e\u04a3\u0442\u04af\u0441\u0442\u0456\u043a \u049a\u0430\u0437\u0430\u049b\u0441\u0442\u0430\u043d \u043e\u0431\u043b\u044b\u0441\u044b, \u0410\u0440\u044b\u0441 \u0430\u0443\u0434\u0430\u043d\u044b \u0410\u049b\u0434\u0430\u043b\u0430 \u0430\u0443\u044b\u043b\u044b\u043d\u0434\u0430 \u041d\u0430\u0443\u0440\u044b\u0437\u0493\u0430 \u0430\u0440\u043d\u0430\u043b\u0493\u0430\u043d \u0456\u0441-\u0448\u0430\u0440\u0430 \u0430\u044f\u0493\u044b \u0436\u0430\u0441\u0442\u0430\u0440\u0434\u044b\u04a3 \u0436\u0430\u043d\u0436\u0430\u043b\u044b\u043d\u0430 \u04b1\u043b\u0430\u0441\u044b\u043f, \u0430\u049b\u044b\u0440\u044b \u0430\u0442\u044b\u0441\u043f\u0435\u043d \u0430\u044f\u049b\u0442\u0430\u043b\u0434\u044b. \u041a\u0435\u0441\u0456\u0440\u0456\u043d\u0435\u043d \u0431\u0435\u0441 \u0430\u0434\u0430\u043c \u0436\u0430\u0440\u0430\u043b\u0430\u043d\u044b\u043f, 33 \u0436\u0430\u0441\u0442\u0430\u0493\u044b \u0411\u0430\u0493\u0434\u0430\u0442 \u0435\u0441\u0456\u043c\u0434\u0456 \u0430\u0437\u0430\u043c\u0430\u0442 \u043a\u04e9\u0437 \u0436\u04b1\u043c\u0493\u0430\u043d. \u041a\u04af\u0434\u0456\u043a\u0442\u0456 \u04af\u0448 \u0430\u0437\u0430\u043c\u0430\u0442 \u04d9\u043b\u0456 \u049b\u043e\u043b\u0493\u0430 \u0442\u04af\u0441\u043f\u0435\u043f\u0442\u0456.", "categories": ["People & Blogs"], "tags": [], "subtitles": {}, "automatic_captions": {}, "duration": 133, "age_limit": 0, "annotations": null, "chapters": null, "webpage_url": "https://www.youtube.com/watch?v=v2950fRoDs0", "view_count": 6265, "like_count": 14, "dislike_count": 5, "average_rating": 3.94736838341, "formats": [{"ext": "m4a", "format_note": "DASH audio", "acodec": "mp4a.40.5", "abr": 48, "container": "m4a_dash", "format_id": "139", "url": "https://r1---sn-xjpm-q0ns.googlevideo.com/videoplayback?id=bf6f79d1f4680ecd&itag=139&source=youtube&requiressl=yes&pl=16&mn=sn-xjpm-q0ns&mm=31&ms=au&ei=nliKWZDOKMaVVrO1sLAC&mv=u&ratebypass=yes&mime=audio/mp4&gir=yes&clen=802465&lmt=1428382839966680&dur=132.910&mt=1502238616&key=dg_yt0&signature=4881050368E5FCA418722E667E0D6934B4468FE5.25773FBD3F9F76735C319EB2913368500BF4ACA7&ip=131.159.40.117&ipbits=0&expire=1502260478&sparams=ip,ipbits,expire,id,itag,source,requiressl,pl,mn,mm,ms,ei,mv,ratebypass,mime,gir,clen,lmt,dur", "manifest_url": "https://manifest.googlevideo.com/api/manifest/dash/playback_host/r1---sn-xjpm-q0ns.googlevideo.com/as/fmp4_audio_clear%2Cfmp4_sd_hd_clear/itag/0/pl/16/hfr/1/mn/sn-xjpm-q0ns/ip/131.159.40.117/mm/31/mt/1502238616/ms/au/expire/1502260478/ei/nliKWZDOKMaVVrO1sLAC/mv/u/source/youtube/sparams/as%2Cei%2Chfr%2Cid%2Cip%2Cipbits%2Citag%2Cmm%2Cmn%2Cms%2Cmv%2Cpl%2Cplayback_host%2Crequiressl%2Csource%2Cexpire/id/bf6f79d1f4680ecd/key/yt6/requiressl/yes/ipbits/0/signature/1E477CE0D634829E6A46FA1E73C16E45C9046527.A5348F3DCEBB8B7A1EDEEF3C79CEBCA7B954E676", "width": null, "height": null, "tbr": 49.114, "asr": 22050, "fps": null, "language": null, "filesize": 802465, "vcodec": "none", "format": "139 - audio only (DASH audio)", "protocol": "https", "http_headers": {"User-Agent": "Mozilla/5.0 (X11; Linux x86_64; rv:10.0) Gecko/20150101 Firefox/47.0 (Chrome)", "Accept-Charset": "ISO-8859-1,utf-8;q=0.7,*;q=0.7", "Accept": "text/html,application/xhtml+xml,application/xml;q=0.9,*/*;q=0.8", "Accept-Encoding": "gzip, deflate", "Accept-Language": "en-us,en;q=0.5"}}, {"format_id": "249", "url": "https://r1---sn-xjpm-q0ns.googlevideo.com/videoplayback?expire=1502260478&lmt=1427579501165605&requiressl=yes&mime=audio%2Fwebm&gir=yes&keepalive=yes&clen=860378&source=youtube&ipbits=0&signature=E1CD481E62740C6248EBFF3D4E7E2CED53B89DF7.DA92E5E48E0CA36DED24D0AE42EEA4D8CAA64A9F&key=yt6&ei=nliKWfa2DNeAVvfcgcgB&sparams=clen%2Cdur%2Cei%2Cgir%2Cid%2Cip%2Cipbits%2Citag%2Ckeepalive%2Clmt%2Cmime%2Cmm%2Cmn%2Cms%2Cmv%2Cpl%2Crequiressl%2Csource%2Cexpire&id=o-AItm8VSz5sThKpQbx3HSpkxAzARA5hiw3yBGCqDNHoD8&dur=132.761&mv=u&mt=1502238616&ms=au&itag=249&mn=sn-xjpm-q0ns&mm=31&ip=131.159.40.117&pl=16&ratebypass=yes", "player_url": null, "ext": "webm", "format_note": "DASH audio", "acodec": "opus", "abr": 50, "filesize": 860378, "tbr": 53.466, "vcodec": "none", "format": "249 - audio only (DASH audio)", "protocol": "https", "http_headers": {"User-Agent": "Mozilla/5.0 (X11; Linux x86_64; rv:10.0) Gecko/20150101 Firefox/47.0 (Chrome)", "Accept-Charset": "ISO-8859-1,utf-8;q=0.7,*;q=0.7", "Accept": "text/html,application/xhtml+xml,application/xml;q=0.9,*/*;q=0.8", "Accept-Encoding": "gzip, deflate", "Accept-Language": "en-us,en;q=0.5"}}, {"format_id": "250", "url": "https://r1---sn-xjpm-q0ns.googlevideo.com/videoplayback?expire=1502260478&lmt=1427579499543022&requiressl=yes&mime=audio%2Fwebm&gir=yes&keepalive=yes&clen=1108231&source=youtube&ipbits=0&signature=67AF97DFDDC8684150FE593FF043492228F56B2C.C0BB258780127CD955BECDA4ABEC68BB1B873CCF&key=yt6&ei=nliKWfa2DNeAVvfcgcgB&sparams=clen%2Cdur%2Cei%2Cgir%2Cid%2Cip%2Cipbits%2Citag%2Ckeepalive%2Clmt%2Cmime%2Cmm%2Cmn%2Cms%2Cmv%2Cpl%2Crequiressl%2Csource%2Cexpire&id=o-AItm8VSz5sThKpQbx3HSpkxAzARA5hiw3yBGCqDNHoD8&dur=132.761&mv=u&mt=1502238616&ms=au&itag=250&mn=sn-xjpm-q0ns&mm=31&ip=131.159.40.117&pl=16&ratebypass=yes", "player_url": null, "ext": "webm", "format_note": "DASH audio", "acodec": "opus", "abr": 70, "filesize": 1108231, "tbr": 69.549, "vcodec": "none", "format": "250 - audio only (DASH audio)", "protocol": "https", "http_headers": {"User-Agent": "Mozilla/5.0 (X11; Linux x86_64; rv:10.0) Gecko/20150101 Firefox/47.0 (Chrome)", "Accept-Charset": "ISO-8859-1,utf-8;q=0.7,*;q=0.7", "Accept": "text/html,application/xhtml+xml,application/xml;q=0.9,*/*;q=0.8", "Accept-Encoding": "gzip, deflate", "Accept-Language": "en-us,en;q=0.5"}}, {"format_id": "171", "url": "https://r1---sn-xjpm-q0ns.googlevideo.com/videoplayback?expire=1502260478&lmt=1427579501692433&requiressl=yes&mime=audio%2Fwebm&gir=yes&keepalive=yes&clen=1536584&source=youtube&ipbits=0&signature=8D2A91D0F95EC87BBCBA1662B286660ADD6994A4.8BCB49FD59806D930473F4040A1FFDE837743B87&key=yt6&ei=nliKWfa2DNeAVvfcgcgB&sparams=clen%2Cdur%2Cei%2Cgir%2Cid%2Cip%2Cipbits%2Citag%2Ckeepalive%2Clmt%2Cmime%2Cmm%2Cmn%2Cms%2Cmv%2Cpl%2Crequiressl%2Csource%2Cexpire&id=o-AItm8VSz5sThKpQbx3HSpkxAzARA5hiw3yBGCqDNHoD8&dur=132.753&mv=u&mt=1502238616&ms=au&itag=171&mn=sn-xjpm-q0ns&mm=31&ip=131.159.40.117&pl=16&ratebypass=yes", "player_url": null, "ext": "webm", "acodec": "vorbis", "format_note": "DASH audio", "abr": 128, "filesize": 1536584, "tbr": 96.333, "vcodec": "none", "format": "171 - audio only (DASH audio)", "protocol": "https", "http_headers": {"User-Agent": "Mozilla/5.0 (X11; Linux x86_64; rv:10.0) Gecko/20150101 Firefox/47.0 (Chrome)", "Accept-Charset": "ISO-8859-1,utf-8;q=0.7,*;q=0.7", "Accept": "text/html,application/xhtml+xml,application/xml;q=0.9,*/*;q=0.8", "Accept-Encoding": "gzip, deflate", "Accept-Language": "en-us,en;q=0.5"}}, {"ext": "m4a", "format_note": "DASH audio", "acodec": "mp4a.40.2", "abr": 128, "container": "m4a_dash", "format_id": "140", "url": "https://r1---sn-xjpm-q0ns.googlevideo.com/videoplayback?id=bf6f79d1f4680ecd&itag=140&source=youtube&requiressl=yes&pl=16&mn=sn-xjpm-q0ns&mm=31&ms=au&ei=nliKWZDOKMaVVrO1sLAC&mv=u&ratebypass=yes&mime=audio/mp4&gir=yes&clen=2133016&lmt=1428382839803036&dur=132.817&mt=1502238616&key=dg_yt0&signature=4E95275A71C6FE4E88B20C33B19ADF784020C3A1.6201738D748A5ECA609D87CC87A9BB7FE326C666&ip=131.159.40.117&ipbits=0&expire=1502260478&sparams=ip,ipbits,expire,id,itag,source,requiressl,pl,mn,mm,ms,ei,mv,ratebypass,mime,gir,clen,lmt,dur", "manifest_url": "https://manifest.googlevideo.com/api/manifest/dash/playback_host/r1---sn-xjpm-q0ns.googlevideo.com/as/fmp4_audio_clear%2Cfmp4_sd_hd_clear/itag/0/pl/16/hfr/1/mn/sn-xjpm-q0ns/ip/131.159.40.117/mm/31/mt/1502238616/ms/au/expire/1502260478/ei/nliKWZDOKMaVVrO1sLAC/mv/u/source/youtube/sparams/as%2Cei%2Chfr%2Cid%2Cip%2Cipbits%2Citag%2Cmm%2Cmn%2Cms%2Cmv%2Cpl%2Cplayback_host%2Crequiressl%2Csource%2Cexpire/id/bf6f79d1f4680ecd/key/yt6/requiressl/yes/ipbits/0/signature/1E477CE0D634829E6A46FA1E73C16E45C9046527.A5348F3DCEBB8B7A1EDEEF3C79CEBCA7B954E676", "width": null, "height": null, "tbr": 129.187, "asr": 44100, "fps": null, "language": null, "filesize": 2133016, "vcodec": "none", "format": "140 - audio only (DASH audio)", "protocol": "https", "http_headers": {"User-Agent": "Mozilla/5.0 (X11; Linux x86_64; rv:10.0) Gecko/20150101 Firefox/47.0 (Chrome)", "Accept-Charset": "ISO-8859-1,utf-8;q=0.7,*;q=0.7", "Accept": "text/html,application/xhtml+xml,application/xml;q=0.9,*/*;q=0.8", "Accept-Encoding": "gzip, deflate", "Accept-Language": "en-us,en;q=0.5"}}, {"format_id": "251", "url": "https://r1---sn-xjpm-q0ns.googlevideo.com/videoplayback?expire=1502260478&lmt=1427579511457095&requiressl=yes&mime=audio%2Fwebm&gir=yes&keepalive=yes&clen=2660412&source=youtube&ipbits=0&signature=C7A93F8EF635AF144446C9A511E33F272AC625BB.9A8D2F327BA806FF4FBA236828A669248AB98BE9&key=yt6&ei=nliKWfa2DNeAVvfcgcgB&sparams=clen%2Cdur%2Cei%2Cgir%2Cid%2Cip%2Cipbits%2Citag%2Ckeepalive%2Clmt%2Cmime%2Cmm%2Cmn%2Cms%2Cmv%2Cpl%2Crequiressl%2Csource%2Cexpire&id=o-AItm8VSz5sThKpQbx3HSpkxAzARA5hiw3yBGCqDNHoD8&dur=132.761&mv=u&mt=1502238616&ms=au&itag=251&mn=sn-xjpm-q0ns&mm=31&ip=131.159.40.117&pl=16&ratebypass=yes", "player_url": null, "ext": "webm", "format_note": "DASH audio", "acodec": "opus", "abr": 160, "filesize": 2660412, "tbr": 170.775, "vcodec": "none", "format": "251 - audio only (DASH audio)", "protocol": "https", "http_headers": {"User-Agent": "Mozilla/5.0 (X11; Linux x86_64; rv:10.0) Gecko/20150101 Firefox/47.0 (Chrome)", "Accept-Charset": "ISO-8859-1,utf-8;q=0.7,*;q=0.7", "Accept": "text/html,application/xhtml+xml,application/xml;q=0.9,*/*;q=0.8", "Accept-Encoding": "gzip, deflate", "Accept-Language": "en-us,en;q=0.5"}}, {"ext": "mp4", "height": 144, "format_note": "DASH video", "vcodec": "avc1.4d400c", "format_id": "160", "url": "https://r1---sn-xjpm-q0ns.googlevideo.com/videoplayback?id=bf6f79d1f4680ecd&itag=160&source=youtube&requiressl=yes&pl=16&mn=sn-xjpm-q0ns&mm=31&ms=au&ei=nliKWZDOKMaVVrO1sLAC&mv=u&ratebypass=yes&mime=video/mp4&gir=yes&clen=1812637&lmt=1428382840208728&dur=132.760&mt=1502238616&key=dg_yt0&signature=99CD05267AEC009E01E9DDCD558FFAF83686A937.85ED1875C63CAAA215D6BE988D41116F95AB8B84&ip=131.159.40.117&ipbits=0&expire=1502260478&sparams=ip,ipbits,expire,id,itag,source,requiressl,pl,mn,mm,ms,ei,mv,ratebypass,mime,gir,clen,lmt,dur", "manifest_url": "https://manifest.googlevideo.com/api/manifest/dash/playback_host/r1---sn-xjpm-q0ns.googlevideo.com/as/fmp4_audio_clear%2Cfmp4_sd_hd_clear/itag/0/pl/16/hfr/1/mn/sn-xjpm-q0ns/ip/131.159.40.117/mm/31/mt/1502238616/ms/au/expire/1502260478/ei/nliKWZDOKMaVVrO1sLAC/mv/u/source/youtube/sparams/as%2Cei%2Chfr%2Cid%2Cip%2Cipbits%2Citag%2Cmm%2Cmn%2Cms%2Cmv%2Cpl%2Cplayback_host%2Crequiressl%2Csource%2Cexpire/id/bf6f79d1f4680ecd/key/yt6/requiressl/yes/ipbits/0/signature/1E477CE0D634829E6A46FA1E73C16E45C9046527.A5348F3DCEBB8B7A1EDEEF3C79CEBCA7B954E676", "width": 198, "tbr": 112.016, "asr": null, "fps": 13, "language": null, "filesize": 1812637, "acodec": "none", "format": "160 - 198x144 (DASH video)", "protocol": "https", "http_headers": {"User-Agent": "Mozilla/5.0 (X11; Linux x86_64; rv:10.0) Gecko/20150101 Firefox/47.0 (Chrome)", "Accept-Charset": "ISO-8859-1,utf-8;q=0.7,*;q=0.7", "Accept": "text/html,application/xhtml+xml,application/xml;q=0.9,*/*;q=0.8", "Accept-Encoding": "gzip, deflate", "Accept-Language": "en-us,en;q=0.5"}}, {"format_id": "278", "url": "https://r1---sn-xjpm-q0ns.googlevideo.com/videoplayback?expire=1502260478&lmt=1427579663229262&requiressl=yes&mime=video%2Fwebm&gir=yes&keepalive=yes&clen=1210034&source=youtube&ipbits=0&signature=1837E46C8C4899705B81D81F278B01790C6F889C.5F69A743A2FDE01DDDDD1A11CBE46541A8C0B24C&key=yt6&ei=nliKWfa2DNeAVvfcgcgB&sparams=clen%2Cdur%2Cei%2Cgir%2Cid%2Cip%2Cipbits%2Citag%2Ckeepalive%2Clmt%2Cmime%2Cmm%2Cmn%2Cms%2Cmv%2Cpl%2Crequiressl%2Csource%2Cexpire&id=o-AItm8VSz5sThKpQbx3HSpkxAzARA5hiw3yBGCqDNHoD8&dur=132.720&mv=u&mt=1502238616&ms=au&itag=278&mn=sn-xjpm-q0ns&mm=31&ip=131.159.40.117&pl=16&ratebypass=yes", "player_url": null, "ext": "webm", "height": 144, "format_note": "144p", "container": "webm", "vcodec": "vp9", "filesize": 1210034, "tbr": 135.814, "width": 198, "fps": 13, "acodec": "none", "format": "278 - 198x144 (144p)", "protocol": "https", "http_headers": {"User-Agent": "Mozilla/5.0 (X11; Linux x86_64; rv:10.0) Gecko/20150101 Firefox/47.0 (Chrome)", "Accept-Charset": "ISO-8859-1,utf-8;q=0.7,*;q=0.7", "Accept": "text/html,application/xhtml+xml,application/xml;q=0.9,*/*;q=0.8", "Accept-Encoding": "gzip, deflate", "Accept-Language": "en-us,en;q=0.5"}}, {"format_id": "242", "url": "https://r1---sn-xjpm-q0ns.googlevideo.com/videoplayback?expire=1502260478&lmt=1427579613551195&requiressl=yes&mime=video%2Fwebm&gir=yes&keepalive=yes&clen=2364935&source=youtube&ipbits=0&signature=0BBAA7F2626DFE71C8706D817E87320341C4593B.262F899BD79579D65136E7C8F23CCB886E4D7899&key=yt6&ei=nliKWfa2DNeAVvfcgcgB&sparams=clen%2Cdur%2Cei%2Cgir%2Cid%2Cip%2Cipbits%2Citag%2Ckeepalive%2Clmt%2Cmime%2Cmm%2Cmn%2Cms%2Cmv%2Cpl%2Crequiressl%2Csource%2Cexpire&id=o-AItm8VSz5sThKpQbx3HSpkxAzARA5hiw3yBGCqDNHoD8&dur=132.720&mv=u&mt=1502238616&ms=au&itag=242&mn=sn-xjpm-q0ns&mm=31&ip=131.159.40.117&pl=16&ratebypass=yes", "player_url": null, "ext": "webm", "height": 240, "format_note": "240p", "vcodec": "vp9", "filesize": 2364935, "tbr": 222.703, "width": 328, "fps": 25, "acodec": "none", "format": "242 - 328x240 (240p)", "protocol": "https", "http_headers": {"User-Agent": "Mozilla/5.0 (X11; Linux x86_64; rv:10.0) Gecko/20150101 Firefox/47.0 (Chrome)", "Accept-Charset": "ISO-8859-1,utf-8;q=0.7,*;q=0.7", "Accept": "text/html,application/xhtml+xml,application/xml;q=0.9,*/*;q=0.8", "Accept-Encoding": "gzip, deflate", "Accept-Language": "en-us,en;q=0.5"}}, {"ext": "mp4", "height": 240, "format_note": "DASH video", "vcodec": "avc1.4d400d", "format_id": "133", "url": "https://r1---sn-xjpm-q0ns.googlevideo.com/videoplayback?id=bf6f79d1f4680ecd&itag=133&source=youtube&requiressl=yes&pl=16&mn=sn-xjpm-q0ns&mm=31&ms=au&ei=nliKWZDOKMaVVrO1sLAC&mv=u&ratebypass=yes&mime=video/mp4&gir=yes&clen=4042686&lmt=1428382840118871&dur=132.760&mt=1502238616&key=dg_yt0&signature=3F497EA4643CE02C7599DAF7B0130A2C7F17A561.0D5DCEBEAF07FA60F1B6F8AFFBE317A0EB009BAB&ip=131.159.40.117&ipbits=0&expire=1502260478&sparams=ip,ipbits,expire,id,itag,source,requiressl,pl,mn,mm,ms,ei,mv,ratebypass,mime,gir,clen,lmt,dur", "manifest_url": "https://manifest.googlevideo.com/api/manifest/dash/playback_host/r1---sn-xjpm-q0ns.googlevideo.com/as/fmp4_audio_clear%2Cfmp4_sd_hd_clear/itag/0/pl/16/hfr/1/mn/sn-xjpm-q0ns/ip/131.159.40.117/mm/31/mt/1502238616/ms/au/expire/1502260478/ei/nliKWZDOKMaVVrO1sLAC/mv/u/source/youtube/sparams/as%2Cei%2Chfr%2Cid%2Cip%2Cipbits%2Citag%2Cmm%2Cmn%2Cms%2Cmv%2Cpl%2Cplayback_host%2Crequiressl%2Csource%2Cexpire/id/bf6f79d1f4680ecd/key/yt6/requiressl/yes/ipbits/0/signature/1E477CE0D634829E6A46FA1E73C16E45C9046527.A5348F3DCEBB8B7A1EDEEF3C79CEBCA7B954E676", "width": 328, "tbr": 245.797, "asr": null, "fps": 25, "language": null, "filesize": 4042686, "acodec": "none", "format": "133 - 328x240 (DASH video)", "protocol": "https", "http_headers": {"User-Agent": "Mozilla/5.0 (X11; Linux x86_64; rv:10.0) Gecko/20150101 Firefox/47.0 (Chrome)", "Accept-Charset": "ISO-8859-1,utf-8;q=0.7,*;q=0.7", "Accept": "text/html,application/xhtml+xml,application/xml;q=0.9,*/*;q=0.8", "Accept-Encoding": "gzip, deflate", "Accept-Language": "en-us,en;q=0.5"}}, {"ext": "mp4", "height": 360, "format_note": "DASH video", "vcodec": "avc1.4d4015", "format_id": "134", "url": "https://r1---sn-xjpm-q0ns.googlevideo.com/videoplayback?id=bf6f79d1f4680ecd&itag=134&source=youtube&requiressl=yes&pl=16&mn=sn-xjpm-q0ns&mm=31&ms=au&ei=nliKWZDOKMaVVrO1sLAC&mv=u&ratebypass=yes&mime=video/mp4&gir=yes&clen=4108089&lmt=1428382842621138&dur=132.760&mt=1502238616&key=dg_yt0&signature=3100E510D32A1302B8857BBD7B284ADAF2C1EF2B.8301B43B6F558F8DBE33EFB79226A38AA6ACAFE6&ip=131.159.40.117&ipbits=0&expire=1502260478&sparams=ip,ipbits,expire,id,itag,source,requiressl,pl,mn,mm,ms,ei,mv,ratebypass,mime,gir,clen,lmt,dur", "manifest_url": "https://manifest.googlevideo.com/api/manifest/dash/playback_host/r1---sn-xjpm-q0ns.googlevideo.com/as/fmp4_audio_clear%2Cfmp4_sd_hd_clear/itag/0/pl/16/hfr/1/mn/sn-xjpm-q0ns/ip/131.159.40.117/mm/31/mt/1502238616/ms/au/expire/1502260478/ei/nliKWZDOKMaVVrO1sLAC/mv/u/source/youtube/sparams/as%2Cei%2Chfr%2Cid%2Cip%2Cipbits%2Citag%2Cmm%2Cmn%2Cms%2Cmv%2Cpl%2Cplayback_host%2Crequiressl%2Csource%2Cexpire/id/bf6f79d1f4680ecd/key/yt6/requiressl/yes/ipbits/0/signature/1E477CE0D634829E6A46FA1E73C16E45C9046527.A5348F3DCEBB8B7A1EDEEF3C79CEBCA7B954E676", "width": 492, "tbr": 347.257, "asr": null, "fps": 25, "language": null, "filesize": 4108089, "acodec": "none", "format": "134 - 492x360 (DASH video)", "protocol": "https", "http_headers": {"User-Agent": "Mozilla/5.0 (X11; Linux x86_64; rv:10.0) Gecko/20150101 Firefox/47.0 (Chrome)", "Accept-Charset": "ISO-8859-1,utf-8;q=0.7,*;q=0.7", "Accept": "text/html,application/xhtml+xml,application/xml;q=0.9,*/*;q=0.8", "Accept-Encoding": "gzip, deflate", "Accept-Language": "en-us,en;q=0.5"}}, {"format_id": "243", "url": "https://r1---sn-xjpm-q0ns.googlevideo.com/videoplayback?expire=1502260478&lmt=1427579646963209&requiressl=yes&mime=video%2Fwebm&gir=yes&keepalive=yes&clen=4308503&source=youtube&ipbits=0&signature=1053138F0613BC21F481C5524E7B05704604F445.3400A6D959655ACBF98EB36938D476A2BC73C8DD&key=yt6&ei=nliKWfa2DNeAVvfcgcgB&sparams=clen%2Cdur%2Cei%2Cgir%2Cid%2Cip%2Cipbits%2Citag%2Ckeepalive%2Clmt%2Cmime%2Cmm%2Cmn%2Cms%2Cmv%2Cpl%2Crequiressl%2Csource%2Cexpire&id=o-AItm8VSz5sThKpQbx3HSpkxAzARA5hiw3yBGCqDNHoD8&dur=132.720&mv=u&mt=1502238616&ms=au&itag=243&mn=sn-xjpm-q0ns&mm=31&ip=131.159.40.117&pl=16&ratebypass=yes", "player_url": null, "ext": "webm", "height": 360, "format_note": "360p", "vcodec": "vp9", "filesize": 4308503, "tbr": 405.01, "width": 492, "fps": 25, "acodec": "none", "format": "243 - 492x360 (360p)", "protocol": "https", "http_headers": {"User-Agent": "Mozilla/5.0 (X11; Linux x86_64; rv:10.0) Gecko/20150101 Firefox/47.0 (Chrome)", "Accept-Charset": "ISO-8859-1,utf-8;q=0.7,*;q=0.7", "Accept": "text/html,application/xhtml+xml,application/xml;q=0.9,*/*;q=0.8", "Accept-Encoding": "gzip, deflate", "Accept-Language": "en-us,en;q=0.5"}}, {"ext": "mp4", "height": 480, "format_note": "DASH video", "vcodec": "avc1.4d401e", "format_id": "135", "url": "https://r1---sn-xjpm-q0ns.googlevideo.com/videoplayback?id=bf6f79d1f4680ecd&itag=135&source=youtube&requiressl=yes&pl=16&mn=sn-xjpm-q0ns&mm=31&ms=au&ei=nliKWZDOKMaVVrO1sLAC&mv=u&ratebypass=yes&mime=video/mp4&gir=yes&clen=8505677&lmt=1428382842126480&dur=132.760&mt=1502238616&key=dg_yt0&signature=8C5C7E010C36ECF241C5084151ED2BA25E3CB438.96BC58CC757E49D02B918C8B281B2D335D3BE685&ip=131.159.40.117&ipbits=0&expire=1502260478&sparams=ip,ipbits,expire,id,itag,source,requiressl,pl,mn,mm,ms,ei,mv,ratebypass,mime,gir,clen,lmt,dur", "manifest_url": "https://manifest.googlevideo.com/api/manifest/dash/playback_host/r1---sn-xjpm-q0ns.googlevideo.com/as/fmp4_audio_clear%2Cfmp4_sd_hd_clear/itag/0/pl/16/hfr/1/mn/sn-xjpm-q0ns/ip/131.159.40.117/mm/31/mt/1502238616/ms/au/expire/1502260478/ei/nliKWZDOKMaVVrO1sLAC/mv/u/source/youtube/sparams/as%2Cei%2Chfr%2Cid%2Cip%2Cipbits%2Citag%2Cmm%2Cmn%2Cms%2Cmv%2Cpl%2Cplayback_host%2Crequiressl%2Csource%2Cexpire/id/bf6f79d1f4680ecd/key/yt6/requiressl/yes/ipbits/0/signature/1E477CE0D634829E6A46FA1E73C16E45C9046527.A5348F3DCEBB8B7A1EDEEF3C79CEBCA7B954E676", "width": 656, "tbr": 715.937, "asr": null, "fps": 25, "language": null, "filesize": 8505677, "acodec": "none", "format": "135 - 656x480 (DASH video)", "protocol": "https", "http_headers": {"User-Agent": "Mozilla/5.0 (X11; Linux x86_64; rv:10.0) Gecko/20150101 Firefox/47.0 (Chrome)", "Accept-Charset": "ISO-8859-1,utf-8;q=0.7,*;q=0.7", "Accept": "text/html,application/xhtml+xml,application/xml;q=0.9,*/*;q=0.8", "Accept-Encoding": "gzip, deflate", "Accept-Language": "en-us,en;q=0.5"}}, {"format_id": "244", "url": "https://r1---sn-xjpm-q0ns.googlevideo.com/videoplayback?expire=1502260478&lmt=1427579652786008&requiressl=yes&mime=video%2Fwebm&gir=yes&keepalive=yes&clen=7595162&source=youtube&ipbits=0&signature=1323A039842785EE819CB52830CEE721C9411C41.058DAF1774D9C43B080FE289CEC3E01690CAF3E4&key=yt6&ei=nliKWfa2DNeAVvfcgcgB&sparams=clen%2Cdur%2Cei%2Cgir%2Cid%2Cip%2Cipbits%2Citag%2Ckeepalive%2Clmt%2Cmime%2Cmm%2Cmn%2Cms%2Cmv%2Cpl%2Crequiressl%2Csource%2Cexpire&id=o-AItm8VSz5sThKpQbx3HSpkxAzARA5hiw3yBGCqDNHoD8&dur=132.720&mv=u&mt=1502238616&ms=au&itag=244&mn=sn-xjpm-q0ns&mm=31&ip=131.159.40.117&pl=16&ratebypass=yes", "player_url": null, "ext": "webm", "height": 480, "format_note": "480p", "vcodec": "vp9", "filesize": 7595162, "tbr": 767.648, "width": 656, "fps": 25, "acodec": "none", "format": "244 - 656x480 (480p)", "protocol": "https", "http_headers": {"User-Agent": "Mozilla/5.0 (X11; Linux x86_64; rv:10.0) Gecko/20150101 Firefox/47.0 (Chrome)", "Accept-Charset": "ISO-8859-1,utf-8;q=0.7,*;q=0.7", "Accept": "text/html,application/xhtml+xml,application/xml;q=0.9,*/*;q=0.8", "Accept-Encoding": "gzip, deflate", "Accept-Language": "en-us,en;q=0.5"}}, {"format_id": "17", "url": "https://r1---sn-xjpm-q0ns.googlevideo.com/videoplayback?expire=1502260478&mt=1502238616&key=yt6&lmt=1427473907093563&requiressl=yes&ei=nliKWfa2DNeAVvfcgcgB&mime=video%2F3gpp&gir=yes&sparams=clen%2Cdur%2Cei%2Cgir%2Cid%2Cip%2Cipbits%2Citag%2Clmt%2Cmime%2Cmm%2Cmn%2Cms%2Cmv%2Cpl%2Crequiressl%2Csource%2Cexpire&clen=1352043&id=o-AItm8VSz5sThKpQbx3HSpkxAzARA5hiw3yBGCqDNHoD8&dur=132.957&mv=u&source=youtube&ms=au&itag=17&mn=sn-xjpm-q0ns&mm=31&ip=131.159.40.117&pl=16&signature=8D70EC426FCE6462CCA7A921B1B81341B2F151E9.5F5E057C4CDA193E03290F3561F9480AC4E8C5AD&ipbits=0&ratebypass=yes", "player_url": null, "ext": "3gp", "width": 176, "height": 144, "acodec": "mp4a.40.2", "abr": 24, "vcodec": "mp4v.20.3", "resolution": "176x144", "format_note": "small", "format": "17 - 176x144 (small)", "protocol": "https", "http_headers": {"User-Agent": "Mozilla/5.0 (X11; Linux x86_64; rv:10.0) Gecko/20150101 Firefox/47.0 (Chrome)", "Accept-Charset": "ISO-8859-1,utf-8;q=0.7,*;q=0.7", "Accept": "text/html,application/xhtml+xml,application/xml;q=0.9,*/*;q=0.8", "Accept-Encoding": "gzip, deflate", "Accept-Language": "en-us,en;q=0.5"}}, {"format_id": "36", "url": "https://r1---sn-xjpm-q0ns.googlevideo.com/videoplayback?expire=1502260478&mt=1502238616&key=yt6&lmt=1427473930620745&requiressl=yes&ei=nliKWfa2DNeAVvfcgcgB&mime=video%2F3gpp&gir=yes&sparams=clen%2Cdur%2Cei%2Cgir%2Cid%2Cip%2Cipbits%2Citag%2Clmt%2Cmime%2Cmm%2Cmn%2Cms%2Cmv%2Cpl%2Crequiressl%2Csource%2Cexpire&clen=3779652&id=o-AItm8VSz5sThKpQbx3HSpkxAzARA5hiw3yBGCqDNHoD8&dur=132.957&mv=u&source=youtube&ms=au&itag=36&mn=sn-xjpm-q0ns&mm=31&ip=131.159.40.117&pl=16&signature=C341A54E7C986AA244C5C64D291FC626BD83DEA2.73491523F2EDCD8926C8A17D573E055BE75FECD4&ipbits=0&ratebypass=yes", "player_url": null, "ext": "3gp", "width": 320, "acodec": "mp4a.40.2", "vcodec": "mp4v.20.3", "resolution": "320x234", "height": 234, "format_note": "small", "format": "36 - 320x234 (small)", "protocol": "https", "http_headers": {"User-Agent": "Mozilla/5.0 (X11; Linux x86_64; rv:10.0) Gecko/20150101 Firefox/47.0 (Chrome)", "Accept-Charset": "ISO-8859-1,utf-8;q=0.7,*;q=0.7", "Accept": "text/html,application/xhtml+xml,application/xml;q=0.9,*/*;q=0.8", "Accept-Encoding": "gzip, deflate", "Accept-Language": "en-us,en;q=0.5"}}, {"format_id": "18", "url": "https://r1---sn-xjpm-q0ns.googlevideo.com/videoplayback?expire=1502260478&ratebypass=yes&lmt=1428382848196248&requiressl=yes&mime=video%2Fmp4&gir=yes&clen=7236213&source=youtube&ipbits=0&signature=30348A8E57CB44D8F62E72D69DC1FE21F5FCA6D7.239CD7A734DB7828974048DC6F6F964D1E864C4A&key=yt6&ei=nliKWfa2DNeAVvfcgcgB&sparams=clen%2Cdur%2Cei%2Cgir%2Cid%2Cip%2Cipbits%2Citag%2Clmt%2Cmime%2Cmm%2Cmn%2Cms%2Cmv%2Cpl%2Cratebypass%2Crequiressl%2Csource%2Cexpire&id=o-AItm8VSz5sThKpQbx3HSpkxAzARA5hiw3yBGCqDNHoD8&dur=132.818&mv=u&mt=1502238616&ms=au&itag=18&mn=sn-xjpm-q0ns&mm=31&ip=131.159.40.117&pl=16", "player_url": null, "ext": "mp4", "width": 492, "height": 360, "acodec": "mp4a.40.2", "abr": 96, "vcodec": "avc1.42001E", "resolution": "492x360", "format_note": "medium", "format": "18 - 492x360 (medium)", "protocol": "https", "http_headers": {"User-Agent": "Mozilla/5.0 (X11; Linux x86_64; rv:10.0) Gecko/20150101 Firefox/47.0 (Chrome)", "Accept-Charset": "ISO-8859-1,utf-8;q=0.7,*;q=0.7", "Accept": "text/html,application/xhtml+xml,application/xml;q=0.9,*/*;q=0.8", "Accept-Encoding": "gzip, deflate", "Accept-Language": "en-us,en;q=0.5"}}, {"format_id": "43", "url": "https://r1---sn-xjpm-q0ns.googlevideo.com/videoplayback?expire=1502260478&ratebypass=yes&lmt=1427474313395748&requiressl=yes&mime=video%2Fwebm&gir=yes&clen=11831451&source=youtube&ipbits=0&signature=1092D3FEC81750EEA4F4A8D6AEB4D7C8C9603796.B157961BD9B877C3BEA112B5093EAABDA41F3CC7&key=yt6&ei=nliKWfa2DNeAVvfcgcgB&sparams=clen%2Cdur%2Cei%2Cgir%2Cid%2Cip%2Cipbits%2Citag%2Clmt%2Cmime%2Cmm%2Cmn%2Cms%2Cmv%2Cpl%2Cratebypass%2Crequiressl%2Csource%2Cexpire&id=o-AItm8VSz5sThKpQbx3HSpkxAzARA5hiw3yBGCqDNHoD8&dur=0.000&mv=u&mt=1502238616&ms=au&itag=43&mn=sn-xjpm-q0ns&mm=31&ip=131.159.40.117&pl=16", "player_url": null, "ext": "webm", "width": 640, "height": 360, "acodec": "vorbis", "abr": 128, "vcodec": "vp8.0", "resolution": "640x360", "format_note": "medium", "format": "43 - 640x360 (medium)", "protocol": "https", "http_headers": {"User-Agent": "Mozilla/5.0 (X11; Linux x86_64; rv:10.0) Gecko/20150101 Firefox/47.0 (Chrome)", "Accept-Charset": "ISO-8859-1,utf-8;q=0.7,*;q=0.7", "Accept": "text/html,application/xhtml+xml,application/xml;q=0.9,*/*;q=0.8", "Accept-Encoding": "gzip, deflate", "Accept-Language": "en-us,en;q=0.5"}}], "is_live": null, "start_time": null, "end_time": null, "series": null, "season_number": null, "episode_number": null, "extractor": "youtube", "webpage_url_basename": "v2950fRoDs0", "extractor_key": "Youtube", "playlist": null, "playlist_index": null, "thumbnails": [{"url": "https://i.ytimg.com/vi/v2950fRoDs0/hqdefault.jpg", "id": "0"}], "display_id": "v2950fRoDs0", "ext": "mp4", "height": 480, "format_note": "DASH video", "vcodec": "avc1.4d401e", "format_id": "135", "url": "https://r1---sn-xjpm-q0ns.googlevideo.com/videoplayback?id=bf6f79d1f4680ecd&itag=135&source=youtube&requiressl=yes&pl=16&mn=sn-xjpm-q0ns&mm=31&ms=au&ei=nliKWZDOKMaVVrO1sLAC&mv=u&ratebypass=yes&mime=video/mp4&gir=yes&clen=8505677&lmt=1428382842126480&dur=132.760&mt=1502238616&key=dg_yt0&signature=8C5C7E010C36ECF241C5084151ED2BA25E3CB438.96BC58CC757E49D02B918C8B281B2D335D3BE685&ip=131.159.40.117&ipbits=0&expire=1502260478&sparams=ip,ipbits,expire,id,itag,source,requiressl,pl,mn,mm,ms,ei,mv,ratebypass,mime,gir,clen,lmt,dur", "manifest_url": "https://manifest.googlevideo.com/api/manifest/dash/playback_host/r1---sn-xjpm-q0ns.googlevideo.com/as/fmp4_audio_clear%2Cfmp4_sd_hd_clear/itag/0/pl/16/hfr/1/mn/sn-xjpm-q0ns/ip/131.159.40.117/mm/31/mt/1502238616/ms/au/expire/1502260478/ei/nliKWZDOKMaVVrO1sLAC/mv/u/source/youtube/sparams/as%2Cei%2Chfr%2Cid%2Cip%2Cipbits%2Citag%2Cmm%2Cmn%2Cms%2Cmv%2Cpl%2Cplayback_host%2Crequiressl%2Csource%2Cexpire/id/bf6f79d1f4680ecd/key/yt6/requiressl/yes/ipbits/0/signature/1E477CE0D634829E6A46FA1E73C16E45C9046527.A5348F3DCEBB8B7A1EDEEF3C79CEBCA7B954E676", "width": 656, "tbr": 715.937, "asr": null, "fps": 25, "language": null, "filesize": 8505677, "acodec": "none", "format": "135 - 656x480 (DASH video)", "protocol": "https", "http_headers": {"User-Agent": "Mozilla/5.0 (X11; Linux x86_64; rv:10.0) Gecko/20150101 Firefox/47.0 (Chrome)", "Accept-Charset": "ISO-8859-1,utf-8;q=0.7,*;q=0.7", "Accept": "text/html,application/xhtml+xml,application/xml;q=0.9,*/*;q=0.8", "Accept-Encoding": "gzip, deflate", "Accept-Language": "en-us,en;q=0.5"}, "fulltitle": "\u0410\u049b\u0434\u0430\u043b\u0430 \u0430\u0443\u044b\u043b\u044b\u043d\u0434\u0430 \u041d\u0430\u0443\u0440\u044b\u0437\u0493\u0430 \u0430\u0440\u043d\u0430\u043b\u0493\u0430\u043d \u0456\u0441-\u0448\u0430\u0440\u0430 \u0430\u044f\u0493\u044b \u0436\u0430\u0441\u0442\u0430\u0440\u0434\u044b\u04a3 \u0436\u0430\u043d\u0436\u0430\u043b\u044b\u043d\u0430 \u04b1\u043b\u0430\u0441\u044b\u043f, \u0430\u049b\u044b\u0440\u044b \u0430\u0442\u044b\u0441\u043f\u0435\u043d \u0430\u044f\u049b\u0442\u0430\u043b\u0434\u044b", "_filename": "v2950fRoDs0.mp4"}