{"id": "B00MYygHeoI", "uploader": "Nuo7 - Mehr sehen als Anderswo!", "uploader_id": "NuoVisoProductions", "uploader_url": "http://www.youtube.com/user/NuoVisoProductions", "upload_date": "20120315", "license": "Standard YouTube License", "creator": null, "title": "POTUS - mit der Lizenz zum T\u00f6ten?", "alt_title": null, "thumbnail": "https://i.ytimg.com/vi/B00MYygHeoI/maxresdefault.jpg", "description": "Unterst\u00fctze NuoViso: http://www.NuoVisoShop.de\n\nAbonniere unseren Kanal: http://www.youtube.com/subscription_center?add_user=nuovisotv\n\nEin neues Gesetz in den USA, erlaubt es dem Pr\u00e4sidenten, US B\u00fcrger, ohne weiteres Gerichtsverfahren, t\u00f6ten zu lassen, wenn sich diese Person im Ausland befindet und der Pr\u00e4sident der Meinung ist, die T\u00f6tung sei gerechtfertigt.\n\nGilt diese Regel auch f\u00fcr das Inland? Das wurde der FBI Chef gefragt und seine Atwort war erstaunlich.\n\nDie Gesetzes\u00e4nderungen in den USA offenbahren immer mehr, die Verletzung der Verfassung. Wozu haben wir \u00fcber Generationen die Konventionen und Menschenrechte erschaffen und blutig erstritten,m wenn wir sie jetzt innerhalb unserer Generation mit F\u00fc\u00dfen treten?", "categories": ["News & Politics"], "tags": ["obama", "schie\u00dfbefahl", "gestapo", "faschismus", "polizeistaat", "usa", "europa", "demokratie", "menschenrecht", "menschenverachtend", "unglaublich", "schrecklich", "nato", "terror", "sklaverei", "krieg", "Barack Obama", "Bush", "World", "America", "United", "Germany", "George", "Clinton", "Election", "States", "Europe", "England", "Canada", "China", "United States", "Australia", "Russia", "Nations", "Kingdom", "Japan", "Spain", "Asia", "European", "Brazil", "India", "Africa", "Britain", "war", "news", "politics", "London"], "subtitles": {}, "automatic_captions": {}, "duration": 235, "age_limit": 0, "annotations": null, "chapters": null, "webpage_url": "https://www.youtube.com/watch?v=B00MYygHeoI", "view_count": 3338, "like_count": 93, "dislike_count": 1, "average_rating": 4.95744657516, "formats": [{"ext": "m4a", "format_note": "DASH audio", "acodec": "mp4a.40.5", "abr": 48, "container": "m4a_dash", "format_id": "139", "url": "https://r1---sn-xjpm-q0ns.googlevideo.com/videoplayback?id=074d0c6328077a82&itag=139&source=youtube&requiressl=yes&mn=sn-xjpm-q0ns&mm=31&pl=16&ei=VK-KWfeoIMTuWcP-jSg&initcwndbps=2861250&mv=m&ms=au&ratebypass=yes&mime=audio/mp4&gir=yes&clen=1415955&lmt=1414789278392946&dur=234.613&signature=31565C521707882C94C6771FE4385209D811E359.0ADCF787D62444F6C1213C0A24B6E097AE760C0B&mt=1502260905&key=dg_yt0&ip=131.159.40.117&ipbits=0&expire=1502282676&sparams=ip,ipbits,expire,id,itag,source,requiressl,mn,mm,pl,ei,initcwndbps,mv,ms,ratebypass,mime,gir,clen,lmt,dur", "manifest_url": "https://manifest.googlevideo.com/api/manifest/dash/hfr/1/mn/sn-xjpm-q0ns/ipbits/0/mm/31/pl/16/id/074d0c6328077a82/expire/1502282676/as/fmp4_audio_clear%2Cfmp4_sd_hd_clear/signature/A61CA96E48BE11057DCB56F9095AA7521AB29FBE.4EBE0B7501E7FF35E3F18340404BEF2BE842ACE8/itag/0/ei/VK-KWfeoIMTuWcP-jSg/requiressl/yes/ip/131.159.40.117/source/youtube/initcwndbps/2861250/mv/m/sparams/as%2Cei%2Chfr%2Cid%2Cinitcwndbps%2Cip%2Cipbits%2Citag%2Cmm%2Cmn%2Cms%2Cmv%2Cpl%2Cplayback_host%2Crequiressl%2Csource%2Cexpire/playback_host/r1---sn-xjpm-q0ns.googlevideo.com/mt/1502260905/ms/au/key/yt6", "width": null, "height": null, "tbr": 49.182, "asr": 22050, "fps": null, "language": null, "filesize": 1415955, "vcodec": "none", "format": "139 - audio only (DASH audio)", "protocol": "https", "http_headers": {"User-Agent": "Mozilla/5.0 (X11; Linux x86_64; rv:10.0) Gecko/20150101 Firefox/47.0 (Chrome)", "Accept-Charset": "ISO-8859-1,utf-8;q=0.7,*;q=0.7", "Accept": "text/html,application/xhtml+xml,application/xml;q=0.9,*/*;q=0.8", "Accept-Encoding": "gzip, deflate", "Accept-Language": "en-us,en;q=0.5"}}, {"ext": "m4a", "format_note": "DASH audio", "acodec": "mp4a.40.2", "abr": 128, "container": "m4a_dash", "format_id": "140", "url": "https://r1---sn-xjpm-q0ns.googlevideo.com/videoplayback?id=074d0c6328077a82&itag=140&source=youtube&requiressl=yes&mn=sn-xjpm-q0ns&mm=31&pl=16&ei=VK-KWfeoIMTuWcP-jSg&initcwndbps=2861250&mv=m&ms=au&ratebypass=yes&mime=audio/mp4&gir=yes&clen=3766033&lmt=1414789278201310&dur=234.544&signature=5A077C5AF21EA839E64F68BA25734829BC24BE0F.998B15207794EE7F018B641F917DB4A94FB6C521&mt=1502260905&key=dg_yt0&ip=131.159.40.117&ipbits=0&expire=1502282676&sparams=ip,ipbits,expire,id,itag,source,requiressl,mn,mm,pl,ei,initcwndbps,mv,ms,ratebypass,mime,gir,clen,lmt,dur", "manifest_url": "https://manifest.googlevideo.com/api/manifest/dash/hfr/1/mn/sn-xjpm-q0ns/ipbits/0/mm/31/pl/16/id/074d0c6328077a82/expire/1502282676/as/fmp4_audio_clear%2Cfmp4_sd_hd_clear/signature/A61CA96E48BE11057DCB56F9095AA7521AB29FBE.4EBE0B7501E7FF35E3F18340404BEF2BE842ACE8/itag/0/ei/VK-KWfeoIMTuWcP-jSg/requiressl/yes/ip/131.159.40.117/source/youtube/initcwndbps/2861250/mv/m/sparams/as%2Cei%2Chfr%2Cid%2Cinitcwndbps%2Cip%2Cipbits%2Citag%2Cmm%2Cmn%2Cms%2Cmv%2Cpl%2Cplayback_host%2Crequiressl%2Csource%2Cexpire/playback_host/r1---sn-xjpm-q0ns.googlevideo.com/mt/1502260905/ms/au/key/yt6", "width": null, "height": null, "tbr": 129.175, "asr": 44100, "fps": null, "language": null, "filesize": 3766033, "vcodec": "none", "format": "140 - audio only (DASH audio)", "protocol": "https", "http_headers": {"User-Agent": "Mozilla/5.0 (X11; Linux x86_64; rv:10.0) Gecko/20150101 Firefox/47.0 (Chrome)", "Accept-Charset": "ISO-8859-1,utf-8;q=0.7,*;q=0.7", "Accept": "text/html,application/xhtml+xml,application/xml;q=0.9,*/*;q=0.8", "Accept-Encoding": "gzip, deflate", "Accept-Language": "en-us,en;q=0.5"}}, {"ext": "mp4", "height": 144, "format_note": "DASH video", "vcodec": "avc1.4d400c", "format_id": "160", "url": "https://r1---sn-xjpm-q0ns.googlevideo.com/videoplayback?id=074d0c6328077a82&itag=160&source=youtube&requiressl=yes&mn=sn-xjpm-q0ns&mm=31&pl=16&ei=VK-KWfeoIMTuWcP-jSg&initcwndbps=2861250&mv=m&ms=au&ratebypass=yes&mime=video/mp4&gir=yes&clen=3231042&lmt=1414789286294982&dur=234.520&signature=656523ED2BC048930FA9B03340DD9EC0ECB0196E.0623255D4988774F23DB408D530E383063B46D3F&mt=1502260905&key=dg_yt0&ip=131.159.40.117&ipbits=0&expire=1502282676&sparams=ip,ipbits,expire,id,itag,source,requiressl,mn,mm,pl,ei,initcwndbps,mv,ms,ratebypass,mime,gir,clen,lmt,dur", "manifest_url": "https://manifest.googlevideo.com/api/manifest/dash/hfr/1/mn/sn-xjpm-q0ns/ipbits/0/mm/31/pl/16/id/074d0c6328077a82/expire/1502282676/as/fmp4_audio_clear%2Cfmp4_sd_hd_clear/signature/A61CA96E48BE11057DCB56F9095AA7521AB29FBE.4EBE0B7501E7FF35E3F18340404BEF2BE842ACE8/itag/0/ei/VK-KWfeoIMTuWcP-jSg/requiressl/yes/ip/131.159.40.117/source/youtube/initcwndbps/2861250/mv/m/sparams/as%2Cei%2Chfr%2Cid%2Cinitcwndbps%2Cip%2Cipbits%2Citag%2Cmm%2Cmn%2Cms%2Cmv%2Cpl%2Cplayback_host%2Crequiressl%2Csource%2Cexpire/playback_host/r1---sn-xjpm-q0ns.googlevideo.com/mt/1502260905/ms/au/key/yt6", "width": 256, "tbr": 111.946, "asr": null, "fps": 13, "language": null, "filesize": 3231042, "acodec": "none", "format": "160 - 256x144 (DASH video)", "protocol": "https", "http_headers": {"User-Agent": "Mozilla/5.0 (X11; Linux x86_64; rv:10.0) Gecko/20150101 Firefox/47.0 (Chrome)", "Accept-Charset": "ISO-8859-1,utf-8;q=0.7,*;q=0.7", "Accept": "text/html,application/xhtml+xml,application/xml;q=0.9,*/*;q=0.8", "Accept-Encoding": "gzip, deflate", "Accept-Language": "en-us,en;q=0.5"}}, {"ext": "mp4", "height": 240, "format_note": "DASH video", "vcodec": "avc1.4d4015", "format_id": "133", "url": "https://r1---sn-xjpm-q0ns.googlevideo.com/videoplayback?id=074d0c6328077a82&itag=133&source=youtube&requiressl=yes&mn=sn-xjpm-q0ns&mm=31&pl=16&ei=VK-KWfeoIMTuWcP-jSg&initcwndbps=2861250&mv=m&ms=au&ratebypass=yes&mime=video/mp4&gir=yes&clen=7253175&lmt=1414789280196226&dur=234.480&signature=254ED3321751CD1581B2EE3C8A812E467FB45719.150FD537FF123CDFE51996CFC2AD7616B221FBF2&mt=1502260905&key=dg_yt0&ip=131.159.40.117&ipbits=0&expire=1502282676&sparams=ip,ipbits,expire,id,itag,source,requiressl,mn,mm,pl,ei,initcwndbps,mv,ms,ratebypass,mime,gir,clen,lmt,dur", "manifest_url": "https://manifest.googlevideo.com/api/manifest/dash/hfr/1/mn/sn-xjpm-q0ns/ipbits/0/mm/31/pl/16/id/074d0c6328077a82/expire/1502282676/as/fmp4_audio_clear%2Cfmp4_sd_hd_clear/signature/A61CA96E48BE11057DCB56F9095AA7521AB29FBE.4EBE0B7501E7FF35E3F18340404BEF2BE842ACE8/itag/0/ei/VK-KWfeoIMTuWcP-jSg/requiressl/yes/ip/131.159.40.117/source/youtube/initcwndbps/2861250/mv/m/sparams/as%2Cei%2Chfr%2Cid%2Cinitcwndbps%2Cip%2Cipbits%2Citag%2Cmm%2Cmn%2Cms%2Cmv%2Cpl%2Cplayback_host%2Crequiressl%2Csource%2Cexpire/playback_host/r1---sn-xjpm-q0ns.googlevideo.com/mt/1502260905/ms/au/key/yt6", "width": 426, "tbr": 254.385, "asr": null, "fps": 25, "language": null, "filesize": 7253175, "acodec": "none", "format": "133 - 426x240 (DASH video)", "protocol": "https", "http_headers": {"User-Agent": "Mozilla/5.0 (X11; Linux x86_64; rv:10.0) Gecko/20150101 Firefox/47.0 (Chrome)", "Accept-Charset": "ISO-8859-1,utf-8;q=0.7,*;q=0.7", "Accept": "text/html,application/xhtml+xml,application/xml;q=0.9,*/*;q=0.8", "Accept-Encoding": "gzip, deflate", "Accept-Language": "en-us,en;q=0.5"}}, {"ext": "mp4", "height": 360, "format_note": "DASH video", "vcodec": "avc1.4d401e", "format_id": "134", "url": "https://r1---sn-xjpm-q0ns.googlevideo.com/videoplayback?id=074d0c6328077a82&itag=134&source=youtube&requiressl=yes&mn=sn-xjpm-q0ns&mm=31&pl=16&ei=VK-KWfeoIMTuWcP-jSg&initcwndbps=2861250&mv=m&ms=au&ratebypass=yes&mime=video/mp4&gir=yes&clen=7013840&lmt=1414789290396352&dur=234.480&signature=270344BFB60E7D0BC68CA0B210B663A2591E82FD.1C641F83070C7DBFF68563CEB2E4AEA940D06264&mt=1502260905&key=dg_yt0&ip=131.159.40.117&ipbits=0&expire=1502282676&sparams=ip,ipbits,expire,id,itag,source,requiressl,mn,mm,pl,ei,initcwndbps,mv,ms,ratebypass,mime,gir,clen,lmt,dur", "manifest_url": "https://manifest.googlevideo.com/api/manifest/dash/hfr/1/mn/sn-xjpm-q0ns/ipbits/0/mm/31/pl/16/id/074d0c6328077a82/expire/1502282676/as/fmp4_audio_clear%2Cfmp4_sd_hd_clear/signature/A61CA96E48BE11057DCB56F9095AA7521AB29FBE.4EBE0B7501E7FF35E3F18340404BEF2BE842ACE8/itag/0/ei/VK-KWfeoIMTuWcP-jSg/requiressl/yes/ip/131.159.40.117/source/youtube/initcwndbps/2861250/mv/m/sparams/as%2Cei%2Chfr%2Cid%2Cinitcwndbps%2Cip%2Cipbits%2Citag%2Cmm%2Cmn%2Cms%2Cmv%2Cpl%2Cplayback_host%2Crequiressl%2Csource%2Cexpire/playback_host/r1---sn-xjpm-q0ns.googlevideo.com/mt/1502260905/ms/au/key/yt6", "width": 640, "tbr": 302.32, "asr": null, "fps": 25, "language": null, "filesize": 7013840, "acodec": "none", "format": "134 - 640x360 (DASH video)", "protocol": "https", "http_headers": {"User-Agent": "Mozilla/5.0 (X11; Linux x86_64; rv:10.0) Gecko/20150101 Firefox/47.0 (Chrome)", "Accept-Charset": "ISO-8859-1,utf-8;q=0.7,*;q=0.7", "Accept": "text/html,application/xhtml+xml,application/xml;q=0.9,*/*;q=0.8", "Accept-Encoding": "gzip, deflate", "Accept-Language": "en-us,en;q=0.5"}}, {"ext": "mp4", "height": 480, "format_note": "DASH video", "vcodec": "avc1.4d401e", "format_id": "135", "url": "https://r1---sn-xjpm-q0ns.googlevideo.com/videoplayback?id=074d0c6328077a82&itag=135&source=youtube&requiressl=yes&mn=sn-xjpm-q0ns&mm=31&pl=16&ei=VK-KWfeoIMTuWcP-jSg&initcwndbps=2861250&mv=m&ms=au&ratebypass=yes&mime=video/mp4&gir=yes&clen=14896095&lmt=1414789293685423&dur=234.480&signature=33F03B5B0474F497417B1565271C7EF3549575A9.39E267BC5D1C79A76402B17D43146026EFE50A61&mt=1502260905&key=dg_yt0&ip=131.159.40.117&ipbits=0&expire=1502282676&sparams=ip,ipbits,expire,id,itag,source,requiressl,mn,mm,pl,ei,initcwndbps,mv,ms,ratebypass,mime,gir,clen,lmt,dur", "manifest_url": "https://manifest.googlevideo.com/api/manifest/dash/hfr/1/mn/sn-xjpm-q0ns/ipbits/0/mm/31/pl/16/id/074d0c6328077a82/expire/1502282676/as/fmp4_audio_clear%2Cfmp4_sd_hd_clear/signature/A61CA96E48BE11057DCB56F9095AA7521AB29FBE.4EBE0B7501E7FF35E3F18340404BEF2BE842ACE8/itag/0/ei/VK-KWfeoIMTuWcP-jSg/requiressl/yes/ip/131.159.40.117/source/youtube/initcwndbps/2861250/mv/m/sparams/as%2Cei%2Chfr%2Cid%2Cinitcwndbps%2Cip%2Cipbits%2Citag%2Cmm%2Cmn%2Cms%2Cmv%2Cpl%2Cplayback_host%2Crequiressl%2Csource%2Cexpire/playback_host/r1---sn-xjpm-q0ns.googlevideo.com/mt/1502260905/ms/au/key/yt6", "width": 854, "tbr": 589.604, "asr": null, "fps": 25, "language": null, "filesize": 14896095, "acodec": "none", "format": "135 - 854x480 (DASH video)", "protocol": "https", "http_headers": {"User-Agent": "Mozilla/5.0 (X11; Linux x86_64; rv:10.0) Gecko/20150101 Firefox/47.0 (Chrome)", "Accept-Charset": "ISO-8859-1,utf-8;q=0.7,*;q=0.7", "Accept": "text/html,application/xhtml+xml,application/xml;q=0.9,*/*;q=0.8", "Accept-Encoding": "gzip, deflate", "Accept-Language": "en-us,en;q=0.5"}}, {"format_id": "17", "url": "https://r1---sn-xjpm-q0ns.googlevideo.com/videoplayback?signature=363F08B1773430EA2A14882BE55034909490D2F3.522F4AAAEC98BC99968B30BBFD751DA9F44FB490&sparams=clen%2Cdur%2Cei%2Cgir%2Cid%2Cinitcwndbps%2Cip%2Cipbits%2Citag%2Clmt%2Cmime%2Cmm%2Cmn%2Cms%2Cmv%2Cpl%2Crequiressl%2Csource%2Cexpire&itag=17&key=yt6&gir=yes&mime=video%2F3gpp&source=youtube&initcwndbps=2861250&requiressl=yes&expire=1502282676&lmt=1414789298995258&dur=234.707&clen=2406891&mt=1502260905&mn=sn-xjpm-q0ns&mm=31&id=o-ADE10auNf802Ssaa34lFpB2Hm8tmO4u7cqMyhdxbiiT7&ip=131.159.40.117&mv=m&pl=16&ipbits=0&ms=au&ei=U6-KWdjvOcmAWa3AmYAF&ratebypass=yes", "player_url": null, "ext": "3gp", "width": 176, "height": 144, "acodec": "mp4a.40.2", "abr": 24, "vcodec": "mp4v.20.3", "resolution": "176x144", "format_note": "small", "format": "17 - 176x144 (small)", "protocol": "https", "http_headers": {"User-Agent": "Mozilla/5.0 (X11; Linux x86_64; rv:10.0) Gecko/20150101 Firefox/47.0 (Chrome)", "Accept-Charset": "ISO-8859-1,utf-8;q=0.7,*;q=0.7", "Accept": "text/html,application/xhtml+xml,application/xml;q=0.9,*/*;q=0.8", "Accept-Encoding": "gzip, deflate", "Accept-Language": "en-us,en;q=0.5"}}, {"format_id": "36", "url": "https://r1---sn-xjpm-q0ns.googlevideo.com/videoplayback?signature=28982EAF34A545AF3608D869CAE52C693A8C8F4A.21815EFE495DE848FAA7571DC9ACAA2459F3AEEA&sparams=clen%2Cdur%2Cei%2Cgir%2Cid%2Cinitcwndbps%2Cip%2Cipbits%2Citag%2Clmt%2Cmime%2Cmm%2Cmn%2Cms%2Cmv%2Cpl%2Crequiressl%2Csource%2Cexpire&itag=36&key=yt6&gir=yes&mime=video%2F3gpp&source=youtube&initcwndbps=2861250&requiressl=yes&expire=1502282676&lmt=1426618865712171&dur=234.660&clen=6726557&mt=1502260905&mn=sn-xjpm-q0ns&mm=31&id=o-ADE10auNf802Ssaa34lFpB2Hm8tmO4u7cqMyhdxbiiT7&ip=131.159.40.117&mv=m&pl=16&ipbits=0&ms=au&ei=U6-KWdjvOcmAWa3AmYAF&ratebypass=yes", "player_url": null, "ext": "3gp", "width": 320, "acodec": "mp4a.40.2", "vcodec": "mp4v.20.3", "resolution": "320x180", "height": 180, "format_note": "small", "format": "36 - 320x180 (small)", "protocol": "https", "http_headers": {"User-Agent": "Mozilla/5.0 (X11; Linux x86_64; rv:10.0) Gecko/20150101 Firefox/47.0 (Chrome)", "Accept-Charset": "ISO-8859-1,utf-8;q=0.7,*;q=0.7", "Accept": "text/html,application/xhtml+xml,application/xml;q=0.9,*/*;q=0.8", "Accept-Encoding": "gzip, deflate", "Accept-Language": "en-us,en;q=0.5"}}, {"format_id": "43", "url": "https://r1---sn-xjpm-q0ns.googlevideo.com/videoplayback?signature=80B8B2D0D20E642CCE4175CE9F56BE245513A0E0.73EDAD4B6F2568D25D74C3FD4FC62F0093CAFDCA&sparams=clen%2Cdur%2Cei%2Cgir%2Cid%2Cinitcwndbps%2Cip%2Cipbits%2Citag%2Clmt%2Cmime%2Cmm%2Cmn%2Cms%2Cmv%2Cpl%2Cratebypass%2Crequiressl%2Csource%2Cexpire&itag=43&key=yt6&gir=yes&mime=video%2Fwebm&source=youtube&initcwndbps=2861250&requiressl=yes&expire=1502282676&lmt=1414789468814718&dur=0.000&ratebypass=yes&clen=12577063&mt=1502260905&mn=sn-xjpm-q0ns&mm=31&id=o-ADE10auNf802Ssaa34lFpB2Hm8tmO4u7cqMyhdxbiiT7&ip=131.159.40.117&mv=m&pl=16&ipbits=0&ms=au&ei=U6-KWdjvOcmAWa3AmYAF", "player_url": null, "ext": "webm", "width": 640, "height": 360, "acodec": "vorbis", "abr": 128, "vcodec": "vp8.0", "resolution": "640x360", "format_note": "medium", "format": "43 - 640x360 (medium)", "protocol": "https", "http_headers": {"User-Agent": "Mozilla/5.0 (X11; Linux x86_64; rv:10.0) Gecko/20150101 Firefox/47.0 (Chrome)", "Accept-Charset": "ISO-8859-1,utf-8;q=0.7,*;q=0.7", "Accept": "text/html,application/xhtml+xml,application/xml;q=0.9,*/*;q=0.8", "Accept-Encoding": "gzip, deflate", "Accept-Language": "en-us,en;q=0.5"}}, {"format_id": "18", "url": "https://r1---sn-xjpm-q0ns.googlevideo.com/videoplayback?signature=C505580EBE454E581D06942FA507465768D10D2E.CE7DFC63473FF486741144F238CA726D98D4D403&sparams=clen%2Cdur%2Cei%2Cgir%2Cid%2Cinitcwndbps%2Cip%2Cipbits%2Citag%2Clmt%2Cmime%2Cmm%2Cmn%2Cms%2Cmv%2Cpl%2Cratebypass%2Crequiressl%2Csource%2Cexpire&itag=18&key=yt6&gir=yes&mime=video%2Fmp4&source=youtube&initcwndbps=2861250&requiressl=yes&expire=1502282676&lmt=1414789280027751&dur=234.544&ratebypass=yes&clen=10808671&mt=1502260905&mn=sn-xjpm-q0ns&mm=31&id=o-ADE10auNf802Ssaa34lFpB2Hm8tmO4u7cqMyhdxbiiT7&ip=131.159.40.117&mv=m&pl=16&ipbits=0&ms=au&ei=U6-KWdjvOcmAWa3AmYAF", "player_url": null, "ext": "mp4", "width": 640, "height": 360, "acodec": "mp4a.40.2", "abr": 96, "vcodec": "avc1.42001E", "resolution": "640x360", "format_note": "medium", "format": "18 - 640x360 (medium)", "protocol": "https", "http_headers": {"User-Agent": "Mozilla/5.0 (X11; Linux x86_64; rv:10.0) Gecko/20150101 Firefox/47.0 (Chrome)", "Accept-Charset": "ISO-8859-1,utf-8;q=0.7,*;q=0.7", "Accept": "text/html,application/xhtml+xml,application/xml;q=0.9,*/*;q=0.8", "Accept-Encoding": "gzip, deflate", "Accept-Language": "en-us,en;q=0.5"}}], "is_live": null, "start_time": null, "end_time": null, "series": null, "season_number": null, "episode_number": null, "extractor": "youtube", "webpage_url_basename": "B00MYygHeoI", "extractor_key": "Youtube", "playlist": null, "playlist_index": null, "thumbnails": [{"url": "https://i.ytimg.com/vi/B00MYygHeoI/maxresdefault.jpg", "id": "0"}], "display_id": "B00MYygHeoI", "ext": "mp4", "height": 480, "format_note": "DASH video", "vcodec": "avc1.4d401e", "format_id": "135", "url": "https://r1---sn-xjpm-q0ns.googlevideo.com/videoplayback?id=074d0c6328077a82&itag=135&source=youtube&requiressl=yes&mn=sn-xjpm-q0ns&mm=31&pl=16&ei=VK-KWfeoIMTuWcP-jSg&initcwndbps=2861250&mv=m&ms=au&ratebypass=yes&mime=video/mp4&gir=yes&clen=14896095&lmt=1414789293685423&dur=234.480&signature=33F03B5B0474F497417B1565271C7EF3549575A9.39E267BC5D1C79A76402B17D43146026EFE50A61&mt=1502260905&key=dg_yt0&ip=131.159.40.117&ipbits=0&expire=1502282676&sparams=ip,ipbits,expire,id,itag,source,requiressl,mn,mm,pl,ei,initcwndbps,mv,ms,ratebypass,mime,gir,clen,lmt,dur", "manifest_url": "https://manifest.googlevideo.com/api/manifest/dash/hfr/1/mn/sn-xjpm-q0ns/ipbits/0/mm/31/pl/16/id/074d0c6328077a82/expire/1502282676/as/fmp4_audio_clear%2Cfmp4_sd_hd_clear/signature/A61CA96E48BE11057DCB56F9095AA7521AB29FBE.4EBE0B7501E7FF35E3F18340404BEF2BE842ACE8/itag/0/ei/VK-KWfeoIMTuWcP-jSg/requiressl/yes/ip/131.159.40.117/source/youtube/initcwndbps/2861250/mv/m/sparams/as%2Cei%2Chfr%2Cid%2Cinitcwndbps%2Cip%2Cipbits%2Citag%2Cmm%2Cmn%2Cms%2Cmv%2Cpl%2Cplayback_host%2Crequiressl%2Csource%2Cexpire/playback_host/r1---sn-xjpm-q0ns.googlevideo.com/mt/1502260905/ms/au/key/yt6", "width": 854, "tbr": 589.604, "asr": null, "fps": 25, "language": null, "filesize": 14896095, "acodec": "none", "format": "135 - 854x480 (DASH video)", "protocol": "https", "http_headers": {"User-Agent": "Mozilla/5.0 (X11; Linux x86_64; rv:10.0) Gecko/20150101 Firefox/47.0 (Chrome)", "Accept-Charset": "ISO-8859-1,utf-8;q=0.7,*;q=0.7", "Accept": "text/html,application/xhtml+xml,application/xml;q=0.9,*/*;q=0.8", "Accept-Encoding": "gzip, deflate", "Accept-Language": "en-us,en;q=0.5"}, "fulltitle": "POTUS - mit der Lizenz zum T\u00f6ten?", "_filename": "B00MYygHeoI.mp4"}