{"id": "z3YPGJokEno", "uploader": "Band Cidade Curitiba", "uploader_id": "BandCidadeCuritiba", "uploader_url": "http://www.youtube.com/user/BandCidadeCuritiba", "upload_date": "20130821", "license": "Standard YouTube License", "creator": null, "title": "Vendedor de balas que aperta o bot\u00e3o para o sinal fechar o tempo todo tumultua tr\u00e2nsito em Curitiba", "alt_title": null, "thumbnail": "https://i.ytimg.com/vi/z3YPGJokEno/hqdefault.jpg", "description": "", "categories": ["People & Blogs"], "tags": ["Band Cidade", "Jos\u00e9 Wille", "Curitiba", "2013", "Paran\u00e1", "Roberta Canetti", "Band"], "subtitles": {}, "automatic_captions": {}, "duration": 208, "age_limit": 0, "annotations": null, "chapters": null, "webpage_url": "https://www.youtube.com/watch?v=z3YPGJokEno", "view_count": 41062, "like_count": 75, "dislike_count": 1, "average_rating": 4.94736862183, "formats": [{"ext": "m4a", "format_note": "DASH audio", "acodec": "mp4a.40.5", "abr": 48, "container": "m4a_dash", "format_id": "139", "url": "https://r7---sn-xjpm-q0ns.googlevideo.com/videoplayback?id=cf760f189a24127a&itag=139&source=youtube&requiressl=yes&initcwndbps=3267500&mn=sn-xjpm-q0ns&mm=31&ms=au&ei=zqyKWbPiMZzqVOuvlogG&mv=m&pl=16&ratebypass=yes&mime=audio/mp4&gir=yes&clen=1236187&lmt=1378017912219913&dur=207.772&mt=1502260354&signature=053DA6AC128A411A475781070EB536BAB2F0F6E0.339AA2E734488A6FB38B44295F114E986D2E17DF&key=dg_yt0&ip=131.159.40.117&ipbits=0&expire=1502282030&sparams=ip,ipbits,expire,id,itag,source,requiressl,initcwndbps,mn,mm,ms,ei,mv,pl,ratebypass,mime,gir,clen,lmt,dur", "manifest_url": "https://manifest.googlevideo.com/api/manifest/dash/initcwndbps/3267500/mt/1502260354/playback_host/r7---sn-xjpm-q0ns.googlevideo.com/signature/B513BA30379C9D68EF40CAFF70744FAA3A38C46A.4949B6FF66E6E5E6D7DC2F59334F9A92F43B4D58/mn/sn-xjpm-q0ns/id/cf760f189a24127a/expire/1502282030/hfr/1/ipbits/0/mm/31/itag/0/ms/au/ei/zqyKWbPiMZzqVOuvlogG/mv/m/as/fmp4_audio_clear%2Cfmp4_sd_hd_clear/source/youtube/key/yt6/pl/16/requiressl/yes/sparams/as%2Cei%2Chfr%2Cid%2Cinitcwndbps%2Cip%2Cipbits%2Citag%2Cmm%2Cmn%2Cms%2Cmv%2Cpl%2Cplayback_host%2Crequiressl%2Csource%2Cexpire/ip/131.159.40.117", "width": null, "height": null, "tbr": 48.452, "asr": 22050, "fps": null, "language": null, "filesize": 1236187, "vcodec": "none", "format": "139 - audio only (DASH audio)", "protocol": "https", "http_headers": {"User-Agent": "Mozilla/5.0 (X11; Linux x86_64; rv:10.0) Gecko/20150101 Firefox/47.0 (Chrome)", "Accept-Charset": "ISO-8859-1,utf-8;q=0.7,*;q=0.7", "Accept": "text/html,application/xhtml+xml,application/xml;q=0.9,*/*;q=0.8", "Accept-Encoding": "gzip, deflate", "Accept-Language": "en-us,en;q=0.5"}}, {"format_id": "171", "url": "https://r7---sn-xjpm-q0ns.googlevideo.com/videoplayback?initcwndbps=3267500&source=youtube&id=o-AARE6oSnhuUTalwEri97SpychY_tXUpiAQXuY7iQZHd3&lmt=1392782711575792&ip=131.159.40.117&key=yt6&expire=1502282030&dur=207.634&signature=DEF504273164217B6D395FBC8E7C707691C83C22.2249054F6F071B82AF9E3D963010ABACB7428FBE&sparams=clen%2Cdur%2Cei%2Cgir%2Cid%2Cinitcwndbps%2Cip%2Cipbits%2Citag%2Ckeepalive%2Clmt%2Cmime%2Cmm%2Cmn%2Cms%2Cmv%2Cpl%2Crequiressl%2Csource%2Cexpire&ipbits=0&keepalive=yes&mime=audio%2Fwebm&itag=171&pl=16&mv=m&mt=1502260354&mm=31&ms=au&ei=zqyKWb_pGIP4VvSvgrAF&requiressl=yes&gir=yes&mn=sn-xjpm-q0ns&clen=2155483&ratebypass=yes", "player_url": null, "ext": "webm", "acodec": "vorbis", "format_note": "DASH audio", "abr": 128, "filesize": 2155483, "tbr": 88.447, "fps": 1, "vcodec": "none", "format": "171 - audio only (DASH audio)", "protocol": "https", "http_headers": {"User-Agent": "Mozilla/5.0 (X11; Linux x86_64; rv:10.0) Gecko/20150101 Firefox/47.0 (Chrome)", "Accept-Charset": "ISO-8859-1,utf-8;q=0.7,*;q=0.7", "Accept": "text/html,application/xhtml+xml,application/xml;q=0.9,*/*;q=0.8", "Accept-Encoding": "gzip, deflate", "Accept-Language": "en-us,en;q=0.5"}}, {"ext": "m4a", "format_note": "DASH audio", "acodec": "mp4a.40.2", "abr": 128, "container": "m4a_dash", "format_id": "140", "url": "https://r7---sn-xjpm-q0ns.googlevideo.com/videoplayback?id=cf760f189a24127a&itag=140&source=youtube&requiressl=yes&initcwndbps=3267500&mn=sn-xjpm-q0ns&mm=31&ms=au&ei=zqyKWbPiMZzqVOuvlogG&mv=m&pl=16&ratebypass=yes&mime=audio/mp4&gir=yes&clen=3299380&lmt=1378017932353279&dur=207.702&mt=1502260354&signature=7E0A053B5066C297B8B4B6D86471E5D047D73E7B.3A68A4872CE6A22B1DBCEB99B18F99EFBDCB308C&key=dg_yt0&ip=131.159.40.117&ipbits=0&expire=1502282030&sparams=ip,ipbits,expire,id,itag,source,requiressl,initcwndbps,mn,mm,ms,ei,mv,pl,ratebypass,mime,gir,clen,lmt,dur", "manifest_url": "https://manifest.googlevideo.com/api/manifest/dash/initcwndbps/3267500/mt/1502260354/playback_host/r7---sn-xjpm-q0ns.googlevideo.com/signature/B513BA30379C9D68EF40CAFF70744FAA3A38C46A.4949B6FF66E6E5E6D7DC2F59334F9A92F43B4D58/mn/sn-xjpm-q0ns/id/cf760f189a24127a/expire/1502282030/hfr/1/ipbits/0/mm/31/itag/0/ms/au/ei/zqyKWbPiMZzqVOuvlogG/mv/m/as/fmp4_audio_clear%2Cfmp4_sd_hd_clear/source/youtube/key/yt6/pl/16/requiressl/yes/sparams/as%2Cei%2Chfr%2Cid%2Cinitcwndbps%2Cip%2Cipbits%2Citag%2Cmm%2Cmn%2Cms%2Cmv%2Cpl%2Cplayback_host%2Crequiressl%2Csource%2Cexpire/ip/131.159.40.117", "width": null, "height": null, "tbr": 127.797, "asr": 44100, "fps": null, "language": null, "filesize": 3299380, "vcodec": "none", "format": "140 - audio only (DASH audio)", "protocol": "https", "http_headers": {"User-Agent": "Mozilla/5.0 (X11; Linux x86_64; rv:10.0) Gecko/20150101 Firefox/47.0 (Chrome)", "Accept-Charset": "ISO-8859-1,utf-8;q=0.7,*;q=0.7", "Accept": "text/html,application/xhtml+xml,application/xml;q=0.9,*/*;q=0.8", "Accept-Encoding": "gzip, deflate", "Accept-Language": "en-us,en;q=0.5"}}, {"ext": "mp4", "height": 144, "format_note": "DASH video", "vcodec": "avc1.42c00c", "format_id": "160", "url": "https://r7---sn-xjpm-q0ns.googlevideo.com/videoplayback?id=cf760f189a24127a&itag=160&source=youtube&requiressl=yes&initcwndbps=3267500&mn=sn-xjpm-q0ns&mm=31&ms=au&ei=zqyKWbPiMZzqVOuvlogG&mv=m&pl=16&ratebypass=yes&mime=video/mp4&gir=yes&clen=2938659&lmt=1378017962107161&dur=207.607&mt=1502260354&signature=379FE87318F7F6B1786137F70715887AB793EA73.945DB7BA46D613737588062211F69AE72B4B1815&key=dg_yt0&ip=131.159.40.117&ipbits=0&expire=1502282030&sparams=ip,ipbits,expire,id,itag,source,requiressl,initcwndbps,mn,mm,ms,ei,mv,pl,ratebypass,mime,gir,clen,lmt,dur", "manifest_url": "https://manifest.googlevideo.com/api/manifest/dash/initcwndbps/3267500/mt/1502260354/playback_host/r7---sn-xjpm-q0ns.googlevideo.com/signature/B513BA30379C9D68EF40CAFF70744FAA3A38C46A.4949B6FF66E6E5E6D7DC2F59334F9A92F43B4D58/mn/sn-xjpm-q0ns/id/cf760f189a24127a/expire/1502282030/hfr/1/ipbits/0/mm/31/itag/0/ms/au/ei/zqyKWbPiMZzqVOuvlogG/mv/m/as/fmp4_audio_clear%2Cfmp4_sd_hd_clear/source/youtube/key/yt6/pl/16/requiressl/yes/sparams/as%2Cei%2Chfr%2Cid%2Cinitcwndbps%2Cip%2Cipbits%2Citag%2Cmm%2Cmn%2Cms%2Cmv%2Cpl%2Cplayback_host%2Crequiressl%2Csource%2Cexpire/ip/131.159.40.117", "width": 196, "tbr": 117.815, "asr": null, "fps": 15, "language": null, "filesize": 2938659, "acodec": "none", "format": "160 - 196x144 (DASH video)", "protocol": "https", "http_headers": {"User-Agent": "Mozilla/5.0 (X11; Linux x86_64; rv:10.0) Gecko/20150101 Firefox/47.0 (Chrome)", "Accept-Charset": "ISO-8859-1,utf-8;q=0.7,*;q=0.7", "Accept": "text/html,application/xhtml+xml,application/xml;q=0.9,*/*;q=0.8", "Accept-Encoding": "gzip, deflate", "Accept-Language": "en-us,en;q=0.5"}}, {"ext": "mp4", "height": 240, "format_note": "DASH video", "vcodec": "avc1.4d400d", "format_id": "133", "url": "https://r7---sn-xjpm-q0ns.googlevideo.com/videoplayback?id=cf760f189a24127a&itag=133&source=youtube&requiressl=yes&initcwndbps=3267500&mn=sn-xjpm-q0ns&mm=31&ms=au&ei=zqyKWbPiMZzqVOuvlogG&mv=m&pl=16&ratebypass=yes&mime=video/mp4&gir=yes&clen=6345553&lmt=1378017962106002&dur=207.607&mt=1502260354&signature=7247EE8CDCBEB23AC97BA88686C08731DB609CA4.4E99D5B439E06528BA6AD3AA683E8271675A2465&key=dg_yt0&ip=131.159.40.117&ipbits=0&expire=1502282030&sparams=ip,ipbits,expire,id,itag,source,requiressl,initcwndbps,mn,mm,ms,ei,mv,pl,ratebypass,mime,gir,clen,lmt,dur", "manifest_url": "https://manifest.googlevideo.com/api/manifest/dash/initcwndbps/3267500/mt/1502260354/playback_host/r7---sn-xjpm-q0ns.googlevideo.com/signature/B513BA30379C9D68EF40CAFF70744FAA3A38C46A.4949B6FF66E6E5E6D7DC2F59334F9A92F43B4D58/mn/sn-xjpm-q0ns/id/cf760f189a24127a/expire/1502282030/hfr/1/ipbits/0/mm/31/itag/0/ms/au/ei/zqyKWbPiMZzqVOuvlogG/mv/m/as/fmp4_audio_clear%2Cfmp4_sd_hd_clear/source/youtube/key/yt6/pl/16/requiressl/yes/sparams/as%2Cei%2Chfr%2Cid%2Cinitcwndbps%2Cip%2Cipbits%2Citag%2Cmm%2Cmn%2Cms%2Cmv%2Cpl%2Cplayback_host%2Crequiressl%2Csource%2Cexpire/ip/131.159.40.117", "width": 328, "tbr": 250.241, "asr": null, "fps": 30, "language": null, "filesize": 6345553, "acodec": "none", "format": "133 - 328x240 (DASH video)", "protocol": "https", "http_headers": {"User-Agent": "Mozilla/5.0 (X11; Linux x86_64; rv:10.0) Gecko/20150101 Firefox/47.0 (Chrome)", "Accept-Charset": "ISO-8859-1,utf-8;q=0.7,*;q=0.7", "Accept": "text/html,application/xhtml+xml,application/xml;q=0.9,*/*;q=0.8", "Accept-Encoding": "gzip, deflate", "Accept-Language": "en-us,en;q=0.5"}}, {"ext": "mp4", "height": 360, "format_note": "DASH video", "vcodec": "avc1.4d401e", "format_id": "134", "url": "https://r7---sn-xjpm-q0ns.googlevideo.com/videoplayback?id=cf760f189a24127a&itag=134&source=youtube&requiressl=yes&initcwndbps=3267500&mn=sn-xjpm-q0ns&mm=31&ms=au&ei=zqyKWbPiMZzqVOuvlogG&mv=m&pl=16&ratebypass=yes&mime=video/mp4&gir=yes&clen=10109081&lmt=1378017962106453&dur=207.607&mt=1502260354&signature=01F87880F5214027F7E52A083558AE68C850829D.3A836F678EE0EF3DCF481EA86B7D6C0654127B15&key=dg_yt0&ip=131.159.40.117&ipbits=0&expire=1502282030&sparams=ip,ipbits,expire,id,itag,source,requiressl,initcwndbps,mn,mm,ms,ei,mv,pl,ratebypass,mime,gir,clen,lmt,dur", "manifest_url": "https://manifest.googlevideo.com/api/manifest/dash/initcwndbps/3267500/mt/1502260354/playback_host/r7---sn-xjpm-q0ns.googlevideo.com/signature/B513BA30379C9D68EF40CAFF70744FAA3A38C46A.4949B6FF66E6E5E6D7DC2F59334F9A92F43B4D58/mn/sn-xjpm-q0ns/id/cf760f189a24127a/expire/1502282030/hfr/1/ipbits/0/mm/31/itag/0/ms/au/ei/zqyKWbPiMZzqVOuvlogG/mv/m/as/fmp4_audio_clear%2Cfmp4_sd_hd_clear/source/youtube/key/yt6/pl/16/requiressl/yes/sparams/as%2Cei%2Chfr%2Cid%2Cinitcwndbps%2Cip%2Cipbits%2Citag%2Cmm%2Cmn%2Cms%2Cmv%2Cpl%2Cplayback_host%2Crequiressl%2Csource%2Cexpire/ip/131.159.40.117", "width": 490, "tbr": 605.947, "asr": null, "fps": 30, "language": null, "filesize": 10109081, "acodec": "none", "format": "134 - 490x360 (DASH video)", "protocol": "https", "http_headers": {"User-Agent": "Mozilla/5.0 (X11; Linux x86_64; rv:10.0) Gecko/20150101 Firefox/47.0 (Chrome)", "Accept-Charset": "ISO-8859-1,utf-8;q=0.7,*;q=0.7", "Accept": "text/html,application/xhtml+xml,application/xml;q=0.9,*/*;q=0.8", "Accept-Encoding": "gzip, deflate", "Accept-Language": "en-us,en;q=0.5"}}, {"ext": "mp4", "height": 480, "format_note": "DASH video", "vcodec": "avc1.4d401e", "format_id": "135", "url": "https://r7---sn-xjpm-q0ns.googlevideo.com/videoplayback?id=cf760f189a24127a&itag=135&source=youtube&requiressl=yes&initcwndbps=3267500&mn=sn-xjpm-q0ns&mm=31&ms=au&ei=zqyKWbPiMZzqVOuvlogG&mv=m&pl=16&ratebypass=yes&mime=video/mp4&gir=yes&clen=20322902&lmt=1378017962109996&dur=207.607&mt=1502260354&signature=14D07F9564630F6A7E4D84C53386D17FB2404F4B.6F8F24B49C174B44E992BD4134A4195F242BEFE4&key=dg_yt0&ip=131.159.40.117&ipbits=0&expire=1502282030&sparams=ip,ipbits,expire,id,itag,source,requiressl,initcwndbps,mn,mm,ms,ei,mv,pl,ratebypass,mime,gir,clen,lmt,dur", "manifest_url": "https://manifest.googlevideo.com/api/manifest/dash/initcwndbps/3267500/mt/1502260354/playback_host/r7---sn-xjpm-q0ns.googlevideo.com/signature/B513BA30379C9D68EF40CAFF70744FAA3A38C46A.4949B6FF66E6E5E6D7DC2F59334F9A92F43B4D58/mn/sn-xjpm-q0ns/id/cf760f189a24127a/expire/1502282030/hfr/1/ipbits/0/mm/31/itag/0/ms/au/ei/zqyKWbPiMZzqVOuvlogG/mv/m/as/fmp4_audio_clear%2Cfmp4_sd_hd_clear/source/youtube/key/yt6/pl/16/requiressl/yes/sparams/as%2Cei%2Chfr%2Cid%2Cinitcwndbps%2Cip%2Cipbits%2Citag%2Cmm%2Cmn%2Cms%2Cmv%2Cpl%2Cplayback_host%2Crequiressl%2Csource%2Cexpire/ip/131.159.40.117", "width": 654, "tbr": 1108.899, "asr": null, "fps": 30, "language": null, "filesize": 20322902, "acodec": "none", "format": "135 - 654x480 (DASH video)", "protocol": "https", "http_headers": {"User-Agent": "Mozilla/5.0 (X11; Linux x86_64; rv:10.0) Gecko/20150101 Firefox/47.0 (Chrome)", "Accept-Charset": "ISO-8859-1,utf-8;q=0.7,*;q=0.7", "Accept": "text/html,application/xhtml+xml,application/xml;q=0.9,*/*;q=0.8", "Accept-Encoding": "gzip, deflate", "Accept-Language": "en-us,en;q=0.5"}}, {"format_id": "17", "url": "https://r7---sn-xjpm-q0ns.googlevideo.com/videoplayback?initcwndbps=3267500&source=youtube&id=o-AARE6oSnhuUTalwEri97SpychY_tXUpiAQXuY7iQZHd3&lmt=1378017938744264&ip=131.159.40.117&key=yt6&expire=1502282030&dur=208.004&signature=CAF0B7C3126DA88ECF357696B202DB8B0F41F6AB.0B81EF5AB279D4B4D62459587A7790D531915A1D&sparams=clen%2Cdur%2Cei%2Cgir%2Cid%2Cinitcwndbps%2Cip%2Cipbits%2Citag%2Clmt%2Cmime%2Cmm%2Cmn%2Cms%2Cmv%2Cpl%2Crequiressl%2Csource%2Cexpire&ipbits=0&mime=video%2F3gpp&itag=17&pl=16&mv=m&mt=1502260354&mm=31&ms=au&ei=zqyKWb_pGIP4VvSvgrAF&requiressl=yes&gir=yes&mn=sn-xjpm-q0ns&clen=2147889&ratebypass=yes", "player_url": null, "ext": "3gp", "width": 176, "height": 144, "acodec": "mp4a.40.2", "abr": 24, "vcodec": "mp4v.20.3", "resolution": "176x144", "format_note": "small", "format": "17 - 176x144 (small)", "protocol": "https", "http_headers": {"User-Agent": "Mozilla/5.0 (X11; Linux x86_64; rv:10.0) Gecko/20150101 Firefox/47.0 (Chrome)", "Accept-Charset": "ISO-8859-1,utf-8;q=0.7,*;q=0.7", "Accept": "text/html,application/xhtml+xml,application/xml;q=0.9,*/*;q=0.8", "Accept-Encoding": "gzip, deflate", "Accept-Language": "en-us,en;q=0.5"}}, {"format_id": "36", "url": "https://r7---sn-xjpm-q0ns.googlevideo.com/videoplayback?initcwndbps=3267500&source=youtube&id=o-AARE6oSnhuUTalwEri97SpychY_tXUpiAQXuY7iQZHd3&lmt=1378017972732972&ip=131.159.40.117&key=yt6&expire=1502282030&dur=207.865&signature=B51DF032D1B5579C3EC9598FF1D0FAB5E9C76898.D4D681916380CED9B10BF32863913634BB9AD529&sparams=clen%2Cdur%2Cei%2Cgir%2Cid%2Cinitcwndbps%2Cip%2Cipbits%2Citag%2Clmt%2Cmime%2Cmm%2Cmn%2Cms%2Cmv%2Cpl%2Crequiressl%2Csource%2Cexpire&ipbits=0&mime=video%2F3gpp&itag=36&pl=16&mv=m&mt=1502260354&mm=31&ms=au&ei=zqyKWb_pGIP4VvSvgrAF&requiressl=yes&gir=yes&mn=sn-xjpm-q0ns&clen=5833064&ratebypass=yes", "player_url": null, "ext": "3gp", "width": 320, "acodec": "mp4a.40.2", "vcodec": "mp4v.20.3", "resolution": "320x234", "height": 234, "format_note": "small", "format": "36 - 320x234 (small)", "protocol": "https", "http_headers": {"User-Agent": "Mozilla/5.0 (X11; Linux x86_64; rv:10.0) Gecko/20150101 Firefox/47.0 (Chrome)", "Accept-Charset": "ISO-8859-1,utf-8;q=0.7,*;q=0.7", "Accept": "text/html,application/xhtml+xml,application/xml;q=0.9,*/*;q=0.8", "Accept-Encoding": "gzip, deflate", "Accept-Language": "en-us,en;q=0.5"}}, {"format_id": "18", "url": "https://r7---sn-xjpm-q0ns.googlevideo.com/videoplayback?initcwndbps=3267500&source=youtube&id=o-AARE6oSnhuUTalwEri97SpychY_tXUpiAQXuY7iQZHd3&lmt=1378017969537476&ip=131.159.40.117&key=yt6&expire=1502282030&dur=207.702&signature=B274C1646EAA5DC52AE9470B85B71CD742ADA0C0.9F967A4D236F516221B3022F85CBCE151C75303E&sparams=clen%2Cdur%2Cei%2Cgir%2Cid%2Cinitcwndbps%2Cip%2Cipbits%2Citag%2Clmt%2Cmime%2Cmm%2Cmn%2Cms%2Cmv%2Cpl%2Cratebypass%2Crequiressl%2Csource%2Cexpire&ipbits=0&mime=video%2Fmp4&itag=18&pl=16&mv=m&mt=1502260354&mm=31&ms=au&ei=zqyKWb_pGIP4VvSvgrAF&requiressl=yes&gir=yes&ratebypass=yes&mn=sn-xjpm-q0ns&clen=13324515", "player_url": null, "ext": "mp4", "width": 490, "height": 360, "acodec": "mp4a.40.2", "abr": 96, "vcodec": "avc1.42001E", "resolution": "490x360", "format_note": "medium", "format": "18 - 490x360 (medium)", "protocol": "https", "http_headers": {"User-Agent": "Mozilla/5.0 (X11; Linux x86_64; rv:10.0) Gecko/20150101 Firefox/47.0 (Chrome)", "Accept-Charset": "ISO-8859-1,utf-8;q=0.7,*;q=0.7", "Accept": "text/html,application/xhtml+xml,application/xml;q=0.9,*/*;q=0.8", "Accept-Encoding": "gzip, deflate", "Accept-Language": "en-us,en;q=0.5"}}, {"format_id": "43", "url": "https://r7---sn-xjpm-q0ns.googlevideo.com/videoplayback?initcwndbps=3267500&source=youtube&id=o-AARE6oSnhuUTalwEri97SpychY_tXUpiAQXuY7iQZHd3&lmt=1377361341180595&ip=131.159.40.117&key=yt6&expire=1502282030&dur=0.000&signature=D002D5BD14CA73024DB9FD8B5A5FECE17E1A073F.83C1F09BF78B16DAFD2C46E4091A49839B483BF7&sparams=clen%2Cdur%2Cei%2Cgir%2Cid%2Cinitcwndbps%2Cip%2Cipbits%2Citag%2Clmt%2Cmime%2Cmm%2Cmn%2Cms%2Cmv%2Cpl%2Cratebypass%2Crequiressl%2Csource%2Cexpire&ipbits=0&mime=video%2Fwebm&itag=43&pl=16&mv=m&mt=1502260354&mm=31&ms=au&ei=zqyKWb_pGIP4VvSvgrAF&requiressl=yes&gir=yes&ratebypass=yes&mn=sn-xjpm-q0ns&clen=16119230", "player_url": null, "ext": "webm", "width": 640, "height": 360, "acodec": "vorbis", "abr": 128, "vcodec": "vp8.0", "resolution": "640x360", "format_note": "medium", "format": "43 - 640x360 (medium)", "protocol": "https", "http_headers": {"User-Agent": "Mozilla/5.0 (X11; Linux x86_64; rv:10.0) Gecko/20150101 Firefox/47.0 (Chrome)", "Accept-Charset": "ISO-8859-1,utf-8;q=0.7,*;q=0.7", "Accept": "text/html,application/xhtml+xml,application/xml;q=0.9,*/*;q=0.8", "Accept-Encoding": "gzip, deflate", "Accept-Language": "en-us,en;q=0.5"}}], "is_live": null, "start_time": null, "end_time": null, "series": null, "season_number": null, "episode_number": null, "extractor": "youtube", "webpage_url_basename": "z3YPGJokEno", "extractor_key": "Youtube", "playlist": null, "playlist_index": null, "thumbnails": [{"url": "https://i.ytimg.com/vi/z3YPGJokEno/hqdefault.jpg", "id": "0"}], "display_id": "z3YPGJokEno", "ext": "mp4", "height": 480, "format_note": "DASH video", "vcodec": "avc1.4d401e", "format_id": "135", "url": "https://r7---sn-xjpm-q0ns.googlevideo.com/videoplayback?id=cf760f189a24127a&itag=135&source=youtube&requiressl=yes&initcwndbps=3267500&mn=sn-xjpm-q0ns&mm=31&ms=au&ei=zqyKWbPiMZzqVOuvlogG&mv=m&pl=16&ratebypass=yes&mime=video/mp4&gir=yes&clen=20322902&lmt=1378017962109996&dur=207.607&mt=1502260354&signature=14D07F9564630F6A7E4D84C53386D17FB2404F4B.6F8F24B49C174B44E992BD4134A4195F242BEFE4&key=dg_yt0&ip=131.159.40.117&ipbits=0&expire=1502282030&sparams=ip,ipbits,expire,id,itag,source,requiressl,initcwndbps,mn,mm,ms,ei,mv,pl,ratebypass,mime,gir,clen,lmt,dur", "manifest_url": "https://manifest.googlevideo.com/api/manifest/dash/initcwndbps/3267500/mt/1502260354/playback_host/r7---sn-xjpm-q0ns.googlevideo.com/signature/B513BA30379C9D68EF40CAFF70744FAA3A38C46A.4949B6FF66E6E5E6D7DC2F59334F9A92F43B4D58/mn/sn-xjpm-q0ns/id/cf760f189a24127a/expire/1502282030/hfr/1/ipbits/0/mm/31/itag/0/ms/au/ei/zqyKWbPiMZzqVOuvlogG/mv/m/as/fmp4_audio_clear%2Cfmp4_sd_hd_clear/source/youtube/key/yt6/pl/16/requiressl/yes/sparams/as%2Cei%2Chfr%2Cid%2Cinitcwndbps%2Cip%2Cipbits%2Citag%2Cmm%2Cmn%2Cms%2Cmv%2Cpl%2Cplayback_host%2Crequiressl%2Csource%2Cexpire/ip/131.159.40.117", "width": 654, "tbr": 1108.899, "asr": null, "fps": 30, "language": null, "filesize": 20322902, "acodec": "none", "format": "135 - 654x480 (DASH video)", "protocol": "https", "http_headers": {"User-Agent": "Mozilla/5.0 (X11; Linux x86_64; rv:10.0) Gecko/20150101 Firefox/47.0 (Chrome)", "Accept-Charset": "ISO-8859-1,utf-8;q=0.7,*;q=0.7", "Accept": "text/html,application/xhtml+xml,application/xml;q=0.9,*/*;q=0.8", "Accept-Encoding": "gzip, deflate", "Accept-Language": "en-us,en;q=0.5"}, "fulltitle": "Vendedor de balas que aperta o bot\u00e3o para o sinal fechar o tempo todo tumultua tr\u00e2nsito em Curitiba", "_filename": "z3YPGJokEno.mp4"}