{"id": "jejG-SSlklo", "uploader": "CBS Baltimore", "uploader_id": "CBSBaltimore", "uploader_url": "http://www.youtube.com/user/CBSBaltimore", "upload_date": "20150626", "license": "Standard YouTube License", "creator": null, "title": "Baltimore Escape Artist Spencer Horsman Nearly Drowns When Stunt Goes Wrong", "alt_title": null, "thumbnail": "https://i.ytimg.com/vi/jejG-SSlklo/maxresdefault.jpg", "description": "Magician Criss Angel postponed Thursday night's opening of his show \"The Supernaturalists\" in Las Vegas after a stunt involving Baltimore escape artist Spencer Horsman goes wrong.\n\nOfficial Site \u25ba http://baltimore.cbslocal.com/\nYouTube \u25ba http://www.youtube.com/user/CBSBaltimore\nFacebook \u25ba  https://www.facebook.com/CBSBaltimore\nTwitter \u25ba  https://twitter.com/CBSBaltimore\nOfficial Site \u25ba http://baltimore.cbslocal.com/\nYouTube \u25ba http://www.youtube.com/user/CBSBaltimore\nFacebook \u25ba  https://www.facebook.com/CBSBaltimore\nTwitter \u25ba  https://twitter.com/CBSBaltimore", "categories": ["News & Politics"], "tags": ["Eyewitness", "News", "Evening"], "subtitles": {}, "automatic_captions": {}, "duration": 155, "age_limit": 0, "annotations": null, "chapters": null, "webpage_url": "https://www.youtube.com/watch?v=jejG-SSlklo", "view_count": 19975, "like_count": 48, "dislike_count": 1, "average_rating": 4.91836738586, "formats": [{"ext": "m4a", "format_note": "DASH audio", "acodec": "mp4a.40.5", "abr": 48, "container": "m4a_dash", "format_id": "139", "url": "https://r6---sn-4g5e6nle.googlevideo.com/videoplayback?id=8de8c6f924a5925a&itag=139&source=youtube&requiressl=yes&ei=JdeJWdHMDt3jcfi8p7AK&pl=16&ms=au&mv=m&initcwndbps=4677500&mm=31&mn=sn-4g5e6nle&ratebypass=yes&mime=audio/mp4&gir=yes&clen=922258&lmt=1438082895300833&dur=154.830&signature=68242C32B42CAC518985B982D23D473095A11370.101F9916A79FDA4EEEAFDB4187FC740F25827B85&beids=[9466592]&key=dg_yt0&mt=1502205655&ip=131.159.40.117&ipbits=0&expire=1502227333&sparams=ip,ipbits,expire,id,itag,source,requiressl,ei,pl,ms,mv,initcwndbps,mm,mn,ratebypass,mime,gir,clen,lmt,dur", "manifest_url": "https://manifest.googlevideo.com/api/manifest/dash/ei/JdeJWdHMDt3jcfi8p7AK/itag/0/as/fmp4_audio_clear%2Cfmp4_sd_hd_clear/sparams/as%2Cei%2Chfr%2Cid%2Cinitcwndbps%2Cip%2Cipbits%2Citag%2Cmm%2Cmn%2Cms%2Cmv%2Cpl%2Cplayback_host%2Crequiressl%2Csource%2Cexpire/playback_host/r6---sn-4g5e6nle.googlevideo.com/signature/29B29F4ACE19D65943A6C5316A577EFD19B0F0BB.A977537E5E7F71ED4331F573555DD97E7B74EE73/hfr/1/beids/%5B9466592%5D/source/youtube/pl/16/key/yt6/requiressl/yes/expire/1502227333/ms/au/mt/1502205655/mv/m/ip/131.159.40.117/initcwndbps/4677500/id/8de8c6f924a5925a/ipbits/0/mm/31/mn/sn-4g5e6nle", "width": null, "height": null, "tbr": 49.157, "asr": 22050, "fps": null, "language": null, "filesize": 922258, "vcodec": "none", "format": "139 - audio only (DASH audio)", "protocol": "https", "http_headers": {"User-Agent": "Mozilla/5.0 (X11; Linux x86_64; rv:10.0) Gecko/20150101 Firefox/47.0 (Chrome)", "Accept-Charset": "ISO-8859-1,utf-8;q=0.7,*;q=0.7", "Accept": "text/html,application/xhtml+xml,application/xml;q=0.9,*/*;q=0.8", "Accept-Encoding": "gzip, deflate", "Accept-Language": "en-us,en;q=0.5"}}, {"format_id": "249", "url": "https://r10---sn-4g57knk6.googlevideo.com/videoplayback?beids=%5B9466592%5D&expire=1502227332&dur=154.721&lmt=1435371852164499&ip=131.159.40.117&key=yt6&initcwndbps=4677500&source=youtube&id=o-ANGb-P-zZFT5SVYepryE-egRFVpVEi0gRF2N4AliNsOR&clen=978362&ipbits=0&sparams=clen%2Cdur%2Cei%2Cgir%2Cid%2Cinitcwndbps%2Cip%2Cipbits%2Citag%2Ckeepalive%2Clmt%2Cmime%2Cmm%2Cmn%2Cms%2Cmv%2Cpl%2Crequiressl%2Csource%2Cexpire&signature=9719A5A669C511C7163E947F2133C68121169B0D.875E261858B226693A0F575FF3310592311C9874&mime=audio%2Fwebm&itag=249&pl=16&keepalive=yes&gir=yes&mn=sn-4g57knk6&mm=31&ms=au&ei=JNeJWcjdJsyFcaq5rPgF&mv=m&mt=1502205655&requiressl=yes&ratebypass=yes", "player_url": null, "ext": "webm", "format_note": "DASH audio", "acodec": "opus", "abr": 50, "filesize": 978362, "tbr": 51.649, "vcodec": "none", "format": "249 - audio only (DASH audio)", "protocol": "https", "http_headers": {"User-Agent": "Mozilla/5.0 (X11; Linux x86_64; rv:10.0) Gecko/20150101 Firefox/47.0 (Chrome)", "Accept-Charset": "ISO-8859-1,utf-8;q=0.7,*;q=0.7", "Accept": "text/html,application/xhtml+xml,application/xml;q=0.9,*/*;q=0.8", "Accept-Encoding": "gzip, deflate", "Accept-Language": "en-us,en;q=0.5"}}, {"format_id": "250", "url": "https://r10---sn-4g57knk6.googlevideo.com/videoplayback?beids=%5B9466592%5D&expire=1502227332&dur=154.721&lmt=1435371862485889&ip=131.159.40.117&key=yt6&initcwndbps=4677500&source=youtube&id=o-ANGb-P-zZFT5SVYepryE-egRFVpVEi0gRF2N4AliNsOR&clen=1230619&ipbits=0&sparams=clen%2Cdur%2Cei%2Cgir%2Cid%2Cinitcwndbps%2Cip%2Cipbits%2Citag%2Ckeepalive%2Clmt%2Cmime%2Cmm%2Cmn%2Cms%2Cmv%2Cpl%2Crequiressl%2Csource%2Cexpire&signature=A34FD8F0D0B1AF1B7C82FD5CDAED60F00BC8BB72.709EDDBF06B1984A38AD4E91796C02CC999E53E0&mime=audio%2Fwebm&itag=250&pl=16&keepalive=yes&gir=yes&mn=sn-4g57knk6&mm=31&ms=au&ei=JNeJWcjdJsyFcaq5rPgF&mv=m&mt=1502205655&requiressl=yes&ratebypass=yes", "player_url": null, "ext": "webm", "format_note": "DASH audio", "acodec": "opus", "abr": 70, "filesize": 1230619, "tbr": 71.128, "vcodec": "none", "format": "250 - audio only (DASH audio)", "protocol": "https", "http_headers": {"User-Agent": "Mozilla/5.0 (X11; Linux x86_64; rv:10.0) Gecko/20150101 Firefox/47.0 (Chrome)", "Accept-Charset": "ISO-8859-1,utf-8;q=0.7,*;q=0.7", "Accept": "text/html,application/xhtml+xml,application/xml;q=0.9,*/*;q=0.8", "Accept-Encoding": "gzip, deflate", "Accept-Language": "en-us,en;q=0.5"}}, {"format_id": "171", "url": "https://r10---sn-4g57knk6.googlevideo.com/videoplayback?beids=%5B9466592%5D&expire=1502227332&dur=154.719&lmt=1435371851349103&ip=131.159.40.117&key=yt6&initcwndbps=4677500&source=youtube&id=o-ANGb-P-zZFT5SVYepryE-egRFVpVEi0gRF2N4AliNsOR&clen=1665871&ipbits=0&sparams=clen%2Cdur%2Cei%2Cgir%2Cid%2Cinitcwndbps%2Cip%2Cipbits%2Citag%2Ckeepalive%2Clmt%2Cmime%2Cmm%2Cmn%2Cms%2Cmv%2Cpl%2Crequiressl%2Csource%2Cexpire&signature=397D3CB8A5B01D2729B5BEB0E35AEEC892B0130F.041ADB06BD42A401B15F2D6EDB45C86FFFEEF32F&mime=audio%2Fwebm&itag=171&pl=16&keepalive=yes&gir=yes&mn=sn-4g57knk6&mm=31&ms=au&ei=JNeJWcjdJsyFcaq5rPgF&mv=m&mt=1502205655&requiressl=yes&ratebypass=yes", "player_url": null, "ext": "webm", "acodec": "vorbis", "format_note": "DASH audio", "abr": 128, "filesize": 1665871, "tbr": 94.987, "vcodec": "none", "format": "171 - audio only (DASH audio)", "protocol": "https", "http_headers": {"User-Agent": "Mozilla/5.0 (X11; Linux x86_64; rv:10.0) Gecko/20150101 Firefox/47.0 (Chrome)", "Accept-Charset": "ISO-8859-1,utf-8;q=0.7,*;q=0.7", "Accept": "text/html,application/xhtml+xml,application/xml;q=0.9,*/*;q=0.8", "Accept-Encoding": "gzip, deflate", "Accept-Language": "en-us,en;q=0.5"}}, {"ext": "m4a", "format_note": "DASH audio", "acodec": "mp4a.40.2", "abr": 128, "container": "m4a_dash", "format_id": "140", "url": "https://r6---sn-4g5e6nle.googlevideo.com/videoplayback?id=8de8c6f924a5925a&itag=140&source=youtube&requiressl=yes&ei=JdeJWdHMDt3jcfi8p7AK&pl=16&ms=au&mv=m&initcwndbps=4677500&mm=31&mn=sn-4g5e6nle&ratebypass=yes&mime=audio/mp4&gir=yes&clen=2458965&lmt=1438082896684242&dur=154.784&signature=2E75796A62BC74B6E570032D10D38C0AAA8C945F.5A638AB6D03441FD52500EA992B2FF959375FDD8&beids=[9466592]&key=dg_yt0&mt=1502205655&ip=131.159.40.117&ipbits=0&expire=1502227333&sparams=ip,ipbits,expire,id,itag,source,requiressl,ei,pl,ms,mv,initcwndbps,mm,mn,ratebypass,mime,gir,clen,lmt,dur", "manifest_url": "https://manifest.googlevideo.com/api/manifest/dash/ei/JdeJWdHMDt3jcfi8p7AK/itag/0/as/fmp4_audio_clear%2Cfmp4_sd_hd_clear/sparams/as%2Cei%2Chfr%2Cid%2Cinitcwndbps%2Cip%2Cipbits%2Citag%2Cmm%2Cmn%2Cms%2Cmv%2Cpl%2Cplayback_host%2Crequiressl%2Csource%2Cexpire/playback_host/r6---sn-4g5e6nle.googlevideo.com/signature/29B29F4ACE19D65943A6C5316A577EFD19B0F0BB.A977537E5E7F71ED4331F573555DD97E7B74EE73/hfr/1/beids/%5B9466592%5D/source/youtube/pl/16/key/yt6/requiressl/yes/expire/1502227333/ms/au/mt/1502205655/mv/m/ip/131.159.40.117/initcwndbps/4677500/id/8de8c6f924a5925a/ipbits/0/mm/31/mn/sn-4g5e6nle", "width": null, "height": null, "tbr": 127.866, "asr": 44100, "fps": null, "language": null, "filesize": 2458965, "vcodec": "none", "format": "140 - audio only (DASH audio)", "protocol": "https", "http_headers": {"User-Agent": "Mozilla/5.0 (X11; Linux x86_64; rv:10.0) Gecko/20150101 Firefox/47.0 (Chrome)", "Accept-Charset": "ISO-8859-1,utf-8;q=0.7,*;q=0.7", "Accept": "text/html,application/xhtml+xml,application/xml;q=0.9,*/*;q=0.8", "Accept-Encoding": "gzip, deflate", "Accept-Language": "en-us,en;q=0.5"}}, {"format_id": "251", "url": "https://r10---sn-4g57knk6.googlevideo.com/videoplayback?beids=%5B9466592%5D&expire=1502227332&dur=154.721&lmt=1435371863175258&ip=131.159.40.117&key=yt6&initcwndbps=4677500&source=youtube&id=o-ANGb-P-zZFT5SVYepryE-egRFVpVEi0gRF2N4AliNsOR&clen=2259065&ipbits=0&sparams=clen%2Cdur%2Cei%2Cgir%2Cid%2Cinitcwndbps%2Cip%2Cipbits%2Citag%2Ckeepalive%2Clmt%2Cmime%2Cmm%2Cmn%2Cms%2Cmv%2Cpl%2Crequiressl%2Csource%2Cexpire&signature=4199C10AB8C13B4122264ACC7660F9CC2D66EDDF.0E5DFDFCB37B8C90F34530CC906B15D64B4E6133&mime=audio%2Fwebm&itag=251&pl=16&keepalive=yes&gir=yes&mn=sn-4g57knk6&mm=31&ms=au&ei=JNeJWcjdJsyFcaq5rPgF&mv=m&mt=1502205655&requiressl=yes&ratebypass=yes", "player_url": null, "ext": "webm", "format_note": "DASH audio", "acodec": "opus", "abr": 160, "filesize": 2259065, "tbr": 142.696, "vcodec": "none", "format": "251 - audio only (DASH audio)", "protocol": "https", "http_headers": {"User-Agent": "Mozilla/5.0 (X11; Linux x86_64; rv:10.0) Gecko/20150101 Firefox/47.0 (Chrome)", "Accept-Charset": "ISO-8859-1,utf-8;q=0.7,*;q=0.7", "Accept": "text/html,application/xhtml+xml,application/xml;q=0.9,*/*;q=0.8", "Accept-Encoding": "gzip, deflate", "Accept-Language": "en-us,en;q=0.5"}}, {"format_id": "278", "url": "https://r10---sn-4g57knk6.googlevideo.com/videoplayback?beids=%5B9466592%5D&expire=1502227332&dur=154.687&lmt=1435371913372143&ip=131.159.40.117&key=yt6&initcwndbps=4677500&source=youtube&id=o-ANGb-P-zZFT5SVYepryE-egRFVpVEi0gRF2N4AliNsOR&clen=1628711&ipbits=0&sparams=clen%2Cdur%2Cei%2Cgir%2Cid%2Cinitcwndbps%2Cip%2Cipbits%2Citag%2Ckeepalive%2Clmt%2Cmime%2Cmm%2Cmn%2Cms%2Cmv%2Cpl%2Crequiressl%2Csource%2Cexpire&signature=4236147095346C5868EE49BE17B86A1A6943D94E.8F71C9853B9ED5C86C5D620613E550A8368E6F0F&mime=video%2Fwebm&itag=278&pl=16&keepalive=yes&gir=yes&mn=sn-4g57knk6&mm=31&ms=au&ei=JNeJWcjdJsyFcaq5rPgF&mv=m&mt=1502205655&requiressl=yes&ratebypass=yes", "player_url": null, "ext": "webm", "height": 144, "format_note": "144p", "container": "webm", "vcodec": "vp9", "filesize": 1628711, "tbr": 104.758, "width": 256, "fps": 15, "acodec": "none", "format": "278 - 256x144 (144p)", "protocol": "https", "http_headers": {"User-Agent": "Mozilla/5.0 (X11; Linux x86_64; rv:10.0) Gecko/20150101 Firefox/47.0 (Chrome)", "Accept-Charset": "ISO-8859-1,utf-8;q=0.7,*;q=0.7", "Accept": "text/html,application/xhtml+xml,application/xml;q=0.9,*/*;q=0.8", "Accept-Encoding": "gzip, deflate", "Accept-Language": "en-us,en;q=0.5"}}, {"ext": "mp4", "height": 144, "format_note": "DASH video", "vcodec": "avc1.4d400c", "format_id": "160", "url": "https://r6---sn-4g5e6nle.googlevideo.com/videoplayback?id=8de8c6f924a5925a&itag=160&source=youtube&requiressl=yes&ei=JdeJWdHMDt3jcfi8p7AK&pl=16&ms=au&mv=m&initcwndbps=4677500&mm=31&mn=sn-4g5e6nle&ratebypass=yes&mime=video/mp4&gir=yes&clen=2110528&lmt=1438083132054005&dur=154.754&signature=937D585BED3525D8B54DC244F711FF4540985D30.474E4F6C1BC9683B27014E6A799AA6F399AB201C&beids=[9466592]&key=dg_yt0&mt=1502205655&ip=131.159.40.117&ipbits=0&expire=1502227333&sparams=ip,ipbits,expire,id,itag,source,requiressl,ei,pl,ms,mv,initcwndbps,mm,mn,ratebypass,mime,gir,clen,lmt,dur", "manifest_url": "https://manifest.googlevideo.com/api/manifest/dash/ei/JdeJWdHMDt3jcfi8p7AK/itag/0/as/fmp4_audio_clear%2Cfmp4_sd_hd_clear/sparams/as%2Cei%2Chfr%2Cid%2Cinitcwndbps%2Cip%2Cipbits%2Citag%2Cmm%2Cmn%2Cms%2Cmv%2Cpl%2Cplayback_host%2Crequiressl%2Csource%2Cexpire/playback_host/r6---sn-4g5e6nle.googlevideo.com/signature/29B29F4ACE19D65943A6C5316A577EFD19B0F0BB.A977537E5E7F71ED4331F573555DD97E7B74EE73/hfr/1/beids/%5B9466592%5D/source/youtube/pl/16/key/yt6/requiressl/yes/expire/1502227333/ms/au/mt/1502205655/mv/m/ip/131.159.40.117/initcwndbps/4677500/id/8de8c6f924a5925a/ipbits/0/mm/31/mn/sn-4g5e6nle", "width": 256, "tbr": 110.646, "asr": null, "fps": 15, "language": null, "filesize": 2110528, "acodec": "none", "format": "160 - 256x144 (DASH video)", "protocol": "https", "http_headers": {"User-Agent": "Mozilla/5.0 (X11; Linux x86_64; rv:10.0) Gecko/20150101 Firefox/47.0 (Chrome)", "Accept-Charset": "ISO-8859-1,utf-8;q=0.7,*;q=0.7", "Accept": "text/html,application/xhtml+xml,application/xml;q=0.9,*/*;q=0.8", "Accept-Encoding": "gzip, deflate", "Accept-Language": "en-us,en;q=0.5"}}, {"format_id": "242", "url": "https://r10---sn-4g57knk6.googlevideo.com/videoplayback?beids=%5B9466592%5D&expire=1502227332&dur=154.687&lmt=1435371887564023&ip=131.159.40.117&key=yt6&initcwndbps=4677500&source=youtube&id=o-ANGb-P-zZFT5SVYepryE-egRFVpVEi0gRF2N4AliNsOR&clen=2546693&ipbits=0&sparams=clen%2Cdur%2Cei%2Cgir%2Cid%2Cinitcwndbps%2Cip%2Cipbits%2Citag%2Ckeepalive%2Clmt%2Cmime%2Cmm%2Cmn%2Cms%2Cmv%2Cpl%2Crequiressl%2Csource%2Cexpire&signature=236E1D87EDFD2CBF1079864CB063A43479C73800.B61D4D0C77F9445EDB0A38434C84F56B3F15751E&mime=video%2Fwebm&itag=242&pl=16&keepalive=yes&gir=yes&mn=sn-4g57knk6&mm=31&ms=au&ei=JNeJWcjdJsyFcaq5rPgF&mv=m&mt=1502205655&requiressl=yes&ratebypass=yes", "player_url": null, "ext": "webm", "height": 240, "format_note": "240p", "vcodec": "vp9", "filesize": 2546693, "tbr": 186.145, "width": 426, "fps": 30, "acodec": "none", "format": "242 - 426x240 (240p)", "protocol": "https", "http_headers": {"User-Agent": "Mozilla/5.0 (X11; Linux x86_64; rv:10.0) Gecko/20150101 Firefox/47.0 (Chrome)", "Accept-Charset": "ISO-8859-1,utf-8;q=0.7,*;q=0.7", "Accept": "text/html,application/xhtml+xml,application/xml;q=0.9,*/*;q=0.8", "Accept-Encoding": "gzip, deflate", "Accept-Language": "en-us,en;q=0.5"}}, {"ext": "mp4", "height": 240, "format_note": "DASH video", "vcodec": "avc1.4d4015", "format_id": "133", "url": "https://r6---sn-4g5e6nle.googlevideo.com/videoplayback?id=8de8c6f924a5925a&itag=133&source=youtube&requiressl=yes&ei=JdeJWdHMDt3jcfi8p7AK&pl=16&ms=au&mv=m&initcwndbps=4677500&mm=31&mn=sn-4g5e6nle&ratebypass=yes&mime=video/mp4&gir=yes&clen=4723542&lmt=1438083132421600&dur=154.721&signature=208D8485F380A5F8A7EBA21B5FC934C363F50CA0.2DFF305E424B898AC4EC0E76E088144BCF92ADBE&beids=[9466592]&key=dg_yt0&mt=1502205655&ip=131.159.40.117&ipbits=0&expire=1502227333&sparams=ip,ipbits,expire,id,itag,source,requiressl,ei,pl,ms,mv,initcwndbps,mm,mn,ratebypass,mime,gir,clen,lmt,dur", "manifest_url": "https://manifest.googlevideo.com/api/manifest/dash/ei/JdeJWdHMDt3jcfi8p7AK/itag/0/as/fmp4_audio_clear%2Cfmp4_sd_hd_clear/sparams/as%2Cei%2Chfr%2Cid%2Cinitcwndbps%2Cip%2Cipbits%2Citag%2Cmm%2Cmn%2Cms%2Cmv%2Cpl%2Cplayback_host%2Crequiressl%2Csource%2Cexpire/playback_host/r6---sn-4g5e6nle.googlevideo.com/signature/29B29F4ACE19D65943A6C5316A577EFD19B0F0BB.A977537E5E7F71ED4331F573555DD97E7B74EE73/hfr/1/beids/%5B9466592%5D/source/youtube/pl/16/key/yt6/requiressl/yes/expire/1502227333/ms/au/mt/1502205655/mv/m/ip/131.159.40.117/initcwndbps/4677500/id/8de8c6f924a5925a/ipbits/0/mm/31/mn/sn-4g5e6nle", "width": 426, "tbr": 247.602, "asr": null, "fps": 30, "language": null, "filesize": 4723542, "acodec": "none", "format": "133 - 426x240 (DASH video)", "protocol": "https", "http_headers": {"User-Agent": "Mozilla/5.0 (X11; Linux x86_64; rv:10.0) Gecko/20150101 Firefox/47.0 (Chrome)", "Accept-Charset": "ISO-8859-1,utf-8;q=0.7,*;q=0.7", "Accept": "text/html,application/xhtml+xml,application/xml;q=0.9,*/*;q=0.8", "Accept-Encoding": "gzip, deflate", "Accept-Language": "en-us,en;q=0.5"}}, {"format_id": "243", "url": "https://r10---sn-4g57knk6.googlevideo.com/videoplayback?beids=%5B9466592%5D&expire=1502227332&dur=154.687&lmt=1435371910062452&ip=131.159.40.117&key=yt6&initcwndbps=4677500&source=youtube&id=o-ANGb-P-zZFT5SVYepryE-egRFVpVEi0gRF2N4AliNsOR&clen=4591232&ipbits=0&sparams=clen%2Cdur%2Cei%2Cgir%2Cid%2Cinitcwndbps%2Cip%2Cipbits%2Citag%2Ckeepalive%2Clmt%2Cmime%2Cmm%2Cmn%2Cms%2Cmv%2Cpl%2Crequiressl%2Csource%2Cexpire&signature=4C6E192E32BAC0E21D8348CCD7D8A1CD7EF1FD80.8618E18CCEB495397D8FE1090E335AEB500081F2&mime=video%2Fwebm&itag=243&pl=16&keepalive=yes&gir=yes&mn=sn-4g57knk6&mm=31&ms=au&ei=JNeJWcjdJsyFcaq5rPgF&mv=m&mt=1502205655&requiressl=yes&ratebypass=yes", "player_url": null, "ext": "webm", "height": 360, "format_note": "360p", "vcodec": "vp9", "filesize": 4591232, "tbr": 344.569, "width": 640, "fps": 30, "acodec": "none", "format": "243 - 640x360 (360p)", "protocol": "https", "http_headers": {"User-Agent": "Mozilla/5.0 (X11; Linux x86_64; rv:10.0) Gecko/20150101 Firefox/47.0 (Chrome)", "Accept-Charset": "ISO-8859-1,utf-8;q=0.7,*;q=0.7", "Accept": "text/html,application/xhtml+xml,application/xml;q=0.9,*/*;q=0.8", "Accept-Encoding": "gzip, deflate", "Accept-Language": "en-us,en;q=0.5"}}, {"ext": "mp4", "height": 360, "format_note": "DASH video", "vcodec": "avc1.4d401e", "format_id": "134", "url": "https://r6---sn-4g5e6nle.googlevideo.com/videoplayback?id=8de8c6f924a5925a&itag=134&source=youtube&requiressl=yes&ei=JdeJWdHMDt3jcfi8p7AK&pl=16&ms=au&mv=m&initcwndbps=4677500&mm=31&mn=sn-4g5e6nle&ratebypass=yes&mime=video/mp4&gir=yes&clen=4618678&lmt=1438083132058766&dur=154.721&signature=264A03AE0C4CC98D237AF46FD7986AC38E531058.8ACDE5FE22EF9B3D3CB701D02F22423BAF6B32F2&beids=[9466592]&key=dg_yt0&mt=1502205655&ip=131.159.40.117&ipbits=0&expire=1502227333&sparams=ip,ipbits,expire,id,itag,source,requiressl,ei,pl,ms,mv,initcwndbps,mm,mn,ratebypass,mime,gir,clen,lmt,dur", "manifest_url": "https://manifest.googlevideo.com/api/manifest/dash/ei/JdeJWdHMDt3jcfi8p7AK/itag/0/as/fmp4_audio_clear%2Cfmp4_sd_hd_clear/sparams/as%2Cei%2Chfr%2Cid%2Cinitcwndbps%2Cip%2Cipbits%2Citag%2Cmm%2Cmn%2Cms%2Cmv%2Cpl%2Cplayback_host%2Crequiressl%2Csource%2Cexpire/playback_host/r6---sn-4g5e6nle.googlevideo.com/signature/29B29F4ACE19D65943A6C5316A577EFD19B0F0BB.A977537E5E7F71ED4331F573555DD97E7B74EE73/hfr/1/beids/%5B9466592%5D/source/youtube/pl/16/key/yt6/requiressl/yes/expire/1502227333/ms/au/mt/1502205655/mv/m/ip/131.159.40.117/initcwndbps/4677500/id/8de8c6f924a5925a/ipbits/0/mm/31/mn/sn-4g5e6nle", "width": 640, "tbr": 357.15, "asr": null, "fps": 30, "language": null, "filesize": 4618678, "acodec": "none", "format": "134 - 640x360 (DASH video)", "protocol": "https", "http_headers": {"User-Agent": "Mozilla/5.0 (X11; Linux x86_64; rv:10.0) Gecko/20150101 Firefox/47.0 (Chrome)", "Accept-Charset": "ISO-8859-1,utf-8;q=0.7,*;q=0.7", "Accept": "text/html,application/xhtml+xml,application/xml;q=0.9,*/*;q=0.8", "Accept-Encoding": "gzip, deflate", "Accept-Language": "en-us,en;q=0.5"}}, {"format_id": "244", "url": "https://r10---sn-4g57knk6.googlevideo.com/videoplayback?beids=%5B9466592%5D&expire=1502227332&dur=154.687&lmt=1435371992128545&ip=131.159.40.117&key=yt6&initcwndbps=4677500&source=youtube&id=o-ANGb-P-zZFT5SVYepryE-egRFVpVEi0gRF2N4AliNsOR&clen=7599297&ipbits=0&sparams=clen%2Cdur%2Cei%2Cgir%2Cid%2Cinitcwndbps%2Cip%2Cipbits%2Citag%2Ckeepalive%2Clmt%2Cmime%2Cmm%2Cmn%2Cms%2Cmv%2Cpl%2Crequiressl%2Csource%2Cexpire&signature=18178FA938AB419A7C19AA1BE82849FD263E883F.D88CF157094D11F0DB04E9ABB03760754462A0A5&mime=video%2Fwebm&itag=244&pl=16&keepalive=yes&gir=yes&mn=sn-4g57knk6&mm=31&ms=au&ei=JNeJWcjdJsyFcaq5rPgF&mv=m&mt=1502205655&requiressl=yes&ratebypass=yes", "player_url": null, "ext": "webm", "height": 480, "format_note": "480p", "vcodec": "vp9", "filesize": 7599297, "tbr": 589.524, "width": 854, "fps": 30, "acodec": "none", "format": "244 - 854x480 (480p)", "protocol": "https", "http_headers": {"User-Agent": "Mozilla/5.0 (X11; Linux x86_64; rv:10.0) Gecko/20150101 Firefox/47.0 (Chrome)", "Accept-Charset": "ISO-8859-1,utf-8;q=0.7,*;q=0.7", "Accept": "text/html,application/xhtml+xml,application/xml;q=0.9,*/*;q=0.8", "Accept-Encoding": "gzip, deflate", "Accept-Language": "en-us,en;q=0.5"}}, {"ext": "mp4", "height": 480, "format_note": "DASH video", "vcodec": "avc1.4d401f", "format_id": "135", "url": "https://r6---sn-4g5e6nle.googlevideo.com/videoplayback?id=8de8c6f924a5925a&itag=135&source=youtube&requiressl=yes&ei=JdeJWdHMDt3jcfi8p7AK&pl=16&ms=au&mv=m&initcwndbps=4677500&mm=31&mn=sn-4g5e6nle&ratebypass=yes&mime=video/mp4&gir=yes&clen=9536643&lmt=1438083132087380&dur=154.721&signature=5D2D0C2245E2E43667C26985B9B85D3C855896D6.5C8963DD9B47D60DAF325D2D023BC607FBB1AFA7&beids=[9466592]&key=dg_yt0&mt=1502205655&ip=131.159.40.117&ipbits=0&expire=1502227333&sparams=ip,ipbits,expire,id,itag,source,requiressl,ei,pl,ms,mv,initcwndbps,mm,mn,ratebypass,mime,gir,clen,lmt,dur", "manifest_url": "https://manifest.googlevideo.com/api/manifest/dash/ei/JdeJWdHMDt3jcfi8p7AK/itag/0/as/fmp4_audio_clear%2Cfmp4_sd_hd_clear/sparams/as%2Cei%2Chfr%2Cid%2Cinitcwndbps%2Cip%2Cipbits%2Citag%2Cmm%2Cmn%2Cms%2Cmv%2Cpl%2Cplayback_host%2Crequiressl%2Csource%2Cexpire/playback_host/r6---sn-4g5e6nle.googlevideo.com/signature/29B29F4ACE19D65943A6C5316A577EFD19B0F0BB.A977537E5E7F71ED4331F573555DD97E7B74EE73/hfr/1/beids/%5B9466592%5D/source/youtube/pl/16/key/yt6/requiressl/yes/expire/1502227333/ms/au/mt/1502205655/mv/m/ip/131.159.40.117/initcwndbps/4677500/id/8de8c6f924a5925a/ipbits/0/mm/31/mn/sn-4g5e6nle", "width": 854, "tbr": 733.181, "asr": null, "fps": 30, "language": null, "filesize": 9536643, "acodec": "none", "format": "135 - 854x480 (DASH video)", "protocol": "https", "http_headers": {"User-Agent": "Mozilla/5.0 (X11; Linux x86_64; rv:10.0) Gecko/20150101 Firefox/47.0 (Chrome)", "Accept-Charset": "ISO-8859-1,utf-8;q=0.7,*;q=0.7", "Accept": "text/html,application/xhtml+xml,application/xml;q=0.9,*/*;q=0.8", "Accept-Encoding": "gzip, deflate", "Accept-Language": "en-us,en;q=0.5"}}, {"format_id": "247", "url": "https://r10---sn-4g57knk6.googlevideo.com/videoplayback?beids=%5B9466592%5D&expire=1502227332&dur=154.687&lmt=1435371978442980&ip=131.159.40.117&key=yt6&initcwndbps=4677500&source=youtube&id=o-ANGb-P-zZFT5SVYepryE-egRFVpVEi0gRF2N4AliNsOR&clen=15598793&ipbits=0&sparams=clen%2Cdur%2Cei%2Cgir%2Cid%2Cinitcwndbps%2Cip%2Cipbits%2Citag%2Ckeepalive%2Clmt%2Cmime%2Cmm%2Cmn%2Cms%2Cmv%2Cpl%2Crequiressl%2Csource%2Cexpire&signature=DBBCCA5C5DE789378B3FACADE1B5EC94A08D4DA2.31AA51046514C364BC6C6395C3A4F8958E3C4C6E&mime=video%2Fwebm&itag=247&pl=16&keepalive=yes&gir=yes&mn=sn-4g57knk6&mm=31&ms=au&ei=JNeJWcjdJsyFcaq5rPgF&mv=m&mt=1502205655&requiressl=yes&ratebypass=yes", "player_url": null, "ext": "webm", "height": 720, "format_note": "720p", "vcodec": "vp9", "filesize": 15598793, "tbr": 1284.588, "width": 1280, "fps": 30, "acodec": "none", "format": "247 - 1280x720 (720p)", "protocol": "https", "http_headers": {"User-Agent": "Mozilla/5.0 (X11; Linux x86_64; rv:10.0) Gecko/20150101 Firefox/47.0 (Chrome)", "Accept-Charset": "ISO-8859-1,utf-8;q=0.7,*;q=0.7", "Accept": "text/html,application/xhtml+xml,application/xml;q=0.9,*/*;q=0.8", "Accept-Encoding": "gzip, deflate", "Accept-Language": "en-us,en;q=0.5"}}, {"ext": "mp4", "height": 720, "format_note": "DASH video", "vcodec": "avc1.4d401f", "format_id": "136", "url": "https://r6---sn-4g5e6nle.googlevideo.com/videoplayback?id=8de8c6f924a5925a&itag=136&source=youtube&requiressl=yes&ei=JdeJWdHMDt3jcfi8p7AK&pl=16&ms=au&mv=m&initcwndbps=4677500&mm=31&mn=sn-4g5e6nle&ratebypass=yes&mime=video/mp4&gir=yes&clen=19397140&lmt=1438083132457562&dur=154.721&signature=5876DCAF4460FA26FC4F6C38528EB424986B6033.08E749F348D516577EDC907C198F92BAC6208729&beids=[9466592]&key=dg_yt0&mt=1502205655&ip=131.159.40.117&ipbits=0&expire=1502227333&sparams=ip,ipbits,expire,id,itag,source,requiressl,ei,pl,ms,mv,initcwndbps,mm,mn,ratebypass,mime,gir,clen,lmt,dur", "manifest_url": "https://manifest.googlevideo.com/api/manifest/dash/ei/JdeJWdHMDt3jcfi8p7AK/itag/0/as/fmp4_audio_clear%2Cfmp4_sd_hd_clear/sparams/as%2Cei%2Chfr%2Cid%2Cinitcwndbps%2Cip%2Cipbits%2Citag%2Cmm%2Cmn%2Cms%2Cmv%2Cpl%2Cplayback_host%2Crequiressl%2Csource%2Cexpire/playback_host/r6---sn-4g5e6nle.googlevideo.com/signature/29B29F4ACE19D65943A6C5316A577EFD19B0F0BB.A977537E5E7F71ED4331F573555DD97E7B74EE73/hfr/1/beids/%5B9466592%5D/source/youtube/pl/16/key/yt6/requiressl/yes/expire/1502227333/ms/au/mt/1502205655/mv/m/ip/131.159.40.117/initcwndbps/4677500/id/8de8c6f924a5925a/ipbits/0/mm/31/mn/sn-4g5e6nle", "width": 1280, "tbr": 1377.233, "asr": null, "fps": 30, "language": null, "filesize": 19397140, "acodec": "none", "format": "136 - 1280x720 (DASH video)", "protocol": "https", "http_headers": {"User-Agent": "Mozilla/5.0 (X11; Linux x86_64; rv:10.0) Gecko/20150101 Firefox/47.0 (Chrome)", "Accept-Charset": "ISO-8859-1,utf-8;q=0.7,*;q=0.7", "Accept": "text/html,application/xhtml+xml,application/xml;q=0.9,*/*;q=0.8", "Accept-Encoding": "gzip, deflate", "Accept-Language": "en-us,en;q=0.5"}}, {"format_id": "17", "url": "https://r10---sn-4g57knk6.googlevideo.com/videoplayback?beids=%5B9466592%5D&expire=1502227332&dur=154.877&lmt=1435370602841299&ip=131.159.40.117&key=yt6&initcwndbps=4677500&source=youtube&id=o-ANGb-P-zZFT5SVYepryE-egRFVpVEi0gRF2N4AliNsOR&clen=1590924&ipbits=0&sparams=clen%2Cdur%2Cei%2Cgir%2Cid%2Cinitcwndbps%2Cip%2Cipbits%2Citag%2Clmt%2Cmime%2Cmm%2Cmn%2Cms%2Cmv%2Cpl%2Crequiressl%2Csource%2Cexpire&signature=5102020568D645FC11822F94EE331776840447BD.75846998A22B41B851894A53E03DDF4085C84F28&mime=video%2F3gpp&itag=17&pl=16&gir=yes&mn=sn-4g57knk6&mm=31&ms=au&ei=JNeJWcjdJsyFcaq5rPgF&mv=m&mt=1502205655&requiressl=yes&ratebypass=yes", "player_url": null, "ext": "3gp", "width": 176, "height": 144, "acodec": "mp4a.40.2", "abr": 24, "vcodec": "mp4v.20.3", "resolution": "176x144", "format_note": "small", "format": "17 - 176x144 (small)", "protocol": "https", "http_headers": {"User-Agent": "Mozilla/5.0 (X11; Linux x86_64; rv:10.0) Gecko/20150101 Firefox/47.0 (Chrome)", "Accept-Charset": "ISO-8859-1,utf-8;q=0.7,*;q=0.7", "Accept": "text/html,application/xhtml+xml,application/xml;q=0.9,*/*;q=0.8", "Accept-Encoding": "gzip, deflate", "Accept-Language": "en-us,en;q=0.5"}}, {"format_id": "36", "url": "https://r10---sn-4g57knk6.googlevideo.com/videoplayback?beids=%5B9466592%5D&expire=1502227332&dur=154.923&lmt=1435370629867149&ip=131.159.40.117&key=yt6&initcwndbps=4677500&source=youtube&id=o-ANGb-P-zZFT5SVYepryE-egRFVpVEi0gRF2N4AliNsOR&clen=4405936&ipbits=0&sparams=clen%2Cdur%2Cei%2Cgir%2Cid%2Cinitcwndbps%2Cip%2Cipbits%2Citag%2Clmt%2Cmime%2Cmm%2Cmn%2Cms%2Cmv%2Cpl%2Crequiressl%2Csource%2Cexpire&signature=14A934E974E10A694B3FFAA98777CCB880D3F05E.8BDB3341EB21435EE77F750513EB943C3EE518E7&mime=video%2F3gpp&itag=36&pl=16&gir=yes&mn=sn-4g57knk6&mm=31&ms=au&ei=JNeJWcjdJsyFcaq5rPgF&mv=m&mt=1502205655&requiressl=yes&ratebypass=yes", "player_url": null, "ext": "3gp", "width": 320, "acodec": "mp4a.40.2", "vcodec": "mp4v.20.3", "resolution": "320x180", "height": 180, "format_note": "small", "format": "36 - 320x180 (small)", "protocol": "https", "http_headers": {"User-Agent": "Mozilla/5.0 (X11; Linux x86_64; rv:10.0) Gecko/20150101 Firefox/47.0 (Chrome)", "Accept-Charset": "ISO-8859-1,utf-8;q=0.7,*;q=0.7", "Accept": "text/html,application/xhtml+xml,application/xml;q=0.9,*/*;q=0.8", "Accept-Encoding": "gzip, deflate", "Accept-Language": "en-us,en;q=0.5"}}, {"format_id": "43", "url": "https://r10---sn-4g57knk6.googlevideo.com/videoplayback?beids=%5B9466592%5D&expire=1502227332&dur=0.000&lmt=1435371865936137&ip=131.159.40.117&key=yt6&initcwndbps=4677500&source=youtube&id=o-ANGb-P-zZFT5SVYepryE-egRFVpVEi0gRF2N4AliNsOR&clen=12148014&ipbits=0&sparams=clen%2Cdur%2Cei%2Cgir%2Cid%2Cinitcwndbps%2Cip%2Cipbits%2Citag%2Clmt%2Cmime%2Cmm%2Cmn%2Cms%2Cmv%2Cpl%2Cratebypass%2Crequiressl%2Csource%2Cexpire&signature=085756CA2958732BC6AE9D6588E4E0CC3E172084.0C3EB72AE3BD8B818AEB1DF33584A75439E3F9BC&mime=video%2Fwebm&itag=43&pl=16&ratebypass=yes&gir=yes&mn=sn-4g57knk6&mm=31&ms=au&ei=JNeJWcjdJsyFcaq5rPgF&mv=m&mt=1502205655&requiressl=yes", "player_url": null, "ext": "webm", "width": 640, "height": 360, "acodec": "vorbis", "abr": 128, "vcodec": "vp8.0", "resolution": "640x360", "format_note": "medium", "format": "43 - 640x360 (medium)", "protocol": "https", "http_headers": {"User-Agent": "Mozilla/5.0 (X11; Linux x86_64; rv:10.0) Gecko/20150101 Firefox/47.0 (Chrome)", "Accept-Charset": "ISO-8859-1,utf-8;q=0.7,*;q=0.7", "Accept": "text/html,application/xhtml+xml,application/xml;q=0.9,*/*;q=0.8", "Accept-Encoding": "gzip, deflate", "Accept-Language": "en-us,en;q=0.5"}}, {"format_id": "18", "url": "https://r10---sn-4g57knk6.googlevideo.com/videoplayback?beids=%5B9466592%5D&expire=1502227332&dur=154.784&lmt=1438082927380073&ip=131.159.40.117&key=yt6&initcwndbps=4677500&source=youtube&id=o-ANGb-P-zZFT5SVYepryE-egRFVpVEi0gRF2N4AliNsOR&clen=8465223&ipbits=0&sparams=clen%2Cdur%2Cei%2Cgir%2Cid%2Cinitcwndbps%2Cip%2Cipbits%2Citag%2Clmt%2Cmime%2Cmm%2Cmn%2Cms%2Cmv%2Cpl%2Cratebypass%2Crequiressl%2Csource%2Cexpire&signature=5E0033A5C3567897EA3D83A6E3494DC4DED5994A.B0AC503AC957C47F4DBDA56A123FEBF9A2741B43&mime=video%2Fmp4&itag=18&pl=16&ratebypass=yes&gir=yes&mn=sn-4g57knk6&mm=31&ms=au&ei=JNeJWcjdJsyFcaq5rPgF&mv=m&mt=1502205655&requiressl=yes", "player_url": null, "ext": "mp4", "width": 640, "height": 360, "acodec": "mp4a.40.2", "abr": 96, "vcodec": "avc1.42001E", "resolution": "640x360", "format_note": "medium", "format": "18 - 640x360 (medium)", "protocol": "https", "http_headers": {"User-Agent": "Mozilla/5.0 (X11; Linux x86_64; rv:10.0) Gecko/20150101 Firefox/47.0 (Chrome)", "Accept-Charset": "ISO-8859-1,utf-8;q=0.7,*;q=0.7", "Accept": "text/html,application/xhtml+xml,application/xml;q=0.9,*/*;q=0.8", "Accept-Encoding": "gzip, deflate", "Accept-Language": "en-us,en;q=0.5"}}, {"format_id": "22", "url": "https://r10---sn-4g57knk6.googlevideo.com/videoplayback?mime=video%2Fmp4&itag=22&pl=16&dur=154.784&lmt=1471894517126410&ip=131.159.40.117&key=yt6&expire=1502227332&beids=%5B9466592%5D&initcwndbps=4677500&source=youtube&id=o-ANGb-P-zZFT5SVYepryE-egRFVpVEi0gRF2N4AliNsOR&mm=31&ratebypass=yes&ipbits=0&mn=sn-4g57knk6&sparams=dur%2Cei%2Cid%2Cinitcwndbps%2Cip%2Cipbits%2Citag%2Clmt%2Cmime%2Cmm%2Cmn%2Cms%2Cmv%2Cpl%2Cratebypass%2Crequiressl%2Csource%2Cexpire&ms=au&ei=JNeJWcjdJsyFcaq5rPgF&mv=m&mt=1502205655&requiressl=yes&signature=2562FAE942374D1F63B8167743449E6F2EF2A14F.1F99462080D9D0379108F92CA74798B67187F6C1", "player_url": null, "ext": "mp4", "width": 1280, "height": 720, "acodec": "mp4a.40.2", "abr": 192, "vcodec": "avc1.64001F", "resolution": "1280x720", "format_note": "hd720", "format": "22 - 1280x720 (hd720)", "protocol": "https", "http_headers": {"User-Agent": "Mozilla/5.0 (X11; Linux x86_64; rv:10.0) Gecko/20150101 Firefox/47.0 (Chrome)", "Accept-Charset": "ISO-8859-1,utf-8;q=0.7,*;q=0.7", "Accept": "text/html,application/xhtml+xml,application/xml;q=0.9,*/*;q=0.8", "Accept-Encoding": "gzip, deflate", "Accept-Language": "en-us,en;q=0.5"}}], "is_live": null, "start_time": null, "end_time": null, "series": null, "season_number": null, "episode_number": null, "extractor": "youtube", "webpage_url_basename": "jejG-SSlklo", "extractor_key": "Youtube", "playlist": null, "playlist_index": null, "thumbnails": [{"url": "https://i.ytimg.com/vi/jejG-SSlklo/maxresdefault.jpg", "id": "0"}], "display_id": "jejG-SSlklo", "ext": "mp4", "height": 720, "format_note": "DASH video", "vcodec": "avc1.4d401f", "format_id": "136", "url": "https://r6---sn-4g5e6nle.googlevideo.com/videoplayback?id=8de8c6f924a5925a&itag=136&source=youtube&requiressl=yes&ei=JdeJWdHMDt3jcfi8p7AK&pl=16&ms=au&mv=m&initcwndbps=4677500&mm=31&mn=sn-4g5e6nle&ratebypass=yes&mime=video/mp4&gir=yes&clen=19397140&lmt=1438083132457562&dur=154.721&signature=5876DCAF4460FA26FC4F6C38528EB424986B6033.08E749F348D516577EDC907C198F92BAC6208729&beids=[9466592]&key=dg_yt0&mt=1502205655&ip=131.159.40.117&ipbits=0&expire=1502227333&sparams=ip,ipbits,expire,id,itag,source,requiressl,ei,pl,ms,mv,initcwndbps,mm,mn,ratebypass,mime,gir,clen,lmt,dur", "manifest_url": "https://manifest.googlevideo.com/api/manifest/dash/ei/JdeJWdHMDt3jcfi8p7AK/itag/0/as/fmp4_audio_clear%2Cfmp4_sd_hd_clear/sparams/as%2Cei%2Chfr%2Cid%2Cinitcwndbps%2Cip%2Cipbits%2Citag%2Cmm%2Cmn%2Cms%2Cmv%2Cpl%2Cplayback_host%2Crequiressl%2Csource%2Cexpire/playback_host/r6---sn-4g5e6nle.googlevideo.com/signature/29B29F4ACE19D65943A6C5316A577EFD19B0F0BB.A977537E5E7F71ED4331F573555DD97E7B74EE73/hfr/1/beids/%5B9466592%5D/source/youtube/pl/16/key/yt6/requiressl/yes/expire/1502227333/ms/au/mt/1502205655/mv/m/ip/131.159.40.117/initcwndbps/4677500/id/8de8c6f924a5925a/ipbits/0/mm/31/mn/sn-4g5e6nle", "width": 1280, "tbr": 1377.233, "asr": null, "fps": 30, "language": null, "filesize": 19397140, "acodec": "none", "format": "136 - 1280x720 (DASH video)", "protocol": "https", "http_headers": {"User-Agent": "Mozilla/5.0 (X11; Linux x86_64; rv:10.0) Gecko/20150101 Firefox/47.0 (Chrome)", "Accept-Charset": "ISO-8859-1,utf-8;q=0.7,*;q=0.7", "Accept": "text/html,application/xhtml+xml,application/xml;q=0.9,*/*;q=0.8", "Accept-Encoding": "gzip, deflate", "Accept-Language": "en-us,en;q=0.5"}, "fulltitle": "Baltimore Escape Artist Spencer Horsman Nearly Drowns When Stunt Goes Wrong", "_filename": "jejG-SSlklo.mp4"}