{"id": "qpe2zydDOBM", "uploader": "Local Beauty", "uploader_id": "UCsigxjggnLGlWiRN-eilM6w", "uploader_url": "http://www.youtube.com/channel/UCsigxjggnLGlWiRN-eilM6w", "upload_date": "20140930", "license": "Standard YouTube License", "creator": null, "title": "Take It Off Tuesday!! Review of Sephora Pearl Fiber Mask.", "alt_title": null, "thumbnail": "https://i.ytimg.com/vi/qpe2zydDOBM/maxresdefault.jpg", "description": "Take It Off Tuesday is a series where I review products related to skin care and removing makeup. This week I review the Pearl Fiber Mask by Sephora.\n\nSubscribe to my channel for other beauty related videos.\n\nHave a beautiful day!", "categories": ["Howto & Style"], "tags": ["iMovie", "Sephora (Business Operation)", "Mask", "Beauty Tips", "Makeup", "Cosmetics (Quotation Subject)", "Take", "Tuesday (Day Of Week)", "make up forever", "lush", "lip scrub", "eye makeup remover", "brightening", "ultrabland", "cleanser"], "subtitles": {}, "automatic_captions": {}, "duration": 386, "age_limit": 0, "annotations": null, "chapters": null, "webpage_url": "https://www.youtube.com/watch?v=qpe2zydDOBM", "view_count": 8184, "like_count": 49, "dislike_count": 6, "average_rating": 4.56363630295, "formats": [{"ext": "m4a", "format_note": "DASH audio", "acodec": "mp4a.40.5", "abr": 48, "container": "m4a_dash", "format_id": "139", "url": "https://r13---sn-4g57kndr.googlevideo.com/videoplayback?id=aa97b6cf27433813&itag=139&source=youtube&requiressl=yes&pl=16&mm=31&ei=rfmKWY73PJaJhAfMu63wAQ&mn=sn-4g57kndr&ms=au&initcwndbps=4196250&mv=m&ratebypass=yes&mime=audio/mp4&gir=yes&clen=2330973&lmt=1412042251136113&dur=386.286&signature=0616EA119C48A0AF5B18919B8CB350725B26058B.560912B05FADDAEED796C43DDA88A21251711353&mt=1502280039&key=dg_yt0&ip=131.159.40.117&ipbits=0&expire=1502301710&sparams=ip,ipbits,expire,id,itag,source,requiressl,pl,mm,ei,mn,ms,initcwndbps,mv,ratebypass,mime,gir,clen,lmt,dur", "manifest_url": "https://manifest.googlevideo.com/api/manifest/dash/pl/16/signature/2C713F4EAEBB9BAF4D6316238241C7A5C5BCA439.10E1A8B2EB3E20C907FBF60B5F73CCB08E59561A/mt/1502280039/hfr/1/mm/31/ipbits/0/ei/rfmKWY73PJaJhAfMu63wAQ/ip/131.159.40.117/as/fmp4_audio_clear%2Cfmp4_sd_hd_clear/key/yt6/id/aa97b6cf27433813/requiressl/yes/expire/1502301710/sparams/as%2Cei%2Chfr%2Cid%2Cinitcwndbps%2Cip%2Cipbits%2Citag%2Cmm%2Cmn%2Cms%2Cmv%2Cpl%2Cplayback_host%2Crequiressl%2Csource%2Cexpire/mn/sn-4g57kndr/ms/au/itag/0/initcwndbps/4196250/source/youtube/mv/m/playback_host/r13---sn-4g57kndr.googlevideo.com", "width": null, "height": null, "tbr": 49.453, "asr": 22050, "fps": null, "language": null, "filesize": 2330973, "vcodec": "none", "format": "139 - audio only (DASH audio)", "protocol": "https", "http_headers": {"User-Agent": "Mozilla/5.0 (X11; Linux x86_64; rv:10.0) Gecko/20150101 Firefox/47.0 (Chrome)", "Accept-Charset": "ISO-8859-1,utf-8;q=0.7,*;q=0.7", "Accept": "text/html,application/xhtml+xml,application/xml;q=0.9,*/*;q=0.8", "Accept-Encoding": "gzip, deflate", "Accept-Language": "en-us,en;q=0.5"}}, {"format_id": "249", "url": "https://r13---sn-4g57knz6.googlevideo.com/videoplayback?keepalive=yes&key=yt6&pl=16&initcwndbps=4196250&sparams=clen%2Cdur%2Cei%2Cgir%2Cid%2Cinitcwndbps%2Cip%2Cipbits%2Citag%2Ckeepalive%2Clmt%2Cmime%2Cmm%2Cmn%2Cms%2Cmv%2Cpl%2Crequiressl%2Csource%2Cexpire&source=youtube&requiressl=yes&clen=2488744&mime=audio%2Fwebm&ipbits=0&mn=sn-4g57knz6&mm=31&signature=076AACE54913AF619F4656761F1C41DD5F399095.7825C7A02EEF8478E99F511FD1D3F7DA25153374&itag=249&gir=yes&dur=386.161&mv=m&mt=1502280039&ms=au&lmt=1412253981154414&ip=131.159.40.117&ei=rfmKWZnXGcvIVozLl8gM&expire=1502301709&id=o-AE_TRjV-JyUUk16yQGXPy0AcK9uJekB-fcnVPUKL6axj&ratebypass=yes", "player_url": null, "ext": "webm", "format_note": "DASH audio", "acodec": "opus", "abr": 50, "filesize": 2488744, "tbr": 55.757, "vcodec": "none", "format": "249 - audio only (DASH audio)", "protocol": "https", "http_headers": {"User-Agent": "Mozilla/5.0 (X11; Linux x86_64; rv:10.0) Gecko/20150101 Firefox/47.0 (Chrome)", "Accept-Charset": "ISO-8859-1,utf-8;q=0.7,*;q=0.7", "Accept": "text/html,application/xhtml+xml,application/xml;q=0.9,*/*;q=0.8", "Accept-Encoding": "gzip, deflate", "Accept-Language": "en-us,en;q=0.5"}}, {"format_id": "250", "url": "https://r13---sn-4g57knz6.googlevideo.com/videoplayback?keepalive=yes&key=yt6&pl=16&initcwndbps=4196250&sparams=clen%2Cdur%2Cei%2Cgir%2Cid%2Cinitcwndbps%2Cip%2Cipbits%2Citag%2Ckeepalive%2Clmt%2Cmime%2Cmm%2Cmn%2Cms%2Cmv%2Cpl%2Crequiressl%2Csource%2Cexpire&source=youtube&requiressl=yes&clen=3163241&mime=audio%2Fwebm&ipbits=0&mn=sn-4g57knz6&mm=31&signature=5C11C00C5047DE6CD9B1505AB6E01F9676921225.8373E6A0817B2F13EA1651E82F422E660AEDD3&itag=250&gir=yes&dur=386.161&mv=m&mt=1502280039&ms=au&lmt=1412253981050872&ip=131.159.40.117&ei=rfmKWZnXGcvIVozLl8gM&expire=1502301709&id=o-AE_TRjV-JyUUk16yQGXPy0AcK9uJekB-fcnVPUKL6axj&ratebypass=yes", "player_url": null, "ext": "webm", "format_note": "DASH audio", "acodec": "opus", "abr": 70, "filesize": 3163241, "tbr": 74.308, "vcodec": "none", "format": "250 - audio only (DASH audio)", "protocol": "https", "http_headers": {"User-Agent": "Mozilla/5.0 (X11; Linux x86_64; rv:10.0) Gecko/20150101 Firefox/47.0 (Chrome)", "Accept-Charset": "ISO-8859-1,utf-8;q=0.7,*;q=0.7", "Accept": "text/html,application/xhtml+xml,application/xml;q=0.9,*/*;q=0.8", "Accept-Encoding": "gzip, deflate", "Accept-Language": "en-us,en;q=0.5"}}, {"format_id": "171", "url": "https://r13---sn-4g57knz6.googlevideo.com/videoplayback?keepalive=yes&key=yt6&pl=16&initcwndbps=4196250&sparams=clen%2Cdur%2Cei%2Cgir%2Cid%2Cinitcwndbps%2Cip%2Cipbits%2Citag%2Ckeepalive%2Clmt%2Cmime%2Cmm%2Cmn%2Cms%2Cmv%2Cpl%2Crequiressl%2Csource%2Cexpire&source=youtube&requiressl=yes&clen=4989781&mime=audio%2Fwebm&ipbits=0&mn=sn-4g57knz6&mm=31&signature=41A84F5D89B913951E57CCD540578F453B7C484E.8900CD4CD8510E76630849B2F5148281CB6E8A71&itag=171&gir=yes&dur=386.146&mv=m&mt=1502280039&ms=au&lmt=1412253980863778&ip=131.159.40.117&ei=rfmKWZnXGcvIVozLl8gM&expire=1502301709&id=o-AE_TRjV-JyUUk16yQGXPy0AcK9uJekB-fcnVPUKL6axj&ratebypass=yes", "player_url": null, "ext": "webm", "acodec": "vorbis", "format_note": "DASH audio", "abr": 128, "filesize": 4989781, "tbr": 115.086, "vcodec": "none", "format": "171 - audio only (DASH audio)", "protocol": "https", "http_headers": {"User-Agent": "Mozilla/5.0 (X11; Linux x86_64; rv:10.0) Gecko/20150101 Firefox/47.0 (Chrome)", "Accept-Charset": "ISO-8859-1,utf-8;q=0.7,*;q=0.7", "Accept": "text/html,application/xhtml+xml,application/xml;q=0.9,*/*;q=0.8", "Accept-Encoding": "gzip, deflate", "Accept-Language": "en-us,en;q=0.5"}}, {"ext": "m4a", "format_note": "DASH audio", "acodec": "mp4a.40.2", "abr": 128, "container": "m4a_dash", "format_id": "140", "url": "https://r13---sn-4g57kndr.googlevideo.com/videoplayback?id=aa97b6cf27433813&itag=140&source=youtube&requiressl=yes&pl=16&mm=31&ei=rfmKWY73PJaJhAfMu63wAQ&mn=sn-4g57kndr&ms=au&initcwndbps=4196250&mv=m&ratebypass=yes&mime=audio/mp4&gir=yes&clen=6200949&lmt=1412042251146534&dur=386.217&signature=483112D86109D5DFA6B965D05C633A0F935D4996.1130CF0B8F88BFE6C93E5B80A1203A96C59F0851&mt=1502280039&key=dg_yt0&ip=131.159.40.117&ipbits=0&expire=1502301710&sparams=ip,ipbits,expire,id,itag,source,requiressl,pl,mm,ei,mn,ms,initcwndbps,mv,ratebypass,mime,gir,clen,lmt,dur", "manifest_url": "https://manifest.googlevideo.com/api/manifest/dash/pl/16/signature/2C713F4EAEBB9BAF4D6316238241C7A5C5BCA439.10E1A8B2EB3E20C907FBF60B5F73CCB08E59561A/mt/1502280039/hfr/1/mm/31/ipbits/0/ei/rfmKWY73PJaJhAfMu63wAQ/ip/131.159.40.117/as/fmp4_audio_clear%2Cfmp4_sd_hd_clear/key/yt6/id/aa97b6cf27433813/requiressl/yes/expire/1502301710/sparams/as%2Cei%2Chfr%2Cid%2Cinitcwndbps%2Cip%2Cipbits%2Citag%2Cmm%2Cmn%2Cms%2Cmv%2Cpl%2Cplayback_host%2Crequiressl%2Csource%2Cexpire/mn/sn-4g57kndr/ms/au/itag/0/initcwndbps/4196250/source/youtube/mv/m/playback_host/r13---sn-4g57kndr.googlevideo.com", "width": null, "height": null, "tbr": 129.509, "asr": 44100, "fps": null, "language": null, "filesize": 6200949, "vcodec": "none", "format": "140 - audio only (DASH audio)", "protocol": "https", "http_headers": {"User-Agent": "Mozilla/5.0 (X11; Linux x86_64; rv:10.0) Gecko/20150101 Firefox/47.0 (Chrome)", "Accept-Charset": "ISO-8859-1,utf-8;q=0.7,*;q=0.7", "Accept": "text/html,application/xhtml+xml,application/xml;q=0.9,*/*;q=0.8", "Accept-Encoding": "gzip, deflate", "Accept-Language": "en-us,en;q=0.5"}}, {"format_id": "251", "url": "https://r13---sn-4g57knz6.googlevideo.com/videoplayback?keepalive=yes&key=yt6&pl=16&initcwndbps=4196250&sparams=clen%2Cdur%2Cei%2Cgir%2Cid%2Cinitcwndbps%2Cip%2Cipbits%2Citag%2Ckeepalive%2Clmt%2Cmime%2Cmm%2Cmn%2Cms%2Cmv%2Cpl%2Crequiressl%2Csource%2Cexpire&source=youtube&requiressl=yes&clen=7710451&mime=audio%2Fwebm&ipbits=0&mn=sn-4g57knz6&mm=31&signature=37813DFFC747866BF7EF4DDAAFF76DB9010B53B0.099560DB9EEA6F202CBA18B9E4C3833FB70CB5BD&itag=251&gir=yes&dur=386.161&mv=m&mt=1502280039&ms=au&lmt=1412253980782384&ip=131.159.40.117&ei=rfmKWZnXGcvIVozLl8gM&expire=1502301709&id=o-AE_TRjV-JyUUk16yQGXPy0AcK9uJekB-fcnVPUKL6axj&ratebypass=yes", "player_url": null, "ext": "webm", "format_note": "DASH audio", "acodec": "opus", "abr": 160, "filesize": 7710451, "tbr": 177.722, "vcodec": "none", "format": "251 - audio only (DASH audio)", "protocol": "https", "http_headers": {"User-Agent": "Mozilla/5.0 (X11; Linux x86_64; rv:10.0) Gecko/20150101 Firefox/47.0 (Chrome)", "Accept-Charset": "ISO-8859-1,utf-8;q=0.7,*;q=0.7", "Accept": "text/html,application/xhtml+xml,application/xml;q=0.9,*/*;q=0.8", "Accept-Encoding": "gzip, deflate", "Accept-Language": "en-us,en;q=0.5"}}, {"ext": "mp4", "height": 144, "format_note": "DASH video", "vcodec": "avc1.42c00c", "format_id": "160", "url": "https://r13---sn-4g57kndr.googlevideo.com/videoplayback?id=aa97b6cf27433813&itag=160&source=youtube&requiressl=yes&pl=16&mm=31&ei=rfmKWY73PJaJhAfMu63wAQ&mn=sn-4g57kndr&ms=au&initcwndbps=4196250&mv=m&ratebypass=yes&mime=video/mp4&gir=yes&clen=5188012&lmt=1412042251133916&dur=386.185&signature=04E4BD21FFDE6622BE4E54F4F4F4ED2E348D313F.77888217A2E1D9737F74830A4CC82801CB854368&mt=1502280039&key=dg_yt0&ip=131.159.40.117&ipbits=0&expire=1502301710&sparams=ip,ipbits,expire,id,itag,source,requiressl,pl,mm,ei,mn,ms,initcwndbps,mv,ratebypass,mime,gir,clen,lmt,dur", "manifest_url": "https://manifest.googlevideo.com/api/manifest/dash/pl/16/signature/2C713F4EAEBB9BAF4D6316238241C7A5C5BCA439.10E1A8B2EB3E20C907FBF60B5F73CCB08E59561A/mt/1502280039/hfr/1/mm/31/ipbits/0/ei/rfmKWY73PJaJhAfMu63wAQ/ip/131.159.40.117/as/fmp4_audio_clear%2Cfmp4_sd_hd_clear/key/yt6/id/aa97b6cf27433813/requiressl/yes/expire/1502301710/sparams/as%2Cei%2Chfr%2Cid%2Cinitcwndbps%2Cip%2Cipbits%2Citag%2Cmm%2Cmn%2Cms%2Cmv%2Cpl%2Cplayback_host%2Crequiressl%2Csource%2Cexpire/mn/sn-4g57kndr/ms/au/itag/0/initcwndbps/4196250/source/youtube/mv/m/playback_host/r13---sn-4g57kndr.googlevideo.com", "width": 256, "tbr": 110.494, "asr": null, "fps": 15, "language": null, "filesize": 5188012, "acodec": "none", "format": "160 - 256x144 (DASH video)", "protocol": "https", "http_headers": {"User-Agent": "Mozilla/5.0 (X11; Linux x86_64; rv:10.0) Gecko/20150101 Firefox/47.0 (Chrome)", "Accept-Charset": "ISO-8859-1,utf-8;q=0.7,*;q=0.7", "Accept": "text/html,application/xhtml+xml,application/xml;q=0.9,*/*;q=0.8", "Accept-Encoding": "gzip, deflate", "Accept-Language": "en-us,en;q=0.5"}}, {"ext": "mp4", "height": 240, "format_note": "DASH video", "vcodec": "avc1.4d4015", "format_id": "133", "url": "https://r13---sn-4g57kndr.googlevideo.com/videoplayback?id=aa97b6cf27433813&itag=133&source=youtube&requiressl=yes&pl=16&mm=31&ei=rfmKWY73PJaJhAfMu63wAQ&mn=sn-4g57kndr&ms=au&initcwndbps=4196250&mv=m&ratebypass=yes&mime=video/mp4&gir=yes&clen=11810613&lmt=1412042257057250&dur=386.152&signature=685A5756885FC2AA0DBF6195F94648017DED241A.58AB3A2631A324AE4F5AD193299116A0D7952879&mt=1502280039&key=dg_yt0&ip=131.159.40.117&ipbits=0&expire=1502301710&sparams=ip,ipbits,expire,id,itag,source,requiressl,pl,mm,ei,mn,ms,initcwndbps,mv,ratebypass,mime,gir,clen,lmt,dur", "manifest_url": "https://manifest.googlevideo.com/api/manifest/dash/pl/16/signature/2C713F4EAEBB9BAF4D6316238241C7A5C5BCA439.10E1A8B2EB3E20C907FBF60B5F73CCB08E59561A/mt/1502280039/hfr/1/mm/31/ipbits/0/ei/rfmKWY73PJaJhAfMu63wAQ/ip/131.159.40.117/as/fmp4_audio_clear%2Cfmp4_sd_hd_clear/key/yt6/id/aa97b6cf27433813/requiressl/yes/expire/1502301710/sparams/as%2Cei%2Chfr%2Cid%2Cinitcwndbps%2Cip%2Cipbits%2Citag%2Cmm%2Cmn%2Cms%2Cmv%2Cpl%2Cplayback_host%2Crequiressl%2Csource%2Cexpire/mn/sn-4g57kndr/ms/au/itag/0/initcwndbps/4196250/source/youtube/mv/m/playback_host/r13---sn-4g57kndr.googlevideo.com", "width": 426, "tbr": 247.733, "asr": null, "fps": 30, "language": null, "filesize": 11810613, "acodec": "none", "format": "133 - 426x240 (DASH video)", "protocol": "https", "http_headers": {"User-Agent": "Mozilla/5.0 (X11; Linux x86_64; rv:10.0) Gecko/20150101 Firefox/47.0 (Chrome)", "Accept-Charset": "ISO-8859-1,utf-8;q=0.7,*;q=0.7", "Accept": "text/html,application/xhtml+xml,application/xml;q=0.9,*/*;q=0.8", "Accept-Encoding": "gzip, deflate", "Accept-Language": "en-us,en;q=0.5"}}, {"ext": "mp4", "height": 360, "format_note": "DASH video", "vcodec": "avc1.4d401e", "format_id": "134", "url": "https://r13---sn-4g57kndr.googlevideo.com/videoplayback?id=aa97b6cf27433813&itag=134&source=youtube&requiressl=yes&pl=16&mm=31&ei=rfmKWY73PJaJhAfMu63wAQ&mn=sn-4g57kndr&ms=au&initcwndbps=4196250&mv=m&ratebypass=yes&mime=video/mp4&gir=yes&clen=18634631&lmt=1412042263409335&dur=386.152&signature=44CC08ED9989E9BD0CF7C2C960532A54D97E9AC3.51B3D8EF9ADFB21CC6D94944DEF8243D6F5B2A14&mt=1502280039&key=dg_yt0&ip=131.159.40.117&ipbits=0&expire=1502301710&sparams=ip,ipbits,expire,id,itag,source,requiressl,pl,mm,ei,mn,ms,initcwndbps,mv,ratebypass,mime,gir,clen,lmt,dur", "manifest_url": "https://manifest.googlevideo.com/api/manifest/dash/pl/16/signature/2C713F4EAEBB9BAF4D6316238241C7A5C5BCA439.10E1A8B2EB3E20C907FBF60B5F73CCB08E59561A/mt/1502280039/hfr/1/mm/31/ipbits/0/ei/rfmKWY73PJaJhAfMu63wAQ/ip/131.159.40.117/as/fmp4_audio_clear%2Cfmp4_sd_hd_clear/key/yt6/id/aa97b6cf27433813/requiressl/yes/expire/1502301710/sparams/as%2Cei%2Chfr%2Cid%2Cinitcwndbps%2Cip%2Cipbits%2Citag%2Cmm%2Cmn%2Cms%2Cmv%2Cpl%2Cplayback_host%2Crequiressl%2Csource%2Cexpire/mn/sn-4g57kndr/ms/au/itag/0/initcwndbps/4196250/source/youtube/mv/m/playback_host/r13---sn-4g57kndr.googlevideo.com", "width": 640, "tbr": 604.99, "asr": null, "fps": 30, "language": null, "filesize": 18634631, "acodec": "none", "format": "134 - 640x360 (DASH video)", "protocol": "https", "http_headers": {"User-Agent": "Mozilla/5.0 (X11; Linux x86_64; rv:10.0) Gecko/20150101 Firefox/47.0 (Chrome)", "Accept-Charset": "ISO-8859-1,utf-8;q=0.7,*;q=0.7", "Accept": "text/html,application/xhtml+xml,application/xml;q=0.9,*/*;q=0.8", "Accept-Encoding": "gzip, deflate", "Accept-Language": "en-us,en;q=0.5"}}, {"ext": "mp4", "height": 480, "format_note": "DASH video", "vcodec": "avc1.4d401f", "format_id": "135", "url": "https://r13---sn-4g57kndr.googlevideo.com/videoplayback?id=aa97b6cf27433813&itag=135&source=youtube&requiressl=yes&pl=16&mm=31&ei=rfmKWY73PJaJhAfMu63wAQ&mn=sn-4g57kndr&ms=au&initcwndbps=4196250&mv=m&ratebypass=yes&mime=video/mp4&gir=yes&clen=38958849&lmt=1412042263410013&dur=386.152&signature=6841ED1A7CB5436D62FA33E92316C0006ECFE84A.6C7F8ADD3F72D7970BDA08A52D2BEB0364D97F25&mt=1502280039&key=dg_yt0&ip=131.159.40.117&ipbits=0&expire=1502301710&sparams=ip,ipbits,expire,id,itag,source,requiressl,pl,mm,ei,mn,ms,initcwndbps,mv,ratebypass,mime,gir,clen,lmt,dur", "manifest_url": "https://manifest.googlevideo.com/api/manifest/dash/pl/16/signature/2C713F4EAEBB9BAF4D6316238241C7A5C5BCA439.10E1A8B2EB3E20C907FBF60B5F73CCB08E59561A/mt/1502280039/hfr/1/mm/31/ipbits/0/ei/rfmKWY73PJaJhAfMu63wAQ/ip/131.159.40.117/as/fmp4_audio_clear%2Cfmp4_sd_hd_clear/key/yt6/id/aa97b6cf27433813/requiressl/yes/expire/1502301710/sparams/as%2Cei%2Chfr%2Cid%2Cinitcwndbps%2Cip%2Cipbits%2Citag%2Cmm%2Cmn%2Cms%2Cmv%2Cpl%2Cplayback_host%2Crequiressl%2Csource%2Cexpire/mn/sn-4g57kndr/ms/au/itag/0/initcwndbps/4196250/source/youtube/mv/m/playback_host/r13---sn-4g57kndr.googlevideo.com", "width": 854, "tbr": 1110.431, "asr": null, "fps": 30, "language": null, "filesize": 38958849, "acodec": "none", "format": "135 - 854x480 (DASH video)", "protocol": "https", "http_headers": {"User-Agent": "Mozilla/5.0 (X11; Linux x86_64; rv:10.0) Gecko/20150101 Firefox/47.0 (Chrome)", "Accept-Charset": "ISO-8859-1,utf-8;q=0.7,*;q=0.7", "Accept": "text/html,application/xhtml+xml,application/xml;q=0.9,*/*;q=0.8", "Accept-Encoding": "gzip, deflate", "Accept-Language": "en-us,en;q=0.5"}}, {"ext": "mp4", "height": 720, "format_note": "DASH video", "vcodec": "avc1.4d401f", "format_id": "136", "url": "https://r13---sn-4g57kndr.googlevideo.com/videoplayback?id=aa97b6cf27433813&itag=136&source=youtube&requiressl=yes&pl=16&mm=31&ei=rfmKWY73PJaJhAfMu63wAQ&mn=sn-4g57kndr&ms=au&initcwndbps=4196250&mv=m&ratebypass=yes&mime=video/mp4&gir=yes&clen=88094750&lmt=1412042277253662&dur=386.152&signature=646F908067C69C09615AA4197D0EE323086BED5E.4A4CF43EFA360B2133622C7BE7D04DDFA5570213&mt=1502280039&key=dg_yt0&ip=131.159.40.117&ipbits=0&expire=1502301710&sparams=ip,ipbits,expire,id,itag,source,requiressl,pl,mm,ei,mn,ms,initcwndbps,mv,ratebypass,mime,gir,clen,lmt,dur", "manifest_url": "https://manifest.googlevideo.com/api/manifest/dash/pl/16/signature/2C713F4EAEBB9BAF4D6316238241C7A5C5BCA439.10E1A8B2EB3E20C907FBF60B5F73CCB08E59561A/mt/1502280039/hfr/1/mm/31/ipbits/0/ei/rfmKWY73PJaJhAfMu63wAQ/ip/131.159.40.117/as/fmp4_audio_clear%2Cfmp4_sd_hd_clear/key/yt6/id/aa97b6cf27433813/requiressl/yes/expire/1502301710/sparams/as%2Cei%2Chfr%2Cid%2Cinitcwndbps%2Cip%2Cipbits%2Citag%2Cmm%2Cmn%2Cms%2Cmv%2Cpl%2Cplayback_host%2Crequiressl%2Csource%2Cexpire/mn/sn-4g57kndr/ms/au/itag/0/initcwndbps/4196250/source/youtube/mv/m/playback_host/r13---sn-4g57kndr.googlevideo.com", "width": 1280, "tbr": 2227.976, "asr": null, "fps": 30, "language": null, "filesize": 88094750, "acodec": "none", "format": "136 - 1280x720 (DASH video)", "protocol": "https", "http_headers": {"User-Agent": "Mozilla/5.0 (X11; Linux x86_64; rv:10.0) Gecko/20150101 Firefox/47.0 (Chrome)", "Accept-Charset": "ISO-8859-1,utf-8;q=0.7,*;q=0.7", "Accept": "text/html,application/xhtml+xml,application/xml;q=0.9,*/*;q=0.8", "Accept-Encoding": "gzip, deflate", "Accept-Language": "en-us,en;q=0.5"}}, {"format_id": "17", "url": "https://r13---sn-4g57knz6.googlevideo.com/videoplayback?key=yt6&pl=16&initcwndbps=4196250&sparams=clen%2Cdur%2Cei%2Cgir%2Cid%2Cinitcwndbps%2Cip%2Cipbits%2Citag%2Clmt%2Cmime%2Cmm%2Cmn%2Cms%2Cmv%2Cpl%2Crequiressl%2Csource%2Cexpire&source=youtube&requiressl=yes&clen=3958184&mime=video%2F3gpp&ipbits=0&mn=sn-4g57knz6&mm=31&signature=8E2BFEDF5718962FBDC10777FC35CF714677DF1D.4895BAD7B46DCAC73EB212A6FAC876E321EF741D&itag=17&gir=yes&dur=386.333&mv=m&mt=1502280039&ms=au&lmt=1412042271658558&ip=131.159.40.117&ei=rfmKWZnXGcvIVozLl8gM&expire=1502301709&id=o-AE_TRjV-JyUUk16yQGXPy0AcK9uJekB-fcnVPUKL6axj&ratebypass=yes", "player_url": null, "ext": "3gp", "width": 176, "height": 144, "acodec": "mp4a.40.2", "abr": 24, "vcodec": "mp4v.20.3", "resolution": "176x144", "format_note": "small", "format": "17 - 176x144 (small)", "protocol": "https", "http_headers": {"User-Agent": "Mozilla/5.0 (X11; Linux x86_64; rv:10.0) Gecko/20150101 Firefox/47.0 (Chrome)", "Accept-Charset": "ISO-8859-1,utf-8;q=0.7,*;q=0.7", "Accept": "text/html,application/xhtml+xml,application/xml;q=0.9,*/*;q=0.8", "Accept-Encoding": "gzip, deflate", "Accept-Language": "en-us,en;q=0.5"}}, {"format_id": "36", "url": "https://r13---sn-4g57knz6.googlevideo.com/videoplayback?key=yt6&pl=16&initcwndbps=4196250&sparams=clen%2Cdur%2Cei%2Cgir%2Cid%2Cinitcwndbps%2Cip%2Cipbits%2Citag%2Clmt%2Cmime%2Cmm%2Cmn%2Cms%2Cmv%2Cpl%2Crequiressl%2Csource%2Cexpire&source=youtube&requiressl=yes&clen=10933757&mime=video%2F3gpp&ipbits=0&mn=sn-4g57knz6&mm=31&signature=3A7B9417634A370F004F0032BA169A80BE859CC0.2DA26A88EE76492EA80C185C3E640B1F3051A6DB&itag=36&gir=yes&dur=386.333&mv=m&mt=1502280039&ms=au&lmt=1412042287145702&ip=131.159.40.117&ei=rfmKWZnXGcvIVozLl8gM&expire=1502301709&id=o-AE_TRjV-JyUUk16yQGXPy0AcK9uJekB-fcnVPUKL6axj&ratebypass=yes", "player_url": null, "ext": "3gp", "width": 320, "acodec": "mp4a.40.2", "vcodec": "mp4v.20.3", "resolution": "320x180", "height": 180, "format_note": "small", "format": "36 - 320x180 (small)", "protocol": "https", "http_headers": {"User-Agent": "Mozilla/5.0 (X11; Linux x86_64; rv:10.0) Gecko/20150101 Firefox/47.0 (Chrome)", "Accept-Charset": "ISO-8859-1,utf-8;q=0.7,*;q=0.7", "Accept": "text/html,application/xhtml+xml,application/xml;q=0.9,*/*;q=0.8", "Accept-Encoding": "gzip, deflate", "Accept-Language": "en-us,en;q=0.5"}}, {"format_id": "18", "url": "https://r13---sn-4g57knz6.googlevideo.com/videoplayback?key=yt6&pl=16&initcwndbps=4196250&sparams=clen%2Cdur%2Cei%2Cgir%2Cid%2Cinitcwndbps%2Cip%2Cipbits%2Citag%2Clmt%2Cmime%2Cmm%2Cmn%2Cms%2Cmv%2Cpl%2Cratebypass%2Crequiressl%2Csource%2Cexpire&source=youtube&requiressl=yes&ratebypass=yes&clen=25716899&mime=video%2Fmp4&ipbits=0&mn=sn-4g57knz6&mm=31&signature=400C25574E1A755309158E286E81D25C3E4F2C69.6AB7E7538F89A5AF5362E3B1EF23E71A30AFABDE&itag=18&gir=yes&dur=386.217&mv=m&mt=1502280039&ms=au&lmt=1412042162825251&ip=131.159.40.117&ei=rfmKWZnXGcvIVozLl8gM&expire=1502301709&id=o-AE_TRjV-JyUUk16yQGXPy0AcK9uJekB-fcnVPUKL6axj", "player_url": null, "ext": "mp4", "width": 640, "height": 360, "acodec": "mp4a.40.2", "abr": 96, "vcodec": "avc1.42001E", "resolution": "640x360", "format_note": "medium", "format": "18 - 640x360 (medium)", "protocol": "https", "http_headers": {"User-Agent": "Mozilla/5.0 (X11; Linux x86_64; rv:10.0) Gecko/20150101 Firefox/47.0 (Chrome)", "Accept-Charset": "ISO-8859-1,utf-8;q=0.7,*;q=0.7", "Accept": "text/html,application/xhtml+xml,application/xml;q=0.9,*/*;q=0.8", "Accept-Encoding": "gzip, deflate", "Accept-Language": "en-us,en;q=0.5"}}, {"format_id": "22", "url": "https://r13---sn-4g57knz6.googlevideo.com/videoplayback?mn=sn-4g57knz6&mm=31&signature=C52BF5F6C4779AFA4D1CA0B3651DDCCD798FCC75.21B816337DB94B1ECE3416854FEACF220B86EE4F&itag=22&key=yt6&mt=1502280039&pl=16&dur=386.217&initcwndbps=4196250&mv=m&sparams=dur%2Cei%2Cid%2Cinitcwndbps%2Cip%2Cipbits%2Citag%2Clmt%2Cmime%2Cmm%2Cmn%2Cms%2Cmv%2Cpl%2Cratebypass%2Crequiressl%2Csource%2Cexpire&source=youtube&ms=au&lmt=1471594529418331&requiressl=yes&ip=131.159.40.117&ratebypass=yes&ei=rfmKWZnXGcvIVozLl8gM&expire=1502301709&mime=video%2Fmp4&id=o-AE_TRjV-JyUUk16yQGXPy0AcK9uJekB-fcnVPUKL6axj&ipbits=0", "player_url": null, "ext": "mp4", "width": 1280, "height": 720, "acodec": "mp4a.40.2", "abr": 192, "vcodec": "avc1.64001F", "resolution": "1280x720", "format_note": "hd720", "format": "22 - 1280x720 (hd720)", "protocol": "https", "http_headers": {"User-Agent": "Mozilla/5.0 (X11; Linux x86_64; rv:10.0) Gecko/20150101 Firefox/47.0 (Chrome)", "Accept-Charset": "ISO-8859-1,utf-8;q=0.7,*;q=0.7", "Accept": "text/html,application/xhtml+xml,application/xml;q=0.9,*/*;q=0.8", "Accept-Encoding": "gzip, deflate", "Accept-Language": "en-us,en;q=0.5"}}], "is_live": null, "start_time": null, "end_time": null, "series": null, "season_number": null, "episode_number": null, "extractor": "youtube", "webpage_url_basename": "qpe2zydDOBM", "extractor_key": "Youtube", "playlist": null, "playlist_index": null, "thumbnails": [{"url": "https://i.ytimg.com/vi/qpe2zydDOBM/maxresdefault.jpg", "id": "0"}], "display_id": "qpe2zydDOBM", "ext": "mp4", "height": 720, "format_note": "DASH video", "vcodec": "avc1.4d401f", "format_id": "136", "url": "https://r13---sn-4g57kndr.googlevideo.com/videoplayback?id=aa97b6cf27433813&itag=136&source=youtube&requiressl=yes&pl=16&mm=31&ei=rfmKWY73PJaJhAfMu63wAQ&mn=sn-4g57kndr&ms=au&initcwndbps=4196250&mv=m&ratebypass=yes&mime=video/mp4&gir=yes&clen=88094750&lmt=1412042277253662&dur=386.152&signature=646F908067C69C09615AA4197D0EE323086BED5E.4A4CF43EFA360B2133622C7BE7D04DDFA5570213&mt=1502280039&key=dg_yt0&ip=131.159.40.117&ipbits=0&expire=1502301710&sparams=ip,ipbits,expire,id,itag,source,requiressl,pl,mm,ei,mn,ms,initcwndbps,mv,ratebypass,mime,gir,clen,lmt,dur", "manifest_url": "https://manifest.googlevideo.com/api/manifest/dash/pl/16/signature/2C713F4EAEBB9BAF4D6316238241C7A5C5BCA439.10E1A8B2EB3E20C907FBF60B5F73CCB08E59561A/mt/1502280039/hfr/1/mm/31/ipbits/0/ei/rfmKWY73PJaJhAfMu63wAQ/ip/131.159.40.117/as/fmp4_audio_clear%2Cfmp4_sd_hd_clear/key/yt6/id/aa97b6cf27433813/requiressl/yes/expire/1502301710/sparams/as%2Cei%2Chfr%2Cid%2Cinitcwndbps%2Cip%2Cipbits%2Citag%2Cmm%2Cmn%2Cms%2Cmv%2Cpl%2Cplayback_host%2Crequiressl%2Csource%2Cexpire/mn/sn-4g57kndr/ms/au/itag/0/initcwndbps/4196250/source/youtube/mv/m/playback_host/r13---sn-4g57kndr.googlevideo.com", "width": 1280, "tbr": 2227.976, "asr": null, "fps": 30, "language": null, "filesize": 88094750, "acodec": "none", "format": "136 - 1280x720 (DASH video)", "protocol": "https", "http_headers": {"User-Agent": "Mozilla/5.0 (X11; Linux x86_64; rv:10.0) Gecko/20150101 Firefox/47.0 (Chrome)", "Accept-Charset": "ISO-8859-1,utf-8;q=0.7,*;q=0.7", "Accept": "text/html,application/xhtml+xml,application/xml;q=0.9,*/*;q=0.8", "Accept-Encoding": "gzip, deflate", "Accept-Language": "en-us,en;q=0.5"}, "fulltitle": "Take It Off Tuesday!! Review of Sephora Pearl Fiber Mask.", "_filename": "qpe2zydDOBM.mp4"}