{"id": "eAl8NZ0hJt0", "uploader": "NaturallyDury", "uploader_id": "NaturallyDury", "uploader_url": "http://www.youtube.com/user/NaturallyDury", "upload_date": "20130313", "license": "Standard YouTube License", "creator": null, "title": "Natural Palm Oil Face Mask", "alt_title": null, "thumbnail": "https://i.ytimg.com/vi/eAl8NZ0hJt0/maxresdefault.jpg", "description": "Simple recipe, simple application and great results! You must try this.\n\nPlease *RATE* and *SUBSCRIBE* :)\n\nBlog: http://www.adura-o.com\nTwitter: http://twitter.com/adura_o\nFacebook: https://www.facebook.com/AduraOO\nInstagram: @adura_o\nPinterest: http://pinterest.com/adura/\n\n*This is not a sponsored video*", "categories": ["People & Blogs"], "tags": ["Red Palm Oil", "Natural", "Face Mask", "Cleansing Mask", "Moisturising Mask", "Natural Skincare", "Skincare", "Beauty", "Natural Beauty", "Homemade", "DIY", "Apple Cider Vinegar", "Fullers Earth", "Bentonite Clay"], "subtitles": {}, "automatic_captions": {}, "duration": 157, "age_limit": 0, "annotations": null, "chapters": null, "webpage_url": "https://www.youtube.com/watch?v=eAl8NZ0hJt0", "view_count": 9978, "like_count": 74, "dislike_count": 5, "average_rating": 4.74683523178, "formats": [{"ext": "m4a", "format_note": "DASH audio", "acodec": "mp4a.40.5", "abr": 48, "container": "m4a_dash", "format_id": "139", "url": "https://r18---sn-4g57kndd.googlevideo.com/videoplayback?id=78097c359d2126dd&itag=139&source=youtube&requiressl=yes&ms=au&pl=16&mn=sn-4g57kndd&mm=31&mv=m&initcwndbps=4472500&ei=KnmJWZ6THtjwcomLgMAJ&ratebypass=yes&mime=audio/mp4&gir=yes&clen=936283&lmt=1392178064806721&dur=157.338&key=dg_yt0&signature=358BAA8BB25BBD4E46CCEF09DDBE20822B1E1452.3A780F5BA592A6512073383D2B5C661F28AB1039&mt=1502181536&ip=131.159.40.117&ipbits=0&expire=1502203274&sparams=ip,ipbits,expire,id,itag,source,requiressl,ms,pl,mn,mm,mv,initcwndbps,ei,ratebypass,mime,gir,clen,lmt,dur", "manifest_url": "https://manifest.googlevideo.com/api/manifest/dash/key/yt6/itag/0/ipbits/0/source/youtube/sparams/as%2Cei%2Chfr%2Cid%2Cinitcwndbps%2Cip%2Cipbits%2Citag%2Cmm%2Cmn%2Cms%2Cmv%2Cpl%2Cplayback_host%2Crequiressl%2Csource%2Cexpire/signature/41E3DD863E69AE462F07100F8F298FC93C76DFDE.3D2C677CC1522D24A58A7E5CF7764FC774AF83BD/hfr/1/id/78097c359d2126dd/ms/au/expire/1502203274/pl/16/mn/sn-4g57kndd/mm/31/playback_host/r18---sn-4g57kndd.googlevideo.com/requiressl/yes/mv/m/as/fmp4_audio_clear%2Cfmp4_sd_hd_clear/initcwndbps/4472500/ip/131.159.40.117/ei/KnmJWZ6THtjwcomLgMAJ/mt/1502181536", "width": null, "height": null, "tbr": 48.679, "asr": 22050, "fps": null, "language": null, "filesize": 936283, "vcodec": "none", "format": "139 - audio only (DASH audio)", "protocol": "https", "http_headers": {"User-Agent": "Mozilla/5.0 (X11; Linux x86_64; rv:10.0) Gecko/20150101 Firefox/47.0 (Chrome)", "Accept-Charset": "ISO-8859-1,utf-8;q=0.7,*;q=0.7", "Accept": "text/html,application/xhtml+xml,application/xml;q=0.9,*/*;q=0.8", "Accept-Encoding": "gzip, deflate", "Accept-Language": "en-us,en;q=0.5"}}, {"format_id": "249", "url": "https://r3---sn-4g5e6nle.googlevideo.com/videoplayback?clen=967228&key=yt6&mt=1502181536&sparams=clen%2Cdur%2Cei%2Cgir%2Cid%2Cinitcwndbps%2Cip%2Cipbits%2Citag%2Ckeepalive%2Clmt%2Cmime%2Cmm%2Cmn%2Cms%2Cmv%2Cpl%2Crequiressl%2Csource%2Cexpire&gir=yes&ip=131.159.40.117&requiressl=yes&expire=1502203274&ei=KXmJWbi_NY7Kc7q7pOAO&lmt=1421063884554062&source=youtube&mv=m&mime=audio%2Fwebm&ms=au&signature=540255B29C1AF97E9D9F653EE88F4ABB1466BB1F.78EE341519AC49CECDDB5DD2C0DCD7C9299BE7FA&dur=157.201&initcwndbps=4472500&id=o-ACCglfIVRMMphpLUkrllGXPPeCdbxpgexlTzoyIYYSGf&pl=16&itag=249&mm=31&ipbits=0&mn=sn-4g5e6nle&keepalive=yes&ratebypass=yes", "player_url": null, "ext": "webm", "format_note": "DASH audio", "acodec": "opus", "abr": 50, "filesize": 967228, "tbr": 53.396, "vcodec": "none", "format": "249 - audio only (DASH audio)", "protocol": "https", "http_headers": {"User-Agent": "Mozilla/5.0 (X11; Linux x86_64; rv:10.0) Gecko/20150101 Firefox/47.0 (Chrome)", "Accept-Charset": "ISO-8859-1,utf-8;q=0.7,*;q=0.7", "Accept": "text/html,application/xhtml+xml,application/xml;q=0.9,*/*;q=0.8", "Accept-Encoding": "gzip, deflate", "Accept-Language": "en-us,en;q=0.5"}}, {"format_id": "250", "url": "https://r3---sn-4g5e6nle.googlevideo.com/videoplayback?clen=1250073&key=yt6&mt=1502181536&sparams=clen%2Cdur%2Cei%2Cgir%2Cid%2Cinitcwndbps%2Cip%2Cipbits%2Citag%2Ckeepalive%2Clmt%2Cmime%2Cmm%2Cmn%2Cms%2Cmv%2Cpl%2Crequiressl%2Csource%2Cexpire&gir=yes&ip=131.159.40.117&requiressl=yes&expire=1502203274&ei=KXmJWbi_NY7Kc7q7pOAO&lmt=1421063884300196&source=youtube&mv=m&mime=audio%2Fwebm&ms=au&signature=1D1D1140E59308C18AE80FE4790CFCE0A0BCAFE6.C2379FABF527ACEACD95AAA1011E86739D87D074&dur=157.201&initcwndbps=4472500&id=o-ACCglfIVRMMphpLUkrllGXPPeCdbxpgexlTzoyIYYSGf&pl=16&itag=250&mm=31&ipbits=0&mn=sn-4g5e6nle&keepalive=yes&ratebypass=yes", "player_url": null, "ext": "webm", "format_note": "DASH audio", "acodec": "opus", "abr": 70, "filesize": 1250073, "tbr": 72.752, "vcodec": "none", "format": "250 - audio only (DASH audio)", "protocol": "https", "http_headers": {"User-Agent": "Mozilla/5.0 (X11; Linux x86_64; rv:10.0) Gecko/20150101 Firefox/47.0 (Chrome)", "Accept-Charset": "ISO-8859-1,utf-8;q=0.7,*;q=0.7", "Accept": "text/html,application/xhtml+xml,application/xml;q=0.9,*/*;q=0.8", "Accept-Encoding": "gzip, deflate", "Accept-Language": "en-us,en;q=0.5"}}, {"ext": "m4a", "format_note": "DASH audio", "acodec": "mp4a.40.2", "abr": 128, "container": "m4a_dash", "format_id": "140", "url": "https://r18---sn-4g57kndd.googlevideo.com/videoplayback?id=78097c359d2126dd&itag=140&source=youtube&requiressl=yes&ms=au&pl=16&mn=sn-4g57kndd&mm=31&mv=m&initcwndbps=4472500&ei=KnmJWZ6THtjwcomLgMAJ&ratebypass=yes&mime=audio/mp4&gir=yes&clen=2498397&lmt=1392178060952576&dur=157.268&key=dg_yt0&signature=337ADB04D60A2CECAEFDE5CDDCC27F7A8E59BBE9.7FBD1459E017D350D27524AA118951043642F7E2&mt=1502181536&ip=131.159.40.117&ipbits=0&expire=1502203274&sparams=ip,ipbits,expire,id,itag,source,requiressl,ms,pl,mn,mm,mv,initcwndbps,ei,ratebypass,mime,gir,clen,lmt,dur", "manifest_url": "https://manifest.googlevideo.com/api/manifest/dash/key/yt6/itag/0/ipbits/0/source/youtube/sparams/as%2Cei%2Chfr%2Cid%2Cinitcwndbps%2Cip%2Cipbits%2Citag%2Cmm%2Cmn%2Cms%2Cmv%2Cpl%2Cplayback_host%2Crequiressl%2Csource%2Cexpire/signature/41E3DD863E69AE462F07100F8F298FC93C76DFDE.3D2C677CC1522D24A58A7E5CF7764FC774AF83BD/hfr/1/id/78097c359d2126dd/ms/au/expire/1502203274/pl/16/mn/sn-4g57kndd/mm/31/playback_host/r18---sn-4g57kndd.googlevideo.com/requiressl/yes/mv/m/as/fmp4_audio_clear%2Cfmp4_sd_hd_clear/initcwndbps/4472500/ip/131.159.40.117/ei/KnmJWZ6THtjwcomLgMAJ/mt/1502181536", "width": null, "height": null, "tbr": 128.086, "asr": 44100, "fps": null, "language": null, "filesize": 2498397, "vcodec": "none", "format": "140 - audio only (DASH audio)", "protocol": "https", "http_headers": {"User-Agent": "Mozilla/5.0 (X11; Linux x86_64; rv:10.0) Gecko/20150101 Firefox/47.0 (Chrome)", "Accept-Charset": "ISO-8859-1,utf-8;q=0.7,*;q=0.7", "Accept": "text/html,application/xhtml+xml,application/xml;q=0.9,*/*;q=0.8", "Accept-Encoding": "gzip, deflate", "Accept-Language": "en-us,en;q=0.5"}}, {"format_id": "171", "url": "https://r3---sn-4g5e6nle.googlevideo.com/videoplayback?clen=2124651&key=yt6&mt=1502181536&sparams=clen%2Cdur%2Cei%2Cgir%2Cid%2Cinitcwndbps%2Cip%2Cipbits%2Citag%2Ckeepalive%2Clmt%2Cmime%2Cmm%2Cmn%2Cms%2Cmv%2Cpl%2Crequiressl%2Csource%2Cexpire&gir=yes&ip=131.159.40.117&requiressl=yes&expire=1502203274&ei=KXmJWbi_NY7Kc7q7pOAO&lmt=1421063885052621&source=youtube&mv=m&mime=audio%2Fwebm&ms=au&signature=3EF7FB5D41F5848C4BD7B4EC257AB5BA84E0AEF3.3757C07E327317A91D83A61ACADF372EC5B634F4&dur=157.189&initcwndbps=4472500&id=o-ACCglfIVRMMphpLUkrllGXPPeCdbxpgexlTzoyIYYSGf&pl=16&itag=171&mm=31&ipbits=0&mn=sn-4g5e6nle&keepalive=yes&ratebypass=yes", "player_url": null, "ext": "webm", "acodec": "vorbis", "format_note": "DASH audio", "abr": 128, "filesize": 2124651, "tbr": 131.456, "vcodec": "none", "format": "171 - audio only (DASH audio)", "protocol": "https", "http_headers": {"User-Agent": "Mozilla/5.0 (X11; Linux x86_64; rv:10.0) Gecko/20150101 Firefox/47.0 (Chrome)", "Accept-Charset": "ISO-8859-1,utf-8;q=0.7,*;q=0.7", "Accept": "text/html,application/xhtml+xml,application/xml;q=0.9,*/*;q=0.8", "Accept-Encoding": "gzip, deflate", "Accept-Language": "en-us,en;q=0.5"}}, {"format_id": "251", "url": "https://r3---sn-4g5e6nle.googlevideo.com/videoplayback?clen=2981463&key=yt6&mt=1502181536&sparams=clen%2Cdur%2Cei%2Cgir%2Cid%2Cinitcwndbps%2Cip%2Cipbits%2Citag%2Ckeepalive%2Clmt%2Cmime%2Cmm%2Cmn%2Cms%2Cmv%2Cpl%2Crequiressl%2Csource%2Cexpire&gir=yes&ip=131.159.40.117&requiressl=yes&expire=1502203274&ei=KXmJWbi_NY7Kc7q7pOAO&lmt=1421063884652686&source=youtube&mv=m&mime=audio%2Fwebm&ms=au&signature=80BA1AB1A0B8674272673221AFEAFF3951231A87.308C4112087A93BDE30CEBFAD9B1B5D14B68A846&dur=157.201&initcwndbps=4472500&id=o-ACCglfIVRMMphpLUkrllGXPPeCdbxpgexlTzoyIYYSGf&pl=16&itag=251&mm=31&ipbits=0&mn=sn-4g5e6nle&keepalive=yes&ratebypass=yes", "player_url": null, "ext": "webm", "format_note": "DASH audio", "acodec": "opus", "abr": 160, "filesize": 2981463, "tbr": 177.213, "vcodec": "none", "format": "251 - audio only (DASH audio)", "protocol": "https", "http_headers": {"User-Agent": "Mozilla/5.0 (X11; Linux x86_64; rv:10.0) Gecko/20150101 Firefox/47.0 (Chrome)", "Accept-Charset": "ISO-8859-1,utf-8;q=0.7,*;q=0.7", "Accept": "text/html,application/xhtml+xml,application/xml;q=0.9,*/*;q=0.8", "Accept-Encoding": "gzip, deflate", "Accept-Language": "en-us,en;q=0.5"}}, {"format_id": "278", "url": "https://r3---sn-4g5e6nle.googlevideo.com/videoplayback?clen=1515091&key=yt6&mt=1502181536&sparams=clen%2Cdur%2Cei%2Cgir%2Cid%2Cinitcwndbps%2Cip%2Cipbits%2Citag%2Ckeepalive%2Clmt%2Cmime%2Cmm%2Cmn%2Cms%2Cmv%2Cpl%2Crequiressl%2Csource%2Cexpire&gir=yes&ip=131.159.40.117&requiressl=yes&expire=1502203274&ei=KXmJWbi_NY7Kc7q7pOAO&lmt=1421063900808239&source=youtube&mv=m&mime=video%2Fwebm&ms=au&signature=6DC6C0AE54ABE770119D153E348593D3FD0B5B82.6256D14DF6DA40883F0047673F872D00BFB3183E&dur=157.167&initcwndbps=4472500&id=o-ACCglfIVRMMphpLUkrllGXPPeCdbxpgexlTzoyIYYSGf&pl=16&itag=278&mm=31&ipbits=0&mn=sn-4g5e6nle&keepalive=yes&ratebypass=yes", "player_url": null, "ext": "webm", "height": 144, "format_note": "144p", "container": "webm", "vcodec": "vp9", "filesize": 1515091, "tbr": 96.971, "width": 256, "fps": 12, "acodec": "none", "format": "278 - 256x144 (144p)", "protocol": "https", "http_headers": {"User-Agent": "Mozilla/5.0 (X11; Linux x86_64; rv:10.0) Gecko/20150101 Firefox/47.0 (Chrome)", "Accept-Charset": "ISO-8859-1,utf-8;q=0.7,*;q=0.7", "Accept": "text/html,application/xhtml+xml,application/xml;q=0.9,*/*;q=0.8", "Accept-Encoding": "gzip, deflate", "Accept-Language": "en-us,en;q=0.5"}}, {"ext": "mp4", "height": 144, "format_note": "DASH video", "vcodec": "avc1.4d400c", "format_id": "160", "url": "https://r18---sn-4g57kndd.googlevideo.com/videoplayback?id=78097c359d2126dd&itag=160&source=youtube&requiressl=yes&ms=au&pl=16&mn=sn-4g57kndd&mm=31&mv=m&initcwndbps=4472500&ei=KnmJWZ6THtjwcomLgMAJ&ratebypass=yes&mime=video/mp4&gir=yes&clen=2020505&lmt=1392178060959062&dur=157.168&key=dg_yt0&signature=8A589C65475150B7DE139A604937166917408652.1BC32D1E98DE177E66D7111DD760349747870EF4&mt=1502181536&ip=131.159.40.117&ipbits=0&expire=1502203274&sparams=ip,ipbits,expire,id,itag,source,requiressl,ms,pl,mn,mm,mv,initcwndbps,ei,ratebypass,mime,gir,clen,lmt,dur", "manifest_url": "https://manifest.googlevideo.com/api/manifest/dash/key/yt6/itag/0/ipbits/0/source/youtube/sparams/as%2Cei%2Chfr%2Cid%2Cinitcwndbps%2Cip%2Cipbits%2Citag%2Cmm%2Cmn%2Cms%2Cmv%2Cpl%2Cplayback_host%2Crequiressl%2Csource%2Cexpire/signature/41E3DD863E69AE462F07100F8F298FC93C76DFDE.3D2C677CC1522D24A58A7E5CF7764FC774AF83BD/hfr/1/id/78097c359d2126dd/ms/au/expire/1502203274/pl/16/mn/sn-4g57kndd/mm/31/playback_host/r18---sn-4g57kndd.googlevideo.com/requiressl/yes/mv/m/as/fmp4_audio_clear%2Cfmp4_sd_hd_clear/initcwndbps/4472500/ip/131.159.40.117/ei/KnmJWZ6THtjwcomLgMAJ/mt/1502181536", "width": 256, "tbr": 111.936, "asr": null, "fps": 15, "language": null, "filesize": 2020505, "acodec": "none", "format": "160 - 256x144 (DASH video)", "protocol": "https", "http_headers": {"User-Agent": "Mozilla/5.0 (X11; Linux x86_64; rv:10.0) Gecko/20150101 Firefox/47.0 (Chrome)", "Accept-Charset": "ISO-8859-1,utf-8;q=0.7,*;q=0.7", "Accept": "text/html,application/xhtml+xml,application/xml;q=0.9,*/*;q=0.8", "Accept-Encoding": "gzip, deflate", "Accept-Language": "en-us,en;q=0.5"}}, {"format_id": "242", "url": "https://r3---sn-4g5e6nle.googlevideo.com/videoplayback?clen=2190633&key=yt6&mt=1502181536&sparams=clen%2Cdur%2Cei%2Cgir%2Cid%2Cinitcwndbps%2Cip%2Cipbits%2Citag%2Ckeepalive%2Clmt%2Cmime%2Cmm%2Cmn%2Cms%2Cmv%2Cpl%2Crequiressl%2Csource%2Cexpire&gir=yes&ip=131.159.40.117&requiressl=yes&expire=1502203274&ei=KXmJWbi_NY7Kc7q7pOAO&lmt=1421063893220610&source=youtube&mv=m&mime=video%2Fwebm&ms=au&signature=1F531F862116BEC48BE866B4878283D679BDA7A8.7E6B0C7E51701DD8DE3D1054C3C17EEC03D044B8&dur=157.167&initcwndbps=4472500&id=o-ACCglfIVRMMphpLUkrllGXPPeCdbxpgexlTzoyIYYSGf&pl=16&itag=242&mm=31&ipbits=0&mn=sn-4g5e6nle&keepalive=yes&ratebypass=yes", "player_url": null, "ext": "webm", "height": 240, "format_note": "240p", "vcodec": "vp9", "filesize": 2190633, "tbr": 204.416, "width": 426, "fps": 24, "acodec": "none", "format": "242 - 426x240 (240p)", "protocol": "https", "http_headers": {"User-Agent": "Mozilla/5.0 (X11; Linux x86_64; rv:10.0) Gecko/20150101 Firefox/47.0 (Chrome)", "Accept-Charset": "ISO-8859-1,utf-8;q=0.7,*;q=0.7", "Accept": "text/html,application/xhtml+xml,application/xml;q=0.9,*/*;q=0.8", "Accept-Encoding": "gzip, deflate", "Accept-Language": "en-us,en;q=0.5"}}, {"ext": "mp4", "height": 240, "format_note": "DASH video", "vcodec": "avc1.4d4015", "format_id": "133", "url": "https://r18---sn-4g57kndd.googlevideo.com/videoplayback?id=78097c359d2126dd&itag=133&source=youtube&requiressl=yes&ms=au&pl=16&mn=sn-4g57kndd&mm=31&mv=m&initcwndbps=4472500&ei=KnmJWZ6THtjwcomLgMAJ&ratebypass=yes&mime=video/mp4&gir=yes&clen=4655288&lmt=1392178073819130&dur=157.168&key=dg_yt0&signature=53F878595D5F95869B3210AE0CB770C6332B08D4.4B6CA6D55FE368CAA2F9F0DD7A67E2C32C91401C&mt=1502181536&ip=131.159.40.117&ipbits=0&expire=1502203274&sparams=ip,ipbits,expire,id,itag,source,requiressl,ms,pl,mn,mm,mv,initcwndbps,ei,ratebypass,mime,gir,clen,lmt,dur", "manifest_url": "https://manifest.googlevideo.com/api/manifest/dash/key/yt6/itag/0/ipbits/0/source/youtube/sparams/as%2Cei%2Chfr%2Cid%2Cinitcwndbps%2Cip%2Cipbits%2Citag%2Cmm%2Cmn%2Cms%2Cmv%2Cpl%2Cplayback_host%2Crequiressl%2Csource%2Cexpire/signature/41E3DD863E69AE462F07100F8F298FC93C76DFDE.3D2C677CC1522D24A58A7E5CF7764FC774AF83BD/hfr/1/id/78097c359d2126dd/ms/au/expire/1502203274/pl/16/mn/sn-4g57kndd/mm/31/playback_host/r18---sn-4g57kndd.googlevideo.com/requiressl/yes/mv/m/as/fmp4_audio_clear%2Cfmp4_sd_hd_clear/initcwndbps/4472500/ip/131.159.40.117/ei/KnmJWZ6THtjwcomLgMAJ/mt/1502181536", "width": 426, "tbr": 250.308, "asr": null, "fps": 24, "language": null, "filesize": 4655288, "acodec": "none", "format": "133 - 426x240 (DASH video)", "protocol": "https", "http_headers": {"User-Agent": "Mozilla/5.0 (X11; Linux x86_64; rv:10.0) Gecko/20150101 Firefox/47.0 (Chrome)", "Accept-Charset": "ISO-8859-1,utf-8;q=0.7,*;q=0.7", "Accept": "text/html,application/xhtml+xml,application/xml;q=0.9,*/*;q=0.8", "Accept-Encoding": "gzip, deflate", "Accept-Language": "en-us,en;q=0.5"}}, {"ext": "mp4", "height": 360, "format_note": "DASH video", "vcodec": "avc1.4d401e", "format_id": "134", "url": "https://r18---sn-4g57kndd.googlevideo.com/videoplayback?id=78097c359d2126dd&itag=134&source=youtube&requiressl=yes&ms=au&pl=16&mn=sn-4g57kndd&mm=31&mv=m&initcwndbps=4472500&ei=KnmJWZ6THtjwcomLgMAJ&ratebypass=yes&mime=video/mp4&gir=yes&clen=4823564&lmt=1392178075810010&dur=157.168&key=dg_yt0&signature=3C14D2670954FE450DA6B54130BB988A6B49FD01.928EFDB3CED8A02BD0ED1C4F0FADB7B50A31E1FA&mt=1502181536&ip=131.159.40.117&ipbits=0&expire=1502203274&sparams=ip,ipbits,expire,id,itag,source,requiressl,ms,pl,mn,mm,mv,initcwndbps,ei,ratebypass,mime,gir,clen,lmt,dur", "manifest_url": "https://manifest.googlevideo.com/api/manifest/dash/key/yt6/itag/0/ipbits/0/source/youtube/sparams/as%2Cei%2Chfr%2Cid%2Cinitcwndbps%2Cip%2Cipbits%2Citag%2Cmm%2Cmn%2Cms%2Cmv%2Cpl%2Cplayback_host%2Crequiressl%2Csource%2Cexpire/signature/41E3DD863E69AE462F07100F8F298FC93C76DFDE.3D2C677CC1522D24A58A7E5CF7764FC774AF83BD/hfr/1/id/78097c359d2126dd/ms/au/expire/1502203274/pl/16/mn/sn-4g57kndd/mm/31/playback_host/r18---sn-4g57kndd.googlevideo.com/requiressl/yes/mv/m/as/fmp4_audio_clear%2Cfmp4_sd_hd_clear/initcwndbps/4472500/ip/131.159.40.117/ei/KnmJWZ6THtjwcomLgMAJ/mt/1502181536", "width": 640, "tbr": 343.657, "asr": null, "fps": 24, "language": null, "filesize": 4823564, "acodec": "none", "format": "134 - 640x360 (DASH video)", "protocol": "https", "http_headers": {"User-Agent": "Mozilla/5.0 (X11; Linux x86_64; rv:10.0) Gecko/20150101 Firefox/47.0 (Chrome)", "Accept-Charset": "ISO-8859-1,utf-8;q=0.7,*;q=0.7", "Accept": "text/html,application/xhtml+xml,application/xml;q=0.9,*/*;q=0.8", "Accept-Encoding": "gzip, deflate", "Accept-Language": "en-us,en;q=0.5"}}, {"format_id": "243", "url": "https://r3---sn-4g5e6nle.googlevideo.com/videoplayback?clen=4194831&key=yt6&mt=1502181536&sparams=clen%2Cdur%2Cei%2Cgir%2Cid%2Cinitcwndbps%2Cip%2Cipbits%2Citag%2Ckeepalive%2Clmt%2Cmime%2Cmm%2Cmn%2Cms%2Cmv%2Cpl%2Crequiressl%2Csource%2Cexpire&gir=yes&ip=131.159.40.117&requiressl=yes&expire=1502203274&ei=KXmJWbi_NY7Kc7q7pOAO&lmt=1421063898439620&source=youtube&mv=m&mime=video%2Fwebm&ms=au&signature=14DF3C396A347B025EE9B1B27E8E8E237D8F3E3C.D31E0CE9CE1B6E60A5696F54FE686B4D4639C544&dur=157.167&initcwndbps=4472500&id=o-ACCglfIVRMMphpLUkrllGXPPeCdbxpgexlTzoyIYYSGf&pl=16&itag=243&mm=31&ipbits=0&mn=sn-4g5e6nle&keepalive=yes&ratebypass=yes", "player_url": null, "ext": "webm", "height": 360, "format_note": "360p", "vcodec": "vp9", "filesize": 4194831, "tbr": 384.561, "width": 640, "fps": 24, "acodec": "none", "format": "243 - 640x360 (360p)", "protocol": "https", "http_headers": {"User-Agent": "Mozilla/5.0 (X11; Linux x86_64; rv:10.0) Gecko/20150101 Firefox/47.0 (Chrome)", "Accept-Charset": "ISO-8859-1,utf-8;q=0.7,*;q=0.7", "Accept": "text/html,application/xhtml+xml,application/xml;q=0.9,*/*;q=0.8", "Accept-Encoding": "gzip, deflate", "Accept-Language": "en-us,en;q=0.5"}}, {"format_id": "244", "url": "https://r3---sn-4g5e6nle.googlevideo.com/videoplayback?clen=7001016&key=yt6&mt=1502181536&sparams=clen%2Cdur%2Cei%2Cgir%2Cid%2Cinitcwndbps%2Cip%2Cipbits%2Citag%2Ckeepalive%2Clmt%2Cmime%2Cmm%2Cmn%2Cms%2Cmv%2Cpl%2Crequiressl%2Csource%2Cexpire&gir=yes&ip=131.159.40.117&requiressl=yes&expire=1502203274&ei=KXmJWbi_NY7Kc7q7pOAO&lmt=1421063909764057&source=youtube&mv=m&mime=video%2Fwebm&ms=au&signature=8FC3CD5C45CE467893085C0106AB3E975271AFEF.6D74D3D7B94156743ACDFCC75D3E9C2EB8D1E5B9&dur=157.167&initcwndbps=4472500&id=o-ACCglfIVRMMphpLUkrllGXPPeCdbxpgexlTzoyIYYSGf&pl=16&itag=244&mm=31&ipbits=0&mn=sn-4g5e6nle&keepalive=yes&ratebypass=yes", "player_url": null, "ext": "webm", "height": 480, "format_note": "480p", "vcodec": "vp9", "filesize": 7001016, "tbr": 619.928, "width": 854, "fps": 24, "acodec": "none", "format": "244 - 854x480 (480p)", "protocol": "https", "http_headers": {"User-Agent": "Mozilla/5.0 (X11; Linux x86_64; rv:10.0) Gecko/20150101 Firefox/47.0 (Chrome)", "Accept-Charset": "ISO-8859-1,utf-8;q=0.7,*;q=0.7", "Accept": "text/html,application/xhtml+xml,application/xml;q=0.9,*/*;q=0.8", "Accept-Encoding": "gzip, deflate", "Accept-Language": "en-us,en;q=0.5"}}, {"ext": "mp4", "height": 480, "format_note": "DASH video", "vcodec": "avc1.4d401e", "format_id": "135", "url": "https://r18---sn-4g57kndd.googlevideo.com/videoplayback?id=78097c359d2126dd&itag=135&source=youtube&requiressl=yes&ms=au&pl=16&mn=sn-4g57kndd&mm=31&mv=m&initcwndbps=4472500&ei=KnmJWZ6THtjwcomLgMAJ&ratebypass=yes&mime=video/mp4&gir=yes&clen=10242245&lmt=1392178072796455&dur=157.168&key=dg_yt0&signature=02E77467B1768A84C0EB900E7001198782240EFC.4D6711F5C8AEC2A76AC0F66B107602A90328F1D4&mt=1502181536&ip=131.159.40.117&ipbits=0&expire=1502203274&sparams=ip,ipbits,expire,id,itag,source,requiressl,ms,pl,mn,mm,mv,initcwndbps,ei,ratebypass,mime,gir,clen,lmt,dur", "manifest_url": "https://manifest.googlevideo.com/api/manifest/dash/key/yt6/itag/0/ipbits/0/source/youtube/sparams/as%2Cei%2Chfr%2Cid%2Cinitcwndbps%2Cip%2Cipbits%2Citag%2Cmm%2Cmn%2Cms%2Cmv%2Cpl%2Cplayback_host%2Crequiressl%2Csource%2Cexpire/signature/41E3DD863E69AE462F07100F8F298FC93C76DFDE.3D2C677CC1522D24A58A7E5CF7764FC774AF83BD/hfr/1/id/78097c359d2126dd/ms/au/expire/1502203274/pl/16/mn/sn-4g57kndd/mm/31/playback_host/r18---sn-4g57kndd.googlevideo.com/requiressl/yes/mv/m/as/fmp4_audio_clear%2Cfmp4_sd_hd_clear/initcwndbps/4472500/ip/131.159.40.117/ei/KnmJWZ6THtjwcomLgMAJ/mt/1502181536", "width": 854, "tbr": 657.633, "asr": null, "fps": 24, "language": null, "filesize": 10242245, "acodec": "none", "format": "135 - 854x480 (DASH video)", "protocol": "https", "http_headers": {"User-Agent": "Mozilla/5.0 (X11; Linux x86_64; rv:10.0) Gecko/20150101 Firefox/47.0 (Chrome)", "Accept-Charset": "ISO-8859-1,utf-8;q=0.7,*;q=0.7", "Accept": "text/html,application/xhtml+xml,application/xml;q=0.9,*/*;q=0.8", "Accept-Encoding": "gzip, deflate", "Accept-Language": "en-us,en;q=0.5"}}, {"format_id": "17", "url": "https://r3---sn-4g5e6nle.googlevideo.com/videoplayback?clen=1623221&key=yt6&mt=1502181536&sparams=clen%2Cdur%2Cei%2Cgir%2Cid%2Cinitcwndbps%2Cip%2Cipbits%2Citag%2Clmt%2Cmime%2Cmm%2Cmn%2Cms%2Cmv%2Cpl%2Crequiressl%2Csource%2Cexpire&gir=yes&ip=131.159.40.117&requiressl=yes&expire=1502203274&ei=KXmJWbi_NY7Kc7q7pOAO&lmt=1392178098801425&source=youtube&mv=m&mime=video%2F3gpp&ms=au&signature=73F201F8D3FAF5840E745B89BD7D2BB906896A8D.45046408AE520B0C1EA25DF32FF13895BE7BA655&dur=157.570&initcwndbps=4472500&id=o-ACCglfIVRMMphpLUkrllGXPPeCdbxpgexlTzoyIYYSGf&pl=16&itag=17&mm=31&ipbits=0&mn=sn-4g5e6nle&ratebypass=yes", "player_url": null, "ext": "3gp", "width": 176, "height": 144, "acodec": "mp4a.40.2", "abr": 24, "vcodec": "mp4v.20.3", "resolution": "176x144", "format_note": "small", "format": "17 - 176x144 (small)", "protocol": "https", "http_headers": {"User-Agent": "Mozilla/5.0 (X11; Linux x86_64; rv:10.0) Gecko/20150101 Firefox/47.0 (Chrome)", "Accept-Charset": "ISO-8859-1,utf-8;q=0.7,*;q=0.7", "Accept": "text/html,application/xhtml+xml,application/xml;q=0.9,*/*;q=0.8", "Accept-Encoding": "gzip, deflate", "Accept-Language": "en-us,en;q=0.5"}}, {"format_id": "36", "url": "https://r3---sn-4g5e6nle.googlevideo.com/videoplayback?clen=4475177&key=yt6&mt=1502181536&sparams=clen%2Cdur%2Cei%2Cgir%2Cid%2Cinitcwndbps%2Cip%2Cipbits%2Citag%2Clmt%2Cmime%2Cmm%2Cmn%2Cms%2Cmv%2Cpl%2Crequiressl%2Csource%2Cexpire&gir=yes&ip=131.159.40.117&requiressl=yes&expire=1502203274&ei=KXmJWbi_NY7Kc7q7pOAO&lmt=1392178149335789&source=youtube&mv=m&mime=video%2F3gpp&ms=au&signature=4F21B031192067CF449C96D6FE5DCC84B02E0680.0F1F438283F55287D5E096A08CC57E4DFE346CED&dur=157.384&initcwndbps=4472500&id=o-ACCglfIVRMMphpLUkrllGXPPeCdbxpgexlTzoyIYYSGf&pl=16&itag=36&mm=31&ipbits=0&mn=sn-4g5e6nle&ratebypass=yes", "player_url": null, "ext": "3gp", "width": 320, "acodec": "mp4a.40.2", "vcodec": "mp4v.20.3", "resolution": "320x180", "height": 180, "format_note": "small", "format": "36 - 320x180 (small)", "protocol": "https", "http_headers": {"User-Agent": "Mozilla/5.0 (X11; Linux x86_64; rv:10.0) Gecko/20150101 Firefox/47.0 (Chrome)", "Accept-Charset": "ISO-8859-1,utf-8;q=0.7,*;q=0.7", "Accept": "text/html,application/xhtml+xml,application/xml;q=0.9,*/*;q=0.8", "Accept-Encoding": "gzip, deflate", "Accept-Language": "en-us,en;q=0.5"}}, {"format_id": "43", "url": "https://r3---sn-4g5e6nle.googlevideo.com/videoplayback?clen=9871639&key=yt6&mt=1502181536&sparams=clen%2Cdur%2Cei%2Cgir%2Cid%2Cinitcwndbps%2Cip%2Cipbits%2Citag%2Clmt%2Cmime%2Cmm%2Cmn%2Cms%2Cmv%2Cpl%2Cratebypass%2Crequiressl%2Csource%2Cexpire&gir=yes&ip=131.159.40.117&requiressl=yes&expire=1502203274&ei=KXmJWbi_NY7Kc7q7pOAO&lmt=1363195318869223&source=youtube&mv=m&mime=video%2Fwebm&ms=au&signature=3E747721D364BFAF13C1B8A27ECABECD15D35FEF.C5A2A938AAA594ACCB1C026E3B1A67192E377764&dur=0.000&initcwndbps=4472500&id=o-ACCglfIVRMMphpLUkrllGXPPeCdbxpgexlTzoyIYYSGf&pl=16&itag=43&mm=31&ipbits=0&mn=sn-4g5e6nle&ratebypass=yes", "player_url": null, "ext": "webm", "width": 640, "height": 360, "acodec": "vorbis", "abr": 128, "vcodec": "vp8.0", "resolution": "640x360", "format_note": "medium", "format": "43 - 640x360 (medium)", "protocol": "https", "http_headers": {"User-Agent": "Mozilla/5.0 (X11; Linux x86_64; rv:10.0) Gecko/20150101 Firefox/47.0 (Chrome)", "Accept-Charset": "ISO-8859-1,utf-8;q=0.7,*;q=0.7", "Accept": "text/html,application/xhtml+xml,application/xml;q=0.9,*/*;q=0.8", "Accept-Encoding": "gzip, deflate", "Accept-Language": "en-us,en;q=0.5"}}, {"format_id": "18", "url": "https://r3---sn-4g5e6nle.googlevideo.com/videoplayback?clen=8108334&key=yt6&mt=1502181536&sparams=clen%2Cdur%2Cei%2Cgir%2Cid%2Cinitcwndbps%2Cip%2Cipbits%2Citag%2Clmt%2Cmime%2Cmm%2Cmn%2Cms%2Cmv%2Cpl%2Cratebypass%2Crequiressl%2Csource%2Cexpire&gir=yes&ip=131.159.40.117&requiressl=yes&expire=1502203274&ei=KXmJWbi_NY7Kc7q7pOAO&lmt=1392178085794667&source=youtube&mv=m&mime=video%2Fmp4&ms=au&signature=3C50343D21E6F9758DE070F79D42E329ECC90835.05179556DB298EEFD05C9AEBABBDDE27317FEB3E&dur=157.268&initcwndbps=4472500&id=o-ACCglfIVRMMphpLUkrllGXPPeCdbxpgexlTzoyIYYSGf&pl=16&itag=18&mm=31&ipbits=0&mn=sn-4g5e6nle&ratebypass=yes", "player_url": null, "ext": "mp4", "width": 640, "height": 360, "acodec": "mp4a.40.2", "abr": 96, "vcodec": "avc1.42001E", "resolution": "640x360", "format_note": "medium", "format": "18 - 640x360 (medium)", "protocol": "https", "http_headers": {"User-Agent": "Mozilla/5.0 (X11; Linux x86_64; rv:10.0) Gecko/20150101 Firefox/47.0 (Chrome)", "Accept-Charset": "ISO-8859-1,utf-8;q=0.7,*;q=0.7", "Accept": "text/html,application/xhtml+xml,application/xml;q=0.9,*/*;q=0.8", "Accept-Encoding": "gzip, deflate", "Accept-Language": "en-us,en;q=0.5"}}], "is_live": null, "start_time": null, "end_time": null, "series": null, "season_number": null, "episode_number": null, "extractor": "youtube", "webpage_url_basename": "eAl8NZ0hJt0", "extractor_key": "Youtube", "playlist": null, "playlist_index": null, "thumbnails": [{"url": "https://i.ytimg.com/vi/eAl8NZ0hJt0/maxresdefault.jpg", "id": "0"}], "display_id": "eAl8NZ0hJt0", "ext": "mp4", "height": 480, "format_note": "DASH video", "vcodec": "avc1.4d401e", "format_id": "135", "url": "https://r18---sn-4g57kndd.googlevideo.com/videoplayback?id=78097c359d2126dd&itag=135&source=youtube&requiressl=yes&ms=au&pl=16&mn=sn-4g57kndd&mm=31&mv=m&initcwndbps=4472500&ei=KnmJWZ6THtjwcomLgMAJ&ratebypass=yes&mime=video/mp4&gir=yes&clen=10242245&lmt=1392178072796455&dur=157.168&key=dg_yt0&signature=02E77467B1768A84C0EB900E7001198782240EFC.4D6711F5C8AEC2A76AC0F66B107602A90328F1D4&mt=1502181536&ip=131.159.40.117&ipbits=0&expire=1502203274&sparams=ip,ipbits,expire,id,itag,source,requiressl,ms,pl,mn,mm,mv,initcwndbps,ei,ratebypass,mime,gir,clen,lmt,dur", "manifest_url": "https://manifest.googlevideo.com/api/manifest/dash/key/yt6/itag/0/ipbits/0/source/youtube/sparams/as%2Cei%2Chfr%2Cid%2Cinitcwndbps%2Cip%2Cipbits%2Citag%2Cmm%2Cmn%2Cms%2Cmv%2Cpl%2Cplayback_host%2Crequiressl%2Csource%2Cexpire/signature/41E3DD863E69AE462F07100F8F298FC93C76DFDE.3D2C677CC1522D24A58A7E5CF7764FC774AF83BD/hfr/1/id/78097c359d2126dd/ms/au/expire/1502203274/pl/16/mn/sn-4g57kndd/mm/31/playback_host/r18---sn-4g57kndd.googlevideo.com/requiressl/yes/mv/m/as/fmp4_audio_clear%2Cfmp4_sd_hd_clear/initcwndbps/4472500/ip/131.159.40.117/ei/KnmJWZ6THtjwcomLgMAJ/mt/1502181536", "width": 854, "tbr": 657.633, "asr": null, "fps": 24, "language": null, "filesize": 10242245, "acodec": "none", "format": "135 - 854x480 (DASH video)", "protocol": "https", "http_headers": {"User-Agent": "Mozilla/5.0 (X11; Linux x86_64; rv:10.0) Gecko/20150101 Firefox/47.0 (Chrome)", "Accept-Charset": "ISO-8859-1,utf-8;q=0.7,*;q=0.7", "Accept": "text/html,application/xhtml+xml,application/xml;q=0.9,*/*;q=0.8", "Accept-Encoding": "gzip, deflate", "Accept-Language": "en-us,en;q=0.5"}, "fulltitle": "Natural Palm Oil Face Mask", "_filename": "eAl8NZ0hJt0.mp4"}