{"id": "wuJZuJPVRUk", "uploader": "RT America", "uploader_id": null, "uploader_url": null, "upload_date": null, "license": null, "creator": null, "title": "Violence flares in eastern Ukraine, 16 government soldiers killed", "alt_title": null, "thumbnail": "https://i.ytimg.com/vi/wuJZuJPVRUk/default.jpg", "description": "", "categories": null, "tags": [], "subtitles": {}, "automatic_captions": {}, "duration": 176, "age_limit": 0, "annotations": null, "chapters": null, "webpage_url": "https://www.youtube.com/watch?v=wuJZuJPVRUk", "view_count": 17621, "like_count": null, "dislike_count": null, "average_rating": 4.77049160004, "formats": [{"ext": "m4a", "format_note": "DASH audio", "acodec": "mp4a.40.5", "abr": 48, "container": "m4a_dash", "format_id": "139", "url": "https://r4---sn-4g5ednld.googlevideo.com/videoplayback?id=c2e259b893d54549&itag=139&source=youtube&requiressl=yes&initcwndbps=3293750&mm=31&mv=m&ms=au&pl=16&mn=sn-4g5ednld&ei=OFeLWZq2NdL-Wpq_pvAE&ratebypass=yes&mime=audio/mp4&gir=yes&clen=1062961&lmt=1402115613283331&dur=176.099&key=dg_yt0&mt=1502304015&signature=590872B8C0C6DD7077B9BB3B09EEFEC0F880E4F5.19806D3529965CCA44716917BCE76A12AD32DE7D&ip=131.159.40.117&ipbits=0&expire=1502325657&sparams=ip,ipbits,expire,id,itag,source,requiressl,initcwndbps,mm,mv,ms,pl,mn,ei,ratebypass,mime,gir,clen,lmt,dur", "manifest_url": "https://manifest.googlevideo.com/api/manifest/dash/ipbits/0/hfr/1/ip/131.159.40.117/initcwndbps/3293750/playback_host/r4---sn-4g5ednld.googlevideo.com/mm/31/itag/0/key/yt6/expire/1502325657/mt/1502304015/source/youtube/mv/m/as/fmp4_audio_clear%2Cfmp4_sd_hd_clear/sparams/as%2Cei%2Chfr%2Cid%2Cinitcwndbps%2Cip%2Cipbits%2Citag%2Cmm%2Cmn%2Cms%2Cmv%2Cpl%2Cplayback_host%2Crequiressl%2Csource%2Cexpire/ms/au/signature/811E9EAB45667E8B31AF9BAEEA7D4182CEB898EB.9DA881BECA226C0D169DD81E6ECFF237640A87C8/pl/16/id/c2e259b893d54549/mn/sn-4g5ednld/requiressl/yes/ei/OFeLWZq2NdL-Wpq_pvAE", "width": null, "height": null, "tbr": 49.209, "asr": 22050, "fps": null, "language": null, "filesize": 1062961, "vcodec": "none", "format": "139 - audio only (DASH audio)", "protocol": "https", "http_headers": {"User-Agent": "Mozilla/5.0 (X11; Linux x86_64; rv:10.0) Gecko/20150101 Firefox/47.0 (Chrome)", "Accept-Charset": "ISO-8859-1,utf-8;q=0.7,*;q=0.7", "Accept": "text/html,application/xhtml+xml,application/xml;q=0.9,*/*;q=0.8", "Accept-Encoding": "gzip, deflate", "Accept-Language": "en-us,en;q=0.5"}}, {"format_id": "171", "url": "https://r4---sn-4g5e6nle.googlevideo.com/videoplayback?expire=1502325656&id=o-ALrySAJXVsbLSpOYtkAPEbtyXgz7j71LqsU8yN5YHiDS&ei=OFeLWercDs-UW6LfutAN&lmt=1400984049581786&ip=131.159.40.117&initcwndbps=3502500&source=youtube&sparams=clen%2Cdur%2Cei%2Cgir%2Cid%2Cinitcwndbps%2Cip%2Cipbits%2Citag%2Ckeepalive%2Clmt%2Cmime%2Cmm%2Cmn%2Cms%2Cmv%2Cpl%2Crequiressl%2Csource%2Cexpire&pl=16&keepalive=yes&ipbits=0&clen=2092498&mime=audio%2Fwebm&requiressl=yes&mv=m&mt=1502303925&mm=31&ms=au&dur=175.983&gir=yes&mn=sn-4g5e6nle&signature=D25164A935AACBDD70E86D655918D0B84C80F88E.B37EAF147450C846B3620E151D3594F9B6319FF0&key=yt6&itag=171&ratebypass=yes", "player_url": null, "ext": "webm", "acodec": "vorbis", "format_note": "DASH audio", "abr": 128, "filesize": 2092498, "tbr": 98.366, "fps": 1, "vcodec": "none", "format": "171 - audio only (DASH audio)", "protocol": "https", "http_headers": {"User-Agent": "Mozilla/5.0 (X11; Linux x86_64; rv:10.0) Gecko/20150101 Firefox/47.0 (Chrome)", "Accept-Charset": "ISO-8859-1,utf-8;q=0.7,*;q=0.7", "Accept": "text/html,application/xhtml+xml,application/xml;q=0.9,*/*;q=0.8", "Accept-Encoding": "gzip, deflate", "Accept-Language": "en-us,en;q=0.5"}}, {"ext": "m4a", "format_note": "DASH audio", "acodec": "mp4a.40.2", "abr": 128, "container": "m4a_dash", "format_id": "140", "url": "https://r4---sn-4g5ednld.googlevideo.com/videoplayback?id=c2e259b893d54549&itag=140&source=youtube&requiressl=yes&initcwndbps=3293750&mm=31&mv=m&ms=au&pl=16&mn=sn-4g5ednld&ei=OFeLWZq2NdL-Wpq_pvAE&ratebypass=yes&mime=audio/mp4&gir=yes&clen=2826916&lmt=1402115603788339&dur=176.030&key=dg_yt0&mt=1502304015&signature=4EFED2A7A03FA645BBF51BB5E2B31747384D483F.6BE0B07D21B0235E383D9518DBD2D38234703297&ip=131.159.40.117&ipbits=0&expire=1502325657&sparams=ip,ipbits,expire,id,itag,source,requiressl,initcwndbps,mm,mv,ms,pl,mn,ei,ratebypass,mime,gir,clen,lmt,dur", "manifest_url": "https://manifest.googlevideo.com/api/manifest/dash/ipbits/0/hfr/1/ip/131.159.40.117/initcwndbps/3293750/playback_host/r4---sn-4g5ednld.googlevideo.com/mm/31/itag/0/key/yt6/expire/1502325657/mt/1502304015/source/youtube/mv/m/as/fmp4_audio_clear%2Cfmp4_sd_hd_clear/sparams/as%2Cei%2Chfr%2Cid%2Cinitcwndbps%2Cip%2Cipbits%2Citag%2Cmm%2Cmn%2Cms%2Cmv%2Cpl%2Cplayback_host%2Crequiressl%2Csource%2Cexpire/ms/au/signature/811E9EAB45667E8B31AF9BAEEA7D4182CEB898EB.9DA881BECA226C0D169DD81E6ECFF237640A87C8/pl/16/id/c2e259b893d54549/mn/sn-4g5ednld/requiressl/yes/ei/OFeLWZq2NdL-Wpq_pvAE", "width": null, "height": null, "tbr": 129.258, "asr": 44100, "fps": null, "language": null, "filesize": 2826916, "vcodec": "none", "format": "140 - audio only (DASH audio)", "protocol": "https", "http_headers": {"User-Agent": "Mozilla/5.0 (X11; Linux x86_64; rv:10.0) Gecko/20150101 Firefox/47.0 (Chrome)", "Accept-Charset": "ISO-8859-1,utf-8;q=0.7,*;q=0.7", "Accept": "text/html,application/xhtml+xml,application/xml;q=0.9,*/*;q=0.8", "Accept-Encoding": "gzip, deflate", "Accept-Language": "en-us,en;q=0.5"}}, {"ext": "mp4", "height": 144, "format_note": "DASH video", "vcodec": "avc1.4d400c", "format_id": "160", "url": "https://r4---sn-4g5ednld.googlevideo.com/videoplayback?id=c2e259b893d54549&itag=160&source=youtube&requiressl=yes&initcwndbps=3293750&mm=31&mv=m&ms=au&pl=16&mn=sn-4g5ednld&ei=OFeLWZq2NdL-Wpq_pvAE&ratebypass=yes&mime=video/mp4&gir=yes&clen=2344855&lmt=1402115606719640&dur=175.943&key=dg_yt0&mt=1502304015&signature=29D03E8EC6D55FF7976F5FA1FA04639BA83AC82D.104AEFEE7EEB8915F5902AF70E1E738242ABB341&ip=131.159.40.117&ipbits=0&expire=1502325657&sparams=ip,ipbits,expire,id,itag,source,requiressl,initcwndbps,mm,mv,ms,pl,mn,ei,ratebypass,mime,gir,clen,lmt,dur", "manifest_url": "https://manifest.googlevideo.com/api/manifest/dash/ipbits/0/hfr/1/ip/131.159.40.117/initcwndbps/3293750/playback_host/r4---sn-4g5ednld.googlevideo.com/mm/31/itag/0/key/yt6/expire/1502325657/mt/1502304015/source/youtube/mv/m/as/fmp4_audio_clear%2Cfmp4_sd_hd_clear/sparams/as%2Cei%2Chfr%2Cid%2Cinitcwndbps%2Cip%2Cipbits%2Citag%2Cmm%2Cmn%2Cms%2Cmv%2Cpl%2Cplayback_host%2Crequiressl%2Csource%2Cexpire/ms/au/signature/811E9EAB45667E8B31AF9BAEEA7D4182CEB898EB.9DA881BECA226C0D169DD81E6ECFF237640A87C8/pl/16/id/c2e259b893d54549/mn/sn-4g5ednld/requiressl/yes/ei/OFeLWZq2NdL-Wpq_pvAE", "width": 256, "tbr": 110.54, "asr": null, "fps": 15, "language": null, "filesize": 2344855, "acodec": "none", "format": "160 - 256x144 (DASH video)", "protocol": "https", "http_headers": {"User-Agent": "Mozilla/5.0 (X11; Linux x86_64; rv:10.0) Gecko/20150101 Firefox/47.0 (Chrome)", "Accept-Charset": "ISO-8859-1,utf-8;q=0.7,*;q=0.7", "Accept": "text/html,application/xhtml+xml,application/xml;q=0.9,*/*;q=0.8", "Accept-Encoding": "gzip, deflate", "Accept-Language": "en-us,en;q=0.5"}}, {"ext": "mp4", "height": 240, "format_note": "DASH video", "vcodec": "avc1.4d4015", "format_id": "133", "url": "https://r4---sn-4g5ednld.googlevideo.com/videoplayback?id=c2e259b893d54549&itag=133&source=youtube&requiressl=yes&initcwndbps=3293750&mm=31&mv=m&ms=au&pl=16&mn=sn-4g5ednld&ei=OFeLWZq2NdL-Wpq_pvAE&ratebypass=yes&mime=video/mp4&gir=yes&clen=5385288&lmt=1402115605517685&dur=175.943&key=dg_yt0&mt=1502304015&signature=98C82DBBEC1924AC04A5530C72B7969BBD20EDE6.7CAD5DCAE4780CDEFFE0EDB794079E2287168CE1&ip=131.159.40.117&ipbits=0&expire=1502325657&sparams=ip,ipbits,expire,id,itag,source,requiressl,initcwndbps,mm,mv,ms,pl,mn,ei,ratebypass,mime,gir,clen,lmt,dur", "manifest_url": "https://manifest.googlevideo.com/api/manifest/dash/ipbits/0/hfr/1/ip/131.159.40.117/initcwndbps/3293750/playback_host/r4---sn-4g5ednld.googlevideo.com/mm/31/itag/0/key/yt6/expire/1502325657/mt/1502304015/source/youtube/mv/m/as/fmp4_audio_clear%2Cfmp4_sd_hd_clear/sparams/as%2Cei%2Chfr%2Cid%2Cinitcwndbps%2Cip%2Cipbits%2Citag%2Cmm%2Cmn%2Cms%2Cmv%2Cpl%2Cplayback_host%2Crequiressl%2Csource%2Cexpire/ms/au/signature/811E9EAB45667E8B31AF9BAEEA7D4182CEB898EB.9DA881BECA226C0D169DD81E6ECFF237640A87C8/pl/16/id/c2e259b893d54549/mn/sn-4g5ednld/requiressl/yes/ei/OFeLWZq2NdL-Wpq_pvAE", "width": 426, "tbr": 248.086, "asr": null, "fps": 30, "language": null, "filesize": 5385288, "acodec": "none", "format": "133 - 426x240 (DASH video)", "protocol": "https", "http_headers": {"User-Agent": "Mozilla/5.0 (X11; Linux x86_64; rv:10.0) Gecko/20150101 Firefox/47.0 (Chrome)", "Accept-Charset": "ISO-8859-1,utf-8;q=0.7,*;q=0.7", "Accept": "text/html,application/xhtml+xml,application/xml;q=0.9,*/*;q=0.8", "Accept-Encoding": "gzip, deflate", "Accept-Language": "en-us,en;q=0.5"}}, {"ext": "mp4", "height": 360, "format_note": "DASH video", "vcodec": "avc1.4d401e", "format_id": "134", "url": "https://r4---sn-4g5ednld.googlevideo.com/videoplayback?id=c2e259b893d54549&itag=134&source=youtube&requiressl=yes&initcwndbps=3293750&mm=31&mv=m&ms=au&pl=16&mn=sn-4g5ednld&ei=OFeLWZq2NdL-Wpq_pvAE&ratebypass=yes&mime=video/mp4&gir=yes&clen=7183398&lmt=1402115613654808&dur=175.943&key=dg_yt0&mt=1502304015&signature=0A385975938CBCEDFF68D56D8BA21C7BCE65F75F.3CBCB9BE5092B0D4DDD8C526D2BC3AE88E44F7C9&ip=131.159.40.117&ipbits=0&expire=1502325657&sparams=ip,ipbits,expire,id,itag,source,requiressl,initcwndbps,mm,mv,ms,pl,mn,ei,ratebypass,mime,gir,clen,lmt,dur", "manifest_url": "https://manifest.googlevideo.com/api/manifest/dash/ipbits/0/hfr/1/ip/131.159.40.117/initcwndbps/3293750/playback_host/r4---sn-4g5ednld.googlevideo.com/mm/31/itag/0/key/yt6/expire/1502325657/mt/1502304015/source/youtube/mv/m/as/fmp4_audio_clear%2Cfmp4_sd_hd_clear/sparams/as%2Cei%2Chfr%2Cid%2Cinitcwndbps%2Cip%2Cipbits%2Citag%2Cmm%2Cmn%2Cms%2Cmv%2Cpl%2Cplayback_host%2Crequiressl%2Csource%2Cexpire/ms/au/signature/811E9EAB45667E8B31AF9BAEEA7D4182CEB898EB.9DA881BECA226C0D169DD81E6ECFF237640A87C8/pl/16/id/c2e259b893d54549/mn/sn-4g5ednld/requiressl/yes/ei/OFeLWZq2NdL-Wpq_pvAE", "width": 640, "tbr": 607.04, "asr": null, "fps": 30, "language": null, "filesize": 7183398, "acodec": "none", "format": "134 - 640x360 (DASH video)", "protocol": "https", "http_headers": {"User-Agent": "Mozilla/5.0 (X11; Linux x86_64; rv:10.0) Gecko/20150101 Firefox/47.0 (Chrome)", "Accept-Charset": "ISO-8859-1,utf-8;q=0.7,*;q=0.7", "Accept": "text/html,application/xhtml+xml,application/xml;q=0.9,*/*;q=0.8", "Accept-Encoding": "gzip, deflate", "Accept-Language": "en-us,en;q=0.5"}}, {"ext": "mp4", "height": 480, "format_note": "DASH video", "vcodec": "avc1.4d401f", "format_id": "135", "url": "https://r4---sn-4g5ednld.googlevideo.com/videoplayback?id=c2e259b893d54549&itag=135&source=youtube&requiressl=yes&initcwndbps=3293750&mm=31&mv=m&ms=au&pl=16&mn=sn-4g5ednld&ei=OFeLWZq2NdL-Wpq_pvAE&ratebypass=yes&mime=video/mp4&gir=yes&clen=14304107&lmt=1402115620088120&dur=175.943&key=dg_yt0&mt=1502304015&signature=14264F82C05D0D0587B9C0ACE1BFDD3CA38B684E.43B8500063C961B2BDB2AA546EE41611C69ED941&ip=131.159.40.117&ipbits=0&expire=1502325657&sparams=ip,ipbits,expire,id,itag,source,requiressl,initcwndbps,mm,mv,ms,pl,mn,ei,ratebypass,mime,gir,clen,lmt,dur", "manifest_url": "https://manifest.googlevideo.com/api/manifest/dash/ipbits/0/hfr/1/ip/131.159.40.117/initcwndbps/3293750/playback_host/r4---sn-4g5ednld.googlevideo.com/mm/31/itag/0/key/yt6/expire/1502325657/mt/1502304015/source/youtube/mv/m/as/fmp4_audio_clear%2Cfmp4_sd_hd_clear/sparams/as%2Cei%2Chfr%2Cid%2Cinitcwndbps%2Cip%2Cipbits%2Citag%2Cmm%2Cmn%2Cms%2Cmv%2Cpl%2Cplayback_host%2Crequiressl%2Csource%2Cexpire/ms/au/signature/811E9EAB45667E8B31AF9BAEEA7D4182CEB898EB.9DA881BECA226C0D169DD81E6ECFF237640A87C8/pl/16/id/c2e259b893d54549/mn/sn-4g5ednld/requiressl/yes/ei/OFeLWZq2NdL-Wpq_pvAE", "width": 854, "tbr": 1113.254, "asr": null, "fps": 30, "language": null, "filesize": 14304107, "acodec": "none", "format": "135 - 854x480 (DASH video)", "protocol": "https", "http_headers": {"User-Agent": "Mozilla/5.0 (X11; Linux x86_64; rv:10.0) Gecko/20150101 Firefox/47.0 (Chrome)", "Accept-Charset": "ISO-8859-1,utf-8;q=0.7,*;q=0.7", "Accept": "text/html,application/xhtml+xml,application/xml;q=0.9,*/*;q=0.8", "Accept-Encoding": "gzip, deflate", "Accept-Language": "en-us,en;q=0.5"}}, {"ext": "mp4", "height": 720, "format_note": "DASH video", "vcodec": "avc1.4d401f", "format_id": "136", "url": "https://r4---sn-4g5ednld.googlevideo.com/videoplayback?id=c2e259b893d54549&itag=136&source=youtube&requiressl=yes&initcwndbps=3293750&mm=31&mv=m&ms=au&pl=16&mn=sn-4g5ednld&ei=OFeLWZq2NdL-Wpq_pvAE&ratebypass=yes&mime=video/mp4&gir=yes&clen=29351491&lmt=1402115639471112&dur=175.943&key=dg_yt0&mt=1502304015&signature=1B15B26A8C2EED5E50BC882974600CB695956052.3FC075565D26F271630ECDD9D88FA9BB20CFC8A0&ip=131.159.40.117&ipbits=0&expire=1502325657&sparams=ip,ipbits,expire,id,itag,source,requiressl,initcwndbps,mm,mv,ms,pl,mn,ei,ratebypass,mime,gir,clen,lmt,dur", "manifest_url": "https://manifest.googlevideo.com/api/manifest/dash/ipbits/0/hfr/1/ip/131.159.40.117/initcwndbps/3293750/playback_host/r4---sn-4g5ednld.googlevideo.com/mm/31/itag/0/key/yt6/expire/1502325657/mt/1502304015/source/youtube/mv/m/as/fmp4_audio_clear%2Cfmp4_sd_hd_clear/sparams/as%2Cei%2Chfr%2Cid%2Cinitcwndbps%2Cip%2Cipbits%2Citag%2Cmm%2Cmn%2Cms%2Cmv%2Cpl%2Cplayback_host%2Crequiressl%2Csource%2Cexpire/ms/au/signature/811E9EAB45667E8B31AF9BAEEA7D4182CEB898EB.9DA881BECA226C0D169DD81E6ECFF237640A87C8/pl/16/id/c2e259b893d54549/mn/sn-4g5ednld/requiressl/yes/ei/OFeLWZq2NdL-Wpq_pvAE", "width": 1280, "tbr": 2204.376, "asr": null, "fps": 30, "language": null, "filesize": 29351491, "acodec": "none", "format": "136 - 1280x720 (DASH video)", "protocol": "https", "http_headers": {"User-Agent": "Mozilla/5.0 (X11; Linux x86_64; rv:10.0) Gecko/20150101 Firefox/47.0 (Chrome)", "Accept-Charset": "ISO-8859-1,utf-8;q=0.7,*;q=0.7", "Accept": "text/html,application/xhtml+xml,application/xml;q=0.9,*/*;q=0.8", "Accept-Encoding": "gzip, deflate", "Accept-Language": "en-us,en;q=0.5"}}, {"format_id": "17", "url": "https://r4---sn-4g5e6nle.googlevideo.com/videoplayback?expire=1502325656&id=o-ALrySAJXVsbLSpOYtkAPEbtyXgz7j71LqsU8yN5YHiDS&ei=OFeLWercDs-UW6LfutAN&lmt=1400806397595907&ip=131.159.40.117&initcwndbps=3502500&source=youtube&sparams=clen%2Cdur%2Cei%2Cgir%2Cid%2Cinitcwndbps%2Cip%2Cipbits%2Citag%2Clmt%2Cmime%2Cmm%2Cmn%2Cms%2Cmv%2Cpl%2Crequiressl%2Csource%2Cexpire&pl=16&ipbits=0&clen=1805194&mime=video%2F3gpp&requiressl=yes&mv=m&mt=1502303925&mm=31&ms=au&dur=176.193&gir=yes&mn=sn-4g5e6nle&signature=7ECB480589C3BE895F4BFD8B86B4CFBE93406DDF.D22439DDBEC267FE6A4B6EA811693ED4D6D73CAA&key=yt6&itag=17&ratebypass=yes", "player_url": null, "ext": "3gp", "width": 176, "height": 144, "acodec": "mp4a.40.2", "abr": 24, "vcodec": "mp4v.20.3", "resolution": "176x144", "format_note": "small", "format": "17 - 176x144 (small)", "protocol": "https", "http_headers": {"User-Agent": "Mozilla/5.0 (X11; Linux x86_64; rv:10.0) Gecko/20150101 Firefox/47.0 (Chrome)", "Accept-Charset": "ISO-8859-1,utf-8;q=0.7,*;q=0.7", "Accept": "text/html,application/xhtml+xml,application/xml;q=0.9,*/*;q=0.8", "Accept-Encoding": "gzip, deflate", "Accept-Language": "en-us,en;q=0.5"}}, {"format_id": "36", "url": "https://r4---sn-4g5e6nle.googlevideo.com/videoplayback?expire=1502325656&id=o-ALrySAJXVsbLSpOYtkAPEbtyXgz7j71LqsU8yN5YHiDS&ei=OFeLWercDs-UW6LfutAN&lmt=1400806399341817&ip=131.159.40.117&initcwndbps=3502500&source=youtube&sparams=clen%2Cdur%2Cei%2Cgir%2Cid%2Cinitcwndbps%2Cip%2Cipbits%2Citag%2Clmt%2Cmime%2Cmm%2Cmn%2Cms%2Cmv%2Cpl%2Crequiressl%2Csource%2Cexpire&pl=16&ipbits=0&clen=5004044&mime=video%2F3gpp&requiressl=yes&mv=m&mt=1502303925&mm=31&ms=au&dur=176.193&gir=yes&mn=sn-4g5e6nle&signature=B2A43A4ECECA4A773B473061B249AE325FFC0FB9.73C00E0F4332D306B55E04703A551C2A15B76820&key=yt6&itag=36&ratebypass=yes", "player_url": null, "ext": "3gp", "width": 320, "acodec": "mp4a.40.2", "vcodec": "mp4v.20.3", "resolution": "320x180", "height": 180, "format_note": "small", "format": "36 - 320x180 (small)", "protocol": "https", "http_headers": {"User-Agent": "Mozilla/5.0 (X11; Linux x86_64; rv:10.0) Gecko/20150101 Firefox/47.0 (Chrome)", "Accept-Charset": "ISO-8859-1,utf-8;q=0.7,*;q=0.7", "Accept": "text/html,application/xhtml+xml,application/xml;q=0.9,*/*;q=0.8", "Accept-Encoding": "gzip, deflate", "Accept-Language": "en-us,en;q=0.5"}}, {"format_id": "43", "url": "https://r4---sn-4g5e6nle.googlevideo.com/videoplayback?expire=1502325656&id=o-ALrySAJXVsbLSpOYtkAPEbtyXgz7j71LqsU8yN5YHiDS&ei=OFeLWercDs-UW6LfutAN&lmt=1400842510755790&ip=131.159.40.117&initcwndbps=3502500&source=youtube&sparams=clen%2Cdur%2Cei%2Cgir%2Cid%2Cinitcwndbps%2Cip%2Cipbits%2Citag%2Clmt%2Cmime%2Cmm%2Cmn%2Cms%2Cmv%2Cpl%2Cratebypass%2Crequiressl%2Csource%2Cexpire&pl=16&ipbits=0&clen=17512152&mime=video%2Fwebm&requiressl=yes&ratebypass=yes&mv=m&mt=1502303925&mm=31&ms=au&dur=0.000&gir=yes&mn=sn-4g5e6nle&signature=45F1537577129C937BB74731E0841FEB7378D202.0FDF252C6B275732124BD16B8106A5A647664871&key=yt6&itag=43", "player_url": null, "ext": "webm", "width": 640, "height": 360, "acodec": "vorbis", "abr": 128, "vcodec": "vp8.0", "resolution": "640x360", "format_note": "medium", "format": "43 - 640x360 (medium)", "protocol": "https", "http_headers": {"User-Agent": "Mozilla/5.0 (X11; Linux x86_64; rv:10.0) Gecko/20150101 Firefox/47.0 (Chrome)", "Accept-Charset": "ISO-8859-1,utf-8;q=0.7,*;q=0.7", "Accept": "text/html,application/xhtml+xml,application/xml;q=0.9,*/*;q=0.8", "Accept-Encoding": "gzip, deflate", "Accept-Language": "en-us,en;q=0.5"}}, {"format_id": "18", "url": "https://r4---sn-4g5e6nle.googlevideo.com/videoplayback?expire=1502325656&id=o-ALrySAJXVsbLSpOYtkAPEbtyXgz7j71LqsU8yN5YHiDS&ei=OFeLWercDs-UW6LfutAN&lmt=1402115625728993&ip=131.159.40.117&initcwndbps=3502500&source=youtube&sparams=clen%2Cdur%2Cei%2Cgir%2Cid%2Cinitcwndbps%2Cip%2Cipbits%2Citag%2Clmt%2Cmime%2Cmm%2Cmn%2Cms%2Cmv%2Cpl%2Cratebypass%2Crequiressl%2Csource%2Cexpire&pl=16&ipbits=0&clen=12332830&mime=video%2Fmp4&requiressl=yes&ratebypass=yes&mv=m&mt=1502303925&mm=31&ms=au&dur=176.030&gir=yes&mn=sn-4g5e6nle&signature=50FD45A2879BFE6DEDE35762A1F66F442B6F55ED.BF422231E7906AC5B186003F7C9FFAE433B6FE14&key=yt6&itag=18", "player_url": null, "ext": "mp4", "width": 640, "height": 360, "acodec": "mp4a.40.2", "abr": 96, "vcodec": "avc1.42001E", "resolution": "640x360", "format_note": "medium", "format": "18 - 640x360 (medium)", "protocol": "https", "http_headers": {"User-Agent": "Mozilla/5.0 (X11; Linux x86_64; rv:10.0) Gecko/20150101 Firefox/47.0 (Chrome)", "Accept-Charset": "ISO-8859-1,utf-8;q=0.7,*;q=0.7", "Accept": "text/html,application/xhtml+xml,application/xml;q=0.9,*/*;q=0.8", "Accept-Encoding": "gzip, deflate", "Accept-Language": "en-us,en;q=0.5"}}, {"format_id": "22", "url": "https://r4---sn-4g5e6nle.googlevideo.com/videoplayback?ipbits=0&expire=1502325656&mt=1502303925&id=o-ALrySAJXVsbLSpOYtkAPEbtyXgz7j71LqsU8yN5YHiDS&mime=video%2Fmp4&ei=OFeLWercDs-UW6LfutAN&requiressl=yes&lmt=1471518925782794&ip=131.159.40.117&ratebypass=yes&mv=m&initcwndbps=3502500&source=youtube&sparams=dur%2Cei%2Cid%2Cinitcwndbps%2Cip%2Cipbits%2Citag%2Clmt%2Cmime%2Cmm%2Cmn%2Cms%2Cmv%2Cpl%2Cratebypass%2Crequiressl%2Csource%2Cexpire&ms=au&mm=31&pl=16&dur=176.030&mn=sn-4g5e6nle&signature=A6215501737D437E70DC7BB5A21D349D926B4367.054BB806E8B52C89337EB3C9B4DAAC05908E99FC&key=yt6&itag=22", "player_url": null, "ext": "mp4", "width": 1280, "height": 720, "acodec": "mp4a.40.2", "abr": 192, "vcodec": "avc1.64001F", "resolution": "1280x720", "format_note": "hd720", "format": "22 - 1280x720 (hd720)", "protocol": "https", "http_headers": {"User-Agent": "Mozilla/5.0 (X11; Linux x86_64; rv:10.0) Gecko/20150101 Firefox/47.0 (Chrome)", "Accept-Charset": "ISO-8859-1,utf-8;q=0.7,*;q=0.7", "Accept": "text/html,application/xhtml+xml,application/xml;q=0.9,*/*;q=0.8", "Accept-Encoding": "gzip, deflate", "Accept-Language": "en-us,en;q=0.5"}}], "is_live": null, "start_time": null, "end_time": null, "series": null, "season_number": null, "episode_number": null, "extractor": "youtube", "webpage_url_basename": "wuJZuJPVRUk", "extractor_key": "Youtube", "playlist": null, "playlist_index": null, "thumbnails": [{"url": "https://i.ytimg.com/vi/wuJZuJPVRUk/default.jpg", "id": "0"}], "display_id": "wuJZuJPVRUk", "ext": "mp4", "height": 720, "format_note": "DASH video", "vcodec": "avc1.4d401f", "format_id": "136", "url": "https://r4---sn-4g5ednld.googlevideo.com/videoplayback?id=c2e259b893d54549&itag=136&source=youtube&requiressl=yes&initcwndbps=3293750&mm=31&mv=m&ms=au&pl=16&mn=sn-4g5ednld&ei=OFeLWZq2NdL-Wpq_pvAE&ratebypass=yes&mime=video/mp4&gir=yes&clen=29351491&lmt=1402115639471112&dur=175.943&key=dg_yt0&mt=1502304015&signature=1B15B26A8C2EED5E50BC882974600CB695956052.3FC075565D26F271630ECDD9D88FA9BB20CFC8A0&ip=131.159.40.117&ipbits=0&expire=1502325657&sparams=ip,ipbits,expire,id,itag,source,requiressl,initcwndbps,mm,mv,ms,pl,mn,ei,ratebypass,mime,gir,clen,lmt,dur", "manifest_url": "https://manifest.googlevideo.com/api/manifest/dash/ipbits/0/hfr/1/ip/131.159.40.117/initcwndbps/3293750/playback_host/r4---sn-4g5ednld.googlevideo.com/mm/31/itag/0/key/yt6/expire/1502325657/mt/1502304015/source/youtube/mv/m/as/fmp4_audio_clear%2Cfmp4_sd_hd_clear/sparams/as%2Cei%2Chfr%2Cid%2Cinitcwndbps%2Cip%2Cipbits%2Citag%2Cmm%2Cmn%2Cms%2Cmv%2Cpl%2Cplayback_host%2Crequiressl%2Csource%2Cexpire/ms/au/signature/811E9EAB45667E8B31AF9BAEEA7D4182CEB898EB.9DA881BECA226C0D169DD81E6ECFF237640A87C8/pl/16/id/c2e259b893d54549/mn/sn-4g5ednld/requiressl/yes/ei/OFeLWZq2NdL-Wpq_pvAE", "width": 1280, "tbr": 2204.376, "asr": null, "fps": 30, "language": null, "filesize": 29351491, "acodec": "none", "format": "136 - 1280x720 (DASH video)", "protocol": "https", "http_headers": {"User-Agent": "Mozilla/5.0 (X11; Linux x86_64; rv:10.0) Gecko/20150101 Firefox/47.0 (Chrome)", "Accept-Charset": "ISO-8859-1,utf-8;q=0.7,*;q=0.7", "Accept": "text/html,application/xhtml+xml,application/xml;q=0.9,*/*;q=0.8", "Accept-Encoding": "gzip, deflate", "Accept-Language": "en-us,en;q=0.5"}, "fulltitle": "Violence flares in eastern Ukraine, 16 government soldiers killed", "_filename": "wuJZuJPVRUk.mp4"}