{"id": "2a6oWjQ2IxI", "uploader": "Julia Menshova", "uploader_id": "Miss1Kitten", "uploader_url": "http://www.youtube.com/user/Miss1Kitten", "upload_date": "20101101", "license": "Standard YouTube License", "creator": null, "title": "\u041c\u043e\u0439 \u0443\u0445\u043e\u0434 \u0437\u0430 \u043b\u0438\u0446\u043e\u043c \u0447\u0430\u0441\u0442\u044c 1  \u043f\u0440\u043e\u0434\u043e\u043b\u0436\u0435\u043d\u0438\u0435 (My face care a part 1 )", "alt_title": null, "thumbnail": "https://i.ytimg.com/vi/2a6oWjQ2IxI/hqdefault.jpg", "description": "\u043f\u0440\u043e\u0434\u043e\u043b\u0436\u0435\u043d\u0438\u0435 , \u043d\u0430\u0447\u0430\u043b\u043e \u0441\u043c\u043e\u0442\u0440\u0438\u0442\u0435 \u0437\u0434\u0435\u0441\u044c\nhttp://www.youtube.com/watch?v=pIxvrt1hS-s", "categories": ["Howto & Style"], "tags": ["\u0443\u0445\u043e\u0434", "\u0437\u0430", "\u043b\u0438\u0446\u043e\u043c", "\u043a\u0440\u0435\u043c", "\u0434\u043b\u044f", "\u0433\u043b\u0430\u0437", "dior", "sisley", "guerlain"], "subtitles": {}, "automatic_captions": {}, "duration": 247, "age_limit": 0, "annotations": null, "chapters": null, "webpage_url": "https://www.youtube.com/watch?v=2a6oWjQ2IxI", "view_count": 3169, "like_count": 21, "dislike_count": 0, "average_rating": 5.0, "formats": [{"ext": "m4a", "format_note": "DASH audio", "acodec": "mp4a.40.5", "abr": 48, "container": "m4a_dash", "format_id": "139", "url": "https://r4---sn-xjpm-q0nl.googlevideo.com/videoplayback?id=d9aea85a34362312&itag=139&source=youtube&requiressl=yes&pl=16&mm=31&mn=sn-xjpm-q0nl&ei=oIOKWfyhLM60WeS5mZAB&ms=au&mv=u&ratebypass=yes&mime=audio/mp4&gir=yes&clen=1472385&lmt=1381190716090302&dur=247.478&mt=1502249706&signature=548811890FE1B1E43BBCE013F19A5C9D1971853A.15E18BAF287F1BA2BABFA59D1B69A66D8A88608E&key=dg_yt0&ip=131.159.40.117&ipbits=0&expire=1502271488&sparams=ip,ipbits,expire,id,itag,source,requiressl,pl,mm,mn,ei,ms,mv,ratebypass,mime,gir,clen,lmt,dur", "manifest_url": "https://manifest.googlevideo.com/api/manifest/dash/hfr/1/ipbits/0/itag/0/pl/16/ip/131.159.40.117/mm/31/mn/sn-xjpm-q0nl/mt/1502249706/expire/1502271488/playback_host/r4---sn-xjpm-q0nl.googlevideo.com/as/fmp4_audio_clear%2Cfmp4_sd_hd_clear/id/d9aea85a34362312/sparams/as%2Cei%2Chfr%2Cid%2Cip%2Cipbits%2Citag%2Cmm%2Cmn%2Cms%2Cmv%2Cpl%2Cplayback_host%2Crequiressl%2Csource%2Cexpire/signature/5716D40C17B7E5A489270B0D9B079D916F9AB15E.6FD8FF03AD92CC1BBEADD123EC7CEAC0783233C8/requiressl/yes/ei/oIOKWfyhLM60WeS5mZAB/ms/au/source/youtube/mv/u/key/yt6", "width": null, "height": null, "tbr": 48.553, "asr": 22050, "fps": null, "language": null, "filesize": 1472385, "vcodec": "none", "format": "139 - audio only (DASH audio)", "protocol": "https", "http_headers": {"User-Agent": "Mozilla/5.0 (X11; Linux x86_64; rv:10.0) Gecko/20150101 Firefox/47.0 (Chrome)", "Accept-Charset": "ISO-8859-1,utf-8;q=0.7,*;q=0.7", "Accept": "text/html,application/xhtml+xml,application/xml;q=0.9,*/*;q=0.8", "Accept-Encoding": "gzip, deflate", "Accept-Language": "en-us,en;q=0.5"}}, {"format_id": "249", "url": "https://r4---sn-xjpm-q0nl.googlevideo.com/videoplayback?mime=audio%2Fwebm&key=yt6&gir=yes&itag=249&pl=16&ip=131.159.40.117&mm=31&mn=sn-xjpm-q0nl&ms=au&mt=1502249706&mv=u&id=o-AOUvZYkx4R6Xs_xvAutfpls4B7IqJPCLjiAM0GyvL28w&signature=49B9B31F916541BE891717A4ED4D6BF789AC010F.C4B6A6910AF70283D68FB4691E0896384929906C&ipbits=0&sparams=clen%2Cdur%2Cei%2Cgir%2Cid%2Cip%2Cipbits%2Citag%2Ckeepalive%2Clmt%2Cmime%2Cmm%2Cmn%2Cms%2Cmv%2Cpl%2Crequiressl%2Csource%2Cexpire&lmt=1439964445274605&keepalive=yes&ei=oIOKWYXWDpKrWpH7sIgN&source=youtube&requiressl=yes&dur=247.341&clen=1529632&expire=1502271488&ratebypass=yes", "player_url": null, "ext": "webm", "format_note": "DASH audio", "acodec": "opus", "abr": 50, "filesize": 1529632, "tbr": 50.627, "vcodec": "none", "format": "249 - audio only (DASH audio)", "protocol": "https", "http_headers": {"User-Agent": "Mozilla/5.0 (X11; Linux x86_64; rv:10.0) Gecko/20150101 Firefox/47.0 (Chrome)", "Accept-Charset": "ISO-8859-1,utf-8;q=0.7,*;q=0.7", "Accept": "text/html,application/xhtml+xml,application/xml;q=0.9,*/*;q=0.8", "Accept-Encoding": "gzip, deflate", "Accept-Language": "en-us,en;q=0.5"}}, {"format_id": "250", "url": "https://r4---sn-xjpm-q0nl.googlevideo.com/videoplayback?mime=audio%2Fwebm&key=yt6&gir=yes&itag=250&pl=16&ip=131.159.40.117&mm=31&mn=sn-xjpm-q0nl&ms=au&mt=1502249706&mv=u&id=o-AOUvZYkx4R6Xs_xvAutfpls4B7IqJPCLjiAM0GyvL28w&signature=044179057A611A517DB0D7A9F8C05C7E7B82DFD7.1498C346430F26270F33B94DF22FAB5622490386&ipbits=0&sparams=clen%2Cdur%2Cei%2Cgir%2Cid%2Cip%2Cipbits%2Citag%2Ckeepalive%2Clmt%2Cmime%2Cmm%2Cmn%2Cms%2Cmv%2Cpl%2Crequiressl%2Csource%2Cexpire&lmt=1439964445448397&keepalive=yes&ei=oIOKWYXWDpKrWpH7sIgN&source=youtube&requiressl=yes&dur=247.341&clen=1964264&expire=1502271488&ratebypass=yes", "player_url": null, "ext": "webm", "format_note": "DASH audio", "acodec": "opus", "abr": 70, "filesize": 1964264, "tbr": 65.8, "vcodec": "none", "format": "250 - audio only (DASH audio)", "protocol": "https", "http_headers": {"User-Agent": "Mozilla/5.0 (X11; Linux x86_64; rv:10.0) Gecko/20150101 Firefox/47.0 (Chrome)", "Accept-Charset": "ISO-8859-1,utf-8;q=0.7,*;q=0.7", "Accept": "text/html,application/xhtml+xml,application/xml;q=0.9,*/*;q=0.8", "Accept-Encoding": "gzip, deflate", "Accept-Language": "en-us,en;q=0.5"}}, {"format_id": "171", "url": "https://r4---sn-xjpm-q0nl.googlevideo.com/videoplayback?mime=audio%2Fwebm&key=yt6&gir=yes&itag=171&pl=16&ip=131.159.40.117&mm=31&mn=sn-xjpm-q0nl&ms=au&mt=1502249706&mv=u&id=o-AOUvZYkx4R6Xs_xvAutfpls4B7IqJPCLjiAM0GyvL28w&signature=45699EF45651EAD00AA55F17EE118D2D73D7C43A.C22CDC324B925C725D2605166C40D48E95CDE928&ipbits=0&sparams=clen%2Cdur%2Cei%2Cgir%2Cid%2Cip%2Cipbits%2Citag%2Ckeepalive%2Clmt%2Cmime%2Cmm%2Cmn%2Cms%2Cmv%2Cpl%2Crequiressl%2Csource%2Cexpire&lmt=1439964443302281&keepalive=yes&ei=oIOKWYXWDpKrWpH7sIgN&source=youtube&requiressl=yes&dur=247.329&clen=3486967&expire=1502271488&ratebypass=yes", "player_url": null, "ext": "webm", "acodec": "vorbis", "format_note": "DASH audio", "abr": 128, "filesize": 3486967, "tbr": 117.489, "vcodec": "none", "format": "171 - audio only (DASH audio)", "protocol": "https", "http_headers": {"User-Agent": "Mozilla/5.0 (X11; Linux x86_64; rv:10.0) Gecko/20150101 Firefox/47.0 (Chrome)", "Accept-Charset": "ISO-8859-1,utf-8;q=0.7,*;q=0.7", "Accept": "text/html,application/xhtml+xml,application/xml;q=0.9,*/*;q=0.8", "Accept-Encoding": "gzip, deflate", "Accept-Language": "en-us,en;q=0.5"}}, {"ext": "m4a", "format_note": "DASH audio", "acodec": "mp4a.40.2", "abr": 128, "container": "m4a_dash", "format_id": "140", "url": "https://r4---sn-xjpm-q0nl.googlevideo.com/videoplayback?id=d9aea85a34362312&itag=140&source=youtube&requiressl=yes&pl=16&mm=31&mn=sn-xjpm-q0nl&ei=oIOKWfyhLM60WeS5mZAB&ms=au&mv=u&ratebypass=yes&mime=audio/mp4&gir=yes&clen=3929957&lmt=1381190717109102&dur=247.385&mt=1502249706&signature=66CF37FCF85EB8F1163DD55C804FDCBF7674C6EF.059927E9A3C6180230FE6904B9040C096C94B890&key=dg_yt0&ip=131.159.40.117&ipbits=0&expire=1502271488&sparams=ip,ipbits,expire,id,itag,source,requiressl,pl,mm,mn,ei,ms,mv,ratebypass,mime,gir,clen,lmt,dur", "manifest_url": "https://manifest.googlevideo.com/api/manifest/dash/hfr/1/ipbits/0/itag/0/pl/16/ip/131.159.40.117/mm/31/mn/sn-xjpm-q0nl/mt/1502249706/expire/1502271488/playback_host/r4---sn-xjpm-q0nl.googlevideo.com/as/fmp4_audio_clear%2Cfmp4_sd_hd_clear/id/d9aea85a34362312/sparams/as%2Cei%2Chfr%2Cid%2Cip%2Cipbits%2Citag%2Cmm%2Cmn%2Cms%2Cmv%2Cpl%2Cplayback_host%2Crequiressl%2Csource%2Cexpire/signature/5716D40C17B7E5A489270B0D9B079D916F9AB15E.6FD8FF03AD92CC1BBEADD123EC7CEAC0783233C8/requiressl/yes/ei/oIOKWfyhLM60WeS5mZAB/ms/au/source/youtube/mv/u/key/yt6", "width": null, "height": null, "tbr": 128.047, "asr": 44100, "fps": null, "language": null, "filesize": 3929957, "vcodec": "none", "format": "140 - audio only (DASH audio)", "protocol": "https", "http_headers": {"User-Agent": "Mozilla/5.0 (X11; Linux x86_64; rv:10.0) Gecko/20150101 Firefox/47.0 (Chrome)", "Accept-Charset": "ISO-8859-1,utf-8;q=0.7,*;q=0.7", "Accept": "text/html,application/xhtml+xml,application/xml;q=0.9,*/*;q=0.8", "Accept-Encoding": "gzip, deflate", "Accept-Language": "en-us,en;q=0.5"}}, {"format_id": "251", "url": "https://r4---sn-xjpm-q0nl.googlevideo.com/videoplayback?mime=audio%2Fwebm&key=yt6&gir=yes&itag=251&pl=16&ip=131.159.40.117&mm=31&mn=sn-xjpm-q0nl&ms=au&mt=1502249706&mv=u&id=o-AOUvZYkx4R6Xs_xvAutfpls4B7IqJPCLjiAM0GyvL28w&signature=4E82B1476D52C7363ADDB193FAA0BC26E1E947AC.D01CB39714FCE9B31B4385EAB606CF8EE7380A8C&ipbits=0&sparams=clen%2Cdur%2Cei%2Cgir%2Cid%2Cip%2Cipbits%2Citag%2Ckeepalive%2Clmt%2Cmime%2Cmm%2Cmn%2Cms%2Cmv%2Cpl%2Crequiressl%2Csource%2Cexpire&lmt=1439964467276930&keepalive=yes&ei=oIOKWYXWDpKrWpH7sIgN&source=youtube&requiressl=yes&dur=247.341&clen=3899777&expire=1502271488&ratebypass=yes", "player_url": null, "ext": "webm", "format_note": "DASH audio", "acodec": "opus", "abr": 160, "filesize": 3899777, "tbr": 129.27, "vcodec": "none", "format": "251 - audio only (DASH audio)", "protocol": "https", "http_headers": {"User-Agent": "Mozilla/5.0 (X11; Linux x86_64; rv:10.0) Gecko/20150101 Firefox/47.0 (Chrome)", "Accept-Charset": "ISO-8859-1,utf-8;q=0.7,*;q=0.7", "Accept": "text/html,application/xhtml+xml,application/xml;q=0.9,*/*;q=0.8", "Accept-Encoding": "gzip, deflate", "Accept-Language": "en-us,en;q=0.5"}}, {"format_id": "278", "url": "https://r4---sn-xjpm-q0nl.googlevideo.com/videoplayback?mime=video%2Fwebm&key=yt6&gir=yes&itag=278&pl=16&ip=131.159.40.117&mm=31&mn=sn-xjpm-q0nl&ms=au&mt=1502249706&mv=u&id=o-AOUvZYkx4R6Xs_xvAutfpls4B7IqJPCLjiAM0GyvL28w&signature=238085DEC4CB7E1C184087A615D8705828A842F0.C2D7C6334C18DB5BDE6903E2A7EE9DB7F2839904&ipbits=0&sparams=clen%2Cdur%2Cei%2Cgir%2Cid%2Cip%2Cipbits%2Citag%2Ckeepalive%2Clmt%2Cmime%2Cmm%2Cmn%2Cms%2Cmv%2Cpl%2Crequiressl%2Csource%2Cexpire&lmt=1439964610486961&keepalive=yes&ei=oIOKWYXWDpKrWpH7sIgN&source=youtube&requiressl=yes&dur=247.266&clen=2068581&expire=1502271488&ratebypass=yes", "player_url": null, "ext": "webm", "height": 144, "format_note": "144p", "container": "webm", "vcodec": "vp9", "filesize": 2068581, "tbr": 75.777, "width": 192, "fps": 15, "acodec": "none", "format": "278 - 192x144 (144p)", "protocol": "https", "http_headers": {"User-Agent": "Mozilla/5.0 (X11; Linux x86_64; rv:10.0) Gecko/20150101 Firefox/47.0 (Chrome)", "Accept-Charset": "ISO-8859-1,utf-8;q=0.7,*;q=0.7", "Accept": "text/html,application/xhtml+xml,application/xml;q=0.9,*/*;q=0.8", "Accept-Encoding": "gzip, deflate", "Accept-Language": "en-us,en;q=0.5"}}, {"ext": "mp4", "height": 144, "format_note": "DASH video", "vcodec": "avc1.42c00c", "format_id": "160", "url": "https://r4---sn-xjpm-q0nl.googlevideo.com/videoplayback?id=d9aea85a34362312&itag=160&source=youtube&requiressl=yes&pl=16&mm=31&mn=sn-xjpm-q0nl&ei=oIOKWfyhLM60WeS5mZAB&ms=au&mv=u&ratebypass=yes&mime=video/mp4&gir=yes&clen=3276806&lmt=1381190848946900&dur=247.300&mt=1502249706&signature=0F5E294083FA46EF5DC1460215B2F928BFCBEFDC.54C17DA2D9CFA58AF809D7B3B3151F971E13C519&key=dg_yt0&ip=131.159.40.117&ipbits=0&expire=1502271488&sparams=ip,ipbits,expire,id,itag,source,requiressl,pl,mm,mn,ei,ms,mv,ratebypass,mime,gir,clen,lmt,dur", "manifest_url": "https://manifest.googlevideo.com/api/manifest/dash/hfr/1/ipbits/0/itag/0/pl/16/ip/131.159.40.117/mm/31/mn/sn-xjpm-q0nl/mt/1502249706/expire/1502271488/playback_host/r4---sn-xjpm-q0nl.googlevideo.com/as/fmp4_audio_clear%2Cfmp4_sd_hd_clear/id/d9aea85a34362312/sparams/as%2Cei%2Chfr%2Cid%2Cip%2Cipbits%2Citag%2Cmm%2Cmn%2Cms%2Cmv%2Cpl%2Cplayback_host%2Crequiressl%2Csource%2Cexpire/signature/5716D40C17B7E5A489270B0D9B079D916F9AB15E.6FD8FF03AD92CC1BBEADD123EC7CEAC0783233C8/requiressl/yes/ei/oIOKWfyhLM60WeS5mZAB/ms/au/source/youtube/mv/u/key/yt6", "width": 192, "tbr": 117.697, "asr": null, "fps": 15, "language": null, "filesize": 3276806, "acodec": "none", "format": "160 - 192x144 (DASH video)", "protocol": "https", "http_headers": {"User-Agent": "Mozilla/5.0 (X11; Linux x86_64; rv:10.0) Gecko/20150101 Firefox/47.0 (Chrome)", "Accept-Charset": "ISO-8859-1,utf-8;q=0.7,*;q=0.7", "Accept": "text/html,application/xhtml+xml,application/xml;q=0.9,*/*;q=0.8", "Accept-Encoding": "gzip, deflate", "Accept-Language": "en-us,en;q=0.5"}}, {"format_id": "242", "url": "https://r4---sn-xjpm-q0nl.googlevideo.com/videoplayback?mime=video%2Fwebm&key=yt6&gir=yes&itag=242&pl=16&ip=131.159.40.117&mm=31&mn=sn-xjpm-q0nl&ms=au&mt=1502249706&mv=u&id=o-AOUvZYkx4R6Xs_xvAutfpls4B7IqJPCLjiAM0GyvL28w&signature=1B6ADE4061AB5FEF052B484625F4CDB6EE3A638D.D8C7D5D069A980C8C48A7C92D39FB37BB2B76AD4&ipbits=0&sparams=clen%2Cdur%2Cei%2Cgir%2Cid%2Cip%2Cipbits%2Citag%2Ckeepalive%2Clmt%2Cmime%2Cmm%2Cmn%2Cms%2Cmv%2Cpl%2Crequiressl%2Csource%2Cexpire&lmt=1439964610581531&keepalive=yes&ei=oIOKWYXWDpKrWpH7sIgN&source=youtube&requiressl=yes&dur=247.300&clen=2849449&expire=1502271488&ratebypass=yes", "player_url": null, "ext": "webm", "height": 240, "format_note": "240p", "vcodec": "vp9", "filesize": 2849449, "tbr": 131.335, "width": 320, "fps": 30, "acodec": "none", "format": "242 - 320x240 (240p)", "protocol": "https", "http_headers": {"User-Agent": "Mozilla/5.0 (X11; Linux x86_64; rv:10.0) Gecko/20150101 Firefox/47.0 (Chrome)", "Accept-Charset": "ISO-8859-1,utf-8;q=0.7,*;q=0.7", "Accept": "text/html,application/xhtml+xml,application/xml;q=0.9,*/*;q=0.8", "Accept-Encoding": "gzip, deflate", "Accept-Language": "en-us,en;q=0.5"}}, {"format_id": "243", "url": "https://r4---sn-xjpm-q0nl.googlevideo.com/videoplayback?mime=video%2Fwebm&key=yt6&gir=yes&itag=243&pl=16&ip=131.159.40.117&mm=31&mn=sn-xjpm-q0nl&ms=au&mt=1502249706&mv=u&id=o-AOUvZYkx4R6Xs_xvAutfpls4B7IqJPCLjiAM0GyvL28w&signature=C0CE23115AB71E37987B2037FD23FC505651D7B2.7FFAF79EAFB88636FB590CC3ECCE1158E4ECA1A8&ipbits=0&sparams=clen%2Cdur%2Cei%2Cgir%2Cid%2Cip%2Cipbits%2Citag%2Ckeepalive%2Clmt%2Cmime%2Cmm%2Cmn%2Cms%2Cmv%2Cpl%2Crequiressl%2Csource%2Cexpire&lmt=1439964610958584&keepalive=yes&ei=oIOKWYXWDpKrWpH7sIgN&source=youtube&requiressl=yes&dur=247.300&clen=4893700&expire=1502271488&ratebypass=yes", "player_url": null, "ext": "webm", "height": 360, "format_note": "360p", "vcodec": "vp9", "filesize": 4893700, "tbr": 210.249, "width": 480, "fps": 30, "acodec": "none", "format": "243 - 480x360 (360p)", "protocol": "https", "http_headers": {"User-Agent": "Mozilla/5.0 (X11; Linux x86_64; rv:10.0) Gecko/20150101 Firefox/47.0 (Chrome)", "Accept-Charset": "ISO-8859-1,utf-8;q=0.7,*;q=0.7", "Accept": "text/html,application/xhtml+xml,application/xml;q=0.9,*/*;q=0.8", "Accept-Encoding": "gzip, deflate", "Accept-Language": "en-us,en;q=0.5"}}, {"ext": "mp4", "height": 240, "format_note": "DASH video", "vcodec": "avc1.4d400d", "format_id": "133", "url": "https://r4---sn-xjpm-q0nl.googlevideo.com/videoplayback?id=d9aea85a34362312&itag=133&source=youtube&requiressl=yes&pl=16&mm=31&mn=sn-xjpm-q0nl&ei=oIOKWfyhLM60WeS5mZAB&ms=au&mv=u&ratebypass=yes&mime=video/mp4&gir=yes&clen=7556186&lmt=1381190846728545&dur=247.300&mt=1502249706&signature=23704EC52CCF74DBDBEAAABBF520A22B3E58DFC2.66C120A85803BCAA919015B0AAA27B5705C82D0D&key=dg_yt0&ip=131.159.40.117&ipbits=0&expire=1502271488&sparams=ip,ipbits,expire,id,itag,source,requiressl,pl,mm,mn,ei,ms,mv,ratebypass,mime,gir,clen,lmt,dur", "manifest_url": "https://manifest.googlevideo.com/api/manifest/dash/hfr/1/ipbits/0/itag/0/pl/16/ip/131.159.40.117/mm/31/mn/sn-xjpm-q0nl/mt/1502249706/expire/1502271488/playback_host/r4---sn-xjpm-q0nl.googlevideo.com/as/fmp4_audio_clear%2Cfmp4_sd_hd_clear/id/d9aea85a34362312/sparams/as%2Cei%2Chfr%2Cid%2Cip%2Cipbits%2Citag%2Cmm%2Cmn%2Cms%2Cmv%2Cpl%2Cplayback_host%2Crequiressl%2Csource%2Cexpire/signature/5716D40C17B7E5A489270B0D9B079D916F9AB15E.6FD8FF03AD92CC1BBEADD123EC7CEAC0783233C8/requiressl/yes/ei/oIOKWfyhLM60WeS5mZAB/ms/au/source/youtube/mv/u/key/yt6", "width": 320, "tbr": 247.078, "asr": null, "fps": 30, "language": null, "filesize": 7556186, "acodec": "none", "format": "133 - 320x240 (DASH video)", "protocol": "https", "http_headers": {"User-Agent": "Mozilla/5.0 (X11; Linux x86_64; rv:10.0) Gecko/20150101 Firefox/47.0 (Chrome)", "Accept-Charset": "ISO-8859-1,utf-8;q=0.7,*;q=0.7", "Accept": "text/html,application/xhtml+xml,application/xml;q=0.9,*/*;q=0.8", "Accept-Encoding": "gzip, deflate", "Accept-Language": "en-us,en;q=0.5"}}, {"ext": "mp4", "height": 360, "format_note": "DASH video", "vcodec": "avc1.4d401e", "format_id": "134", "url": "https://r4---sn-xjpm-q0nl.googlevideo.com/videoplayback?id=d9aea85a34362312&itag=134&source=youtube&requiressl=yes&pl=16&mm=31&mn=sn-xjpm-q0nl&ei=oIOKWfyhLM60WeS5mZAB&ms=au&mv=u&ratebypass=yes&mime=video/mp4&gir=yes&clen=9459456&lmt=1381190791098145&dur=247.300&mt=1502249706&signature=79EF5590225D397868621657E682FBFF713B820E.7A979A9D692D2F2E467C580C7DA4E0CF179DFA60&key=dg_yt0&ip=131.159.40.117&ipbits=0&expire=1502271488&sparams=ip,ipbits,expire,id,itag,source,requiressl,pl,mm,mn,ei,ms,mv,ratebypass,mime,gir,clen,lmt,dur", "manifest_url": "https://manifest.googlevideo.com/api/manifest/dash/hfr/1/ipbits/0/itag/0/pl/16/ip/131.159.40.117/mm/31/mn/sn-xjpm-q0nl/mt/1502249706/expire/1502271488/playback_host/r4---sn-xjpm-q0nl.googlevideo.com/as/fmp4_audio_clear%2Cfmp4_sd_hd_clear/id/d9aea85a34362312/sparams/as%2Cei%2Chfr%2Cid%2Cip%2Cipbits%2Citag%2Cmm%2Cmn%2Cms%2Cmv%2Cpl%2Cplayback_host%2Crequiressl%2Csource%2Cexpire/signature/5716D40C17B7E5A489270B0D9B079D916F9AB15E.6FD8FF03AD92CC1BBEADD123EC7CEAC0783233C8/requiressl/yes/ei/oIOKWfyhLM60WeS5mZAB/ms/au/source/youtube/mv/u/key/yt6", "width": 480, "tbr": 342.336, "asr": null, "fps": 30, "language": null, "filesize": 9459456, "acodec": "none", "format": "134 - 480x360 (DASH video)", "protocol": "https", "http_headers": {"User-Agent": "Mozilla/5.0 (X11; Linux x86_64; rv:10.0) Gecko/20150101 Firefox/47.0 (Chrome)", "Accept-Charset": "ISO-8859-1,utf-8;q=0.7,*;q=0.7", "Accept": "text/html,application/xhtml+xml,application/xml;q=0.9,*/*;q=0.8", "Accept-Encoding": "gzip, deflate", "Accept-Language": "en-us,en;q=0.5"}}, {"format_id": "244", "url": "https://r4---sn-xjpm-q0nl.googlevideo.com/videoplayback?mime=video%2Fwebm&key=yt6&gir=yes&itag=244&pl=16&ip=131.159.40.117&mm=31&mn=sn-xjpm-q0nl&ms=au&mt=1502249706&mv=u&id=o-AOUvZYkx4R6Xs_xvAutfpls4B7IqJPCLjiAM0GyvL28w&signature=6E9A75A27A26332549AFD344B01F223FCCC97777.DA9C6D4B4B0BA38DA01E095C2D7C3760BCAAB99C&ipbits=0&sparams=clen%2Cdur%2Cei%2Cgir%2Cid%2Cip%2Cipbits%2Citag%2Ckeepalive%2Clmt%2Cmime%2Cmm%2Cmn%2Cms%2Cmv%2Cpl%2Crequiressl%2Csource%2Cexpire&lmt=1439964611166355&keepalive=yes&ei=oIOKWYXWDpKrWpH7sIgN&source=youtube&requiressl=yes&dur=247.300&clen=8565883&expire=1502271488&ratebypass=yes", "player_url": null, "ext": "webm", "height": 480, "format_note": "480p", "vcodec": "vp9", "filesize": 8565883, "tbr": 345.661, "width": 640, "fps": 30, "acodec": "none", "format": "244 - 640x480 (480p)", "protocol": "https", "http_headers": {"User-Agent": "Mozilla/5.0 (X11; Linux x86_64; rv:10.0) Gecko/20150101 Firefox/47.0 (Chrome)", "Accept-Charset": "ISO-8859-1,utf-8;q=0.7,*;q=0.7", "Accept": "text/html,application/xhtml+xml,application/xml;q=0.9,*/*;q=0.8", "Accept-Encoding": "gzip, deflate", "Accept-Language": "en-us,en;q=0.5"}}, {"ext": "mp4", "height": 480, "format_note": "DASH video", "vcodec": "avc1.4d401e", "format_id": "135", "url": "https://r4---sn-xjpm-q0nl.googlevideo.com/videoplayback?id=d9aea85a34362312&itag=135&source=youtube&requiressl=yes&pl=16&mm=31&mn=sn-xjpm-q0nl&ei=oIOKWfyhLM60WeS5mZAB&ms=au&mv=u&ratebypass=yes&mime=video/mp4&gir=yes&clen=20173420&lmt=1381190848930439&dur=247.300&mt=1502249706&signature=3B6C7E5ACA82136712CE6284F81B813C8A0C7748.9B560B82C8EB0947DEFB404D94B7D339F489F048&key=dg_yt0&ip=131.159.40.117&ipbits=0&expire=1502271488&sparams=ip,ipbits,expire,id,itag,source,requiressl,pl,mm,mn,ei,ms,mv,ratebypass,mime,gir,clen,lmt,dur", "manifest_url": "https://manifest.googlevideo.com/api/manifest/dash/hfr/1/ipbits/0/itag/0/pl/16/ip/131.159.40.117/mm/31/mn/sn-xjpm-q0nl/mt/1502249706/expire/1502271488/playback_host/r4---sn-xjpm-q0nl.googlevideo.com/as/fmp4_audio_clear%2Cfmp4_sd_hd_clear/id/d9aea85a34362312/sparams/as%2Cei%2Chfr%2Cid%2Cip%2Cipbits%2Citag%2Cmm%2Cmn%2Cms%2Cmv%2Cpl%2Cplayback_host%2Crequiressl%2Csource%2Cexpire/signature/5716D40C17B7E5A489270B0D9B079D916F9AB15E.6FD8FF03AD92CC1BBEADD123EC7CEAC0783233C8/requiressl/yes/ei/oIOKWfyhLM60WeS5mZAB/ms/au/source/youtube/mv/u/key/yt6", "width": 640, "tbr": 690.171, "asr": null, "fps": 30, "language": null, "filesize": 20173420, "acodec": "none", "format": "135 - 640x480 (DASH video)", "protocol": "https", "http_headers": {"User-Agent": "Mozilla/5.0 (X11; Linux x86_64; rv:10.0) Gecko/20150101 Firefox/47.0 (Chrome)", "Accept-Charset": "ISO-8859-1,utf-8;q=0.7,*;q=0.7", "Accept": "text/html,application/xhtml+xml,application/xml;q=0.9,*/*;q=0.8", "Accept-Encoding": "gzip, deflate", "Accept-Language": "en-us,en;q=0.5"}}, {"format_id": "17", "url": "https://r4---sn-xjpm-q0nl.googlevideo.com/videoplayback?mime=video%2F3gpp&ipbits=0&key=yt6&sparams=clen%2Cdur%2Cei%2Cgir%2Cid%2Cip%2Cipbits%2Citag%2Clmt%2Cmime%2Cmm%2Cmn%2Cms%2Cmv%2Cpl%2Crequiressl%2Csource%2Cexpire&lmt=1288617007071126&ei=oIOKWYXWDpKrWpH7sIgN&source=youtube&requiressl=yes&gir=yes&dur=247.849&itag=17&pl=16&ip=131.159.40.117&mm=31&mn=sn-xjpm-q0nl&clen=2681193&ms=au&mt=1502249706&mv=u&id=o-AOUvZYkx4R6Xs_xvAutfpls4B7IqJPCLjiAM0GyvL28w&signature=9F6F18D0A499877A2FCAE2C54483FFE5A7E2C8E6.DF161B5E173240777477D124001D9F15E70C8F7B&expire=1502271488&ratebypass=yes", "player_url": null, "ext": "3gp", "width": 176, "height": 144, "acodec": "mp4a.40.2", "abr": 24, "vcodec": "mp4v.20.3", "resolution": "176x144", "format_note": "small", "format": "17 - 176x144 (small)", "protocol": "https", "http_headers": {"User-Agent": "Mozilla/5.0 (X11; Linux x86_64; rv:10.0) Gecko/20150101 Firefox/47.0 (Chrome)", "Accept-Charset": "ISO-8859-1,utf-8;q=0.7,*;q=0.7", "Accept": "text/html,application/xhtml+xml,application/xml;q=0.9,*/*;q=0.8", "Accept-Encoding": "gzip, deflate", "Accept-Language": "en-us,en;q=0.5"}}, {"format_id": "36", "url": "https://r4---sn-xjpm-q0nl.googlevideo.com/videoplayback?mime=video%2F3gpp&ipbits=0&key=yt6&sparams=clen%2Cdur%2Cei%2Cgir%2Cid%2Cip%2Cipbits%2Citag%2Clmt%2Cmime%2Cmm%2Cmn%2Cms%2Cmv%2Cpl%2Crequiressl%2Csource%2Cexpire&lmt=1427047262758970&ei=oIOKWYXWDpKrWpH7sIgN&source=youtube&requiressl=yes&gir=yes&dur=247.524&itag=36&pl=16&ip=131.159.40.117&mm=31&mn=sn-xjpm-q0nl&clen=7097600&ms=au&mt=1502249706&mv=u&id=o-AOUvZYkx4R6Xs_xvAutfpls4B7IqJPCLjiAM0GyvL28w&signature=A9F1412D60D33471A230999E70471FB883C2F046.110C7D8F8C999C8BFDF96CC75C9C32B6CAE9433A&expire=1502271488&ratebypass=yes", "player_url": null, "ext": "3gp", "width": 320, "acodec": "mp4a.40.2", "vcodec": "mp4v.20.3", "resolution": "320x240", "height": 240, "format_note": "small", "format": "36 - 320x240 (small)", "protocol": "https", "http_headers": {"User-Agent": "Mozilla/5.0 (X11; Linux x86_64; rv:10.0) Gecko/20150101 Firefox/47.0 (Chrome)", "Accept-Charset": "ISO-8859-1,utf-8;q=0.7,*;q=0.7", "Accept": "text/html,application/xhtml+xml,application/xml;q=0.9,*/*;q=0.8", "Accept-Encoding": "gzip, deflate", "Accept-Language": "en-us,en;q=0.5"}}, {"format_id": "18", "url": "https://r4---sn-xjpm-q0nl.googlevideo.com/videoplayback?mime=video%2Fmp4&key=yt6&gir=yes&itag=18&pl=16&ip=131.159.40.117&mm=31&mn=sn-xjpm-q0nl&ms=au&mt=1502249706&mv=u&id=o-AOUvZYkx4R6Xs_xvAutfpls4B7IqJPCLjiAM0GyvL28w&signature=A63AE615E4D75F6C2152010465CC445B7C3E98D6.CB30A67AFF2924EF8DA693C12EBE6C895778866C&ipbits=0&sparams=clen%2Cdur%2Cei%2Cgir%2Cid%2Cip%2Cipbits%2Citag%2Clmt%2Cmime%2Cmm%2Cmn%2Cms%2Cmv%2Cpl%2Cratebypass%2Crequiressl%2Csource%2Cexpire&lmt=1288617124937875&ei=oIOKWYXWDpKrWpH7sIgN&source=youtube&requiressl=yes&ratebypass=yes&dur=247.849&clen=18066960&expire=1502271488", "player_url": null, "ext": "mp4", "width": 480, "height": 360, "acodec": "mp4a.40.2", "abr": 96, "vcodec": "avc1.42001E", "resolution": "480x360", "format_note": "medium", "format": "18 - 480x360 (medium)", "protocol": "https", "http_headers": {"User-Agent": "Mozilla/5.0 (X11; Linux x86_64; rv:10.0) Gecko/20150101 Firefox/47.0 (Chrome)", "Accept-Charset": "ISO-8859-1,utf-8;q=0.7,*;q=0.7", "Accept": "text/html,application/xhtml+xml,application/xml;q=0.9,*/*;q=0.8", "Accept-Encoding": "gzip, deflate", "Accept-Language": "en-us,en;q=0.5"}}, {"format_id": "43", "url": "https://r4---sn-xjpm-q0nl.googlevideo.com/videoplayback?mime=video%2Fwebm&key=yt6&gir=yes&itag=43&pl=16&ip=131.159.40.117&mm=31&mn=sn-xjpm-q0nl&ms=au&mt=1502249706&mv=u&id=o-AOUvZYkx4R6Xs_xvAutfpls4B7IqJPCLjiAM0GyvL28w&signature=39DEC180AD88B344D42921F327EA7A9824F37889.DF1EF01B3EA3DB2531B5C96A9D596AB12A60DF6A&ipbits=0&sparams=clen%2Cdur%2Cei%2Cgir%2Cid%2Cip%2Cipbits%2Citag%2Clmt%2Cmime%2Cmm%2Cmn%2Cms%2Cmv%2Cpl%2Cratebypass%2Crequiressl%2Csource%2Cexpire&lmt=1298184225822200&ei=oIOKWYXWDpKrWpH7sIgN&source=youtube&requiressl=yes&ratebypass=yes&dur=0.000&clen=9957728&expire=1502271488", "player_url": null, "ext": "webm", "width": 640, "height": 360, "acodec": "vorbis", "abr": 128, "vcodec": "vp8.0", "resolution": "640x360", "format_note": "medium", "format": "43 - 640x360 (medium)", "protocol": "https", "http_headers": {"User-Agent": "Mozilla/5.0 (X11; Linux x86_64; rv:10.0) Gecko/20150101 Firefox/47.0 (Chrome)", "Accept-Charset": "ISO-8859-1,utf-8;q=0.7,*;q=0.7", "Accept": "text/html,application/xhtml+xml,application/xml;q=0.9,*/*;q=0.8", "Accept-Encoding": "gzip, deflate", "Accept-Language": "en-us,en;q=0.5"}}], "is_live": null, "start_time": null, "end_time": null, "series": null, "season_number": null, "episode_number": null, "extractor": "youtube", "webpage_url_basename": "2a6oWjQ2IxI", "extractor_key": "Youtube", "playlist": null, "playlist_index": null, "thumbnails": [{"url": "https://i.ytimg.com/vi/2a6oWjQ2IxI/hqdefault.jpg", "id": "0"}], "display_id": "2a6oWjQ2IxI", "ext": "mp4", "height": 480, "format_note": "DASH video", "vcodec": "avc1.4d401e", "format_id": "135", "url": "https://r4---sn-xjpm-q0nl.googlevideo.com/videoplayback?id=d9aea85a34362312&itag=135&source=youtube&requiressl=yes&pl=16&mm=31&mn=sn-xjpm-q0nl&ei=oIOKWfyhLM60WeS5mZAB&ms=au&mv=u&ratebypass=yes&mime=video/mp4&gir=yes&clen=20173420&lmt=1381190848930439&dur=247.300&mt=1502249706&signature=3B6C7E5ACA82136712CE6284F81B813C8A0C7748.9B560B82C8EB0947DEFB404D94B7D339F489F048&key=dg_yt0&ip=131.159.40.117&ipbits=0&expire=1502271488&sparams=ip,ipbits,expire,id,itag,source,requiressl,pl,mm,mn,ei,ms,mv,ratebypass,mime,gir,clen,lmt,dur", "manifest_url": "https://manifest.googlevideo.com/api/manifest/dash/hfr/1/ipbits/0/itag/0/pl/16/ip/131.159.40.117/mm/31/mn/sn-xjpm-q0nl/mt/1502249706/expire/1502271488/playback_host/r4---sn-xjpm-q0nl.googlevideo.com/as/fmp4_audio_clear%2Cfmp4_sd_hd_clear/id/d9aea85a34362312/sparams/as%2Cei%2Chfr%2Cid%2Cip%2Cipbits%2Citag%2Cmm%2Cmn%2Cms%2Cmv%2Cpl%2Cplayback_host%2Crequiressl%2Csource%2Cexpire/signature/5716D40C17B7E5A489270B0D9B079D916F9AB15E.6FD8FF03AD92CC1BBEADD123EC7CEAC0783233C8/requiressl/yes/ei/oIOKWfyhLM60WeS5mZAB/ms/au/source/youtube/mv/u/key/yt6", "width": 640, "tbr": 690.171, "asr": null, "fps": 30, "language": null, "filesize": 20173420, "acodec": "none", "format": "135 - 640x480 (DASH video)", "protocol": "https", "http_headers": {"User-Agent": "Mozilla/5.0 (X11; Linux x86_64; rv:10.0) Gecko/20150101 Firefox/47.0 (Chrome)", "Accept-Charset": "ISO-8859-1,utf-8;q=0.7,*;q=0.7", "Accept": "text/html,application/xhtml+xml,application/xml;q=0.9,*/*;q=0.8", "Accept-Encoding": "gzip, deflate", "Accept-Language": "en-us,en;q=0.5"}, "fulltitle": "\u041c\u043e\u0439 \u0443\u0445\u043e\u0434 \u0437\u0430 \u043b\u0438\u0446\u043e\u043c \u0447\u0430\u0441\u0442\u044c 1  \u043f\u0440\u043e\u0434\u043e\u043b\u0436\u0435\u043d\u0438\u0435 (My face care a part 1 )", "_filename": "2a6oWjQ2IxI.mp4"}