{"id": "cwmqGB0WDro", "uploader": "NewmanNewsman", "uploader_id": "NewmanNewsman", "uploader_url": "http://www.youtube.com/user/NewmanNewsman", "upload_date": "20090614", "license": "Standard YouTube License", "creator": null, "title": "WCJB ABC Gainesville, FL, May 2009 Montage", "alt_title": null, "thumbnail": "https://i.ytimg.com/vi/cwmqGB0WDro/hqdefault.jpg", "description": "WCJB ABC Gainesville, FL, May 2009 Montage\nPaige Beck, David Snyder, Bill Quinlan, Hank Astengo", "categories": ["News & Politics"], "tags": ["WCJB", "ABC", "Gainesville", "WESH", "WOGX", "WOFL", "WFTV", "WGFL", "WJXT", "WUFT"], "subtitles": {}, "automatic_captions": {}, "duration": 488, "age_limit": 0, "annotations": null, "chapters": null, "webpage_url": "https://www.youtube.com/watch?v=cwmqGB0WDro", "view_count": 2761, "like_count": 5, "dislike_count": 2, "average_rating": 3.85714292526, "formats": [{"ext": "m4a", "format_note": "DASH audio", "acodec": "mp4a.40.5", "abr": 48, "container": "m4a_dash", "format_id": "139", "url": "https://r13---sn-4g57knkd.googlevideo.com/videoplayback?id=7309aa181d160eba&itag=139&source=youtube&requiressl=yes&ei=CJeLWanPGI_IW-u_teAB&mm=31&mn=sn-4g57knkd&initcwndbps=3273750&mv=m&ms=au&pl=16&ratebypass=yes&mime=audio/mp4&gir=yes&clen=2902532&lmt=1385338351127284&dur=487.990&key=dg_yt0&mt=1502320267&signature=940693176CB34BE07D8C7C942D8B980794FB7059.151A76BE9C79A79729764E78A545F1D91295B219&ip=131.159.40.117&ipbits=0&expire=1502341992&sparams=ip,ipbits,expire,id,itag,source,requiressl,ei,mm,mn,initcwndbps,mv,ms,pl,ratebypass,mime,gir,clen,lmt,dur", "manifest_url": "https://manifest.googlevideo.com/api/manifest/dash/playback_host/r13---sn-4g57knkd.googlevideo.com/ei/CJeLWanPGI_IW-u_teAB/hfr/1/key/yt6/mt/1502320267/mm/31/ip/131.159.40.117/mn/sn-4g57knkd/as/fmp4_audio_clear%2Cfmp4_sd_hd_clear/itag/0/sparams/as%2Cei%2Chfr%2Cid%2Cinitcwndbps%2Cip%2Cipbits%2Citag%2Cmm%2Cmn%2Cms%2Cmv%2Cpl%2Cplayback_host%2Crequiressl%2Csource%2Cexpire/source/youtube/initcwndbps/3273750/mv/m/ipbits/0/ms/au/signature/18BC1EA13A327AC5099FD1BD00C77C6287DFB7F8.19AD1C7E4CC4512AC5EC1EDF3559141CF817E7C3/requiressl/yes/id/7309aa181d160eba/pl/16/expire/1502341992", "width": null, "height": null, "tbr": 48.795, "asr": 22050, "fps": null, "language": null, "filesize": 2902532, "vcodec": "none", "format": "139 - audio only (DASH audio)", "protocol": "https", "http_headers": {"User-Agent": "Mozilla/5.0 (X11; Linux x86_64; rv:10.0) Gecko/20150101 Firefox/47.0 (Chrome)", "Accept-Charset": "ISO-8859-1,utf-8;q=0.7,*;q=0.7", "Accept": "text/html,application/xhtml+xml,application/xml;q=0.9,*/*;q=0.8", "Accept-Encoding": "gzip, deflate", "Accept-Language": "en-us,en;q=0.5"}}, {"format_id": "249", "url": "https://r13---sn-4g57knkd.googlevideo.com/videoplayback?ms=au&ei=B5eLWfPvO4zOcu6IqMgI&id=o-AJTXZzT3bqeuorE0PeTElmQ3smEWQ6JP25Yk1Inygr8l&mv=m&mt=1502320267&dur=487.821&keepalive=yes&lmt=1435579797534513&source=youtube&key=yt6&ip=131.159.40.117&mn=sn-4g57knkd&mm=31&signature=06E1683509C4AE52B6076C99C63E2710F265ACA5.CC1620EEFA6CF6B1676480B90C5EBF9C96137E1D&initcwndbps=3273750&sparams=clen%2Cdur%2Cei%2Cgir%2Cid%2Cinitcwndbps%2Cip%2Cipbits%2Citag%2Ckeepalive%2Clmt%2Cmime%2Cmm%2Cmn%2Cms%2Cmv%2Cpl%2Crequiressl%2Csource%2Cexpire&expire=1502341992&pl=16&requiressl=yes&clen=3095063&mime=audio%2Fwebm&ipbits=0&gir=yes&itag=249&ratebypass=yes", "player_url": null, "ext": "webm", "format_note": "DASH audio", "acodec": "opus", "abr": 50, "filesize": 3095063, "tbr": 52.697, "vcodec": "none", "format": "249 - audio only (DASH audio)", "protocol": "https", "http_headers": {"User-Agent": "Mozilla/5.0 (X11; Linux x86_64; rv:10.0) Gecko/20150101 Firefox/47.0 (Chrome)", "Accept-Charset": "ISO-8859-1,utf-8;q=0.7,*;q=0.7", "Accept": "text/html,application/xhtml+xml,application/xml;q=0.9,*/*;q=0.8", "Accept-Encoding": "gzip, deflate", "Accept-Language": "en-us,en;q=0.5"}}, {"format_id": "250", "url": "https://r13---sn-4g57knkd.googlevideo.com/videoplayback?ms=au&ei=B5eLWfPvO4zOcu6IqMgI&id=o-AJTXZzT3bqeuorE0PeTElmQ3smEWQ6JP25Yk1Inygr8l&mv=m&mt=1502320267&dur=487.821&keepalive=yes&lmt=1435579812492418&source=youtube&key=yt6&ip=131.159.40.117&mn=sn-4g57knkd&mm=31&signature=32DF979B34C0C0F700CA6B1F1ACF060E2E753A1D.B3D4B17A0773FCC0A49C888ECF6D591278F7587C&initcwndbps=3273750&sparams=clen%2Cdur%2Cei%2Cgir%2Cid%2Cinitcwndbps%2Cip%2Cipbits%2Citag%2Ckeepalive%2Clmt%2Cmime%2Cmm%2Cmn%2Cms%2Cmv%2Cpl%2Crequiressl%2Csource%2Cexpire&expire=1502341992&pl=16&requiressl=yes&clen=4171409&mime=audio%2Fwebm&ipbits=0&gir=yes&itag=250&ratebypass=yes", "player_url": null, "ext": "webm", "format_note": "DASH audio", "acodec": "opus", "abr": 70, "filesize": 4171409, "tbr": 73.306, "vcodec": "none", "format": "250 - audio only (DASH audio)", "protocol": "https", "http_headers": {"User-Agent": "Mozilla/5.0 (X11; Linux x86_64; rv:10.0) Gecko/20150101 Firefox/47.0 (Chrome)", "Accept-Charset": "ISO-8859-1,utf-8;q=0.7,*;q=0.7", "Accept": "text/html,application/xhtml+xml,application/xml;q=0.9,*/*;q=0.8", "Accept-Encoding": "gzip, deflate", "Accept-Language": "en-us,en;q=0.5"}}, {"ext": "m4a", "format_note": "DASH audio", "acodec": "mp4a.40.2", "abr": 128, "container": "m4a_dash", "format_id": "140", "url": "https://r13---sn-4g57knkd.googlevideo.com/videoplayback?id=7309aa181d160eba&itag=140&source=youtube&requiressl=yes&ei=CJeLWanPGI_IW-u_teAB&mm=31&mn=sn-4g57knkd&initcwndbps=3273750&mv=m&ms=au&pl=16&ratebypass=yes&mime=audio/mp4&gir=yes&clen=7749807&lmt=1385338351130373&dur=487.920&key=dg_yt0&mt=1502320267&signature=17FBA922BF3592B6D9250422E8278A5EFCDCABF0.464FEBEB9019CB31BFC1CDC885964EFCCFE513BA&ip=131.159.40.117&ipbits=0&expire=1502341992&sparams=ip,ipbits,expire,id,itag,source,requiressl,ei,mm,mn,initcwndbps,mv,ms,pl,ratebypass,mime,gir,clen,lmt,dur", "manifest_url": "https://manifest.googlevideo.com/api/manifest/dash/playback_host/r13---sn-4g57knkd.googlevideo.com/ei/CJeLWanPGI_IW-u_teAB/hfr/1/key/yt6/mt/1502320267/mm/31/ip/131.159.40.117/mn/sn-4g57knkd/as/fmp4_audio_clear%2Cfmp4_sd_hd_clear/itag/0/sparams/as%2Cei%2Chfr%2Cid%2Cinitcwndbps%2Cip%2Cipbits%2Citag%2Cmm%2Cmn%2Cms%2Cmv%2Cpl%2Cplayback_host%2Crequiressl%2Csource%2Cexpire/source/youtube/initcwndbps/3273750/mv/m/ipbits/0/ms/au/signature/18BC1EA13A327AC5099FD1BD00C77C6287DFB7F8.19AD1C7E4CC4512AC5EC1EDF3559141CF817E7C3/requiressl/yes/id/7309aa181d160eba/pl/16/expire/1502341992", "width": null, "height": null, "tbr": 128.365, "asr": 44100, "fps": null, "language": null, "filesize": 7749807, "vcodec": "none", "format": "140 - audio only (DASH audio)", "protocol": "https", "http_headers": {"User-Agent": "Mozilla/5.0 (X11; Linux x86_64; rv:10.0) Gecko/20150101 Firefox/47.0 (Chrome)", "Accept-Charset": "ISO-8859-1,utf-8;q=0.7,*;q=0.7", "Accept": "text/html,application/xhtml+xml,application/xml;q=0.9,*/*;q=0.8", "Accept-Encoding": "gzip, deflate", "Accept-Language": "en-us,en;q=0.5"}}, {"format_id": "171", "url": "https://r13---sn-4g57knkd.googlevideo.com/videoplayback?ms=au&ei=B5eLWfPvO4zOcu6IqMgI&id=o-AJTXZzT3bqeuorE0PeTElmQ3smEWQ6JP25Yk1Inygr8l&mv=m&mt=1502320267&dur=487.812&keepalive=yes&lmt=1435579796162013&source=youtube&key=yt6&ip=131.159.40.117&mn=sn-4g57knkd&mm=31&signature=11BCF4FDFA8B3DFA109A72FBA8F3EDD991BF9674.6CDCECF5BFF11F22D6DC47D6E7FC3256A58EF36C&initcwndbps=3273750&sparams=clen%2Cdur%2Cei%2Cgir%2Cid%2Cinitcwndbps%2Cip%2Cipbits%2Citag%2Ckeepalive%2Clmt%2Cmime%2Cmm%2Cmn%2Cms%2Cmv%2Cpl%2Crequiressl%2Csource%2Cexpire&expire=1502341992&pl=16&requiressl=yes&clen=7161588&mime=audio%2Fwebm&ipbits=0&gir=yes&itag=171&ratebypass=yes", "player_url": null, "ext": "webm", "acodec": "vorbis", "format_note": "DASH audio", "abr": 128, "filesize": 7161588, "tbr": 129.896, "vcodec": "none", "format": "171 - audio only (DASH audio)", "protocol": "https", "http_headers": {"User-Agent": "Mozilla/5.0 (X11; Linux x86_64; rv:10.0) Gecko/20150101 Firefox/47.0 (Chrome)", "Accept-Charset": "ISO-8859-1,utf-8;q=0.7,*;q=0.7", "Accept": "text/html,application/xhtml+xml,application/xml;q=0.9,*/*;q=0.8", "Accept-Encoding": "gzip, deflate", "Accept-Language": "en-us,en;q=0.5"}}, {"format_id": "251", "url": "https://r13---sn-4g57knkd.googlevideo.com/videoplayback?ms=au&ei=B5eLWfPvO4zOcu6IqMgI&id=o-AJTXZzT3bqeuorE0PeTElmQ3smEWQ6JP25Yk1Inygr8l&mv=m&mt=1502320267&dur=487.821&keepalive=yes&lmt=1435579795699910&source=youtube&key=yt6&ip=131.159.40.117&mn=sn-4g57knkd&mm=31&signature=871EC4BBDDB282411A85DBA164CC018C6A363800.8988D33133717D9F23C69944D564FEF91B5189A8&initcwndbps=3273750&sparams=clen%2Cdur%2Cei%2Cgir%2Cid%2Cinitcwndbps%2Cip%2Cipbits%2Citag%2Ckeepalive%2Clmt%2Cmime%2Cmm%2Cmn%2Cms%2Cmv%2Cpl%2Crequiressl%2Csource%2Cexpire&expire=1502341992&pl=16&requiressl=yes&clen=8740933&mime=audio%2Fwebm&ipbits=0&gir=yes&itag=251&ratebypass=yes", "player_url": null, "ext": "webm", "format_note": "DASH audio", "acodec": "opus", "abr": 160, "filesize": 8740933, "tbr": 155.532, "vcodec": "none", "format": "251 - audio only (DASH audio)", "protocol": "https", "http_headers": {"User-Agent": "Mozilla/5.0 (X11; Linux x86_64; rv:10.0) Gecko/20150101 Firefox/47.0 (Chrome)", "Accept-Charset": "ISO-8859-1,utf-8;q=0.7,*;q=0.7", "Accept": "text/html,application/xhtml+xml,application/xml;q=0.9,*/*;q=0.8", "Accept-Encoding": "gzip, deflate", "Accept-Language": "en-us,en;q=0.5"}}, {"format_id": "278", "url": "https://r13---sn-4g57knkd.googlevideo.com/videoplayback?ms=au&ei=B5eLWfPvO4zOcu6IqMgI&id=o-AJTXZzT3bqeuorE0PeTElmQ3smEWQ6JP25Yk1Inygr8l&mv=m&mt=1502320267&dur=487.753&keepalive=yes&lmt=1435579882053276&source=youtube&key=yt6&ip=131.159.40.117&mn=sn-4g57knkd&mm=31&signature=403ACFF4C8A5C892DBACE3B0C43DC34071E4BD90.9CC836C720E9E99E44E868875318918FB8CB2A26&initcwndbps=3273750&sparams=clen%2Cdur%2Cei%2Cgir%2Cid%2Cinitcwndbps%2Cip%2Cipbits%2Citag%2Ckeepalive%2Clmt%2Cmime%2Cmm%2Cmn%2Cms%2Cmv%2Cpl%2Crequiressl%2Csource%2Cexpire&expire=1502341992&pl=16&requiressl=yes&clen=4773819&mime=video%2Fwebm&ipbits=0&gir=yes&itag=278&ratebypass=yes", "player_url": null, "ext": "webm", "height": 144, "format_note": "144p", "container": "webm", "vcodec": "vp9", "filesize": 4773819, "tbr": 115.618, "width": 192, "fps": 15, "acodec": "none", "format": "278 - 192x144 (144p)", "protocol": "https", "http_headers": {"User-Agent": "Mozilla/5.0 (X11; Linux x86_64; rv:10.0) Gecko/20150101 Firefox/47.0 (Chrome)", "Accept-Charset": "ISO-8859-1,utf-8;q=0.7,*;q=0.7", "Accept": "text/html,application/xhtml+xml,application/xml;q=0.9,*/*;q=0.8", "Accept-Encoding": "gzip, deflate", "Accept-Language": "en-us,en;q=0.5"}}, {"ext": "mp4", "height": 144, "format_note": "DASH video", "vcodec": "avc1.42c00c", "format_id": "160", "url": "https://r13---sn-4g57knkd.googlevideo.com/videoplayback?id=7309aa181d160eba&itag=160&source=youtube&requiressl=yes&ei=CJeLWanPGI_IW-u_teAB&mm=31&mn=sn-4g57knkd&initcwndbps=3273750&mv=m&ms=au&pl=16&ratebypass=yes&mime=video/mp4&gir=yes&clen=6879227&lmt=1385338351261585&dur=487.821&key=dg_yt0&mt=1502320267&signature=4F09C086CAF68DF38E8324937EC77EFBF069E828.93984BC26617E5E056F4A8578A034842383FEE9B&ip=131.159.40.117&ipbits=0&expire=1502341992&sparams=ip,ipbits,expire,id,itag,source,requiressl,ei,mm,mn,initcwndbps,mv,ms,pl,ratebypass,mime,gir,clen,lmt,dur", "manifest_url": "https://manifest.googlevideo.com/api/manifest/dash/playback_host/r13---sn-4g57knkd.googlevideo.com/ei/CJeLWanPGI_IW-u_teAB/hfr/1/key/yt6/mt/1502320267/mm/31/ip/131.159.40.117/mn/sn-4g57knkd/as/fmp4_audio_clear%2Cfmp4_sd_hd_clear/itag/0/sparams/as%2Cei%2Chfr%2Cid%2Cinitcwndbps%2Cip%2Cipbits%2Citag%2Cmm%2Cmn%2Cms%2Cmv%2Cpl%2Cplayback_host%2Crequiressl%2Csource%2Cexpire/source/youtube/initcwndbps/3273750/mv/m/ipbits/0/ms/au/signature/18BC1EA13A327AC5099FD1BD00C77C6287DFB7F8.19AD1C7E4CC4512AC5EC1EDF3559141CF817E7C3/requiressl/yes/id/7309aa181d160eba/pl/16/expire/1502341992", "width": 192, "tbr": 118.537, "asr": null, "fps": 15, "language": null, "filesize": 6879227, "acodec": "none", "format": "160 - 192x144 (DASH video)", "protocol": "https", "http_headers": {"User-Agent": "Mozilla/5.0 (X11; Linux x86_64; rv:10.0) Gecko/20150101 Firefox/47.0 (Chrome)", "Accept-Charset": "ISO-8859-1,utf-8;q=0.7,*;q=0.7", "Accept": "text/html,application/xhtml+xml,application/xml;q=0.9,*/*;q=0.8", "Accept-Encoding": "gzip, deflate", "Accept-Language": "en-us,en;q=0.5"}}, {"ext": "mp4", "height": 240, "format_note": "DASH video", "vcodec": "avc1.4d400d", "format_id": "133", "url": "https://r13---sn-4g57knkd.googlevideo.com/videoplayback?id=7309aa181d160eba&itag=133&source=youtube&requiressl=yes&ei=CJeLWanPGI_IW-u_teAB&mm=31&mn=sn-4g57knkd&initcwndbps=3273750&mv=m&ms=au&pl=16&ratebypass=yes&mime=video/mp4&gir=yes&clen=14957070&lmt=1385338354126624&dur=487.821&key=dg_yt0&mt=1502320267&signature=82E25E0F28DA01B6C47F15FD71017967D2AD7A64.249D7436C4CEF58C4B9748D762F0B69EB6543B3E&ip=131.159.40.117&ipbits=0&expire=1502341992&sparams=ip,ipbits,expire,id,itag,source,requiressl,ei,mm,mn,initcwndbps,mv,ms,pl,ratebypass,mime,gir,clen,lmt,dur", "manifest_url": "https://manifest.googlevideo.com/api/manifest/dash/playback_host/r13---sn-4g57knkd.googlevideo.com/ei/CJeLWanPGI_IW-u_teAB/hfr/1/key/yt6/mt/1502320267/mm/31/ip/131.159.40.117/mn/sn-4g57knkd/as/fmp4_audio_clear%2Cfmp4_sd_hd_clear/itag/0/sparams/as%2Cei%2Chfr%2Cid%2Cinitcwndbps%2Cip%2Cipbits%2Citag%2Cmm%2Cmn%2Cms%2Cmv%2Cpl%2Cplayback_host%2Crequiressl%2Csource%2Cexpire/source/youtube/initcwndbps/3273750/mv/m/ipbits/0/ms/au/signature/18BC1EA13A327AC5099FD1BD00C77C6287DFB7F8.19AD1C7E4CC4512AC5EC1EDF3559141CF817E7C3/requiressl/yes/id/7309aa181d160eba/pl/16/expire/1502341992", "width": 320, "tbr": 256.196, "asr": null, "fps": 30, "language": null, "filesize": 14957070, "acodec": "none", "format": "133 - 320x240 (DASH video)", "protocol": "https", "http_headers": {"User-Agent": "Mozilla/5.0 (X11; Linux x86_64; rv:10.0) Gecko/20150101 Firefox/47.0 (Chrome)", "Accept-Charset": "ISO-8859-1,utf-8;q=0.7,*;q=0.7", "Accept": "text/html,application/xhtml+xml,application/xml;q=0.9,*/*;q=0.8", "Accept-Encoding": "gzip, deflate", "Accept-Language": "en-us,en;q=0.5"}}, {"format_id": "242", "url": "https://r13---sn-4g57knkd.googlevideo.com/videoplayback?ms=au&ei=B5eLWfPvO4zOcu6IqMgI&id=o-AJTXZzT3bqeuorE0PeTElmQ3smEWQ6JP25Yk1Inygr8l&mv=m&mt=1502320267&dur=487.787&keepalive=yes&lmt=1435579809859380&source=youtube&key=yt6&ip=131.159.40.117&mn=sn-4g57knkd&mm=31&signature=35843FEB6DD608C9ADB9E494F95F0117189D8455.B0808BF90311B2B4562DC7053B7C39562D9B0303&initcwndbps=3273750&sparams=clen%2Cdur%2Cei%2Cgir%2Cid%2Cinitcwndbps%2Cip%2Cipbits%2Citag%2Ckeepalive%2Clmt%2Cmime%2Cmm%2Cmn%2Cms%2Cmv%2Cpl%2Crequiressl%2Csource%2Cexpire&expire=1502341992&pl=16&requiressl=yes&clen=8790621&mime=video%2Fwebm&ipbits=0&gir=yes&itag=242&ratebypass=yes", "player_url": null, "ext": "webm", "height": 240, "format_note": "240p", "vcodec": "vp9", "filesize": 8790621, "tbr": 278.991, "width": 320, "fps": 30, "acodec": "none", "format": "242 - 320x240 (240p)", "protocol": "https", "http_headers": {"User-Agent": "Mozilla/5.0 (X11; Linux x86_64; rv:10.0) Gecko/20150101 Firefox/47.0 (Chrome)", "Accept-Charset": "ISO-8859-1,utf-8;q=0.7,*;q=0.7", "Accept": "text/html,application/xhtml+xml,application/xml;q=0.9,*/*;q=0.8", "Accept-Encoding": "gzip, deflate", "Accept-Language": "en-us,en;q=0.5"}}, {"format_id": "243", "url": "https://r13---sn-4g57knkd.googlevideo.com/videoplayback?ms=au&ei=B5eLWfPvO4zOcu6IqMgI&id=o-AJTXZzT3bqeuorE0PeTElmQ3smEWQ6JP25Yk1Inygr8l&mv=m&mt=1502320267&dur=487.787&keepalive=yes&lmt=1435579839285924&source=youtube&key=yt6&ip=131.159.40.117&mn=sn-4g57knkd&mm=31&signature=6AFFB9FE9384EFE308DB589B66755311F2A204E7.DD05CD27F2F3F97AF780C6D50944E380C87E83B8&initcwndbps=3273750&sparams=clen%2Cdur%2Cei%2Cgir%2Cid%2Cinitcwndbps%2Cip%2Cipbits%2Citag%2Ckeepalive%2Clmt%2Cmime%2Cmm%2Cmn%2Cms%2Cmv%2Cpl%2Crequiressl%2Csource%2Cexpire&expire=1502341992&pl=16&requiressl=yes&clen=15166651&mime=video%2Fwebm&ipbits=0&gir=yes&itag=243&ratebypass=yes", "player_url": null, "ext": "webm", "height": 360, "format_note": "360p", "vcodec": "vp9", "filesize": 15166651, "tbr": 509.965, "width": 480, "fps": 30, "acodec": "none", "format": "243 - 480x360 (360p)", "protocol": "https", "http_headers": {"User-Agent": "Mozilla/5.0 (X11; Linux x86_64; rv:10.0) Gecko/20150101 Firefox/47.0 (Chrome)", "Accept-Charset": "ISO-8859-1,utf-8;q=0.7,*;q=0.7", "Accept": "text/html,application/xhtml+xml,application/xml;q=0.9,*/*;q=0.8", "Accept-Encoding": "gzip, deflate", "Accept-Language": "en-us,en;q=0.5"}}, {"ext": "mp4", "height": 360, "format_note": "DASH video", "vcodec": "avc1.4d401e", "format_id": "134", "url": "https://r13---sn-4g57knkd.googlevideo.com/videoplayback?id=7309aa181d160eba&itag=134&source=youtube&requiressl=yes&ei=CJeLWanPGI_IW-u_teAB&mm=31&mn=sn-4g57knkd&initcwndbps=3273750&mv=m&ms=au&pl=16&ratebypass=yes&mime=video/mp4&gir=yes&clen=22973865&lmt=1385338354139012&dur=487.821&key=dg_yt0&mt=1502320267&signature=167205FCDF35386B10EF1D2ECCE2F0E5CCF8E11A.8FC9AD97E421235FEE41398DFA2D29DE862F077D&ip=131.159.40.117&ipbits=0&expire=1502341992&sparams=ip,ipbits,expire,id,itag,source,requiressl,ei,mm,mn,initcwndbps,mv,ms,pl,ratebypass,mime,gir,clen,lmt,dur", "manifest_url": "https://manifest.googlevideo.com/api/manifest/dash/playback_host/r13---sn-4g57knkd.googlevideo.com/ei/CJeLWanPGI_IW-u_teAB/hfr/1/key/yt6/mt/1502320267/mm/31/ip/131.159.40.117/mn/sn-4g57knkd/as/fmp4_audio_clear%2Cfmp4_sd_hd_clear/itag/0/sparams/as%2Cei%2Chfr%2Cid%2Cinitcwndbps%2Cip%2Cipbits%2Citag%2Cmm%2Cmn%2Cms%2Cmv%2Cpl%2Cplayback_host%2Crequiressl%2Csource%2Cexpire/source/youtube/initcwndbps/3273750/mv/m/ipbits/0/ms/au/signature/18BC1EA13A327AC5099FD1BD00C77C6287DFB7F8.19AD1C7E4CC4512AC5EC1EDF3559141CF817E7C3/requiressl/yes/id/7309aa181d160eba/pl/16/expire/1502341992", "width": 480, "tbr": 699.645, "asr": null, "fps": 30, "language": null, "filesize": 22973865, "acodec": "none", "format": "134 - 480x360 (DASH video)", "protocol": "https", "http_headers": {"User-Agent": "Mozilla/5.0 (X11; Linux x86_64; rv:10.0) Gecko/20150101 Firefox/47.0 (Chrome)", "Accept-Charset": "ISO-8859-1,utf-8;q=0.7,*;q=0.7", "Accept": "text/html,application/xhtml+xml,application/xml;q=0.9,*/*;q=0.8", "Accept-Encoding": "gzip, deflate", "Accept-Language": "en-us,en;q=0.5"}}, {"format_id": "244", "url": "https://r13---sn-4g57knkd.googlevideo.com/videoplayback?ms=au&ei=B5eLWfPvO4zOcu6IqMgI&id=o-AJTXZzT3bqeuorE0PeTElmQ3smEWQ6JP25Yk1Inygr8l&mv=m&mt=1502320267&dur=487.787&keepalive=yes&lmt=1435579899775183&source=youtube&key=yt6&ip=131.159.40.117&mn=sn-4g57knkd&mm=31&signature=D9EA8FD10AAAD04D860C8CC4F88DF8DEBCD5B18A.33886AEC3328432775B4E9350D99710AFA89D372&initcwndbps=3273750&sparams=clen%2Cdur%2Cei%2Cgir%2Cid%2Cinitcwndbps%2Cip%2Cipbits%2Citag%2Ckeepalive%2Clmt%2Cmime%2Cmm%2Cmn%2Cms%2Cmv%2Cpl%2Crequiressl%2Csource%2Cexpire&expire=1502341992&pl=16&requiressl=yes&clen=26758942&mime=video%2Fwebm&ipbits=0&gir=yes&itag=244&ratebypass=yes", "player_url": null, "ext": "webm", "height": 480, "format_note": "480p", "vcodec": "vp9", "filesize": 26758942, "tbr": 969.757, "width": 640, "fps": 30, "acodec": "none", "format": "244 - 640x480 (480p)", "protocol": "https", "http_headers": {"User-Agent": "Mozilla/5.0 (X11; Linux x86_64; rv:10.0) Gecko/20150101 Firefox/47.0 (Chrome)", "Accept-Charset": "ISO-8859-1,utf-8;q=0.7,*;q=0.7", "Accept": "text/html,application/xhtml+xml,application/xml;q=0.9,*/*;q=0.8", "Accept-Encoding": "gzip, deflate", "Accept-Language": "en-us,en;q=0.5"}}, {"ext": "mp4", "height": 480, "format_note": "DASH video", "vcodec": "avc1.4d401e", "format_id": "135", "url": "https://r13---sn-4g57knkd.googlevideo.com/videoplayback?id=7309aa181d160eba&itag=135&source=youtube&requiressl=yes&ei=CJeLWanPGI_IW-u_teAB&mm=31&mn=sn-4g57knkd&initcwndbps=3273750&mv=m&ms=au&pl=16&ratebypass=yes&mime=video/mp4&gir=yes&clen=46524085&lmt=1385338355236450&dur=487.821&key=dg_yt0&mt=1502320267&signature=253963A8FB858C5C31CAD508BF46FAED4B36BB8F.1BD4A4667BF9BF3412CF6B0DD1B3FF8844EE0816&ip=131.159.40.117&ipbits=0&expire=1502341992&sparams=ip,ipbits,expire,id,itag,source,requiressl,ei,mm,mn,initcwndbps,mv,ms,pl,ratebypass,mime,gir,clen,lmt,dur", "manifest_url": "https://manifest.googlevideo.com/api/manifest/dash/playback_host/r13---sn-4g57knkd.googlevideo.com/ei/CJeLWanPGI_IW-u_teAB/hfr/1/key/yt6/mt/1502320267/mm/31/ip/131.159.40.117/mn/sn-4g57knkd/as/fmp4_audio_clear%2Cfmp4_sd_hd_clear/itag/0/sparams/as%2Cei%2Chfr%2Cid%2Cinitcwndbps%2Cip%2Cipbits%2Citag%2Cmm%2Cmn%2Cms%2Cmv%2Cpl%2Cplayback_host%2Crequiressl%2Csource%2Cexpire/source/youtube/initcwndbps/3273750/mv/m/ipbits/0/ms/au/signature/18BC1EA13A327AC5099FD1BD00C77C6287DFB7F8.19AD1C7E4CC4512AC5EC1EDF3559141CF817E7C3/requiressl/yes/id/7309aa181d160eba/pl/16/expire/1502341992", "width": 640, "tbr": 1107.035, "asr": null, "fps": 30, "language": null, "filesize": 46524085, "acodec": "none", "format": "135 - 640x480 (DASH video)", "protocol": "https", "http_headers": {"User-Agent": "Mozilla/5.0 (X11; Linux x86_64; rv:10.0) Gecko/20150101 Firefox/47.0 (Chrome)", "Accept-Charset": "ISO-8859-1,utf-8;q=0.7,*;q=0.7", "Accept": "text/html,application/xhtml+xml,application/xml;q=0.9,*/*;q=0.8", "Accept-Encoding": "gzip, deflate", "Accept-Language": "en-us,en;q=0.5"}}, {"format_id": "17", "url": "https://r13---sn-4g57knkd.googlevideo.com/videoplayback?ms=au&ei=B5eLWfPvO4zOcu6IqMgI&id=o-AJTXZzT3bqeuorE0PeTElmQ3smEWQ6JP25Yk1Inygr8l&mv=m&mt=1502320267&dur=488.362&lmt=1244966842081897&source=youtube&key=yt6&ip=131.159.40.117&mn=sn-4g57knkd&sparams=clen%2Cdur%2Cei%2Cgir%2Cid%2Cinitcwndbps%2Cip%2Cipbits%2Citag%2Clmt%2Cmime%2Cmm%2Cmn%2Cms%2Cmv%2Cpl%2Crequiressl%2Csource%2Cexpire&signature=E1E117CCB933EFF6A1A8FAF3806015743CF1EA0F.5CA7F1A8B0156364ECCEA170F25DACCA7100CC2E&initcwndbps=3273750&mm=31&expire=1502341992&pl=16&requiressl=yes&clen=5427612&mime=video%2F3gpp&ipbits=0&gir=yes&itag=17&ratebypass=yes", "player_url": null, "ext": "3gp", "width": 176, "height": 144, "acodec": "mp4a.40.2", "abr": 24, "vcodec": "mp4v.20.3", "resolution": "176x144", "format_note": "small", "format": "17 - 176x144 (small)", "protocol": "https", "http_headers": {"User-Agent": "Mozilla/5.0 (X11; Linux x86_64; rv:10.0) Gecko/20150101 Firefox/47.0 (Chrome)", "Accept-Charset": "ISO-8859-1,utf-8;q=0.7,*;q=0.7", "Accept": "text/html,application/xhtml+xml,application/xml;q=0.9,*/*;q=0.8", "Accept-Encoding": "gzip, deflate", "Accept-Language": "en-us,en;q=0.5"}}, {"format_id": "18", "url": "https://r13---sn-4g57knkd.googlevideo.com/videoplayback?ms=au&ei=B5eLWfPvO4zOcu6IqMgI&id=o-AJTXZzT3bqeuorE0PeTElmQ3smEWQ6JP25Yk1Inygr8l&mv=m&mt=1502320267&dur=488.292&lmt=1244966845373233&source=youtube&key=yt6&ip=131.159.40.117&mn=sn-4g57knkd&mm=31&signature=B685E3A7AAC2EA41459589A1D5B70B2858BE5C0C.09D84A61BC0B0A95B87F589152A2686FA42726EE&initcwndbps=3273750&sparams=clen%2Cdur%2Cei%2Cgir%2Cid%2Cinitcwndbps%2Cip%2Cipbits%2Citag%2Clmt%2Cmime%2Cmm%2Cmn%2Cms%2Cmv%2Cpl%2Cratebypass%2Crequiressl%2Csource%2Cexpire&expire=1502341992&pl=16&requiressl=yes&clen=38156012&mime=video%2Fmp4&ratebypass=yes&ipbits=0&gir=yes&itag=18", "player_url": null, "ext": "mp4", "width": 480, "height": 360, "acodec": "mp4a.40.2", "abr": 96, "vcodec": "avc1.42001E", "resolution": "480x360", "format_note": "medium", "format": "18 - 480x360 (medium)", "protocol": "https", "http_headers": {"User-Agent": "Mozilla/5.0 (X11; Linux x86_64; rv:10.0) Gecko/20150101 Firefox/47.0 (Chrome)", "Accept-Charset": "ISO-8859-1,utf-8;q=0.7,*;q=0.7", "Accept": "text/html,application/xhtml+xml,application/xml;q=0.9,*/*;q=0.8", "Accept-Encoding": "gzip, deflate", "Accept-Language": "en-us,en;q=0.5"}}, {"format_id": "43", "url": "https://r13---sn-4g57knkd.googlevideo.com/videoplayback?ms=au&ei=B5eLWfPvO4zOcu6IqMgI&id=o-AJTXZzT3bqeuorE0PeTElmQ3smEWQ6JP25Yk1Inygr8l&mv=m&mt=1502320267&dur=0.000&lmt=1299631980255373&source=youtube&key=yt6&ip=131.159.40.117&mn=sn-4g57knkd&mm=31&signature=06BEB9B9C8E659F77547350679D9FEBD62067A2F.5C506265B66F2E230F9BF7A234C5DA70B1285A79&initcwndbps=3273750&sparams=clen%2Cdur%2Cei%2Cgir%2Cid%2Cinitcwndbps%2Cip%2Cipbits%2Citag%2Clmt%2Cmime%2Cmm%2Cmn%2Cms%2Cmv%2Cpl%2Cratebypass%2Crequiressl%2Csource%2Cexpire&expire=1502341992&pl=16&requiressl=yes&clen=32635432&mime=video%2Fwebm&ratebypass=yes&ipbits=0&gir=yes&itag=43", "player_url": null, "ext": "webm", "width": 640, "height": 360, "acodec": "vorbis", "abr": 128, "vcodec": "vp8.0", "resolution": "640x360", "format_note": "medium", "format": "43 - 640x360 (medium)", "protocol": "https", "http_headers": {"User-Agent": "Mozilla/5.0 (X11; Linux x86_64; rv:10.0) Gecko/20150101 Firefox/47.0 (Chrome)", "Accept-Charset": "ISO-8859-1,utf-8;q=0.7,*;q=0.7", "Accept": "text/html,application/xhtml+xml,application/xml;q=0.9,*/*;q=0.8", "Accept-Encoding": "gzip, deflate", "Accept-Language": "en-us,en;q=0.5"}}], "is_live": null, "start_time": null, "end_time": null, "series": null, "season_number": null, "episode_number": null, "extractor": "youtube", "webpage_url_basename": "cwmqGB0WDro", "extractor_key": "Youtube", "playlist": null, "playlist_index": null, "thumbnails": [{"url": "https://i.ytimg.com/vi/cwmqGB0WDro/hqdefault.jpg", "id": "0"}], "display_id": "cwmqGB0WDro", "ext": "mp4", "height": 480, "format_note": "DASH video", "vcodec": "avc1.4d401e", "format_id": "135", "url": "https://r13---sn-4g57knkd.googlevideo.com/videoplayback?id=7309aa181d160eba&itag=135&source=youtube&requiressl=yes&ei=CJeLWanPGI_IW-u_teAB&mm=31&mn=sn-4g57knkd&initcwndbps=3273750&mv=m&ms=au&pl=16&ratebypass=yes&mime=video/mp4&gir=yes&clen=46524085&lmt=1385338355236450&dur=487.821&key=dg_yt0&mt=1502320267&signature=253963A8FB858C5C31CAD508BF46FAED4B36BB8F.1BD4A4667BF9BF3412CF6B0DD1B3FF8844EE0816&ip=131.159.40.117&ipbits=0&expire=1502341992&sparams=ip,ipbits,expire,id,itag,source,requiressl,ei,mm,mn,initcwndbps,mv,ms,pl,ratebypass,mime,gir,clen,lmt,dur", "manifest_url": "https://manifest.googlevideo.com/api/manifest/dash/playback_host/r13---sn-4g57knkd.googlevideo.com/ei/CJeLWanPGI_IW-u_teAB/hfr/1/key/yt6/mt/1502320267/mm/31/ip/131.159.40.117/mn/sn-4g57knkd/as/fmp4_audio_clear%2Cfmp4_sd_hd_clear/itag/0/sparams/as%2Cei%2Chfr%2Cid%2Cinitcwndbps%2Cip%2Cipbits%2Citag%2Cmm%2Cmn%2Cms%2Cmv%2Cpl%2Cplayback_host%2Crequiressl%2Csource%2Cexpire/source/youtube/initcwndbps/3273750/mv/m/ipbits/0/ms/au/signature/18BC1EA13A327AC5099FD1BD00C77C6287DFB7F8.19AD1C7E4CC4512AC5EC1EDF3559141CF817E7C3/requiressl/yes/id/7309aa181d160eba/pl/16/expire/1502341992", "width": 640, "tbr": 1107.035, "asr": null, "fps": 30, "language": null, "filesize": 46524085, "acodec": "none", "format": "135 - 640x480 (DASH video)", "protocol": "https", "http_headers": {"User-Agent": "Mozilla/5.0 (X11; Linux x86_64; rv:10.0) Gecko/20150101 Firefox/47.0 (Chrome)", "Accept-Charset": "ISO-8859-1,utf-8;q=0.7,*;q=0.7", "Accept": "text/html,application/xhtml+xml,application/xml;q=0.9,*/*;q=0.8", "Accept-Encoding": "gzip, deflate", "Accept-Language": "en-us,en;q=0.5"}, "fulltitle": "WCJB ABC Gainesville, FL, May 2009 Montage", "_filename": "cwmqGB0WDro.mp4"}