{"id": "L2VD9ALczYk", "uploader": "The Alex Jones Channel", "uploader_id": "TheAlexJonesChannel", "uploader_url": "http://www.youtube.com/user/TheAlexJonesChannel", "upload_date": "20150224", "license": "Standard YouTube License", "creator": null, "title": "BUSTED: Saudis \"Weapons of Mass Destruction\" Whopper", "alt_title": null, "thumbnail": "https://i.ytimg.com/vi/L2VD9ALczYk/hqdefault.jpg", "description": "SAUDI NEWSPAPER CLAIMS ISLAMIC STATE MAY GET LIBYA'S CHEMICAL WEAPONS. There's just one problem with that, the New York Times reported more than a year ago that the last of those very chemical weapons had been destroyed\n\nhttp://www.infowars.com/saudi-newspaper-claims-islamic-state-may-get-libyas-chemical-weapons/\n\nDHS Casually Issues Terror Threat to Force Funding\n\nDHS secretary Jeh Johnson hit up five talk shows on Sunday, casually laying out an unfounded terror threat.\nThe Department of Homeland Security is just days away from seeing its funding expire.\nhttp://www.cnn.com/2015/02/22/politics/jeh-johnson-mall-of-america/\n\nObama\u2019s DHS Spent Nearly $150M on Office Furniture and Makeovers\nDHS funding has been increased each year under Obama administration\nhttp://freebeacon.com/issues/obamas-dhs-spent-nearly-150m-on-office-furniture-and-makeovers/\n\n\nFollow Alex on TWITTER - https://twitter.com/RealAlexJones\nLike Alex on FACEBOOK - https://www.facebook.com/AlexanderEmerickJones\nInfowars on G+ - https://plus.google.com/+infowars/\n\n:Web:\nhttp://www.infowars.com/\nhttp://www.prisonplanet.com/\nhttp://www.infowars.net/\n\n:Subscribe and share your login with 20 friends:\nhttp://www.prisonplanet.tv\nhttp://www.InfowarsNews.com\n\n\nVisit http://www.InfowarsLife.com to get the products Alex Jones and his family trust, while supporting the growth of our expanding media operation.\n\n[http://bit.ly/1L3gDSO] Ancient Defense\u2122\n[http://bit.ly/1EHbA6E] Secret-12\u2122\n[http://bit.ly/1txsOge] Oxy Powder\u2122\n[http://bit.ly/1s6cphV] Occu Power\u2122\n[http://bit.ly/1rGOLsG] DNA Force\u2122\n[http://bit.ly/1nIngBb] X2 Survival Shield\u2122\n[http://bit.ly/1kaXxKL] Super Female Vitality\u2122\n[http://bit.ly/1mhAKCO] Lung Cleanse\u2122\n[http://bit.ly/1mGbikx] Silver-Bullet - Colloidal Silver\u2122\n[http://bit.ly/1rUsgkl] Fluoride Shield\u2122\n[http://bit.ly/1xcoUfo] Super Male Vitality\u2122\n[http://bit.ly/1z5BCP9] Survival Shield - Nascent Iodine\u2122\n[http://bit.ly/1o4sQtc] Patriot Blend 100% Organic Coffee\u2122\n[http://bit.ly/1iVL6HB] Immune Support 100% Organic Coffee\u2122\n\nAll available at - http://www.infowarsshop.com/\n\nINFOWARS MAGAZINE - LATEST ISSUE\nhttp://www.infowarsshop.com/-Infowars-Magazine_c_65.html\n\n\nINFOWARS HEALTH - START GETTING HEALTHY BEFORE IT'S TOO LATE - http://www.infowarshealth.com/\n\nNewsletter Sign up / Infowars Underground Insider : http://www.infowars.com/newsletter", "categories": ["News & Politics"], "tags": ["Alex Jones", "Infowars", "Nightly News", "Police State", "Martial Law", "9/11", "Alternative Media", "Nuclear", "War", "putin", "ww3", "John Kerry", "irs", "cps", "Hillary Clinton", "Drones", "CIA", "NATO", "EU", "UN", "Obamacare", "Benghazi", "Al-Qaeda", "Prisonplanet", "NWO", "RealAlexJones", "truth", "media", "Weapon Of Mass Destruction (Literature Subject)", "Weapon (Interest)", "Chemical Arsenal", "Libya (Country)"], "subtitles": {}, "automatic_captions": {}, "duration": 411, "age_limit": 0, "annotations": null, "chapters": null, "webpage_url": "https://www.youtube.com/watch?v=L2VD9ALczYk", "view_count": 11975, "like_count": 128, "dislike_count": 4, "average_rating": 4.87878799438, "formats": [{"ext": "m4a", "format_note": "DASH audio", "acodec": "mp4a.40.5", "abr": 48, "container": "m4a_dash", "format_id": "139", "url": "https://r20---sn-4g57knl7.googlevideo.com/videoplayback?id=2f6543f402dccd89&itag=139&source=youtube&requiressl=yes&mv=m&ms=au&mn=sn-4g57knl7&ei=8eaKWdWZAcfEVefShagN&pl=16&mm=31&initcwndbps=4267500&ratebypass=yes&mime=audio/mp4&gir=yes&clen=2478571&lmt=1425621582722787&dur=410.760&key=dg_yt0&mt=1502275186&beids=[9466592]&signature=26640326501AE54F8E291E1FC67D98B18E22090C.75AA4B8D42F91D96D6A1460A184B41FAE4451962&ip=131.159.40.117&ipbits=0&expire=1502296913&sparams=ip,ipbits,expire,id,itag,source,requiressl,mv,ms,mn,ei,pl,mm,initcwndbps,ratebypass,mime,gir,clen,lmt,dur", "manifest_url": "https://manifest.googlevideo.com/api/manifest/dash/ip/131.159.40.117/key/yt6/mv/m/mt/1502275186/ms/au/beids/%5B9466592%5D/mn/sn-4g57knl7/sparams/as%2Cei%2Chfr%2Cid%2Cinitcwndbps%2Cip%2Cipbits%2Citag%2Cmm%2Cmn%2Cms%2Cmv%2Cpl%2Cplayback_host%2Crequiressl%2Csource%2Cexpire/id/2f6543f402dccd89/playback_host/r20---sn-4g57knl7.googlevideo.com/as/fmp4_audio_clear%2Cfmp4_sd_hd_clear/ei/8eaKWdWZAcfEVefShagN/requiressl/yes/ipbits/0/itag/0/pl/16/source/youtube/expire/1502296913/signature/DA364709FF1DFDB9FC15C7007697C7E982ED4E2E.53994FA081B1A1357433E2C832F937889F5150A5/mm/31/hfr/1/initcwndbps/4267500", "width": null, "height": null, "tbr": 49.413, "asr": 22050, "fps": null, "language": null, "filesize": 2478571, "vcodec": "none", "format": "139 - audio only (DASH audio)", "protocol": "https", "http_headers": {"User-Agent": "Mozilla/5.0 (X11; Linux x86_64; rv:10.0) Gecko/20150101 Firefox/47.0 (Chrome)", "Accept-Charset": "ISO-8859-1,utf-8;q=0.7,*;q=0.7", "Accept": "text/html,application/xhtml+xml,application/xml;q=0.9,*/*;q=0.8", "Accept-Encoding": "gzip, deflate", "Accept-Language": "en-us,en;q=0.5"}}, {"format_id": "249", "url": "https://r20---sn-4g57knl7.googlevideo.com/videoplayback?beids=%5B9466592%5D&signature=388B53F665BEEEF8E1783108D1FAA4741F6B9EC8.BFBF40C5C938B206BB3068F0A87147AFBCB8E042&lmt=1424843282951201&ipbits=0&itag=249&key=yt6&mime=audio%2Fwebm&keepalive=yes&pl=16&requiressl=yes&expire=1502296912&gir=yes&initcwndbps=4267500&sparams=clen%2Cdur%2Cei%2Cgir%2Cid%2Cinitcwndbps%2Cip%2Cipbits%2Citag%2Ckeepalive%2Clmt%2Cmime%2Cmm%2Cmn%2Cms%2Cmv%2Cpl%2Crequiressl%2Csource%2Cexpire&id=o-AM0j-AG3TH07Ls-rPx-XbV8fAUUkNMCzLGa_4FcIfLd3&ei=8OaKWYKCIISmVtfPi_AJ&ip=131.159.40.117&mv=m&mt=1502275186&mm=31&ms=au&dur=410.641&mn=sn-4g57knl7&source=youtube&clen=2595741&ratebypass=yes", "player_url": null, "ext": "webm", "format_note": "DASH audio", "acodec": "opus", "abr": 50, "filesize": 2595741, "tbr": 55.008, "vcodec": "none", "format": "249 - audio only (DASH audio)", "protocol": "https", "http_headers": {"User-Agent": "Mozilla/5.0 (X11; Linux x86_64; rv:10.0) Gecko/20150101 Firefox/47.0 (Chrome)", "Accept-Charset": "ISO-8859-1,utf-8;q=0.7,*;q=0.7", "Accept": "text/html,application/xhtml+xml,application/xml;q=0.9,*/*;q=0.8", "Accept-Encoding": "gzip, deflate", "Accept-Language": "en-us,en;q=0.5"}}, {"format_id": "250", "url": "https://r20---sn-4g57knl7.googlevideo.com/videoplayback?beids=%5B9466592%5D&signature=9D03B2DC61A3BDF11398EED78A525210A04310D0.7B7E473335F0C088C1019732AC37F69343D49C67&lmt=1424843280674697&ipbits=0&itag=250&key=yt6&mime=audio%2Fwebm&keepalive=yes&pl=16&requiressl=yes&expire=1502296912&gir=yes&initcwndbps=4267500&sparams=clen%2Cdur%2Cei%2Cgir%2Cid%2Cinitcwndbps%2Cip%2Cipbits%2Citag%2Ckeepalive%2Clmt%2Cmime%2Cmm%2Cmn%2Cms%2Cmv%2Cpl%2Crequiressl%2Csource%2Cexpire&id=o-AM0j-AG3TH07Ls-rPx-XbV8fAUUkNMCzLGa_4FcIfLd3&ei=8OaKWYKCIISmVtfPi_AJ&ip=131.159.40.117&mv=m&mt=1502275186&mm=31&ms=au&dur=410.641&mn=sn-4g57knl7&source=youtube&clen=3748547&ratebypass=yes", "player_url": null, "ext": "webm", "format_note": "DASH audio", "acodec": "opus", "abr": 70, "filesize": 3748547, "tbr": 78.254, "vcodec": "none", "format": "250 - audio only (DASH audio)", "protocol": "https", "http_headers": {"User-Agent": "Mozilla/5.0 (X11; Linux x86_64; rv:10.0) Gecko/20150101 Firefox/47.0 (Chrome)", "Accept-Charset": "ISO-8859-1,utf-8;q=0.7,*;q=0.7", "Accept": "text/html,application/xhtml+xml,application/xml;q=0.9,*/*;q=0.8", "Accept-Encoding": "gzip, deflate", "Accept-Language": "en-us,en;q=0.5"}}, {"ext": "m4a", "format_note": "DASH audio", "acodec": "mp4a.40.2", "abr": 128, "container": "m4a_dash", "format_id": "140", "url": "https://r20---sn-4g57knl7.googlevideo.com/videoplayback?id=2f6543f402dccd89&itag=140&source=youtube&requiressl=yes&mv=m&ms=au&mn=sn-4g57knl7&ei=8eaKWdWZAcfEVefShagN&pl=16&mm=31&initcwndbps=4267500&ratebypass=yes&mime=audio/mp4&gir=yes&clen=6593908&lmt=1425621579100965&dur=410.691&key=dg_yt0&mt=1502275186&beids=[9466592]&signature=35CC1A4F14C4367CB0CD724B16B91628CFD6BDB5.9B434AB48A56091836E31E3C3118E06CBAC9CEA8&ip=131.159.40.117&ipbits=0&expire=1502296913&sparams=ip,ipbits,expire,id,itag,source,requiressl,mv,ms,mn,ei,pl,mm,initcwndbps,ratebypass,mime,gir,clen,lmt,dur", "manifest_url": "https://manifest.googlevideo.com/api/manifest/dash/ip/131.159.40.117/key/yt6/mv/m/mt/1502275186/ms/au/beids/%5B9466592%5D/mn/sn-4g57knl7/sparams/as%2Cei%2Chfr%2Cid%2Cinitcwndbps%2Cip%2Cipbits%2Citag%2Cmm%2Cmn%2Cms%2Cmv%2Cpl%2Cplayback_host%2Crequiressl%2Csource%2Cexpire/id/2f6543f402dccd89/playback_host/r20---sn-4g57knl7.googlevideo.com/as/fmp4_audio_clear%2Cfmp4_sd_hd_clear/ei/8eaKWdWZAcfEVefShagN/requiressl/yes/ipbits/0/itag/0/pl/16/source/youtube/expire/1502296913/signature/DA364709FF1DFDB9FC15C7007697C7E982ED4E2E.53994FA081B1A1357433E2C832F937889F5150A5/mm/31/hfr/1/initcwndbps/4267500", "width": null, "height": null, "tbr": 129.586, "asr": 44100, "fps": null, "language": null, "filesize": 6593908, "vcodec": "none", "format": "140 - audio only (DASH audio)", "protocol": "https", "http_headers": {"User-Agent": "Mozilla/5.0 (X11; Linux x86_64; rv:10.0) Gecko/20150101 Firefox/47.0 (Chrome)", "Accept-Charset": "ISO-8859-1,utf-8;q=0.7,*;q=0.7", "Accept": "text/html,application/xhtml+xml,application/xml;q=0.9,*/*;q=0.8", "Accept-Encoding": "gzip, deflate", "Accept-Language": "en-us,en;q=0.5"}}, {"format_id": "171", "url": "https://r20---sn-4g57knl7.googlevideo.com/videoplayback?beids=%5B9466592%5D&signature=95A6BF242232DD522ACC0D2F3B7C31B95B4E1ABC.3ED81F39F4E684177B4C8F48F1BFABE99B0423C0&lmt=1424843282012023&ipbits=0&itag=171&key=yt6&mime=audio%2Fwebm&keepalive=yes&pl=16&requiressl=yes&expire=1502296912&gir=yes&initcwndbps=4267500&sparams=clen%2Cdur%2Cei%2Cgir%2Cid%2Cinitcwndbps%2Cip%2Cipbits%2Citag%2Ckeepalive%2Clmt%2Cmime%2Cmm%2Cmn%2Cms%2Cmv%2Cpl%2Crequiressl%2Csource%2Cexpire&id=o-AM0j-AG3TH07Ls-rPx-XbV8fAUUkNMCzLGa_4FcIfLd3&ei=8OaKWYKCIISmVtfPi_AJ&ip=131.159.40.117&mv=m&mt=1502275186&mm=31&ms=au&dur=410.635&mn=sn-4g57knl7&source=youtube&clen=5173218&ratebypass=yes", "player_url": null, "ext": "webm", "acodec": "vorbis", "format_note": "DASH audio", "abr": 128, "filesize": 5173218, "tbr": 133.763, "vcodec": "none", "format": "171 - audio only (DASH audio)", "protocol": "https", "http_headers": {"User-Agent": "Mozilla/5.0 (X11; Linux x86_64; rv:10.0) Gecko/20150101 Firefox/47.0 (Chrome)", "Accept-Charset": "ISO-8859-1,utf-8;q=0.7,*;q=0.7", "Accept": "text/html,application/xhtml+xml,application/xml;q=0.9,*/*;q=0.8", "Accept-Encoding": "gzip, deflate", "Accept-Language": "en-us,en;q=0.5"}}, {"format_id": "251", "url": "https://r20---sn-4g57knl7.googlevideo.com/videoplayback?beids=%5B9466592%5D&signature=C3BB045774C5BCC0FD5D4B5F08730C470E1ABF11.7D2BD67FE85669D918FD2BC08AEED752A97F13&lmt=1424843282926840&ipbits=0&itag=251&key=yt6&mime=audio%2Fwebm&keepalive=yes&pl=16&requiressl=yes&expire=1502296912&gir=yes&initcwndbps=4267500&sparams=clen%2Cdur%2Cei%2Cgir%2Cid%2Cinitcwndbps%2Cip%2Cipbits%2Citag%2Ckeepalive%2Clmt%2Cmime%2Cmm%2Cmn%2Cms%2Cmv%2Cpl%2Crequiressl%2Csource%2Cexpire&id=o-AM0j-AG3TH07Ls-rPx-XbV8fAUUkNMCzLGa_4FcIfLd3&ei=8OaKWYKCIISmVtfPi_AJ&ip=131.159.40.117&mv=m&mt=1502275186&mm=31&ms=au&dur=410.641&mn=sn-4g57knl7&source=youtube&clen=8426174&ratebypass=yes", "player_url": null, "ext": "webm", "format_note": "DASH audio", "acodec": "opus", "abr": 160, "filesize": 8426174, "tbr": 182.833, "vcodec": "none", "format": "251 - audio only (DASH audio)", "protocol": "https", "http_headers": {"User-Agent": "Mozilla/5.0 (X11; Linux x86_64; rv:10.0) Gecko/20150101 Firefox/47.0 (Chrome)", "Accept-Charset": "ISO-8859-1,utf-8;q=0.7,*;q=0.7", "Accept": "text/html,application/xhtml+xml,application/xml;q=0.9,*/*;q=0.8", "Accept-Encoding": "gzip, deflate", "Accept-Language": "en-us,en;q=0.5"}}, {"format_id": "278", "url": "https://r20---sn-4g57knl7.googlevideo.com/videoplayback?beids=%5B9466592%5D&signature=509A36FAD45E4BAAF7432281A12F9EEF175DBD4A.3EDBE646CC0848E62F1212C78E5CF82CDE0AC30A&lmt=1424843404277263&ipbits=0&itag=278&key=yt6&mime=video%2Fwebm&keepalive=yes&pl=16&requiressl=yes&expire=1502296912&gir=yes&initcwndbps=4267500&sparams=clen%2Cdur%2Cei%2Cgir%2Cid%2Cinitcwndbps%2Cip%2Cipbits%2Citag%2Ckeepalive%2Clmt%2Cmime%2Cmm%2Cmn%2Cms%2Cmv%2Cpl%2Crequiressl%2Csource%2Cexpire&id=o-AM0j-AG3TH07Ls-rPx-XbV8fAUUkNMCzLGa_4FcIfLd3&ei=8OaKWYKCIISmVtfPi_AJ&ip=131.159.40.117&mv=m&mt=1502275186&mm=31&ms=au&dur=410.610&mn=sn-4g57knl7&source=youtube&clen=3352751&ratebypass=yes", "player_url": null, "ext": "webm", "height": 144, "format_note": "144p", "container": "webm", "vcodec": "vp9", "filesize": 3352751, "tbr": 104.69, "width": 256, "fps": 15, "acodec": "none", "format": "278 - 256x144 (144p)", "protocol": "https", "http_headers": {"User-Agent": "Mozilla/5.0 (X11; Linux x86_64; rv:10.0) Gecko/20150101 Firefox/47.0 (Chrome)", "Accept-Charset": "ISO-8859-1,utf-8;q=0.7,*;q=0.7", "Accept": "text/html,application/xhtml+xml,application/xml;q=0.9,*/*;q=0.8", "Accept-Encoding": "gzip, deflate", "Accept-Language": "en-us,en;q=0.5"}}, {"ext": "mp4", "height": 144, "format_note": "DASH video", "vcodec": "avc1.4d400c", "format_id": "160", "url": "https://r20---sn-4g57knl7.googlevideo.com/videoplayback?id=2f6543f402dccd89&itag=160&source=youtube&requiressl=yes&mv=m&ms=au&mn=sn-4g57knl7&ei=8eaKWdWZAcfEVefShagN&pl=16&mm=31&initcwndbps=4267500&ratebypass=yes&mime=video/mp4&gir=yes&clen=5611934&lmt=1425621680685275&dur=410.676&key=dg_yt0&mt=1502275186&beids=[9466592]&signature=6587B1C3BAFFD7120796C21FFCCDDE4FE498384D.2193804F4ACE67FC66F672E1F06CB54C44717C4E&ip=131.159.40.117&ipbits=0&expire=1502296913&sparams=ip,ipbits,expire,id,itag,source,requiressl,mv,ms,mn,ei,pl,mm,initcwndbps,ratebypass,mime,gir,clen,lmt,dur", "manifest_url": "https://manifest.googlevideo.com/api/manifest/dash/ip/131.159.40.117/key/yt6/mv/m/mt/1502275186/ms/au/beids/%5B9466592%5D/mn/sn-4g57knl7/sparams/as%2Cei%2Chfr%2Cid%2Cinitcwndbps%2Cip%2Cipbits%2Citag%2Cmm%2Cmn%2Cms%2Cmv%2Cpl%2Cplayback_host%2Crequiressl%2Csource%2Cexpire/id/2f6543f402dccd89/playback_host/r20---sn-4g57knl7.googlevideo.com/as/fmp4_audio_clear%2Cfmp4_sd_hd_clear/ei/8eaKWdWZAcfEVefShagN/requiressl/yes/ipbits/0/itag/0/pl/16/source/youtube/expire/1502296913/signature/DA364709FF1DFDB9FC15C7007697C7E982ED4E2E.53994FA081B1A1357433E2C832F937889F5150A5/mm/31/hfr/1/initcwndbps/4267500", "width": 256, "tbr": 111.812, "asr": null, "fps": 15, "language": null, "filesize": 5611934, "acodec": "none", "format": "160 - 256x144 (DASH video)", "protocol": "https", "http_headers": {"User-Agent": "Mozilla/5.0 (X11; Linux x86_64; rv:10.0) Gecko/20150101 Firefox/47.0 (Chrome)", "Accept-Charset": "ISO-8859-1,utf-8;q=0.7,*;q=0.7", "Accept": "text/html,application/xhtml+xml,application/xml;q=0.9,*/*;q=0.8", "Accept-Encoding": "gzip, deflate", "Accept-Language": "en-us,en;q=0.5"}}, {"format_id": "242", "url": "https://r20---sn-4g57knl7.googlevideo.com/videoplayback?beids=%5B9466592%5D&signature=B72BDBD04D16572C0B746763B787C644771AD93F.65A01F2C2EBC0A82E7D2F2BD3E602ABFA917FC60&lmt=1424843349072126&ipbits=0&itag=242&key=yt6&mime=video%2Fwebm&keepalive=yes&pl=16&requiressl=yes&expire=1502296912&gir=yes&initcwndbps=4267500&sparams=clen%2Cdur%2Cei%2Cgir%2Cid%2Cinitcwndbps%2Cip%2Cipbits%2Citag%2Ckeepalive%2Clmt%2Cmime%2Cmm%2Cmn%2Cms%2Cmv%2Cpl%2Crequiressl%2Csource%2Cexpire&id=o-AM0j-AG3TH07Ls-rPx-XbV8fAUUkNMCzLGa_4FcIfLd3&ei=8OaKWYKCIISmVtfPi_AJ&ip=131.159.40.117&mv=m&mt=1502275186&mm=31&ms=au&dur=410.610&mn=sn-4g57knl7&source=youtube&clen=6307723&ratebypass=yes", "player_url": null, "ext": "webm", "height": 240, "format_note": "240p", "vcodec": "vp9", "filesize": 6307723, "tbr": 250.388, "width": 426, "fps": 30, "acodec": "none", "format": "242 - 426x240 (240p)", "protocol": "https", "http_headers": {"User-Agent": "Mozilla/5.0 (X11; Linux x86_64; rv:10.0) Gecko/20150101 Firefox/47.0 (Chrome)", "Accept-Charset": "ISO-8859-1,utf-8;q=0.7,*;q=0.7", "Accept": "text/html,application/xhtml+xml,application/xml;q=0.9,*/*;q=0.8", "Accept-Encoding": "gzip, deflate", "Accept-Language": "en-us,en;q=0.5"}}, {"ext": "mp4", "height": 240, "format_note": "DASH video", "vcodec": "avc1.4d4015", "format_id": "133", "url": "https://r20---sn-4g57knl7.googlevideo.com/videoplayback?id=2f6543f402dccd89&itag=133&source=youtube&requiressl=yes&mv=m&ms=au&mn=sn-4g57knl7&ei=8eaKWdWZAcfEVefShagN&pl=16&mm=31&initcwndbps=4267500&ratebypass=yes&mime=video/mp4&gir=yes&clen=12581649&lmt=1425621758164397&dur=410.643&key=dg_yt0&mt=1502275186&beids=[9466592]&signature=3FF14A904738F30701EBE6CF087FE3B8F0FCC525.7EBE8223913EE5C4EA412AAE2D52FA041282875C&ip=131.159.40.117&ipbits=0&expire=1502296913&sparams=ip,ipbits,expire,id,itag,source,requiressl,mv,ms,mn,ei,pl,mm,initcwndbps,ratebypass,mime,gir,clen,lmt,dur", "manifest_url": "https://manifest.googlevideo.com/api/manifest/dash/ip/131.159.40.117/key/yt6/mv/m/mt/1502275186/ms/au/beids/%5B9466592%5D/mn/sn-4g57knl7/sparams/as%2Cei%2Chfr%2Cid%2Cinitcwndbps%2Cip%2Cipbits%2Citag%2Cmm%2Cmn%2Cms%2Cmv%2Cpl%2Cplayback_host%2Crequiressl%2Csource%2Cexpire/id/2f6543f402dccd89/playback_host/r20---sn-4g57knl7.googlevideo.com/as/fmp4_audio_clear%2Cfmp4_sd_hd_clear/ei/8eaKWdWZAcfEVefShagN/requiressl/yes/ipbits/0/itag/0/pl/16/source/youtube/expire/1502296913/signature/DA364709FF1DFDB9FC15C7007697C7E982ED4E2E.53994FA081B1A1357433E2C832F937889F5150A5/mm/31/hfr/1/initcwndbps/4267500", "width": 426, "tbr": 256.415, "asr": null, "fps": 30, "language": null, "filesize": 12581649, "acodec": "none", "format": "133 - 426x240 (DASH video)", "protocol": "https", "http_headers": {"User-Agent": "Mozilla/5.0 (X11; Linux x86_64; rv:10.0) Gecko/20150101 Firefox/47.0 (Chrome)", "Accept-Charset": "ISO-8859-1,utf-8;q=0.7,*;q=0.7", "Accept": "text/html,application/xhtml+xml,application/xml;q=0.9,*/*;q=0.8", "Accept-Encoding": "gzip, deflate", "Accept-Language": "en-us,en;q=0.5"}}, {"format_id": "243", "url": "https://r20---sn-4g57knl7.googlevideo.com/videoplayback?beids=%5B9466592%5D&signature=10B64D717BC3C861E6FBD4C94BE0F8A200E3E059.7A2ECE779C41C0BC1A4A5878B2BC5FB37E8C5B04&lmt=1424843394803455&ipbits=0&itag=243&key=yt6&mime=video%2Fwebm&keepalive=yes&pl=16&requiressl=yes&expire=1502296912&gir=yes&initcwndbps=4267500&sparams=clen%2Cdur%2Cei%2Cgir%2Cid%2Cinitcwndbps%2Cip%2Cipbits%2Citag%2Ckeepalive%2Clmt%2Cmime%2Cmm%2Cmn%2Cms%2Cmv%2Cpl%2Crequiressl%2Csource%2Cexpire&id=o-AM0j-AG3TH07Ls-rPx-XbV8fAUUkNMCzLGa_4FcIfLd3&ei=8OaKWYKCIISmVtfPi_AJ&ip=131.159.40.117&mv=m&mt=1502275186&mm=31&ms=au&dur=410.610&mn=sn-4g57knl7&source=youtube&clen=12009915&ratebypass=yes", "player_url": null, "ext": "webm", "height": 360, "format_note": "360p", "vcodec": "vp9", "filesize": 12009915, "tbr": 457.611, "width": 640, "fps": 30, "acodec": "none", "format": "243 - 640x360 (360p)", "protocol": "https", "http_headers": {"User-Agent": "Mozilla/5.0 (X11; Linux x86_64; rv:10.0) Gecko/20150101 Firefox/47.0 (Chrome)", "Accept-Charset": "ISO-8859-1,utf-8;q=0.7,*;q=0.7", "Accept": "text/html,application/xhtml+xml,application/xml;q=0.9,*/*;q=0.8", "Accept-Encoding": "gzip, deflate", "Accept-Language": "en-us,en;q=0.5"}}, {"ext": "mp4", "height": 360, "format_note": "DASH video", "vcodec": "avc1.4d401e", "format_id": "134", "url": "https://r20---sn-4g57knl7.googlevideo.com/videoplayback?id=2f6543f402dccd89&itag=134&source=youtube&requiressl=yes&mv=m&ms=au&mn=sn-4g57knl7&ei=8eaKWdWZAcfEVefShagN&pl=16&mm=31&initcwndbps=4267500&ratebypass=yes&mime=video/mp4&gir=yes&clen=13481516&lmt=1425621748233365&dur=410.643&key=dg_yt0&mt=1502275186&beids=[9466592]&signature=20BE11CB3B5EAE9FC1F4BC480CFB42E1D549B81F.1C5BED8ABB37A21E0A6D5E55E10F20500B7C06C1&ip=131.159.40.117&ipbits=0&expire=1502296913&sparams=ip,ipbits,expire,id,itag,source,requiressl,mv,ms,mn,ei,pl,mm,initcwndbps,ratebypass,mime,gir,clen,lmt,dur", "manifest_url": "https://manifest.googlevideo.com/api/manifest/dash/ip/131.159.40.117/key/yt6/mv/m/mt/1502275186/ms/au/beids/%5B9466592%5D/mn/sn-4g57knl7/sparams/as%2Cei%2Chfr%2Cid%2Cinitcwndbps%2Cip%2Cipbits%2Citag%2Cmm%2Cmn%2Cms%2Cmv%2Cpl%2Cplayback_host%2Crequiressl%2Csource%2Cexpire/id/2f6543f402dccd89/playback_host/r20---sn-4g57knl7.googlevideo.com/as/fmp4_audio_clear%2Cfmp4_sd_hd_clear/ei/8eaKWdWZAcfEVefShagN/requiressl/yes/ipbits/0/itag/0/pl/16/source/youtube/expire/1502296913/signature/DA364709FF1DFDB9FC15C7007697C7E982ED4E2E.53994FA081B1A1357433E2C832F937889F5150A5/mm/31/hfr/1/initcwndbps/4267500", "width": 640, "tbr": 514.781, "asr": null, "fps": 30, "language": null, "filesize": 13481516, "acodec": "none", "format": "134 - 640x360 (DASH video)", "protocol": "https", "http_headers": {"User-Agent": "Mozilla/5.0 (X11; Linux x86_64; rv:10.0) Gecko/20150101 Firefox/47.0 (Chrome)", "Accept-Charset": "ISO-8859-1,utf-8;q=0.7,*;q=0.7", "Accept": "text/html,application/xhtml+xml,application/xml;q=0.9,*/*;q=0.8", "Accept-Encoding": "gzip, deflate", "Accept-Language": "en-us,en;q=0.5"}}, {"format_id": "244", "url": "https://r20---sn-4g57knl7.googlevideo.com/videoplayback?beids=%5B9466592%5D&signature=0664B9EC2A5E0AD1FA60C59FA80831D26B1597F7.B5A32733BCBE8414CF2008DFD3822770BA9C6F2F&lmt=1424843419545623&ipbits=0&itag=244&key=yt6&mime=video%2Fwebm&keepalive=yes&pl=16&requiressl=yes&expire=1502296912&gir=yes&initcwndbps=4267500&sparams=clen%2Cdur%2Cei%2Cgir%2Cid%2Cinitcwndbps%2Cip%2Cipbits%2Citag%2Ckeepalive%2Clmt%2Cmime%2Cmm%2Cmn%2Cms%2Cmv%2Cpl%2Crequiressl%2Csource%2Cexpire&id=o-AM0j-AG3TH07Ls-rPx-XbV8fAUUkNMCzLGa_4FcIfLd3&ei=8OaKWYKCIISmVtfPi_AJ&ip=131.159.40.117&mv=m&mt=1502275186&mm=31&ms=au&dur=410.610&mn=sn-4g57knl7&source=youtube&clen=20129619&ratebypass=yes", "player_url": null, "ext": "webm", "height": 480, "format_note": "480p", "vcodec": "vp9", "filesize": 20129619, "tbr": 787.051, "width": 854, "fps": 30, "acodec": "none", "format": "244 - 854x480 (480p)", "protocol": "https", "http_headers": {"User-Agent": "Mozilla/5.0 (X11; Linux x86_64; rv:10.0) Gecko/20150101 Firefox/47.0 (Chrome)", "Accept-Charset": "ISO-8859-1,utf-8;q=0.7,*;q=0.7", "Accept": "text/html,application/xhtml+xml,application/xml;q=0.9,*/*;q=0.8", "Accept-Encoding": "gzip, deflate", "Accept-Language": "en-us,en;q=0.5"}}, {"ext": "mp4", "height": 480, "format_note": "DASH video", "vcodec": "avc1.4d401f", "format_id": "135", "url": "https://r20---sn-4g57knl7.googlevideo.com/videoplayback?id=2f6543f402dccd89&itag=135&source=youtube&requiressl=yes&mv=m&ms=au&mn=sn-4g57knl7&ei=8eaKWdWZAcfEVefShagN&pl=16&mm=31&initcwndbps=4267500&ratebypass=yes&mime=video/mp4&gir=yes&clen=27295648&lmt=1425621883969399&dur=410.643&key=dg_yt0&mt=1502275186&beids=[9466592]&signature=1ACC5094A65565D371003936764EEF6455445590.4EA9378263B57BFD9C5F9550BD1B4380979E1E3A&ip=131.159.40.117&ipbits=0&expire=1502296913&sparams=ip,ipbits,expire,id,itag,source,requiressl,mv,ms,mn,ei,pl,mm,initcwndbps,ratebypass,mime,gir,clen,lmt,dur", "manifest_url": "https://manifest.googlevideo.com/api/manifest/dash/ip/131.159.40.117/key/yt6/mv/m/mt/1502275186/ms/au/beids/%5B9466592%5D/mn/sn-4g57knl7/sparams/as%2Cei%2Chfr%2Cid%2Cinitcwndbps%2Cip%2Cipbits%2Citag%2Cmm%2Cmn%2Cms%2Cmv%2Cpl%2Cplayback_host%2Crequiressl%2Csource%2Cexpire/id/2f6543f402dccd89/playback_host/r20---sn-4g57knl7.googlevideo.com/as/fmp4_audio_clear%2Cfmp4_sd_hd_clear/ei/8eaKWdWZAcfEVefShagN/requiressl/yes/ipbits/0/itag/0/pl/16/source/youtube/expire/1502296913/signature/DA364709FF1DFDB9FC15C7007697C7E982ED4E2E.53994FA081B1A1357433E2C832F937889F5150A5/mm/31/hfr/1/initcwndbps/4267500", "width": 854, "tbr": 959.181, "asr": null, "fps": 30, "language": null, "filesize": 27295648, "acodec": "none", "format": "135 - 854x480 (DASH video)", "protocol": "https", "http_headers": {"User-Agent": "Mozilla/5.0 (X11; Linux x86_64; rv:10.0) Gecko/20150101 Firefox/47.0 (Chrome)", "Accept-Charset": "ISO-8859-1,utf-8;q=0.7,*;q=0.7", "Accept": "text/html,application/xhtml+xml,application/xml;q=0.9,*/*;q=0.8", "Accept-Encoding": "gzip, deflate", "Accept-Language": "en-us,en;q=0.5"}}, {"format_id": "247", "url": "https://r20---sn-4g57knl7.googlevideo.com/videoplayback?beids=%5B9466592%5D&signature=5FE513B50EFC4301509CED4491F62142080C35DC.33119CF6887C9F2AB03EB7283C9ED5BCEA61757E&lmt=1424843474088935&ipbits=0&itag=247&key=yt6&mime=video%2Fwebm&keepalive=yes&pl=16&requiressl=yes&expire=1502296912&gir=yes&initcwndbps=4267500&sparams=clen%2Cdur%2Cei%2Cgir%2Cid%2Cinitcwndbps%2Cip%2Cipbits%2Citag%2Ckeepalive%2Clmt%2Cmime%2Cmm%2Cmn%2Cms%2Cmv%2Cpl%2Crequiressl%2Csource%2Cexpire&id=o-AM0j-AG3TH07Ls-rPx-XbV8fAUUkNMCzLGa_4FcIfLd3&ei=8OaKWYKCIISmVtfPi_AJ&ip=131.159.40.117&mv=m&mt=1502275186&mm=31&ms=au&dur=410.610&mn=sn-4g57knl7&source=youtube&clen=46490312&ratebypass=yes", "player_url": null, "ext": "webm", "height": 720, "format_note": "720p", "vcodec": "vp9", "filesize": 46490312, "tbr": 1622.439, "width": 1280, "fps": 30, "acodec": "none", "format": "247 - 1280x720 (720p)", "protocol": "https", "http_headers": {"User-Agent": "Mozilla/5.0 (X11; Linux x86_64; rv:10.0) Gecko/20150101 Firefox/47.0 (Chrome)", "Accept-Charset": "ISO-8859-1,utf-8;q=0.7,*;q=0.7", "Accept": "text/html,application/xhtml+xml,application/xml;q=0.9,*/*;q=0.8", "Accept-Encoding": "gzip, deflate", "Accept-Language": "en-us,en;q=0.5"}}, {"ext": "mp4", "height": 720, "format_note": "DASH video", "vcodec": "avc1.4d401f", "format_id": "136", "url": "https://r20---sn-4g57knl7.googlevideo.com/videoplayback?id=2f6543f402dccd89&itag=136&source=youtube&requiressl=yes&mv=m&ms=au&mn=sn-4g57knl7&ei=8eaKWdWZAcfEVefShagN&pl=16&mm=31&initcwndbps=4267500&ratebypass=yes&mime=video/mp4&gir=yes&clen=55728774&lmt=1425621861697036&dur=410.643&key=dg_yt0&mt=1502275186&beids=[9466592]&signature=39EE2476BFE4AF390B23BF1F9D9DA1294092B742.57CAA7CD62AC56ABE3475B63E5EAB0372AD9697D&ip=131.159.40.117&ipbits=0&expire=1502296913&sparams=ip,ipbits,expire,id,itag,source,requiressl,mv,ms,mn,ei,pl,mm,initcwndbps,ratebypass,mime,gir,clen,lmt,dur", "manifest_url": "https://manifest.googlevideo.com/api/manifest/dash/ip/131.159.40.117/key/yt6/mv/m/mt/1502275186/ms/au/beids/%5B9466592%5D/mn/sn-4g57knl7/sparams/as%2Cei%2Chfr%2Cid%2Cinitcwndbps%2Cip%2Cipbits%2Citag%2Cmm%2Cmn%2Cms%2Cmv%2Cpl%2Cplayback_host%2Crequiressl%2Csource%2Cexpire/id/2f6543f402dccd89/playback_host/r20---sn-4g57knl7.googlevideo.com/as/fmp4_audio_clear%2Cfmp4_sd_hd_clear/ei/8eaKWdWZAcfEVefShagN/requiressl/yes/ipbits/0/itag/0/pl/16/source/youtube/expire/1502296913/signature/DA364709FF1DFDB9FC15C7007697C7E982ED4E2E.53994FA081B1A1357433E2C832F937889F5150A5/mm/31/hfr/1/initcwndbps/4267500", "width": 1280, "tbr": 1948.107, "asr": null, "fps": 30, "language": null, "filesize": 55728774, "acodec": "none", "format": "136 - 1280x720 (DASH video)", "protocol": "https", "http_headers": {"User-Agent": "Mozilla/5.0 (X11; Linux x86_64; rv:10.0) Gecko/20150101 Firefox/47.0 (Chrome)", "Accept-Charset": "ISO-8859-1,utf-8;q=0.7,*;q=0.7", "Accept": "text/html,application/xhtml+xml,application/xml;q=0.9,*/*;q=0.8", "Accept-Encoding": "gzip, deflate", "Accept-Language": "en-us,en;q=0.5"}}, {"format_id": "17", "url": "https://r20---sn-4g57knl7.googlevideo.com/videoplayback?beids=%5B9466592%5D&signature=950C3B26881DFB22C8F44139EC2474A0710C75C3.99B5A7FC768CB95D536A0E9BAA2F044E3E4DCFD1&lmt=1424739461548115&ipbits=0&itag=17&key=yt6&mime=video%2F3gpp&pl=16&requiressl=yes&expire=1502296912&gir=yes&initcwndbps=4267500&sparams=clen%2Cdur%2Cei%2Cgir%2Cid%2Cinitcwndbps%2Cip%2Cipbits%2Citag%2Clmt%2Cmime%2Cmm%2Cmn%2Cms%2Cmv%2Cpl%2Crequiressl%2Csource%2Cexpire&id=o-AM0j-AG3TH07Ls-rPx-XbV8fAUUkNMCzLGa_4FcIfLd3&ei=8OaKWYKCIISmVtfPi_AJ&ip=131.159.40.117&mv=m&mt=1502275186&mm=31&ms=au&dur=410.853&mn=sn-4g57knl7&source=youtube&clen=4193861&ratebypass=yes", "player_url": null, "ext": "3gp", "width": 176, "height": 144, "acodec": "mp4a.40.2", "abr": 24, "vcodec": "mp4v.20.3", "resolution": "176x144", "format_note": "small", "format": "17 - 176x144 (small)", "protocol": "https", "http_headers": {"User-Agent": "Mozilla/5.0 (X11; Linux x86_64; rv:10.0) Gecko/20150101 Firefox/47.0 (Chrome)", "Accept-Charset": "ISO-8859-1,utf-8;q=0.7,*;q=0.7", "Accept": "text/html,application/xhtml+xml,application/xml;q=0.9,*/*;q=0.8", "Accept-Encoding": "gzip, deflate", "Accept-Language": "en-us,en;q=0.5"}}, {"format_id": "36", "url": "https://r20---sn-4g57knl7.googlevideo.com/videoplayback?beids=%5B9466592%5D&signature=B28F38B15CF005AC4F80904A67A4B1F7D52BF3FB.3E81DEDD608026D2950AE4E0CC9B79A0EA15A776&lmt=1424739500581154&ipbits=0&itag=36&key=yt6&mime=video%2F3gpp&pl=16&requiressl=yes&expire=1502296912&gir=yes&initcwndbps=4267500&sparams=clen%2Cdur%2Cei%2Cgir%2Cid%2Cinitcwndbps%2Cip%2Cipbits%2Citag%2Clmt%2Cmime%2Cmm%2Cmn%2Cms%2Cmv%2Cpl%2Crequiressl%2Csource%2Cexpire&id=o-AM0j-AG3TH07Ls-rPx-XbV8fAUUkNMCzLGa_4FcIfLd3&ei=8OaKWYKCIISmVtfPi_AJ&ip=131.159.40.117&mv=m&mt=1502275186&mm=31&ms=au&dur=410.853&mn=sn-4g57knl7&source=youtube&clen=11630205&ratebypass=yes", "player_url": null, "ext": "3gp", "width": 320, "acodec": "mp4a.40.2", "vcodec": "mp4v.20.3", "resolution": "320x180", "height": 180, "format_note": "small", "format": "36 - 320x180 (small)", "protocol": "https", "http_headers": {"User-Agent": "Mozilla/5.0 (X11; Linux x86_64; rv:10.0) Gecko/20150101 Firefox/47.0 (Chrome)", "Accept-Charset": "ISO-8859-1,utf-8;q=0.7,*;q=0.7", "Accept": "text/html,application/xhtml+xml,application/xml;q=0.9,*/*;q=0.8", "Accept-Encoding": "gzip, deflate", "Accept-Language": "en-us,en;q=0.5"}}, {"format_id": "43", "url": "https://r20---sn-4g57knl7.googlevideo.com/videoplayback?beids=%5B9466592%5D&signature=527B29E0937D93EBB2FCD9ED008245650949561B.7B7A9E0E1E40D1DF28F7CFF083D2230194EB791F&lmt=1424739941614348&ipbits=0&itag=43&key=yt6&mime=video%2Fwebm&pl=16&requiressl=yes&expire=1502296912&gir=yes&initcwndbps=4267500&sparams=clen%2Cdur%2Cei%2Cgir%2Cid%2Cinitcwndbps%2Cip%2Cipbits%2Citag%2Clmt%2Cmime%2Cmm%2Cmn%2Cms%2Cmv%2Cpl%2Cratebypass%2Crequiressl%2Csource%2Cexpire&id=o-AM0j-AG3TH07Ls-rPx-XbV8fAUUkNMCzLGa_4FcIfLd3&ei=8OaKWYKCIISmVtfPi_AJ&ip=131.159.40.117&mv=m&mt=1502275186&mm=31&ms=au&dur=0.000&ratebypass=yes&mn=sn-4g57knl7&source=youtube&clen=32285523", "player_url": null, "ext": "webm", "width": 640, "height": 360, "acodec": "vorbis", "abr": 128, "vcodec": "vp8.0", "resolution": "640x360", "format_note": "medium", "format": "43 - 640x360 (medium)", "protocol": "https", "http_headers": {"User-Agent": "Mozilla/5.0 (X11; Linux x86_64; rv:10.0) Gecko/20150101 Firefox/47.0 (Chrome)", "Accept-Charset": "ISO-8859-1,utf-8;q=0.7,*;q=0.7", "Accept": "text/html,application/xhtml+xml,application/xml;q=0.9,*/*;q=0.8", "Accept-Encoding": "gzip, deflate", "Accept-Language": "en-us,en;q=0.5"}}, {"format_id": "18", "url": "https://r20---sn-4g57knl7.googlevideo.com/videoplayback?beids=%5B9466592%5D&signature=27183334A68535A1E778B2212453EBCB8DCD5D5C.D6813621D1D39951FB500C45FF750B9D127FF1C3&lmt=1425621579402416&ipbits=0&itag=18&key=yt6&mime=video%2Fmp4&pl=16&requiressl=yes&expire=1502296912&gir=yes&initcwndbps=4267500&sparams=clen%2Cdur%2Cei%2Cgir%2Cid%2Cinitcwndbps%2Cip%2Cipbits%2Citag%2Clmt%2Cmime%2Cmm%2Cmn%2Cms%2Cmv%2Cpl%2Cratebypass%2Crequiressl%2Csource%2Cexpire&id=o-AM0j-AG3TH07Ls-rPx-XbV8fAUUkNMCzLGa_4FcIfLd3&ei=8OaKWYKCIISmVtfPi_AJ&ip=131.159.40.117&mv=m&mt=1502275186&mm=31&ms=au&dur=410.691&ratebypass=yes&mn=sn-4g57knl7&source=youtube&clen=25979966", "player_url": null, "ext": "mp4", "width": 640, "height": 360, "acodec": "mp4a.40.2", "abr": 96, "vcodec": "avc1.42001E", "resolution": "640x360", "format_note": "medium", "format": "18 - 640x360 (medium)", "protocol": "https", "http_headers": {"User-Agent": "Mozilla/5.0 (X11; Linux x86_64; rv:10.0) Gecko/20150101 Firefox/47.0 (Chrome)", "Accept-Charset": "ISO-8859-1,utf-8;q=0.7,*;q=0.7", "Accept": "text/html,application/xhtml+xml,application/xml;q=0.9,*/*;q=0.8", "Accept-Encoding": "gzip, deflate", "Accept-Language": "en-us,en;q=0.5"}}, {"format_id": "22", "url": "https://r20---sn-4g57knl7.googlevideo.com/videoplayback?initcwndbps=4267500&beids=%5B9466592%5D&signature=E008A10FE94251BBB287A04C5B91065AA8D398E7.6FA3044A54FFFE0607F321873679828FED8AAFE5&lmt=1471184583153090&sparams=dur%2Cei%2Cid%2Cinitcwndbps%2Cip%2Cipbits%2Citag%2Clmt%2Cmime%2Cmm%2Cmn%2Cms%2Cmv%2Cpl%2Cratebypass%2Crequiressl%2Csource%2Cexpire&id=o-AM0j-AG3TH07Ls-rPx-XbV8fAUUkNMCzLGa_4FcIfLd3&ipbits=0&ei=8OaKWYKCIISmVtfPi_AJ&itag=22&key=yt6&ip=131.159.40.117&mime=video%2Fmp4&mv=m&mt=1502275186&ms=au&pl=16&requiressl=yes&dur=410.691&expire=1502296912&ratebypass=yes&mn=sn-4g57knl7&source=youtube&mm=31", "player_url": null, "ext": "mp4", "width": 1280, "height": 720, "acodec": "mp4a.40.2", "abr": 192, "vcodec": "avc1.64001F", "resolution": "1280x720", "format_note": "hd720", "format": "22 - 1280x720 (hd720)", "protocol": "https", "http_headers": {"User-Agent": "Mozilla/5.0 (X11; Linux x86_64; rv:10.0) Gecko/20150101 Firefox/47.0 (Chrome)", "Accept-Charset": "ISO-8859-1,utf-8;q=0.7,*;q=0.7", "Accept": "text/html,application/xhtml+xml,application/xml;q=0.9,*/*;q=0.8", "Accept-Encoding": "gzip, deflate", "Accept-Language": "en-us,en;q=0.5"}}], "is_live": null, "start_time": null, "end_time": null, "series": null, "season_number": null, "episode_number": null, "extractor": "youtube", "webpage_url_basename": "L2VD9ALczYk", "extractor_key": "Youtube", "playlist": null, "playlist_index": null, "thumbnails": [{"url": "https://i.ytimg.com/vi/L2VD9ALczYk/hqdefault.jpg", "id": "0"}], "display_id": "L2VD9ALczYk", "ext": "mp4", "height": 720, "format_note": "DASH video", "vcodec": "avc1.4d401f", "format_id": "136", "url": "https://r20---sn-4g57knl7.googlevideo.com/videoplayback?id=2f6543f402dccd89&itag=136&source=youtube&requiressl=yes&mv=m&ms=au&mn=sn-4g57knl7&ei=8eaKWdWZAcfEVefShagN&pl=16&mm=31&initcwndbps=4267500&ratebypass=yes&mime=video/mp4&gir=yes&clen=55728774&lmt=1425621861697036&dur=410.643&key=dg_yt0&mt=1502275186&beids=[9466592]&signature=39EE2476BFE4AF390B23BF1F9D9DA1294092B742.57CAA7CD62AC56ABE3475B63E5EAB0372AD9697D&ip=131.159.40.117&ipbits=0&expire=1502296913&sparams=ip,ipbits,expire,id,itag,source,requiressl,mv,ms,mn,ei,pl,mm,initcwndbps,ratebypass,mime,gir,clen,lmt,dur", "manifest_url": "https://manifest.googlevideo.com/api/manifest/dash/ip/131.159.40.117/key/yt6/mv/m/mt/1502275186/ms/au/beids/%5B9466592%5D/mn/sn-4g57knl7/sparams/as%2Cei%2Chfr%2Cid%2Cinitcwndbps%2Cip%2Cipbits%2Citag%2Cmm%2Cmn%2Cms%2Cmv%2Cpl%2Cplayback_host%2Crequiressl%2Csource%2Cexpire/id/2f6543f402dccd89/playback_host/r20---sn-4g57knl7.googlevideo.com/as/fmp4_audio_clear%2Cfmp4_sd_hd_clear/ei/8eaKWdWZAcfEVefShagN/requiressl/yes/ipbits/0/itag/0/pl/16/source/youtube/expire/1502296913/signature/DA364709FF1DFDB9FC15C7007697C7E982ED4E2E.53994FA081B1A1357433E2C832F937889F5150A5/mm/31/hfr/1/initcwndbps/4267500", "width": 1280, "tbr": 1948.107, "asr": null, "fps": 30, "language": null, "filesize": 55728774, "acodec": "none", "format": "136 - 1280x720 (DASH video)", "protocol": "https", "http_headers": {"User-Agent": "Mozilla/5.0 (X11; Linux x86_64; rv:10.0) Gecko/20150101 Firefox/47.0 (Chrome)", "Accept-Charset": "ISO-8859-1,utf-8;q=0.7,*;q=0.7", "Accept": "text/html,application/xhtml+xml,application/xml;q=0.9,*/*;q=0.8", "Accept-Encoding": "gzip, deflate", "Accept-Language": "en-us,en;q=0.5"}, "fulltitle": "BUSTED: Saudis \"Weapons of Mass Destruction\" Whopper", "_filename": "L2VD9ALczYk.mp4"}