{"id": "gbQK8ucIcAw", "uploader": "CBS", "uploader_id": "CBS", "uploader_url": "http://www.youtube.com/user/CBS", "upload_date": "20120130", "license": "Standard YouTube License", "creator": null, "title": "Medical mystery: \"Conversion Disorder\"", "alt_title": null, "thumbnail": "https://i.ytimg.com/vi/gbQK8ucIcAw/maxresdefault.jpg", "description": "Charlie Rose and Erica Hill speak with Dr. Jennifer McVige, a pediatric neurologist, about the mysterious illness that has more than a dozen N.Y. teens from the same upstate school suffering from tics.", "categories": ["News & Politics"], "tags": ["cbsepisode", "conversion", "disorder", "medical", "mystery", "ny", "teens", "girls", "le", "roy", "CBS", "This", "morning", "teen", "Adolescence", "illness", "stress", "loss", "of", "motor", "control", "Health", "anxiety", "depression"], "subtitles": {}, "automatic_captions": {}, "duration": 196, "age_limit": 0, "annotations": null, "chapters": null, "webpage_url": "https://www.youtube.com/watch?v=gbQK8ucIcAw", "view_count": 49418, "like_count": 83, "dislike_count": 9, "average_rating": 4.60869550705, "formats": [{"ext": "m4a", "format_note": "DASH audio", "acodec": "mp4a.40.5", "abr": 48, "container": "m4a_dash", "format_id": "139", "url": "https://r3---sn-4g5e6nes.googlevideo.com/videoplayback?id=81b40af2e708700c&itag=139&source=youtube&requiressl=yes&ms=au&ei=vyGKWdWIDZTpcMrepbgG&mv=m&initcwndbps=3566250&pl=16&mn=sn-4g5e6nes&mm=31&ratebypass=yes&mime=audio/mp4&gir=yes&clen=1168544&lmt=1393636418589877&dur=196.394&key=dg_yt0&signature=25675B3DAB21422FCB23C30B35957F3496629E5B.5C3A7872AB706F15619B801CD10C048233830916&mt=1502224732&ip=131.159.40.117&ipbits=0&expire=1502246431&sparams=ip,ipbits,expire,id,itag,source,requiressl,ms,ei,mv,initcwndbps,pl,mn,mm,ratebypass,mime,gir,clen,lmt,dur", "manifest_url": "https://manifest.googlevideo.com/api/manifest/dash/itag/0/source/youtube/ms/au/ei/vyGKWdWIDZTpcMrepbgG/requiressl/yes/mv/m/as/fmp4_audio_clear%2Cfmp4_sd_hd_clear/id/81b40af2e708700c/expire/1502246431/initcwndbps/3566250/key/yt6/ip/131.159.40.117/signature/90970D8A01138D37BAA56AA3CEBB5551D4AB5516.0E6A174179993E01185E92606FC4898C94879E7D/playback_host/r3---sn-4g5e6nes.googlevideo.com/mt/1502224732/pl/16/mn/sn-4g5e6nes/mm/31/hfr/1/sparams/as%2Cei%2Chfr%2Cid%2Cinitcwndbps%2Cip%2Cipbits%2Citag%2Cmm%2Cmn%2Cms%2Cmv%2Cpl%2Cplayback_host%2Crequiressl%2Csource%2Cexpire/ipbits/0", "width": null, "height": null, "tbr": 48.425, "asr": 22050, "fps": null, "language": null, "filesize": 1168544, "vcodec": "none", "format": "139 - audio only (DASH audio)", "protocol": "https", "http_headers": {"User-Agent": "Mozilla/5.0 (X11; Linux x86_64; rv:10.0) Gecko/20150101 Firefox/47.0 (Chrome)", "Accept-Charset": "ISO-8859-1,utf-8;q=0.7,*;q=0.7", "Accept": "text/html,application/xhtml+xml,application/xml;q=0.9,*/*;q=0.8", "Accept-Encoding": "gzip, deflate", "Accept-Language": "en-us,en;q=0.5"}}, {"format_id": "171", "url": "https://r3---sn-4g5e6nes.googlevideo.com/videoplayback?pl=16&mime=audio%2Fwebm&clen=2078168&expire=1502246430&keepalive=yes&mn=sn-4g5e6nes&mm=31&itag=171&ms=au&initcwndbps=3566250&mv=m&ei=viGKWY7WIYr6csXNuYAF&mt=1502224732&sparams=clen%2Cdur%2Cei%2Cgir%2Cid%2Cinitcwndbps%2Cip%2Cipbits%2Citag%2Ckeepalive%2Clmt%2Cmime%2Cmm%2Cmn%2Cms%2Cmv%2Cpl%2Crequiressl%2Csource%2Cexpire&signature=2569AA8D2198E8E0EABD72F3CC0D304E78612E2A.45723932E36EE77E8F206CDD96D706FD8D055FD5&gir=yes&requiressl=yes&ipbits=0&ip=131.159.40.117&id=o-ACvD43-9G-PefwL9Nbf2FE14Eo-CeKjAqbdF8hb9KDc2&lmt=1405798856775727&dur=196.254&source=youtube&key=yt6&ratebypass=yes", "player_url": null, "ext": "webm", "acodec": "vorbis", "format_note": "DASH audio", "abr": 128, "filesize": 2078168, "tbr": 88.81, "fps": 1, "vcodec": "none", "format": "171 - audio only (DASH audio)", "protocol": "https", "http_headers": {"User-Agent": "Mozilla/5.0 (X11; Linux x86_64; rv:10.0) Gecko/20150101 Firefox/47.0 (Chrome)", "Accept-Charset": "ISO-8859-1,utf-8;q=0.7,*;q=0.7", "Accept": "text/html,application/xhtml+xml,application/xml;q=0.9,*/*;q=0.8", "Accept-Encoding": "gzip, deflate", "Accept-Language": "en-us,en;q=0.5"}}, {"ext": "m4a", "format_note": "DASH audio", "acodec": "mp4a.40.2", "abr": 128, "container": "m4a_dash", "format_id": "140", "url": "https://r3---sn-4g5e6nes.googlevideo.com/videoplayback?id=81b40af2e708700c&itag=140&source=youtube&requiressl=yes&ms=au&ei=vyGKWdWIDZTpcMrepbgG&mv=m&initcwndbps=3566250&pl=16&mn=sn-4g5e6nes&mm=31&ratebypass=yes&mime=audio/mp4&gir=yes&clen=3118694&lmt=1393636418590373&dur=196.324&key=dg_yt0&signature=109FAA75603AAF8E0527A039CB5C6518F2DB0727.1719F485FA2A5792A1058C0719DAE3031A5AC9FB&mt=1502224732&ip=131.159.40.117&ipbits=0&expire=1502246431&sparams=ip,ipbits,expire,id,itag,source,requiressl,ms,ei,mv,initcwndbps,pl,mn,mm,ratebypass,mime,gir,clen,lmt,dur", "manifest_url": "https://manifest.googlevideo.com/api/manifest/dash/itag/0/source/youtube/ms/au/ei/vyGKWdWIDZTpcMrepbgG/requiressl/yes/mv/m/as/fmp4_audio_clear%2Cfmp4_sd_hd_clear/id/81b40af2e708700c/expire/1502246431/initcwndbps/3566250/key/yt6/ip/131.159.40.117/signature/90970D8A01138D37BAA56AA3CEBB5551D4AB5516.0E6A174179993E01185E92606FC4898C94879E7D/playback_host/r3---sn-4g5e6nes.googlevideo.com/mt/1502224732/pl/16/mn/sn-4g5e6nes/mm/31/hfr/1/sparams/as%2Cei%2Chfr%2Cid%2Cinitcwndbps%2Cip%2Cipbits%2Citag%2Cmm%2Cmn%2Cms%2Cmv%2Cpl%2Cplayback_host%2Crequiressl%2Csource%2Cexpire/ipbits/0", "width": null, "height": null, "tbr": 127.763, "asr": 44100, "fps": null, "language": null, "filesize": 3118694, "vcodec": "none", "format": "140 - audio only (DASH audio)", "protocol": "https", "http_headers": {"User-Agent": "Mozilla/5.0 (X11; Linux x86_64; rv:10.0) Gecko/20150101 Firefox/47.0 (Chrome)", "Accept-Charset": "ISO-8859-1,utf-8;q=0.7,*;q=0.7", "Accept": "text/html,application/xhtml+xml,application/xml;q=0.9,*/*;q=0.8", "Accept-Encoding": "gzip, deflate", "Accept-Language": "en-us,en;q=0.5"}}, {"ext": "mp4", "height": 144, "format_note": "DASH video", "vcodec": "avc1.4d400c", "format_id": "160", "url": "https://r3---sn-4g5e6nes.googlevideo.com/videoplayback?id=81b40af2e708700c&itag=160&source=youtube&requiressl=yes&ms=au&ei=vyGKWdWIDZTpcMrepbgG&mv=m&initcwndbps=3566250&pl=16&mn=sn-4g5e6nes&mm=31&ratebypass=yes&mime=video/mp4&gir=yes&clen=2785858&lmt=1393636431526251&dur=196.230&key=dg_yt0&signature=02463CA3F09CAF0447B6D5B7EFF6DD4162D57F10.7C1740214E69287CD14D22B4E02D25DC7BD9B4EC&mt=1502224732&ip=131.159.40.117&ipbits=0&expire=1502246431&sparams=ip,ipbits,expire,id,itag,source,requiressl,ms,ei,mv,initcwndbps,pl,mn,mm,ratebypass,mime,gir,clen,lmt,dur", "manifest_url": "https://manifest.googlevideo.com/api/manifest/dash/itag/0/source/youtube/ms/au/ei/vyGKWdWIDZTpcMrepbgG/requiressl/yes/mv/m/as/fmp4_audio_clear%2Cfmp4_sd_hd_clear/id/81b40af2e708700c/expire/1502246431/initcwndbps/3566250/key/yt6/ip/131.159.40.117/signature/90970D8A01138D37BAA56AA3CEBB5551D4AB5516.0E6A174179993E01185E92606FC4898C94879E7D/playback_host/r3---sn-4g5e6nes.googlevideo.com/mt/1502224732/pl/16/mn/sn-4g5e6nes/mm/31/hfr/1/sparams/as%2Cei%2Chfr%2Cid%2Cinitcwndbps%2Cip%2Cipbits%2Citag%2Cmm%2Cmn%2Cms%2Cmv%2Cpl%2Cplayback_host%2Crequiressl%2Csource%2Cexpire/ipbits/0", "width": 256, "tbr": 115.414, "asr": null, "fps": 15, "language": null, "filesize": 2785858, "acodec": "none", "format": "160 - 256x144 (DASH video)", "protocol": "https", "http_headers": {"User-Agent": "Mozilla/5.0 (X11; Linux x86_64; rv:10.0) Gecko/20150101 Firefox/47.0 (Chrome)", "Accept-Charset": "ISO-8859-1,utf-8;q=0.7,*;q=0.7", "Accept": "text/html,application/xhtml+xml,application/xml;q=0.9,*/*;q=0.8", "Accept-Encoding": "gzip, deflate", "Accept-Language": "en-us,en;q=0.5"}}, {"ext": "mp4", "height": 240, "format_note": "DASH video", "vcodec": "avc1.4d4015", "format_id": "133", "url": "https://r3---sn-4g5e6nes.googlevideo.com/videoplayback?id=81b40af2e708700c&itag=133&source=youtube&requiressl=yes&ms=au&ei=vyGKWdWIDZTpcMrepbgG&mv=m&initcwndbps=3566250&pl=16&mn=sn-4g5e6nes&mm=31&ratebypass=yes&mime=video/mp4&gir=yes&clen=6007882&lmt=1393636443508754&dur=196.230&key=dg_yt0&signature=456758BD7AB8081ABE36151DF097CE36857BC40F.96BA04A188BDA1CF81513B63E805948FFA8537B0&mt=1502224732&ip=131.159.40.117&ipbits=0&expire=1502246431&sparams=ip,ipbits,expire,id,itag,source,requiressl,ms,ei,mv,initcwndbps,pl,mn,mm,ratebypass,mime,gir,clen,lmt,dur", "manifest_url": "https://manifest.googlevideo.com/api/manifest/dash/itag/0/source/youtube/ms/au/ei/vyGKWdWIDZTpcMrepbgG/requiressl/yes/mv/m/as/fmp4_audio_clear%2Cfmp4_sd_hd_clear/id/81b40af2e708700c/expire/1502246431/initcwndbps/3566250/key/yt6/ip/131.159.40.117/signature/90970D8A01138D37BAA56AA3CEBB5551D4AB5516.0E6A174179993E01185E92606FC4898C94879E7D/playback_host/r3---sn-4g5e6nes.googlevideo.com/mt/1502224732/pl/16/mn/sn-4g5e6nes/mm/31/hfr/1/sparams/as%2Cei%2Chfr%2Cid%2Cinitcwndbps%2Cip%2Cipbits%2Citag%2Cmm%2Cmn%2Cms%2Cmv%2Cpl%2Cplayback_host%2Crequiressl%2Csource%2Cexpire/ipbits/0", "width": 426, "tbr": 259.075, "asr": null, "fps": 30, "language": null, "filesize": 6007882, "acodec": "none", "format": "133 - 426x240 (DASH video)", "protocol": "https", "http_headers": {"User-Agent": "Mozilla/5.0 (X11; Linux x86_64; rv:10.0) Gecko/20150101 Firefox/47.0 (Chrome)", "Accept-Charset": "ISO-8859-1,utf-8;q=0.7,*;q=0.7", "Accept": "text/html,application/xhtml+xml,application/xml;q=0.9,*/*;q=0.8", "Accept-Encoding": "gzip, deflate", "Accept-Language": "en-us,en;q=0.5"}}, {"ext": "mp4", "height": 360, "format_note": "DASH video", "vcodec": "avc1.4d401e", "format_id": "134", "url": "https://r3---sn-4g5e6nes.googlevideo.com/videoplayback?id=81b40af2e708700c&itag=134&source=youtube&requiressl=yes&ms=au&ei=vyGKWdWIDZTpcMrepbgG&mv=m&initcwndbps=3566250&pl=16&mn=sn-4g5e6nes&mm=31&ratebypass=yes&mime=video/mp4&gir=yes&clen=7151455&lmt=1393636458499505&dur=196.230&key=dg_yt0&signature=4A1367B7E061E87EF5B49B4A2966DF0D4A4C4CE0.4284F7302F5BB9628B24DB59FD9F0D7537C218FE&mt=1502224732&ip=131.159.40.117&ipbits=0&expire=1502246431&sparams=ip,ipbits,expire,id,itag,source,requiressl,ms,ei,mv,initcwndbps,pl,mn,mm,ratebypass,mime,gir,clen,lmt,dur", "manifest_url": "https://manifest.googlevideo.com/api/manifest/dash/itag/0/source/youtube/ms/au/ei/vyGKWdWIDZTpcMrepbgG/requiressl/yes/mv/m/as/fmp4_audio_clear%2Cfmp4_sd_hd_clear/id/81b40af2e708700c/expire/1502246431/initcwndbps/3566250/key/yt6/ip/131.159.40.117/signature/90970D8A01138D37BAA56AA3CEBB5551D4AB5516.0E6A174179993E01185E92606FC4898C94879E7D/playback_host/r3---sn-4g5e6nes.googlevideo.com/mt/1502224732/pl/16/mn/sn-4g5e6nes/mm/31/hfr/1/sparams/as%2Cei%2Chfr%2Cid%2Cinitcwndbps%2Cip%2Cipbits%2Citag%2Cmm%2Cmn%2Cms%2Cmv%2Cpl%2Cplayback_host%2Crequiressl%2Csource%2Cexpire/ipbits/0", "width": 640, "tbr": 581.289, "asr": null, "fps": 30, "language": null, "filesize": 7151455, "acodec": "none", "format": "134 - 640x360 (DASH video)", "protocol": "https", "http_headers": {"User-Agent": "Mozilla/5.0 (X11; Linux x86_64; rv:10.0) Gecko/20150101 Firefox/47.0 (Chrome)", "Accept-Charset": "ISO-8859-1,utf-8;q=0.7,*;q=0.7", "Accept": "text/html,application/xhtml+xml,application/xml;q=0.9,*/*;q=0.8", "Accept-Encoding": "gzip, deflate", "Accept-Language": "en-us,en;q=0.5"}}, {"ext": "mp4", "height": 480, "format_note": "DASH video", "vcodec": "avc1.4d401f", "format_id": "135", "url": "https://r3---sn-4g5e6nes.googlevideo.com/videoplayback?id=81b40af2e708700c&itag=135&source=youtube&requiressl=yes&ms=au&ei=vyGKWdWIDZTpcMrepbgG&mv=m&initcwndbps=3566250&pl=16&mn=sn-4g5e6nes&mm=31&ratebypass=yes&mime=video/mp4&gir=yes&clen=14843903&lmt=1393636456500395&dur=196.230&key=dg_yt0&signature=6406428065A794CD0E657B21AD22AACBB527C177.3BC9D1E342E31623AFA4FB804A060CB0105FD3DA&mt=1502224732&ip=131.159.40.117&ipbits=0&expire=1502246431&sparams=ip,ipbits,expire,id,itag,source,requiressl,ms,ei,mv,initcwndbps,pl,mn,mm,ratebypass,mime,gir,clen,lmt,dur", "manifest_url": "https://manifest.googlevideo.com/api/manifest/dash/itag/0/source/youtube/ms/au/ei/vyGKWdWIDZTpcMrepbgG/requiressl/yes/mv/m/as/fmp4_audio_clear%2Cfmp4_sd_hd_clear/id/81b40af2e708700c/expire/1502246431/initcwndbps/3566250/key/yt6/ip/131.159.40.117/signature/90970D8A01138D37BAA56AA3CEBB5551D4AB5516.0E6A174179993E01185E92606FC4898C94879E7D/playback_host/r3---sn-4g5e6nes.googlevideo.com/mt/1502224732/pl/16/mn/sn-4g5e6nes/mm/31/hfr/1/sparams/as%2Cei%2Chfr%2Cid%2Cinitcwndbps%2Cip%2Cipbits%2Citag%2Cmm%2Cmn%2Cms%2Cmv%2Cpl%2Cplayback_host%2Crequiressl%2Csource%2Cexpire/ipbits/0", "width": 854, "tbr": 1104.281, "asr": null, "fps": 30, "language": null, "filesize": 14843903, "acodec": "none", "format": "135 - 854x480 (DASH video)", "protocol": "https", "http_headers": {"User-Agent": "Mozilla/5.0 (X11; Linux x86_64; rv:10.0) Gecko/20150101 Firefox/47.0 (Chrome)", "Accept-Charset": "ISO-8859-1,utf-8;q=0.7,*;q=0.7", "Accept": "text/html,application/xhtml+xml,application/xml;q=0.9,*/*;q=0.8", "Accept-Encoding": "gzip, deflate", "Accept-Language": "en-us,en;q=0.5"}}, {"ext": "mp4", "height": 720, "format_note": "DASH video", "vcodec": "avc1.4d401f", "format_id": "136", "url": "https://r3---sn-4g5e6nes.googlevideo.com/videoplayback?id=81b40af2e708700c&itag=136&source=youtube&requiressl=yes&ms=au&ei=vyGKWdWIDZTpcMrepbgG&mv=m&initcwndbps=3566250&pl=16&mn=sn-4g5e6nes&mm=31&ratebypass=yes&mime=video/mp4&gir=yes&clen=32629665&lmt=1393636458667208&dur=196.230&key=dg_yt0&signature=8011B86503EC8940176F71B6295942AF5F762BCB.4FE4CE5B232031625F2AAA8A60E2A4341BF613FD&mt=1502224732&ip=131.159.40.117&ipbits=0&expire=1502246431&sparams=ip,ipbits,expire,id,itag,source,requiressl,ms,ei,mv,initcwndbps,pl,mn,mm,ratebypass,mime,gir,clen,lmt,dur", "manifest_url": "https://manifest.googlevideo.com/api/manifest/dash/itag/0/source/youtube/ms/au/ei/vyGKWdWIDZTpcMrepbgG/requiressl/yes/mv/m/as/fmp4_audio_clear%2Cfmp4_sd_hd_clear/id/81b40af2e708700c/expire/1502246431/initcwndbps/3566250/key/yt6/ip/131.159.40.117/signature/90970D8A01138D37BAA56AA3CEBB5551D4AB5516.0E6A174179993E01185E92606FC4898C94879E7D/playback_host/r3---sn-4g5e6nes.googlevideo.com/mt/1502224732/pl/16/mn/sn-4g5e6nes/mm/31/hfr/1/sparams/as%2Cei%2Chfr%2Cid%2Cinitcwndbps%2Cip%2Cipbits%2Citag%2Cmm%2Cmn%2Cms%2Cmv%2Cpl%2Cplayback_host%2Crequiressl%2Csource%2Cexpire/ipbits/0", "width": 1280, "tbr": 2216.303, "asr": null, "fps": 30, "language": null, "filesize": 32629665, "acodec": "none", "format": "136 - 1280x720 (DASH video)", "protocol": "https", "http_headers": {"User-Agent": "Mozilla/5.0 (X11; Linux x86_64; rv:10.0) Gecko/20150101 Firefox/47.0 (Chrome)", "Accept-Charset": "ISO-8859-1,utf-8;q=0.7,*;q=0.7", "Accept": "text/html,application/xhtml+xml,application/xml;q=0.9,*/*;q=0.8", "Accept-Encoding": "gzip, deflate", "Accept-Language": "en-us,en;q=0.5"}}, {"format_id": "17", "url": "https://r3---sn-4g5e6nes.googlevideo.com/videoplayback?pl=16&mime=video%2F3gpp&clen=2032482&expire=1502246430&mn=sn-4g5e6nes&mm=31&itag=17&ms=au&initcwndbps=3566250&mv=m&ei=viGKWY7WIYr6csXNuYAF&mt=1502224732&sparams=clen%2Cdur%2Cei%2Cgir%2Cid%2Cinitcwndbps%2Cip%2Cipbits%2Citag%2Clmt%2Cmime%2Cmm%2Cmn%2Cms%2Cmv%2Cpl%2Crequiressl%2Csource%2Cexpire&signature=6A21C334EBB1664ED77483D685C265E58B0A9BEA.98829CAD2F0FE5DF25FAE4846AE11A75CCE247DE&gir=yes&requiressl=yes&ipbits=0&ip=131.159.40.117&id=o-ACvD43-9G-PefwL9Nbf2FE14Eo-CeKjAqbdF8hb9KDc2&lmt=1393636527690395&dur=196.673&source=youtube&key=yt6&ratebypass=yes", "player_url": null, "ext": "3gp", "width": 176, "height": 144, "acodec": "mp4a.40.2", "abr": 24, "vcodec": "mp4v.20.3", "resolution": "176x144", "format_note": "small", "format": "17 - 176x144 (small)", "protocol": "https", "http_headers": {"User-Agent": "Mozilla/5.0 (X11; Linux x86_64; rv:10.0) Gecko/20150101 Firefox/47.0 (Chrome)", "Accept-Charset": "ISO-8859-1,utf-8;q=0.7,*;q=0.7", "Accept": "text/html,application/xhtml+xml,application/xml;q=0.9,*/*;q=0.8", "Accept-Encoding": "gzip, deflate", "Accept-Language": "en-us,en;q=0.5"}}, {"format_id": "36", "url": "https://r3---sn-4g5e6nes.googlevideo.com/videoplayback?pl=16&mime=video%2F3gpp&clen=5538019&expire=1502246430&mn=sn-4g5e6nes&mm=31&itag=36&ms=au&initcwndbps=3566250&mv=m&ei=viGKWY7WIYr6csXNuYAF&mt=1502224732&sparams=clen%2Cdur%2Cei%2Cgir%2Cid%2Cinitcwndbps%2Cip%2Cipbits%2Citag%2Clmt%2Cmime%2Cmm%2Cmn%2Cms%2Cmv%2Cpl%2Crequiressl%2Csource%2Cexpire&signature=6BD2D9FF8822147EDA7336AA94DEF4EB3B8D91C3.12122AFF280B4B3ECF4E3F0E12DACFEF9F7F2209&gir=yes&requiressl=yes&ipbits=0&ip=131.159.40.117&id=o-ACvD43-9G-PefwL9Nbf2FE14Eo-CeKjAqbdF8hb9KDc2&lmt=1426258166366093&dur=196.487&source=youtube&key=yt6&ratebypass=yes", "player_url": null, "ext": "3gp", "width": 320, "acodec": "mp4a.40.2", "vcodec": "mp4v.20.3", "resolution": "320x180", "height": 180, "format_note": "small", "format": "36 - 320x180 (small)", "protocol": "https", "http_headers": {"User-Agent": "Mozilla/5.0 (X11; Linux x86_64; rv:10.0) Gecko/20150101 Firefox/47.0 (Chrome)", "Accept-Charset": "ISO-8859-1,utf-8;q=0.7,*;q=0.7", "Accept": "text/html,application/xhtml+xml,application/xml;q=0.9,*/*;q=0.8", "Accept-Encoding": "gzip, deflate", "Accept-Language": "en-us,en;q=0.5"}}, {"format_id": "43", "url": "https://r3---sn-4g5e6nes.googlevideo.com/videoplayback?pl=16&mime=video%2Fwebm&clen=18116487&expire=1502246430&mn=sn-4g5e6nes&mm=31&itag=43&ms=au&initcwndbps=3566250&mv=m&ei=viGKWY7WIYr6csXNuYAF&mt=1502224732&sparams=clen%2Cdur%2Cei%2Cgir%2Cid%2Cinitcwndbps%2Cip%2Cipbits%2Citag%2Clmt%2Cmime%2Cmm%2Cmn%2Cms%2Cmv%2Cpl%2Cratebypass%2Crequiressl%2Csource%2Cexpire&signature=2D5C981D007CE7E9D1BC3298DC707D6C0F2896B6.74B272B6C3BE4E340EBB96F77803F9C08C10F4DB&gir=yes&requiressl=yes&ipbits=0&ip=131.159.40.117&id=o-ACvD43-9G-PefwL9Nbf2FE14Eo-CeKjAqbdF8hb9KDc2&lmt=1327936902953014&dur=0.000&source=youtube&ratebypass=yes&key=yt6", "player_url": null, "ext": "webm", "width": 640, "height": 360, "acodec": "vorbis", "abr": 128, "vcodec": "vp8.0", "resolution": "640x360", "format_note": "medium", "format": "43 - 640x360 (medium)", "protocol": "https", "http_headers": {"User-Agent": "Mozilla/5.0 (X11; Linux x86_64; rv:10.0) Gecko/20150101 Firefox/47.0 (Chrome)", "Accept-Charset": "ISO-8859-1,utf-8;q=0.7,*;q=0.7", "Accept": "text/html,application/xhtml+xml,application/xml;q=0.9,*/*;q=0.8", "Accept-Encoding": "gzip, deflate", "Accept-Language": "en-us,en;q=0.5"}}, {"format_id": "18", "url": "https://r3---sn-4g5e6nes.googlevideo.com/videoplayback?pl=16&mime=video%2Fmp4&clen=13234196&expire=1502246430&mn=sn-4g5e6nes&mm=31&itag=18&ms=au&initcwndbps=3566250&mv=m&ei=viGKWY7WIYr6csXNuYAF&mt=1502224732&sparams=clen%2Cdur%2Cei%2Cgir%2Cid%2Cinitcwndbps%2Cip%2Cipbits%2Citag%2Clmt%2Cmime%2Cmm%2Cmn%2Cms%2Cmv%2Cpl%2Cratebypass%2Crequiressl%2Csource%2Cexpire&signature=59EC1A032955BAC3B71E3DDD215438FE890425EB.C67521076BFDC25916653A4C2C836D51F5D0BC11&gir=yes&requiressl=yes&ipbits=0&ip=131.159.40.117&id=o-ACvD43-9G-PefwL9Nbf2FE14Eo-CeKjAqbdF8hb9KDc2&lmt=1393636502599064&dur=196.324&source=youtube&ratebypass=yes&key=yt6", "player_url": null, "ext": "mp4", "width": 640, "height": 360, "acodec": "mp4a.40.2", "abr": 96, "vcodec": "avc1.42001E", "resolution": "640x360", "format_note": "medium", "format": "18 - 640x360 (medium)", "protocol": "https", "http_headers": {"User-Agent": "Mozilla/5.0 (X11; Linux x86_64; rv:10.0) Gecko/20150101 Firefox/47.0 (Chrome)", "Accept-Charset": "ISO-8859-1,utf-8;q=0.7,*;q=0.7", "Accept": "text/html,application/xhtml+xml,application/xml;q=0.9,*/*;q=0.8", "Accept-Encoding": "gzip, deflate", "Accept-Language": "en-us,en;q=0.5"}}, {"format_id": "22", "url": "https://r3---sn-4g5e6nes.googlevideo.com/videoplayback?mt=1502224732&signature=B8B407CCA5C719428A075A26E35903F97695C860.BA9CB2362DE5C0DC12A735BF229F279A3CCC038D&pl=16&mime=video%2Fmp4&requiressl=yes&ipbits=0&ip=131.159.40.117&id=o-ACvD43-9G-PefwL9Nbf2FE14Eo-CeKjAqbdF8hb9KDc2&expire=1502246430&lmt=1471185486052827&mn=sn-4g5e6nes&mm=31&itag=22&ms=au&initcwndbps=3566250&mv=m&ei=viGKWY7WIYr6csXNuYAF&source=youtube&ratebypass=yes&key=yt6&sparams=dur%2Cei%2Cid%2Cinitcwndbps%2Cip%2Cipbits%2Citag%2Clmt%2Cmime%2Cmm%2Cmn%2Cms%2Cmv%2Cpl%2Cratebypass%2Crequiressl%2Csource%2Cexpire&dur=196.324", "player_url": null, "ext": "mp4", "width": 1280, "height": 720, "acodec": "mp4a.40.2", "abr": 192, "vcodec": "avc1.64001F", "resolution": "1280x720", "format_note": "hd720", "format": "22 - 1280x720 (hd720)", "protocol": "https", "http_headers": {"User-Agent": "Mozilla/5.0 (X11; Linux x86_64; rv:10.0) Gecko/20150101 Firefox/47.0 (Chrome)", "Accept-Charset": "ISO-8859-1,utf-8;q=0.7,*;q=0.7", "Accept": "text/html,application/xhtml+xml,application/xml;q=0.9,*/*;q=0.8", "Accept-Encoding": "gzip, deflate", "Accept-Language": "en-us,en;q=0.5"}}], "is_live": null, "start_time": null, "end_time": null, "series": null, "season_number": null, "episode_number": null, "extractor": "youtube", "webpage_url_basename": "gbQK8ucIcAw", "extractor_key": "Youtube", "playlist": null, "playlist_index": null, "thumbnails": [{"url": "https://i.ytimg.com/vi/gbQK8ucIcAw/maxresdefault.jpg", "id": "0"}], "display_id": "gbQK8ucIcAw", "ext": "mp4", "height": 720, "format_note": "DASH video", "vcodec": "avc1.4d401f", "format_id": "136", "url": "https://r3---sn-4g5e6nes.googlevideo.com/videoplayback?id=81b40af2e708700c&itag=136&source=youtube&requiressl=yes&ms=au&ei=vyGKWdWIDZTpcMrepbgG&mv=m&initcwndbps=3566250&pl=16&mn=sn-4g5e6nes&mm=31&ratebypass=yes&mime=video/mp4&gir=yes&clen=32629665&lmt=1393636458667208&dur=196.230&key=dg_yt0&signature=8011B86503EC8940176F71B6295942AF5F762BCB.4FE4CE5B232031625F2AAA8A60E2A4341BF613FD&mt=1502224732&ip=131.159.40.117&ipbits=0&expire=1502246431&sparams=ip,ipbits,expire,id,itag,source,requiressl,ms,ei,mv,initcwndbps,pl,mn,mm,ratebypass,mime,gir,clen,lmt,dur", "manifest_url": "https://manifest.googlevideo.com/api/manifest/dash/itag/0/source/youtube/ms/au/ei/vyGKWdWIDZTpcMrepbgG/requiressl/yes/mv/m/as/fmp4_audio_clear%2Cfmp4_sd_hd_clear/id/81b40af2e708700c/expire/1502246431/initcwndbps/3566250/key/yt6/ip/131.159.40.117/signature/90970D8A01138D37BAA56AA3CEBB5551D4AB5516.0E6A174179993E01185E92606FC4898C94879E7D/playback_host/r3---sn-4g5e6nes.googlevideo.com/mt/1502224732/pl/16/mn/sn-4g5e6nes/mm/31/hfr/1/sparams/as%2Cei%2Chfr%2Cid%2Cinitcwndbps%2Cip%2Cipbits%2Citag%2Cmm%2Cmn%2Cms%2Cmv%2Cpl%2Cplayback_host%2Crequiressl%2Csource%2Cexpire/ipbits/0", "width": 1280, "tbr": 2216.303, "asr": null, "fps": 30, "language": null, "filesize": 32629665, "acodec": "none", "format": "136 - 1280x720 (DASH video)", "protocol": "https", "http_headers": {"User-Agent": "Mozilla/5.0 (X11; Linux x86_64; rv:10.0) Gecko/20150101 Firefox/47.0 (Chrome)", "Accept-Charset": "ISO-8859-1,utf-8;q=0.7,*;q=0.7", "Accept": "text/html,application/xhtml+xml,application/xml;q=0.9,*/*;q=0.8", "Accept-Encoding": "gzip, deflate", "Accept-Language": "en-us,en;q=0.5"}, "fulltitle": "Medical mystery: \"Conversion Disorder\"", "_filename": "gbQK8ucIcAw.mp4"}