{"id": "FtaRM4aj3AE", "uploader": "IsthatSJaye", "uploader_id": "SammeeJayne", "uploader_url": "http://www.youtube.com/user/SammeeJayne", "upload_date": "20140521", "license": "Standard YouTube License", "creator": null, "title": "NEW!-Covergirl +Olay Facelift Effect Firming Makeup-First Impression-IsthatSJaye", "alt_title": null, "thumbnail": "https://i.ytimg.com/vi/FtaRM4aj3AE/maxresdefault.jpg", "description": "WATCH IN HD! New Videos Every Monday, Wednesday and Friday\n\nRetail Price:\n$17.99 (If you can get a coupon for Covergirl, definitely use it if you want to try it)\nShade Range:\nFair, Light, Light/Medium, Medium, Medium/Dark and Dark\n\nFind Me\nInstagram\nhttp://www.instagram.com/raggedmakeuptv\nTwitter\nhttp://www.twitter.com/sammeejayne\nFacebook\nhttp://www.facebook.com/raggedmakeuptv\nBlogger\nhttps://theraggedlife.blogspot.com\n\nKeywords:\napril, favorites, makeup, makeup how to, make up how to, makeup review, hair, makeup tutorial, make up tutorial, beauty, hair care, haircare, skincare, skin care, skin, makeup how to, how to makeup, first impression, raggedmakeuptv, ragged makeup tv, samantha, sammee, sammy, sammi, sj, s.j., blonde, long, long hair, long blonde hair, video, covergirl, foundation, facelift, face lift, cover girl, olay, firming", "categories": ["Howto & Style"], "tags": ["favorites", "makeup", "makeup how to", "make up how to", "makeup review", "hair", "makeup tutorial", "make up tutorial", "skin care", "skin", "how to makeup", "first impression", "raggedmakeuptv", "ragged makeup tv", "samantha", "sammee", "sammy", "sammi", "sj", "s.j.", "blonde", "long", "long hair", "long blonde hair", "video", "Cosmetics (Industry)", "CoverGirl (Brand)", "Blond (Color)", "longblondehair", "blondehair", "longhair", "olay", "firming", "review"], "subtitles": {}, "automatic_captions": {}, "duration": 334, "age_limit": 0, "annotations": null, "chapters": null, "webpage_url": "https://www.youtube.com/watch?v=FtaRM4aj3AE", "view_count": 1793, "like_count": 27, "dislike_count": 1, "average_rating": 4.85714292526, "formats": [{"ext": "m4a", "format_note": "DASH audio", "acodec": "mp4a.40.5", "abr": 48, "container": "m4a_dash", "format_id": "139", "url": "https://r2---sn-4g5edn7y.googlevideo.com/videoplayback?id=16d6913386a3dc01&itag=139&source=youtube&requiressl=yes&mn=sn-4g5edn7y&mm=31&ms=au&ei=jKSJWbuaF4jMVpzygdAC&initcwndbps=4347500&mv=m&pl=16&ratebypass=yes&mime=audio/mp4&gir=yes&clen=2018260&lmt=1400619631512164&dur=334.459&key=dg_yt0&mt=1502192686&signature=28A05488400D2EDE96A8BE825C8D1FB97CE928E1.5249DC3634806EDE9F1CDDE952C4ED6332D81187&ip=131.159.40.117&ipbits=0&expire=1502214380&sparams=ip,ipbits,expire,id,itag,source,requiressl,mn,mm,ms,ei,initcwndbps,mv,pl,ratebypass,mime,gir,clen,lmt,dur", "manifest_url": "https://manifest.googlevideo.com/api/manifest/dash/requiressl/yes/ip/131.159.40.117/key/yt6/ipbits/0/mn/sn-4g5edn7y/as/fmp4_audio_clear%2Cfmp4_sd_hd_clear/hfr/1/mm/31/playback_host/r2---sn-4g5edn7y.googlevideo.com/ms/au/id/16d6913386a3dc01/ei/jKSJWbuaF4jMVpzygdAC/itag/0/initcwndbps/4347500/mt/1502192686/expire/1502214380/mv/m/signature/292BD9EB66DA9A4272D858E20FFB420A8C05BB6A.3462FCF37E5CB5FD0E38A394EEAE4E640EDE8871/sparams/as%2Cei%2Chfr%2Cid%2Cinitcwndbps%2Cip%2Cipbits%2Citag%2Cmm%2Cmn%2Cms%2Cmv%2Cpl%2Cplayback_host%2Crequiressl%2Csource%2Cexpire/pl/16/source/youtube", "width": null, "height": null, "tbr": 49.408, "asr": 22050, "fps": null, "language": null, "filesize": 2018260, "vcodec": "none", "format": "139 - audio only (DASH audio)", "protocol": "https", "http_headers": {"User-Agent": "Mozilla/5.0 (X11; Linux x86_64; rv:10.0) Gecko/20150101 Firefox/47.0 (Chrome)", "Accept-Charset": "ISO-8859-1,utf-8;q=0.7,*;q=0.7", "Accept": "text/html,application/xhtml+xml,application/xml;q=0.9,*/*;q=0.8", "Accept-Encoding": "gzip, deflate", "Accept-Language": "en-us,en;q=0.5"}}, {"format_id": "171", "url": "https://r14---sn-4g57kn7s.googlevideo.com/videoplayback?mt=1502192686&mv=m&ei=i6SJWaWsM4yPV5f2qMAI&ms=au&ip=131.159.40.117&pl=16&keepalive=yes&mm=31&mn=sn-4g57kn7s&id=o-ACGDJAcvhrBMVE6tyG0vkzEHskAHM82Dbky-riI4Ho-Y&itag=171&expire=1502214380&source=youtube&dur=334.337&lmt=1403951571645076&requiressl=yes&gir=yes&key=yt6&signature=9DB3D65EF16A103D4CB911FB06FEBD24735B2DB2.073F6F70F07E90C97117D5C9C0EB07A75CBD1482&clen=4834984&sparams=clen%2Cdur%2Cei%2Cgir%2Cid%2Cinitcwndbps%2Cip%2Cipbits%2Citag%2Ckeepalive%2Clmt%2Cmime%2Cmm%2Cmn%2Cms%2Cmv%2Cpl%2Crequiressl%2Csource%2Cexpire&mime=audio%2Fwebm&initcwndbps=4347500&ipbits=0&ratebypass=yes", "player_url": null, "ext": "webm", "acodec": "vorbis", "format_note": "DASH audio", "abr": 128, "filesize": 4834984, "tbr": 119.807, "fps": 1, "vcodec": "none", "format": "171 - audio only (DASH audio)", "protocol": "https", "http_headers": {"User-Agent": "Mozilla/5.0 (X11; Linux x86_64; rv:10.0) Gecko/20150101 Firefox/47.0 (Chrome)", "Accept-Charset": "ISO-8859-1,utf-8;q=0.7,*;q=0.7", "Accept": "text/html,application/xhtml+xml,application/xml;q=0.9,*/*;q=0.8", "Accept-Encoding": "gzip, deflate", "Accept-Language": "en-us,en;q=0.5"}}, {"ext": "m4a", "format_note": "DASH audio", "acodec": "mp4a.40.2", "abr": 128, "container": "m4a_dash", "format_id": "140", "url": "https://r2---sn-4g5edn7y.googlevideo.com/videoplayback?id=16d6913386a3dc01&itag=140&source=youtube&requiressl=yes&mn=sn-4g5edn7y&mm=31&ms=au&ei=jKSJWbuaF4jMVpzygdAC&initcwndbps=4347500&mv=m&pl=16&ratebypass=yes&mime=audio/mp4&gir=yes&clen=5368946&lmt=1400619629241881&dur=334.390&key=dg_yt0&mt=1502192686&signature=7354C2EC00EAE429BA60690CA9A47F3B40C0CFF3.2896B7B7140796BAE316AB4D0120069A1710A9F9&ip=131.159.40.117&ipbits=0&expire=1502214380&sparams=ip,ipbits,expire,id,itag,source,requiressl,mn,mm,ms,ei,initcwndbps,mv,pl,ratebypass,mime,gir,clen,lmt,dur", "manifest_url": "https://manifest.googlevideo.com/api/manifest/dash/requiressl/yes/ip/131.159.40.117/key/yt6/ipbits/0/mn/sn-4g5edn7y/as/fmp4_audio_clear%2Cfmp4_sd_hd_clear/hfr/1/mm/31/playback_host/r2---sn-4g5edn7y.googlevideo.com/ms/au/id/16d6913386a3dc01/ei/jKSJWbuaF4jMVpzygdAC/itag/0/initcwndbps/4347500/mt/1502192686/expire/1502214380/mv/m/signature/292BD9EB66DA9A4272D858E20FFB420A8C05BB6A.3462FCF37E5CB5FD0E38A394EEAE4E640EDE8871/sparams/as%2Cei%2Chfr%2Cid%2Cinitcwndbps%2Cip%2Cipbits%2Citag%2Cmm%2Cmn%2Cms%2Cmv%2Cpl%2Cplayback_host%2Crequiressl%2Csource%2Cexpire/pl/16/source/youtube", "width": null, "height": null, "tbr": 129.702, "asr": 44100, "fps": null, "language": null, "filesize": 5368946, "vcodec": "none", "format": "140 - audio only (DASH audio)", "protocol": "https", "http_headers": {"User-Agent": "Mozilla/5.0 (X11; Linux x86_64; rv:10.0) Gecko/20150101 Firefox/47.0 (Chrome)", "Accept-Charset": "ISO-8859-1,utf-8;q=0.7,*;q=0.7", "Accept": "text/html,application/xhtml+xml,application/xml;q=0.9,*/*;q=0.8", "Accept-Encoding": "gzip, deflate", "Accept-Language": "en-us,en;q=0.5"}}, {"ext": "mp4", "height": 144, "format_note": "DASH video", "vcodec": "avc1.42c00c", "format_id": "160", "url": "https://r2---sn-4g5edn7y.googlevideo.com/videoplayback?id=16d6913386a3dc01&itag=160&source=youtube&requiressl=yes&mn=sn-4g5edn7y&mm=31&ms=au&ei=jKSJWbuaF4jMVpzygdAC&initcwndbps=4347500&mv=m&pl=16&ratebypass=yes&mime=video/mp4&gir=yes&clen=4448218&lmt=1400619631709153&dur=334.334&key=dg_yt0&mt=1502192686&signature=8FC7879CE97E32EB78EDC993D13E1D0A7F281F04.918118354F1D9A9EEB025222823E0990725DC648&ip=131.159.40.117&ipbits=0&expire=1502214380&sparams=ip,ipbits,expire,id,itag,source,requiressl,mn,mm,ms,ei,initcwndbps,mv,pl,ratebypass,mime,gir,clen,lmt,dur", "manifest_url": "https://manifest.googlevideo.com/api/manifest/dash/requiressl/yes/ip/131.159.40.117/key/yt6/ipbits/0/mn/sn-4g5edn7y/as/fmp4_audio_clear%2Cfmp4_sd_hd_clear/hfr/1/mm/31/playback_host/r2---sn-4g5edn7y.googlevideo.com/ms/au/id/16d6913386a3dc01/ei/jKSJWbuaF4jMVpzygdAC/itag/0/initcwndbps/4347500/mt/1502192686/expire/1502214380/mv/m/signature/292BD9EB66DA9A4272D858E20FFB420A8C05BB6A.3462FCF37E5CB5FD0E38A394EEAE4E640EDE8871/sparams/as%2Cei%2Chfr%2Cid%2Cinitcwndbps%2Cip%2Cipbits%2Citag%2Cmm%2Cmn%2Cms%2Cmv%2Cpl%2Cplayback_host%2Crequiressl%2Csource%2Cexpire/pl/16/source/youtube", "width": 256, "tbr": 111.024, "asr": null, "fps": 15, "language": null, "filesize": 4448218, "acodec": "none", "format": "160 - 256x144 (DASH video)", "protocol": "https", "http_headers": {"User-Agent": "Mozilla/5.0 (X11; Linux x86_64; rv:10.0) Gecko/20150101 Firefox/47.0 (Chrome)", "Accept-Charset": "ISO-8859-1,utf-8;q=0.7,*;q=0.7", "Accept": "text/html,application/xhtml+xml,application/xml;q=0.9,*/*;q=0.8", "Accept-Encoding": "gzip, deflate", "Accept-Language": "en-us,en;q=0.5"}}, {"ext": "mp4", "height": 240, "format_note": "DASH video", "vcodec": "avc1.4d4015", "format_id": "133", "url": "https://r2---sn-4g5edn7y.googlevideo.com/videoplayback?id=16d6913386a3dc01&itag=133&source=youtube&requiressl=yes&mn=sn-4g5edn7y&mm=31&ms=au&ei=jKSJWbuaF4jMVpzygdAC&initcwndbps=4347500&mv=m&pl=16&ratebypass=yes&mime=video/mp4&gir=yes&clen=10225069&lmt=1400619632813270&dur=334.334&key=dg_yt0&mt=1502192686&signature=706ED80D720855B4F8196B4339BFCBCA998F5EEE.638437BC17CDF697B7EE8B219590298C9D9C8FA6&ip=131.159.40.117&ipbits=0&expire=1502214380&sparams=ip,ipbits,expire,id,itag,source,requiressl,mn,mm,ms,ei,initcwndbps,mv,pl,ratebypass,mime,gir,clen,lmt,dur", "manifest_url": "https://manifest.googlevideo.com/api/manifest/dash/requiressl/yes/ip/131.159.40.117/key/yt6/ipbits/0/mn/sn-4g5edn7y/as/fmp4_audio_clear%2Cfmp4_sd_hd_clear/hfr/1/mm/31/playback_host/r2---sn-4g5edn7y.googlevideo.com/ms/au/id/16d6913386a3dc01/ei/jKSJWbuaF4jMVpzygdAC/itag/0/initcwndbps/4347500/mt/1502192686/expire/1502214380/mv/m/signature/292BD9EB66DA9A4272D858E20FFB420A8C05BB6A.3462FCF37E5CB5FD0E38A394EEAE4E640EDE8871/sparams/as%2Cei%2Chfr%2Cid%2Cinitcwndbps%2Cip%2Cipbits%2Citag%2Cmm%2Cmn%2Cms%2Cmv%2Cpl%2Cplayback_host%2Crequiressl%2Csource%2Cexpire/pl/16/source/youtube", "width": 426, "tbr": 247.066, "asr": null, "fps": 30, "language": null, "filesize": 10225069, "acodec": "none", "format": "133 - 426x240 (DASH video)", "protocol": "https", "http_headers": {"User-Agent": "Mozilla/5.0 (X11; Linux x86_64; rv:10.0) Gecko/20150101 Firefox/47.0 (Chrome)", "Accept-Charset": "ISO-8859-1,utf-8;q=0.7,*;q=0.7", "Accept": "text/html,application/xhtml+xml,application/xml;q=0.9,*/*;q=0.8", "Accept-Encoding": "gzip, deflate", "Accept-Language": "en-us,en;q=0.5"}}, {"ext": "mp4", "height": 360, "format_note": "DASH video", "vcodec": "avc1.4d401e", "format_id": "134", "url": "https://r2---sn-4g5edn7y.googlevideo.com/videoplayback?id=16d6913386a3dc01&itag=134&source=youtube&requiressl=yes&mn=sn-4g5edn7y&mm=31&ms=au&ei=jKSJWbuaF4jMVpzygdAC&initcwndbps=4347500&mv=m&pl=16&ratebypass=yes&mime=video/mp4&gir=yes&clen=13599825&lmt=1400619633412299&dur=334.334&key=dg_yt0&mt=1502192686&signature=103144408C94AE81AC103AC08E3C33D763CC9851.67920BCEC025872077A2804018B912ACDEAF70FA&ip=131.159.40.117&ipbits=0&expire=1502214380&sparams=ip,ipbits,expire,id,itag,source,requiressl,mn,mm,ms,ei,initcwndbps,mv,pl,ratebypass,mime,gir,clen,lmt,dur", "manifest_url": "https://manifest.googlevideo.com/api/manifest/dash/requiressl/yes/ip/131.159.40.117/key/yt6/ipbits/0/mn/sn-4g5edn7y/as/fmp4_audio_clear%2Cfmp4_sd_hd_clear/hfr/1/mm/31/playback_host/r2---sn-4g5edn7y.googlevideo.com/ms/au/id/16d6913386a3dc01/ei/jKSJWbuaF4jMVpzygdAC/itag/0/initcwndbps/4347500/mt/1502192686/expire/1502214380/mv/m/signature/292BD9EB66DA9A4272D858E20FFB420A8C05BB6A.3462FCF37E5CB5FD0E38A394EEAE4E640EDE8871/sparams/as%2Cei%2Chfr%2Cid%2Cinitcwndbps%2Cip%2Cipbits%2Citag%2Cmm%2Cmn%2Cms%2Cmv%2Cpl%2Cplayback_host%2Crequiressl%2Csource%2Cexpire/pl/16/source/youtube", "width": 640, "tbr": 415.071, "asr": null, "fps": 30, "language": null, "filesize": 13599825, "acodec": "none", "format": "134 - 640x360 (DASH video)", "protocol": "https", "http_headers": {"User-Agent": "Mozilla/5.0 (X11; Linux x86_64; rv:10.0) Gecko/20150101 Firefox/47.0 (Chrome)", "Accept-Charset": "ISO-8859-1,utf-8;q=0.7,*;q=0.7", "Accept": "text/html,application/xhtml+xml,application/xml;q=0.9,*/*;q=0.8", "Accept-Encoding": "gzip, deflate", "Accept-Language": "en-us,en;q=0.5"}}, {"ext": "mp4", "height": 480, "format_note": "DASH video", "vcodec": "avc1.4d401f", "format_id": "135", "url": "https://r2---sn-4g5edn7y.googlevideo.com/videoplayback?id=16d6913386a3dc01&itag=135&source=youtube&requiressl=yes&mn=sn-4g5edn7y&mm=31&ms=au&ei=jKSJWbuaF4jMVpzygdAC&initcwndbps=4347500&mv=m&pl=16&ratebypass=yes&mime=video/mp4&gir=yes&clen=28117831&lmt=1400619638613617&dur=334.334&key=dg_yt0&mt=1502192686&signature=996C8ABFBE9172B2C73ABBF76C1B92862BF6059F.627D8F67BCFC9DC799F28E4A813B6BDD9BCBF3C3&ip=131.159.40.117&ipbits=0&expire=1502214380&sparams=ip,ipbits,expire,id,itag,source,requiressl,mn,mm,ms,ei,initcwndbps,mv,pl,ratebypass,mime,gir,clen,lmt,dur", "manifest_url": "https://manifest.googlevideo.com/api/manifest/dash/requiressl/yes/ip/131.159.40.117/key/yt6/ipbits/0/mn/sn-4g5edn7y/as/fmp4_audio_clear%2Cfmp4_sd_hd_clear/hfr/1/mm/31/playback_host/r2---sn-4g5edn7y.googlevideo.com/ms/au/id/16d6913386a3dc01/ei/jKSJWbuaF4jMVpzygdAC/itag/0/initcwndbps/4347500/mt/1502192686/expire/1502214380/mv/m/signature/292BD9EB66DA9A4272D858E20FFB420A8C05BB6A.3462FCF37E5CB5FD0E38A394EEAE4E640EDE8871/sparams/as%2Cei%2Chfr%2Cid%2Cinitcwndbps%2Cip%2Cipbits%2Citag%2Cmm%2Cmn%2Cms%2Cmv%2Cpl%2Cplayback_host%2Crequiressl%2Csource%2Cexpire/pl/16/source/youtube", "width": 854, "tbr": 831.076, "asr": null, "fps": 30, "language": null, "filesize": 28117831, "acodec": "none", "format": "135 - 854x480 (DASH video)", "protocol": "https", "http_headers": {"User-Agent": "Mozilla/5.0 (X11; Linux x86_64; rv:10.0) Gecko/20150101 Firefox/47.0 (Chrome)", "Accept-Charset": "ISO-8859-1,utf-8;q=0.7,*;q=0.7", "Accept": "text/html,application/xhtml+xml,application/xml;q=0.9,*/*;q=0.8", "Accept-Encoding": "gzip, deflate", "Accept-Language": "en-us,en;q=0.5"}}, {"ext": "mp4", "height": 720, "format_note": "DASH video", "vcodec": "avc1.4d401f", "format_id": "136", "url": "https://r2---sn-4g5edn7y.googlevideo.com/videoplayback?id=16d6913386a3dc01&itag=136&source=youtube&requiressl=yes&mn=sn-4g5edn7y&mm=31&ms=au&ei=jKSJWbuaF4jMVpzygdAC&initcwndbps=4347500&mv=m&pl=16&ratebypass=yes&mime=video/mp4&gir=yes&clen=61835504&lmt=1400619643523558&dur=334.334&key=dg_yt0&mt=1502192686&signature=4493E6CD9CA31E3DB58B999DE562EFC63F2BA5E6.2979E6B78F8844C5E50A0588F7793F1F84ED79B1&ip=131.159.40.117&ipbits=0&expire=1502214380&sparams=ip,ipbits,expire,id,itag,source,requiressl,mn,mm,ms,ei,initcwndbps,mv,pl,ratebypass,mime,gir,clen,lmt,dur", "manifest_url": "https://manifest.googlevideo.com/api/manifest/dash/requiressl/yes/ip/131.159.40.117/key/yt6/ipbits/0/mn/sn-4g5edn7y/as/fmp4_audio_clear%2Cfmp4_sd_hd_clear/hfr/1/mm/31/playback_host/r2---sn-4g5edn7y.googlevideo.com/ms/au/id/16d6913386a3dc01/ei/jKSJWbuaF4jMVpzygdAC/itag/0/initcwndbps/4347500/mt/1502192686/expire/1502214380/mv/m/signature/292BD9EB66DA9A4272D858E20FFB420A8C05BB6A.3462FCF37E5CB5FD0E38A394EEAE4E640EDE8871/sparams/as%2Cei%2Chfr%2Cid%2Cinitcwndbps%2Cip%2Cipbits%2Citag%2Cmm%2Cmn%2Cms%2Cmv%2Cpl%2Cplayback_host%2Crequiressl%2Csource%2Cexpire/pl/16/source/youtube", "width": 1280, "tbr": 1842.111, "asr": null, "fps": 30, "language": null, "filesize": 61835504, "acodec": "none", "format": "136 - 1280x720 (DASH video)", "protocol": "https", "http_headers": {"User-Agent": "Mozilla/5.0 (X11; Linux x86_64; rv:10.0) Gecko/20150101 Firefox/47.0 (Chrome)", "Accept-Charset": "ISO-8859-1,utf-8;q=0.7,*;q=0.7", "Accept": "text/html,application/xhtml+xml,application/xml;q=0.9,*/*;q=0.8", "Accept-Encoding": "gzip, deflate", "Accept-Language": "en-us,en;q=0.5"}}, {"format_id": "17", "url": "https://r14---sn-4g57kn7s.googlevideo.com/videoplayback?mt=1502192686&mv=m&ei=i6SJWaWsM4yPV5f2qMAI&ms=au&ip=131.159.40.117&pl=16&mm=31&mn=sn-4g57kn7s&id=o-ACGDJAcvhrBMVE6tyG0vkzEHskAHM82Dbky-riI4Ho-Y&itag=17&expire=1502214380&source=youtube&dur=334.553&lmt=1400619622576687&requiressl=yes&gir=yes&key=yt6&signature=0C9471C42D34AD13C44B830E2E990EAE757C0BCB.195D9B3C7D365640B3DED2B4697A808F292B0990&clen=3429161&sparams=clen%2Cdur%2Cei%2Cgir%2Cid%2Cinitcwndbps%2Cip%2Cipbits%2Citag%2Clmt%2Cmime%2Cmm%2Cmn%2Cms%2Cmv%2Cpl%2Crequiressl%2Csource%2Cexpire&mime=video%2F3gpp&initcwndbps=4347500&ipbits=0&ratebypass=yes", "player_url": null, "ext": "3gp", "width": 176, "height": 144, "acodec": "mp4a.40.2", "abr": 24, "vcodec": "mp4v.20.3", "resolution": "176x144", "format_note": "small", "format": "17 - 176x144 (small)", "protocol": "https", "http_headers": {"User-Agent": "Mozilla/5.0 (X11; Linux x86_64; rv:10.0) Gecko/20150101 Firefox/47.0 (Chrome)", "Accept-Charset": "ISO-8859-1,utf-8;q=0.7,*;q=0.7", "Accept": "text/html,application/xhtml+xml,application/xml;q=0.9,*/*;q=0.8", "Accept-Encoding": "gzip, deflate", "Accept-Language": "en-us,en;q=0.5"}}, {"format_id": "36", "url": "https://r14---sn-4g57kn7s.googlevideo.com/videoplayback?mt=1502192686&mv=m&ei=i6SJWaWsM4yPV5f2qMAI&ms=au&ip=131.159.40.117&pl=16&mm=31&mn=sn-4g57kn7s&id=o-ACGDJAcvhrBMVE6tyG0vkzEHskAHM82Dbky-riI4Ho-Y&itag=36&expire=1502214380&source=youtube&dur=334.553&lmt=1400619714124955&requiressl=yes&gir=yes&key=yt6&signature=ACE9ECD5841ABC894ABED41A54E828D201ABE5AA.74EC470C568F8D455FC4039564802549FC93A7DF&clen=9568194&sparams=clen%2Cdur%2Cei%2Cgir%2Cid%2Cinitcwndbps%2Cip%2Cipbits%2Citag%2Clmt%2Cmime%2Cmm%2Cmn%2Cms%2Cmv%2Cpl%2Crequiressl%2Csource%2Cexpire&mime=video%2F3gpp&initcwndbps=4347500&ipbits=0&ratebypass=yes", "player_url": null, "ext": "3gp", "width": 320, "acodec": "mp4a.40.2", "vcodec": "mp4v.20.3", "resolution": "320x180", "height": 180, "format_note": "small", "format": "36 - 320x180 (small)", "protocol": "https", "http_headers": {"User-Agent": "Mozilla/5.0 (X11; Linux x86_64; rv:10.0) Gecko/20150101 Firefox/47.0 (Chrome)", "Accept-Charset": "ISO-8859-1,utf-8;q=0.7,*;q=0.7", "Accept": "text/html,application/xhtml+xml,application/xml;q=0.9,*/*;q=0.8", "Accept-Encoding": "gzip, deflate", "Accept-Language": "en-us,en;q=0.5"}}, {"format_id": "43", "url": "https://r14---sn-4g57kn7s.googlevideo.com/videoplayback?mt=1502192686&mv=m&ei=i6SJWaWsM4yPV5f2qMAI&ms=au&ip=131.159.40.117&pl=16&mm=31&mn=sn-4g57kn7s&id=o-ACGDJAcvhrBMVE6tyG0vkzEHskAHM82Dbky-riI4Ho-Y&itag=43&expire=1502214380&ratebypass=yes&source=youtube&dur=0.000&lmt=1400619867745132&requiressl=yes&gir=yes&key=yt6&signature=0C5BFC0EEED41146D08A562492EAB94B30FE6300.7B241CFF0E06EC143E529B9CDAD9B6E4291CD7AF&clen=28441556&sparams=clen%2Cdur%2Cei%2Cgir%2Cid%2Cinitcwndbps%2Cip%2Cipbits%2Citag%2Clmt%2Cmime%2Cmm%2Cmn%2Cms%2Cmv%2Cpl%2Cratebypass%2Crequiressl%2Csource%2Cexpire&mime=video%2Fwebm&initcwndbps=4347500&ipbits=0", "player_url": null, "ext": "webm", "width": 640, "height": 360, "acodec": "vorbis", "abr": 128, "vcodec": "vp8.0", "resolution": "640x360", "format_note": "medium", "format": "43 - 640x360 (medium)", "protocol": "https", "http_headers": {"User-Agent": "Mozilla/5.0 (X11; Linux x86_64; rv:10.0) Gecko/20150101 Firefox/47.0 (Chrome)", "Accept-Charset": "ISO-8859-1,utf-8;q=0.7,*;q=0.7", "Accept": "text/html,application/xhtml+xml,application/xml;q=0.9,*/*;q=0.8", "Accept-Encoding": "gzip, deflate", "Accept-Language": "en-us,en;q=0.5"}}, {"format_id": "18", "url": "https://r14---sn-4g57kn7s.googlevideo.com/videoplayback?mt=1502192686&mv=m&ei=i6SJWaWsM4yPV5f2qMAI&ms=au&ip=131.159.40.117&pl=16&mm=31&mn=sn-4g57kn7s&id=o-ACGDJAcvhrBMVE6tyG0vkzEHskAHM82Dbky-riI4Ho-Y&itag=18&expire=1502214380&ratebypass=yes&source=youtube&dur=334.390&lmt=1400619604560339&requiressl=yes&gir=yes&key=yt6&signature=993F894B49ACE7367C1735F77B19FC925C0A6B70.A4CB76674E6AFC36B17BC1C764159308A6A33FD9&clen=18455456&sparams=clen%2Cdur%2Cei%2Cgir%2Cid%2Cinitcwndbps%2Cip%2Cipbits%2Citag%2Clmt%2Cmime%2Cmm%2Cmn%2Cms%2Cmv%2Cpl%2Cratebypass%2Crequiressl%2Csource%2Cexpire&mime=video%2Fmp4&initcwndbps=4347500&ipbits=0", "player_url": null, "ext": "mp4", "width": 640, "height": 360, "acodec": "mp4a.40.2", "abr": 96, "vcodec": "avc1.42001E", "resolution": "640x360", "format_note": "medium", "format": "18 - 640x360 (medium)", "protocol": "https", "http_headers": {"User-Agent": "Mozilla/5.0 (X11; Linux x86_64; rv:10.0) Gecko/20150101 Firefox/47.0 (Chrome)", "Accept-Charset": "ISO-8859-1,utf-8;q=0.7,*;q=0.7", "Accept": "text/html,application/xhtml+xml,application/xml;q=0.9,*/*;q=0.8", "Accept-Encoding": "gzip, deflate", "Accept-Language": "en-us,en;q=0.5"}}, {"format_id": "22", "url": "https://r14---sn-4g57kn7s.googlevideo.com/videoplayback?source=youtube&dur=334.390&mv=m&lmt=1472417152094956&ms=au&mt=1502192686&ip=131.159.40.117&requiressl=yes&pl=16&mm=31&ei=i6SJWaWsM4yPV5f2qMAI&mn=sn-4g57kn7s&id=o-ACGDJAcvhrBMVE6tyG0vkzEHskAHM82Dbky-riI4Ho-Y&key=yt6&signature=562C4110920FDEC0A9A8DE64A4B65BF74E7BF51B.A133E4D893651DC9EF7FC6AA389032AA5091C616&itag=22&sparams=dur%2Cei%2Cid%2Cinitcwndbps%2Cip%2Cipbits%2Citag%2Clmt%2Cmime%2Cmm%2Cmn%2Cms%2Cmv%2Cpl%2Cratebypass%2Crequiressl%2Csource%2Cexpire&expire=1502214380&mime=video%2Fmp4&ratebypass=yes&initcwndbps=4347500&ipbits=0", "player_url": null, "ext": "mp4", "width": 1280, "height": 720, "acodec": "mp4a.40.2", "abr": 192, "vcodec": "avc1.64001F", "resolution": "1280x720", "format_note": "hd720", "format": "22 - 1280x720 (hd720)", "protocol": "https", "http_headers": {"User-Agent": "Mozilla/5.0 (X11; Linux x86_64; rv:10.0) Gecko/20150101 Firefox/47.0 (Chrome)", "Accept-Charset": "ISO-8859-1,utf-8;q=0.7,*;q=0.7", "Accept": "text/html,application/xhtml+xml,application/xml;q=0.9,*/*;q=0.8", "Accept-Encoding": "gzip, deflate", "Accept-Language": "en-us,en;q=0.5"}}], "is_live": null, "start_time": null, "end_time": null, "series": null, "season_number": null, "episode_number": null, "extractor": "youtube", "webpage_url_basename": "FtaRM4aj3AE", "extractor_key": "Youtube", "playlist": null, "playlist_index": null, "thumbnails": [{"url": "https://i.ytimg.com/vi/FtaRM4aj3AE/maxresdefault.jpg", "id": "0"}], "display_id": "FtaRM4aj3AE", "ext": "mp4", "height": 720, "format_note": "DASH video", "vcodec": "avc1.4d401f", "format_id": "136", "url": "https://r2---sn-4g5edn7y.googlevideo.com/videoplayback?id=16d6913386a3dc01&itag=136&source=youtube&requiressl=yes&mn=sn-4g5edn7y&mm=31&ms=au&ei=jKSJWbuaF4jMVpzygdAC&initcwndbps=4347500&mv=m&pl=16&ratebypass=yes&mime=video/mp4&gir=yes&clen=61835504&lmt=1400619643523558&dur=334.334&key=dg_yt0&mt=1502192686&signature=4493E6CD9CA31E3DB58B999DE562EFC63F2BA5E6.2979E6B78F8844C5E50A0588F7793F1F84ED79B1&ip=131.159.40.117&ipbits=0&expire=1502214380&sparams=ip,ipbits,expire,id,itag,source,requiressl,mn,mm,ms,ei,initcwndbps,mv,pl,ratebypass,mime,gir,clen,lmt,dur", "manifest_url": "https://manifest.googlevideo.com/api/manifest/dash/requiressl/yes/ip/131.159.40.117/key/yt6/ipbits/0/mn/sn-4g5edn7y/as/fmp4_audio_clear%2Cfmp4_sd_hd_clear/hfr/1/mm/31/playback_host/r2---sn-4g5edn7y.googlevideo.com/ms/au/id/16d6913386a3dc01/ei/jKSJWbuaF4jMVpzygdAC/itag/0/initcwndbps/4347500/mt/1502192686/expire/1502214380/mv/m/signature/292BD9EB66DA9A4272D858E20FFB420A8C05BB6A.3462FCF37E5CB5FD0E38A394EEAE4E640EDE8871/sparams/as%2Cei%2Chfr%2Cid%2Cinitcwndbps%2Cip%2Cipbits%2Citag%2Cmm%2Cmn%2Cms%2Cmv%2Cpl%2Cplayback_host%2Crequiressl%2Csource%2Cexpire/pl/16/source/youtube", "width": 1280, "tbr": 1842.111, "asr": null, "fps": 30, "language": null, "filesize": 61835504, "acodec": "none", "format": "136 - 1280x720 (DASH video)", "protocol": "https", "http_headers": {"User-Agent": "Mozilla/5.0 (X11; Linux x86_64; rv:10.0) Gecko/20150101 Firefox/47.0 (Chrome)", "Accept-Charset": "ISO-8859-1,utf-8;q=0.7,*;q=0.7", "Accept": "text/html,application/xhtml+xml,application/xml;q=0.9,*/*;q=0.8", "Accept-Encoding": "gzip, deflate", "Accept-Language": "en-us,en;q=0.5"}, "fulltitle": "NEW!-Covergirl +Olay Facelift Effect Firming Makeup-First Impression-IsthatSJaye", "_filename": "FtaRM4aj3AE.mp4"}