{"id": "AYte103vaO8", "uploader": "V6 News Telugu", "uploader_id": "V6NewsTelugu", "uploader_url": "http://www.youtube.com/user/V6NewsTelugu", "upload_date": "20140308", "license": "Standard YouTube License", "creator": null, "title": "Armoor Assembly Segment History - XMinutes", "alt_title": null, "thumbnail": "https://i.ytimg.com/vi/AYte103vaO8/hqdefault.jpg", "description": "Congress has a Good Hold on Armoor Assembly Segment Earlier. Armoor Favours to TDP from 1994 and Suresh Reddy from Congress is looking Confident on Victory.\nVisit our Website : http://V6news.tv\nTwitter : https://twitter.com/#!/V6News\nFacebook : http://www.facebook.com/V6News.tv\nGoogle+ : https://plus.google.com/109903438943940210337\nV6 News Channel", "categories": ["News & Politics"], "tags": ["V6 News", "V6 News Channel", "Telugu News", "Telugu", "Telangana", "Telugu news", "Telugu Channel", "Telangana News", "Armoor (City/Town/Village)", "XMinutes", "Assembly", "History"], "subtitles": {}, "automatic_captions": {}, "duration": 358, "age_limit": 0, "annotations": null, "chapters": null, "webpage_url": "https://www.youtube.com/watch?v=AYte103vaO8", "view_count": 6779, "like_count": 15, "dislike_count": 2, "average_rating": 4.52941179276, "formats": [{"ext": "m4a", "format_note": "DASH audio", "acodec": "mp4a.40.5", "abr": 48, "container": "m4a_dash", "format_id": "139", "url": "https://r8---sn-xjpm-q0ns.googlevideo.com/videoplayback?id=018b5ed74def68ef&itag=139&source=youtube&requiressl=yes&mn=sn-xjpm-q0ns&mm=31&pl=16&mv=u&ms=au&ei=sjyKWfGRBNi9cPfEgpAP&ratebypass=yes&mime=audio/mp4&gir=yes&clen=2162770&lmt=1429976135705116&dur=358.422&signature=1DE205194138D7DB65E25C811970165F9B7212A0.97944095803B53EDF13715F7B8BB7C7BB48953FB&mt=1502231543&key=dg_yt0&ip=131.159.40.117&ipbits=0&expire=1502253330&sparams=ip,ipbits,expire,id,itag,source,requiressl,mn,mm,pl,mv,ms,ei,ratebypass,mime,gir,clen,lmt,dur", "manifest_url": "https://manifest.googlevideo.com/api/manifest/dash/hfr/1/mn/sn-xjpm-q0ns/ipbits/0/mm/31/signature/DC7577B692A552D5916A6D681A7E4E88B5F75932.30574A237957C5A9DBDA82C15DE750EA9EB45D3C/pl/16/mt/1502231543/as/fmp4_audio_clear%2Cfmp4_sd_hd_clear/source/youtube/ip/131.159.40.117/expire/1502253330/sparams/as%2Cei%2Chfr%2Cid%2Cip%2Cipbits%2Citag%2Cmm%2Cmn%2Cms%2Cmv%2Cpl%2Cplayback_host%2Crequiressl%2Csource%2Cexpire/key/yt6/id/018b5ed74def68ef/mv/u/playback_host/r8---sn-xjpm-q0ns.googlevideo.com/requiressl/yes/itag/0/ms/au/ei/sjyKWfGRBNi9cPfEgpAP", "width": null, "height": null, "tbr": 49.292, "asr": 22050, "fps": null, "language": null, "filesize": 2162770, "vcodec": "none", "format": "139 - audio only (DASH audio)", "protocol": "https", "http_headers": {"User-Agent": "Mozilla/5.0 (X11; Linux x86_64; rv:10.0) Gecko/20150101 Firefox/47.0 (Chrome)", "Accept-Charset": "ISO-8859-1,utf-8;q=0.7,*;q=0.7", "Accept": "text/html,application/xhtml+xml,application/xml;q=0.9,*/*;q=0.8", "Accept-Encoding": "gzip, deflate", "Accept-Language": "en-us,en;q=0.5"}}, {"ext": "m4a", "format_note": "DASH audio", "acodec": "mp4a.40.2", "abr": 128, "container": "m4a_dash", "format_id": "140", "url": "https://r8---sn-xjpm-q0ns.googlevideo.com/videoplayback?id=018b5ed74def68ef&itag=140&source=youtube&requiressl=yes&mn=sn-xjpm-q0ns&mm=31&pl=16&mv=u&ms=au&ei=sjyKWfGRBNi9cPfEgpAP&ratebypass=yes&mime=audio/mp4&gir=yes&clen=5753601&lmt=1429976149865600&dur=358.353&signature=044C7E72684EFE88122943A6D369D7A5E782890B.6380FC2641DD0351F8B85B6334197AA0E6EC6000&mt=1502231543&key=dg_yt0&ip=131.159.40.117&ipbits=0&expire=1502253330&sparams=ip,ipbits,expire,id,itag,source,requiressl,mn,mm,pl,mv,ms,ei,ratebypass,mime,gir,clen,lmt,dur", "manifest_url": "https://manifest.googlevideo.com/api/manifest/dash/hfr/1/mn/sn-xjpm-q0ns/ipbits/0/mm/31/signature/DC7577B692A552D5916A6D681A7E4E88B5F75932.30574A237957C5A9DBDA82C15DE750EA9EB45D3C/pl/16/mt/1502231543/as/fmp4_audio_clear%2Cfmp4_sd_hd_clear/source/youtube/ip/131.159.40.117/expire/1502253330/sparams/as%2Cei%2Chfr%2Cid%2Cip%2Cipbits%2Citag%2Cmm%2Cmn%2Cms%2Cmv%2Cpl%2Cplayback_host%2Crequiressl%2Csource%2Cexpire/key/yt6/id/018b5ed74def68ef/mv/u/playback_host/r8---sn-xjpm-q0ns.googlevideo.com/requiressl/yes/itag/0/ms/au/ei/sjyKWfGRBNi9cPfEgpAP", "width": null, "height": null, "tbr": 129.36, "asr": 44100, "fps": null, "language": null, "filesize": 5753601, "vcodec": "none", "format": "140 - audio only (DASH audio)", "protocol": "https", "http_headers": {"User-Agent": "Mozilla/5.0 (X11; Linux x86_64; rv:10.0) Gecko/20150101 Firefox/47.0 (Chrome)", "Accept-Charset": "ISO-8859-1,utf-8;q=0.7,*;q=0.7", "Accept": "text/html,application/xhtml+xml,application/xml;q=0.9,*/*;q=0.8", "Accept-Encoding": "gzip, deflate", "Accept-Language": "en-us,en;q=0.5"}}, {"ext": "mp4", "height": 144, "format_note": "DASH video", "vcodec": "avc1.4d400c", "format_id": "160", "url": "https://r8---sn-xjpm-q0ns.googlevideo.com/videoplayback?id=018b5ed74def68ef&itag=160&source=youtube&requiressl=yes&mn=sn-xjpm-q0ns&mm=31&pl=16&mv=u&ms=au&ei=sjyKWfGRBNi9cPfEgpAP&ratebypass=yes&mime=video/mp4&gir=yes&clen=4885506&lmt=1429976197115810&dur=358.291&signature=8596952CA32071C82A33EE6ECD2B0E7CF6271944.574E4A30C2984C81EF06BBB89334D36ACF0BC7B0&mt=1502231543&key=dg_yt0&ip=131.159.40.117&ipbits=0&expire=1502253330&sparams=ip,ipbits,expire,id,itag,source,requiressl,mn,mm,pl,mv,ms,ei,ratebypass,mime,gir,clen,lmt,dur", "manifest_url": "https://manifest.googlevideo.com/api/manifest/dash/hfr/1/mn/sn-xjpm-q0ns/ipbits/0/mm/31/signature/DC7577B692A552D5916A6D681A7E4E88B5F75932.30574A237957C5A9DBDA82C15DE750EA9EB45D3C/pl/16/mt/1502231543/as/fmp4_audio_clear%2Cfmp4_sd_hd_clear/source/youtube/ip/131.159.40.117/expire/1502253330/sparams/as%2Cei%2Chfr%2Cid%2Cip%2Cipbits%2Citag%2Cmm%2Cmn%2Cms%2Cmv%2Cpl%2Cplayback_host%2Crequiressl%2Csource%2Cexpire/key/yt6/id/018b5ed74def68ef/mv/u/playback_host/r8---sn-xjpm-q0ns.googlevideo.com/requiressl/yes/itag/0/ms/au/ei/sjyKWfGRBNi9cPfEgpAP", "width": 180, "tbr": 111.379, "asr": null, "fps": 15, "language": null, "filesize": 4885506, "acodec": "none", "format": "160 - 180x144 (DASH video)", "protocol": "https", "http_headers": {"User-Agent": "Mozilla/5.0 (X11; Linux x86_64; rv:10.0) Gecko/20150101 Firefox/47.0 (Chrome)", "Accept-Charset": "ISO-8859-1,utf-8;q=0.7,*;q=0.7", "Accept": "text/html,application/xhtml+xml,application/xml;q=0.9,*/*;q=0.8", "Accept-Encoding": "gzip, deflate", "Accept-Language": "en-us,en;q=0.5"}}, {"ext": "mp4", "height": 240, "format_note": "DASH video", "vcodec": "avc1.4d400d", "format_id": "133", "url": "https://r8---sn-xjpm-q0ns.googlevideo.com/videoplayback?id=018b5ed74def68ef&itag=133&source=youtube&requiressl=yes&mn=sn-xjpm-q0ns&mm=31&pl=16&mv=u&ms=au&ei=sjyKWfGRBNi9cPfEgpAP&ratebypass=yes&mime=video/mp4&gir=yes&clen=10974271&lmt=1429976217308693&dur=358.291&signature=3FFB6256DF5DA10BF8CB22D0EAFC1573F971D18A.77809EA78357AB5C18A4350B99159601F7783242&mt=1502231543&key=dg_yt0&ip=131.159.40.117&ipbits=0&expire=1502253330&sparams=ip,ipbits,expire,id,itag,source,requiressl,mn,mm,pl,mv,ms,ei,ratebypass,mime,gir,clen,lmt,dur", "manifest_url": "https://manifest.googlevideo.com/api/manifest/dash/hfr/1/mn/sn-xjpm-q0ns/ipbits/0/mm/31/signature/DC7577B692A552D5916A6D681A7E4E88B5F75932.30574A237957C5A9DBDA82C15DE750EA9EB45D3C/pl/16/mt/1502231543/as/fmp4_audio_clear%2Cfmp4_sd_hd_clear/source/youtube/ip/131.159.40.117/expire/1502253330/sparams/as%2Cei%2Chfr%2Cid%2Cip%2Cipbits%2Citag%2Cmm%2Cmn%2Cms%2Cmv%2Cpl%2Cplayback_host%2Crequiressl%2Csource%2Cexpire/key/yt6/id/018b5ed74def68ef/mv/u/playback_host/r8---sn-xjpm-q0ns.googlevideo.com/requiressl/yes/itag/0/ms/au/ei/sjyKWfGRBNi9cPfEgpAP", "width": 300, "tbr": 252.761, "asr": null, "fps": 30, "language": null, "filesize": 10974271, "acodec": "none", "format": "133 - 300x240 (DASH video)", "protocol": "https", "http_headers": {"User-Agent": "Mozilla/5.0 (X11; Linux x86_64; rv:10.0) Gecko/20150101 Firefox/47.0 (Chrome)", "Accept-Charset": "ISO-8859-1,utf-8;q=0.7,*;q=0.7", "Accept": "text/html,application/xhtml+xml,application/xml;q=0.9,*/*;q=0.8", "Accept-Encoding": "gzip, deflate", "Accept-Language": "en-us,en;q=0.5"}}, {"ext": "mp4", "height": 360, "format_note": "DASH video", "vcodec": "avc1.4d4016", "format_id": "134", "url": "https://r8---sn-xjpm-q0ns.googlevideo.com/videoplayback?id=018b5ed74def68ef&itag=134&source=youtube&requiressl=yes&mn=sn-xjpm-q0ns&mm=31&pl=16&mv=u&ms=au&ei=sjyKWfGRBNi9cPfEgpAP&ratebypass=yes&mime=video/mp4&gir=yes&clen=15228371&lmt=1429976271008183&dur=358.291&signature=77AB27FDF45192CC3613C7B797C4FFED3737019A.16A6E312884443954033F2E17A2F583CE8973CD6&mt=1502231543&key=dg_yt0&ip=131.159.40.117&ipbits=0&expire=1502253330&sparams=ip,ipbits,expire,id,itag,source,requiressl,mn,mm,pl,mv,ms,ei,ratebypass,mime,gir,clen,lmt,dur", "manifest_url": "https://manifest.googlevideo.com/api/manifest/dash/hfr/1/mn/sn-xjpm-q0ns/ipbits/0/mm/31/signature/DC7577B692A552D5916A6D681A7E4E88B5F75932.30574A237957C5A9DBDA82C15DE750EA9EB45D3C/pl/16/mt/1502231543/as/fmp4_audio_clear%2Cfmp4_sd_hd_clear/source/youtube/ip/131.159.40.117/expire/1502253330/sparams/as%2Cei%2Chfr%2Cid%2Cip%2Cipbits%2Citag%2Cmm%2Cmn%2Cms%2Cmv%2Cpl%2Cplayback_host%2Crequiressl%2Csource%2Cexpire/key/yt6/id/018b5ed74def68ef/mv/u/playback_host/r8---sn-xjpm-q0ns.googlevideo.com/requiressl/yes/itag/0/ms/au/ei/sjyKWfGRBNi9cPfEgpAP", "width": 450, "tbr": 604.739, "asr": null, "fps": 30, "language": null, "filesize": 15228371, "acodec": "none", "format": "134 - 450x360 (DASH video)", "protocol": "https", "http_headers": {"User-Agent": "Mozilla/5.0 (X11; Linux x86_64; rv:10.0) Gecko/20150101 Firefox/47.0 (Chrome)", "Accept-Charset": "ISO-8859-1,utf-8;q=0.7,*;q=0.7", "Accept": "text/html,application/xhtml+xml,application/xml;q=0.9,*/*;q=0.8", "Accept-Encoding": "gzip, deflate", "Accept-Language": "en-us,en;q=0.5"}}, {"ext": "mp4", "height": 480, "format_note": "DASH video", "vcodec": "avc1.4d401e", "format_id": "135", "url": "https://r8---sn-xjpm-q0ns.googlevideo.com/videoplayback?id=018b5ed74def68ef&itag=135&source=youtube&requiressl=yes&mn=sn-xjpm-q0ns&mm=31&pl=16&mv=u&ms=au&ei=sjyKWfGRBNi9cPfEgpAP&ratebypass=yes&mime=video/mp4&gir=yes&clen=31098676&lmt=1429976489054645&dur=358.291&signature=07B5B110C39032E72EFCD691969055F1EA071E6E.2A1D216E55BEA0474BC9249A95B889B9F81B9421&mt=1502231543&key=dg_yt0&ip=131.159.40.117&ipbits=0&expire=1502253330&sparams=ip,ipbits,expire,id,itag,source,requiressl,mn,mm,pl,mv,ms,ei,ratebypass,mime,gir,clen,lmt,dur", "manifest_url": "https://manifest.googlevideo.com/api/manifest/dash/hfr/1/mn/sn-xjpm-q0ns/ipbits/0/mm/31/signature/DC7577B692A552D5916A6D681A7E4E88B5F75932.30574A237957C5A9DBDA82C15DE750EA9EB45D3C/pl/16/mt/1502231543/as/fmp4_audio_clear%2Cfmp4_sd_hd_clear/source/youtube/ip/131.159.40.117/expire/1502253330/sparams/as%2Cei%2Chfr%2Cid%2Cip%2Cipbits%2Citag%2Cmm%2Cmn%2Cms%2Cmv%2Cpl%2Cplayback_host%2Crequiressl%2Csource%2Cexpire/key/yt6/id/018b5ed74def68ef/mv/u/playback_host/r8---sn-xjpm-q0ns.googlevideo.com/requiressl/yes/itag/0/ms/au/ei/sjyKWfGRBNi9cPfEgpAP", "width": 600, "tbr": 1107.675, "asr": null, "fps": 30, "language": null, "filesize": 31098676, "acodec": "none", "format": "135 - 600x480 (DASH video)", "protocol": "https", "http_headers": {"User-Agent": "Mozilla/5.0 (X11; Linux x86_64; rv:10.0) Gecko/20150101 Firefox/47.0 (Chrome)", "Accept-Charset": "ISO-8859-1,utf-8;q=0.7,*;q=0.7", "Accept": "text/html,application/xhtml+xml,application/xml;q=0.9,*/*;q=0.8", "Accept-Encoding": "gzip, deflate", "Accept-Language": "en-us,en;q=0.5"}}, {"format_id": "17", "url": "https://r8---sn-xjpm-q0ns.googlevideo.com/videoplayback?mm=31&mn=sn-xjpm-q0ns&id=o-ADSz0u1P2-jUvNrrcVRp-Jaou5TiQRJnSXiu9NMLtZtH&mime=video%2F3gpp&pl=16&sparams=clen%2Cdur%2Cei%2Cgir%2Cid%2Cip%2Cipbits%2Citag%2Clmt%2Cmime%2Cmm%2Cmn%2Cms%2Cmv%2Cpl%2Crequiressl%2Csource%2Cexpire&ipbits=0&ip=131.159.40.117&clen=3653263&requiressl=yes&itag=17&mt=1502231543&source=youtube&mv=u&gir=yes&ms=au&signature=2BB3C5AFE062C066A9C9AA3272F0F817D91F7514.1E6F9E15A1ADFDFAD4535DFF46DFEB8944949BB0&dur=358.516&ei=sTyKWeLrJYiVcKvSicAM&key=yt6&lmt=1429976283281741&expire=1502253329&ratebypass=yes", "player_url": null, "ext": "3gp", "width": 176, "height": 144, "acodec": "mp4a.40.2", "abr": 24, "vcodec": "mp4v.20.3", "resolution": "176x144", "format_note": "small", "format": "17 - 176x144 (small)", "protocol": "https", "http_headers": {"User-Agent": "Mozilla/5.0 (X11; Linux x86_64; rv:10.0) Gecko/20150101 Firefox/47.0 (Chrome)", "Accept-Charset": "ISO-8859-1,utf-8;q=0.7,*;q=0.7", "Accept": "text/html,application/xhtml+xml,application/xml;q=0.9,*/*;q=0.8", "Accept-Encoding": "gzip, deflate", "Accept-Language": "en-us,en;q=0.5"}}, {"format_id": "36", "url": "https://r8---sn-xjpm-q0ns.googlevideo.com/videoplayback?mm=31&mn=sn-xjpm-q0ns&id=o-ADSz0u1P2-jUvNrrcVRp-Jaou5TiQRJnSXiu9NMLtZtH&mime=video%2F3gpp&pl=16&sparams=clen%2Cdur%2Cei%2Cgir%2Cid%2Cip%2Cipbits%2Citag%2Clmt%2Cmime%2Cmm%2Cmn%2Cms%2Cmv%2Cpl%2Crequiressl%2Csource%2Cexpire&ipbits=0&ip=131.159.40.117&clen=10269950&requiressl=yes&itag=36&mt=1502231543&source=youtube&mv=u&gir=yes&ms=au&signature=9D3C9C2AEE26EFA8C58C82F898593DCC47584FAD.34C4F3D261EB519B2D5A036B896B400ABE42A50F&dur=358.516&ei=sTyKWeLrJYiVcKvSicAM&key=yt6&lmt=1429976261760575&expire=1502253329&ratebypass=yes", "player_url": null, "ext": "3gp", "width": 300, "acodec": "mp4a.40.2", "vcodec": "mp4v.20.3", "resolution": "300x240", "height": 240, "format_note": "small", "format": "36 - 300x240 (small)", "protocol": "https", "http_headers": {"User-Agent": "Mozilla/5.0 (X11; Linux x86_64; rv:10.0) Gecko/20150101 Firefox/47.0 (Chrome)", "Accept-Charset": "ISO-8859-1,utf-8;q=0.7,*;q=0.7", "Accept": "text/html,application/xhtml+xml,application/xml;q=0.9,*/*;q=0.8", "Accept-Encoding": "gzip, deflate", "Accept-Language": "en-us,en;q=0.5"}}, {"format_id": "18", "url": "https://r8---sn-xjpm-q0ns.googlevideo.com/videoplayback?mm=31&mn=sn-xjpm-q0ns&id=o-ADSz0u1P2-jUvNrrcVRp-Jaou5TiQRJnSXiu9NMLtZtH&mime=video%2Fmp4&pl=16&ipbits=0&ip=131.159.40.117&requiressl=yes&mt=1502231543&mv=u&gir=yes&ms=au&dur=358.353&ei=sTyKWeLrJYiVcKvSicAM&expire=1502253329&sparams=clen%2Cdur%2Cei%2Cgir%2Cid%2Cip%2Cipbits%2Citag%2Clmt%2Cmime%2Cmm%2Cmn%2Cms%2Cmv%2Cpl%2Cratebypass%2Crequiressl%2Csource%2Cexpire&clen=24277153&source=youtube&signature=6FB2537105EE603DBEB11F714D1DB9C34D7C5943.1679ADA61157687A045EE19FCB9874B028FAB598&ratebypass=yes&key=yt6&lmt=1429976231165646&itag=18", "player_url": null, "ext": "mp4", "width": 450, "height": 360, "acodec": "mp4a.40.2", "abr": 96, "vcodec": "avc1.42001E", "resolution": "450x360", "format_note": "medium", "format": "18 - 450x360 (medium)", "protocol": "https", "http_headers": {"User-Agent": "Mozilla/5.0 (X11; Linux x86_64; rv:10.0) Gecko/20150101 Firefox/47.0 (Chrome)", "Accept-Charset": "ISO-8859-1,utf-8;q=0.7,*;q=0.7", "Accept": "text/html,application/xhtml+xml,application/xml;q=0.9,*/*;q=0.8", "Accept-Encoding": "gzip, deflate", "Accept-Language": "en-us,en;q=0.5"}}, {"format_id": "43", "url": "https://r8---sn-xjpm-q0ns.googlevideo.com/videoplayback?mm=31&mn=sn-xjpm-q0ns&id=o-ADSz0u1P2-jUvNrrcVRp-Jaou5TiQRJnSXiu9NMLtZtH&mime=video%2Fwebm&pl=16&ipbits=0&ip=131.159.40.117&requiressl=yes&mt=1502231543&mv=u&gir=yes&ms=au&dur=0.000&ei=sTyKWeLrJYiVcKvSicAM&expire=1502253329&sparams=clen%2Cdur%2Cei%2Cgir%2Cid%2Cip%2Cipbits%2Citag%2Clmt%2Cmime%2Cmm%2Cmn%2Cms%2Cmv%2Cpl%2Cratebypass%2Crequiressl%2Csource%2Cexpire&clen=32912297&source=youtube&signature=D0CDB02B3FE1CC239DB88DD08A47AC53D3BEBE2A.C060F31824B204B7629FB113191799A7083B553C&ratebypass=yes&key=yt6&lmt=1429977708930235&itag=43", "player_url": null, "ext": "webm", "width": 640, "height": 360, "acodec": "vorbis", "abr": 128, "vcodec": "vp8.0", "resolution": "640x360", "format_note": "medium", "format": "43 - 640x360 (medium)", "protocol": "https", "http_headers": {"User-Agent": "Mozilla/5.0 (X11; Linux x86_64; rv:10.0) Gecko/20150101 Firefox/47.0 (Chrome)", "Accept-Charset": "ISO-8859-1,utf-8;q=0.7,*;q=0.7", "Accept": "text/html,application/xhtml+xml,application/xml;q=0.9,*/*;q=0.8", "Accept-Encoding": "gzip, deflate", "Accept-Language": "en-us,en;q=0.5"}}], "is_live": null, "start_time": null, "end_time": null, "series": null, "season_number": null, "episode_number": null, "extractor": "youtube", "webpage_url_basename": "AYte103vaO8", "extractor_key": "Youtube", "playlist": null, "playlist_index": null, "thumbnails": [{"url": "https://i.ytimg.com/vi/AYte103vaO8/hqdefault.jpg", "id": "0"}], "display_id": "AYte103vaO8", "ext": "mp4", "height": 480, "format_note": "DASH video", "vcodec": "avc1.4d401e", "format_id": "135", "url": "https://r8---sn-xjpm-q0ns.googlevideo.com/videoplayback?id=018b5ed74def68ef&itag=135&source=youtube&requiressl=yes&mn=sn-xjpm-q0ns&mm=31&pl=16&mv=u&ms=au&ei=sjyKWfGRBNi9cPfEgpAP&ratebypass=yes&mime=video/mp4&gir=yes&clen=31098676&lmt=1429976489054645&dur=358.291&signature=07B5B110C39032E72EFCD691969055F1EA071E6E.2A1D216E55BEA0474BC9249A95B889B9F81B9421&mt=1502231543&key=dg_yt0&ip=131.159.40.117&ipbits=0&expire=1502253330&sparams=ip,ipbits,expire,id,itag,source,requiressl,mn,mm,pl,mv,ms,ei,ratebypass,mime,gir,clen,lmt,dur", "manifest_url": "https://manifest.googlevideo.com/api/manifest/dash/hfr/1/mn/sn-xjpm-q0ns/ipbits/0/mm/31/signature/DC7577B692A552D5916A6D681A7E4E88B5F75932.30574A237957C5A9DBDA82C15DE750EA9EB45D3C/pl/16/mt/1502231543/as/fmp4_audio_clear%2Cfmp4_sd_hd_clear/source/youtube/ip/131.159.40.117/expire/1502253330/sparams/as%2Cei%2Chfr%2Cid%2Cip%2Cipbits%2Citag%2Cmm%2Cmn%2Cms%2Cmv%2Cpl%2Cplayback_host%2Crequiressl%2Csource%2Cexpire/key/yt6/id/018b5ed74def68ef/mv/u/playback_host/r8---sn-xjpm-q0ns.googlevideo.com/requiressl/yes/itag/0/ms/au/ei/sjyKWfGRBNi9cPfEgpAP", "width": 600, "tbr": 1107.675, "asr": null, "fps": 30, "language": null, "filesize": 31098676, "acodec": "none", "format": "135 - 600x480 (DASH video)", "protocol": "https", "http_headers": {"User-Agent": "Mozilla/5.0 (X11; Linux x86_64; rv:10.0) Gecko/20150101 Firefox/47.0 (Chrome)", "Accept-Charset": "ISO-8859-1,utf-8;q=0.7,*;q=0.7", "Accept": "text/html,application/xhtml+xml,application/xml;q=0.9,*/*;q=0.8", "Accept-Encoding": "gzip, deflate", "Accept-Language": "en-us,en;q=0.5"}, "fulltitle": "Armoor Assembly Segment History - XMinutes", "_filename": "AYte103vaO8.mp4"}