{"id": "tmSjjPqbakU", "uploader": "Namsem Bilan", "uploader_id": "namsembilan9", "uploader_url": "http://www.youtube.com/user/namsembilan9", "upload_date": "20140616", "license": "Standard YouTube License", "creator": null, "title": "Cara membuat Kosmetik Herbal Dengan Yogurt & Madu Untuk Mengatasi Kulit Berminyak", "alt_title": null, "thumbnail": "https://i.ytimg.com/vi/tmSjjPqbakU/hqdefault.jpg", "description": "Cara membuat Kosmetik Herbal Dengan Yogurt & Madu Untuk Mengatasi Kulit Berminyak - Mengatasi kulit berminyak tidak selalu harus menggunakan produk perawatan buatan pabrik yang haarganya mahal dan bisa menguras dompet anda.  Untuk merawat wajah dan menghilangkan kulit wajah yang berminya anda bisa menggunakan manfaat yang terkandung dalam yogurt, Yogurt sering digunakan sebagai bahan perawatan kulit dan wajah secara alami.\n-------------------------------------------------------------------------------------\n\"Cara membuat Kosmetik Herbal Dengan Yogurt & Madu Untuk Mengatasi Kulit Berminyak\"\n-------------------------------------------------------------------------------------\n\"Masker Yogurt Madu Untuk Kulit Berjerawat\"\n\"Cara Alami Mengatasi Kulit Wajah Berminyak.\"\n\"cara mengatasi wajah berminyak\"\n\"Manfaat Masker Wajah Yogurt dan Cara Membuatnya\"\n\"Ini Cara Merawat Kulit Dengan Madu Dan Yogurt\"\n\"Masker Anti Aging untuk Kulit Berminyak\"\n\"Masker Yoghurt Untuk menghilangkan jerawat\"\n\"cara alami mengatasi, merawat kulit wajah berminyak\"\n-------------------------------------------------------------------------------------\nHome Whats On ! Beauty\n-------------------------------------------------------------------------------------\n\"Beauty Center\", \"Klinik Kecantikan\", \"Pusat Kecantikan\",  \"Perawatan Kulit\", \"Cara Merawat Kulit\", \"Cara Memutihkan Kulit\", \"Cara membuat Masker Alami\", \"Cara Memutihkan Kulit\", \"Cara memutihkan Wajah\", \"Cara Alami Merawat Kulit dan Wajah\", \"Kosmetik Herbal Alami\", \"Tips Cantik Alami\",\n\"Tips Cantik Natural\", \"Tutorial Kecantikan Alami\", \"Rahasia Kecantikan Artis\", \"Rahasia Awet Muda\", \"Rahasia Wajah Putih\", \"Rahasia Perawatan Kecantikan\", \"Cara Mencerahkan Wajah\", \"Cara  memutihkan Wajah\", \"Cara Canti Alami\" \"Cara MErawat Tubuh\" \"Cara Diet Sehat\" \"Cara Diet Alami\"  \"Tutorial Kecantikan\" \"Rahasia Awet Muda,\" \"Tips Awet Muda\"\n\"Lotion Herbal\" \"Facial Alami\" \"Facial Herbal\" \"Lotion Alami\" \"Cara Tampil Cantik\" \"Obat Herbal\" \"Rahasia Kecantikan Wanita\" \"Wanita Karir\" \"Wanita Cantik\" \"Cara Menghilangkan Jerawat Membandel\" \"Cara Menghilangkan BEkas Jerawat\" \"Cara Menghilangkan Flek Hitam\" \"Cara MEnghilangkan Noda Hitam\" \"Noda Hitam Membandel\" \"Kosmetik Herbal\" \"Total Tips & Trik\", \"Perawatan kulit\", \"natural\", \"alami\", \"kulit kering\", \"madu\", \"scrub wajah\", \"sel kulit mati\" \"Obat Awet Muda\" \"Tampil Lebih Muda\" \"Wajah Putih\" \"Agar Wajah Putih\"\n\"Kulit Cantik\" \"Cara Make Up\" \"Cantik Ala Artis\" \"Cantik Dan Sehat\" \"Cara Tampil Cantik Natural\" \"Cantik Sepanjang Hari\" \"Awet Muda\"\n-------------------------------------------------------------------------------------", "categories": ["People & Blogs"], "tags": ["Cosmetics (Industry)", "Malaysia", "Indonesia", "Makeup", "Tutorial", "Skin (Human Sense Organ)", "Health", "Pusat Kecantikan", "Klinik Kecantikan", "Beauty Center", "Perawatan Kulit", "Cara Merawat Kulit", "Cara Memutihkan Kulit", "Cara membuat Masker Alami", "Cara memutihkan Wajah", "Cara Alami Merawat Kulit dan Wajah", "Kosmetik Herbal Alami", "Face", "Tips Cantik Alami", "Tutorial Kecantikan Alami", "Tips Cantik Natural", "Rahasia Kecantikan Artis", "Rahasia Awet Muda", "Rahasia Wajah Putih"], "subtitles": {}, "automatic_captions": {}, "duration": 148, "age_limit": 0, "annotations": null, "chapters": null, "webpage_url": "https://www.youtube.com/watch?v=tmSjjPqbakU", "view_count": 2952, "like_count": 5, "dislike_count": 0, "average_rating": 5.0, "formats": [{"ext": "m4a", "format_note": "DASH audio", "acodec": "mp4a.40.5", "abr": 48, "container": "m4a_dash", "format_id": "139", "url": "https://r3---sn-4g5e6nle.googlevideo.com/videoplayback?id=b664a38cfa9b6a45&itag=139&source=youtube&requiressl=yes&initcwndbps=3383750&pl=16&mn=sn-4g5e6nle&mm=31&ms=au&ei=NSOKWdGCH8L2V4iVmPgN&mv=m&ratebypass=yes&mime=audio/mp4&gir=yes&clen=894854&lmt=1402984166218798&dur=148.235&signature=142680BE68D10F1C147AF8B153CC35F0B64E5E32.7A00A9220309AAF7F9EE1D4509D29E08DE158757&key=dg_yt0&mt=1502225084&ip=131.159.40.117&ipbits=0&expire=1502246805&sparams=ip,ipbits,expire,id,itag,source,requiressl,initcwndbps,pl,mn,mm,ms,ei,mv,ratebypass,mime,gir,clen,lmt,dur", "manifest_url": "https://manifest.googlevideo.com/api/manifest/dash/playback_host/r3---sn-4g5e6nle.googlevideo.com/signature/477D6636E97DF4ACF6935E49C6E499779002165D.452383F3233F8C81326519C7B21D3B716C5200B8/initcwndbps/3383750/requiressl/yes/key/yt6/ip/131.159.40.117/ipbits/0/pl/16/mn/sn-4g5e6nle/mm/31/hfr/1/ms/au/sparams/as%2Cei%2Chfr%2Cid%2Cinitcwndbps%2Cip%2Cipbits%2Citag%2Cmm%2Cmn%2Cms%2Cmv%2Cpl%2Cplayback_host%2Crequiressl%2Csource%2Cexpire/ei/NSOKWdGCH8L2V4iVmPgN/id/b664a38cfa9b6a45/itag/0/mt/1502225084/expire/1502246805/source/youtube/as/fmp4_audio_clear%2Cfmp4_sd_hd_clear/mv/m", "width": null, "height": null, "tbr": 49.098, "asr": 22050, "fps": null, "language": null, "filesize": 894854, "vcodec": "none", "format": "139 - audio only (DASH audio)", "protocol": "https", "http_headers": {"User-Agent": "Mozilla/5.0 (X11; Linux x86_64; rv:10.0) Gecko/20150101 Firefox/47.0 (Chrome)", "Accept-Charset": "ISO-8859-1,utf-8;q=0.7,*;q=0.7", "Accept": "text/html,application/xhtml+xml,application/xml;q=0.9,*/*;q=0.8", "Accept-Encoding": "gzip, deflate", "Accept-Language": "en-us,en;q=0.5"}}, {"format_id": "249", "url": "https://r19---sn-4g57kndk.googlevideo.com/videoplayback?dur=148.121&lmt=1421248291599274&clen=928064&id=o-AEoArSGa_RmRc3azX0r8IAIti7AAFa8N-leUNHpZza8Q&expire=1502246805&mm=31&ip=131.159.40.117&ms=au&ei=NCOKWej9OJiKVKSIg7gL&pl=16&mv=m&ipbits=0&sparams=clen%2Cdur%2Cei%2Cgir%2Cid%2Cinitcwndbps%2Cip%2Cipbits%2Citag%2Ckeepalive%2Clmt%2Cmime%2Cmm%2Cmn%2Cms%2Cmv%2Cpl%2Crequiressl%2Csource%2Cexpire&signature=3CF3B436C48D9EEB125128454ECBED676C321ABF.5715150AD81C62E17B2EBF35D2F1A1F97E638540&source=youtube&itag=249&mn=sn-4g57kndk&keepalive=yes&key=yt6&mime=audio%2Fwebm&gir=yes&requiressl=yes&mt=1502225084&initcwndbps=3383750&ratebypass=yes", "player_url": null, "ext": "webm", "format_note": "DASH audio", "acodec": "opus", "abr": 50, "filesize": 928064, "tbr": 53.593, "vcodec": "none", "format": "249 - audio only (DASH audio)", "protocol": "https", "http_headers": {"User-Agent": "Mozilla/5.0 (X11; Linux x86_64; rv:10.0) Gecko/20150101 Firefox/47.0 (Chrome)", "Accept-Charset": "ISO-8859-1,utf-8;q=0.7,*;q=0.7", "Accept": "text/html,application/xhtml+xml,application/xml;q=0.9,*/*;q=0.8", "Accept-Encoding": "gzip, deflate", "Accept-Language": "en-us,en;q=0.5"}}, {"format_id": "250", "url": "https://r19---sn-4g57kndk.googlevideo.com/videoplayback?dur=148.121&lmt=1421248300531224&clen=1217775&id=o-AEoArSGa_RmRc3azX0r8IAIti7AAFa8N-leUNHpZza8Q&expire=1502246805&mm=31&ip=131.159.40.117&ms=au&ei=NCOKWej9OJiKVKSIg7gL&pl=16&mv=m&ipbits=0&sparams=clen%2Cdur%2Cei%2Cgir%2Cid%2Cinitcwndbps%2Cip%2Cipbits%2Citag%2Ckeepalive%2Clmt%2Cmime%2Cmm%2Cmn%2Cms%2Cmv%2Cpl%2Crequiressl%2Csource%2Cexpire&signature=8C6D311E38E486805B479B946D3415E160B87492.A834119783D89EEF681EA0A1B47A6694F1472D94&source=youtube&itag=250&mn=sn-4g57kndk&keepalive=yes&key=yt6&mime=audio%2Fwebm&gir=yes&requiressl=yes&mt=1502225084&initcwndbps=3383750&ratebypass=yes", "player_url": null, "ext": "webm", "format_note": "DASH audio", "acodec": "opus", "abr": 70, "filesize": 1217775, "tbr": 72.608, "vcodec": "none", "format": "250 - audio only (DASH audio)", "protocol": "https", "http_headers": {"User-Agent": "Mozilla/5.0 (X11; Linux x86_64; rv:10.0) Gecko/20150101 Firefox/47.0 (Chrome)", "Accept-Charset": "ISO-8859-1,utf-8;q=0.7,*;q=0.7", "Accept": "text/html,application/xhtml+xml,application/xml;q=0.9,*/*;q=0.8", "Accept-Encoding": "gzip, deflate", "Accept-Language": "en-us,en;q=0.5"}}, {"ext": "m4a", "format_note": "DASH audio", "acodec": "mp4a.40.2", "abr": 128, "container": "m4a_dash", "format_id": "140", "url": "https://r3---sn-4g5e6nle.googlevideo.com/videoplayback?id=b664a38cfa9b6a45&itag=140&source=youtube&requiressl=yes&initcwndbps=3383750&pl=16&mn=sn-4g5e6nle&mm=31&ms=au&ei=NSOKWdGCH8L2V4iVmPgN&mv=m&ratebypass=yes&mime=audio/mp4&gir=yes&clen=2379289&lmt=1402984160044817&dur=148.166&signature=453C1A1BE6FEC0AA04FADEA86E278678B3EB0219.14AA19E924B35E03E9B81034F938F669D8A0F4B5&key=dg_yt0&mt=1502225084&ip=131.159.40.117&ipbits=0&expire=1502246805&sparams=ip,ipbits,expire,id,itag,source,requiressl,initcwndbps,pl,mn,mm,ms,ei,mv,ratebypass,mime,gir,clen,lmt,dur", "manifest_url": "https://manifest.googlevideo.com/api/manifest/dash/playback_host/r3---sn-4g5e6nle.googlevideo.com/signature/477D6636E97DF4ACF6935E49C6E499779002165D.452383F3233F8C81326519C7B21D3B716C5200B8/initcwndbps/3383750/requiressl/yes/key/yt6/ip/131.159.40.117/ipbits/0/pl/16/mn/sn-4g5e6nle/mm/31/hfr/1/ms/au/sparams/as%2Cei%2Chfr%2Cid%2Cinitcwndbps%2Cip%2Cipbits%2Citag%2Cmm%2Cmn%2Cms%2Cmv%2Cpl%2Cplayback_host%2Crequiressl%2Csource%2Cexpire/ei/NSOKWdGCH8L2V4iVmPgN/id/b664a38cfa9b6a45/itag/0/mt/1502225084/expire/1502246805/source/youtube/as/fmp4_audio_clear%2Cfmp4_sd_hd_clear/mv/m", "width": null, "height": null, "tbr": 129.33, "asr": 44100, "fps": null, "language": null, "filesize": 2379289, "vcodec": "none", "format": "140 - audio only (DASH audio)", "protocol": "https", "http_headers": {"User-Agent": "Mozilla/5.0 (X11; Linux x86_64; rv:10.0) Gecko/20150101 Firefox/47.0 (Chrome)", "Accept-Charset": "ISO-8859-1,utf-8;q=0.7,*;q=0.7", "Accept": "text/html,application/xhtml+xml,application/xml;q=0.9,*/*;q=0.8", "Accept-Encoding": "gzip, deflate", "Accept-Language": "en-us,en;q=0.5"}}, {"format_id": "171", "url": "https://r19---sn-4g57kndk.googlevideo.com/videoplayback?dur=148.110&lmt=1421248305693480&clen=2342320&id=o-AEoArSGa_RmRc3azX0r8IAIti7AAFa8N-leUNHpZza8Q&expire=1502246805&mm=31&ip=131.159.40.117&ms=au&ei=NCOKWej9OJiKVKSIg7gL&pl=16&mv=m&ipbits=0&sparams=clen%2Cdur%2Cei%2Cgir%2Cid%2Cinitcwndbps%2Cip%2Cipbits%2Citag%2Ckeepalive%2Clmt%2Cmime%2Cmm%2Cmn%2Cms%2Cmv%2Cpl%2Crequiressl%2Csource%2Cexpire&signature=0CEEF45FDB0A310A1169ECF22D48D05D47B6ECA8.3627E844BBF6B47E5DDCA1EC188AE1C3CC512F33&source=youtube&itag=171&mn=sn-4g57kndk&keepalive=yes&key=yt6&mime=audio%2Fwebm&gir=yes&requiressl=yes&mt=1502225084&initcwndbps=3383750&ratebypass=yes", "player_url": null, "ext": "webm", "acodec": "vorbis", "format_note": "DASH audio", "abr": 128, "filesize": 2342320, "tbr": 134.579, "vcodec": "none", "format": "171 - audio only (DASH audio)", "protocol": "https", "http_headers": {"User-Agent": "Mozilla/5.0 (X11; Linux x86_64; rv:10.0) Gecko/20150101 Firefox/47.0 (Chrome)", "Accept-Charset": "ISO-8859-1,utf-8;q=0.7,*;q=0.7", "Accept": "text/html,application/xhtml+xml,application/xml;q=0.9,*/*;q=0.8", "Accept-Encoding": "gzip, deflate", "Accept-Language": "en-us,en;q=0.5"}}, {"format_id": "251", "url": "https://r19---sn-4g57kndk.googlevideo.com/videoplayback?dur=148.121&lmt=1421248299801351&clen=3026642&id=o-AEoArSGa_RmRc3azX0r8IAIti7AAFa8N-leUNHpZza8Q&expire=1502246805&mm=31&ip=131.159.40.117&ms=au&ei=NCOKWej9OJiKVKSIg7gL&pl=16&mv=m&ipbits=0&sparams=clen%2Cdur%2Cei%2Cgir%2Cid%2Cinitcwndbps%2Cip%2Cipbits%2Citag%2Ckeepalive%2Clmt%2Cmime%2Cmm%2Cmn%2Cms%2Cmv%2Cpl%2Crequiressl%2Csource%2Cexpire&signature=3C6B017CB390C3E1C7F92E6609112126C115A6DC.6C5290A27DCF608BE0CA0342E90A12E920B7E6F3&source=youtube&itag=251&mn=sn-4g57kndk&keepalive=yes&key=yt6&mime=audio%2Fwebm&gir=yes&requiressl=yes&mt=1502225084&initcwndbps=3383750&ratebypass=yes", "player_url": null, "ext": "webm", "format_note": "DASH audio", "acodec": "opus", "abr": 160, "filesize": 3026642, "tbr": 173.516, "vcodec": "none", "format": "251 - audio only (DASH audio)", "protocol": "https", "http_headers": {"User-Agent": "Mozilla/5.0 (X11; Linux x86_64; rv:10.0) Gecko/20150101 Firefox/47.0 (Chrome)", "Accept-Charset": "ISO-8859-1,utf-8;q=0.7,*;q=0.7", "Accept": "text/html,application/xhtml+xml,application/xml;q=0.9,*/*;q=0.8", "Accept-Encoding": "gzip, deflate", "Accept-Language": "en-us,en;q=0.5"}}, {"ext": "mp4", "height": 144, "format_note": "DASH video", "vcodec": "avc1.42c00c", "format_id": "160", "url": "https://r3---sn-4g5e6nle.googlevideo.com/videoplayback?id=b664a38cfa9b6a45&itag=160&source=youtube&requiressl=yes&initcwndbps=3383750&pl=16&mn=sn-4g5e6nle&mm=31&ms=au&ei=NSOKWdGCH8L2V4iVmPgN&mv=m&ratebypass=yes&mime=video/mp4&gir=yes&clen=1967039&lmt=1402984166555658&dur=148.114&signature=712208D82957702F9833D4514FF48A3B86165D64.7590C820DF272D44DB61167B263B3252419049D7&key=dg_yt0&mt=1502225084&ip=131.159.40.117&ipbits=0&expire=1502246805&sparams=ip,ipbits,expire,id,itag,source,requiressl,initcwndbps,pl,mn,mm,ms,ei,mv,ratebypass,mime,gir,clen,lmt,dur", "manifest_url": "https://manifest.googlevideo.com/api/manifest/dash/playback_host/r3---sn-4g5e6nle.googlevideo.com/signature/477D6636E97DF4ACF6935E49C6E499779002165D.452383F3233F8C81326519C7B21D3B716C5200B8/initcwndbps/3383750/requiressl/yes/key/yt6/ip/131.159.40.117/ipbits/0/pl/16/mn/sn-4g5e6nle/mm/31/hfr/1/ms/au/sparams/as%2Cei%2Chfr%2Cid%2Cinitcwndbps%2Cip%2Cipbits%2Citag%2Cmm%2Cmn%2Cms%2Cmv%2Cpl%2Cplayback_host%2Crequiressl%2Csource%2Cexpire/ei/NSOKWdGCH8L2V4iVmPgN/id/b664a38cfa9b6a45/itag/0/mt/1502225084/expire/1502246805/source/youtube/as/fmp4_audio_clear%2Cfmp4_sd_hd_clear/mv/m", "width": 256, "tbr": 110.773, "asr": null, "fps": 15, "language": null, "filesize": 1967039, "acodec": "none", "format": "160 - 256x144 (DASH video)", "protocol": "https", "http_headers": {"User-Agent": "Mozilla/5.0 (X11; Linux x86_64; rv:10.0) Gecko/20150101 Firefox/47.0 (Chrome)", "Accept-Charset": "ISO-8859-1,utf-8;q=0.7,*;q=0.7", "Accept": "text/html,application/xhtml+xml,application/xml;q=0.9,*/*;q=0.8", "Accept-Encoding": "gzip, deflate", "Accept-Language": "en-us,en;q=0.5"}}, {"format_id": "278", "url": "https://r19---sn-4g57kndk.googlevideo.com/videoplayback?dur=148.081&lmt=1421248378935592&clen=1771241&id=o-AEoArSGa_RmRc3azX0r8IAIti7AAFa8N-leUNHpZza8Q&expire=1502246805&mm=31&ip=131.159.40.117&ms=au&ei=NCOKWej9OJiKVKSIg7gL&pl=16&mv=m&ipbits=0&sparams=clen%2Cdur%2Cei%2Cgir%2Cid%2Cinitcwndbps%2Cip%2Cipbits%2Citag%2Ckeepalive%2Clmt%2Cmime%2Cmm%2Cmn%2Cms%2Cmv%2Cpl%2Crequiressl%2Csource%2Cexpire&signature=C3E36DB81E33F5A6A68084C2E14DD6290A4DB7DB.7A9D6163E5F056CB531EE7E2EEE9D7FBD629DB1E&source=youtube&itag=278&mn=sn-4g57kndk&keepalive=yes&key=yt6&mime=video%2Fwebm&gir=yes&requiressl=yes&mt=1502225084&initcwndbps=3383750&ratebypass=yes", "player_url": null, "ext": "webm", "height": 144, "format_note": "144p", "container": "webm", "vcodec": "vp9", "filesize": 1771241, "tbr": 111.891, "width": 256, "fps": 15, "acodec": "none", "format": "278 - 256x144 (144p)", "protocol": "https", "http_headers": {"User-Agent": "Mozilla/5.0 (X11; Linux x86_64; rv:10.0) Gecko/20150101 Firefox/47.0 (Chrome)", "Accept-Charset": "ISO-8859-1,utf-8;q=0.7,*;q=0.7", "Accept": "text/html,application/xhtml+xml,application/xml;q=0.9,*/*;q=0.8", "Accept-Encoding": "gzip, deflate", "Accept-Language": "en-us,en;q=0.5"}}, {"format_id": "242", "url": "https://r19---sn-4g57kndk.googlevideo.com/videoplayback?dur=148.081&lmt=1421248364591740&clen=3386161&id=o-AEoArSGa_RmRc3azX0r8IAIti7AAFa8N-leUNHpZza8Q&expire=1502246805&mm=31&ip=131.159.40.117&ms=au&ei=NCOKWej9OJiKVKSIg7gL&pl=16&mv=m&ipbits=0&sparams=clen%2Cdur%2Cei%2Cgir%2Cid%2Cinitcwndbps%2Cip%2Cipbits%2Citag%2Ckeepalive%2Clmt%2Cmime%2Cmm%2Cmn%2Cms%2Cmv%2Cpl%2Crequiressl%2Csource%2Cexpire&signature=A9BD95BD9F252C7398059933D466EAC8BB0FDE78.8407D7ABEF93A5B12E342AC80848BD162763E651&source=youtube&itag=242&mn=sn-4g57kndk&keepalive=yes&key=yt6&mime=video%2Fwebm&gir=yes&requiressl=yes&mt=1502225084&initcwndbps=3383750&ratebypass=yes", "player_url": null, "ext": "webm", "height": 240, "format_note": "240p", "vcodec": "vp9", "filesize": 3386161, "tbr": 237.651, "width": 426, "fps": 30, "acodec": "none", "format": "242 - 426x240 (240p)", "protocol": "https", "http_headers": {"User-Agent": "Mozilla/5.0 (X11; Linux x86_64; rv:10.0) Gecko/20150101 Firefox/47.0 (Chrome)", "Accept-Charset": "ISO-8859-1,utf-8;q=0.7,*;q=0.7", "Accept": "text/html,application/xhtml+xml,application/xml;q=0.9,*/*;q=0.8", "Accept-Encoding": "gzip, deflate", "Accept-Language": "en-us,en;q=0.5"}}, {"ext": "mp4", "height": 240, "format_note": "DASH video", "vcodec": "avc1.4d4015", "format_id": "133", "url": "https://r3---sn-4g5e6nle.googlevideo.com/videoplayback?id=b664a38cfa9b6a45&itag=133&source=youtube&requiressl=yes&initcwndbps=3383750&pl=16&mn=sn-4g5e6nle&mm=31&ms=au&ei=NSOKWdGCH8L2V4iVmPgN&mv=m&ratebypass=yes&mime=video/mp4&gir=yes&clen=4520695&lmt=1402984162873216&dur=148.114&signature=45A938A33D09E99F6F9F1277D37631EACB8A2F44.29C987D16BE26F07B2EF512CD9A76908B939F7D8&key=dg_yt0&mt=1502225084&ip=131.159.40.117&ipbits=0&expire=1502246805&sparams=ip,ipbits,expire,id,itag,source,requiressl,initcwndbps,pl,mn,mm,ms,ei,mv,ratebypass,mime,gir,clen,lmt,dur", "manifest_url": "https://manifest.googlevideo.com/api/manifest/dash/playback_host/r3---sn-4g5e6nle.googlevideo.com/signature/477D6636E97DF4ACF6935E49C6E499779002165D.452383F3233F8C81326519C7B21D3B716C5200B8/initcwndbps/3383750/requiressl/yes/key/yt6/ip/131.159.40.117/ipbits/0/pl/16/mn/sn-4g5e6nle/mm/31/hfr/1/ms/au/sparams/as%2Cei%2Chfr%2Cid%2Cinitcwndbps%2Cip%2Cipbits%2Citag%2Cmm%2Cmn%2Cms%2Cmv%2Cpl%2Cplayback_host%2Crequiressl%2Csource%2Cexpire/ei/NSOKWdGCH8L2V4iVmPgN/id/b664a38cfa9b6a45/itag/0/mt/1502225084/expire/1502246805/source/youtube/as/fmp4_audio_clear%2Cfmp4_sd_hd_clear/mv/m", "width": 426, "tbr": 245.783, "asr": null, "fps": 30, "language": null, "filesize": 4520695, "acodec": "none", "format": "133 - 426x240 (DASH video)", "protocol": "https", "http_headers": {"User-Agent": "Mozilla/5.0 (X11; Linux x86_64; rv:10.0) Gecko/20150101 Firefox/47.0 (Chrome)", "Accept-Charset": "ISO-8859-1,utf-8;q=0.7,*;q=0.7", "Accept": "text/html,application/xhtml+xml,application/xml;q=0.9,*/*;q=0.8", "Accept-Encoding": "gzip, deflate", "Accept-Language": "en-us,en;q=0.5"}}, {"format_id": "243", "url": "https://r19---sn-4g57kndk.googlevideo.com/videoplayback?dur=148.081&lmt=1421248380535812&clen=6670119&id=o-AEoArSGa_RmRc3azX0r8IAIti7AAFa8N-leUNHpZza8Q&expire=1502246805&mm=31&ip=131.159.40.117&ms=au&ei=NCOKWej9OJiKVKSIg7gL&pl=16&mv=m&ipbits=0&sparams=clen%2Cdur%2Cei%2Cgir%2Cid%2Cinitcwndbps%2Cip%2Cipbits%2Citag%2Ckeepalive%2Clmt%2Cmime%2Cmm%2Cmn%2Cms%2Cmv%2Cpl%2Crequiressl%2Csource%2Cexpire&signature=48DCC14A4AA6AE81CAF3A957E34D78182DD54AC9.500EF3234287CB8B9C203906ECA0FBB5F7BF2B46&source=youtube&itag=243&mn=sn-4g57kndk&keepalive=yes&key=yt6&mime=video%2Fwebm&gir=yes&requiressl=yes&mt=1502225084&initcwndbps=3383750&ratebypass=yes", "player_url": null, "ext": "webm", "height": 360, "format_note": "360p", "vcodec": "vp9", "filesize": 6670119, "tbr": 434.447, "width": 640, "fps": 30, "acodec": "none", "format": "243 - 640x360 (360p)", "protocol": "https", "http_headers": {"User-Agent": "Mozilla/5.0 (X11; Linux x86_64; rv:10.0) Gecko/20150101 Firefox/47.0 (Chrome)", "Accept-Charset": "ISO-8859-1,utf-8;q=0.7,*;q=0.7", "Accept": "text/html,application/xhtml+xml,application/xml;q=0.9,*/*;q=0.8", "Accept-Encoding": "gzip, deflate", "Accept-Language": "en-us,en;q=0.5"}}, {"ext": "mp4", "height": 360, "format_note": "DASH video", "vcodec": "avc1.4d401e", "format_id": "134", "url": "https://r3---sn-4g5e6nle.googlevideo.com/videoplayback?id=b664a38cfa9b6a45&itag=134&source=youtube&requiressl=yes&initcwndbps=3383750&pl=16&mn=sn-4g5e6nle&mm=31&ms=au&ei=NSOKWdGCH8L2V4iVmPgN&mv=m&ratebypass=yes&mime=video/mp4&gir=yes&clen=9294016&lmt=1402984166559940&dur=148.114&signature=1CCC845F6E5623E05309DB6277FF0DEC298D9B29.7B67F12CD03CCF7CC1889311B46ADBD27EE7F39F&key=dg_yt0&mt=1502225084&ip=131.159.40.117&ipbits=0&expire=1502246805&sparams=ip,ipbits,expire,id,itag,source,requiressl,initcwndbps,pl,mn,mm,ms,ei,mv,ratebypass,mime,gir,clen,lmt,dur", "manifest_url": "https://manifest.googlevideo.com/api/manifest/dash/playback_host/r3---sn-4g5e6nle.googlevideo.com/signature/477D6636E97DF4ACF6935E49C6E499779002165D.452383F3233F8C81326519C7B21D3B716C5200B8/initcwndbps/3383750/requiressl/yes/key/yt6/ip/131.159.40.117/ipbits/0/pl/16/mn/sn-4g5e6nle/mm/31/hfr/1/ms/au/sparams/as%2Cei%2Chfr%2Cid%2Cinitcwndbps%2Cip%2Cipbits%2Citag%2Cmm%2Cmn%2Cms%2Cmv%2Cpl%2Cplayback_host%2Crequiressl%2Csource%2Cexpire/ei/NSOKWdGCH8L2V4iVmPgN/id/b664a38cfa9b6a45/itag/0/mt/1502225084/expire/1502246805/source/youtube/as/fmp4_audio_clear%2Cfmp4_sd_hd_clear/mv/m", "width": 640, "tbr": 610.191, "asr": null, "fps": 30, "language": null, "filesize": 9294016, "acodec": "none", "format": "134 - 640x360 (DASH video)", "protocol": "https", "http_headers": {"User-Agent": "Mozilla/5.0 (X11; Linux x86_64; rv:10.0) Gecko/20150101 Firefox/47.0 (Chrome)", "Accept-Charset": "ISO-8859-1,utf-8;q=0.7,*;q=0.7", "Accept": "text/html,application/xhtml+xml,application/xml;q=0.9,*/*;q=0.8", "Accept-Encoding": "gzip, deflate", "Accept-Language": "en-us,en;q=0.5"}}, {"format_id": "244", "url": "https://r19---sn-4g57kndk.googlevideo.com/videoplayback?dur=148.081&lmt=1421248432056911&clen=13160331&id=o-AEoArSGa_RmRc3azX0r8IAIti7AAFa8N-leUNHpZza8Q&expire=1502246805&mm=31&ip=131.159.40.117&ms=au&ei=NCOKWej9OJiKVKSIg7gL&pl=16&mv=m&ipbits=0&sparams=clen%2Cdur%2Cei%2Cgir%2Cid%2Cinitcwndbps%2Cip%2Cipbits%2Citag%2Ckeepalive%2Clmt%2Cmime%2Cmm%2Cmn%2Cms%2Cmv%2Cpl%2Crequiressl%2Csource%2Cexpire&signature=103FD6428152EA6A77A18FB7729F66FC47592475.50D93598CA4BE3B0B2A6F2B9D4C6AB8251CBC228&source=youtube&itag=244&mn=sn-4g57kndk&keepalive=yes&key=yt6&mime=video%2Fwebm&gir=yes&requiressl=yes&mt=1502225084&initcwndbps=3383750&ratebypass=yes", "player_url": null, "ext": "webm", "height": 480, "format_note": "480p", "vcodec": "vp9", "filesize": 13160331, "tbr": 895.573, "width": 854, "fps": 30, "acodec": "none", "format": "244 - 854x480 (480p)", "protocol": "https", "http_headers": {"User-Agent": "Mozilla/5.0 (X11; Linux x86_64; rv:10.0) Gecko/20150101 Firefox/47.0 (Chrome)", "Accept-Charset": "ISO-8859-1,utf-8;q=0.7,*;q=0.7", "Accept": "text/html,application/xhtml+xml,application/xml;q=0.9,*/*;q=0.8", "Accept-Encoding": "gzip, deflate", "Accept-Language": "en-us,en;q=0.5"}}, {"ext": "mp4", "height": 480, "format_note": "DASH video", "vcodec": "avc1.4d401f", "format_id": "135", "url": "https://r3---sn-4g5e6nle.googlevideo.com/videoplayback?id=b664a38cfa9b6a45&itag=135&source=youtube&requiressl=yes&initcwndbps=3383750&pl=16&mn=sn-4g5e6nle&mm=31&ms=au&ei=NSOKWdGCH8L2V4iVmPgN&mv=m&ratebypass=yes&mime=video/mp4&gir=yes&clen=19905870&lmt=1402984168462626&dur=148.114&signature=1B9390FAAF633AB3CFEEF946CA1A653D484ACC2A.5EC805F346F95FFAC15B96DF6768F9D3BBC58592&key=dg_yt0&mt=1502225084&ip=131.159.40.117&ipbits=0&expire=1502246805&sparams=ip,ipbits,expire,id,itag,source,requiressl,initcwndbps,pl,mn,mm,ms,ei,mv,ratebypass,mime,gir,clen,lmt,dur", "manifest_url": "https://manifest.googlevideo.com/api/manifest/dash/playback_host/r3---sn-4g5e6nle.googlevideo.com/signature/477D6636E97DF4ACF6935E49C6E499779002165D.452383F3233F8C81326519C7B21D3B716C5200B8/initcwndbps/3383750/requiressl/yes/key/yt6/ip/131.159.40.117/ipbits/0/pl/16/mn/sn-4g5e6nle/mm/31/hfr/1/ms/au/sparams/as%2Cei%2Chfr%2Cid%2Cinitcwndbps%2Cip%2Cipbits%2Citag%2Cmm%2Cmn%2Cms%2Cmv%2Cpl%2Cplayback_host%2Crequiressl%2Csource%2Cexpire/ei/NSOKWdGCH8L2V4iVmPgN/id/b664a38cfa9b6a45/itag/0/mt/1502225084/expire/1502246805/source/youtube/as/fmp4_audio_clear%2Cfmp4_sd_hd_clear/mv/m", "width": 854, "tbr": 1111.803, "asr": null, "fps": 30, "language": null, "filesize": 19905870, "acodec": "none", "format": "135 - 854x480 (DASH video)", "protocol": "https", "http_headers": {"User-Agent": "Mozilla/5.0 (X11; Linux x86_64; rv:10.0) Gecko/20150101 Firefox/47.0 (Chrome)", "Accept-Charset": "ISO-8859-1,utf-8;q=0.7,*;q=0.7", "Accept": "text/html,application/xhtml+xml,application/xml;q=0.9,*/*;q=0.8", "Accept-Encoding": "gzip, deflate", "Accept-Language": "en-us,en;q=0.5"}}, {"format_id": "17", "url": "https://r19---sn-4g57kndk.googlevideo.com/videoplayback?dur=148.282&lmt=1402984222624428&clen=1491891&id=o-AEoArSGa_RmRc3azX0r8IAIti7AAFa8N-leUNHpZza8Q&expire=1502246805&mm=31&ip=131.159.40.117&ms=au&ei=NCOKWej9OJiKVKSIg7gL&pl=16&mv=m&ipbits=0&sparams=clen%2Cdur%2Cei%2Cgir%2Cid%2Cinitcwndbps%2Cip%2Cipbits%2Citag%2Clmt%2Cmime%2Cmm%2Cmn%2Cms%2Cmv%2Cpl%2Crequiressl%2Csource%2Cexpire&signature=66498978932C93F84D69174DF4443A99B83F8D6A.BB80AE1D15524BC69CEC6947FA0BDDDD239BD333&source=youtube&itag=17&mn=sn-4g57kndk&key=yt6&mime=video%2F3gpp&gir=yes&requiressl=yes&mt=1502225084&initcwndbps=3383750&ratebypass=yes", "player_url": null, "ext": "3gp", "width": 176, "height": 144, "acodec": "mp4a.40.2", "abr": 24, "vcodec": "mp4v.20.3", "resolution": "176x144", "format_note": "small", "format": "17 - 176x144 (small)", "protocol": "https", "http_headers": {"User-Agent": "Mozilla/5.0 (X11; Linux x86_64; rv:10.0) Gecko/20150101 Firefox/47.0 (Chrome)", "Accept-Charset": "ISO-8859-1,utf-8;q=0.7,*;q=0.7", "Accept": "text/html,application/xhtml+xml,application/xml;q=0.9,*/*;q=0.8", "Accept-Encoding": "gzip, deflate", "Accept-Language": "en-us,en;q=0.5"}}, {"format_id": "36", "url": "https://r19---sn-4g57kndk.googlevideo.com/videoplayback?dur=148.329&lmt=1402984235484032&clen=4214148&id=o-AEoArSGa_RmRc3azX0r8IAIti7AAFa8N-leUNHpZza8Q&expire=1502246805&mm=31&ip=131.159.40.117&ms=au&ei=NCOKWej9OJiKVKSIg7gL&pl=16&mv=m&ipbits=0&sparams=clen%2Cdur%2Cei%2Cgir%2Cid%2Cinitcwndbps%2Cip%2Cipbits%2Citag%2Clmt%2Cmime%2Cmm%2Cmn%2Cms%2Cmv%2Cpl%2Crequiressl%2Csource%2Cexpire&signature=71E5A5BB77E3F5C5C02362933B6231C9066BAEE6.8C6977447ADE28D6BA0D88ED79A1185CB5615C2C&source=youtube&itag=36&mn=sn-4g57kndk&key=yt6&mime=video%2F3gpp&gir=yes&requiressl=yes&mt=1502225084&initcwndbps=3383750&ratebypass=yes", "player_url": null, "ext": "3gp", "width": 320, "acodec": "mp4a.40.2", "vcodec": "mp4v.20.3", "resolution": "320x180", "height": 180, "format_note": "small", "format": "36 - 320x180 (small)", "protocol": "https", "http_headers": {"User-Agent": "Mozilla/5.0 (X11; Linux x86_64; rv:10.0) Gecko/20150101 Firefox/47.0 (Chrome)", "Accept-Charset": "ISO-8859-1,utf-8;q=0.7,*;q=0.7", "Accept": "text/html,application/xhtml+xml,application/xml;q=0.9,*/*;q=0.8", "Accept-Encoding": "gzip, deflate", "Accept-Language": "en-us,en;q=0.5"}}, {"format_id": "43", "url": "https://r19---sn-4g57kndk.googlevideo.com/videoplayback?dur=0.000&lmt=1402984671110672&ratebypass=yes&clen=16928642&id=o-AEoArSGa_RmRc3azX0r8IAIti7AAFa8N-leUNHpZza8Q&expire=1502246805&mm=31&ip=131.159.40.117&ms=au&ei=NCOKWej9OJiKVKSIg7gL&pl=16&mv=m&ipbits=0&sparams=clen%2Cdur%2Cei%2Cgir%2Cid%2Cinitcwndbps%2Cip%2Cipbits%2Citag%2Clmt%2Cmime%2Cmm%2Cmn%2Cms%2Cmv%2Cpl%2Cratebypass%2Crequiressl%2Csource%2Cexpire&signature=839955F7E6FC1715E195D5EA2F92178FDC4D1996.77DDA231F032A185C12668B6CA8C3816F2EFB1BF&source=youtube&itag=43&mn=sn-4g57kndk&key=yt6&mime=video%2Fwebm&gir=yes&requiressl=yes&mt=1502225084&initcwndbps=3383750", "player_url": null, "ext": "webm", "width": 640, "height": 360, "acodec": "vorbis", "abr": 128, "vcodec": "vp8.0", "resolution": "640x360", "format_note": "medium", "format": "43 - 640x360 (medium)", "protocol": "https", "http_headers": {"User-Agent": "Mozilla/5.0 (X11; Linux x86_64; rv:10.0) Gecko/20150101 Firefox/47.0 (Chrome)", "Accept-Charset": "ISO-8859-1,utf-8;q=0.7,*;q=0.7", "Accept": "text/html,application/xhtml+xml,application/xml;q=0.9,*/*;q=0.8", "Accept-Encoding": "gzip, deflate", "Accept-Language": "en-us,en;q=0.5"}}, {"format_id": "18", "url": "https://r19---sn-4g57kndk.googlevideo.com/videoplayback?dur=148.166&lmt=1402984176089095&ratebypass=yes&clen=12534854&id=o-AEoArSGa_RmRc3azX0r8IAIti7AAFa8N-leUNHpZza8Q&expire=1502246805&mm=31&ip=131.159.40.117&ms=au&ei=NCOKWej9OJiKVKSIg7gL&pl=16&mv=m&ipbits=0&sparams=clen%2Cdur%2Cei%2Cgir%2Cid%2Cinitcwndbps%2Cip%2Cipbits%2Citag%2Clmt%2Cmime%2Cmm%2Cmn%2Cms%2Cmv%2Cpl%2Cratebypass%2Crequiressl%2Csource%2Cexpire&signature=49FFEED768F8A3A3C37749A56541A2607D1652F8.21E6ABE5154F2C3204BBC70C02C22F4133C68BAB&source=youtube&itag=18&mn=sn-4g57kndk&key=yt6&mime=video%2Fmp4&gir=yes&requiressl=yes&mt=1502225084&initcwndbps=3383750", "player_url": null, "ext": "mp4", "width": 640, "height": 360, "acodec": "mp4a.40.2", "abr": 96, "vcodec": "avc1.42001E", "resolution": "640x360", "format_note": "medium", "format": "18 - 640x360 (medium)", "protocol": "https", "http_headers": {"User-Agent": "Mozilla/5.0 (X11; Linux x86_64; rv:10.0) Gecko/20150101 Firefox/47.0 (Chrome)", "Accept-Charset": "ISO-8859-1,utf-8;q=0.7,*;q=0.7", "Accept": "text/html,application/xhtml+xml,application/xml;q=0.9,*/*;q=0.8", "Accept-Encoding": "gzip, deflate", "Accept-Language": "en-us,en;q=0.5"}}], "is_live": null, "start_time": null, "end_time": null, "series": null, "season_number": null, "episode_number": null, "extractor": "youtube", "webpage_url_basename": "tmSjjPqbakU", "extractor_key": "Youtube", "playlist": null, "playlist_index": null, "thumbnails": [{"url": "https://i.ytimg.com/vi/tmSjjPqbakU/hqdefault.jpg", "id": "0"}], "display_id": "tmSjjPqbakU", "ext": "mp4", "height": 480, "format_note": "DASH video", "vcodec": "avc1.4d401f", "format_id": "135", "url": "https://r3---sn-4g5e6nle.googlevideo.com/videoplayback?id=b664a38cfa9b6a45&itag=135&source=youtube&requiressl=yes&initcwndbps=3383750&pl=16&mn=sn-4g5e6nle&mm=31&ms=au&ei=NSOKWdGCH8L2V4iVmPgN&mv=m&ratebypass=yes&mime=video/mp4&gir=yes&clen=19905870&lmt=1402984168462626&dur=148.114&signature=1B9390FAAF633AB3CFEEF946CA1A653D484ACC2A.5EC805F346F95FFAC15B96DF6768F9D3BBC58592&key=dg_yt0&mt=1502225084&ip=131.159.40.117&ipbits=0&expire=1502246805&sparams=ip,ipbits,expire,id,itag,source,requiressl,initcwndbps,pl,mn,mm,ms,ei,mv,ratebypass,mime,gir,clen,lmt,dur", "manifest_url": "https://manifest.googlevideo.com/api/manifest/dash/playback_host/r3---sn-4g5e6nle.googlevideo.com/signature/477D6636E97DF4ACF6935E49C6E499779002165D.452383F3233F8C81326519C7B21D3B716C5200B8/initcwndbps/3383750/requiressl/yes/key/yt6/ip/131.159.40.117/ipbits/0/pl/16/mn/sn-4g5e6nle/mm/31/hfr/1/ms/au/sparams/as%2Cei%2Chfr%2Cid%2Cinitcwndbps%2Cip%2Cipbits%2Citag%2Cmm%2Cmn%2Cms%2Cmv%2Cpl%2Cplayback_host%2Crequiressl%2Csource%2Cexpire/ei/NSOKWdGCH8L2V4iVmPgN/id/b664a38cfa9b6a45/itag/0/mt/1502225084/expire/1502246805/source/youtube/as/fmp4_audio_clear%2Cfmp4_sd_hd_clear/mv/m", "width": 854, "tbr": 1111.803, "asr": null, "fps": 30, "language": null, "filesize": 19905870, "acodec": "none", "format": "135 - 854x480 (DASH video)", "protocol": "https", "http_headers": {"User-Agent": "Mozilla/5.0 (X11; Linux x86_64; rv:10.0) Gecko/20150101 Firefox/47.0 (Chrome)", "Accept-Charset": "ISO-8859-1,utf-8;q=0.7,*;q=0.7", "Accept": "text/html,application/xhtml+xml,application/xml;q=0.9,*/*;q=0.8", "Accept-Encoding": "gzip, deflate", "Accept-Language": "en-us,en;q=0.5"}, "fulltitle": "Cara membuat Kosmetik Herbal Dengan Yogurt & Madu Untuk Mengatasi Kulit Berminyak", "_filename": "tmSjjPqbakU.mp4"}