{"id": "xJwHH4yVaYs", "uploader": "Wall Street Journal", "uploader_id": "WSJDigitalNetwork", "uploader_url": "http://www.youtube.com/user/WSJDigitalNetwork", "upload_date": "20130502", "license": "Standard YouTube License", "creator": null, "title": "Sir Ben Kingsley on Iron Man, Marvel and the Mandarin", "alt_title": null, "thumbnail": "https://i.ytimg.com/vi/xJwHH4yVaYs/hqdefault.jpg", "description": "Oscar-winning actor Sir Ben Kingsley stars as super-villain The Mandarin in \"Iron Man 3,\" opening this Friday. In an interview with WSJ's Barbara Chai, Kingsley explores the popularity of the Marvel films, how his classical training informed his Mandarin role, and more.\n\nClick here to subscribe to our channel:\nhttp://www.youtube.com/wsj\n\nVisit us on Facebook:\nhttp://www.facebook.com/wsjlive\n\nFollow us on Twitter: https://twitter.com/WSJLive\n\nVisit the Wall Street Journal: www.wsj.com", "categories": ["Entertainment"], "tags": ["Sir Ben Kingsley", "Robert Downey Jr.", "Iron Man 3", "Iron Man Three", "Sir Ben Kingsley Interview", "Ben Kingsley interview", "The Mandarin", "Iron Man the Mandarin", "Wall Street Journal", "WSJ Live", "Tony Stark", "The Ten Rings", "Marvel Studios", "movies", "summer blockbuster", "summer movies", "superheroes", "supervillain", "United States", "North America"], "subtitles": {}, "automatic_captions": {}, "duration": 311, "age_limit": 0, "annotations": null, "chapters": null, "webpage_url": "https://www.youtube.com/watch?v=xJwHH4yVaYs", "view_count": 15195, "like_count": 22, "dislike_count": 6, "average_rating": 4.14285707474, "formats": [{"ext": "m4a", "format_note": "DASH audio", "acodec": "mp4a.40.5", "abr": 48, "container": "m4a_dash", "format_id": "139", "url": "https://r3---sn-4g5e6nes.googlevideo.com/videoplayback?id=c49c071f8c95698b&itag=139&source=youtube&requiressl=yes&ms=au&mv=m&ei=kY2LWbibIpL4VO-qtMgN&initcwndbps=2901250&pl=16&mn=sn-4g5e6nes&mm=31&ratebypass=yes&mime=audio/mp4&gir=yes&clen=1852735&lmt=1393827200317421&dur=311.426&signature=2B53E025F51218F184C24FD08A1C821ED951AB1A.4E11EE3236292D8757865F2FE9152BED3422ACED&mt=1502317832&key=dg_yt0&ip=131.159.40.117&ipbits=0&expire=1502339569&sparams=ip,ipbits,expire,id,itag,source,requiressl,ms,mv,ei,initcwndbps,pl,mn,mm,ratebypass,mime,gir,clen,lmt,dur", "manifest_url": "https://manifest.googlevideo.com/api/manifest/dash/ms/au/signature/B5A1FF20968C1768151B23AFC0568BA2D834F2E9.27D0F8746459A169196DE800BFCEB054650C8B9D/mv/m/hfr/1/ipbits/0/expire/1502339569/mt/1502317832/key/yt6/itag/0/source/youtube/sparams/as%2Cei%2Chfr%2Cid%2Cinitcwndbps%2Cip%2Cipbits%2Citag%2Cmm%2Cmn%2Cms%2Cmv%2Cpl%2Cplayback_host%2Crequiressl%2Csource%2Cexpire/ei/kY2LWbibIpL4VO-qtMgN/as/fmp4_audio_clear%2Cfmp4_sd_hd_clear/initcwndbps/2901250/ip/131.159.40.117/requiressl/yes/id/c49c071f8c95698b/pl/16/mn/sn-4g5e6nes/mm/31/playback_host/r3---sn-4g5e6nes.googlevideo.com", "width": null, "height": null, "tbr": 48.534, "asr": 22050, "fps": null, "language": null, "filesize": 1852735, "vcodec": "none", "format": "139 - audio only (DASH audio)", "protocol": "https", "http_headers": {"User-Agent": "Mozilla/5.0 (X11; Linux x86_64; rv:10.0) Gecko/20150101 Firefox/47.0 (Chrome)", "Accept-Charset": "ISO-8859-1,utf-8;q=0.7,*;q=0.7", "Accept": "text/html,application/xhtml+xml,application/xml;q=0.9,*/*;q=0.8", "Accept-Encoding": "gzip, deflate", "Accept-Language": "en-us,en;q=0.5"}}, {"format_id": "249", "url": "https://r3---sn-4g5e6nes.googlevideo.com/videoplayback?ipbits=0&signature=C1196F3735B26AB4C2D651601FE011D2149228F8.1EA676ABD18E5DDD5503F2759E37683180D5F5AE&initcwndbps=2901250&key=yt6&keepalive=yes&sparams=clen%2Cdur%2Cei%2Cgir%2Cid%2Cinitcwndbps%2Cip%2Cipbits%2Citag%2Ckeepalive%2Clmt%2Cmime%2Cmm%2Cmn%2Cms%2Cmv%2Cpl%2Crequiressl%2Csource%2Cexpire&lmt=1414326394699243&expire=1502339569&clen=1958465&gir=yes&ip=131.159.40.117&mn=sn-4g5e6nes&source=youtube&mm=31&mv=m&pl=16&mt=1502317832&ms=au&id=o-AM1_aC4R47GtTY077hc1nhUGwNCY_wFdSXA8MV6qYEmc&ei=kI2LWYyTN8W2VrWiosgL&mime=audio%2Fwebm&requiressl=yes&dur=311.321&itag=249&ratebypass=yes", "player_url": null, "ext": "webm", "format_note": "DASH audio", "acodec": "opus", "abr": 50, "filesize": 1958465, "tbr": 51.418, "vcodec": "none", "format": "249 - audio only (DASH audio)", "protocol": "https", "http_headers": {"User-Agent": "Mozilla/5.0 (X11; Linux x86_64; rv:10.0) Gecko/20150101 Firefox/47.0 (Chrome)", "Accept-Charset": "ISO-8859-1,utf-8;q=0.7,*;q=0.7", "Accept": "text/html,application/xhtml+xml,application/xml;q=0.9,*/*;q=0.8", "Accept-Encoding": "gzip, deflate", "Accept-Language": "en-us,en;q=0.5"}}, {"format_id": "250", "url": "https://r3---sn-4g5e6nes.googlevideo.com/videoplayback?ipbits=0&signature=8465A94C3791B3DDE9DC8C235733BC3F8ABDD815.C385421F1946B97F55A87C8002EA061E95D100B5&initcwndbps=2901250&key=yt6&keepalive=yes&sparams=clen%2Cdur%2Cei%2Cgir%2Cid%2Cinitcwndbps%2Cip%2Cipbits%2Citag%2Ckeepalive%2Clmt%2Cmime%2Cmm%2Cmn%2Cms%2Cmv%2Cpl%2Crequiressl%2Csource%2Cexpire&lmt=1414326394292421&expire=1502339569&clen=2211110&gir=yes&ip=131.159.40.117&mn=sn-4g5e6nes&source=youtube&mm=31&mv=m&pl=16&mt=1502317832&ms=au&id=o-AM1_aC4R47GtTY077hc1nhUGwNCY_wFdSXA8MV6qYEmc&ei=kI2LWYyTN8W2VrWiosgL&mime=audio%2Fwebm&requiressl=yes&dur=311.321&itag=250&ratebypass=yes", "player_url": null, "ext": "webm", "format_note": "DASH audio", "acodec": "opus", "abr": 70, "filesize": 2211110, "tbr": 61.773, "vcodec": "none", "format": "250 - audio only (DASH audio)", "protocol": "https", "http_headers": {"User-Agent": "Mozilla/5.0 (X11; Linux x86_64; rv:10.0) Gecko/20150101 Firefox/47.0 (Chrome)", "Accept-Charset": "ISO-8859-1,utf-8;q=0.7,*;q=0.7", "Accept": "text/html,application/xhtml+xml,application/xml;q=0.9,*/*;q=0.8", "Accept-Encoding": "gzip, deflate", "Accept-Language": "en-us,en;q=0.5"}}, {"format_id": "171", "url": "https://r3---sn-4g5e6nes.googlevideo.com/videoplayback?ipbits=0&signature=0E547FE4AE09DCC75A67E4F14ADB9C92A3E4A2D4.A34464D0AC1D1A8BF5CB6FA136A8240B2ADE6783&initcwndbps=2901250&key=yt6&keepalive=yes&sparams=clen%2Cdur%2Cei%2Cgir%2Cid%2Cinitcwndbps%2Cip%2Cipbits%2Citag%2Ckeepalive%2Clmt%2Cmime%2Cmm%2Cmn%2Cms%2Cmv%2Cpl%2Crequiressl%2Csource%2Cexpire&lmt=1414326394900089&expire=1502339569&clen=3483652&gir=yes&ip=131.159.40.117&mn=sn-4g5e6nes&source=youtube&mm=31&mv=m&pl=16&mt=1502317832&ms=au&id=o-AM1_aC4R47GtTY077hc1nhUGwNCY_wFdSXA8MV6qYEmc&ei=kI2LWYyTN8W2VrWiosgL&mime=audio%2Fwebm&requiressl=yes&dur=311.314&itag=171&ratebypass=yes", "player_url": null, "ext": "webm", "acodec": "vorbis", "format_note": "DASH audio", "abr": 128, "filesize": 3483652, "tbr": 100.947, "vcodec": "none", "format": "171 - audio only (DASH audio)", "protocol": "https", "http_headers": {"User-Agent": "Mozilla/5.0 (X11; Linux x86_64; rv:10.0) Gecko/20150101 Firefox/47.0 (Chrome)", "Accept-Charset": "ISO-8859-1,utf-8;q=0.7,*;q=0.7", "Accept": "text/html,application/xhtml+xml,application/xml;q=0.9,*/*;q=0.8", "Accept-Encoding": "gzip, deflate", "Accept-Language": "en-us,en;q=0.5"}}, {"ext": "m4a", "format_note": "DASH audio", "acodec": "mp4a.40.2", "abr": 128, "container": "m4a_dash", "format_id": "140", "url": "https://r3---sn-4g5e6nes.googlevideo.com/videoplayback?id=c49c071f8c95698b&itag=140&source=youtube&requiressl=yes&ms=au&mv=m&ei=kY2LWbibIpL4VO-qtMgN&initcwndbps=2901250&pl=16&mn=sn-4g5e6nes&mm=31&ratebypass=yes&mime=audio/mp4&gir=yes&clen=4946051&lmt=1393827209337426&dur=311.379&signature=6863CD7E17CB1B4833DC45A552C521E53593E078.7D8FC24CF23326C5228323798AC0393F08A72FC2&mt=1502317832&key=dg_yt0&ip=131.159.40.117&ipbits=0&expire=1502339569&sparams=ip,ipbits,expire,id,itag,source,requiressl,ms,mv,ei,initcwndbps,pl,mn,mm,ratebypass,mime,gir,clen,lmt,dur", "manifest_url": "https://manifest.googlevideo.com/api/manifest/dash/ms/au/signature/B5A1FF20968C1768151B23AFC0568BA2D834F2E9.27D0F8746459A169196DE800BFCEB054650C8B9D/mv/m/hfr/1/ipbits/0/expire/1502339569/mt/1502317832/key/yt6/itag/0/source/youtube/sparams/as%2Cei%2Chfr%2Cid%2Cinitcwndbps%2Cip%2Cipbits%2Citag%2Cmm%2Cmn%2Cms%2Cmv%2Cpl%2Cplayback_host%2Crequiressl%2Csource%2Cexpire/ei/kY2LWbibIpL4VO-qtMgN/as/fmp4_audio_clear%2Cfmp4_sd_hd_clear/initcwndbps/2901250/ip/131.159.40.117/requiressl/yes/id/c49c071f8c95698b/pl/16/mn/sn-4g5e6nes/mm/31/playback_host/r3---sn-4g5e6nes.googlevideo.com", "width": null, "height": null, "tbr": 127.851, "asr": 44100, "fps": null, "language": null, "filesize": 4946051, "vcodec": "none", "format": "140 - audio only (DASH audio)", "protocol": "https", "http_headers": {"User-Agent": "Mozilla/5.0 (X11; Linux x86_64; rv:10.0) Gecko/20150101 Firefox/47.0 (Chrome)", "Accept-Charset": "ISO-8859-1,utf-8;q=0.7,*;q=0.7", "Accept": "text/html,application/xhtml+xml,application/xml;q=0.9,*/*;q=0.8", "Accept-Encoding": "gzip, deflate", "Accept-Language": "en-us,en;q=0.5"}}, {"format_id": "251", "url": "https://r3---sn-4g5e6nes.googlevideo.com/videoplayback?ipbits=0&signature=140F3435AFDA984F059797DCE8B621134286D275.50F71B9252E561CAC6FC5E9A390F069F26CCE972&initcwndbps=2901250&key=yt6&keepalive=yes&sparams=clen%2Cdur%2Cei%2Cgir%2Cid%2Cinitcwndbps%2Cip%2Cipbits%2Citag%2Ckeepalive%2Clmt%2Cmime%2Cmm%2Cmn%2Cms%2Cmv%2Cpl%2Crequiressl%2Csource%2Cexpire&lmt=1414326394294546&expire=1502339569&clen=5023023&gir=yes&ip=131.159.40.117&mn=sn-4g5e6nes&source=youtube&mm=31&mv=m&pl=16&mt=1502317832&ms=au&id=o-AM1_aC4R47GtTY077hc1nhUGwNCY_wFdSXA8MV6qYEmc&ei=kI2LWYyTN8W2VrWiosgL&mime=audio%2Fwebm&requiressl=yes&dur=311.321&itag=251&ratebypass=yes", "player_url": null, "ext": "webm", "format_note": "DASH audio", "acodec": "opus", "abr": 160, "filesize": 5023023, "tbr": 141.717, "vcodec": "none", "format": "251 - audio only (DASH audio)", "protocol": "https", "http_headers": {"User-Agent": "Mozilla/5.0 (X11; Linux x86_64; rv:10.0) Gecko/20150101 Firefox/47.0 (Chrome)", "Accept-Charset": "ISO-8859-1,utf-8;q=0.7,*;q=0.7", "Accept": "text/html,application/xhtml+xml,application/xml;q=0.9,*/*;q=0.8", "Accept-Encoding": "gzip, deflate", "Accept-Language": "en-us,en;q=0.5"}}, {"ext": "mp4", "height": 144, "format_note": "DASH video", "vcodec": "avc1.4d400c", "format_id": "160", "url": "https://r3---sn-4g5e6nes.googlevideo.com/videoplayback?id=c49c071f8c95698b&itag=160&source=youtube&requiressl=yes&ms=au&mv=m&ei=kY2LWbibIpL4VO-qtMgN&initcwndbps=2901250&pl=16&mn=sn-4g5e6nes&mm=31&ratebypass=yes&mime=video/mp4&gir=yes&clen=4403520&lmt=1393827199462712&dur=311.279&signature=5C6A35112C6400056A7FA1B9A37C8E5762AB58FC.4F957FEF51742D77E6095129282BFD1392BC1483&mt=1502317832&key=dg_yt0&ip=131.159.40.117&ipbits=0&expire=1502339569&sparams=ip,ipbits,expire,id,itag,source,requiressl,ms,mv,ei,initcwndbps,pl,mn,mm,ratebypass,mime,gir,clen,lmt,dur", "manifest_url": "https://manifest.googlevideo.com/api/manifest/dash/ms/au/signature/B5A1FF20968C1768151B23AFC0568BA2D834F2E9.27D0F8746459A169196DE800BFCEB054650C8B9D/mv/m/hfr/1/ipbits/0/expire/1502339569/mt/1502317832/key/yt6/itag/0/source/youtube/sparams/as%2Cei%2Chfr%2Cid%2Cinitcwndbps%2Cip%2Cipbits%2Citag%2Cmm%2Cmn%2Cms%2Cmv%2Cpl%2Cplayback_host%2Crequiressl%2Csource%2Cexpire/ei/kY2LWbibIpL4VO-qtMgN/as/fmp4_audio_clear%2Cfmp4_sd_hd_clear/initcwndbps/2901250/ip/131.159.40.117/requiressl/yes/id/c49c071f8c95698b/pl/16/mn/sn-4g5e6nes/mm/31/playback_host/r3---sn-4g5e6nes.googlevideo.com", "width": 256, "tbr": 115.777, "asr": null, "fps": 15, "language": null, "filesize": 4403520, "acodec": "none", "format": "160 - 256x144 (DASH video)", "protocol": "https", "http_headers": {"User-Agent": "Mozilla/5.0 (X11; Linux x86_64; rv:10.0) Gecko/20150101 Firefox/47.0 (Chrome)", "Accept-Charset": "ISO-8859-1,utf-8;q=0.7,*;q=0.7", "Accept": "text/html,application/xhtml+xml,application/xml;q=0.9,*/*;q=0.8", "Accept-Encoding": "gzip, deflate", "Accept-Language": "en-us,en;q=0.5"}}, {"ext": "mp4", "height": 240, "format_note": "DASH video", "vcodec": "avc1.4d4015", "format_id": "133", "url": "https://r3---sn-4g5e6nes.googlevideo.com/videoplayback?id=c49c071f8c95698b&itag=133&source=youtube&requiressl=yes&ms=au&mv=m&ei=kY2LWbibIpL4VO-qtMgN&initcwndbps=2901250&pl=16&mn=sn-4g5e6nes&mm=31&ratebypass=yes&mime=video/mp4&gir=yes&clen=9520624&lmt=1393827212332847&dur=311.279&signature=71A57AD994BCBB9C9E100839C398CA937C54655B.9035E377D947ABA75ABC5DEC79CEE21BAB51B5AF&mt=1502317832&key=dg_yt0&ip=131.159.40.117&ipbits=0&expire=1502339569&sparams=ip,ipbits,expire,id,itag,source,requiressl,ms,mv,ei,initcwndbps,pl,mn,mm,ratebypass,mime,gir,clen,lmt,dur", "manifest_url": "https://manifest.googlevideo.com/api/manifest/dash/ms/au/signature/B5A1FF20968C1768151B23AFC0568BA2D834F2E9.27D0F8746459A169196DE800BFCEB054650C8B9D/mv/m/hfr/1/ipbits/0/expire/1502339569/mt/1502317832/key/yt6/itag/0/source/youtube/sparams/as%2Cei%2Chfr%2Cid%2Cinitcwndbps%2Cip%2Cipbits%2Citag%2Cmm%2Cmn%2Cms%2Cmv%2Cpl%2Cplayback_host%2Crequiressl%2Csource%2Cexpire/ei/kY2LWbibIpL4VO-qtMgN/as/fmp4_audio_clear%2Cfmp4_sd_hd_clear/initcwndbps/2901250/ip/131.159.40.117/requiressl/yes/id/c49c071f8c95698b/pl/16/mn/sn-4g5e6nes/mm/31/playback_host/r3---sn-4g5e6nes.googlevideo.com", "width": 426, "tbr": 251.027, "asr": null, "fps": 30, "language": null, "filesize": 9520624, "acodec": "none", "format": "133 - 426x240 (DASH video)", "protocol": "https", "http_headers": {"User-Agent": "Mozilla/5.0 (X11; Linux x86_64; rv:10.0) Gecko/20150101 Firefox/47.0 (Chrome)", "Accept-Charset": "ISO-8859-1,utf-8;q=0.7,*;q=0.7", "Accept": "text/html,application/xhtml+xml,application/xml;q=0.9,*/*;q=0.8", "Accept-Encoding": "gzip, deflate", "Accept-Language": "en-us,en;q=0.5"}}, {"ext": "mp4", "height": 360, "format_note": "DASH video", "vcodec": "avc1.4d401e", "format_id": "134", "url": "https://r3---sn-4g5e6nes.googlevideo.com/videoplayback?id=c49c071f8c95698b&itag=134&source=youtube&requiressl=yes&ms=au&mv=m&ei=kY2LWbibIpL4VO-qtMgN&initcwndbps=2901250&pl=16&mn=sn-4g5e6nes&mm=31&ratebypass=yes&mime=video/mp4&gir=yes&clen=10474208&lmt=1393827232876634&dur=311.279&signature=79FE11E09B6C36ABB730D7CB2F83C06D6CF7C8CF.0DEE4C367C1CB77592DD0161AF0394022A3750D9&mt=1502317832&key=dg_yt0&ip=131.159.40.117&ipbits=0&expire=1502339569&sparams=ip,ipbits,expire,id,itag,source,requiressl,ms,mv,ei,initcwndbps,pl,mn,mm,ratebypass,mime,gir,clen,lmt,dur", "manifest_url": "https://manifest.googlevideo.com/api/manifest/dash/ms/au/signature/B5A1FF20968C1768151B23AFC0568BA2D834F2E9.27D0F8746459A169196DE800BFCEB054650C8B9D/mv/m/hfr/1/ipbits/0/expire/1502339569/mt/1502317832/key/yt6/itag/0/source/youtube/sparams/as%2Cei%2Chfr%2Cid%2Cinitcwndbps%2Cip%2Cipbits%2Citag%2Cmm%2Cmn%2Cms%2Cmv%2Cpl%2Cplayback_host%2Crequiressl%2Csource%2Cexpire/ei/kY2LWbibIpL4VO-qtMgN/as/fmp4_audio_clear%2Cfmp4_sd_hd_clear/initcwndbps/2901250/ip/131.159.40.117/requiressl/yes/id/c49c071f8c95698b/pl/16/mn/sn-4g5e6nes/mm/31/playback_host/r3---sn-4g5e6nes.googlevideo.com", "width": 640, "tbr": 603.267, "asr": null, "fps": 30, "language": null, "filesize": 10474208, "acodec": "none", "format": "134 - 640x360 (DASH video)", "protocol": "https", "http_headers": {"User-Agent": "Mozilla/5.0 (X11; Linux x86_64; rv:10.0) Gecko/20150101 Firefox/47.0 (Chrome)", "Accept-Charset": "ISO-8859-1,utf-8;q=0.7,*;q=0.7", "Accept": "text/html,application/xhtml+xml,application/xml;q=0.9,*/*;q=0.8", "Accept-Encoding": "gzip, deflate", "Accept-Language": "en-us,en;q=0.5"}}, {"ext": "mp4", "height": 480, "format_note": "DASH video", "vcodec": "avc1.4d401f", "format_id": "135", "url": "https://r3---sn-4g5e6nes.googlevideo.com/videoplayback?id=c49c071f8c95698b&itag=135&source=youtube&requiressl=yes&ms=au&mv=m&ei=kY2LWbibIpL4VO-qtMgN&initcwndbps=2901250&pl=16&mn=sn-4g5e6nes&mm=31&ratebypass=yes&mime=video/mp4&gir=yes&clen=21896975&lmt=1393827212333311&dur=311.279&signature=5CC70F05833EBEB550AE78B993F297FA8BE9DA2C.11E12330D20F8C49E8E274BBE66BC59E56A298A0&mt=1502317832&key=dg_yt0&ip=131.159.40.117&ipbits=0&expire=1502339569&sparams=ip,ipbits,expire,id,itag,source,requiressl,ms,mv,ei,initcwndbps,pl,mn,mm,ratebypass,mime,gir,clen,lmt,dur", "manifest_url": "https://manifest.googlevideo.com/api/manifest/dash/ms/au/signature/B5A1FF20968C1768151B23AFC0568BA2D834F2E9.27D0F8746459A169196DE800BFCEB054650C8B9D/mv/m/hfr/1/ipbits/0/expire/1502339569/mt/1502317832/key/yt6/itag/0/source/youtube/sparams/as%2Cei%2Chfr%2Cid%2Cinitcwndbps%2Cip%2Cipbits%2Citag%2Cmm%2Cmn%2Cms%2Cmv%2Cpl%2Cplayback_host%2Crequiressl%2Csource%2Cexpire/ei/kY2LWbibIpL4VO-qtMgN/as/fmp4_audio_clear%2Cfmp4_sd_hd_clear/initcwndbps/2901250/ip/131.159.40.117/requiressl/yes/id/c49c071f8c95698b/pl/16/mn/sn-4g5e6nes/mm/31/playback_host/r3---sn-4g5e6nes.googlevideo.com", "width": 854, "tbr": 1104.148, "asr": null, "fps": 30, "language": null, "filesize": 21896975, "acodec": "none", "format": "135 - 854x480 (DASH video)", "protocol": "https", "http_headers": {"User-Agent": "Mozilla/5.0 (X11; Linux x86_64; rv:10.0) Gecko/20150101 Firefox/47.0 (Chrome)", "Accept-Charset": "ISO-8859-1,utf-8;q=0.7,*;q=0.7", "Accept": "text/html,application/xhtml+xml,application/xml;q=0.9,*/*;q=0.8", "Accept-Encoding": "gzip, deflate", "Accept-Language": "en-us,en;q=0.5"}}, {"ext": "mp4", "height": 720, "format_note": "DASH video", "vcodec": "avc1.4d401f", "format_id": "136", "url": "https://r3---sn-4g5e6nes.googlevideo.com/videoplayback?id=c49c071f8c95698b&itag=136&source=youtube&requiressl=yes&ms=au&mv=m&ei=kY2LWbibIpL4VO-qtMgN&initcwndbps=2901250&pl=16&mn=sn-4g5e6nes&mm=31&ratebypass=yes&mime=video/mp4&gir=yes&clen=43442123&lmt=1393827238880183&dur=311.279&signature=050B7CF8B52608C67384273B8E9AE832D47DBE5D.0DBA7EBBACBA7F2BB3282055D5B58002C2FEAFF6&mt=1502317832&key=dg_yt0&ip=131.159.40.117&ipbits=0&expire=1502339569&sparams=ip,ipbits,expire,id,itag,source,requiressl,ms,mv,ei,initcwndbps,pl,mn,mm,ratebypass,mime,gir,clen,lmt,dur", "manifest_url": "https://manifest.googlevideo.com/api/manifest/dash/ms/au/signature/B5A1FF20968C1768151B23AFC0568BA2D834F2E9.27D0F8746459A169196DE800BFCEB054650C8B9D/mv/m/hfr/1/ipbits/0/expire/1502339569/mt/1502317832/key/yt6/itag/0/source/youtube/sparams/as%2Cei%2Chfr%2Cid%2Cinitcwndbps%2Cip%2Cipbits%2Citag%2Cmm%2Cmn%2Cms%2Cmv%2Cpl%2Cplayback_host%2Crequiressl%2Csource%2Cexpire/ei/kY2LWbibIpL4VO-qtMgN/as/fmp4_audio_clear%2Cfmp4_sd_hd_clear/initcwndbps/2901250/ip/131.159.40.117/requiressl/yes/id/c49c071f8c95698b/pl/16/mn/sn-4g5e6nes/mm/31/playback_host/r3---sn-4g5e6nes.googlevideo.com", "width": 1280, "tbr": 2201.398, "asr": null, "fps": 30, "language": null, "filesize": 43442123, "acodec": "none", "format": "136 - 1280x720 (DASH video)", "protocol": "https", "http_headers": {"User-Agent": "Mozilla/5.0 (X11; Linux x86_64; rv:10.0) Gecko/20150101 Firefox/47.0 (Chrome)", "Accept-Charset": "ISO-8859-1,utf-8;q=0.7,*;q=0.7", "Accept": "text/html,application/xhtml+xml,application/xml;q=0.9,*/*;q=0.8", "Accept-Encoding": "gzip, deflate", "Accept-Language": "en-us,en;q=0.5"}}, {"format_id": "17", "url": "https://r3---sn-4g5e6nes.googlevideo.com/videoplayback?ipbits=0&signature=5D0FB7685BD935A09A88451DC9F6CB09EE9DA1D5.6150E5FCD16397A1D8CC8BBF68CE1B9023157C0B&initcwndbps=2901250&key=yt6&sparams=clen%2Cdur%2Cei%2Cgir%2Cid%2Cinitcwndbps%2Cip%2Cipbits%2Citag%2Clmt%2Cmime%2Cmm%2Cmn%2Cms%2Cmv%2Cpl%2Crequiressl%2Csource%2Cexpire&lmt=1393827336626886&expire=1502339569&clen=3203691&gir=yes&ip=131.159.40.117&mn=sn-4g5e6nes&source=youtube&mm=31&mv=m&pl=16&mt=1502317832&ms=au&id=o-AM1_aC4R47GtTY077hc1nhUGwNCY_wFdSXA8MV6qYEmc&ei=kI2LWYyTN8W2VrWiosgL&mime=video%2F3gpp&requiressl=yes&dur=311.658&itag=17&ratebypass=yes", "player_url": null, "ext": "3gp", "width": 176, "height": 144, "acodec": "mp4a.40.2", "abr": 24, "vcodec": "mp4v.20.3", "resolution": "176x144", "format_note": "small", "format": "17 - 176x144 (small)", "protocol": "https", "http_headers": {"User-Agent": "Mozilla/5.0 (X11; Linux x86_64; rv:10.0) Gecko/20150101 Firefox/47.0 (Chrome)", "Accept-Charset": "ISO-8859-1,utf-8;q=0.7,*;q=0.7", "Accept": "text/html,application/xhtml+xml,application/xml;q=0.9,*/*;q=0.8", "Accept-Encoding": "gzip, deflate", "Accept-Language": "en-us,en;q=0.5"}}, {"format_id": "36", "url": "https://r3---sn-4g5e6nes.googlevideo.com/videoplayback?ipbits=0&signature=C6ACDFD378C52C43064B14E2ACFA7CD8927249C8.0CC99032DA6B8147906BA801D112DCA61B27144A&initcwndbps=2901250&key=yt6&sparams=clen%2Cdur%2Cei%2Cgir%2Cid%2Cinitcwndbps%2Cip%2Cipbits%2Citag%2Clmt%2Cmime%2Cmm%2Cmn%2Cms%2Cmv%2Cpl%2Crequiressl%2Csource%2Cexpire&lmt=1393827337610144&expire=1502339569&clen=8793008&gir=yes&ip=131.159.40.117&mn=sn-4g5e6nes&source=youtube&mm=31&mv=m&pl=16&mt=1502317832&ms=au&id=o-AM1_aC4R47GtTY077hc1nhUGwNCY_wFdSXA8MV6qYEmc&ei=kI2LWYyTN8W2VrWiosgL&mime=video%2F3gpp&requiressl=yes&dur=311.518&itag=36&ratebypass=yes", "player_url": null, "ext": "3gp", "width": 320, "acodec": "mp4a.40.2", "vcodec": "mp4v.20.3", "resolution": "320x180", "height": 180, "format_note": "small", "format": "36 - 320x180 (small)", "protocol": "https", "http_headers": {"User-Agent": "Mozilla/5.0 (X11; Linux x86_64; rv:10.0) Gecko/20150101 Firefox/47.0 (Chrome)", "Accept-Charset": "ISO-8859-1,utf-8;q=0.7,*;q=0.7", "Accept": "text/html,application/xhtml+xml,application/xml;q=0.9,*/*;q=0.8", "Accept-Encoding": "gzip, deflate", "Accept-Language": "en-us,en;q=0.5"}}, {"format_id": "43", "url": "https://r3---sn-4g5e6nes.googlevideo.com/videoplayback?ipbits=0&signature=9960975BE02FA2C02B49642A4016CE7495C7F59C.0B0C7BC14902F80D5B7BD188F8940A70B796E6C2&initcwndbps=2901250&key=yt6&sparams=clen%2Cdur%2Cei%2Cgir%2Cid%2Cinitcwndbps%2Cip%2Cipbits%2Citag%2Clmt%2Cmime%2Cmm%2Cmn%2Cms%2Cmv%2Cpl%2Cratebypass%2Crequiressl%2Csource%2Cexpire&lmt=1367525451034001&expire=1502339569&clen=23571074&gir=yes&ip=131.159.40.117&ratebypass=yes&mn=sn-4g5e6nes&source=youtube&mm=31&mv=m&pl=16&mt=1502317832&ms=au&id=o-AM1_aC4R47GtTY077hc1nhUGwNCY_wFdSXA8MV6qYEmc&ei=kI2LWYyTN8W2VrWiosgL&mime=video%2Fwebm&requiressl=yes&dur=0.000&itag=43", "player_url": null, "ext": "webm", "width": 640, "height": 360, "acodec": "vorbis", "abr": 128, "vcodec": "vp8.0", "resolution": "640x360", "format_note": "medium", "format": "43 - 640x360 (medium)", "protocol": "https", "http_headers": {"User-Agent": "Mozilla/5.0 (X11; Linux x86_64; rv:10.0) Gecko/20150101 Firefox/47.0 (Chrome)", "Accept-Charset": "ISO-8859-1,utf-8;q=0.7,*;q=0.7", "Accept": "text/html,application/xhtml+xml,application/xml;q=0.9,*/*;q=0.8", "Accept-Encoding": "gzip, deflate", "Accept-Language": "en-us,en;q=0.5"}}, {"format_id": "18", "url": "https://r3---sn-4g5e6nes.googlevideo.com/videoplayback?ipbits=0&signature=8ECFA650324424B83BB9B07258DFE422A15B4906.AB5EFE96A655CCCDB2EF4B1CF22B595F44D076A5&initcwndbps=2901250&key=yt6&sparams=clen%2Cdur%2Cei%2Cgir%2Cid%2Cinitcwndbps%2Cip%2Cipbits%2Citag%2Clmt%2Cmime%2Cmm%2Cmn%2Cms%2Cmv%2Cpl%2Cratebypass%2Crequiressl%2Csource%2Cexpire&lmt=1393827262841520&expire=1502339569&clen=18495755&gir=yes&ip=131.159.40.117&ratebypass=yes&mn=sn-4g5e6nes&source=youtube&mm=31&mv=m&pl=16&mt=1502317832&ms=au&id=o-AM1_aC4R47GtTY077hc1nhUGwNCY_wFdSXA8MV6qYEmc&ei=kI2LWYyTN8W2VrWiosgL&mime=video%2Fmp4&requiressl=yes&dur=311.379&itag=18", "player_url": null, "ext": "mp4", "width": 640, "height": 360, "acodec": "mp4a.40.2", "abr": 96, "vcodec": "avc1.42001E", "resolution": "640x360", "format_note": "medium", "format": "18 - 640x360 (medium)", "protocol": "https", "http_headers": {"User-Agent": "Mozilla/5.0 (X11; Linux x86_64; rv:10.0) Gecko/20150101 Firefox/47.0 (Chrome)", "Accept-Charset": "ISO-8859-1,utf-8;q=0.7,*;q=0.7", "Accept": "text/html,application/xhtml+xml,application/xml;q=0.9,*/*;q=0.8", "Accept-Encoding": "gzip, deflate", "Accept-Language": "en-us,en;q=0.5"}}, {"format_id": "22", "url": "https://r3---sn-4g5e6nes.googlevideo.com/videoplayback?ip=131.159.40.117&ipbits=0&ratebypass=yes&mn=sn-4g5e6nes&source=youtube&mm=31&mv=m&pl=16&mt=1502317832&key=yt6&ms=au&id=o-AM1_aC4R47GtTY077hc1nhUGwNCY_wFdSXA8MV6qYEmc&ei=kI2LWYyTN8W2VrWiosgL&signature=325985B90CE639B609C10E04A792952476169B2D.795306B59B2030AD9707551C33753674995D7C5B&initcwndbps=2901250&mime=video%2Fmp4&requiressl=yes&dur=311.379&sparams=dur%2Cei%2Cid%2Cinitcwndbps%2Cip%2Cipbits%2Citag%2Clmt%2Cmime%2Cmm%2Cmn%2Cms%2Cmv%2Cpl%2Cratebypass%2Crequiressl%2Csource%2Cexpire&itag=22&lmt=1472792668251961&expire=1502339569", "player_url": null, "ext": "mp4", "width": 1280, "height": 720, "acodec": "mp4a.40.2", "abr": 192, "vcodec": "avc1.64001F", "resolution": "1280x720", "format_note": "hd720", "format": "22 - 1280x720 (hd720)", "protocol": "https", "http_headers": {"User-Agent": "Mozilla/5.0 (X11; Linux x86_64; rv:10.0) Gecko/20150101 Firefox/47.0 (Chrome)", "Accept-Charset": "ISO-8859-1,utf-8;q=0.7,*;q=0.7", "Accept": "text/html,application/xhtml+xml,application/xml;q=0.9,*/*;q=0.8", "Accept-Encoding": "gzip, deflate", "Accept-Language": "en-us,en;q=0.5"}}], "is_live": null, "start_time": null, "end_time": null, "series": null, "season_number": null, "episode_number": null, "extractor": "youtube", "webpage_url_basename": "xJwHH4yVaYs", "extractor_key": "Youtube", "playlist": null, "playlist_index": null, "thumbnails": [{"url": "https://i.ytimg.com/vi/xJwHH4yVaYs/hqdefault.jpg", "id": "0"}], "display_id": "xJwHH4yVaYs", "ext": "mp4", "height": 720, "format_note": "DASH video", "vcodec": "avc1.4d401f", "format_id": "136", "url": "https://r3---sn-4g5e6nes.googlevideo.com/videoplayback?id=c49c071f8c95698b&itag=136&source=youtube&requiressl=yes&ms=au&mv=m&ei=kY2LWbibIpL4VO-qtMgN&initcwndbps=2901250&pl=16&mn=sn-4g5e6nes&mm=31&ratebypass=yes&mime=video/mp4&gir=yes&clen=43442123&lmt=1393827238880183&dur=311.279&signature=050B7CF8B52608C67384273B8E9AE832D47DBE5D.0DBA7EBBACBA7F2BB3282055D5B58002C2FEAFF6&mt=1502317832&key=dg_yt0&ip=131.159.40.117&ipbits=0&expire=1502339569&sparams=ip,ipbits,expire,id,itag,source,requiressl,ms,mv,ei,initcwndbps,pl,mn,mm,ratebypass,mime,gir,clen,lmt,dur", "manifest_url": "https://manifest.googlevideo.com/api/manifest/dash/ms/au/signature/B5A1FF20968C1768151B23AFC0568BA2D834F2E9.27D0F8746459A169196DE800BFCEB054650C8B9D/mv/m/hfr/1/ipbits/0/expire/1502339569/mt/1502317832/key/yt6/itag/0/source/youtube/sparams/as%2Cei%2Chfr%2Cid%2Cinitcwndbps%2Cip%2Cipbits%2Citag%2Cmm%2Cmn%2Cms%2Cmv%2Cpl%2Cplayback_host%2Crequiressl%2Csource%2Cexpire/ei/kY2LWbibIpL4VO-qtMgN/as/fmp4_audio_clear%2Cfmp4_sd_hd_clear/initcwndbps/2901250/ip/131.159.40.117/requiressl/yes/id/c49c071f8c95698b/pl/16/mn/sn-4g5e6nes/mm/31/playback_host/r3---sn-4g5e6nes.googlevideo.com", "width": 1280, "tbr": 2201.398, "asr": null, "fps": 30, "language": null, "filesize": 43442123, "acodec": "none", "format": "136 - 1280x720 (DASH video)", "protocol": "https", "http_headers": {"User-Agent": "Mozilla/5.0 (X11; Linux x86_64; rv:10.0) Gecko/20150101 Firefox/47.0 (Chrome)", "Accept-Charset": "ISO-8859-1,utf-8;q=0.7,*;q=0.7", "Accept": "text/html,application/xhtml+xml,application/xml;q=0.9,*/*;q=0.8", "Accept-Encoding": "gzip, deflate", "Accept-Language": "en-us,en;q=0.5"}, "fulltitle": "Sir Ben Kingsley on Iron Man, Marvel and the Mandarin", "_filename": "xJwHH4yVaYs.mp4"}