{"id": "NYHNzjklLk0", "uploader": "hes port", "uploader_id": "UCBTtXeS02h2_tis_8k_Ndrw", "uploader_url": "http://www.youtube.com/channel/UCBTtXeS02h2_tis_8k_Ndrw", "upload_date": "20131219", "license": "Standard YouTube License", "creator": null, "title": "\u0627\u0631\u062a\u0633\u0627\u0645\u0627\u062a \u0644\u0627\u0639\u0628\u064a \u0627\u0644\u0631\u062c\u0627\u0621", "alt_title": null, "thumbnail": "https://i.ytimg.com/vi/NYHNzjklLk0/hqdefault.jpg", "description": "\u0627\u0631\u062a\u0633\u0627\u0645\u0627\u062a \u0644\u0627\u0639\u0628\u064a \u0627\u0644\u0631\u062c\u0627\u0621", "categories": ["People & Blogs"], "tags": ["\u0627\u0631\u062a\u0633\u0627\u0645\u0627\u062a \u0644\u0627\u0639\u0628\u064a \u0627\u0644\u0631\u062c\u0627\u0621"], "subtitles": {}, "automatic_captions": {}, "duration": 482, "age_limit": 0, "annotations": null, "chapters": null, "webpage_url": "https://www.youtube.com/watch?v=NYHNzjklLk0", "view_count": 75259, "like_count": 35, "dislike_count": 3, "average_rating": 4.68421030045, "formats": [{"ext": "m4a", "format_note": "DASH audio", "acodec": "mp4a.40.5", "abr": 48, "container": "m4a_dash", "format_id": "139", "url": "https://r4---sn-xjpm-q0nl.googlevideo.com/videoplayback?id=3581cdce39252e4d&itag=139&source=youtube&requiressl=yes&mm=31&pl=21&mn=sn-xjpm-q0nl&mv=u&ei=EXKLWe-cBYXGW5TSjJAC&ms=au&ratebypass=yes&mime=audio/mp4&gir=yes&clen=2870282&lmt=1387693168708658&dur=482.557&signature=09C7DC9E06C1C776202A95DF0A8C49FD02E341F8.55F289A2E9589713B00C9008D449FD4A39C51D28&mt=1502310780&key=dg_yt0&ip=131.159.40.117&ipbits=0&expire=1502332529&sparams=ip,ipbits,expire,id,itag,source,requiressl,mm,pl,mn,mv,ei,ms,ratebypass,mime,gir,clen,lmt,dur", "manifest_url": "https://manifest.googlevideo.com/api/manifest/dash/mm/31/hfr/1/pl/21/mn/sn-xjpm-q0nl/ipbits/0/signature/05AD526ABF325391986641529F6256B8F201D6F4.DDA66617F698ACC7D9051E4D5E274A29CD09EBD2/source/youtube/mv/u/ip/131.159.40.117/mt/1502310780/playback_host/r4---sn-xjpm-q0nl.googlevideo.com/key/yt6/as/fmp4_audio_clear%2Cfmp4_sd_hd_clear/requiressl/yes/expire/1502332529/sparams/as%2Cei%2Chfr%2Cid%2Cip%2Cipbits%2Citag%2Cmm%2Cmn%2Cms%2Cmv%2Cpl%2Cplayback_host%2Crequiressl%2Csource%2Cexpire/itag/0/ei/EXKLWe-cBYXGW5TSjJAC/id/3581cdce39252e4d/ms/au", "width": null, "height": null, "tbr": 48.778, "asr": 22050, "fps": null, "language": null, "filesize": 2870282, "vcodec": "none", "format": "139 - audio only (DASH audio)", "protocol": "https", "http_headers": {"User-Agent": "Mozilla/5.0 (X11; Linux x86_64; rv:10.0) Gecko/20150101 Firefox/47.0 (Chrome)", "Accept-Charset": "ISO-8859-1,utf-8;q=0.7,*;q=0.7", "Accept": "text/html,application/xhtml+xml,application/xml;q=0.9,*/*;q=0.8", "Accept-Encoding": "gzip, deflate", "Accept-Language": "en-us,en;q=0.5"}}, {"format_id": "171", "url": "https://r4---sn-xjpm-q0nl.googlevideo.com/videoplayback?ipbits=0&signature=62E2EE8B26BF504661238AA8AC194E88D17E5D82.285005513850292C2B8D296A40252F1BC839BA58&key=yt6&keepalive=yes&sparams=clen%2Cdur%2Cei%2Cgir%2Cid%2Cip%2Cipbits%2Citag%2Ckeepalive%2Clmt%2Cmime%2Cmm%2Cmn%2Cms%2Cmv%2Cpl%2Crequiressl%2Csource%2Cexpire&lmt=1387519716457673&expire=1502332528&clen=5560948&gir=yes&ip=131.159.40.117&mn=sn-xjpm-q0nl&mm=31&source=youtube&pl=21&mv=u&mt=1502310780&ms=au&ei=EHKLWYS5JYiVWpefqsgN&id=o-ANy-hYHtPUHtiJE1ky6e2oQJRxGB7Zj2jkMokLwuWkYJ&mime=audio%2Fwebm&dur=482.408&requiressl=yes&itag=171&ratebypass=yes", "player_url": null, "ext": "webm", "acodec": "vorbis", "format_note": "DASH audio", "abr": 128, "filesize": 5560948, "tbr": 109.95, "fps": 1, "vcodec": "none", "format": "171 - audio only (DASH audio)", "protocol": "https", "http_headers": {"User-Agent": "Mozilla/5.0 (X11; Linux x86_64; rv:10.0) Gecko/20150101 Firefox/47.0 (Chrome)", "Accept-Charset": "ISO-8859-1,utf-8;q=0.7,*;q=0.7", "Accept": "text/html,application/xhtml+xml,application/xml;q=0.9,*/*;q=0.8", "Accept-Encoding": "gzip, deflate", "Accept-Language": "en-us,en;q=0.5"}}, {"ext": "m4a", "format_note": "DASH audio", "acodec": "mp4a.40.2", "abr": 128, "container": "m4a_dash", "format_id": "140", "url": "https://r4---sn-xjpm-q0nl.googlevideo.com/videoplayback?id=3581cdce39252e4d&itag=140&source=youtube&requiressl=yes&mm=31&pl=21&mn=sn-xjpm-q0nl&mv=u&ei=EXKLWe-cBYXGW5TSjJAC&ms=au&ratebypass=yes&mime=audio/mp4&gir=yes&clen=7663574&lmt=1387693164705125&dur=482.487&signature=8093D435F6268C7604C315DB6BF95AA8887869C4.2D71A3495E7D9CE3DB6DEDFEE7BA8400844AE5A9&mt=1502310780&key=dg_yt0&ip=131.159.40.117&ipbits=0&expire=1502332529&sparams=ip,ipbits,expire,id,itag,source,requiressl,mm,pl,mn,mv,ei,ms,ratebypass,mime,gir,clen,lmt,dur", "manifest_url": "https://manifest.googlevideo.com/api/manifest/dash/mm/31/hfr/1/pl/21/mn/sn-xjpm-q0nl/ipbits/0/signature/05AD526ABF325391986641529F6256B8F201D6F4.DDA66617F698ACC7D9051E4D5E274A29CD09EBD2/source/youtube/mv/u/ip/131.159.40.117/mt/1502310780/playback_host/r4---sn-xjpm-q0nl.googlevideo.com/key/yt6/as/fmp4_audio_clear%2Cfmp4_sd_hd_clear/requiressl/yes/expire/1502332529/sparams/as%2Cei%2Chfr%2Cid%2Cip%2Cipbits%2Citag%2Cmm%2Cmn%2Cms%2Cmv%2Cpl%2Cplayback_host%2Crequiressl%2Csource%2Cexpire/itag/0/ei/EXKLWe-cBYXGW5TSjJAC/id/3581cdce39252e4d/ms/au", "width": null, "height": null, "tbr": 128.037, "asr": 44100, "fps": null, "language": null, "filesize": 7663574, "vcodec": "none", "format": "140 - audio only (DASH audio)", "protocol": "https", "http_headers": {"User-Agent": "Mozilla/5.0 (X11; Linux x86_64; rv:10.0) Gecko/20150101 Firefox/47.0 (Chrome)", "Accept-Charset": "ISO-8859-1,utf-8;q=0.7,*;q=0.7", "Accept": "text/html,application/xhtml+xml,application/xml;q=0.9,*/*;q=0.8", "Accept-Encoding": "gzip, deflate", "Accept-Language": "en-us,en;q=0.5"}}, {"ext": "mp4", "height": 144, "format_note": "DASH video", "vcodec": "avc1.4d400c", "format_id": "160", "url": "https://r4---sn-xjpm-q0nl.googlevideo.com/videoplayback?id=3581cdce39252e4d&itag=160&source=youtube&requiressl=yes&mm=31&pl=21&mn=sn-xjpm-q0nl&mv=u&ei=EXKLWe-cBYXGW5TSjJAC&ms=au&ratebypass=yes&mime=video/mp4&gir=yes&clen=6712009&lmt=1387693170715000&dur=482.360&signature=3B36E33163FB5F2FAA92D53EDC1D1835EC7EF21C.0985585B78959AA5D0E025BBCAF5EA34349B188C&mt=1502310780&key=dg_yt0&ip=131.159.40.117&ipbits=0&expire=1502332529&sparams=ip,ipbits,expire,id,itag,source,requiressl,mm,pl,mn,mv,ei,ms,ratebypass,mime,gir,clen,lmt,dur", "manifest_url": "https://manifest.googlevideo.com/api/manifest/dash/mm/31/hfr/1/pl/21/mn/sn-xjpm-q0nl/ipbits/0/signature/05AD526ABF325391986641529F6256B8F201D6F4.DDA66617F698ACC7D9051E4D5E274A29CD09EBD2/source/youtube/mv/u/ip/131.159.40.117/mt/1502310780/playback_host/r4---sn-xjpm-q0nl.googlevideo.com/key/yt6/as/fmp4_audio_clear%2Cfmp4_sd_hd_clear/requiressl/yes/expire/1502332529/sparams/as%2Cei%2Chfr%2Cid%2Cip%2Cipbits%2Citag%2Cmm%2Cmn%2Cms%2Cmv%2Cpl%2Cplayback_host%2Crequiressl%2Csource%2Cexpire/itag/0/ei/EXKLWe-cBYXGW5TSjJAC/id/3581cdce39252e4d/ms/au", "width": 192, "tbr": 119.531, "asr": null, "fps": 15, "language": null, "filesize": 6712009, "acodec": "none", "format": "160 - 192x144 (DASH video)", "protocol": "https", "http_headers": {"User-Agent": "Mozilla/5.0 (X11; Linux x86_64; rv:10.0) Gecko/20150101 Firefox/47.0 (Chrome)", "Accept-Charset": "ISO-8859-1,utf-8;q=0.7,*;q=0.7", "Accept": "text/html,application/xhtml+xml,application/xml;q=0.9,*/*;q=0.8", "Accept-Encoding": "gzip, deflate", "Accept-Language": "en-us,en;q=0.5"}}, {"ext": "mp4", "height": 240, "format_note": "DASH video", "vcodec": "avc1.4d400d", "format_id": "133", "url": "https://r4---sn-xjpm-q0nl.googlevideo.com/videoplayback?id=3581cdce39252e4d&itag=133&source=youtube&requiressl=yes&mm=31&pl=21&mn=sn-xjpm-q0nl&mv=u&ei=EXKLWe-cBYXGW5TSjJAC&ms=au&ratebypass=yes&mime=video/mp4&gir=yes&clen=14808505&lmt=1387693170716644&dur=482.360&signature=5D0454543F86956215AE20B5D0E74067BC4BF66C.4E1E5F5C2E0056D2A003CB42AE60C77412B1B31A&mt=1502310780&key=dg_yt0&ip=131.159.40.117&ipbits=0&expire=1502332529&sparams=ip,ipbits,expire,id,itag,source,requiressl,mm,pl,mn,mv,ei,ms,ratebypass,mime,gir,clen,lmt,dur", "manifest_url": "https://manifest.googlevideo.com/api/manifest/dash/mm/31/hfr/1/pl/21/mn/sn-xjpm-q0nl/ipbits/0/signature/05AD526ABF325391986641529F6256B8F201D6F4.DDA66617F698ACC7D9051E4D5E274A29CD09EBD2/source/youtube/mv/u/ip/131.159.40.117/mt/1502310780/playback_host/r4---sn-xjpm-q0nl.googlevideo.com/key/yt6/as/fmp4_audio_clear%2Cfmp4_sd_hd_clear/requiressl/yes/expire/1502332529/sparams/as%2Cei%2Chfr%2Cid%2Cip%2Cipbits%2Citag%2Cmm%2Cmn%2Cms%2Cmv%2Cpl%2Cplayback_host%2Crequiressl%2Csource%2Cexpire/itag/0/ei/EXKLWe-cBYXGW5TSjJAC/id/3581cdce39252e4d/ms/au", "width": 320, "tbr": 254.8, "asr": null, "fps": 25, "language": null, "filesize": 14808505, "acodec": "none", "format": "133 - 320x240 (DASH video)", "protocol": "https", "http_headers": {"User-Agent": "Mozilla/5.0 (X11; Linux x86_64; rv:10.0) Gecko/20150101 Firefox/47.0 (Chrome)", "Accept-Charset": "ISO-8859-1,utf-8;q=0.7,*;q=0.7", "Accept": "text/html,application/xhtml+xml,application/xml;q=0.9,*/*;q=0.8", "Accept-Encoding": "gzip, deflate", "Accept-Language": "en-us,en;q=0.5"}}, {"ext": "mp4", "height": 360, "format_note": "DASH video", "vcodec": "avc1.4d4015", "format_id": "134", "url": "https://r4---sn-xjpm-q0nl.googlevideo.com/videoplayback?id=3581cdce39252e4d&itag=134&source=youtube&requiressl=yes&mm=31&pl=21&mn=sn-xjpm-q0nl&mv=u&ei=EXKLWe-cBYXGW5TSjJAC&ms=au&ratebypass=yes&mime=video/mp4&gir=yes&clen=15341083&lmt=1387693177699073&dur=482.360&signature=588289F4B3B7BA2E7896C40D0C8D9BB5309A4183.574C6C5011D09EF367C8C5D30DA23B59A524C148&mt=1502310780&key=dg_yt0&ip=131.159.40.117&ipbits=0&expire=1502332529&sparams=ip,ipbits,expire,id,itag,source,requiressl,mm,pl,mn,mv,ei,ms,ratebypass,mime,gir,clen,lmt,dur", "manifest_url": "https://manifest.googlevideo.com/api/manifest/dash/mm/31/hfr/1/pl/21/mn/sn-xjpm-q0nl/ipbits/0/signature/05AD526ABF325391986641529F6256B8F201D6F4.DDA66617F698ACC7D9051E4D5E274A29CD09EBD2/source/youtube/mv/u/ip/131.159.40.117/mt/1502310780/playback_host/r4---sn-xjpm-q0nl.googlevideo.com/key/yt6/as/fmp4_audio_clear%2Cfmp4_sd_hd_clear/requiressl/yes/expire/1502332529/sparams/as%2Cei%2Chfr%2Cid%2Cip%2Cipbits%2Citag%2Cmm%2Cmn%2Cms%2Cmv%2Cpl%2Cplayback_host%2Crequiressl%2Csource%2Cexpire/itag/0/ei/EXKLWe-cBYXGW5TSjJAC/id/3581cdce39252e4d/ms/au", "width": 480, "tbr": 434.927, "asr": null, "fps": 25, "language": null, "filesize": 15341083, "acodec": "none", "format": "134 - 480x360 (DASH video)", "protocol": "https", "http_headers": {"User-Agent": "Mozilla/5.0 (X11; Linux x86_64; rv:10.0) Gecko/20150101 Firefox/47.0 (Chrome)", "Accept-Charset": "ISO-8859-1,utf-8;q=0.7,*;q=0.7", "Accept": "text/html,application/xhtml+xml,application/xml;q=0.9,*/*;q=0.8", "Accept-Encoding": "gzip, deflate", "Accept-Language": "en-us,en;q=0.5"}}, {"ext": "mp4", "height": 480, "format_note": "DASH video", "vcodec": "avc1.4d401e", "format_id": "135", "url": "https://r4---sn-xjpm-q0nl.googlevideo.com/videoplayback?id=3581cdce39252e4d&itag=135&source=youtube&requiressl=yes&mm=31&pl=21&mn=sn-xjpm-q0nl&mv=u&ei=EXKLWe-cBYXGW5TSjJAC&ms=au&ratebypass=yes&mime=video/mp4&gir=yes&clen=32852260&lmt=1387693183709586&dur=482.360&signature=983C4DB58AAC9660597A1FC1E8A98D5CA284BA7D.377DB93239A7FC5C06DB68870C0E5657D7CFF433&mt=1502310780&key=dg_yt0&ip=131.159.40.117&ipbits=0&expire=1502332529&sparams=ip,ipbits,expire,id,itag,source,requiressl,mm,pl,mn,mv,ei,ms,ratebypass,mime,gir,clen,lmt,dur", "manifest_url": "https://manifest.googlevideo.com/api/manifest/dash/mm/31/hfr/1/pl/21/mn/sn-xjpm-q0nl/ipbits/0/signature/05AD526ABF325391986641529F6256B8F201D6F4.DDA66617F698ACC7D9051E4D5E274A29CD09EBD2/source/youtube/mv/u/ip/131.159.40.117/mt/1502310780/playback_host/r4---sn-xjpm-q0nl.googlevideo.com/key/yt6/as/fmp4_audio_clear%2Cfmp4_sd_hd_clear/requiressl/yes/expire/1502332529/sparams/as%2Cei%2Chfr%2Cid%2Cip%2Cipbits%2Citag%2Cmm%2Cmn%2Cms%2Cmv%2Cpl%2Cplayback_host%2Crequiressl%2Csource%2Cexpire/itag/0/ei/EXKLWe-cBYXGW5TSjJAC/id/3581cdce39252e4d/ms/au", "width": 640, "tbr": 846.397, "asr": null, "fps": 25, "language": null, "filesize": 32852260, "acodec": "none", "format": "135 - 640x480 (DASH video)", "protocol": "https", "http_headers": {"User-Agent": "Mozilla/5.0 (X11; Linux x86_64; rv:10.0) Gecko/20150101 Firefox/47.0 (Chrome)", "Accept-Charset": "ISO-8859-1,utf-8;q=0.7,*;q=0.7", "Accept": "text/html,application/xhtml+xml,application/xml;q=0.9,*/*;q=0.8", "Accept-Encoding": "gzip, deflate", "Accept-Language": "en-us,en;q=0.5"}}, {"format_id": "17", "url": "https://r4---sn-xjpm-q0nl.googlevideo.com/videoplayback?gir=yes&ip=131.159.40.117&ipbits=0&mn=sn-xjpm-q0nl&mm=31&source=youtube&key=yt6&pl=21&mv=u&mt=1502310780&ms=au&ei=EHKLWYS5JYiVWpefqsgN&id=o-ANy-hYHtPUHtiJE1ky6e2oQJRxGB7Zj2jkMokLwuWkYJ&signature=467C50959C0C12678CF53D62818F144DC7AF16E0.D1D15A051A5C457DB0ADC2149F6F963D5B489B01&mime=video%2F3gpp&dur=482.742&requiressl=yes&sparams=clen%2Cdur%2Cei%2Cgir%2Cid%2Cip%2Cipbits%2Citag%2Clmt%2Cmime%2Cmm%2Cmn%2Cms%2Cmv%2Cpl%2Crequiressl%2Csource%2Cexpire&lmt=1387693240878456&itag=17&expire=1502332528&clen=4905001&ratebypass=yes", "player_url": null, "ext": "3gp", "width": 176, "height": 144, "acodec": "mp4a.40.2", "abr": 24, "vcodec": "mp4v.20.3", "resolution": "176x144", "format_note": "small", "format": "17 - 176x144 (small)", "protocol": "https", "http_headers": {"User-Agent": "Mozilla/5.0 (X11; Linux x86_64; rv:10.0) Gecko/20150101 Firefox/47.0 (Chrome)", "Accept-Charset": "ISO-8859-1,utf-8;q=0.7,*;q=0.7", "Accept": "text/html,application/xhtml+xml,application/xml;q=0.9,*/*;q=0.8", "Accept-Encoding": "gzip, deflate", "Accept-Language": "en-us,en;q=0.5"}}, {"format_id": "36", "url": "https://r4---sn-xjpm-q0nl.googlevideo.com/videoplayback?gir=yes&ip=131.159.40.117&ipbits=0&mn=sn-xjpm-q0nl&mm=31&source=youtube&key=yt6&pl=21&mv=u&mt=1502310780&ms=au&ei=EHKLWYS5JYiVWpefqsgN&id=o-ANy-hYHtPUHtiJE1ky6e2oQJRxGB7Zj2jkMokLwuWkYJ&signature=672948BB1178D909B7B819C462DB45AFAD9F34E6.1E6E89B31538C29331C1416EAB7B06BAD4E7B553&mime=video%2F3gpp&dur=482.603&requiressl=yes&sparams=clen%2Cdur%2Cei%2Cgir%2Cid%2Cip%2Cipbits%2Citag%2Clmt%2Cmime%2Cmm%2Cmn%2Cms%2Cmv%2Cpl%2Crequiressl%2Csource%2Cexpire&lmt=1387693357122949&itag=36&expire=1502332528&clen=13575307&ratebypass=yes", "player_url": null, "ext": "3gp", "width": 320, "acodec": "mp4a.40.2", "vcodec": "mp4v.20.3", "resolution": "320x240", "height": 240, "format_note": "small", "format": "36 - 320x240 (small)", "protocol": "https", "http_headers": {"User-Agent": "Mozilla/5.0 (X11; Linux x86_64; rv:10.0) Gecko/20150101 Firefox/47.0 (Chrome)", "Accept-Charset": "ISO-8859-1,utf-8;q=0.7,*;q=0.7", "Accept": "text/html,application/xhtml+xml,application/xml;q=0.9,*/*;q=0.8", "Accept-Encoding": "gzip, deflate", "Accept-Language": "en-us,en;q=0.5"}}, {"format_id": "18", "url": "https://r4---sn-xjpm-q0nl.googlevideo.com/videoplayback?ipbits=0&signature=4AE653EBDE8FBDDF61C35A6DF1F251BEED36F0A6.B2A75B2020DDD3CF5E1161F867D4E827DACC2AA4&key=yt6&sparams=clen%2Cdur%2Cei%2Cgir%2Cid%2Cip%2Cipbits%2Citag%2Clmt%2Cmime%2Cmm%2Cmn%2Cms%2Cmv%2Cpl%2Cratebypass%2Crequiressl%2Csource%2Cexpire&lmt=1387693256909512&expire=1502332528&clen=23813882&gir=yes&ip=131.159.40.117&ratebypass=yes&mn=sn-xjpm-q0nl&mm=31&source=youtube&pl=21&mv=u&mt=1502310780&ms=au&ei=EHKLWYS5JYiVWpefqsgN&id=o-ANy-hYHtPUHtiJE1ky6e2oQJRxGB7Zj2jkMokLwuWkYJ&mime=video%2Fmp4&dur=482.487&requiressl=yes&itag=18", "player_url": null, "ext": "mp4", "width": 480, "height": 360, "acodec": "mp4a.40.2", "abr": 96, "vcodec": "avc1.42001E", "resolution": "480x360", "format_note": "medium", "format": "18 - 480x360 (medium)", "protocol": "https", "http_headers": {"User-Agent": "Mozilla/5.0 (X11; Linux x86_64; rv:10.0) Gecko/20150101 Firefox/47.0 (Chrome)", "Accept-Charset": "ISO-8859-1,utf-8;q=0.7,*;q=0.7", "Accept": "text/html,application/xhtml+xml,application/xml;q=0.9,*/*;q=0.8", "Accept-Encoding": "gzip, deflate", "Accept-Language": "en-us,en;q=0.5"}}, {"format_id": "43", "url": "https://r4---sn-xjpm-q0nl.googlevideo.com/videoplayback?ipbits=0&signature=8B70CA18C3BC146986B75A046F86C16BD92F989D.5DFC162BDEED2E133078E7147B2A7F6894F82017&key=yt6&sparams=clen%2Cdur%2Cei%2Cgir%2Cid%2Cip%2Cipbits%2Citag%2Clmt%2Cmime%2Cmm%2Cmn%2Cms%2Cmv%2Cpl%2Cratebypass%2Crequiressl%2Csource%2Cexpire&lmt=1387464137331461&expire=1502332528&clen=31116390&gir=yes&ip=131.159.40.117&ratebypass=yes&mn=sn-xjpm-q0nl&mm=31&source=youtube&pl=21&mv=u&mt=1502310780&ms=au&ei=EHKLWYS5JYiVWpefqsgN&id=o-ANy-hYHtPUHtiJE1ky6e2oQJRxGB7Zj2jkMokLwuWkYJ&mime=video%2Fwebm&dur=0.000&requiressl=yes&itag=43", "player_url": null, "ext": "webm", "width": 640, "height": 360, "acodec": "vorbis", "abr": 128, "vcodec": "vp8.0", "resolution": "640x360", "format_note": "medium", "format": "43 - 640x360 (medium)", "protocol": "https", "http_headers": {"User-Agent": "Mozilla/5.0 (X11; Linux x86_64; rv:10.0) Gecko/20150101 Firefox/47.0 (Chrome)", "Accept-Charset": "ISO-8859-1,utf-8;q=0.7,*;q=0.7", "Accept": "text/html,application/xhtml+xml,application/xml;q=0.9,*/*;q=0.8", "Accept-Encoding": "gzip, deflate", "Accept-Language": "en-us,en;q=0.5"}}], "is_live": null, "start_time": null, "end_time": null, "series": null, "season_number": null, "episode_number": null, "extractor": "youtube", "webpage_url_basename": "NYHNzjklLk0", "extractor_key": "Youtube", "playlist": null, "playlist_index": null, "thumbnails": [{"url": "https://i.ytimg.com/vi/NYHNzjklLk0/hqdefault.jpg", "id": "0"}], "display_id": "NYHNzjklLk0", "ext": "mp4", "height": 480, "format_note": "DASH video", "vcodec": "avc1.4d401e", "format_id": "135", "url": "https://r4---sn-xjpm-q0nl.googlevideo.com/videoplayback?id=3581cdce39252e4d&itag=135&source=youtube&requiressl=yes&mm=31&pl=21&mn=sn-xjpm-q0nl&mv=u&ei=EXKLWe-cBYXGW5TSjJAC&ms=au&ratebypass=yes&mime=video/mp4&gir=yes&clen=32852260&lmt=1387693183709586&dur=482.360&signature=983C4DB58AAC9660597A1FC1E8A98D5CA284BA7D.377DB93239A7FC5C06DB68870C0E5657D7CFF433&mt=1502310780&key=dg_yt0&ip=131.159.40.117&ipbits=0&expire=1502332529&sparams=ip,ipbits,expire,id,itag,source,requiressl,mm,pl,mn,mv,ei,ms,ratebypass,mime,gir,clen,lmt,dur", "manifest_url": "https://manifest.googlevideo.com/api/manifest/dash/mm/31/hfr/1/pl/21/mn/sn-xjpm-q0nl/ipbits/0/signature/05AD526ABF325391986641529F6256B8F201D6F4.DDA66617F698ACC7D9051E4D5E274A29CD09EBD2/source/youtube/mv/u/ip/131.159.40.117/mt/1502310780/playback_host/r4---sn-xjpm-q0nl.googlevideo.com/key/yt6/as/fmp4_audio_clear%2Cfmp4_sd_hd_clear/requiressl/yes/expire/1502332529/sparams/as%2Cei%2Chfr%2Cid%2Cip%2Cipbits%2Citag%2Cmm%2Cmn%2Cms%2Cmv%2Cpl%2Cplayback_host%2Crequiressl%2Csource%2Cexpire/itag/0/ei/EXKLWe-cBYXGW5TSjJAC/id/3581cdce39252e4d/ms/au", "width": 640, "tbr": 846.397, "asr": null, "fps": 25, "language": null, "filesize": 32852260, "acodec": "none", "format": "135 - 640x480 (DASH video)", "protocol": "https", "http_headers": {"User-Agent": "Mozilla/5.0 (X11; Linux x86_64; rv:10.0) Gecko/20150101 Firefox/47.0 (Chrome)", "Accept-Charset": "ISO-8859-1,utf-8;q=0.7,*;q=0.7", "Accept": "text/html,application/xhtml+xml,application/xml;q=0.9,*/*;q=0.8", "Accept-Encoding": "gzip, deflate", "Accept-Language": "en-us,en;q=0.5"}, "fulltitle": "\u0627\u0631\u062a\u0633\u0627\u0645\u0627\u062a \u0644\u0627\u0639\u0628\u064a \u0627\u0644\u0631\u062c\u0627\u0621", "_filename": "NYHNzjklLk0.mp4"}