{"id": "KvOft42KA1U", "uploader": "hespresschannel24", "uploader_id": "hespresschannel24", "uploader_url": "http://www.youtube.com/user/hespresschannel24", "upload_date": "20131009", "license": "Standard YouTube License", "creator": null, "title": "\u0648\u0643\u0627\u0644\u0627\u062a \u0623\u0633\u0641\u0627\u0631 \u062a\u062d\u062a\u0627\u0644 \u0639\u0644\u0649 \u0627\u0644\u062d\u062c\u0627\u062c", "alt_title": null, "thumbnail": "https://i.ytimg.com/vi/KvOft42KA1U/hqdefault.jpg", "description": "\u0648\u0643\u0627\u0644\u0627\u062a \u0623\u0633\u0641\u0627\u0631 \u062a\u062d\u062a\u0627\u0644 \u0639\u0644\u0649 \u0627\u0644\u062d\u062c\u0627\u062c", "categories": ["Film & Animation"], "tags": ["\u0648\u0643\u0627\u0644\u0627\u062a \u0623\u0633\u0641\u0627\u0631 \u062a\u062d\u062a\u0627\u0644 \u0639\u0644\u0649 \u0627\u0644\u062d\u062c\u0627\u062c"], "subtitles": {}, "automatic_captions": {}, "duration": 175, "age_limit": 0, "annotations": null, "chapters": null, "webpage_url": "https://www.youtube.com/watch?v=KvOft42KA1U", "view_count": 6529, "like_count": 1, "dislike_count": 0, "average_rating": 5.0, "formats": [{"ext": "m4a", "format_note": "DASH audio", "acodec": "mp4a.40.5", "abr": 48, "container": "m4a_dash", "format_id": "139", "url": "https://r16---sn-4g57knz7.googlevideo.com/videoplayback?id=2af39fb78d8a0355&itag=139&source=youtube&requiressl=yes&mv=m&ms=au&ei=f82JWYGaNNS6csf1pJgB&pl=16&initcwndbps=4530000&mn=sn-4g57knz7&mm=31&ratebypass=yes&mime=audio/mp4&gir=yes&clen=1044833&lmt=1381374101314663&dur=175.589&signature=8592966DE33260517AA1F7A0CCCD9EE0DD6AE9DD.9634E639FC4901B64F5DF290E891F39C0E7A712E&key=dg_yt0&mt=1502203161&ip=131.159.40.117&ipbits=0&expire=1502224863&sparams=ip,ipbits,expire,id,itag,source,requiressl,mv,ms,ei,pl,initcwndbps,mn,mm,ratebypass,mime,gir,clen,lmt,dur", "manifest_url": "https://manifest.googlevideo.com/api/manifest/dash/mv/m/signature/3CBBD8D4237A049DB6C090F326E6F8AB32D94B11.4BA45B3140DEC5CD9CE02A3AC6E39612441F16AD/ip/131.159.40.117/playback_host/r16---sn-4g57knz7.googlevideo.com/ms/au/requiressl/yes/ei/f82JWYGaNNS6csf1pJgB/source/youtube/pl/16/itag/0/initcwndbps/4530000/hfr/1/sparams/as%2Cei%2Chfr%2Cid%2Cinitcwndbps%2Cip%2Cipbits%2Citag%2Cmm%2Cmn%2Cms%2Cmv%2Cpl%2Cplayback_host%2Crequiressl%2Csource%2Cexpire/id/2af39fb78d8a0355/key/yt6/mn/sn-4g57knz7/mm/31/as/fmp4_audio_clear%2Cfmp4_sd_hd_clear/ipbits/0/mt/1502203161/expire/1502224863", "width": null, "height": null, "tbr": 48.533, "asr": 22050, "fps": null, "language": null, "filesize": 1044833, "vcodec": "none", "format": "139 - audio only (DASH audio)", "protocol": "https", "http_headers": {"User-Agent": "Mozilla/5.0 (X11; Linux x86_64; rv:10.0) Gecko/20150101 Firefox/47.0 (Chrome)", "Accept-Charset": "ISO-8859-1,utf-8;q=0.7,*;q=0.7", "Accept": "text/html,application/xhtml+xml,application/xml;q=0.9,*/*;q=0.8", "Accept-Encoding": "gzip, deflate", "Accept-Language": "en-us,en;q=0.5"}}, {"format_id": "249", "url": "https://r16---sn-4g57knz7.googlevideo.com/videoplayback?key=yt6&ei=f82JWcnRFIjDc5OYsvgD&sparams=clen%2Cdur%2Cei%2Cgir%2Cid%2Cinitcwndbps%2Cip%2Cipbits%2Citag%2Ckeepalive%2Clmt%2Cmime%2Cmm%2Cmn%2Cms%2Cmv%2Cpl%2Crequiressl%2Csource%2Cexpire&id=o-AGTrktZv-QU7GLHygc8C55YZeeICtw-YN1uVelPcZtiz&ipbits=0&mt=1502203161&dur=175.441&mv=m&initcwndbps=4530000&ms=au&itag=249&mm=31&ip=131.159.40.117&mn=sn-4g57knz7&pl=16&expire=1502224863&lmt=1427540396466537&requiressl=yes&mime=audio%2Fwebm&gir=yes&keepalive=yes&clen=1128603&source=youtube&signature=3F3CCA835608193FCB659504E9E23F469E46889C.8B05CEA74832148E149888F443B28B2C940488A4&ratebypass=yes", "player_url": null, "ext": "webm", "format_note": "DASH audio", "acodec": "opus", "abr": 50, "filesize": 1128603, "tbr": 55.664, "vcodec": "none", "format": "249 - audio only (DASH audio)", "protocol": "https", "http_headers": {"User-Agent": "Mozilla/5.0 (X11; Linux x86_64; rv:10.0) Gecko/20150101 Firefox/47.0 (Chrome)", "Accept-Charset": "ISO-8859-1,utf-8;q=0.7,*;q=0.7", "Accept": "text/html,application/xhtml+xml,application/xml;q=0.9,*/*;q=0.8", "Accept-Encoding": "gzip, deflate", "Accept-Language": "en-us,en;q=0.5"}}, {"format_id": "250", "url": "https://r16---sn-4g57knz7.googlevideo.com/videoplayback?key=yt6&ei=f82JWcnRFIjDc5OYsvgD&sparams=clen%2Cdur%2Cei%2Cgir%2Cid%2Cinitcwndbps%2Cip%2Cipbits%2Citag%2Ckeepalive%2Clmt%2Cmime%2Cmm%2Cmn%2Cms%2Cmv%2Cpl%2Crequiressl%2Csource%2Cexpire&id=o-AGTrktZv-QU7GLHygc8C55YZeeICtw-YN1uVelPcZtiz&ipbits=0&mt=1502203161&dur=175.441&mv=m&initcwndbps=4530000&ms=au&itag=250&mm=31&ip=131.159.40.117&mn=sn-4g57knz7&pl=16&expire=1502224863&lmt=1427540396357702&requiressl=yes&mime=audio%2Fwebm&gir=yes&keepalive=yes&clen=1460937&source=youtube&signature=AD2EB06DC2D18706F198D9AD5BE21DA63BFAD097.ABD5B952CC7BD2A85A4E2B1BAFF5CC92F5C08B06&ratebypass=yes", "player_url": null, "ext": "webm", "format_note": "DASH audio", "acodec": "opus", "abr": 70, "filesize": 1460937, "tbr": 82.728, "vcodec": "none", "format": "250 - audio only (DASH audio)", "protocol": "https", "http_headers": {"User-Agent": "Mozilla/5.0 (X11; Linux x86_64; rv:10.0) Gecko/20150101 Firefox/47.0 (Chrome)", "Accept-Charset": "ISO-8859-1,utf-8;q=0.7,*;q=0.7", "Accept": "text/html,application/xhtml+xml,application/xml;q=0.9,*/*;q=0.8", "Accept-Encoding": "gzip, deflate", "Accept-Language": "en-us,en;q=0.5"}}, {"format_id": "171", "url": "https://r16---sn-4g57knz7.googlevideo.com/videoplayback?key=yt6&ei=f82JWcnRFIjDc5OYsvgD&sparams=clen%2Cdur%2Cei%2Cgir%2Cid%2Cinitcwndbps%2Cip%2Cipbits%2Citag%2Ckeepalive%2Clmt%2Cmime%2Cmm%2Cmn%2Cms%2Cmv%2Cpl%2Crequiressl%2Csource%2Cexpire&id=o-AGTrktZv-QU7GLHygc8C55YZeeICtw-YN1uVelPcZtiz&ipbits=0&mt=1502203161&dur=175.447&mv=m&initcwndbps=4530000&ms=au&itag=171&mm=31&ip=131.159.40.117&mn=sn-4g57knz7&pl=16&expire=1502224863&lmt=1427540394267866&requiressl=yes&mime=audio%2Fwebm&gir=yes&keepalive=yes&clen=1934540&source=youtube&signature=3A0D84BE4B1F8158B333D27D2DEDC42E9B710050.6446EA45167D3445F1509A33C9AE2A63B26962C1&ratebypass=yes", "player_url": null, "ext": "webm", "acodec": "vorbis", "format_note": "DASH audio", "abr": 128, "filesize": 1934540, "tbr": 104.131, "vcodec": "none", "format": "171 - audio only (DASH audio)", "protocol": "https", "http_headers": {"User-Agent": "Mozilla/5.0 (X11; Linux x86_64; rv:10.0) Gecko/20150101 Firefox/47.0 (Chrome)", "Accept-Charset": "ISO-8859-1,utf-8;q=0.7,*;q=0.7", "Accept": "text/html,application/xhtml+xml,application/xml;q=0.9,*/*;q=0.8", "Accept-Encoding": "gzip, deflate", "Accept-Language": "en-us,en;q=0.5"}}, {"ext": "m4a", "format_note": "DASH audio", "acodec": "mp4a.40.2", "abr": 128, "container": "m4a_dash", "format_id": "140", "url": "https://r16---sn-4g57knz7.googlevideo.com/videoplayback?id=2af39fb78d8a0355&itag=140&source=youtube&requiressl=yes&mv=m&ms=au&ei=f82JWYGaNNS6csf1pJgB&pl=16&initcwndbps=4530000&mn=sn-4g57knz7&mm=31&ratebypass=yes&mime=audio/mp4&gir=yes&clen=2788127&lmt=1381374101288633&dur=175.496&signature=9A2222A73F203B35F3C5A587E846D7D3DBD67D9B.97D9017A68C8BCCFEA649F2A7D9C908D0DC2236E&key=dg_yt0&mt=1502203161&ip=131.159.40.117&ipbits=0&expire=1502224863&sparams=ip,ipbits,expire,id,itag,source,requiressl,mv,ms,ei,pl,initcwndbps,mn,mm,ratebypass,mime,gir,clen,lmt,dur", "manifest_url": "https://manifest.googlevideo.com/api/manifest/dash/mv/m/signature/3CBBD8D4237A049DB6C090F326E6F8AB32D94B11.4BA45B3140DEC5CD9CE02A3AC6E39612441F16AD/ip/131.159.40.117/playback_host/r16---sn-4g57knz7.googlevideo.com/ms/au/requiressl/yes/ei/f82JWYGaNNS6csf1pJgB/source/youtube/pl/16/itag/0/initcwndbps/4530000/hfr/1/sparams/as%2Cei%2Chfr%2Cid%2Cinitcwndbps%2Cip%2Cipbits%2Citag%2Cmm%2Cmn%2Cms%2Cmv%2Cpl%2Cplayback_host%2Crequiressl%2Csource%2Cexpire/id/2af39fb78d8a0355/key/yt6/mn/sn-4g57knz7/mm/31/as/fmp4_audio_clear%2Cfmp4_sd_hd_clear/ipbits/0/mt/1502203161/expire/1502224863", "width": null, "height": null, "tbr": 128.025, "asr": 44100, "fps": null, "language": null, "filesize": 2788127, "vcodec": "none", "format": "140 - audio only (DASH audio)", "protocol": "https", "http_headers": {"User-Agent": "Mozilla/5.0 (X11; Linux x86_64; rv:10.0) Gecko/20150101 Firefox/47.0 (Chrome)", "Accept-Charset": "ISO-8859-1,utf-8;q=0.7,*;q=0.7", "Accept": "text/html,application/xhtml+xml,application/xml;q=0.9,*/*;q=0.8", "Accept-Encoding": "gzip, deflate", "Accept-Language": "en-us,en;q=0.5"}}, {"format_id": "251", "url": "https://r16---sn-4g57knz7.googlevideo.com/videoplayback?key=yt6&ei=f82JWcnRFIjDc5OYsvgD&sparams=clen%2Cdur%2Cei%2Cgir%2Cid%2Cinitcwndbps%2Cip%2Cipbits%2Citag%2Ckeepalive%2Clmt%2Cmime%2Cmm%2Cmn%2Cms%2Cmv%2Cpl%2Crequiressl%2Csource%2Cexpire&id=o-AGTrktZv-QU7GLHygc8C55YZeeICtw-YN1uVelPcZtiz&ipbits=0&mt=1502203161&dur=175.441&mv=m&initcwndbps=4530000&ms=au&itag=251&mm=31&ip=131.159.40.117&mn=sn-4g57knz7&pl=16&expire=1502224863&lmt=1427540392265074&requiressl=yes&mime=audio%2Fwebm&gir=yes&keepalive=yes&clen=4283349&source=youtube&signature=7BA3CD7625642FCC9975DA2805BA95D01B2F0D8C.5223D586073356ECF4F987B9F906B8DBC2AC2C60&ratebypass=yes", "player_url": null, "ext": "webm", "format_note": "DASH audio", "acodec": "opus", "abr": 160, "filesize": 4283349, "tbr": 209.615, "vcodec": "none", "format": "251 - audio only (DASH audio)", "protocol": "https", "http_headers": {"User-Agent": "Mozilla/5.0 (X11; Linux x86_64; rv:10.0) Gecko/20150101 Firefox/47.0 (Chrome)", "Accept-Charset": "ISO-8859-1,utf-8;q=0.7,*;q=0.7", "Accept": "text/html,application/xhtml+xml,application/xml;q=0.9,*/*;q=0.8", "Accept-Encoding": "gzip, deflate", "Accept-Language": "en-us,en;q=0.5"}}, {"ext": "mp4", "height": 144, "format_note": "DASH video", "vcodec": "avc1.42c00c", "format_id": "160", "url": "https://r16---sn-4g57knz7.googlevideo.com/videoplayback?id=2af39fb78d8a0355&itag=160&source=youtube&requiressl=yes&mv=m&ms=au&ei=f82JWYGaNNS6csf1pJgB&pl=16&initcwndbps=4530000&mn=sn-4g57knz7&mm=31&ratebypass=yes&mime=video/mp4&gir=yes&clen=2430716&lmt=1381374103356938&dur=175.400&signature=4529985396FD5877D8B820EF5AD35A272861E4E8.16D4CEF11CB7D04CE4EF94A6AA53E9DF52395552&key=dg_yt0&mt=1502203161&ip=131.159.40.117&ipbits=0&expire=1502224863&sparams=ip,ipbits,expire,id,itag,source,requiressl,mv,ms,ei,pl,initcwndbps,mn,mm,ratebypass,mime,gir,clen,lmt,dur", "manifest_url": "https://manifest.googlevideo.com/api/manifest/dash/mv/m/signature/3CBBD8D4237A049DB6C090F326E6F8AB32D94B11.4BA45B3140DEC5CD9CE02A3AC6E39612441F16AD/ip/131.159.40.117/playback_host/r16---sn-4g57knz7.googlevideo.com/ms/au/requiressl/yes/ei/f82JWYGaNNS6csf1pJgB/source/youtube/pl/16/itag/0/initcwndbps/4530000/hfr/1/sparams/as%2Cei%2Chfr%2Cid%2Cinitcwndbps%2Cip%2Cipbits%2Citag%2Cmm%2Cmn%2Cms%2Cmv%2Cpl%2Cplayback_host%2Crequiressl%2Csource%2Cexpire/id/2af39fb78d8a0355/key/yt6/mn/sn-4g57knz7/mm/31/as/fmp4_audio_clear%2Cfmp4_sd_hd_clear/ipbits/0/mt/1502203161/expire/1502224863", "width": 192, "tbr": 116.596, "asr": null, "fps": 15, "language": null, "filesize": 2430716, "acodec": "none", "format": "160 - 192x144 (DASH video)", "protocol": "https", "http_headers": {"User-Agent": "Mozilla/5.0 (X11; Linux x86_64; rv:10.0) Gecko/20150101 Firefox/47.0 (Chrome)", "Accept-Charset": "ISO-8859-1,utf-8;q=0.7,*;q=0.7", "Accept": "text/html,application/xhtml+xml,application/xml;q=0.9,*/*;q=0.8", "Accept-Encoding": "gzip, deflate", "Accept-Language": "en-us,en;q=0.5"}}, {"format_id": "278", "url": "https://r16---sn-4g57knz7.googlevideo.com/videoplayback?key=yt6&ei=f82JWcnRFIjDc5OYsvgD&sparams=clen%2Cdur%2Cei%2Cgir%2Cid%2Cinitcwndbps%2Cip%2Cipbits%2Citag%2Ckeepalive%2Clmt%2Cmime%2Cmm%2Cmn%2Cms%2Cmv%2Cpl%2Crequiressl%2Csource%2Cexpire&id=o-AGTrktZv-QU7GLHygc8C55YZeeICtw-YN1uVelPcZtiz&ipbits=0&mt=1502203161&dur=175.440&mv=m&initcwndbps=4530000&ms=au&itag=278&mm=31&ip=131.159.40.117&mn=sn-4g57knz7&pl=16&expire=1502224863&lmt=1427540463143447&requiressl=yes&mime=video%2Fwebm&gir=yes&keepalive=yes&clen=1602344&source=youtube&signature=445310ECDC398D81DBDE3D2E601E4D522316393B.A18B4D9EF06271814CE102F3E1F427C4AA5F0D3C&ratebypass=yes", "player_url": null, "ext": "webm", "height": 144, "format_note": "144p", "container": "webm", "vcodec": "vp9", "filesize": 1602344, "tbr": 146.0, "width": 192, "fps": 13, "acodec": "none", "format": "278 - 192x144 (144p)", "protocol": "https", "http_headers": {"User-Agent": "Mozilla/5.0 (X11; Linux x86_64; rv:10.0) Gecko/20150101 Firefox/47.0 (Chrome)", "Accept-Charset": "ISO-8859-1,utf-8;q=0.7,*;q=0.7", "Accept": "text/html,application/xhtml+xml,application/xml;q=0.9,*/*;q=0.8", "Accept-Encoding": "gzip, deflate", "Accept-Language": "en-us,en;q=0.5"}}, {"ext": "mp4", "height": 240, "format_note": "DASH video", "vcodec": "avc1.4d400d", "format_id": "133", "url": "https://r16---sn-4g57knz7.googlevideo.com/videoplayback?id=2af39fb78d8a0355&itag=133&source=youtube&requiressl=yes&mv=m&ms=au&ei=f82JWYGaNNS6csf1pJgB&pl=16&initcwndbps=4530000&mn=sn-4g57knz7&mm=31&ratebypass=yes&mime=video/mp4&gir=yes&clen=5364432&lmt=1381374103356943&dur=175.400&signature=26691B4FA16B305253B193AB40059D2038EE5472.7A61CB6A91AEC03BECF790B0756845D2665648E5&key=dg_yt0&mt=1502203161&ip=131.159.40.117&ipbits=0&expire=1502224863&sparams=ip,ipbits,expire,id,itag,source,requiressl,mv,ms,ei,pl,initcwndbps,mn,mm,ratebypass,mime,gir,clen,lmt,dur", "manifest_url": "https://manifest.googlevideo.com/api/manifest/dash/mv/m/signature/3CBBD8D4237A049DB6C090F326E6F8AB32D94B11.4BA45B3140DEC5CD9CE02A3AC6E39612441F16AD/ip/131.159.40.117/playback_host/r16---sn-4g57knz7.googlevideo.com/ms/au/requiressl/yes/ei/f82JWYGaNNS6csf1pJgB/source/youtube/pl/16/itag/0/initcwndbps/4530000/hfr/1/sparams/as%2Cei%2Chfr%2Cid%2Cinitcwndbps%2Cip%2Cipbits%2Citag%2Cmm%2Cmn%2Cms%2Cmv%2Cpl%2Cplayback_host%2Crequiressl%2Csource%2Cexpire/id/2af39fb78d8a0355/key/yt6/mn/sn-4g57knz7/mm/31/as/fmp4_audio_clear%2Cfmp4_sd_hd_clear/ipbits/0/mt/1502203161/expire/1502224863", "width": 320, "tbr": 249.714, "asr": null, "fps": 25, "language": null, "filesize": 5364432, "acodec": "none", "format": "133 - 320x240 (DASH video)", "protocol": "https", "http_headers": {"User-Agent": "Mozilla/5.0 (X11; Linux x86_64; rv:10.0) Gecko/20150101 Firefox/47.0 (Chrome)", "Accept-Charset": "ISO-8859-1,utf-8;q=0.7,*;q=0.7", "Accept": "text/html,application/xhtml+xml,application/xml;q=0.9,*/*;q=0.8", "Accept-Encoding": "gzip, deflate", "Accept-Language": "en-us,en;q=0.5"}}, {"format_id": "242", "url": "https://r16---sn-4g57knz7.googlevideo.com/videoplayback?key=yt6&ei=f82JWcnRFIjDc5OYsvgD&sparams=clen%2Cdur%2Cei%2Cgir%2Cid%2Cinitcwndbps%2Cip%2Cipbits%2Citag%2Ckeepalive%2Clmt%2Cmime%2Cmm%2Cmn%2Cms%2Cmv%2Cpl%2Crequiressl%2Csource%2Cexpire&id=o-AGTrktZv-QU7GLHygc8C55YZeeICtw-YN1uVelPcZtiz&ipbits=0&mt=1502203161&dur=175.400&mv=m&initcwndbps=4530000&ms=au&itag=242&mm=31&ip=131.159.40.117&mn=sn-4g57knz7&pl=16&expire=1502224863&lmt=1427540423600156&requiressl=yes&mime=video%2Fwebm&gir=yes&keepalive=yes&clen=4188155&source=youtube&signature=9A62C5A32713B9D1D6DEC283E3848FD1A445B745.C0A1050E7EF1B8CF55A1E7ACAB105614C533374D&ratebypass=yes", "player_url": null, "ext": "webm", "height": 240, "format_note": "240p", "vcodec": "vp9", "filesize": 4188155, "tbr": 256.809, "width": 320, "fps": 25, "acodec": "none", "format": "242 - 320x240 (240p)", "protocol": "https", "http_headers": {"User-Agent": "Mozilla/5.0 (X11; Linux x86_64; rv:10.0) Gecko/20150101 Firefox/47.0 (Chrome)", "Accept-Charset": "ISO-8859-1,utf-8;q=0.7,*;q=0.7", "Accept": "text/html,application/xhtml+xml,application/xml;q=0.9,*/*;q=0.8", "Accept-Encoding": "gzip, deflate", "Accept-Language": "en-us,en;q=0.5"}}, {"format_id": "243", "url": "https://r16---sn-4g57knz7.googlevideo.com/videoplayback?key=yt6&ei=f82JWcnRFIjDc5OYsvgD&sparams=clen%2Cdur%2Cei%2Cgir%2Cid%2Cinitcwndbps%2Cip%2Cipbits%2Citag%2Ckeepalive%2Clmt%2Cmime%2Cmm%2Cmn%2Cms%2Cmv%2Cpl%2Crequiressl%2Csource%2Cexpire&id=o-AGTrktZv-QU7GLHygc8C55YZeeICtw-YN1uVelPcZtiz&ipbits=0&mt=1502203161&dur=175.400&mv=m&initcwndbps=4530000&ms=au&itag=243&mm=31&ip=131.159.40.117&mn=sn-4g57knz7&pl=16&expire=1502224863&lmt=1427540463817796&requiressl=yes&mime=video%2Fwebm&gir=yes&keepalive=yes&clen=7531997&source=youtube&signature=28198FAC6153E07ACFA2CBF94CF6063870A3E55A.30FDD58EC0771D60CF8101800B0AC8FD2BA55B6B&ratebypass=yes", "player_url": null, "ext": "webm", "height": 360, "format_note": "360p", "vcodec": "vp9", "filesize": 7531997, "tbr": 458.525, "width": 480, "fps": 25, "acodec": "none", "format": "243 - 480x360 (360p)", "protocol": "https", "http_headers": {"User-Agent": "Mozilla/5.0 (X11; Linux x86_64; rv:10.0) Gecko/20150101 Firefox/47.0 (Chrome)", "Accept-Charset": "ISO-8859-1,utf-8;q=0.7,*;q=0.7", "Accept": "text/html,application/xhtml+xml,application/xml;q=0.9,*/*;q=0.8", "Accept-Encoding": "gzip, deflate", "Accept-Language": "en-us,en;q=0.5"}}, {"ext": "mp4", "height": 360, "format_note": "DASH video", "vcodec": "avc1.4d4015", "format_id": "134", "url": "https://r16---sn-4g57knz7.googlevideo.com/videoplayback?id=2af39fb78d8a0355&itag=134&source=youtube&requiressl=yes&mv=m&ms=au&ei=f82JWYGaNNS6csf1pJgB&pl=16&initcwndbps=4530000&mn=sn-4g57knz7&mm=31&ratebypass=yes&mime=video/mp4&gir=yes&clen=10614489&lmt=1381374104417682&dur=175.400&signature=3DC1E3B3A8F12C943FF3C787FE704A549E5B4F3D.28AC2E4AF95B0D869B58392BC9637D8619118A6C&key=dg_yt0&mt=1502203161&ip=131.159.40.117&ipbits=0&expire=1502224863&sparams=ip,ipbits,expire,id,itag,source,requiressl,mv,ms,ei,pl,initcwndbps,mn,mm,ratebypass,mime,gir,clen,lmt,dur", "manifest_url": "https://manifest.googlevideo.com/api/manifest/dash/mv/m/signature/3CBBD8D4237A049DB6C090F326E6F8AB32D94B11.4BA45B3140DEC5CD9CE02A3AC6E39612441F16AD/ip/131.159.40.117/playback_host/r16---sn-4g57knz7.googlevideo.com/ms/au/requiressl/yes/ei/f82JWYGaNNS6csf1pJgB/source/youtube/pl/16/itag/0/initcwndbps/4530000/hfr/1/sparams/as%2Cei%2Chfr%2Cid%2Cinitcwndbps%2Cip%2Cipbits%2Citag%2Cmm%2Cmn%2Cms%2Cmv%2Cpl%2Cplayback_host%2Crequiressl%2Csource%2Cexpire/id/2af39fb78d8a0355/key/yt6/mn/sn-4g57knz7/mm/31/as/fmp4_audio_clear%2Cfmp4_sd_hd_clear/ipbits/0/mt/1502203161/expire/1502224863", "width": 480, "tbr": 605.602, "asr": null, "fps": 25, "language": null, "filesize": 10614489, "acodec": "none", "format": "134 - 480x360 (DASH video)", "protocol": "https", "http_headers": {"User-Agent": "Mozilla/5.0 (X11; Linux x86_64; rv:10.0) Gecko/20150101 Firefox/47.0 (Chrome)", "Accept-Charset": "ISO-8859-1,utf-8;q=0.7,*;q=0.7", "Accept": "text/html,application/xhtml+xml,application/xml;q=0.9,*/*;q=0.8", "Accept-Encoding": "gzip, deflate", "Accept-Language": "en-us,en;q=0.5"}}, {"format_id": "244", "url": "https://r16---sn-4g57knz7.googlevideo.com/videoplayback?key=yt6&ei=f82JWcnRFIjDc5OYsvgD&sparams=clen%2Cdur%2Cei%2Cgir%2Cid%2Cinitcwndbps%2Cip%2Cipbits%2Citag%2Ckeepalive%2Clmt%2Cmime%2Cmm%2Cmn%2Cms%2Cmv%2Cpl%2Crequiressl%2Csource%2Cexpire&id=o-AGTrktZv-QU7GLHygc8C55YZeeICtw-YN1uVelPcZtiz&ipbits=0&mt=1502203161&dur=175.400&mv=m&initcwndbps=4530000&ms=au&itag=244&mm=31&ip=131.159.40.117&mn=sn-4g57knz7&pl=16&expire=1502224863&lmt=1427540483709605&requiressl=yes&mime=video%2Fwebm&gir=yes&keepalive=yes&clen=14219009&source=youtube&signature=C69A1550E8FA9F2D9E11851657E124E8B1AEA058.5B952AE85F024409BB301411E7D837B2292AEED4&ratebypass=yes", "player_url": null, "ext": "webm", "height": 480, "format_note": "480p", "vcodec": "vp9", "filesize": 14219009, "tbr": 896.954, "width": 640, "fps": 25, "acodec": "none", "format": "244 - 640x480 (480p)", "protocol": "https", "http_headers": {"User-Agent": "Mozilla/5.0 (X11; Linux x86_64; rv:10.0) Gecko/20150101 Firefox/47.0 (Chrome)", "Accept-Charset": "ISO-8859-1,utf-8;q=0.7,*;q=0.7", "Accept": "text/html,application/xhtml+xml,application/xml;q=0.9,*/*;q=0.8", "Accept-Encoding": "gzip, deflate", "Accept-Language": "en-us,en;q=0.5"}}, {"ext": "mp4", "height": 480, "format_note": "DASH video", "vcodec": "avc1.4d401e", "format_id": "135", "url": "https://r16---sn-4g57knz7.googlevideo.com/videoplayback?id=2af39fb78d8a0355&itag=135&source=youtube&requiressl=yes&mv=m&ms=au&ei=f82JWYGaNNS6csf1pJgB&pl=16&initcwndbps=4530000&mn=sn-4g57knz7&mm=31&ratebypass=yes&mime=video/mp4&gir=yes&clen=20341439&lmt=1381374106468768&dur=175.400&signature=5E0BE6E4A4B941548422FA13A7EFA8D144247853.8AD16192173F5761662F4E964712E0C526F212CA&key=dg_yt0&mt=1502203161&ip=131.159.40.117&ipbits=0&expire=1502224863&sparams=ip,ipbits,expire,id,itag,source,requiressl,mv,ms,ei,pl,initcwndbps,mn,mm,ratebypass,mime,gir,clen,lmt,dur", "manifest_url": "https://manifest.googlevideo.com/api/manifest/dash/mv/m/signature/3CBBD8D4237A049DB6C090F326E6F8AB32D94B11.4BA45B3140DEC5CD9CE02A3AC6E39612441F16AD/ip/131.159.40.117/playback_host/r16---sn-4g57knz7.googlevideo.com/ms/au/requiressl/yes/ei/f82JWYGaNNS6csf1pJgB/source/youtube/pl/16/itag/0/initcwndbps/4530000/hfr/1/sparams/as%2Cei%2Chfr%2Cid%2Cinitcwndbps%2Cip%2Cipbits%2Citag%2Cmm%2Cmn%2Cms%2Cmv%2Cpl%2Cplayback_host%2Crequiressl%2Csource%2Cexpire/id/2af39fb78d8a0355/key/yt6/mn/sn-4g57knz7/mm/31/as/fmp4_audio_clear%2Cfmp4_sd_hd_clear/ipbits/0/mt/1502203161/expire/1502224863", "width": 640, "tbr": 1122.249, "asr": null, "fps": 25, "language": null, "filesize": 20341439, "acodec": "none", "format": "135 - 640x480 (DASH video)", "protocol": "https", "http_headers": {"User-Agent": "Mozilla/5.0 (X11; Linux x86_64; rv:10.0) Gecko/20150101 Firefox/47.0 (Chrome)", "Accept-Charset": "ISO-8859-1,utf-8;q=0.7,*;q=0.7", "Accept": "text/html,application/xhtml+xml,application/xml;q=0.9,*/*;q=0.8", "Accept-Encoding": "gzip, deflate", "Accept-Language": "en-us,en;q=0.5"}}, {"format_id": "17", "url": "https://r16---sn-4g57knz7.googlevideo.com/videoplayback?key=yt6&ei=f82JWcnRFIjDc5OYsvgD&sparams=clen%2Cdur%2Cei%2Cgir%2Cid%2Cinitcwndbps%2Cip%2Cipbits%2Citag%2Clmt%2Cmime%2Cmm%2Cmn%2Cms%2Cmv%2Cpl%2Crequiressl%2Csource%2Cexpire&id=o-AGTrktZv-QU7GLHygc8C55YZeeICtw-YN1uVelPcZtiz&ipbits=0&mt=1502203161&dur=175.821&mv=m&initcwndbps=4530000&ms=au&itag=17&mm=31&ip=131.159.40.117&mn=sn-4g57knz7&pl=16&expire=1502224863&lmt=1381374126120864&requiressl=yes&mime=video%2F3gpp&gir=yes&clen=1803127&source=youtube&signature=AD18C23CAF246E7BFD219FD89419EDE0FA1443F5.653C5F9BD283229BB2DF824798983F6DECBA2C31&ratebypass=yes", "player_url": null, "ext": "3gp", "width": 176, "height": 144, "acodec": "mp4a.40.2", "abr": 24, "vcodec": "mp4v.20.3", "resolution": "176x144", "format_note": "small", "format": "17 - 176x144 (small)", "protocol": "https", "http_headers": {"User-Agent": "Mozilla/5.0 (X11; Linux x86_64; rv:10.0) Gecko/20150101 Firefox/47.0 (Chrome)", "Accept-Charset": "ISO-8859-1,utf-8;q=0.7,*;q=0.7", "Accept": "text/html,application/xhtml+xml,application/xml;q=0.9,*/*;q=0.8", "Accept-Encoding": "gzip, deflate", "Accept-Language": "en-us,en;q=0.5"}}, {"format_id": "36", "url": "https://r16---sn-4g57knz7.googlevideo.com/videoplayback?key=yt6&ei=f82JWcnRFIjDc5OYsvgD&sparams=clen%2Cdur%2Cei%2Cgir%2Cid%2Cinitcwndbps%2Cip%2Cipbits%2Citag%2Clmt%2Cmime%2Cmm%2Cmn%2Cms%2Cmv%2Cpl%2Crequiressl%2Csource%2Cexpire&id=o-AGTrktZv-QU7GLHygc8C55YZeeICtw-YN1uVelPcZtiz&ipbits=0&mt=1502203161&dur=175.636&mv=m&initcwndbps=4530000&ms=au&itag=36&mm=31&ip=131.159.40.117&mn=sn-4g57knz7&pl=16&expire=1502224863&lmt=1381374143713967&requiressl=yes&mime=video%2F3gpp&gir=yes&clen=4963502&source=youtube&signature=E3231988122078513887863F8D3003E033590AAD.1D54A2C48DEC91C79AF7A6271190336A78A716A0&ratebypass=yes", "player_url": null, "ext": "3gp", "width": 320, "acodec": "mp4a.40.2", "vcodec": "mp4v.20.3", "resolution": "320x240", "height": 240, "format_note": "small", "format": "36 - 320x240 (small)", "protocol": "https", "http_headers": {"User-Agent": "Mozilla/5.0 (X11; Linux x86_64; rv:10.0) Gecko/20150101 Firefox/47.0 (Chrome)", "Accept-Charset": "ISO-8859-1,utf-8;q=0.7,*;q=0.7", "Accept": "text/html,application/xhtml+xml,application/xml;q=0.9,*/*;q=0.8", "Accept-Encoding": "gzip, deflate", "Accept-Language": "en-us,en;q=0.5"}}, {"format_id": "18", "url": "https://r16---sn-4g57knz7.googlevideo.com/videoplayback?key=yt6&ei=f82JWcnRFIjDc5OYsvgD&sparams=clen%2Cdur%2Cei%2Cgir%2Cid%2Cinitcwndbps%2Cip%2Cipbits%2Citag%2Clmt%2Cmime%2Cmm%2Cmn%2Cms%2Cmv%2Cpl%2Cratebypass%2Crequiressl%2Csource%2Cexpire&id=o-AGTrktZv-QU7GLHygc8C55YZeeICtw-YN1uVelPcZtiz&ipbits=0&mt=1502203161&dur=175.496&mv=m&initcwndbps=4530000&ms=au&itag=18&mm=31&ip=131.159.40.117&mn=sn-4g57knz7&pl=16&expire=1502224863&ratebypass=yes&lmt=1381374114737828&requiressl=yes&mime=video%2Fmp4&gir=yes&clen=13336600&source=youtube&signature=833E3578E68AA63A668B3CAAE70CECEDE4D48C59.C66F36A89B054AC577A1EBAFB0E7014A4C4A6A20", "player_url": null, "ext": "mp4", "width": 480, "height": 360, "acodec": "mp4a.40.2", "abr": 96, "vcodec": "avc1.42001E", "resolution": "480x360", "format_note": "medium", "format": "18 - 480x360 (medium)", "protocol": "https", "http_headers": {"User-Agent": "Mozilla/5.0 (X11; Linux x86_64; rv:10.0) Gecko/20150101 Firefox/47.0 (Chrome)", "Accept-Charset": "ISO-8859-1,utf-8;q=0.7,*;q=0.7", "Accept": "text/html,application/xhtml+xml,application/xml;q=0.9,*/*;q=0.8", "Accept-Encoding": "gzip, deflate", "Accept-Language": "en-us,en;q=0.5"}}, {"format_id": "43", "url": "https://r16---sn-4g57knz7.googlevideo.com/videoplayback?key=yt6&ei=f82JWcnRFIjDc5OYsvgD&sparams=clen%2Cdur%2Cei%2Cgir%2Cid%2Cinitcwndbps%2Cip%2Cipbits%2Citag%2Clmt%2Cmime%2Cmm%2Cmn%2Cms%2Cmv%2Cpl%2Cratebypass%2Crequiressl%2Csource%2Cexpire&id=o-AGTrktZv-QU7GLHygc8C55YZeeICtw-YN1uVelPcZtiz&ipbits=0&mt=1502203161&dur=0.000&mv=m&initcwndbps=4530000&ms=au&itag=43&mm=31&ip=131.159.40.117&mn=sn-4g57knz7&pl=16&expire=1502224863&ratebypass=yes&lmt=1381322149569717&requiressl=yes&mime=video%2Fwebm&gir=yes&clen=16678986&source=youtube&signature=7BAD45C4D508F9573118AFEF2C56847A5C379AEB.692016A4292E4B62E4A0D6647E70988A5F00D0ED", "player_url": null, "ext": "webm", "width": 640, "height": 360, "acodec": "vorbis", "abr": 128, "vcodec": "vp8.0", "resolution": "640x360", "format_note": "medium", "format": "43 - 640x360 (medium)", "protocol": "https", "http_headers": {"User-Agent": "Mozilla/5.0 (X11; Linux x86_64; rv:10.0) Gecko/20150101 Firefox/47.0 (Chrome)", "Accept-Charset": "ISO-8859-1,utf-8;q=0.7,*;q=0.7", "Accept": "text/html,application/xhtml+xml,application/xml;q=0.9,*/*;q=0.8", "Accept-Encoding": "gzip, deflate", "Accept-Language": "en-us,en;q=0.5"}}], "is_live": null, "start_time": null, "end_time": null, "series": null, "season_number": null, "episode_number": null, "extractor": "youtube", "webpage_url_basename": "KvOft42KA1U", "extractor_key": "Youtube", "playlist": null, "playlist_index": null, "thumbnails": [{"url": "https://i.ytimg.com/vi/KvOft42KA1U/hqdefault.jpg", "id": "0"}], "display_id": "KvOft42KA1U", "ext": "mp4", "height": 480, "format_note": "DASH video", "vcodec": "avc1.4d401e", "format_id": "135", "url": "https://r16---sn-4g57knz7.googlevideo.com/videoplayback?id=2af39fb78d8a0355&itag=135&source=youtube&requiressl=yes&mv=m&ms=au&ei=f82JWYGaNNS6csf1pJgB&pl=16&initcwndbps=4530000&mn=sn-4g57knz7&mm=31&ratebypass=yes&mime=video/mp4&gir=yes&clen=20341439&lmt=1381374106468768&dur=175.400&signature=5E0BE6E4A4B941548422FA13A7EFA8D144247853.8AD16192173F5761662F4E964712E0C526F212CA&key=dg_yt0&mt=1502203161&ip=131.159.40.117&ipbits=0&expire=1502224863&sparams=ip,ipbits,expire,id,itag,source,requiressl,mv,ms,ei,pl,initcwndbps,mn,mm,ratebypass,mime,gir,clen,lmt,dur", "manifest_url": "https://manifest.googlevideo.com/api/manifest/dash/mv/m/signature/3CBBD8D4237A049DB6C090F326E6F8AB32D94B11.4BA45B3140DEC5CD9CE02A3AC6E39612441F16AD/ip/131.159.40.117/playback_host/r16---sn-4g57knz7.googlevideo.com/ms/au/requiressl/yes/ei/f82JWYGaNNS6csf1pJgB/source/youtube/pl/16/itag/0/initcwndbps/4530000/hfr/1/sparams/as%2Cei%2Chfr%2Cid%2Cinitcwndbps%2Cip%2Cipbits%2Citag%2Cmm%2Cmn%2Cms%2Cmv%2Cpl%2Cplayback_host%2Crequiressl%2Csource%2Cexpire/id/2af39fb78d8a0355/key/yt6/mn/sn-4g57knz7/mm/31/as/fmp4_audio_clear%2Cfmp4_sd_hd_clear/ipbits/0/mt/1502203161/expire/1502224863", "width": 640, "tbr": 1122.249, "asr": null, "fps": 25, "language": null, "filesize": 20341439, "acodec": "none", "format": "135 - 640x480 (DASH video)", "protocol": "https", "http_headers": {"User-Agent": "Mozilla/5.0 (X11; Linux x86_64; rv:10.0) Gecko/20150101 Firefox/47.0 (Chrome)", "Accept-Charset": "ISO-8859-1,utf-8;q=0.7,*;q=0.7", "Accept": "text/html,application/xhtml+xml,application/xml;q=0.9,*/*;q=0.8", "Accept-Encoding": "gzip, deflate", "Accept-Language": "en-us,en;q=0.5"}, "fulltitle": "\u0648\u0643\u0627\u0644\u0627\u062a \u0623\u0633\u0641\u0627\u0631 \u062a\u062d\u062a\u0627\u0644 \u0639\u0644\u0649 \u0627\u0644\u062d\u062c\u0627\u062c", "_filename": "KvOft42KA1U.mp4"}