{"id": "-PMjPTgYiuE", "uploader": "Amsawad", "uploader_id": "videonadorcity", "uploader_url": "http://www.youtube.com/user/videonadorcity", "upload_date": "20120910", "license": "Standard YouTube License", "creator": null, "title": "\u062a\u0635\u0628\u064a\u0631 \u0627\u0644\u0632\u064a\u062a\u0648\u0646 \u0648\u062a\u0644\u0648\u062b \u0627\u0644\u0628\u064a\u0626\u0629", "alt_title": null, "thumbnail": "https://i.ytimg.com/vi/-PMjPTgYiuE/hqdefault.jpg", "description": "", "categories": ["News & Politics"], "tags": ["\u062a\u0635\u0628\u064a\u0631", "\u0627\u0644\u0632\u064a\u062a\u0648\u0646", "\u0648\u062a\u0644\u0648\u062b", "\u0627\u0644\u0628\u064a\u0626\u0629"], "subtitles": {}, "automatic_captions": {}, "duration": 149, "age_limit": 0, "annotations": null, "chapters": null, "webpage_url": "https://www.youtube.com/watch?v=-PMjPTgYiuE", "view_count": 2067, "like_count": 0, "dislike_count": 0, "average_rating": 0.0, "formats": [{"ext": "m4a", "format_note": "DASH audio", "acodec": "mp4a.40.5", "abr": 48, "container": "m4a_dash", "format_id": "139", "url": "https://r5---sn-4g5e6ne6.googlevideo.com/videoplayback?id=f8f3233d38188ae1&itag=139&source=youtube&requiressl=yes&mn=sn-4g5e6ne6&ms=au&mv=m&ei=UqeJWf6NA83QV_qfjfAB&pl=16&mm=31&initcwndbps=4153750&ratebypass=yes&mime=audio/mp4&gir=yes&clen=887383&lmt=1384529984368999&dur=149.118&key=dg_yt0&signature=39A2C2FABA664EC915B10949AED576AAA380856C.1516AF1F446A2E2408B3ECB730992234B2C33AA8&mt=1502193371&ip=131.159.40.117&ipbits=0&expire=1502215090&sparams=ip,ipbits,expire,id,itag,source,requiressl,mn,ms,mv,ei,pl,mm,initcwndbps,ratebypass,mime,gir,clen,lmt,dur", "manifest_url": "https://manifest.googlevideo.com/api/manifest/dash/id/f8f3233d38188ae1/key/yt6/mn/sn-4g5e6ne6/expire/1502215090/sparams/as%2Cei%2Chfr%2Cid%2Cinitcwndbps%2Cip%2Cipbits%2Citag%2Cmm%2Cmn%2Cms%2Cmv%2Cpl%2Cplayback_host%2Crequiressl%2Csource%2Cexpire/source/youtube/itag/0/ms/au/playback_host/r5---sn-4g5e6ne6.googlevideo.com/signature/93366FC55002F3F4F7EFD6CB753D548D36E3EB52.38E2EBD75C54F9054D1FC20FB0BE34F408C924AA/mv/m/ei/UqeJWf6NA83QV_qfjfAB/pl/16/ipbits/0/mm/31/hfr/1/initcwndbps/4153750/ip/131.159.40.117/requiressl/yes/mt/1502193371/as/fmp4_audio_clear%2Cfmp4_sd_hd_clear", "width": null, "height": null, "tbr": 48.468, "asr": 22050, "fps": null, "language": null, "filesize": 887383, "vcodec": "none", "format": "139 - audio only (DASH audio)", "protocol": "https", "http_headers": {"User-Agent": "Mozilla/5.0 (X11; Linux x86_64; rv:10.0) Gecko/20150101 Firefox/47.0 (Chrome)", "Accept-Charset": "ISO-8859-1,utf-8;q=0.7,*;q=0.7", "Accept": "text/html,application/xhtml+xml,application/xml;q=0.9,*/*;q=0.8", "Accept-Encoding": "gzip, deflate", "Accept-Language": "en-us,en;q=0.5"}}, {"format_id": "249", "url": "https://r5---sn-4g5e6ne6.googlevideo.com/videoplayback?pl=16&mime=audio%2Fwebm&clen=951799&expire=1502215089&ip=131.159.40.117&key=yt6&lmt=1444171326203544&dur=149.001&source=youtube&signature=04895F2154D22159A02C27A518F4BEC82029FC20.C2E5F8369A698A42C0C146C860CE74FC1463220A&gir=yes&requiressl=yes&ipbits=0&id=o-AKmf5Sy_dEZJFKmeD7A1mSIdCPcRKfGZajd1s6tNFQGs&ei=UaeJWc2kIcjQV9TFq7gH&mn=sn-4g5e6ne6&mm=31&keepalive=yes&sparams=clen%2Cdur%2Cei%2Cgir%2Cid%2Cinitcwndbps%2Cip%2Cipbits%2Citag%2Ckeepalive%2Clmt%2Cmime%2Cmm%2Cmn%2Cms%2Cmv%2Cpl%2Crequiressl%2Csource%2Cexpire&ms=au&itag=249&initcwndbps=4153750&mv=m&mt=1502193371&ratebypass=yes", "player_url": null, "ext": "webm", "format_note": "DASH audio", "acodec": "opus", "abr": 50, "filesize": 951799, "tbr": 52.208, "vcodec": "none", "format": "249 - audio only (DASH audio)", "protocol": "https", "http_headers": {"User-Agent": "Mozilla/5.0 (X11; Linux x86_64; rv:10.0) Gecko/20150101 Firefox/47.0 (Chrome)", "Accept-Charset": "ISO-8859-1,utf-8;q=0.7,*;q=0.7", "Accept": "text/html,application/xhtml+xml,application/xml;q=0.9,*/*;q=0.8", "Accept-Encoding": "gzip, deflate", "Accept-Language": "en-us,en;q=0.5"}}, {"format_id": "250", "url": "https://r5---sn-4g5e6ne6.googlevideo.com/videoplayback?pl=16&mime=audio%2Fwebm&clen=1245136&expire=1502215089&ip=131.159.40.117&key=yt6&lmt=1444171320173944&dur=149.001&source=youtube&signature=475FCB9096CE50A9EFD2C9939A92A034FA4CE258.D37F83EA237806D25EAC5938ACD73BAED8DB34F0&gir=yes&requiressl=yes&ipbits=0&id=o-AKmf5Sy_dEZJFKmeD7A1mSIdCPcRKfGZajd1s6tNFQGs&ei=UaeJWc2kIcjQV9TFq7gH&mn=sn-4g5e6ne6&mm=31&keepalive=yes&sparams=clen%2Cdur%2Cei%2Cgir%2Cid%2Cinitcwndbps%2Cip%2Cipbits%2Citag%2Ckeepalive%2Clmt%2Cmime%2Cmm%2Cmn%2Cms%2Cmv%2Cpl%2Crequiressl%2Csource%2Cexpire&ms=au&itag=250&initcwndbps=4153750&mv=m&mt=1502193371&ratebypass=yes", "player_url": null, "ext": "webm", "format_note": "DASH audio", "acodec": "opus", "abr": 70, "filesize": 1245136, "tbr": 71.06, "vcodec": "none", "format": "250 - audio only (DASH audio)", "protocol": "https", "http_headers": {"User-Agent": "Mozilla/5.0 (X11; Linux x86_64; rv:10.0) Gecko/20150101 Firefox/47.0 (Chrome)", "Accept-Charset": "ISO-8859-1,utf-8;q=0.7,*;q=0.7", "Accept": "text/html,application/xhtml+xml,application/xml;q=0.9,*/*;q=0.8", "Accept-Encoding": "gzip, deflate", "Accept-Language": "en-us,en;q=0.5"}}, {"format_id": "171", "url": "https://r5---sn-4g5e6ne6.googlevideo.com/videoplayback?pl=16&mime=audio%2Fwebm&clen=1758267&expire=1502215089&ip=131.159.40.117&key=yt6&lmt=1444171323295015&dur=148.989&source=youtube&signature=5CB98ED6A98040AEA03ED6C8E690107991386371.A43E074ED04B774CACC8F1E742EA17E4BE9572EC&gir=yes&requiressl=yes&ipbits=0&id=o-AKmf5Sy_dEZJFKmeD7A1mSIdCPcRKfGZajd1s6tNFQGs&ei=UaeJWc2kIcjQV9TFq7gH&mn=sn-4g5e6ne6&mm=31&keepalive=yes&sparams=clen%2Cdur%2Cei%2Cgir%2Cid%2Cinitcwndbps%2Cip%2Cipbits%2Citag%2Ckeepalive%2Clmt%2Cmime%2Cmm%2Cmn%2Cms%2Cmv%2Cpl%2Crequiressl%2Csource%2Cexpire&ms=au&itag=171&initcwndbps=4153750&mv=m&mt=1502193371&ratebypass=yes", "player_url": null, "ext": "webm", "acodec": "vorbis", "format_note": "DASH audio", "abr": 128, "filesize": 1758267, "tbr": 98.129, "vcodec": "none", "format": "171 - audio only (DASH audio)", "protocol": "https", "http_headers": {"User-Agent": "Mozilla/5.0 (X11; Linux x86_64; rv:10.0) Gecko/20150101 Firefox/47.0 (Chrome)", "Accept-Charset": "ISO-8859-1,utf-8;q=0.7,*;q=0.7", "Accept": "text/html,application/xhtml+xml,application/xml;q=0.9,*/*;q=0.8", "Accept-Encoding": "gzip, deflate", "Accept-Language": "en-us,en;q=0.5"}}, {"ext": "m4a", "format_note": "DASH audio", "acodec": "mp4a.40.2", "abr": 128, "container": "m4a_dash", "format_id": "140", "url": "https://r5---sn-4g5e6ne6.googlevideo.com/videoplayback?id=f8f3233d38188ae1&itag=140&source=youtube&requiressl=yes&mn=sn-4g5e6ne6&ms=au&mv=m&ei=UqeJWf6NA83QV_qfjfAB&pl=16&mm=31&initcwndbps=4153750&ratebypass=yes&mime=audio/mp4&gir=yes&clen=2367829&lmt=1384529982787419&dur=149.048&key=dg_yt0&signature=84205CFA9480675592A2A99B6EDA5A8CC0FA04B7.43779F2DC124A4A3DFCF9D04FCAE29415DF209CA&mt=1502193371&ip=131.159.40.117&ipbits=0&expire=1502215090&sparams=ip,ipbits,expire,id,itag,source,requiressl,mn,ms,mv,ei,pl,mm,initcwndbps,ratebypass,mime,gir,clen,lmt,dur", "manifest_url": "https://manifest.googlevideo.com/api/manifest/dash/id/f8f3233d38188ae1/key/yt6/mn/sn-4g5e6ne6/expire/1502215090/sparams/as%2Cei%2Chfr%2Cid%2Cinitcwndbps%2Cip%2Cipbits%2Citag%2Cmm%2Cmn%2Cms%2Cmv%2Cpl%2Cplayback_host%2Crequiressl%2Csource%2Cexpire/source/youtube/itag/0/ms/au/playback_host/r5---sn-4g5e6ne6.googlevideo.com/signature/93366FC55002F3F4F7EFD6CB753D548D36E3EB52.38E2EBD75C54F9054D1FC20FB0BE34F408C924AA/mv/m/ei/UqeJWf6NA83QV_qfjfAB/pl/16/ipbits/0/mm/31/hfr/1/initcwndbps/4153750/ip/131.159.40.117/requiressl/yes/mt/1502193371/as/fmp4_audio_clear%2Cfmp4_sd_hd_clear", "width": null, "height": null, "tbr": 127.964, "asr": 44100, "fps": null, "language": null, "filesize": 2367829, "vcodec": "none", "format": "140 - audio only (DASH audio)", "protocol": "https", "http_headers": {"User-Agent": "Mozilla/5.0 (X11; Linux x86_64; rv:10.0) Gecko/20150101 Firefox/47.0 (Chrome)", "Accept-Charset": "ISO-8859-1,utf-8;q=0.7,*;q=0.7", "Accept": "text/html,application/xhtml+xml,application/xml;q=0.9,*/*;q=0.8", "Accept-Encoding": "gzip, deflate", "Accept-Language": "en-us,en;q=0.5"}}, {"format_id": "251", "url": "https://r5---sn-4g5e6ne6.googlevideo.com/videoplayback?pl=16&mime=audio%2Fwebm&clen=2779022&expire=1502215089&ip=131.159.40.117&key=yt6&lmt=1444171323401659&dur=149.001&source=youtube&signature=01489864A3B44C7FBB9E771B5C31788D70AAD473.BABA41EAD7FE57886E68F4E9425B254E82C6C44A&gir=yes&requiressl=yes&ipbits=0&id=o-AKmf5Sy_dEZJFKmeD7A1mSIdCPcRKfGZajd1s6tNFQGs&ei=UaeJWc2kIcjQV9TFq7gH&mn=sn-4g5e6ne6&mm=31&keepalive=yes&sparams=clen%2Cdur%2Cei%2Cgir%2Cid%2Cinitcwndbps%2Cip%2Cipbits%2Citag%2Ckeepalive%2Clmt%2Cmime%2Cmm%2Cmn%2Cms%2Cmv%2Cpl%2Crequiressl%2Csource%2Cexpire&ms=au&itag=251&initcwndbps=4153750&mv=m&mt=1502193371&ratebypass=yes", "player_url": null, "ext": "webm", "format_note": "DASH audio", "acodec": "opus", "abr": 160, "filesize": 2779022, "tbr": 160.0, "vcodec": "none", "format": "251 - audio only (DASH audio)", "protocol": "https", "http_headers": {"User-Agent": "Mozilla/5.0 (X11; Linux x86_64; rv:10.0) Gecko/20150101 Firefox/47.0 (Chrome)", "Accept-Charset": "ISO-8859-1,utf-8;q=0.7,*;q=0.7", "Accept": "text/html,application/xhtml+xml,application/xml;q=0.9,*/*;q=0.8", "Accept-Encoding": "gzip, deflate", "Accept-Language": "en-us,en;q=0.5"}}, {"format_id": "278", "url": "https://r5---sn-4g5e6ne6.googlevideo.com/videoplayback?pl=16&mime=video%2Fwebm&clen=1380055&expire=1502215089&ip=131.159.40.117&key=yt6&lmt=1444171649393170&dur=148.960&source=youtube&signature=8AEF808D92C169B0B207F7570D5EC3DBE046FBD5.AC09BE7E219900E1EA9E6834D40606974DCCB941&gir=yes&requiressl=yes&ipbits=0&id=o-AKmf5Sy_dEZJFKmeD7A1mSIdCPcRKfGZajd1s6tNFQGs&ei=UaeJWc2kIcjQV9TFq7gH&mn=sn-4g5e6ne6&mm=31&keepalive=yes&sparams=clen%2Cdur%2Cei%2Cgir%2Cid%2Cinitcwndbps%2Cip%2Cipbits%2Citag%2Ckeepalive%2Clmt%2Cmime%2Cmm%2Cmn%2Cms%2Cmv%2Cpl%2Crequiressl%2Csource%2Cexpire&ms=au&itag=278&initcwndbps=4153750&mv=m&mt=1502193371&ratebypass=yes", "player_url": null, "ext": "webm", "height": 144, "format_note": "144p", "container": "webm", "vcodec": "vp9", "filesize": 1380055, "tbr": 83.968, "width": 192, "fps": 13, "acodec": "none", "format": "278 - 192x144 (144p)", "protocol": "https", "http_headers": {"User-Agent": "Mozilla/5.0 (X11; Linux x86_64; rv:10.0) Gecko/20150101 Firefox/47.0 (Chrome)", "Accept-Charset": "ISO-8859-1,utf-8;q=0.7,*;q=0.7", "Accept": "text/html,application/xhtml+xml,application/xml;q=0.9,*/*;q=0.8", "Accept-Encoding": "gzip, deflate", "Accept-Language": "en-us,en;q=0.5"}}, {"ext": "mp4", "height": 144, "format_note": "DASH video", "vcodec": "avc1.42c00c", "format_id": "160", "url": "https://r5---sn-4g5e6ne6.googlevideo.com/videoplayback?id=f8f3233d38188ae1&itag=160&source=youtube&requiressl=yes&mn=sn-4g5e6ne6&ms=au&mv=m&ei=UqeJWf6NA83QV_qfjfAB&pl=16&mm=31&initcwndbps=4153750&ratebypass=yes&mime=video/mp4&gir=yes&clen=2072927&lmt=1384530046482009&dur=148.960&key=dg_yt0&signature=67554E118CB8137F4C6ECD120D0CF64CDE1F9734.4C6C802A1DB143A9B8B6819C3FDEF54D6BD2D0E1&mt=1502193371&ip=131.159.40.117&ipbits=0&expire=1502215090&sparams=ip,ipbits,expire,id,itag,source,requiressl,mn,ms,mv,ei,pl,mm,initcwndbps,ratebypass,mime,gir,clen,lmt,dur", "manifest_url": "https://manifest.googlevideo.com/api/manifest/dash/id/f8f3233d38188ae1/key/yt6/mn/sn-4g5e6ne6/expire/1502215090/sparams/as%2Cei%2Chfr%2Cid%2Cinitcwndbps%2Cip%2Cipbits%2Citag%2Cmm%2Cmn%2Cms%2Cmv%2Cpl%2Cplayback_host%2Crequiressl%2Csource%2Cexpire/source/youtube/itag/0/ms/au/playback_host/r5---sn-4g5e6ne6.googlevideo.com/signature/93366FC55002F3F4F7EFD6CB753D548D36E3EB52.38E2EBD75C54F9054D1FC20FB0BE34F408C924AA/mv/m/ei/UqeJWf6NA83QV_qfjfAB/pl/16/ipbits/0/mm/31/hfr/1/initcwndbps/4153750/ip/131.159.40.117/requiressl/yes/mt/1502193371/as/fmp4_audio_clear%2Cfmp4_sd_hd_clear", "width": 192, "tbr": 115.293, "asr": null, "fps": 15, "language": null, "filesize": 2072927, "acodec": "none", "format": "160 - 192x144 (DASH video)", "protocol": "https", "http_headers": {"User-Agent": "Mozilla/5.0 (X11; Linux x86_64; rv:10.0) Gecko/20150101 Firefox/47.0 (Chrome)", "Accept-Charset": "ISO-8859-1,utf-8;q=0.7,*;q=0.7", "Accept": "text/html,application/xhtml+xml,application/xml;q=0.9,*/*;q=0.8", "Accept-Encoding": "gzip, deflate", "Accept-Language": "en-us,en;q=0.5"}}, {"format_id": "242", "url": "https://r5---sn-4g5e6ne6.googlevideo.com/videoplayback?pl=16&mime=video%2Fwebm&clen=2753321&expire=1502215089&ip=131.159.40.117&key=yt6&lmt=1444171649387538&dur=148.960&source=youtube&signature=49BB91923172A1A7A401ED4D640CF4A1D83023A3.7E38FE060548DBB5575244623D16DBE4C8051F13&gir=yes&requiressl=yes&ipbits=0&id=o-AKmf5Sy_dEZJFKmeD7A1mSIdCPcRKfGZajd1s6tNFQGs&ei=UaeJWc2kIcjQV9TFq7gH&mn=sn-4g5e6ne6&mm=31&keepalive=yes&sparams=clen%2Cdur%2Cei%2Cgir%2Cid%2Cinitcwndbps%2Cip%2Cipbits%2Citag%2Ckeepalive%2Clmt%2Cmime%2Cmm%2Cmn%2Cms%2Cmv%2Cpl%2Crequiressl%2Csource%2Cexpire&ms=au&itag=242&initcwndbps=4153750&mv=m&mt=1502193371&ratebypass=yes", "player_url": null, "ext": "webm", "height": 240, "format_note": "240p", "vcodec": "vp9", "filesize": 2753321, "tbr": 217.91, "width": 320, "fps": 25, "acodec": "none", "format": "242 - 320x240 (240p)", "protocol": "https", "http_headers": {"User-Agent": "Mozilla/5.0 (X11; Linux x86_64; rv:10.0) Gecko/20150101 Firefox/47.0 (Chrome)", "Accept-Charset": "ISO-8859-1,utf-8;q=0.7,*;q=0.7", "Accept": "text/html,application/xhtml+xml,application/xml;q=0.9,*/*;q=0.8", "Accept-Encoding": "gzip, deflate", "Accept-Language": "en-us,en;q=0.5"}}, {"ext": "mp4", "height": 240, "format_note": "DASH video", "vcodec": "avc1.4d400d", "format_id": "133", "url": "https://r5---sn-4g5e6ne6.googlevideo.com/videoplayback?id=f8f3233d38188ae1&itag=133&source=youtube&requiressl=yes&mn=sn-4g5e6ne6&ms=au&mv=m&ei=UqeJWf6NA83QV_qfjfAB&pl=16&mm=31&initcwndbps=4153750&ratebypass=yes&mime=video/mp4&gir=yes&clen=4555693&lmt=1384530047447202&dur=148.960&key=dg_yt0&signature=9B38449195AC5D0ED98206F27C83DD354B76A6BE.687C51C75341B8AA70C4ABDE922FB2639C2ADEE1&mt=1502193371&ip=131.159.40.117&ipbits=0&expire=1502215090&sparams=ip,ipbits,expire,id,itag,source,requiressl,mn,ms,mv,ei,pl,mm,initcwndbps,ratebypass,mime,gir,clen,lmt,dur", "manifest_url": "https://manifest.googlevideo.com/api/manifest/dash/id/f8f3233d38188ae1/key/yt6/mn/sn-4g5e6ne6/expire/1502215090/sparams/as%2Cei%2Chfr%2Cid%2Cinitcwndbps%2Cip%2Cipbits%2Citag%2Cmm%2Cmn%2Cms%2Cmv%2Cpl%2Cplayback_host%2Crequiressl%2Csource%2Cexpire/source/youtube/itag/0/ms/au/playback_host/r5---sn-4g5e6ne6.googlevideo.com/signature/93366FC55002F3F4F7EFD6CB753D548D36E3EB52.38E2EBD75C54F9054D1FC20FB0BE34F408C924AA/mv/m/ei/UqeJWf6NA83QV_qfjfAB/pl/16/ipbits/0/mm/31/hfr/1/initcwndbps/4153750/ip/131.159.40.117/requiressl/yes/mt/1502193371/as/fmp4_audio_clear%2Cfmp4_sd_hd_clear", "width": 320, "tbr": 250.885, "asr": null, "fps": 25, "language": null, "filesize": 4555693, "acodec": "none", "format": "133 - 320x240 (DASH video)", "protocol": "https", "http_headers": {"User-Agent": "Mozilla/5.0 (X11; Linux x86_64; rv:10.0) Gecko/20150101 Firefox/47.0 (Chrome)", "Accept-Charset": "ISO-8859-1,utf-8;q=0.7,*;q=0.7", "Accept": "text/html,application/xhtml+xml,application/xml;q=0.9,*/*;q=0.8", "Accept-Encoding": "gzip, deflate", "Accept-Language": "en-us,en;q=0.5"}}, {"format_id": "243", "url": "https://r5---sn-4g5e6ne6.googlevideo.com/videoplayback?pl=16&mime=video%2Fwebm&clen=4931084&expire=1502215089&ip=131.159.40.117&key=yt6&lmt=1444171651811528&dur=148.960&source=youtube&signature=355324688BEAFA9021D0A82FF23C576B8CE27C7C.22670D70BC327DC80D66D812CE01141936ACBE69&gir=yes&requiressl=yes&ipbits=0&id=o-AKmf5Sy_dEZJFKmeD7A1mSIdCPcRKfGZajd1s6tNFQGs&ei=UaeJWc2kIcjQV9TFq7gH&mn=sn-4g5e6ne6&mm=31&keepalive=yes&sparams=clen%2Cdur%2Cei%2Cgir%2Cid%2Cinitcwndbps%2Cip%2Cipbits%2Citag%2Ckeepalive%2Clmt%2Cmime%2Cmm%2Cmn%2Cms%2Cmv%2Cpl%2Crequiressl%2Csource%2Cexpire&ms=au&itag=243&initcwndbps=4153750&mv=m&mt=1502193371&ratebypass=yes", "player_url": null, "ext": "webm", "height": 360, "format_note": "360p", "vcodec": "vp9", "filesize": 4931084, "tbr": 414.726, "width": 480, "fps": 25, "acodec": "none", "format": "243 - 480x360 (360p)", "protocol": "https", "http_headers": {"User-Agent": "Mozilla/5.0 (X11; Linux x86_64; rv:10.0) Gecko/20150101 Firefox/47.0 (Chrome)", "Accept-Charset": "ISO-8859-1,utf-8;q=0.7,*;q=0.7", "Accept": "text/html,application/xhtml+xml,application/xml;q=0.9,*/*;q=0.8", "Accept-Encoding": "gzip, deflate", "Accept-Language": "en-us,en;q=0.5"}}, {"ext": "mp4", "height": 360, "format_note": "DASH video", "vcodec": "avc1.4d4015", "format_id": "134", "url": "https://r5---sn-4g5e6ne6.googlevideo.com/videoplayback?id=f8f3233d38188ae1&itag=134&source=youtube&requiressl=yes&mn=sn-4g5e6ne6&ms=au&mv=m&ei=UqeJWf6NA83QV_qfjfAB&pl=16&mm=31&initcwndbps=4153750&ratebypass=yes&mime=video/mp4&gir=yes&clen=6399140&lmt=1384530045050974&dur=148.960&key=dg_yt0&signature=3B71F20B1DDC1B70F29322ED47BE148A4513E800.42FD9752291380C15413AD033422106C703E243E&mt=1502193371&ip=131.159.40.117&ipbits=0&expire=1502215090&sparams=ip,ipbits,expire,id,itag,source,requiressl,mn,ms,mv,ei,pl,mm,initcwndbps,ratebypass,mime,gir,clen,lmt,dur", "manifest_url": "https://manifest.googlevideo.com/api/manifest/dash/id/f8f3233d38188ae1/key/yt6/mn/sn-4g5e6ne6/expire/1502215090/sparams/as%2Cei%2Chfr%2Cid%2Cinitcwndbps%2Cip%2Cipbits%2Citag%2Cmm%2Cmn%2Cms%2Cmv%2Cpl%2Cplayback_host%2Crequiressl%2Csource%2Cexpire/source/youtube/itag/0/ms/au/playback_host/r5---sn-4g5e6ne6.googlevideo.com/signature/93366FC55002F3F4F7EFD6CB753D548D36E3EB52.38E2EBD75C54F9054D1FC20FB0BE34F408C924AA/mv/m/ei/UqeJWf6NA83QV_qfjfAB/pl/16/ipbits/0/mm/31/hfr/1/initcwndbps/4153750/ip/131.159.40.117/requiressl/yes/mt/1502193371/as/fmp4_audio_clear%2Cfmp4_sd_hd_clear", "width": 480, "tbr": 509.798, "asr": null, "fps": 25, "language": null, "filesize": 6399140, "acodec": "none", "format": "134 - 480x360 (DASH video)", "protocol": "https", "http_headers": {"User-Agent": "Mozilla/5.0 (X11; Linux x86_64; rv:10.0) Gecko/20150101 Firefox/47.0 (Chrome)", "Accept-Charset": "ISO-8859-1,utf-8;q=0.7,*;q=0.7", "Accept": "text/html,application/xhtml+xml,application/xml;q=0.9,*/*;q=0.8", "Accept-Encoding": "gzip, deflate", "Accept-Language": "en-us,en;q=0.5"}}, {"format_id": "244", "url": "https://r5---sn-4g5e6ne6.googlevideo.com/videoplayback?pl=16&mime=video%2Fwebm&clen=9119212&expire=1502215089&ip=131.159.40.117&key=yt6&lmt=1444171655772414&dur=148.960&source=youtube&signature=19B42A77FEEB7D4A20DB02841DE19279938444FA.172B532E4209A8BDE3944120D17A7487B42D918A&gir=yes&requiressl=yes&ipbits=0&id=o-AKmf5Sy_dEZJFKmeD7A1mSIdCPcRKfGZajd1s6tNFQGs&ei=UaeJWc2kIcjQV9TFq7gH&mn=sn-4g5e6ne6&mm=31&keepalive=yes&sparams=clen%2Cdur%2Cei%2Cgir%2Cid%2Cinitcwndbps%2Cip%2Cipbits%2Citag%2Ckeepalive%2Clmt%2Cmime%2Cmm%2Cmn%2Cms%2Cmv%2Cpl%2Crequiressl%2Csource%2Cexpire&ms=au&itag=244&initcwndbps=4153750&mv=m&mt=1502193371&ratebypass=yes", "player_url": null, "ext": "webm", "height": 480, "format_note": "480p", "vcodec": "vp9", "filesize": 9119212, "tbr": 769.875, "width": 640, "fps": 25, "acodec": "none", "format": "244 - 640x480 (480p)", "protocol": "https", "http_headers": {"User-Agent": "Mozilla/5.0 (X11; Linux x86_64; rv:10.0) Gecko/20150101 Firefox/47.0 (Chrome)", "Accept-Charset": "ISO-8859-1,utf-8;q=0.7,*;q=0.7", "Accept": "text/html,application/xhtml+xml,application/xml;q=0.9,*/*;q=0.8", "Accept-Encoding": "gzip, deflate", "Accept-Language": "en-us,en;q=0.5"}}, {"ext": "mp4", "height": 480, "format_note": "DASH video", "vcodec": "avc1.4d401e", "format_id": "135", "url": "https://r5---sn-4g5e6ne6.googlevideo.com/videoplayback?id=f8f3233d38188ae1&itag=135&source=youtube&requiressl=yes&mn=sn-4g5e6ne6&ms=au&mv=m&ei=UqeJWf6NA83QV_qfjfAB&pl=16&mm=31&initcwndbps=4153750&ratebypass=yes&mime=video/mp4&gir=yes&clen=13425389&lmt=1384530069571755&dur=148.960&key=dg_yt0&signature=031412D57A8F718C1767346DE8DF871B1D7329EE.260374F1259FEF5DF68E08A935939980F77825FD&mt=1502193371&ip=131.159.40.117&ipbits=0&expire=1502215090&sparams=ip,ipbits,expire,id,itag,source,requiressl,mn,ms,mv,ei,pl,mm,initcwndbps,ratebypass,mime,gir,clen,lmt,dur", "manifest_url": "https://manifest.googlevideo.com/api/manifest/dash/id/f8f3233d38188ae1/key/yt6/mn/sn-4g5e6ne6/expire/1502215090/sparams/as%2Cei%2Chfr%2Cid%2Cinitcwndbps%2Cip%2Cipbits%2Citag%2Cmm%2Cmn%2Cms%2Cmv%2Cpl%2Cplayback_host%2Crequiressl%2Csource%2Cexpire/source/youtube/itag/0/ms/au/playback_host/r5---sn-4g5e6ne6.googlevideo.com/signature/93366FC55002F3F4F7EFD6CB753D548D36E3EB52.38E2EBD75C54F9054D1FC20FB0BE34F408C924AA/mv/m/ei/UqeJWf6NA83QV_qfjfAB/pl/16/ipbits/0/mm/31/hfr/1/initcwndbps/4153750/ip/131.159.40.117/requiressl/yes/mt/1502193371/as/fmp4_audio_clear%2Cfmp4_sd_hd_clear", "width": 640, "tbr": 1014.281, "asr": null, "fps": 25, "language": null, "filesize": 13425389, "acodec": "none", "format": "135 - 640x480 (DASH video)", "protocol": "https", "http_headers": {"User-Agent": "Mozilla/5.0 (X11; Linux x86_64; rv:10.0) Gecko/20150101 Firefox/47.0 (Chrome)", "Accept-Charset": "ISO-8859-1,utf-8;q=0.7,*;q=0.7", "Accept": "text/html,application/xhtml+xml,application/xml;q=0.9,*/*;q=0.8", "Accept-Encoding": "gzip, deflate", "Accept-Language": "en-us,en;q=0.5"}}, {"format_id": "17", "url": "https://r5---sn-4g5e6ne6.googlevideo.com/videoplayback?pl=16&mime=video%2F3gpp&clen=1494144&expire=1502215089&ip=131.159.40.117&key=yt6&lmt=1347282674848919&dur=149.211&source=youtube&signature=8EEC6A3F2D798A9560C91F9DD71E741290093B5C.5A0E0FB01D68338CC3AD3D88673D6C0F60B1907B&gir=yes&requiressl=yes&ipbits=0&id=o-AKmf5Sy_dEZJFKmeD7A1mSIdCPcRKfGZajd1s6tNFQGs&ei=UaeJWc2kIcjQV9TFq7gH&mn=sn-4g5e6ne6&mm=31&sparams=clen%2Cdur%2Cei%2Cgir%2Cid%2Cinitcwndbps%2Cip%2Cipbits%2Citag%2Clmt%2Cmime%2Cmm%2Cmn%2Cms%2Cmv%2Cpl%2Crequiressl%2Csource%2Cexpire&ms=au&itag=17&initcwndbps=4153750&mv=m&mt=1502193371&ratebypass=yes", "player_url": null, "ext": "3gp", "width": 176, "height": 144, "acodec": "mp4a.40.2", "abr": 24, "vcodec": "mp4v.20.3", "resolution": "176x144", "format_note": "small", "format": "17 - 176x144 (small)", "protocol": "https", "http_headers": {"User-Agent": "Mozilla/5.0 (X11; Linux x86_64; rv:10.0) Gecko/20150101 Firefox/47.0 (Chrome)", "Accept-Charset": "ISO-8859-1,utf-8;q=0.7,*;q=0.7", "Accept": "text/html,application/xhtml+xml,application/xml;q=0.9,*/*;q=0.8", "Accept-Encoding": "gzip, deflate", "Accept-Language": "en-us,en;q=0.5"}}, {"format_id": "36", "url": "https://r5---sn-4g5e6ne6.googlevideo.com/videoplayback?pl=16&mime=video%2F3gpp&clen=4233737&expire=1502215089&ip=131.159.40.117&key=yt6&lmt=1347282692749613&dur=149.164&source=youtube&signature=8E62377BC34E1DDA7B07B4EA2666A02A8D361307.C9D8525D0792F3D75FDFFDABDAF080C586DBF041&gir=yes&requiressl=yes&ipbits=0&id=o-AKmf5Sy_dEZJFKmeD7A1mSIdCPcRKfGZajd1s6tNFQGs&ei=UaeJWc2kIcjQV9TFq7gH&mn=sn-4g5e6ne6&mm=31&sparams=clen%2Cdur%2Cei%2Cgir%2Cid%2Cinitcwndbps%2Cip%2Cipbits%2Citag%2Clmt%2Cmime%2Cmm%2Cmn%2Cms%2Cmv%2Cpl%2Crequiressl%2Csource%2Cexpire&ms=au&itag=36&initcwndbps=4153750&mv=m&mt=1502193371&ratebypass=yes", "player_url": null, "ext": "3gp", "width": 320, "acodec": "mp4a.40.2", "vcodec": "mp4v.20.3", "resolution": "320x240", "height": 240, "format_note": "small", "format": "36 - 320x240 (small)", "protocol": "https", "http_headers": {"User-Agent": "Mozilla/5.0 (X11; Linux x86_64; rv:10.0) Gecko/20150101 Firefox/47.0 (Chrome)", "Accept-Charset": "ISO-8859-1,utf-8;q=0.7,*;q=0.7", "Accept": "text/html,application/xhtml+xml,application/xml;q=0.9,*/*;q=0.8", "Accept-Encoding": "gzip, deflate", "Accept-Language": "en-us,en;q=0.5"}}, {"format_id": "18", "url": "https://r5---sn-4g5e6ne6.googlevideo.com/videoplayback?pl=16&mime=video%2Fmp4&clen=8734109&expire=1502215089&ip=131.159.40.117&key=yt6&lmt=1347282659756518&dur=149.095&ratebypass=yes&source=youtube&signature=7AA116E54E543DC2D8BDF12BEB8E66C4043B9114.84FE46E3DB790E0212A363E361D9848B20757AF6&gir=yes&requiressl=yes&ipbits=0&id=o-AKmf5Sy_dEZJFKmeD7A1mSIdCPcRKfGZajd1s6tNFQGs&ei=UaeJWc2kIcjQV9TFq7gH&mn=sn-4g5e6ne6&mm=31&sparams=clen%2Cdur%2Cei%2Cgir%2Cid%2Cinitcwndbps%2Cip%2Cipbits%2Citag%2Clmt%2Cmime%2Cmm%2Cmn%2Cms%2Cmv%2Cpl%2Cratebypass%2Crequiressl%2Csource%2Cexpire&ms=au&itag=18&initcwndbps=4153750&mv=m&mt=1502193371", "player_url": null, "ext": "mp4", "width": 480, "height": 360, "acodec": "mp4a.40.2", "abr": 96, "vcodec": "avc1.42001E", "resolution": "480x360", "format_note": "medium", "format": "18 - 480x360 (medium)", "protocol": "https", "http_headers": {"User-Agent": "Mozilla/5.0 (X11; Linux x86_64; rv:10.0) Gecko/20150101 Firefox/47.0 (Chrome)", "Accept-Charset": "ISO-8859-1,utf-8;q=0.7,*;q=0.7", "Accept": "text/html,application/xhtml+xml,application/xml;q=0.9,*/*;q=0.8", "Accept-Encoding": "gzip, deflate", "Accept-Language": "en-us,en;q=0.5"}}, {"format_id": "43", "url": "https://r5---sn-4g5e6ne6.googlevideo.com/videoplayback?pl=16&mime=video%2Fwebm&clen=11297566&expire=1502215089&ip=131.159.40.117&key=yt6&lmt=1347286880227123&dur=0.000&ratebypass=yes&source=youtube&signature=8E674CB77C8172B2F776877AA23F8D4498488188.8BDBD365765190A88F7E86695CBAD117D95F8879&gir=yes&requiressl=yes&ipbits=0&id=o-AKmf5Sy_dEZJFKmeD7A1mSIdCPcRKfGZajd1s6tNFQGs&ei=UaeJWc2kIcjQV9TFq7gH&mn=sn-4g5e6ne6&mm=31&sparams=clen%2Cdur%2Cei%2Cgir%2Cid%2Cinitcwndbps%2Cip%2Cipbits%2Citag%2Clmt%2Cmime%2Cmm%2Cmn%2Cms%2Cmv%2Cpl%2Cratebypass%2Crequiressl%2Csource%2Cexpire&ms=au&itag=43&initcwndbps=4153750&mv=m&mt=1502193371", "player_url": null, "ext": "webm", "width": 640, "height": 360, "acodec": "vorbis", "abr": 128, "vcodec": "vp8.0", "resolution": "640x360", "format_note": "medium", "format": "43 - 640x360 (medium)", "protocol": "https", "http_headers": {"User-Agent": "Mozilla/5.0 (X11; Linux x86_64; rv:10.0) Gecko/20150101 Firefox/47.0 (Chrome)", "Accept-Charset": "ISO-8859-1,utf-8;q=0.7,*;q=0.7", "Accept": "text/html,application/xhtml+xml,application/xml;q=0.9,*/*;q=0.8", "Accept-Encoding": "gzip, deflate", "Accept-Language": "en-us,en;q=0.5"}}], "is_live": null, "start_time": null, "end_time": null, "series": null, "season_number": null, "episode_number": null, "extractor": "youtube", "webpage_url_basename": "-PMjPTgYiuE", "extractor_key": "Youtube", "playlist": null, "playlist_index": null, "thumbnails": [{"url": "https://i.ytimg.com/vi/-PMjPTgYiuE/hqdefault.jpg", "id": "0"}], "display_id": "-PMjPTgYiuE", "ext": "mp4", "height": 480, "format_note": "DASH video", "vcodec": "avc1.4d401e", "format_id": "135", "url": "https://r5---sn-4g5e6ne6.googlevideo.com/videoplayback?id=f8f3233d38188ae1&itag=135&source=youtube&requiressl=yes&mn=sn-4g5e6ne6&ms=au&mv=m&ei=UqeJWf6NA83QV_qfjfAB&pl=16&mm=31&initcwndbps=4153750&ratebypass=yes&mime=video/mp4&gir=yes&clen=13425389&lmt=1384530069571755&dur=148.960&key=dg_yt0&signature=031412D57A8F718C1767346DE8DF871B1D7329EE.260374F1259FEF5DF68E08A935939980F77825FD&mt=1502193371&ip=131.159.40.117&ipbits=0&expire=1502215090&sparams=ip,ipbits,expire,id,itag,source,requiressl,mn,ms,mv,ei,pl,mm,initcwndbps,ratebypass,mime,gir,clen,lmt,dur", "manifest_url": "https://manifest.googlevideo.com/api/manifest/dash/id/f8f3233d38188ae1/key/yt6/mn/sn-4g5e6ne6/expire/1502215090/sparams/as%2Cei%2Chfr%2Cid%2Cinitcwndbps%2Cip%2Cipbits%2Citag%2Cmm%2Cmn%2Cms%2Cmv%2Cpl%2Cplayback_host%2Crequiressl%2Csource%2Cexpire/source/youtube/itag/0/ms/au/playback_host/r5---sn-4g5e6ne6.googlevideo.com/signature/93366FC55002F3F4F7EFD6CB753D548D36E3EB52.38E2EBD75C54F9054D1FC20FB0BE34F408C924AA/mv/m/ei/UqeJWf6NA83QV_qfjfAB/pl/16/ipbits/0/mm/31/hfr/1/initcwndbps/4153750/ip/131.159.40.117/requiressl/yes/mt/1502193371/as/fmp4_audio_clear%2Cfmp4_sd_hd_clear", "width": 640, "tbr": 1014.281, "asr": null, "fps": 25, "language": null, "filesize": 13425389, "acodec": "none", "format": "135 - 640x480 (DASH video)", "protocol": "https", "http_headers": {"User-Agent": "Mozilla/5.0 (X11; Linux x86_64; rv:10.0) Gecko/20150101 Firefox/47.0 (Chrome)", "Accept-Charset": "ISO-8859-1,utf-8;q=0.7,*;q=0.7", "Accept": "text/html,application/xhtml+xml,application/xml;q=0.9,*/*;q=0.8", "Accept-Encoding": "gzip, deflate", "Accept-Language": "en-us,en;q=0.5"}, "fulltitle": "\u062a\u0635\u0628\u064a\u0631 \u0627\u0644\u0632\u064a\u062a\u0648\u0646 \u0648\u062a\u0644\u0648\u062b \u0627\u0644\u0628\u064a\u0626\u0629", "_filename": "-PMjPTgYiuE.mp4"}