{"id": "kGs7dFwf-I4", "uploader": "JulieBeauty08", "uploader_id": "JulieBeauty08", "uploader_url": "http://www.youtube.com/user/JulieBeauty08", "upload_date": "20121017", "license": "Standard YouTube License", "creator": null, "title": "Revue: Ma routine soin du visage \u2665", "alt_title": null, "thumbnail": "https://i.ytimg.com/vi/kGs7dFwf-I4/hqdefault.jpg", "description": "Mon blog: zouliezou.blogspot.fr\n\n\u2665 N'h\u00e9sitez pas \u00e0 vous abonner pour me soutenir \u2665\n\nListe des produits utilis\u00e9s\n\nEau thermale AVENE\nSoin jour puret\u00e9 matiderm DERMAGOR\nCr\u00e8me teint\u00e9e CAUDALIE\nSolution micellaire cr\u00e9aline H2O BIODERMA\nCr\u00e8me contour des yeux all about eyes CLINIQUE\nGel nettoyant cleanance AVENE\nNormaderm soin hydratant VICHY\nVisibly clear skin control gel exfoliant NEUTROGENA", "categories": ["Howto & Style"], "tags": ["normaderm", "vichy", "clinique", "eyes", "bioderma", "crealine", "avene", "cleanance", "visage", "soin", "routine", "look", "maquillage", "makeup", "matin", "soir", "d\u00e9maquillage", "cosmetic", "face", "clean", "neutrogena", "exfoliant", "Tutorial"], "subtitles": {}, "automatic_captions": {}, "duration": 460, "age_limit": 0, "annotations": null, "chapters": null, "webpage_url": "https://www.youtube.com/watch?v=kGs7dFwf-I4", "view_count": 1451, "like_count": 5, "dislike_count": 1, "average_rating": 4.33333349228, "formats": [{"ext": "m4a", "format_note": "DASH audio", "acodec": "mp4a.40.5", "abr": 48, "container": "m4a_dash", "format_id": "139", "url": "https://r5---sn-4g5ednld.googlevideo.com/videoplayback?id=906b3b745c1ff88e&itag=139&source=youtube&requiressl=yes&mn=sn-4g5ednld&mm=31&pl=16&mv=m&initcwndbps=3352500&ms=au&ei=bgqKWbjsFM66cauXpJAJ&ratebypass=yes&mime=audio/mp4&gir=yes&clen=2739129&lmt=1392016842524602&dur=460.498&key=dg_yt0&mt=1502218767&signature=2EF9A5CE1AAD411D885DDF4A185AA62F0BCE2DAE.01FDACE7E1096301DA31B4BD130C64B3868E26F5&ip=131.159.40.117&ipbits=0&expire=1502240462&sparams=ip,ipbits,expire,id,itag,source,requiressl,mn,mm,pl,mv,initcwndbps,ms,ei,ratebypass,mime,gir,clen,lmt,dur", "manifest_url": "https://manifest.googlevideo.com/api/manifest/dash/mn/sn-4g5ednld/mm/31/hfr/1/ipbits/0/key/yt6/ip/131.159.40.117/as/fmp4_audio_clear%2Cfmp4_sd_hd_clear/requiressl/yes/pl/16/source/youtube/mt/1502218767/expire/1502240462/mv/m/initcwndbps/3352500/itag/0/sparams/as%2Cei%2Chfr%2Cid%2Cinitcwndbps%2Cip%2Cipbits%2Citag%2Cmm%2Cmn%2Cms%2Cmv%2Cpl%2Cplayback_host%2Crequiressl%2Csource%2Cexpire/signature/4DDA1EE666123B988F02C14D725B22E883B54EBA.C1BD497178B34E3439DE5E32F0C8F07F777A85DB/ms/au/playback_host/r5---sn-4g5ednld.googlevideo.com/ei/bgqKWbjsFM66cauXpJAJ/id/906b3b745c1ff88e", "width": null, "height": null, "tbr": 48.649, "asr": 22050, "fps": null, "language": null, "filesize": 2739129, "vcodec": "none", "format": "139 - audio only (DASH audio)", "protocol": "https", "http_headers": {"User-Agent": "Mozilla/5.0 (X11; Linux x86_64; rv:10.0) Gecko/20150101 Firefox/47.0 (Chrome)", "Accept-Charset": "ISO-8859-1,utf-8;q=0.7,*;q=0.7", "Accept": "text/html,application/xhtml+xml,application/xml;q=0.9,*/*;q=0.8", "Accept-Encoding": "gzip, deflate", "Accept-Language": "en-us,en;q=0.5"}}, {"format_id": "249", "url": "https://r13---sn-4g57kned.googlevideo.com/videoplayback?key=yt6&ei=bQqKWZjeJo7lct6CoPgC&requiressl=yes&signature=884D6C1D266B591EE38E74D9487D7E6D73088894.7F66D210682E985DB2B48EC4CED3C435F758883D&itag=249&keepalive=yes&expire=1502240461&initcwndbps=3352500&source=youtube&clen=2861604&dur=460.381&lmt=1425253751463391&ipbits=0&gir=yes&mn=sn-4g57kned&ip=131.159.40.117&mm=31&mv=m&mt=1502218767&sparams=clen%2Cdur%2Cei%2Cgir%2Cid%2Cinitcwndbps%2Cip%2Cipbits%2Citag%2Ckeepalive%2Clmt%2Cmime%2Cmm%2Cmn%2Cms%2Cmv%2Cpl%2Crequiressl%2Csource%2Cexpire&ms=au&pl=16&id=o-ACC5AmtY2sGgMXKb7Qvd6HN5G5-zhUJj0KLklKOMBxr6&mime=audio%2Fwebm&ratebypass=yes", "player_url": null, "ext": "webm", "format_note": "DASH audio", "acodec": "opus", "abr": 50, "filesize": 2861604, "tbr": 51.277, "vcodec": "none", "format": "249 - audio only (DASH audio)", "protocol": "https", "http_headers": {"User-Agent": "Mozilla/5.0 (X11; Linux x86_64; rv:10.0) Gecko/20150101 Firefox/47.0 (Chrome)", "Accept-Charset": "ISO-8859-1,utf-8;q=0.7,*;q=0.7", "Accept": "text/html,application/xhtml+xml,application/xml;q=0.9,*/*;q=0.8", "Accept-Encoding": "gzip, deflate", "Accept-Language": "en-us,en;q=0.5"}}, {"format_id": "171", "url": "https://r13---sn-4g57kned.googlevideo.com/videoplayback?key=yt6&ei=bQqKWZjeJo7lct6CoPgC&requiressl=yes&signature=60A5C9AED056C98D19DDC7F8B2C7F54642C5B79D.348EC3621C6CE4B9EC0E31F9311392740541D908&itag=171&keepalive=yes&expire=1502240461&initcwndbps=3352500&source=youtube&clen=4319039&dur=460.375&lmt=1425253789999437&ipbits=0&gir=yes&mn=sn-4g57kned&ip=131.159.40.117&mm=31&mv=m&mt=1502218767&sparams=clen%2Cdur%2Cei%2Cgir%2Cid%2Cinitcwndbps%2Cip%2Cipbits%2Citag%2Ckeepalive%2Clmt%2Cmime%2Cmm%2Cmn%2Cms%2Cmv%2Cpl%2Crequiressl%2Csource%2Cexpire&ms=au&pl=16&id=o-ACC5AmtY2sGgMXKb7Qvd6HN5G5-zhUJj0KLklKOMBxr6&mime=audio%2Fwebm&ratebypass=yes", "player_url": null, "ext": "webm", "acodec": "vorbis", "format_note": "DASH audio", "abr": 128, "filesize": 4319039, "tbr": 78.556, "vcodec": "none", "format": "171 - audio only (DASH audio)", "protocol": "https", "http_headers": {"User-Agent": "Mozilla/5.0 (X11; Linux x86_64; rv:10.0) Gecko/20150101 Firefox/47.0 (Chrome)", "Accept-Charset": "ISO-8859-1,utf-8;q=0.7,*;q=0.7", "Accept": "text/html,application/xhtml+xml,application/xml;q=0.9,*/*;q=0.8", "Accept-Encoding": "gzip, deflate", "Accept-Language": "en-us,en;q=0.5"}}, {"format_id": "250", "url": "https://r13---sn-4g57kned.googlevideo.com/videoplayback?key=yt6&ei=bQqKWZjeJo7lct6CoPgC&requiressl=yes&signature=BEC9A091ED4BE3F527E89BF194B77280BB569AE9.A9BA7C9578903396EBE3EF68C8BA37471A164BCC&itag=250&keepalive=yes&expire=1502240461&initcwndbps=3352500&source=youtube&clen=3755720&dur=460.381&lmt=1425253759811519&ipbits=0&gir=yes&mn=sn-4g57kned&ip=131.159.40.117&mm=31&mv=m&mt=1502218767&sparams=clen%2Cdur%2Cei%2Cgir%2Cid%2Cinitcwndbps%2Cip%2Cipbits%2Citag%2Ckeepalive%2Clmt%2Cmime%2Cmm%2Cmn%2Cms%2Cmv%2Cpl%2Crequiressl%2Csource%2Cexpire&ms=au&pl=16&id=o-ACC5AmtY2sGgMXKb7Qvd6HN5G5-zhUJj0KLklKOMBxr6&mime=audio%2Fwebm&ratebypass=yes", "player_url": null, "ext": "webm", "format_note": "DASH audio", "acodec": "opus", "abr": 70, "filesize": 3755720, "tbr": 81.2, "vcodec": "none", "format": "250 - audio only (DASH audio)", "protocol": "https", "http_headers": {"User-Agent": "Mozilla/5.0 (X11; Linux x86_64; rv:10.0) Gecko/20150101 Firefox/47.0 (Chrome)", "Accept-Charset": "ISO-8859-1,utf-8;q=0.7,*;q=0.7", "Accept": "text/html,application/xhtml+xml,application/xml;q=0.9,*/*;q=0.8", "Accept-Encoding": "gzip, deflate", "Accept-Language": "en-us,en;q=0.5"}}, {"ext": "m4a", "format_note": "DASH audio", "acodec": "mp4a.40.2", "abr": 128, "container": "m4a_dash", "format_id": "140", "url": "https://r5---sn-4g5ednld.googlevideo.com/videoplayback?id=906b3b745c1ff88e&itag=140&source=youtube&requiressl=yes&mn=sn-4g5ednld&mm=31&pl=16&mv=m&initcwndbps=3352500&ms=au&ei=bgqKWbjsFM66cauXpJAJ&ratebypass=yes&mime=audio/mp4&gir=yes&clen=7313256&lmt=1392016842204658&dur=460.428&key=dg_yt0&mt=1502218767&signature=9444DFEFAE02DA8EE4320CECB8A3D18A989957BF.22ABC937D0B011601023BF4590A8FE235F7FD7B1&ip=131.159.40.117&ipbits=0&expire=1502240462&sparams=ip,ipbits,expire,id,itag,source,requiressl,mn,mm,pl,mv,initcwndbps,ms,ei,ratebypass,mime,gir,clen,lmt,dur", "manifest_url": "https://manifest.googlevideo.com/api/manifest/dash/mn/sn-4g5ednld/mm/31/hfr/1/ipbits/0/key/yt6/ip/131.159.40.117/as/fmp4_audio_clear%2Cfmp4_sd_hd_clear/requiressl/yes/pl/16/source/youtube/mt/1502218767/expire/1502240462/mv/m/initcwndbps/3352500/itag/0/sparams/as%2Cei%2Chfr%2Cid%2Cinitcwndbps%2Cip%2Cipbits%2Citag%2Cmm%2Cmn%2Cms%2Cmv%2Cpl%2Cplayback_host%2Crequiressl%2Csource%2Cexpire/signature/4DDA1EE666123B988F02C14D725B22E883B54EBA.C1BD497178B34E3439DE5E32F0C8F07F777A85DB/ms/au/playback_host/r5---sn-4g5ednld.googlevideo.com/ei/bgqKWbjsFM66cauXpJAJ/id/906b3b745c1ff88e", "width": null, "height": null, "tbr": 128.119, "asr": 44100, "fps": null, "language": null, "filesize": 7313256, "vcodec": "none", "format": "140 - audio only (DASH audio)", "protocol": "https", "http_headers": {"User-Agent": "Mozilla/5.0 (X11; Linux x86_64; rv:10.0) Gecko/20150101 Firefox/47.0 (Chrome)", "Accept-Charset": "ISO-8859-1,utf-8;q=0.7,*;q=0.7", "Accept": "text/html,application/xhtml+xml,application/xml;q=0.9,*/*;q=0.8", "Accept-Encoding": "gzip, deflate", "Accept-Language": "en-us,en;q=0.5"}}, {"format_id": "251", "url": "https://r13---sn-4g57kned.googlevideo.com/videoplayback?key=yt6&ei=bQqKWZjeJo7lct6CoPgC&requiressl=yes&signature=D54E432460599E44A9F0A22A379C328963060BAC.D410AAE779A37DE3C5AE5DA7E0FB41BF17C28D75&itag=251&keepalive=yes&expire=1502240461&initcwndbps=3352500&source=youtube&clen=10334197&dur=460.381&lmt=1425253756893475&ipbits=0&gir=yes&mn=sn-4g57kned&ip=131.159.40.117&mm=31&mv=m&mt=1502218767&sparams=clen%2Cdur%2Cei%2Cgir%2Cid%2Cinitcwndbps%2Cip%2Cipbits%2Citag%2Ckeepalive%2Clmt%2Cmime%2Cmm%2Cmn%2Cms%2Cmv%2Cpl%2Crequiressl%2Csource%2Cexpire&ms=au&pl=16&id=o-ACC5AmtY2sGgMXKb7Qvd6HN5G5-zhUJj0KLklKOMBxr6&mime=audio%2Fwebm&ratebypass=yes", "player_url": null, "ext": "webm", "format_note": "DASH audio", "acodec": "opus", "abr": 160, "filesize": 10334197, "tbr": 224.126, "vcodec": "none", "format": "251 - audio only (DASH audio)", "protocol": "https", "http_headers": {"User-Agent": "Mozilla/5.0 (X11; Linux x86_64; rv:10.0) Gecko/20150101 Firefox/47.0 (Chrome)", "Accept-Charset": "ISO-8859-1,utf-8;q=0.7,*;q=0.7", "Accept": "text/html,application/xhtml+xml,application/xml;q=0.9,*/*;q=0.8", "Accept-Encoding": "gzip, deflate", "Accept-Language": "en-us,en;q=0.5"}}, {"format_id": "278", "url": "https://r13---sn-4g57kned.googlevideo.com/videoplayback?key=yt6&ei=bQqKWZjeJo7lct6CoPgC&requiressl=yes&signature=55D0DF1A90D6A3A5A2273EAF3B6D3562833275DB.DA66DD7334602CAB1E9DCB084A54C8997F724D7A&itag=278&keepalive=yes&expire=1502240461&initcwndbps=3352500&source=youtube&clen=5303829&dur=460.267&lmt=1425253941533432&ipbits=0&gir=yes&mn=sn-4g57kned&ip=131.159.40.117&mm=31&mv=m&mt=1502218767&sparams=clen%2Cdur%2Cei%2Cgir%2Cid%2Cinitcwndbps%2Cip%2Cipbits%2Citag%2Ckeepalive%2Clmt%2Cmime%2Cmm%2Cmn%2Cms%2Cmv%2Cpl%2Crequiressl%2Csource%2Cexpire&ms=au&pl=16&id=o-ACC5AmtY2sGgMXKb7Qvd6HN5G5-zhUJj0KLklKOMBxr6&mime=video%2Fwebm&ratebypass=yes", "player_url": null, "ext": "webm", "height": 144, "format_note": "144p", "container": "webm", "vcodec": "vp9", "filesize": 5303829, "tbr": 104.449, "width": 192, "fps": 15, "acodec": "none", "format": "278 - 192x144 (144p)", "protocol": "https", "http_headers": {"User-Agent": "Mozilla/5.0 (X11; Linux x86_64; rv:10.0) Gecko/20150101 Firefox/47.0 (Chrome)", "Accept-Charset": "ISO-8859-1,utf-8;q=0.7,*;q=0.7", "Accept": "text/html,application/xhtml+xml,application/xml;q=0.9,*/*;q=0.8", "Accept-Encoding": "gzip, deflate", "Accept-Language": "en-us,en;q=0.5"}}, {"ext": "mp4", "height": 144, "format_note": "DASH video", "vcodec": "avc1.4d400c", "format_id": "160", "url": "https://r5---sn-4g5ednld.googlevideo.com/videoplayback?id=906b3b745c1ff88e&itag=160&source=youtube&requiressl=yes&mn=sn-4g5ednld&mm=31&pl=16&mv=m&initcwndbps=3352500&ms=au&ei=bgqKWbjsFM66cauXpJAJ&ratebypass=yes&mime=video/mp4&gir=yes&clen=6061949&lmt=1392016899076587&dur=460.301&key=dg_yt0&mt=1502218767&signature=03D4744C1942E7B6386F2AA1F74EF322DAD10EC2.0661169B3BF79DAEA6C2B06DC90FD6F4884BEFBA&ip=131.159.40.117&ipbits=0&expire=1502240462&sparams=ip,ipbits,expire,id,itag,source,requiressl,mn,mm,pl,mv,initcwndbps,ms,ei,ratebypass,mime,gir,clen,lmt,dur", "manifest_url": "https://manifest.googlevideo.com/api/manifest/dash/mn/sn-4g5ednld/mm/31/hfr/1/ipbits/0/key/yt6/ip/131.159.40.117/as/fmp4_audio_clear%2Cfmp4_sd_hd_clear/requiressl/yes/pl/16/source/youtube/mt/1502218767/expire/1502240462/mv/m/initcwndbps/3352500/itag/0/sparams/as%2Cei%2Chfr%2Cid%2Cinitcwndbps%2Cip%2Cipbits%2Citag%2Cmm%2Cmn%2Cms%2Cmv%2Cpl%2Cplayback_host%2Crequiressl%2Csource%2Cexpire/signature/4DDA1EE666123B988F02C14D725B22E883B54EBA.C1BD497178B34E3439DE5E32F0C8F07F777A85DB/ms/au/playback_host/r5---sn-4g5ednld.googlevideo.com/ei/bgqKWbjsFM66cauXpJAJ/id/906b3b745c1ff88e", "width": 192, "tbr": 112.086, "asr": null, "fps": 15, "language": null, "filesize": 6061949, "acodec": "none", "format": "160 - 192x144 (DASH video)", "protocol": "https", "http_headers": {"User-Agent": "Mozilla/5.0 (X11; Linux x86_64; rv:10.0) Gecko/20150101 Firefox/47.0 (Chrome)", "Accept-Charset": "ISO-8859-1,utf-8;q=0.7,*;q=0.7", "Accept": "text/html,application/xhtml+xml,application/xml;q=0.9,*/*;q=0.8", "Accept-Encoding": "gzip, deflate", "Accept-Language": "en-us,en;q=0.5"}}, {"format_id": "242", "url": "https://r13---sn-4g57kned.googlevideo.com/videoplayback?key=yt6&ei=bQqKWZjeJo7lct6CoPgC&requiressl=yes&signature=41FD6BA59CF2126903AD55B2E84D83588CBCC9AF.BB261E81CA322EA29BAE458B3CA1C864F12CF978&itag=242&keepalive=yes&expire=1502240461&initcwndbps=3352500&source=youtube&clen=8831133&dur=460.300&lmt=1425253880401800&ipbits=0&gir=yes&mn=sn-4g57kned&ip=131.159.40.117&mm=31&mv=m&mt=1502218767&sparams=clen%2Cdur%2Cei%2Cgir%2Cid%2Cinitcwndbps%2Cip%2Cipbits%2Citag%2Ckeepalive%2Clmt%2Cmime%2Cmm%2Cmn%2Cms%2Cmv%2Cpl%2Crequiressl%2Csource%2Cexpire&ms=au&pl=16&id=o-ACC5AmtY2sGgMXKb7Qvd6HN5G5-zhUJj0KLklKOMBxr6&mime=video%2Fwebm&ratebypass=yes", "player_url": null, "ext": "webm", "height": 240, "format_note": "240p", "vcodec": "vp9", "filesize": 8831133, "tbr": 227.366, "width": 320, "fps": 30, "acodec": "none", "format": "242 - 320x240 (240p)", "protocol": "https", "http_headers": {"User-Agent": "Mozilla/5.0 (X11; Linux x86_64; rv:10.0) Gecko/20150101 Firefox/47.0 (Chrome)", "Accept-Charset": "ISO-8859-1,utf-8;q=0.7,*;q=0.7", "Accept": "text/html,application/xhtml+xml,application/xml;q=0.9,*/*;q=0.8", "Accept-Encoding": "gzip, deflate", "Accept-Language": "en-us,en;q=0.5"}}, {"ext": "mp4", "height": 240, "format_note": "DASH video", "vcodec": "avc1.4d400d", "format_id": "133", "url": "https://r5---sn-4g5ednld.googlevideo.com/videoplayback?id=906b3b745c1ff88e&itag=133&source=youtube&requiressl=yes&mn=sn-4g5ednld&mm=31&pl=16&mv=m&initcwndbps=3352500&ms=au&ei=bgqKWbjsFM66cauXpJAJ&ratebypass=yes&mime=video/mp4&gir=yes&clen=14057165&lmt=1392016897045647&dur=460.301&key=dg_yt0&mt=1502218767&signature=2FBE7776B190C0343ED1B12224528E2F0F3A53EB.6623DB206083F9A76A42E277DD9D7D6118F5CF18&ip=131.159.40.117&ipbits=0&expire=1502240462&sparams=ip,ipbits,expire,id,itag,source,requiressl,mn,mm,pl,mv,initcwndbps,ms,ei,ratebypass,mime,gir,clen,lmt,dur", "manifest_url": "https://manifest.googlevideo.com/api/manifest/dash/mn/sn-4g5ednld/mm/31/hfr/1/ipbits/0/key/yt6/ip/131.159.40.117/as/fmp4_audio_clear%2Cfmp4_sd_hd_clear/requiressl/yes/pl/16/source/youtube/mt/1502218767/expire/1502240462/mv/m/initcwndbps/3352500/itag/0/sparams/as%2Cei%2Chfr%2Cid%2Cinitcwndbps%2Cip%2Cipbits%2Citag%2Cmm%2Cmn%2Cms%2Cmv%2Cpl%2Cplayback_host%2Crequiressl%2Csource%2Cexpire/signature/4DDA1EE666123B988F02C14D725B22E883B54EBA.C1BD497178B34E3439DE5E32F0C8F07F777A85DB/ms/au/playback_host/r5---sn-4g5ednld.googlevideo.com/ei/bgqKWbjsFM66cauXpJAJ/id/906b3b745c1ff88e", "width": 320, "tbr": 248.446, "asr": null, "fps": 30, "language": null, "filesize": 14057165, "acodec": "none", "format": "133 - 320x240 (DASH video)", "protocol": "https", "http_headers": {"User-Agent": "Mozilla/5.0 (X11; Linux x86_64; rv:10.0) Gecko/20150101 Firefox/47.0 (Chrome)", "Accept-Charset": "ISO-8859-1,utf-8;q=0.7,*;q=0.7", "Accept": "text/html,application/xhtml+xml,application/xml;q=0.9,*/*;q=0.8", "Accept-Encoding": "gzip, deflate", "Accept-Language": "en-us,en;q=0.5"}}, {"ext": "mp4", "height": 360, "format_note": "DASH video", "vcodec": "avc1.4d401e", "format_id": "134", "url": "https://r5---sn-4g5ednld.googlevideo.com/videoplayback?id=906b3b745c1ff88e&itag=134&source=youtube&requiressl=yes&mn=sn-4g5ednld&mm=31&pl=16&mv=m&initcwndbps=3352500&ms=au&ei=bgqKWbjsFM66cauXpJAJ&ratebypass=yes&mime=video/mp4&gir=yes&clen=13994721&lmt=1392016903056139&dur=460.301&key=dg_yt0&mt=1502218767&signature=8D46CFF30FFFA202F9F750059BB612AE6AE00DF9.04EA23949FB85F8D53ED827ECA9BE03F9A10C719&ip=131.159.40.117&ipbits=0&expire=1502240462&sparams=ip,ipbits,expire,id,itag,source,requiressl,mn,mm,pl,mv,initcwndbps,ms,ei,ratebypass,mime,gir,clen,lmt,dur", "manifest_url": "https://manifest.googlevideo.com/api/manifest/dash/mn/sn-4g5ednld/mm/31/hfr/1/ipbits/0/key/yt6/ip/131.159.40.117/as/fmp4_audio_clear%2Cfmp4_sd_hd_clear/requiressl/yes/pl/16/source/youtube/mt/1502218767/expire/1502240462/mv/m/initcwndbps/3352500/itag/0/sparams/as%2Cei%2Chfr%2Cid%2Cinitcwndbps%2Cip%2Cipbits%2Citag%2Cmm%2Cmn%2Cms%2Cmv%2Cpl%2Cplayback_host%2Crequiressl%2Csource%2Cexpire/signature/4DDA1EE666123B988F02C14D725B22E883B54EBA.C1BD497178B34E3439DE5E32F0C8F07F777A85DB/ms/au/playback_host/r5---sn-4g5ednld.googlevideo.com/ei/bgqKWbjsFM66cauXpJAJ/id/906b3b745c1ff88e", "width": 480, "tbr": 321.758, "asr": null, "fps": 30, "language": null, "filesize": 13994721, "acodec": "none", "format": "134 - 480x360 (DASH video)", "protocol": "https", "http_headers": {"User-Agent": "Mozilla/5.0 (X11; Linux x86_64; rv:10.0) Gecko/20150101 Firefox/47.0 (Chrome)", "Accept-Charset": "ISO-8859-1,utf-8;q=0.7,*;q=0.7", "Accept": "text/html,application/xhtml+xml,application/xml;q=0.9,*/*;q=0.8", "Accept-Encoding": "gzip, deflate", "Accept-Language": "en-us,en;q=0.5"}}, {"format_id": "243", "url": "https://r13---sn-4g57kned.googlevideo.com/videoplayback?key=yt6&ei=bQqKWZjeJo7lct6CoPgC&requiressl=yes&signature=A99A140C85444AE2BA0C7C19CA162E919A2A1D91.8479EAE318E4726F355883E816FDF7EBA8A47BE1&itag=243&keepalive=yes&expire=1502240461&initcwndbps=3352500&source=youtube&clen=16100563&dur=460.300&lmt=1425253905044630&ipbits=0&gir=yes&mn=sn-4g57kned&ip=131.159.40.117&mm=31&mv=m&mt=1502218767&sparams=clen%2Cdur%2Cei%2Cgir%2Cid%2Cinitcwndbps%2Cip%2Cipbits%2Citag%2Ckeepalive%2Clmt%2Cmime%2Cmm%2Cmn%2Cms%2Cmv%2Cpl%2Crequiressl%2Csource%2Cexpire&ms=au&pl=16&id=o-ACC5AmtY2sGgMXKb7Qvd6HN5G5-zhUJj0KLklKOMBxr6&mime=video%2Fwebm&ratebypass=yes", "player_url": null, "ext": "webm", "height": 360, "format_note": "360p", "vcodec": "vp9", "filesize": 16100563, "tbr": 403.31, "width": 480, "fps": 30, "acodec": "none", "format": "243 - 480x360 (360p)", "protocol": "https", "http_headers": {"User-Agent": "Mozilla/5.0 (X11; Linux x86_64; rv:10.0) Gecko/20150101 Firefox/47.0 (Chrome)", "Accept-Charset": "ISO-8859-1,utf-8;q=0.7,*;q=0.7", "Accept": "text/html,application/xhtml+xml,application/xml;q=0.9,*/*;q=0.8", "Accept-Encoding": "gzip, deflate", "Accept-Language": "en-us,en;q=0.5"}}, {"format_id": "244", "url": "https://r13---sn-4g57kned.googlevideo.com/videoplayback?key=yt6&ei=bQqKWZjeJo7lct6CoPgC&requiressl=yes&signature=818614E7471A7074CF5CF54B20E58F60EA6E3AE3.574D583D30506B46008CACDE243C95CA4E501DB4&itag=244&keepalive=yes&expire=1502240461&initcwndbps=3352500&source=youtube&clen=30204812&dur=460.300&lmt=1425254006464073&ipbits=0&gir=yes&mn=sn-4g57kned&ip=131.159.40.117&mm=31&mv=m&mt=1502218767&sparams=clen%2Cdur%2Cei%2Cgir%2Cid%2Cinitcwndbps%2Cip%2Cipbits%2Citag%2Ckeepalive%2Clmt%2Cmime%2Cmm%2Cmn%2Cms%2Cmv%2Cpl%2Crequiressl%2Csource%2Cexpire&ms=au&pl=16&id=o-ACC5AmtY2sGgMXKb7Qvd6HN5G5-zhUJj0KLklKOMBxr6&mime=video%2Fwebm&ratebypass=yes", "player_url": null, "ext": "webm", "height": 480, "format_note": "480p", "vcodec": "vp9", "filesize": 30204812, "tbr": 722.051, "width": 640, "fps": 30, "acodec": "none", "format": "244 - 640x480 (480p)", "protocol": "https", "http_headers": {"User-Agent": "Mozilla/5.0 (X11; Linux x86_64; rv:10.0) Gecko/20150101 Firefox/47.0 (Chrome)", "Accept-Charset": "ISO-8859-1,utf-8;q=0.7,*;q=0.7", "Accept": "text/html,application/xhtml+xml,application/xml;q=0.9,*/*;q=0.8", "Accept-Encoding": "gzip, deflate", "Accept-Language": "en-us,en;q=0.5"}}, {"ext": "mp4", "height": 480, "format_note": "DASH video", "vcodec": "avc1.4d401e", "format_id": "135", "url": "https://r5---sn-4g5ednld.googlevideo.com/videoplayback?id=906b3b745c1ff88e&itag=135&source=youtube&requiressl=yes&mn=sn-4g5ednld&mm=31&pl=16&mv=m&initcwndbps=3352500&ms=au&ei=bgqKWbjsFM66cauXpJAJ&ratebypass=yes&mime=video/mp4&gir=yes&clen=31841258&lmt=1392016915155526&dur=460.301&key=dg_yt0&mt=1502218767&signature=32DF38261BEA8A26DDD0DC1AF3E5B77E9EFD6129.21D3C44B2BB7C65AB6DEDFA5C4E5382F08B5407C&ip=131.159.40.117&ipbits=0&expire=1502240462&sparams=ip,ipbits,expire,id,itag,source,requiressl,mn,mm,pl,mv,initcwndbps,ms,ei,ratebypass,mime,gir,clen,lmt,dur", "manifest_url": "https://manifest.googlevideo.com/api/manifest/dash/mn/sn-4g5ednld/mm/31/hfr/1/ipbits/0/key/yt6/ip/131.159.40.117/as/fmp4_audio_clear%2Cfmp4_sd_hd_clear/requiressl/yes/pl/16/source/youtube/mt/1502218767/expire/1502240462/mv/m/initcwndbps/3352500/itag/0/sparams/as%2Cei%2Chfr%2Cid%2Cinitcwndbps%2Cip%2Cipbits%2Citag%2Cmm%2Cmn%2Cms%2Cmv%2Cpl%2Cplayback_host%2Crequiressl%2Csource%2Cexpire/signature/4DDA1EE666123B988F02C14D725B22E883B54EBA.C1BD497178B34E3439DE5E32F0C8F07F777A85DB/ms/au/playback_host/r5---sn-4g5ednld.googlevideo.com/ei/bgqKWbjsFM66cauXpJAJ/id/906b3b745c1ff88e", "width": 640, "tbr": 759.481, "asr": null, "fps": 30, "language": null, "filesize": 31841258, "acodec": "none", "format": "135 - 640x480 (DASH video)", "protocol": "https", "http_headers": {"User-Agent": "Mozilla/5.0 (X11; Linux x86_64; rv:10.0) Gecko/20150101 Firefox/47.0 (Chrome)", "Accept-Charset": "ISO-8859-1,utf-8;q=0.7,*;q=0.7", "Accept": "text/html,application/xhtml+xml,application/xml;q=0.9,*/*;q=0.8", "Accept-Encoding": "gzip, deflate", "Accept-Language": "en-us,en;q=0.5"}}, {"format_id": "17", "url": "https://r13---sn-4g57kned.googlevideo.com/videoplayback?key=yt6&ei=bQqKWZjeJo7lct6CoPgC&requiressl=yes&signature=501EF35B8B437EC8662A2E8E56CB9759B7021003.2BCA2265591630776067F1A520F85BDC1FC0D4FE&itag=17&expire=1502240461&initcwndbps=3352500&source=youtube&clen=4719739&dur=460.730&lmt=1392016918129725&ipbits=0&gir=yes&mn=sn-4g57kned&ip=131.159.40.117&mm=31&mv=m&mt=1502218767&sparams=clen%2Cdur%2Cei%2Cgir%2Cid%2Cinitcwndbps%2Cip%2Cipbits%2Citag%2Clmt%2Cmime%2Cmm%2Cmn%2Cms%2Cmv%2Cpl%2Crequiressl%2Csource%2Cexpire&ms=au&pl=16&id=o-ACC5AmtY2sGgMXKb7Qvd6HN5G5-zhUJj0KLklKOMBxr6&mime=video%2F3gpp&ratebypass=yes", "player_url": null, "ext": "3gp", "width": 176, "height": 144, "acodec": "mp4a.40.2", "abr": 24, "vcodec": "mp4v.20.3", "resolution": "176x144", "format_note": "small", "format": "17 - 176x144 (small)", "protocol": "https", "http_headers": {"User-Agent": "Mozilla/5.0 (X11; Linux x86_64; rv:10.0) Gecko/20150101 Firefox/47.0 (Chrome)", "Accept-Charset": "ISO-8859-1,utf-8;q=0.7,*;q=0.7", "Accept": "text/html,application/xhtml+xml,application/xml;q=0.9,*/*;q=0.8", "Accept-Encoding": "gzip, deflate", "Accept-Language": "en-us,en;q=0.5"}}, {"format_id": "36", "url": "https://r13---sn-4g57kned.googlevideo.com/videoplayback?key=yt6&ei=bQqKWZjeJo7lct6CoPgC&requiressl=yes&signature=92D30E57723F460E1AC9E8292A8078DF01BDD42D.5D0E0A38D2AEBF233605C3C1363BD10184BB8A51&itag=36&expire=1502240461&initcwndbps=3352500&source=youtube&clen=12986724&dur=460.544&lmt=1392017062753732&ipbits=0&gir=yes&mn=sn-4g57kned&ip=131.159.40.117&mm=31&mv=m&mt=1502218767&sparams=clen%2Cdur%2Cei%2Cgir%2Cid%2Cinitcwndbps%2Cip%2Cipbits%2Citag%2Clmt%2Cmime%2Cmm%2Cmn%2Cms%2Cmv%2Cpl%2Crequiressl%2Csource%2Cexpire&ms=au&pl=16&id=o-ACC5AmtY2sGgMXKb7Qvd6HN5G5-zhUJj0KLklKOMBxr6&mime=video%2F3gpp&ratebypass=yes", "player_url": null, "ext": "3gp", "width": 320, "acodec": "mp4a.40.2", "vcodec": "mp4v.20.3", "resolution": "320x240", "height": 240, "format_note": "small", "format": "36 - 320x240 (small)", "protocol": "https", "http_headers": {"User-Agent": "Mozilla/5.0 (X11; Linux x86_64; rv:10.0) Gecko/20150101 Firefox/47.0 (Chrome)", "Accept-Charset": "ISO-8859-1,utf-8;q=0.7,*;q=0.7", "Accept": "text/html,application/xhtml+xml,application/xml;q=0.9,*/*;q=0.8", "Accept-Encoding": "gzip, deflate", "Accept-Language": "en-us,en;q=0.5"}}, {"format_id": "18", "url": "https://r13---sn-4g57kned.googlevideo.com/videoplayback?key=yt6&ei=bQqKWZjeJo7lct6CoPgC&requiressl=yes&signature=CE7F74D5C32B88DE66956666A599C5669EF82225.C79008B158E057D06886FE1571635EAECA2FBD6A&itag=18&expire=1502240461&initcwndbps=3352500&source=youtube&clen=24371083&dur=460.428&lmt=1392016925131274&ratebypass=yes&ipbits=0&gir=yes&mn=sn-4g57kned&ip=131.159.40.117&mm=31&mv=m&mt=1502218767&sparams=clen%2Cdur%2Cei%2Cgir%2Cid%2Cinitcwndbps%2Cip%2Cipbits%2Citag%2Clmt%2Cmime%2Cmm%2Cmn%2Cms%2Cmv%2Cpl%2Cratebypass%2Crequiressl%2Csource%2Cexpire&ms=au&pl=16&id=o-ACC5AmtY2sGgMXKb7Qvd6HN5G5-zhUJj0KLklKOMBxr6&mime=video%2Fmp4", "player_url": null, "ext": "mp4", "width": 480, "height": 360, "acodec": "mp4a.40.2", "abr": 96, "vcodec": "avc1.42001E", "resolution": "480x360", "format_note": "medium", "format": "18 - 480x360 (medium)", "protocol": "https", "http_headers": {"User-Agent": "Mozilla/5.0 (X11; Linux x86_64; rv:10.0) Gecko/20150101 Firefox/47.0 (Chrome)", "Accept-Charset": "ISO-8859-1,utf-8;q=0.7,*;q=0.7", "Accept": "text/html,application/xhtml+xml,application/xml;q=0.9,*/*;q=0.8", "Accept-Encoding": "gzip, deflate", "Accept-Language": "en-us,en;q=0.5"}}, {"format_id": "43", "url": "https://r13---sn-4g57kned.googlevideo.com/videoplayback?key=yt6&ei=bQqKWZjeJo7lct6CoPgC&requiressl=yes&signature=81CB4FE3367E04B6FB41DC6D2C58DF77DA2E4453.920F4F3AB3062299CD245BB47A1E07BBB083D524&itag=43&expire=1502240461&initcwndbps=3352500&source=youtube&clen=34983014&dur=0.000&lmt=1350521728085183&ratebypass=yes&ipbits=0&gir=yes&mn=sn-4g57kned&ip=131.159.40.117&mm=31&mv=m&mt=1502218767&sparams=clen%2Cdur%2Cei%2Cgir%2Cid%2Cinitcwndbps%2Cip%2Cipbits%2Citag%2Clmt%2Cmime%2Cmm%2Cmn%2Cms%2Cmv%2Cpl%2Cratebypass%2Crequiressl%2Csource%2Cexpire&ms=au&pl=16&id=o-ACC5AmtY2sGgMXKb7Qvd6HN5G5-zhUJj0KLklKOMBxr6&mime=video%2Fwebm", "player_url": null, "ext": "webm", "width": 640, "height": 360, "acodec": "vorbis", "abr": 128, "vcodec": "vp8.0", "resolution": "640x360", "format_note": "medium", "format": "43 - 640x360 (medium)", "protocol": "https", "http_headers": {"User-Agent": "Mozilla/5.0 (X11; Linux x86_64; rv:10.0) Gecko/20150101 Firefox/47.0 (Chrome)", "Accept-Charset": "ISO-8859-1,utf-8;q=0.7,*;q=0.7", "Accept": "text/html,application/xhtml+xml,application/xml;q=0.9,*/*;q=0.8", "Accept-Encoding": "gzip, deflate", "Accept-Language": "en-us,en;q=0.5"}}], "is_live": null, "start_time": null, "end_time": null, "series": null, "season_number": null, "episode_number": null, "extractor": "youtube", "webpage_url_basename": "kGs7dFwf-I4", "extractor_key": "Youtube", "playlist": null, "playlist_index": null, "thumbnails": [{"url": "https://i.ytimg.com/vi/kGs7dFwf-I4/hqdefault.jpg", "id": "0"}], "display_id": "kGs7dFwf-I4", "ext": "mp4", "height": 480, "format_note": "DASH video", "vcodec": "avc1.4d401e", "format_id": "135", "url": "https://r5---sn-4g5ednld.googlevideo.com/videoplayback?id=906b3b745c1ff88e&itag=135&source=youtube&requiressl=yes&mn=sn-4g5ednld&mm=31&pl=16&mv=m&initcwndbps=3352500&ms=au&ei=bgqKWbjsFM66cauXpJAJ&ratebypass=yes&mime=video/mp4&gir=yes&clen=31841258&lmt=1392016915155526&dur=460.301&key=dg_yt0&mt=1502218767&signature=32DF38261BEA8A26DDD0DC1AF3E5B77E9EFD6129.21D3C44B2BB7C65AB6DEDFA5C4E5382F08B5407C&ip=131.159.40.117&ipbits=0&expire=1502240462&sparams=ip,ipbits,expire,id,itag,source,requiressl,mn,mm,pl,mv,initcwndbps,ms,ei,ratebypass,mime,gir,clen,lmt,dur", "manifest_url": "https://manifest.googlevideo.com/api/manifest/dash/mn/sn-4g5ednld/mm/31/hfr/1/ipbits/0/key/yt6/ip/131.159.40.117/as/fmp4_audio_clear%2Cfmp4_sd_hd_clear/requiressl/yes/pl/16/source/youtube/mt/1502218767/expire/1502240462/mv/m/initcwndbps/3352500/itag/0/sparams/as%2Cei%2Chfr%2Cid%2Cinitcwndbps%2Cip%2Cipbits%2Citag%2Cmm%2Cmn%2Cms%2Cmv%2Cpl%2Cplayback_host%2Crequiressl%2Csource%2Cexpire/signature/4DDA1EE666123B988F02C14D725B22E883B54EBA.C1BD497178B34E3439DE5E32F0C8F07F777A85DB/ms/au/playback_host/r5---sn-4g5ednld.googlevideo.com/ei/bgqKWbjsFM66cauXpJAJ/id/906b3b745c1ff88e", "width": 640, "tbr": 759.481, "asr": null, "fps": 30, "language": null, "filesize": 31841258, "acodec": "none", "format": "135 - 640x480 (DASH video)", "protocol": "https", "http_headers": {"User-Agent": "Mozilla/5.0 (X11; Linux x86_64; rv:10.0) Gecko/20150101 Firefox/47.0 (Chrome)", "Accept-Charset": "ISO-8859-1,utf-8;q=0.7,*;q=0.7", "Accept": "text/html,application/xhtml+xml,application/xml;q=0.9,*/*;q=0.8", "Accept-Encoding": "gzip, deflate", "Accept-Language": "en-us,en;q=0.5"}, "fulltitle": "Revue: Ma routine soin du visage \u2665", "_filename": "kGs7dFwf-I4.mp4"}