{"id": "4B3CMdpXQpk", "uploader": "GMA News", "uploader_id": "gmanews", "uploader_url": "http://www.youtube.com/user/gmanews", "upload_date": "20140317", "license": "Standard YouTube License", "creator": null, "title": "Saksi: Inang suspek sa pagpatay sa 4 niyang anak, ipasusuri sa espesyalista", "alt_title": null, "thumbnail": "https://i.ytimg.com/vi/4B3CMdpXQpk/hqdefault.jpg", "description": "Saksi is GMA Network's late-night newscast hosted by Arnold Clavio and Vicky Morales. It airs Mondays to Fridays at 11:30 PM (PHL Time) on GMA-7. For more videos from Saksi, visit http://www.gmanetwork.com/saksi.\n\n\nGMA News Online: http://www.gmanews.tv\nFacebook: http://www.facebook.com/gmanews\nTwitter: http://www.twitter.com/gmanews", "categories": ["News & Politics"], "tags": ["GMA", "GMA 7", "GMA7", "GMA News", "Network", "gmanews", "philippines", "philippine", "pinoy", "news", "filipino", "abs cbn", "abscbn", "rappler", "tv5", "public affairs", "Saksi"], "subtitles": {}, "automatic_captions": {}, "duration": 119, "age_limit": 0, "annotations": null, "chapters": null, "webpage_url": "https://www.youtube.com/watch?v=4B3CMdpXQpk", "view_count": 2316, "like_count": 1, "dislike_count": 0, "average_rating": 5.0, "formats": [{"ext": "m4a", "format_note": "DASH audio", "acodec": "mp4a.40.5", "abr": 48, "container": "m4a_dash", "format_id": "139", "url": "https://r5---sn-xjpm-q0ns.googlevideo.com/videoplayback?id=e01dc231da574299&itag=139&source=youtube&requiressl=yes&mv=u&ms=au&pl=16&mn=sn-xjpm-q0ns&ei=EGqKWfWZMsHicNqJgJgC&mm=31&ratebypass=yes&mime=audio/mp4&gir=yes&clen=711189&lmt=1395072201957449&dur=119.489&mt=1502243084&signature=818FD5A26E319E8468BF2CC023E86162678C6E40.301A849CCED511A62C7521E4D9C1DD33F9A2E885&key=dg_yt0&ip=131.159.40.117&ipbits=0&expire=1502264944&sparams=ip,ipbits,expire,id,itag,source,requiressl,mv,ms,pl,mn,ei,mm,ratebypass,mime,gir,clen,lmt,dur", "manifest_url": "https://manifest.googlevideo.com/api/manifest/dash/mv/u/as/fmp4_audio_clear%2Cfmp4_sd_hd_clear/mt/1502243084/ip/131.159.40.117/ms/au/signature/D04644268F2143879ADABACA911DC5882666C4EA.CA8A626F2B503063BA9586AAA2C9DC94B7CF9ABD/pl/16/requiressl/yes/sparams/as%2Cei%2Chfr%2Cid%2Cip%2Cipbits%2Citag%2Cmm%2Cmn%2Cms%2Cmv%2Cpl%2Cplayback_host%2Crequiressl%2Csource%2Cexpire/id/e01dc231da574299/hfr/1/mn/sn-xjpm-q0ns/ipbits/0/ei/EGqKWfWZMsHicNqJgJgC/itag/0/key/yt6/playback_host/r5---sn-xjpm-q0ns.googlevideo.com/mm/31/expire/1502264944/source/youtube", "width": null, "height": null, "tbr": 48.513, "asr": 22050, "fps": null, "language": null, "filesize": 711189, "vcodec": "none", "format": "139 - audio only (DASH audio)", "protocol": "https", "http_headers": {"User-Agent": "Mozilla/5.0 (X11; Linux x86_64; rv:10.0) Gecko/20150101 Firefox/47.0 (Chrome)", "Accept-Charset": "ISO-8859-1,utf-8;q=0.7,*;q=0.7", "Accept": "text/html,application/xhtml+xml,application/xml;q=0.9,*/*;q=0.8", "Accept-Encoding": "gzip, deflate", "Accept-Language": "en-us,en;q=0.5"}}, {"format_id": "171", "url": "https://r5---sn-xjpm-q0ns.googlevideo.com/videoplayback?ms=au&ei=EGqKWcq8FMXlcKnkqYgF&pl=16&mv=u&ipbits=0&ip=131.159.40.117&id=o-AHfDMIqrBwv-Tzt-5yYaY6s-V4qPLj2qxXz9vJas7d7k&expire=1502264944&mm=31&itag=171&mt=1502243084&keepalive=yes&sparams=clen%2Cdur%2Cei%2Cgir%2Cid%2Cip%2Cipbits%2Citag%2Ckeepalive%2Clmt%2Cmime%2Cmm%2Cmn%2Cms%2Cmv%2Cpl%2Crequiressl%2Csource%2Cexpire&signature=A5D3F695858F511EBDB4E8FD60CD15893FF298E3.14270D76DAEB011CF01299CC815D84A0C9C90ECF&requiressl=yes&source=youtube&key=yt6&mime=audio%2Fwebm&gir=yes&mn=sn-xjpm-q0ns&clen=1664794&dur=119.343&lmt=1395209393407353&ratebypass=yes", "player_url": null, "ext": "webm", "acodec": "vorbis", "format_note": "DASH audio", "abr": 128, "filesize": 1664794, "tbr": 117.44, "fps": 1, "vcodec": "none", "format": "171 - audio only (DASH audio)", "protocol": "https", "http_headers": {"User-Agent": "Mozilla/5.0 (X11; Linux x86_64; rv:10.0) Gecko/20150101 Firefox/47.0 (Chrome)", "Accept-Charset": "ISO-8859-1,utf-8;q=0.7,*;q=0.7", "Accept": "text/html,application/xhtml+xml,application/xml;q=0.9,*/*;q=0.8", "Accept-Encoding": "gzip, deflate", "Accept-Language": "en-us,en;q=0.5"}}, {"ext": "m4a", "format_note": "DASH audio", "acodec": "mp4a.40.2", "abr": 128, "container": "m4a_dash", "format_id": "140", "url": "https://r5---sn-xjpm-q0ns.googlevideo.com/videoplayback?id=e01dc231da574299&itag=140&source=youtube&requiressl=yes&mv=u&ms=au&pl=16&mn=sn-xjpm-q0ns&ei=EGqKWfWZMsHicNqJgJgC&mm=31&ratebypass=yes&mime=audio/mp4&gir=yes&clen=1897262&lmt=1395072199142386&dur=119.420&mt=1502243084&signature=467E699D73133A42CE8E849C1F05302F15D9C519.8131E47CEACFD65F088F9FC2E12B7AB94CE290AD&key=dg_yt0&ip=131.159.40.117&ipbits=0&expire=1502264944&sparams=ip,ipbits,expire,id,itag,source,requiressl,mv,ms,pl,mn,ei,mm,ratebypass,mime,gir,clen,lmt,dur", "manifest_url": "https://manifest.googlevideo.com/api/manifest/dash/mv/u/as/fmp4_audio_clear%2Cfmp4_sd_hd_clear/mt/1502243084/ip/131.159.40.117/ms/au/signature/D04644268F2143879ADABACA911DC5882666C4EA.CA8A626F2B503063BA9586AAA2C9DC94B7CF9ABD/pl/16/requiressl/yes/sparams/as%2Cei%2Chfr%2Cid%2Cip%2Cipbits%2Citag%2Cmm%2Cmn%2Cms%2Cmv%2Cpl%2Cplayback_host%2Crequiressl%2Csource%2Cexpire/id/e01dc231da574299/hfr/1/mn/sn-xjpm-q0ns/ipbits/0/ei/EGqKWfWZMsHicNqJgJgC/itag/0/key/yt6/playback_host/r5---sn-xjpm-q0ns.googlevideo.com/mm/31/expire/1502264944/source/youtube", "width": null, "height": null, "tbr": 127.863, "asr": 44100, "fps": null, "language": null, "filesize": 1897262, "vcodec": "none", "format": "140 - audio only (DASH audio)", "protocol": "https", "http_headers": {"User-Agent": "Mozilla/5.0 (X11; Linux x86_64; rv:10.0) Gecko/20150101 Firefox/47.0 (Chrome)", "Accept-Charset": "ISO-8859-1,utf-8;q=0.7,*;q=0.7", "Accept": "text/html,application/xhtml+xml,application/xml;q=0.9,*/*;q=0.8", "Accept-Encoding": "gzip, deflate", "Accept-Language": "en-us,en;q=0.5"}}, {"ext": "mp4", "height": 144, "format_note": "DASH video", "vcodec": "avc1.42c00c", "format_id": "160", "url": "https://r5---sn-xjpm-q0ns.googlevideo.com/videoplayback?id=e01dc231da574299&itag=160&source=youtube&requiressl=yes&mv=u&ms=au&pl=16&mn=sn-xjpm-q0ns&ei=EGqKWfWZMsHicNqJgJgC&mm=31&ratebypass=yes&mime=video/mp4&gir=yes&clen=1657775&lmt=1395072199416560&dur=119.360&mt=1502243084&signature=1255B78A6631AAD6722CBC706186D901FD94B6F4.7ABF37D0628AB941973C41FE1F2DDA7F1A900E61&key=dg_yt0&ip=131.159.40.117&ipbits=0&expire=1502264944&sparams=ip,ipbits,expire,id,itag,source,requiressl,mv,ms,pl,mn,ei,mm,ratebypass,mime,gir,clen,lmt,dur", "manifest_url": "https://manifest.googlevideo.com/api/manifest/dash/mv/u/as/fmp4_audio_clear%2Cfmp4_sd_hd_clear/mt/1502243084/ip/131.159.40.117/ms/au/signature/D04644268F2143879ADABACA911DC5882666C4EA.CA8A626F2B503063BA9586AAA2C9DC94B7CF9ABD/pl/16/requiressl/yes/sparams/as%2Cei%2Chfr%2Cid%2Cip%2Cipbits%2Citag%2Cmm%2Cmn%2Cms%2Cmv%2Cpl%2Cplayback_host%2Crequiressl%2Csource%2Cexpire/id/e01dc231da574299/hfr/1/mn/sn-xjpm-q0ns/ipbits/0/ei/EGqKWfWZMsHicNqJgJgC/itag/0/key/yt6/playback_host/r5---sn-xjpm-q0ns.googlevideo.com/mm/31/expire/1502264944/source/youtube", "width": 192, "tbr": 112.845, "asr": null, "fps": 15, "language": null, "filesize": 1657775, "acodec": "none", "format": "160 - 192x144 (DASH video)", "protocol": "https", "http_headers": {"User-Agent": "Mozilla/5.0 (X11; Linux x86_64; rv:10.0) Gecko/20150101 Firefox/47.0 (Chrome)", "Accept-Charset": "ISO-8859-1,utf-8;q=0.7,*;q=0.7", "Accept": "text/html,application/xhtml+xml,application/xml;q=0.9,*/*;q=0.8", "Accept-Encoding": "gzip, deflate", "Accept-Language": "en-us,en;q=0.5"}}, {"ext": "mp4", "height": 240, "format_note": "DASH video", "vcodec": "avc1.4d400d", "format_id": "133", "url": "https://r5---sn-xjpm-q0ns.googlevideo.com/videoplayback?id=e01dc231da574299&itag=133&source=youtube&requiressl=yes&mv=u&ms=au&pl=16&mn=sn-xjpm-q0ns&ei=EGqKWfWZMsHicNqJgJgC&mm=31&ratebypass=yes&mime=video/mp4&gir=yes&clen=3664459&lmt=1395072200955363&dur=119.360&mt=1502243084&signature=6361BD1282C19C2F6A2F771E8D5145C12432924B.7558628717CA7C1A6CA0F0024BF786C27B40623C&key=dg_yt0&ip=131.159.40.117&ipbits=0&expire=1502264944&sparams=ip,ipbits,expire,id,itag,source,requiressl,mv,ms,pl,mn,ei,mm,ratebypass,mime,gir,clen,lmt,dur", "manifest_url": "https://manifest.googlevideo.com/api/manifest/dash/mv/u/as/fmp4_audio_clear%2Cfmp4_sd_hd_clear/mt/1502243084/ip/131.159.40.117/ms/au/signature/D04644268F2143879ADABACA911DC5882666C4EA.CA8A626F2B503063BA9586AAA2C9DC94B7CF9ABD/pl/16/requiressl/yes/sparams/as%2Cei%2Chfr%2Cid%2Cip%2Cipbits%2Citag%2Cmm%2Cmn%2Cms%2Cmv%2Cpl%2Cplayback_host%2Crequiressl%2Csource%2Cexpire/id/e01dc231da574299/hfr/1/mn/sn-xjpm-q0ns/ipbits/0/ei/EGqKWfWZMsHicNqJgJgC/itag/0/key/yt6/playback_host/r5---sn-xjpm-q0ns.googlevideo.com/mm/31/expire/1502264944/source/youtube", "width": 320, "tbr": 252.259, "asr": null, "fps": 25, "language": null, "filesize": 3664459, "acodec": "none", "format": "133 - 320x240 (DASH video)", "protocol": "https", "http_headers": {"User-Agent": "Mozilla/5.0 (X11; Linux x86_64; rv:10.0) Gecko/20150101 Firefox/47.0 (Chrome)", "Accept-Charset": "ISO-8859-1,utf-8;q=0.7,*;q=0.7", "Accept": "text/html,application/xhtml+xml,application/xml;q=0.9,*/*;q=0.8", "Accept-Encoding": "gzip, deflate", "Accept-Language": "en-us,en;q=0.5"}}, {"ext": "mp4", "height": 360, "format_note": "DASH video", "vcodec": "avc1.4d4015", "format_id": "134", "url": "https://r5---sn-xjpm-q0ns.googlevideo.com/videoplayback?id=e01dc231da574299&itag=134&source=youtube&requiressl=yes&mv=u&ms=au&pl=16&mn=sn-xjpm-q0ns&ei=EGqKWfWZMsHicNqJgJgC&mm=31&ratebypass=yes&mime=video/mp4&gir=yes&clen=4539995&lmt=1395072204741173&dur=119.360&mt=1502243084&signature=37208F0559042BFE5950D502C128DC8A150DE2E5.1D4D353E702BB50401B6E010C29D070BB0603C8D&key=dg_yt0&ip=131.159.40.117&ipbits=0&expire=1502264944&sparams=ip,ipbits,expire,id,itag,source,requiressl,mv,ms,pl,mn,ei,mm,ratebypass,mime,gir,clen,lmt,dur", "manifest_url": "https://manifest.googlevideo.com/api/manifest/dash/mv/u/as/fmp4_audio_clear%2Cfmp4_sd_hd_clear/mt/1502243084/ip/131.159.40.117/ms/au/signature/D04644268F2143879ADABACA911DC5882666C4EA.CA8A626F2B503063BA9586AAA2C9DC94B7CF9ABD/pl/16/requiressl/yes/sparams/as%2Cei%2Chfr%2Cid%2Cip%2Cipbits%2Citag%2Cmm%2Cmn%2Cms%2Cmv%2Cpl%2Cplayback_host%2Crequiressl%2Csource%2Cexpire/id/e01dc231da574299/hfr/1/mn/sn-xjpm-q0ns/ipbits/0/ei/EGqKWfWZMsHicNqJgJgC/itag/0/key/yt6/playback_host/r5---sn-xjpm-q0ns.googlevideo.com/mm/31/expire/1502264944/source/youtube", "width": 480, "tbr": 363.174, "asr": null, "fps": 25, "language": null, "filesize": 4539995, "acodec": "none", "format": "134 - 480x360 (DASH video)", "protocol": "https", "http_headers": {"User-Agent": "Mozilla/5.0 (X11; Linux x86_64; rv:10.0) Gecko/20150101 Firefox/47.0 (Chrome)", "Accept-Charset": "ISO-8859-1,utf-8;q=0.7,*;q=0.7", "Accept": "text/html,application/xhtml+xml,application/xml;q=0.9,*/*;q=0.8", "Accept-Encoding": "gzip, deflate", "Accept-Language": "en-us,en;q=0.5"}}, {"ext": "mp4", "height": 480, "format_note": "DASH video", "vcodec": "avc1.4d401e", "format_id": "135", "url": "https://r5---sn-xjpm-q0ns.googlevideo.com/videoplayback?id=e01dc231da574299&itag=135&source=youtube&requiressl=yes&mv=u&ms=au&pl=16&mn=sn-xjpm-q0ns&ei=EGqKWfWZMsHicNqJgJgC&mm=31&ratebypass=yes&mime=video/mp4&gir=yes&clen=9626725&lmt=1395072204046732&dur=119.360&mt=1502243084&signature=0E039A478B878A506576366635C99842396C40A7.639847D90BFF3EA5C5BD429F4DA776B2B741CEC5&key=dg_yt0&ip=131.159.40.117&ipbits=0&expire=1502264944&sparams=ip,ipbits,expire,id,itag,source,requiressl,mv,ms,pl,mn,ei,mm,ratebypass,mime,gir,clen,lmt,dur", "manifest_url": "https://manifest.googlevideo.com/api/manifest/dash/mv/u/as/fmp4_audio_clear%2Cfmp4_sd_hd_clear/mt/1502243084/ip/131.159.40.117/ms/au/signature/D04644268F2143879ADABACA911DC5882666C4EA.CA8A626F2B503063BA9586AAA2C9DC94B7CF9ABD/pl/16/requiressl/yes/sparams/as%2Cei%2Chfr%2Cid%2Cip%2Cipbits%2Citag%2Cmm%2Cmn%2Cms%2Cmv%2Cpl%2Cplayback_host%2Crequiressl%2Csource%2Cexpire/id/e01dc231da574299/hfr/1/mn/sn-xjpm-q0ns/ipbits/0/ei/EGqKWfWZMsHicNqJgJgC/itag/0/key/yt6/playback_host/r5---sn-xjpm-q0ns.googlevideo.com/mm/31/expire/1502264944/source/youtube", "width": 640, "tbr": 753.644, "asr": null, "fps": 25, "language": null, "filesize": 9626725, "acodec": "none", "format": "135 - 640x480 (DASH video)", "protocol": "https", "http_headers": {"User-Agent": "Mozilla/5.0 (X11; Linux x86_64; rv:10.0) Gecko/20150101 Firefox/47.0 (Chrome)", "Accept-Charset": "ISO-8859-1,utf-8;q=0.7,*;q=0.7", "Accept": "text/html,application/xhtml+xml,application/xml;q=0.9,*/*;q=0.8", "Accept-Encoding": "gzip, deflate", "Accept-Language": "en-us,en;q=0.5"}}, {"format_id": "17", "url": "https://r5---sn-xjpm-q0ns.googlevideo.com/videoplayback?ms=au&requiressl=yes&ei=EGqKWcq8FMXlcKnkqYgF&pl=16&mv=u&ipbits=0&ip=131.159.40.117&dur=119.722&source=youtube&key=yt6&expire=1502264944&mime=video%2F3gpp&gir=yes&id=o-AHfDMIqrBwv-Tzt-5yYaY6s-V4qPLj2qxXz9vJas7d7k&itag=17&mt=1502243084&clen=1231803&mn=sn-xjpm-q0ns&mm=31&sparams=clen%2Cdur%2Cei%2Cgir%2Cid%2Cip%2Cipbits%2Citag%2Clmt%2Cmime%2Cmm%2Cmn%2Cms%2Cmv%2Cpl%2Crequiressl%2Csource%2Cexpire&signature=87612E95640D9C2BEFA2022E80010A060C6C9E3D.150CF74CF16C0896B004D74940136736E1D72464&lmt=1395072231546327&ratebypass=yes", "player_url": null, "ext": "3gp", "width": 176, "height": 144, "acodec": "mp4a.40.2", "abr": 24, "vcodec": "mp4v.20.3", "resolution": "176x144", "format_note": "small", "format": "17 - 176x144 (small)", "protocol": "https", "http_headers": {"User-Agent": "Mozilla/5.0 (X11; Linux x86_64; rv:10.0) Gecko/20150101 Firefox/47.0 (Chrome)", "Accept-Charset": "ISO-8859-1,utf-8;q=0.7,*;q=0.7", "Accept": "text/html,application/xhtml+xml,application/xml;q=0.9,*/*;q=0.8", "Accept-Encoding": "gzip, deflate", "Accept-Language": "en-us,en;q=0.5"}}, {"format_id": "36", "url": "https://r5---sn-xjpm-q0ns.googlevideo.com/videoplayback?ms=au&requiressl=yes&ei=EGqKWcq8FMXlcKnkqYgF&pl=16&mv=u&ipbits=0&ip=131.159.40.117&dur=119.536&source=youtube&key=yt6&expire=1502264944&mime=video%2F3gpp&gir=yes&id=o-AHfDMIqrBwv-Tzt-5yYaY6s-V4qPLj2qxXz9vJas7d7k&itag=36&mt=1502243084&clen=3391943&mn=sn-xjpm-q0ns&mm=31&sparams=clen%2Cdur%2Cei%2Cgir%2Cid%2Cip%2Cipbits%2Citag%2Clmt%2Cmime%2Cmm%2Cmn%2Cms%2Cmv%2Cpl%2Crequiressl%2Csource%2Cexpire&signature=438058CB153FEE7966093F877A9A70F283F61275.B916E8E894B955693C96DF6A0E3DAF67145398B8&lmt=1395072235440531&ratebypass=yes", "player_url": null, "ext": "3gp", "width": 320, "acodec": "mp4a.40.2", "vcodec": "mp4v.20.3", "resolution": "320x240", "height": 240, "format_note": "small", "format": "36 - 320x240 (small)", "protocol": "https", "http_headers": {"User-Agent": "Mozilla/5.0 (X11; Linux x86_64; rv:10.0) Gecko/20150101 Firefox/47.0 (Chrome)", "Accept-Charset": "ISO-8859-1,utf-8;q=0.7,*;q=0.7", "Accept": "text/html,application/xhtml+xml,application/xml;q=0.9,*/*;q=0.8", "Accept-Encoding": "gzip, deflate", "Accept-Language": "en-us,en;q=0.5"}}, {"format_id": "18", "url": "https://r5---sn-xjpm-q0ns.googlevideo.com/videoplayback?ms=au&ei=EGqKWcq8FMXlcKnkqYgF&pl=16&mv=u&ipbits=0&ip=131.159.40.117&id=o-AHfDMIqrBwv-Tzt-5yYaY6s-V4qPLj2qxXz9vJas7d7k&expire=1502264944&mm=31&itag=18&mt=1502243084&mn=sn-xjpm-q0ns&sparams=clen%2Cdur%2Cei%2Cgir%2Cid%2Cip%2Cipbits%2Citag%2Clmt%2Cmime%2Cmm%2Cmn%2Cms%2Cmv%2Cpl%2Cratebypass%2Crequiressl%2Csource%2Cexpire&signature=7CCE2319E8AF4AE6B76FA92D3B27DE70935C4973.A899B26E944976CE190E790778E5906E58F83192&requiressl=yes&source=youtube&key=yt6&mime=video%2Fmp4&gir=yes&clen=5504437&ratebypass=yes&dur=119.420&lmt=1395072221343092", "player_url": null, "ext": "mp4", "width": 480, "height": 360, "acodec": "mp4a.40.2", "abr": 96, "vcodec": "avc1.42001E", "resolution": "480x360", "format_note": "medium", "format": "18 - 480x360 (medium)", "protocol": "https", "http_headers": {"User-Agent": "Mozilla/5.0 (X11; Linux x86_64; rv:10.0) Gecko/20150101 Firefox/47.0 (Chrome)", "Accept-Charset": "ISO-8859-1,utf-8;q=0.7,*;q=0.7", "Accept": "text/html,application/xhtml+xml,application/xml;q=0.9,*/*;q=0.8", "Accept-Encoding": "gzip, deflate", "Accept-Language": "en-us,en;q=0.5"}}, {"format_id": "43", "url": "https://r5---sn-xjpm-q0ns.googlevideo.com/videoplayback?ms=au&ei=EGqKWcq8FMXlcKnkqYgF&pl=16&mv=u&ipbits=0&ip=131.159.40.117&id=o-AHfDMIqrBwv-Tzt-5yYaY6s-V4qPLj2qxXz9vJas7d7k&expire=1502264944&mm=31&itag=43&mt=1502243084&mn=sn-xjpm-q0ns&sparams=clen%2Cdur%2Cei%2Cgir%2Cid%2Cip%2Cipbits%2Citag%2Clmt%2Cmime%2Cmm%2Cmn%2Cms%2Cmv%2Cpl%2Cratebypass%2Crequiressl%2Csource%2Cexpire&signature=D253E1DA3513B0CEE4EBC613CAFFB2CE44078849.B67A5DC3D6D224D25E1635F8F14F4CFCD2CE62C6&requiressl=yes&source=youtube&key=yt6&mime=video%2Fwebm&gir=yes&clen=7785325&ratebypass=yes&dur=0.000&lmt=1395072314935125", "player_url": null, "ext": "webm", "width": 640, "height": 360, "acodec": "vorbis", "abr": 128, "vcodec": "vp8.0", "resolution": "640x360", "format_note": "medium", "format": "43 - 640x360 (medium)", "protocol": "https", "http_headers": {"User-Agent": "Mozilla/5.0 (X11; Linux x86_64; rv:10.0) Gecko/20150101 Firefox/47.0 (Chrome)", "Accept-Charset": "ISO-8859-1,utf-8;q=0.7,*;q=0.7", "Accept": "text/html,application/xhtml+xml,application/xml;q=0.9,*/*;q=0.8", "Accept-Encoding": "gzip, deflate", "Accept-Language": "en-us,en;q=0.5"}}], "is_live": null, "start_time": null, "end_time": null, "series": null, "season_number": null, "episode_number": null, "extractor": "youtube", "webpage_url_basename": "4B3CMdpXQpk", "extractor_key": "Youtube", "playlist": null, "playlist_index": null, "thumbnails": [{"url": "https://i.ytimg.com/vi/4B3CMdpXQpk/hqdefault.jpg", "id": "0"}], "display_id": "4B3CMdpXQpk", "ext": "mp4", "height": 480, "format_note": "DASH video", "vcodec": "avc1.4d401e", "format_id": "135", "url": "https://r5---sn-xjpm-q0ns.googlevideo.com/videoplayback?id=e01dc231da574299&itag=135&source=youtube&requiressl=yes&mv=u&ms=au&pl=16&mn=sn-xjpm-q0ns&ei=EGqKWfWZMsHicNqJgJgC&mm=31&ratebypass=yes&mime=video/mp4&gir=yes&clen=9626725&lmt=1395072204046732&dur=119.360&mt=1502243084&signature=0E039A478B878A506576366635C99842396C40A7.639847D90BFF3EA5C5BD429F4DA776B2B741CEC5&key=dg_yt0&ip=131.159.40.117&ipbits=0&expire=1502264944&sparams=ip,ipbits,expire,id,itag,source,requiressl,mv,ms,pl,mn,ei,mm,ratebypass,mime,gir,clen,lmt,dur", "manifest_url": "https://manifest.googlevideo.com/api/manifest/dash/mv/u/as/fmp4_audio_clear%2Cfmp4_sd_hd_clear/mt/1502243084/ip/131.159.40.117/ms/au/signature/D04644268F2143879ADABACA911DC5882666C4EA.CA8A626F2B503063BA9586AAA2C9DC94B7CF9ABD/pl/16/requiressl/yes/sparams/as%2Cei%2Chfr%2Cid%2Cip%2Cipbits%2Citag%2Cmm%2Cmn%2Cms%2Cmv%2Cpl%2Cplayback_host%2Crequiressl%2Csource%2Cexpire/id/e01dc231da574299/hfr/1/mn/sn-xjpm-q0ns/ipbits/0/ei/EGqKWfWZMsHicNqJgJgC/itag/0/key/yt6/playback_host/r5---sn-xjpm-q0ns.googlevideo.com/mm/31/expire/1502264944/source/youtube", "width": 640, "tbr": 753.644, "asr": null, "fps": 25, "language": null, "filesize": 9626725, "acodec": "none", "format": "135 - 640x480 (DASH video)", "protocol": "https", "http_headers": {"User-Agent": "Mozilla/5.0 (X11; Linux x86_64; rv:10.0) Gecko/20150101 Firefox/47.0 (Chrome)", "Accept-Charset": "ISO-8859-1,utf-8;q=0.7,*;q=0.7", "Accept": "text/html,application/xhtml+xml,application/xml;q=0.9,*/*;q=0.8", "Accept-Encoding": "gzip, deflate", "Accept-Language": "en-us,en;q=0.5"}, "fulltitle": "Saksi: Inang suspek sa pagpatay sa 4 niyang anak, ipasusuri sa espesyalista", "_filename": "4B3CMdpXQpk.mp4"}