{"id": "e2bGzNb0Rpg", "uploader": "replaytvmaroc", "uploader_id": null, "uploader_url": null, "upload_date": null, "license": null, "creator": null, "title": "\u0645\u0634\u0627\u0631\u064a\u0639 \u0636\u062e\u0645\u0629 \u0628\u0627\u0644\u0631\u0628\u0627\u0637", "alt_title": null, "thumbnail": "https://i.ytimg.com/vi/e2bGzNb0Rpg/default.jpg", "description": "", "categories": null, "tags": [], "subtitles": {}, "automatic_captions": {}, "duration": 418, "age_limit": 0, "annotations": null, "chapters": null, "webpage_url": "https://www.youtube.com/watch?v=e2bGzNb0Rpg", "view_count": 15653, "like_count": null, "dislike_count": null, "average_rating": 4.89743566513, "formats": [{"ext": "m4a", "format_note": "DASH audio", "acodec": "mp4a.40.5", "abr": 48, "container": "m4a_dash", "format_id": "139", "url": "https://r3---sn-4g5e6nl7.googlevideo.com/videoplayback?id=7b66c6ccd6f44698&itag=139&source=youtube&requiressl=yes&ms=au&ei=eV6LWe2SNYe6W-nYgYgM&initcwndbps=3195000&pl=16&mv=m&mn=sn-4g5e6nl7&mm=31&ratebypass=yes&mime=audio/mp4&gir=yes&clen=2522475&lmt=1407903128725412&dur=418.051&mt=1502305771&key=dg_yt0&signature=88A69D8BE7DF81C67E2BD878DEA4FD014DF5221C.7B30772FA44C7CB9107A5C793FDAF46B987C43F9&ip=131.159.40.117&ipbits=0&expire=1502327514&sparams=ip,ipbits,expire,id,itag,source,requiressl,ms,ei,initcwndbps,pl,mv,mn,mm,ratebypass,mime,gir,clen,lmt,dur", "manifest_url": "https://manifest.googlevideo.com/api/manifest/dash/as/fmp4_audio_clear%2Cfmp4_sd_hd_clear/ms/au/hfr/1/playback_host/r3---sn-4g5e6nl7.googlevideo.com/mt/1502305771/source/youtube/itag/0/sparams/as%2Cei%2Chfr%2Cid%2Cinitcwndbps%2Cip%2Cipbits%2Citag%2Cmm%2Cmn%2Cms%2Cmv%2Cpl%2Cplayback_host%2Crequiressl%2Csource%2Cexpire/requiressl/yes/ip/131.159.40.117/key/yt6/expire/1502327514/ipbits/0/ei/eV6LWe2SNYe6W-nYgYgM/initcwndbps/3195000/pl/16/mv/m/id/7b66c6ccd6f44698/mn/sn-4g5e6nl7/signature/23D9EC0BFA375734E1B25B39FA94C16ABB695EF2.183E7EA4EF2DA4D6A6B1C15DB0E0AD1E34B5A622/mm/31", "width": null, "height": null, "tbr": 49.305, "asr": 22050, "fps": null, "language": null, "filesize": 2522475, "vcodec": "none", "format": "139 - audio only (DASH audio)", "protocol": "https", "http_headers": {"User-Agent": "Mozilla/5.0 (X11; Linux x86_64; rv:10.0) Gecko/20150101 Firefox/47.0 (Chrome)", "Accept-Charset": "ISO-8859-1,utf-8;q=0.7,*;q=0.7", "Accept": "text/html,application/xhtml+xml,application/xml;q=0.9,*/*;q=0.8", "Accept-Encoding": "gzip, deflate", "Accept-Language": "en-us,en;q=0.5"}}, {"format_id": "171", "url": "https://r3---sn-4g5e6nl7.googlevideo.com/videoplayback?sparams=clen%2Cdur%2Cei%2Cgir%2Cid%2Cinitcwndbps%2Cip%2Cipbits%2Citag%2Ckeepalive%2Clmt%2Cmime%2Cmm%2Cmn%2Cms%2Cmv%2Cpl%2Crequiressl%2Csource%2Cexpire&ip=131.159.40.117&id=o-AFMkT64VepUmFXSAwe7wnJySRR50bV9RECXlIhviBZd6&keepalive=yes&expire=1502327513&mm=31&ms=au&ei=eV6LWYKCC8KbWYvPucAB&pl=16&itag=171&mt=1502305771&mv=m&mn=sn-4g5e6nl7&signature=5CC573E99F5F9654DFBB6E4727EE16357D1E0EA5.495075BE53C7AFA3541614ECB6917ED6B31E2E27&source=youtube&requiressl=yes&gir=yes&mime=audio%2Fwebm&clen=4658428&initcwndbps=3195000&ipbits=0&dur=417.908&key=yt6&lmt=1400188754129554&ratebypass=yes", "player_url": null, "ext": "webm", "acodec": "vorbis", "format_note": "DASH audio", "abr": 128, "filesize": 4658428, "tbr": 107.235, "fps": 1, "vcodec": "none", "format": "171 - audio only (DASH audio)", "protocol": "https", "http_headers": {"User-Agent": "Mozilla/5.0 (X11; Linux x86_64; rv:10.0) Gecko/20150101 Firefox/47.0 (Chrome)", "Accept-Charset": "ISO-8859-1,utf-8;q=0.7,*;q=0.7", "Accept": "text/html,application/xhtml+xml,application/xml;q=0.9,*/*;q=0.8", "Accept-Encoding": "gzip, deflate", "Accept-Language": "en-us,en;q=0.5"}}, {"ext": "m4a", "format_note": "DASH audio", "acodec": "mp4a.40.2", "abr": 128, "container": "m4a_dash", "format_id": "140", "url": "https://r3---sn-4g5e6nl7.googlevideo.com/videoplayback?id=7b66c6ccd6f44698&itag=140&source=youtube&requiressl=yes&ms=au&ei=eV6LWe2SNYe6W-nYgYgM&initcwndbps=3195000&pl=16&mv=m&mn=sn-4g5e6nl7&mm=31&ratebypass=yes&mime=audio/mp4&gir=yes&clen=6710879&lmt=1407903128817216&dur=417.981&mt=1502305771&key=dg_yt0&signature=10DF697E8A6800F6056D7C3C09214B126E5190E1.0AA0CFB4BD69EB2178E67B64E83E653C0F040027&ip=131.159.40.117&ipbits=0&expire=1502327514&sparams=ip,ipbits,expire,id,itag,source,requiressl,ms,ei,initcwndbps,pl,mv,mn,mm,ratebypass,mime,gir,clen,lmt,dur", "manifest_url": "https://manifest.googlevideo.com/api/manifest/dash/as/fmp4_audio_clear%2Cfmp4_sd_hd_clear/ms/au/hfr/1/playback_host/r3---sn-4g5e6nl7.googlevideo.com/mt/1502305771/source/youtube/itag/0/sparams/as%2Cei%2Chfr%2Cid%2Cinitcwndbps%2Cip%2Cipbits%2Citag%2Cmm%2Cmn%2Cms%2Cmv%2Cpl%2Cplayback_host%2Crequiressl%2Csource%2Cexpire/requiressl/yes/ip/131.159.40.117/key/yt6/expire/1502327514/ipbits/0/ei/eV6LWe2SNYe6W-nYgYgM/initcwndbps/3195000/pl/16/mv/m/id/7b66c6ccd6f44698/mn/sn-4g5e6nl7/signature/23D9EC0BFA375734E1B25B39FA94C16ABB695EF2.183E7EA4EF2DA4D6A6B1C15DB0E0AD1E34B5A622/mm/31", "width": null, "height": null, "tbr": 129.436, "asr": 44100, "fps": null, "language": null, "filesize": 6710879, "vcodec": "none", "format": "140 - audio only (DASH audio)", "protocol": "https", "http_headers": {"User-Agent": "Mozilla/5.0 (X11; Linux x86_64; rv:10.0) Gecko/20150101 Firefox/47.0 (Chrome)", "Accept-Charset": "ISO-8859-1,utf-8;q=0.7,*;q=0.7", "Accept": "text/html,application/xhtml+xml,application/xml;q=0.9,*/*;q=0.8", "Accept-Encoding": "gzip, deflate", "Accept-Language": "en-us,en;q=0.5"}}, {"ext": "mp4", "height": 144, "format_note": "DASH video", "vcodec": "avc1.4d400c", "format_id": "160", "url": "https://r3---sn-4g5e6nl7.googlevideo.com/videoplayback?id=7b66c6ccd6f44698&itag=160&source=youtube&requiressl=yes&ms=au&ei=eV6LWe2SNYe6W-nYgYgM&initcwndbps=3195000&pl=16&mv=m&mn=sn-4g5e6nl7&mm=31&ratebypass=yes&mime=video/mp4&gir=yes&clen=5753729&lmt=1407903129522317&dur=417.841&mt=1502305771&key=dg_yt0&signature=165ACCB8260693CDF33AC446E0CA13A1002AE32B.9A6A901076B1EE73D434C28705D5AC9AC79B23E0&ip=131.159.40.117&ipbits=0&expire=1502327514&sparams=ip,ipbits,expire,id,itag,source,requiressl,ms,ei,initcwndbps,pl,mv,mn,mm,ratebypass,mime,gir,clen,lmt,dur", "manifest_url": "https://manifest.googlevideo.com/api/manifest/dash/as/fmp4_audio_clear%2Cfmp4_sd_hd_clear/ms/au/hfr/1/playback_host/r3---sn-4g5e6nl7.googlevideo.com/mt/1502305771/source/youtube/itag/0/sparams/as%2Cei%2Chfr%2Cid%2Cinitcwndbps%2Cip%2Cipbits%2Citag%2Cmm%2Cmn%2Cms%2Cmv%2Cpl%2Cplayback_host%2Crequiressl%2Csource%2Cexpire/requiressl/yes/ip/131.159.40.117/key/yt6/expire/1502327514/ipbits/0/ei/eV6LWe2SNYe6W-nYgYgM/initcwndbps/3195000/pl/16/mv/m/id/7b66c6ccd6f44698/mn/sn-4g5e6nl7/signature/23D9EC0BFA375734E1B25B39FA94C16ABB695EF2.183E7EA4EF2DA4D6A6B1C15DB0E0AD1E34B5A622/mm/31", "width": 192, "tbr": 114.508, "asr": null, "fps": 13, "language": null, "filesize": 5753729, "acodec": "none", "format": "160 - 192x144 (DASH video)", "protocol": "https", "http_headers": {"User-Agent": "Mozilla/5.0 (X11; Linux x86_64; rv:10.0) Gecko/20150101 Firefox/47.0 (Chrome)", "Accept-Charset": "ISO-8859-1,utf-8;q=0.7,*;q=0.7", "Accept": "text/html,application/xhtml+xml,application/xml;q=0.9,*/*;q=0.8", "Accept-Encoding": "gzip, deflate", "Accept-Language": "en-us,en;q=0.5"}}, {"ext": "mp4", "height": 240, "format_note": "DASH video", "vcodec": "avc1.4d400d", "format_id": "133", "url": "https://r3---sn-4g5e6nl7.googlevideo.com/videoplayback?id=7b66c6ccd6f44698&itag=133&source=youtube&requiressl=yes&ms=au&ei=eV6LWe2SNYe6W-nYgYgM&initcwndbps=3195000&pl=16&mv=m&mn=sn-4g5e6nl7&mm=31&ratebypass=yes&mime=video/mp4&gir=yes&clen=12775226&lmt=1407903130221214&dur=417.841&mt=1502305771&key=dg_yt0&signature=5D2CAF3C1DD1552E102854E24863BD0957A89384.8BF509B134409F278F7A6AC82C4630C252F4434F&ip=131.159.40.117&ipbits=0&expire=1502327514&sparams=ip,ipbits,expire,id,itag,source,requiressl,ms,ei,initcwndbps,pl,mv,mn,mm,ratebypass,mime,gir,clen,lmt,dur", "manifest_url": "https://manifest.googlevideo.com/api/manifest/dash/as/fmp4_audio_clear%2Cfmp4_sd_hd_clear/ms/au/hfr/1/playback_host/r3---sn-4g5e6nl7.googlevideo.com/mt/1502305771/source/youtube/itag/0/sparams/as%2Cei%2Chfr%2Cid%2Cinitcwndbps%2Cip%2Cipbits%2Citag%2Cmm%2Cmn%2Cms%2Cmv%2Cpl%2Cplayback_host%2Crequiressl%2Csource%2Cexpire/requiressl/yes/ip/131.159.40.117/key/yt6/expire/1502327514/ipbits/0/ei/eV6LWe2SNYe6W-nYgYgM/initcwndbps/3195000/pl/16/mv/m/id/7b66c6ccd6f44698/mn/sn-4g5e6nl7/signature/23D9EC0BFA375734E1B25B39FA94C16ABB695EF2.183E7EA4EF2DA4D6A6B1C15DB0E0AD1E34B5A622/mm/31", "width": 320, "tbr": 250.078, "asr": null, "fps": 25, "language": null, "filesize": 12775226, "acodec": "none", "format": "133 - 320x240 (DASH video)", "protocol": "https", "http_headers": {"User-Agent": "Mozilla/5.0 (X11; Linux x86_64; rv:10.0) Gecko/20150101 Firefox/47.0 (Chrome)", "Accept-Charset": "ISO-8859-1,utf-8;q=0.7,*;q=0.7", "Accept": "text/html,application/xhtml+xml,application/xml;q=0.9,*/*;q=0.8", "Accept-Encoding": "gzip, deflate", "Accept-Language": "en-us,en;q=0.5"}}, {"ext": "mp4", "height": 360, "format_note": "DASH video", "vcodec": "avc1.4d4015", "format_id": "134", "url": "https://r3---sn-4g5e6nl7.googlevideo.com/videoplayback?id=7b66c6ccd6f44698&itag=134&source=youtube&requiressl=yes&ms=au&ei=eV6LWe2SNYe6W-nYgYgM&initcwndbps=3195000&pl=16&mv=m&mn=sn-4g5e6nl7&mm=31&ratebypass=yes&mime=video/mp4&gir=yes&clen=13483457&lmt=1407903136227511&dur=417.841&mt=1502305771&key=dg_yt0&signature=9ABF89495197E6BA014E387ACC4FE02463FA320C.46161A98A1E1E792906FEA13269509CEAD6ED075&ip=131.159.40.117&ipbits=0&expire=1502327514&sparams=ip,ipbits,expire,id,itag,source,requiressl,ms,ei,initcwndbps,pl,mv,mn,mm,ratebypass,mime,gir,clen,lmt,dur", "manifest_url": "https://manifest.googlevideo.com/api/manifest/dash/as/fmp4_audio_clear%2Cfmp4_sd_hd_clear/ms/au/hfr/1/playback_host/r3---sn-4g5e6nl7.googlevideo.com/mt/1502305771/source/youtube/itag/0/sparams/as%2Cei%2Chfr%2Cid%2Cinitcwndbps%2Cip%2Cipbits%2Citag%2Cmm%2Cmn%2Cms%2Cmv%2Cpl%2Cplayback_host%2Crequiressl%2Csource%2Cexpire/requiressl/yes/ip/131.159.40.117/key/yt6/expire/1502327514/ipbits/0/ei/eV6LWe2SNYe6W-nYgYgM/initcwndbps/3195000/pl/16/mv/m/id/7b66c6ccd6f44698/mn/sn-4g5e6nl7/signature/23D9EC0BFA375734E1B25B39FA94C16ABB695EF2.183E7EA4EF2DA4D6A6B1C15DB0E0AD1E34B5A622/mm/31", "width": 480, "tbr": 607.955, "asr": null, "fps": 25, "language": null, "filesize": 13483457, "acodec": "none", "format": "134 - 480x360 (DASH video)", "protocol": "https", "http_headers": {"User-Agent": "Mozilla/5.0 (X11; Linux x86_64; rv:10.0) Gecko/20150101 Firefox/47.0 (Chrome)", "Accept-Charset": "ISO-8859-1,utf-8;q=0.7,*;q=0.7", "Accept": "text/html,application/xhtml+xml,application/xml;q=0.9,*/*;q=0.8", "Accept-Encoding": "gzip, deflate", "Accept-Language": "en-us,en;q=0.5"}}, {"ext": "mp4", "height": 480, "format_note": "DASH video", "vcodec": "avc1.4d401e", "format_id": "135", "url": "https://r3---sn-4g5e6nl7.googlevideo.com/videoplayback?id=7b66c6ccd6f44698&itag=135&source=youtube&requiressl=yes&ms=au&ei=eV6LWe2SNYe6W-nYgYgM&initcwndbps=3195000&pl=16&mv=m&mn=sn-4g5e6nl7&mm=31&ratebypass=yes&mime=video/mp4&gir=yes&clen=30039187&lmt=1407903142922465&dur=417.841&mt=1502305771&key=dg_yt0&signature=8F133D2926B85640886B182B18D934F7748B9241.6D5F72FE601E6F6BC9FDB75EFA772DE6F7BE8F5D&ip=131.159.40.117&ipbits=0&expire=1502327514&sparams=ip,ipbits,expire,id,itag,source,requiressl,ms,ei,initcwndbps,pl,mv,mn,mm,ratebypass,mime,gir,clen,lmt,dur", "manifest_url": "https://manifest.googlevideo.com/api/manifest/dash/as/fmp4_audio_clear%2Cfmp4_sd_hd_clear/ms/au/hfr/1/playback_host/r3---sn-4g5e6nl7.googlevideo.com/mt/1502305771/source/youtube/itag/0/sparams/as%2Cei%2Chfr%2Cid%2Cinitcwndbps%2Cip%2Cipbits%2Citag%2Cmm%2Cmn%2Cms%2Cmv%2Cpl%2Cplayback_host%2Crequiressl%2Csource%2Cexpire/requiressl/yes/ip/131.159.40.117/key/yt6/expire/1502327514/ipbits/0/ei/eV6LWe2SNYe6W-nYgYgM/initcwndbps/3195000/pl/16/mv/m/id/7b66c6ccd6f44698/mn/sn-4g5e6nl7/signature/23D9EC0BFA375734E1B25B39FA94C16ABB695EF2.183E7EA4EF2DA4D6A6B1C15DB0E0AD1E34B5A622/mm/31", "width": 640, "tbr": 1121.81, "asr": null, "fps": 25, "language": null, "filesize": 30039187, "acodec": "none", "format": "135 - 640x480 (DASH video)", "protocol": "https", "http_headers": {"User-Agent": "Mozilla/5.0 (X11; Linux x86_64; rv:10.0) Gecko/20150101 Firefox/47.0 (Chrome)", "Accept-Charset": "ISO-8859-1,utf-8;q=0.7,*;q=0.7", "Accept": "text/html,application/xhtml+xml,application/xml;q=0.9,*/*;q=0.8", "Accept-Encoding": "gzip, deflate", "Accept-Language": "en-us,en;q=0.5"}}, {"format_id": "17", "url": "https://r3---sn-4g5e6nl7.googlevideo.com/videoplayback?sparams=clen%2Cdur%2Cei%2Cgir%2Cid%2Cinitcwndbps%2Cip%2Cipbits%2Citag%2Clmt%2Cmime%2Cmm%2Cmn%2Cms%2Cmv%2Cpl%2Crequiressl%2Csource%2Cexpire&ip=131.159.40.117&id=o-AFMkT64VepUmFXSAwe7wnJySRR50bV9RECXlIhviBZd6&expire=1502327513&mm=31&ms=au&ei=eV6LWYKCC8KbWYvPucAB&pl=16&itag=17&mt=1502305771&mv=m&mn=sn-4g5e6nl7&signature=DA72CA1435962CC4B0A75DDF4A5C8E2E44A6E223.5F57596BF4AEA8B570830DCAF5511AC930F0BADB&source=youtube&requiressl=yes&gir=yes&mime=video%2F3gpp&clen=4258703&initcwndbps=3195000&ipbits=0&dur=418.098&key=yt6&lmt=1399945753054046&ratebypass=yes", "player_url": null, "ext": "3gp", "width": 176, "height": 144, "acodec": "mp4a.40.2", "abr": 24, "vcodec": "mp4v.20.3", "resolution": "176x144", "format_note": "small", "format": "17 - 176x144 (small)", "protocol": "https", "http_headers": {"User-Agent": "Mozilla/5.0 (X11; Linux x86_64; rv:10.0) Gecko/20150101 Firefox/47.0 (Chrome)", "Accept-Charset": "ISO-8859-1,utf-8;q=0.7,*;q=0.7", "Accept": "text/html,application/xhtml+xml,application/xml;q=0.9,*/*;q=0.8", "Accept-Encoding": "gzip, deflate", "Accept-Language": "en-us,en;q=0.5"}}, {"format_id": "36", "url": "https://r3---sn-4g5e6nl7.googlevideo.com/videoplayback?sparams=clen%2Cdur%2Cei%2Cgir%2Cid%2Cinitcwndbps%2Cip%2Cipbits%2Citag%2Clmt%2Cmime%2Cmm%2Cmn%2Cms%2Cmv%2Cpl%2Crequiressl%2Csource%2Cexpire&ip=131.159.40.117&id=o-AFMkT64VepUmFXSAwe7wnJySRR50bV9RECXlIhviBZd6&expire=1502327513&mm=31&ms=au&ei=eV6LWYKCC8KbWYvPucAB&pl=16&itag=36&mt=1502305771&mv=m&mn=sn-4g5e6nl7&signature=048138E370437B12F5DEFF8D9AA89F84A4281226.401877F9EE8254CC2E2E8D0615BD7278C13D3A28&source=youtube&requiressl=yes&gir=yes&mime=video%2F3gpp&clen=11832599&initcwndbps=3195000&ipbits=0&dur=418.098&key=yt6&lmt=1399945798729328&ratebypass=yes", "player_url": null, "ext": "3gp", "width": 320, "acodec": "mp4a.40.2", "vcodec": "mp4v.20.3", "resolution": "320x240", "height": 240, "format_note": "small", "format": "36 - 320x240 (small)", "protocol": "https", "http_headers": {"User-Agent": "Mozilla/5.0 (X11; Linux x86_64; rv:10.0) Gecko/20150101 Firefox/47.0 (Chrome)", "Accept-Charset": "ISO-8859-1,utf-8;q=0.7,*;q=0.7", "Accept": "text/html,application/xhtml+xml,application/xml;q=0.9,*/*;q=0.8", "Accept-Encoding": "gzip, deflate", "Accept-Language": "en-us,en;q=0.5"}}, {"format_id": "18", "url": "https://r3---sn-4g5e6nl7.googlevideo.com/videoplayback?sparams=clen%2Cdur%2Cei%2Cgir%2Cid%2Cinitcwndbps%2Cip%2Cipbits%2Citag%2Clmt%2Cmime%2Cmm%2Cmn%2Cms%2Cmv%2Cpl%2Cratebypass%2Crequiressl%2Csource%2Cexpire&ip=131.159.40.117&ratebypass=yes&id=o-AFMkT64VepUmFXSAwe7wnJySRR50bV9RECXlIhviBZd6&expire=1502327513&mm=31&ms=au&ei=eV6LWYKCC8KbWYvPucAB&pl=16&itag=18&mt=1502305771&mv=m&mn=sn-4g5e6nl7&signature=A23D10D80709FFF850DAEF74149C18BC940E497C.075C8D437323867E9D8BCF415F20A3CC6E3B1A2F&source=youtube&requiressl=yes&gir=yes&mime=video%2Fmp4&clen=21902832&initcwndbps=3195000&ipbits=0&dur=417.982&key=yt6&lmt=1407903138427804", "player_url": null, "ext": "mp4", "width": 480, "height": 360, "acodec": "mp4a.40.2", "abr": 96, "vcodec": "avc1.42001E", "resolution": "480x360", "format_note": "medium", "format": "18 - 480x360 (medium)", "protocol": "https", "http_headers": {"User-Agent": "Mozilla/5.0 (X11; Linux x86_64; rv:10.0) Gecko/20150101 Firefox/47.0 (Chrome)", "Accept-Charset": "ISO-8859-1,utf-8;q=0.7,*;q=0.7", "Accept": "text/html,application/xhtml+xml,application/xml;q=0.9,*/*;q=0.8", "Accept-Encoding": "gzip, deflate", "Accept-Language": "en-us,en;q=0.5"}}, {"format_id": "43", "url": "https://r3---sn-4g5e6nl7.googlevideo.com/videoplayback?sparams=clen%2Cdur%2Cei%2Cgir%2Cid%2Cinitcwndbps%2Cip%2Cipbits%2Citag%2Clmt%2Cmime%2Cmm%2Cmn%2Cms%2Cmv%2Cpl%2Cratebypass%2Crequiressl%2Csource%2Cexpire&ip=131.159.40.117&ratebypass=yes&id=o-AFMkT64VepUmFXSAwe7wnJySRR50bV9RECXlIhviBZd6&expire=1502327513&mm=31&ms=au&ei=eV6LWYKCC8KbWYvPucAB&pl=16&itag=43&mt=1502305771&mv=m&mn=sn-4g5e6nl7&signature=AD6038DDC024B54AD79443348A0F137346A79229.B30933DBAE7715A2210FBC07B45DBC821278ADBB&source=youtube&requiressl=yes&gir=yes&mime=video%2Fwebm&clen=33282778&initcwndbps=3195000&ipbits=0&dur=0.000&key=yt6&lmt=1399945918109458", "player_url": null, "ext": "webm", "width": 640, "height": 360, "acodec": "vorbis", "abr": 128, "vcodec": "vp8.0", "resolution": "640x360", "format_note": "medium", "format": "43 - 640x360 (medium)", "protocol": "https", "http_headers": {"User-Agent": "Mozilla/5.0 (X11; Linux x86_64; rv:10.0) Gecko/20150101 Firefox/47.0 (Chrome)", "Accept-Charset": "ISO-8859-1,utf-8;q=0.7,*;q=0.7", "Accept": "text/html,application/xhtml+xml,application/xml;q=0.9,*/*;q=0.8", "Accept-Encoding": "gzip, deflate", "Accept-Language": "en-us,en;q=0.5"}}], "is_live": null, "start_time": null, "end_time": null, "series": null, "season_number": null, "episode_number": null, "extractor": "youtube", "webpage_url_basename": "e2bGzNb0Rpg", "extractor_key": "Youtube", "playlist": null, "playlist_index": null, "thumbnails": [{"url": "https://i.ytimg.com/vi/e2bGzNb0Rpg/default.jpg", "id": "0"}], "display_id": "e2bGzNb0Rpg", "ext": "mp4", "height": 480, "format_note": "DASH video", "vcodec": "avc1.4d401e", "format_id": "135", "url": "https://r3---sn-4g5e6nl7.googlevideo.com/videoplayback?id=7b66c6ccd6f44698&itag=135&source=youtube&requiressl=yes&ms=au&ei=eV6LWe2SNYe6W-nYgYgM&initcwndbps=3195000&pl=16&mv=m&mn=sn-4g5e6nl7&mm=31&ratebypass=yes&mime=video/mp4&gir=yes&clen=30039187&lmt=1407903142922465&dur=417.841&mt=1502305771&key=dg_yt0&signature=8F133D2926B85640886B182B18D934F7748B9241.6D5F72FE601E6F6BC9FDB75EFA772DE6F7BE8F5D&ip=131.159.40.117&ipbits=0&expire=1502327514&sparams=ip,ipbits,expire,id,itag,source,requiressl,ms,ei,initcwndbps,pl,mv,mn,mm,ratebypass,mime,gir,clen,lmt,dur", "manifest_url": "https://manifest.googlevideo.com/api/manifest/dash/as/fmp4_audio_clear%2Cfmp4_sd_hd_clear/ms/au/hfr/1/playback_host/r3---sn-4g5e6nl7.googlevideo.com/mt/1502305771/source/youtube/itag/0/sparams/as%2Cei%2Chfr%2Cid%2Cinitcwndbps%2Cip%2Cipbits%2Citag%2Cmm%2Cmn%2Cms%2Cmv%2Cpl%2Cplayback_host%2Crequiressl%2Csource%2Cexpire/requiressl/yes/ip/131.159.40.117/key/yt6/expire/1502327514/ipbits/0/ei/eV6LWe2SNYe6W-nYgYgM/initcwndbps/3195000/pl/16/mv/m/id/7b66c6ccd6f44698/mn/sn-4g5e6nl7/signature/23D9EC0BFA375734E1B25B39FA94C16ABB695EF2.183E7EA4EF2DA4D6A6B1C15DB0E0AD1E34B5A622/mm/31", "width": 640, "tbr": 1121.81, "asr": null, "fps": 25, "language": null, "filesize": 30039187, "acodec": "none", "format": "135 - 640x480 (DASH video)", "protocol": "https", "http_headers": {"User-Agent": "Mozilla/5.0 (X11; Linux x86_64; rv:10.0) Gecko/20150101 Firefox/47.0 (Chrome)", "Accept-Charset": "ISO-8859-1,utf-8;q=0.7,*;q=0.7", "Accept": "text/html,application/xhtml+xml,application/xml;q=0.9,*/*;q=0.8", "Accept-Encoding": "gzip, deflate", "Accept-Language": "en-us,en;q=0.5"}, "fulltitle": "\u0645\u0634\u0627\u0631\u064a\u0639 \u0636\u062e\u0645\u0629 \u0628\u0627\u0644\u0631\u0628\u0627\u0637", "_filename": "e2bGzNb0Rpg.mp4"}