{"id": "iLfqYcO4XeE", "uploader": "Battumur Batkhuyag", "uploader_id": "UC5K8XMdHcpintfWYmtISmTw", "uploader_url": "http://www.youtube.com/channel/UC5K8XMdHcpintfWYmtISmTw", "upload_date": "20140320", "license": "Standard YouTube License", "creator": null, "title": "\u0421\u04af\u04af-\u0425\u0425\u041a-\u0438\u0439\u043d \u0434\u044d\u0434 \u0437\u0430\u0445\u0438\u0440\u0430\u043b: \u0422\u0430\u043d\u0430\u0439\u0445 \u0437\u0430\u0445\u0438\u0430\u043b\u0433\u0430\u0442 \u0431\u0438\u0448 \u0431\u043e\u043b\u043e\u0445\u043e\u043e\u0440 \u044f\u0440\u0438\u0430 \u04e9\u0433\u043c\u04e9\u04e9\u0440\u0433\u04af\u0439 \u0431\u0430\u0439\u043d\u0430", "alt_title": null, "thumbnail": "https://i.ytimg.com/vi/iLfqYcO4XeE/maxresdefault.jpg", "description": "", "categories": ["Film & Animation"], "tags": [], "subtitles": {}, "automatic_captions": {}, "duration": 190, "age_limit": 0, "annotations": null, "chapters": null, "webpage_url": "https://www.youtube.com/watch?v=iLfqYcO4XeE", "view_count": 5531, "like_count": 2, "dislike_count": 2, "average_rating": 3.0, "formats": [{"ext": "m4a", "format_note": "DASH audio", "acodec": "mp4a.40.5", "abr": 48, "container": "m4a_dash", "format_id": "139", "url": "https://r5---sn-4g5edn7e.googlevideo.com/videoplayback?id=88b7ea61c3b85de1&itag=139&source=youtube&requiressl=yes&pl=16&mm=31&mn=sn-4g5edn7e&ei=oqyKWYvTJcXyVcmcm9AJ&initcwndbps=3713750&ms=au&mv=m&ratebypass=yes&mime=audio/mp4&gir=yes&clen=1146237&lmt=1411355441990362&dur=189.891&mt=1502260296&signature=020EA8F6BA292B9BF0D898858B7AA946C3052EC4.40F3EE22D0C7E56DA79CE16675D326BFC3AA39FD&key=dg_yt0&ip=131.159.40.117&ipbits=0&expire=1502281986&sparams=ip,ipbits,expire,id,itag,source,requiressl,pl,mm,mn,ei,initcwndbps,ms,mv,ratebypass,mime,gir,clen,lmt,dur", "manifest_url": "https://manifest.googlevideo.com/api/manifest/dash/mt/1502260296/signature/D080E9A363F515DA54D65D05D917198AA6CB0375.34075F0748C50C8C4ED5AD39E85922E0B7900CEB/pl/16/ipbits/0/mm/31/hfr/1/source/youtube/mn/sn-4g5edn7e/sparams/as%2Cei%2Chfr%2Cid%2Cinitcwndbps%2Cip%2Cipbits%2Citag%2Cmm%2Cmn%2Cms%2Cmv%2Cpl%2Cplayback_host%2Crequiressl%2Csource%2Cexpire/as/fmp4_audio_clear%2Cfmp4_sd_hd_clear/id/88b7ea61c3b85de1/key/yt6/ei/oqyKWYvTJcXyVcmcm9AJ/expire/1502281986/initcwndbps/3713750/requiressl/yes/ip/131.159.40.117/itag/0/ms/au/playback_host/r5---sn-4g5edn7e.googlevideo.com/mv/m", "width": null, "height": null, "tbr": 49.121, "asr": 22050, "fps": null, "language": null, "filesize": 1146237, "vcodec": "none", "format": "139 - audio only (DASH audio)", "protocol": "https", "http_headers": {"User-Agent": "Mozilla/5.0 (X11; Linux x86_64; rv:10.0) Gecko/20150101 Firefox/47.0 (Chrome)", "Accept-Charset": "ISO-8859-1,utf-8;q=0.7,*;q=0.7", "Accept": "text/html,application/xhtml+xml,application/xml;q=0.9,*/*;q=0.8", "Accept-Encoding": "gzip, deflate", "Accept-Language": "en-us,en;q=0.5"}}, {"format_id": "171", "url": "https://r5---sn-4g5edn7e.googlevideo.com/videoplayback?lmt=1395605285381464&initcwndbps=3713750&source=youtube&keepalive=yes&ei=oayKWczYOcSGVp-jkLAF&gir=yes&mime=audio%2Fwebm&key=yt6&clen=2102668&itag=171&ipbits=0&dur=189.784&signature=1FB7FDAD3DE82B653ECD7EB7E1DF71F87946C93B.0B6F2DBD8A500642DA3A6AFCAB11C30162E4ED56&expire=1502281986&ip=131.159.40.117&requiressl=yes&ms=au&mt=1502260296&mv=m&sparams=clen%2Cdur%2Cei%2Cgir%2Cid%2Cinitcwndbps%2Cip%2Cipbits%2Citag%2Ckeepalive%2Clmt%2Cmime%2Cmm%2Cmn%2Cms%2Cmv%2Cpl%2Crequiressl%2Csource%2Cexpire&id=o-AF_JT8uiV41vWyEYL1ZBSMypRxwybHMjHptCBN2HTjpB&pl=16&mm=31&mn=sn-4g5edn7e&ratebypass=yes", "player_url": null, "ext": "webm", "acodec": "vorbis", "format_note": "DASH audio", "abr": 128, "filesize": 2102668, "tbr": 98.673, "fps": 1, "vcodec": "none", "format": "171 - audio only (DASH audio)", "protocol": "https", "http_headers": {"User-Agent": "Mozilla/5.0 (X11; Linux x86_64; rv:10.0) Gecko/20150101 Firefox/47.0 (Chrome)", "Accept-Charset": "ISO-8859-1,utf-8;q=0.7,*;q=0.7", "Accept": "text/html,application/xhtml+xml,application/xml;q=0.9,*/*;q=0.8", "Accept-Encoding": "gzip, deflate", "Accept-Language": "en-us,en;q=0.5"}}, {"ext": "m4a", "format_note": "DASH audio", "acodec": "mp4a.40.2", "abr": 128, "container": "m4a_dash", "format_id": "140", "url": "https://r5---sn-4g5edn7e.googlevideo.com/videoplayback?id=88b7ea61c3b85de1&itag=140&source=youtube&requiressl=yes&pl=16&mm=31&mn=sn-4g5edn7e&ei=oqyKWYvTJcXyVcmcm9AJ&initcwndbps=3713750&ms=au&mv=m&ratebypass=yes&mime=audio/mp4&gir=yes&clen=3048393&lmt=1411356258407060&dur=189.845&mt=1502260296&signature=6F2554EB597828CFBF01495B891BC167220343E9.73F1A1828E80FC860EE17788439D1082F8B5F9F2&key=dg_yt0&ip=131.159.40.117&ipbits=0&expire=1502281986&sparams=ip,ipbits,expire,id,itag,source,requiressl,pl,mm,mn,ei,initcwndbps,ms,mv,ratebypass,mime,gir,clen,lmt,dur", "manifest_url": "https://manifest.googlevideo.com/api/manifest/dash/mt/1502260296/signature/D080E9A363F515DA54D65D05D917198AA6CB0375.34075F0748C50C8C4ED5AD39E85922E0B7900CEB/pl/16/ipbits/0/mm/31/hfr/1/source/youtube/mn/sn-4g5edn7e/sparams/as%2Cei%2Chfr%2Cid%2Cinitcwndbps%2Cip%2Cipbits%2Citag%2Cmm%2Cmn%2Cms%2Cmv%2Cpl%2Cplayback_host%2Crequiressl%2Csource%2Cexpire/as/fmp4_audio_clear%2Cfmp4_sd_hd_clear/id/88b7ea61c3b85de1/key/yt6/ei/oqyKWYvTJcXyVcmcm9AJ/expire/1502281986/initcwndbps/3713750/requiressl/yes/ip/131.159.40.117/itag/0/ms/au/playback_host/r5---sn-4g5edn7e.googlevideo.com/mv/m", "width": null, "height": null, "tbr": 129.196, "asr": 44100, "fps": null, "language": null, "filesize": 3048393, "vcodec": "none", "format": "140 - audio only (DASH audio)", "protocol": "https", "http_headers": {"User-Agent": "Mozilla/5.0 (X11; Linux x86_64; rv:10.0) Gecko/20150101 Firefox/47.0 (Chrome)", "Accept-Charset": "ISO-8859-1,utf-8;q=0.7,*;q=0.7", "Accept": "text/html,application/xhtml+xml,application/xml;q=0.9,*/*;q=0.8", "Accept-Encoding": "gzip, deflate", "Accept-Language": "en-us,en;q=0.5"}}, {"ext": "mp4", "height": 144, "format_note": "DASH video", "vcodec": "avc1.4d400c", "format_id": "160", "url": "https://r5---sn-4g5edn7e.googlevideo.com/videoplayback?id=88b7ea61c3b85de1&itag=160&source=youtube&requiressl=yes&pl=16&mm=31&mn=sn-4g5edn7e&ei=oqyKWYvTJcXyVcmcm9AJ&initcwndbps=3713750&ms=au&mv=m&ratebypass=yes&mime=video/mp4&gir=yes&clen=2610468&lmt=1411355448924340&dur=189.760&mt=1502260296&signature=85C60C67ACB238CD89A19BBCD671476EB345AA3E.1D4272A56E41B112CDC8A955356AC590B51AAF25&key=dg_yt0&ip=131.159.40.117&ipbits=0&expire=1502281986&sparams=ip,ipbits,expire,id,itag,source,requiressl,pl,mm,mn,ei,initcwndbps,ms,mv,ratebypass,mime,gir,clen,lmt,dur", "manifest_url": "https://manifest.googlevideo.com/api/manifest/dash/mt/1502260296/signature/D080E9A363F515DA54D65D05D917198AA6CB0375.34075F0748C50C8C4ED5AD39E85922E0B7900CEB/pl/16/ipbits/0/mm/31/hfr/1/source/youtube/mn/sn-4g5edn7e/sparams/as%2Cei%2Chfr%2Cid%2Cinitcwndbps%2Cip%2Cipbits%2Citag%2Cmm%2Cmn%2Cms%2Cmv%2Cpl%2Cplayback_host%2Crequiressl%2Csource%2Cexpire/as/fmp4_audio_clear%2Cfmp4_sd_hd_clear/id/88b7ea61c3b85de1/key/yt6/ei/oqyKWYvTJcXyVcmcm9AJ/expire/1502281986/initcwndbps/3713750/requiressl/yes/ip/131.159.40.117/itag/0/ms/au/playback_host/r5---sn-4g5edn7e.googlevideo.com/mv/m", "width": 256, "tbr": 111.771, "asr": null, "fps": 13, "language": null, "filesize": 2610468, "acodec": "none", "format": "160 - 256x144 (DASH video)", "protocol": "https", "http_headers": {"User-Agent": "Mozilla/5.0 (X11; Linux x86_64; rv:10.0) Gecko/20150101 Firefox/47.0 (Chrome)", "Accept-Charset": "ISO-8859-1,utf-8;q=0.7,*;q=0.7", "Accept": "text/html,application/xhtml+xml,application/xml;q=0.9,*/*;q=0.8", "Accept-Encoding": "gzip, deflate", "Accept-Language": "en-us,en;q=0.5"}}, {"ext": "mp4", "height": 240, "format_note": "DASH video", "vcodec": "avc1.4d4015", "format_id": "133", "url": "https://r5---sn-4g5edn7e.googlevideo.com/videoplayback?id=88b7ea61c3b85de1&itag=133&source=youtube&requiressl=yes&pl=16&mm=31&mn=sn-4g5edn7e&ei=oqyKWYvTJcXyVcmcm9AJ&initcwndbps=3713750&ms=au&mv=m&ratebypass=yes&mime=video/mp4&gir=yes&clen=5796872&lmt=1411355449613861&dur=189.720&mt=1502260296&signature=7DD9F8433CABA90A095495BB16B055834C0FAED6.5DE3EAC2D0AF04C62C44E1835570F5E3FC8DF53D&key=dg_yt0&ip=131.159.40.117&ipbits=0&expire=1502281986&sparams=ip,ipbits,expire,id,itag,source,requiressl,pl,mm,mn,ei,initcwndbps,ms,mv,ratebypass,mime,gir,clen,lmt,dur", "manifest_url": "https://manifest.googlevideo.com/api/manifest/dash/mt/1502260296/signature/D080E9A363F515DA54D65D05D917198AA6CB0375.34075F0748C50C8C4ED5AD39E85922E0B7900CEB/pl/16/ipbits/0/mm/31/hfr/1/source/youtube/mn/sn-4g5edn7e/sparams/as%2Cei%2Chfr%2Cid%2Cinitcwndbps%2Cip%2Cipbits%2Citag%2Cmm%2Cmn%2Cms%2Cmv%2Cpl%2Cplayback_host%2Crequiressl%2Csource%2Cexpire/as/fmp4_audio_clear%2Cfmp4_sd_hd_clear/id/88b7ea61c3b85de1/key/yt6/ei/oqyKWYvTJcXyVcmcm9AJ/expire/1502281986/initcwndbps/3713750/requiressl/yes/ip/131.159.40.117/itag/0/ms/au/playback_host/r5---sn-4g5edn7e.googlevideo.com/mv/m", "width": 426, "tbr": 247.417, "asr": null, "fps": 25, "language": null, "filesize": 5796872, "acodec": "none", "format": "133 - 426x240 (DASH video)", "protocol": "https", "http_headers": {"User-Agent": "Mozilla/5.0 (X11; Linux x86_64; rv:10.0) Gecko/20150101 Firefox/47.0 (Chrome)", "Accept-Charset": "ISO-8859-1,utf-8;q=0.7,*;q=0.7", "Accept": "text/html,application/xhtml+xml,application/xml;q=0.9,*/*;q=0.8", "Accept-Encoding": "gzip, deflate", "Accept-Language": "en-us,en;q=0.5"}}, {"ext": "mp4", "height": 360, "format_note": "DASH video", "vcodec": "avc1.4d401e", "format_id": "134", "url": "https://r5---sn-4g5edn7e.googlevideo.com/videoplayback?id=88b7ea61c3b85de1&itag=134&source=youtube&requiressl=yes&pl=16&mm=31&mn=sn-4g5edn7e&ei=oqyKWYvTJcXyVcmcm9AJ&initcwndbps=3713750&ms=au&mv=m&ratebypass=yes&mime=video/mp4&gir=yes&clen=7058867&lmt=1411355452913292&dur=189.720&mt=1502260296&signature=1D6839BE8EED6AE4A51A609F025E7DDCBB94FB76.550FD0ADDC7C3FCDA2A9411B3E37CFA20D2A30A4&key=dg_yt0&ip=131.159.40.117&ipbits=0&expire=1502281986&sparams=ip,ipbits,expire,id,itag,source,requiressl,pl,mm,mn,ei,initcwndbps,ms,mv,ratebypass,mime,gir,clen,lmt,dur", "manifest_url": "https://manifest.googlevideo.com/api/manifest/dash/mt/1502260296/signature/D080E9A363F515DA54D65D05D917198AA6CB0375.34075F0748C50C8C4ED5AD39E85922E0B7900CEB/pl/16/ipbits/0/mm/31/hfr/1/source/youtube/mn/sn-4g5edn7e/sparams/as%2Cei%2Chfr%2Cid%2Cinitcwndbps%2Cip%2Cipbits%2Citag%2Cmm%2Cmn%2Cms%2Cmv%2Cpl%2Cplayback_host%2Crequiressl%2Csource%2Cexpire/as/fmp4_audio_clear%2Cfmp4_sd_hd_clear/id/88b7ea61c3b85de1/key/yt6/ei/oqyKWYvTJcXyVcmcm9AJ/expire/1502281986/initcwndbps/3713750/requiressl/yes/ip/131.159.40.117/itag/0/ms/au/playback_host/r5---sn-4g5edn7e.googlevideo.com/mv/m", "width": 640, "tbr": 484.878, "asr": null, "fps": 25, "language": null, "filesize": 7058867, "acodec": "none", "format": "134 - 640x360 (DASH video)", "protocol": "https", "http_headers": {"User-Agent": "Mozilla/5.0 (X11; Linux x86_64; rv:10.0) Gecko/20150101 Firefox/47.0 (Chrome)", "Accept-Charset": "ISO-8859-1,utf-8;q=0.7,*;q=0.7", "Accept": "text/html,application/xhtml+xml,application/xml;q=0.9,*/*;q=0.8", "Accept-Encoding": "gzip, deflate", "Accept-Language": "en-us,en;q=0.5"}}, {"ext": "mp4", "height": 480, "format_note": "DASH video", "vcodec": "avc1.4d401e", "format_id": "135", "url": "https://r5---sn-4g5edn7e.googlevideo.com/videoplayback?id=88b7ea61c3b85de1&itag=135&source=youtube&requiressl=yes&pl=16&mm=31&mn=sn-4g5edn7e&ei=oqyKWYvTJcXyVcmcm9AJ&initcwndbps=3713750&ms=au&mv=m&ratebypass=yes&mime=video/mp4&gir=yes&clen=13852413&lmt=1411355468262673&dur=189.720&mt=1502260296&signature=3ABFAA07AB7A2299212478AD7D30040612E152AA.0F9842C6F80CB6E4ED964BA9B5A96FF6DDD1775C&key=dg_yt0&ip=131.159.40.117&ipbits=0&expire=1502281986&sparams=ip,ipbits,expire,id,itag,source,requiressl,pl,mm,mn,ei,initcwndbps,ms,mv,ratebypass,mime,gir,clen,lmt,dur", "manifest_url": "https://manifest.googlevideo.com/api/manifest/dash/mt/1502260296/signature/D080E9A363F515DA54D65D05D917198AA6CB0375.34075F0748C50C8C4ED5AD39E85922E0B7900CEB/pl/16/ipbits/0/mm/31/hfr/1/source/youtube/mn/sn-4g5edn7e/sparams/as%2Cei%2Chfr%2Cid%2Cinitcwndbps%2Cip%2Cipbits%2Citag%2Cmm%2Cmn%2Cms%2Cmv%2Cpl%2Cplayback_host%2Crequiressl%2Csource%2Cexpire/as/fmp4_audio_clear%2Cfmp4_sd_hd_clear/id/88b7ea61c3b85de1/key/yt6/ei/oqyKWYvTJcXyVcmcm9AJ/expire/1502281986/initcwndbps/3713750/requiressl/yes/ip/131.159.40.117/itag/0/ms/au/playback_host/r5---sn-4g5edn7e.googlevideo.com/mv/m", "width": 854, "tbr": 914.195, "asr": null, "fps": 25, "language": null, "filesize": 13852413, "acodec": "none", "format": "135 - 854x480 (DASH video)", "protocol": "https", "http_headers": {"User-Agent": "Mozilla/5.0 (X11; Linux x86_64; rv:10.0) Gecko/20150101 Firefox/47.0 (Chrome)", "Accept-Charset": "ISO-8859-1,utf-8;q=0.7,*;q=0.7", "Accept": "text/html,application/xhtml+xml,application/xml;q=0.9,*/*;q=0.8", "Accept-Encoding": "gzip, deflate", "Accept-Language": "en-us,en;q=0.5"}}, {"ext": "mp4", "height": 720, "format_note": "DASH video", "vcodec": "avc1.4d401f", "format_id": "136", "url": "https://r5---sn-4g5edn7e.googlevideo.com/videoplayback?id=88b7ea61c3b85de1&itag=136&source=youtube&requiressl=yes&pl=16&mm=31&mn=sn-4g5edn7e&ei=oqyKWYvTJcXyVcmcm9AJ&initcwndbps=3713750&ms=au&mv=m&ratebypass=yes&mime=video/mp4&gir=yes&clen=30570054&lmt=1411355478129773&dur=189.720&mt=1502260296&signature=6CF4333EE0E1ED831D914DBAC3E89394311FE0DC.9523ED20E267A0AA8FA4842907E7301BB4277CB7&key=dg_yt0&ip=131.159.40.117&ipbits=0&expire=1502281986&sparams=ip,ipbits,expire,id,itag,source,requiressl,pl,mm,mn,ei,initcwndbps,ms,mv,ratebypass,mime,gir,clen,lmt,dur", "manifest_url": "https://manifest.googlevideo.com/api/manifest/dash/mt/1502260296/signature/D080E9A363F515DA54D65D05D917198AA6CB0375.34075F0748C50C8C4ED5AD39E85922E0B7900CEB/pl/16/ipbits/0/mm/31/hfr/1/source/youtube/mn/sn-4g5edn7e/sparams/as%2Cei%2Chfr%2Cid%2Cinitcwndbps%2Cip%2Cipbits%2Citag%2Cmm%2Cmn%2Cms%2Cmv%2Cpl%2Cplayback_host%2Crequiressl%2Csource%2Cexpire/as/fmp4_audio_clear%2Cfmp4_sd_hd_clear/id/88b7ea61c3b85de1/key/yt6/ei/oqyKWYvTJcXyVcmcm9AJ/expire/1502281986/initcwndbps/3713750/requiressl/yes/ip/131.159.40.117/itag/0/ms/au/playback_host/r5---sn-4g5edn7e.googlevideo.com/mv/m", "width": 1280, "tbr": 1927.917, "asr": null, "fps": 25, "language": null, "filesize": 30570054, "acodec": "none", "format": "136 - 1280x720 (DASH video)", "protocol": "https", "http_headers": {"User-Agent": "Mozilla/5.0 (X11; Linux x86_64; rv:10.0) Gecko/20150101 Firefox/47.0 (Chrome)", "Accept-Charset": "ISO-8859-1,utf-8;q=0.7,*;q=0.7", "Accept": "text/html,application/xhtml+xml,application/xml;q=0.9,*/*;q=0.8", "Accept-Encoding": "gzip, deflate", "Accept-Language": "en-us,en;q=0.5"}}, {"format_id": "17", "url": "https://r5---sn-4g5edn7e.googlevideo.com/videoplayback?lmt=1395301008443685&initcwndbps=3713750&source=youtube&ei=oayKWczYOcSGVp-jkLAF&gir=yes&mime=video%2F3gpp&key=yt6&clen=1946677&itag=17&ipbits=0&dur=190.171&signature=A0B0866D9483F3238DAA2CB5C889663831BC2B38.0BFFC517CBD5C7336727D263CD84F49F451DF275&expire=1502281986&ip=131.159.40.117&requiressl=yes&ms=au&mt=1502260296&mv=m&sparams=clen%2Cdur%2Cei%2Cgir%2Cid%2Cinitcwndbps%2Cip%2Cipbits%2Citag%2Clmt%2Cmime%2Cmm%2Cmn%2Cms%2Cmv%2Cpl%2Crequiressl%2Csource%2Cexpire&id=o-AF_JT8uiV41vWyEYL1ZBSMypRxwybHMjHptCBN2HTjpB&pl=16&mm=31&mn=sn-4g5edn7e&ratebypass=yes", "player_url": null, "ext": "3gp", "width": 176, "height": 144, "acodec": "mp4a.40.2", "abr": 24, "vcodec": "mp4v.20.3", "resolution": "176x144", "format_note": "small", "format": "17 - 176x144 (small)", "protocol": "https", "http_headers": {"User-Agent": "Mozilla/5.0 (X11; Linux x86_64; rv:10.0) Gecko/20150101 Firefox/47.0 (Chrome)", "Accept-Charset": "ISO-8859-1,utf-8;q=0.7,*;q=0.7", "Accept": "text/html,application/xhtml+xml,application/xml;q=0.9,*/*;q=0.8", "Accept-Encoding": "gzip, deflate", "Accept-Language": "en-us,en;q=0.5"}}, {"format_id": "36", "url": "https://r5---sn-4g5edn7e.googlevideo.com/videoplayback?lmt=1395301012043379&initcwndbps=3713750&source=youtube&ei=oayKWczYOcSGVp-jkLAF&gir=yes&mime=video%2F3gpp&key=yt6&clen=5364080&itag=36&ipbits=0&dur=189.939&signature=3092A75255A9521010FA25C3C7D3A098A34588AD.63E96783395A072E3337B98E6EEB57E1995F9B42&expire=1502281986&ip=131.159.40.117&requiressl=yes&ms=au&mt=1502260296&mv=m&sparams=clen%2Cdur%2Cei%2Cgir%2Cid%2Cinitcwndbps%2Cip%2Cipbits%2Citag%2Clmt%2Cmime%2Cmm%2Cmn%2Cms%2Cmv%2Cpl%2Crequiressl%2Csource%2Cexpire&id=o-AF_JT8uiV41vWyEYL1ZBSMypRxwybHMjHptCBN2HTjpB&pl=16&mm=31&mn=sn-4g5edn7e&ratebypass=yes", "player_url": null, "ext": "3gp", "width": 320, "acodec": "mp4a.40.2", "vcodec": "mp4v.20.3", "resolution": "320x180", "height": 180, "format_note": "small", "format": "36 - 320x180 (small)", "protocol": "https", "http_headers": {"User-Agent": "Mozilla/5.0 (X11; Linux x86_64; rv:10.0) Gecko/20150101 Firefox/47.0 (Chrome)", "Accept-Charset": "ISO-8859-1,utf-8;q=0.7,*;q=0.7", "Accept": "text/html,application/xhtml+xml,application/xml;q=0.9,*/*;q=0.8", "Accept-Encoding": "gzip, deflate", "Accept-Language": "en-us,en;q=0.5"}}, {"format_id": "43", "url": "https://r5---sn-4g5edn7e.googlevideo.com/videoplayback?lmt=1395310105715091&initcwndbps=3713750&source=youtube&ei=oayKWczYOcSGVp-jkLAF&gir=yes&mime=video%2Fwebm&key=yt6&clen=18938018&itag=43&ipbits=0&dur=0.000&ratebypass=yes&expire=1502281986&signature=AB2F8F64EE7AB2DB8D0F0122D036E0C61B4549FD.8C0F39278BF4EFE37CCA630FF8BD7C983EDD6B0C&ip=131.159.40.117&requiressl=yes&ms=au&mt=1502260296&mv=m&sparams=clen%2Cdur%2Cei%2Cgir%2Cid%2Cinitcwndbps%2Cip%2Cipbits%2Citag%2Clmt%2Cmime%2Cmm%2Cmn%2Cms%2Cmv%2Cpl%2Cratebypass%2Crequiressl%2Csource%2Cexpire&id=o-AF_JT8uiV41vWyEYL1ZBSMypRxwybHMjHptCBN2HTjpB&pl=16&mm=31&mn=sn-4g5edn7e", "player_url": null, "ext": "webm", "width": 640, "height": 360, "acodec": "vorbis", "abr": 128, "vcodec": "vp8.0", "resolution": "640x360", "format_note": "medium", "format": "43 - 640x360 (medium)", "protocol": "https", "http_headers": {"User-Agent": "Mozilla/5.0 (X11; Linux x86_64; rv:10.0) Gecko/20150101 Firefox/47.0 (Chrome)", "Accept-Charset": "ISO-8859-1,utf-8;q=0.7,*;q=0.7", "Accept": "text/html,application/xhtml+xml,application/xml;q=0.9,*/*;q=0.8", "Accept-Encoding": "gzip, deflate", "Accept-Language": "en-us,en;q=0.5"}}, {"format_id": "18", "url": "https://r5---sn-4g5edn7e.googlevideo.com/videoplayback?lmt=1411356312326550&initcwndbps=3713750&source=youtube&ei=oayKWczYOcSGVp-jkLAF&gir=yes&mime=video%2Fmp4&key=yt6&clen=13329577&itag=18&ipbits=0&dur=189.846&ratebypass=yes&expire=1502281986&signature=CB68912EFDED7698FD4E9A249AEE20E269536021.B12104BE5C7F0EFFE2EE0B224BABCE44AA1C5656&ip=131.159.40.117&requiressl=yes&ms=au&mt=1502260296&mv=m&sparams=clen%2Cdur%2Cei%2Cgir%2Cid%2Cinitcwndbps%2Cip%2Cipbits%2Citag%2Clmt%2Cmime%2Cmm%2Cmn%2Cms%2Cmv%2Cpl%2Cratebypass%2Crequiressl%2Csource%2Cexpire&id=o-AF_JT8uiV41vWyEYL1ZBSMypRxwybHMjHptCBN2HTjpB&pl=16&mm=31&mn=sn-4g5edn7e", "player_url": null, "ext": "mp4", "width": 640, "height": 360, "acodec": "mp4a.40.2", "abr": 96, "vcodec": "avc1.42001E", "resolution": "640x360", "format_note": "medium", "format": "18 - 640x360 (medium)", "protocol": "https", "http_headers": {"User-Agent": "Mozilla/5.0 (X11; Linux x86_64; rv:10.0) Gecko/20150101 Firefox/47.0 (Chrome)", "Accept-Charset": "ISO-8859-1,utf-8;q=0.7,*;q=0.7", "Accept": "text/html,application/xhtml+xml,application/xml;q=0.9,*/*;q=0.8", "Accept-Encoding": "gzip, deflate", "Accept-Language": "en-us,en;q=0.5"}}, {"format_id": "22", "url": "https://r5---sn-4g5edn7e.googlevideo.com/videoplayback?lmt=1472246364381075&ms=au&initcwndbps=3713750&source=youtube&ipbits=0&dur=189.846&ei=oayKWczYOcSGVp-jkLAF&ratebypass=yes&expire=1502281986&signature=676DE001200883E2737A47C028D7929BC1332124.156FA14561B269281A6422F5BA8BFE67DCE2C706&ip=131.159.40.117&requiressl=yes&mime=video%2Fmp4&key=yt6&mt=1502260296&mv=m&sparams=dur%2Cei%2Cid%2Cinitcwndbps%2Cip%2Cipbits%2Citag%2Clmt%2Cmime%2Cmm%2Cmn%2Cms%2Cmv%2Cpl%2Cratebypass%2Crequiressl%2Csource%2Cexpire&id=o-AF_JT8uiV41vWyEYL1ZBSMypRxwybHMjHptCBN2HTjpB&pl=16&mm=31&mn=sn-4g5edn7e&itag=22", "player_url": null, "ext": "mp4", "width": 1280, "height": 720, "acodec": "mp4a.40.2", "abr": 192, "vcodec": "avc1.64001F", "resolution": "1280x720", "format_note": "hd720", "format": "22 - 1280x720 (hd720)", "protocol": "https", "http_headers": {"User-Agent": "Mozilla/5.0 (X11; Linux x86_64; rv:10.0) Gecko/20150101 Firefox/47.0 (Chrome)", "Accept-Charset": "ISO-8859-1,utf-8;q=0.7,*;q=0.7", "Accept": "text/html,application/xhtml+xml,application/xml;q=0.9,*/*;q=0.8", "Accept-Encoding": "gzip, deflate", "Accept-Language": "en-us,en;q=0.5"}}], "is_live": null, "start_time": null, "end_time": null, "series": null, "season_number": null, "episode_number": null, "extractor": "youtube", "webpage_url_basename": "iLfqYcO4XeE", "extractor_key": "Youtube", "playlist": null, "playlist_index": null, "thumbnails": [{"url": "https://i.ytimg.com/vi/iLfqYcO4XeE/maxresdefault.jpg", "id": "0"}], "display_id": "iLfqYcO4XeE", "ext": "mp4", "height": 720, "format_note": "DASH video", "vcodec": "avc1.4d401f", "format_id": "136", "url": "https://r5---sn-4g5edn7e.googlevideo.com/videoplayback?id=88b7ea61c3b85de1&itag=136&source=youtube&requiressl=yes&pl=16&mm=31&mn=sn-4g5edn7e&ei=oqyKWYvTJcXyVcmcm9AJ&initcwndbps=3713750&ms=au&mv=m&ratebypass=yes&mime=video/mp4&gir=yes&clen=30570054&lmt=1411355478129773&dur=189.720&mt=1502260296&signature=6CF4333EE0E1ED831D914DBAC3E89394311FE0DC.9523ED20E267A0AA8FA4842907E7301BB4277CB7&key=dg_yt0&ip=131.159.40.117&ipbits=0&expire=1502281986&sparams=ip,ipbits,expire,id,itag,source,requiressl,pl,mm,mn,ei,initcwndbps,ms,mv,ratebypass,mime,gir,clen,lmt,dur", "manifest_url": "https://manifest.googlevideo.com/api/manifest/dash/mt/1502260296/signature/D080E9A363F515DA54D65D05D917198AA6CB0375.34075F0748C50C8C4ED5AD39E85922E0B7900CEB/pl/16/ipbits/0/mm/31/hfr/1/source/youtube/mn/sn-4g5edn7e/sparams/as%2Cei%2Chfr%2Cid%2Cinitcwndbps%2Cip%2Cipbits%2Citag%2Cmm%2Cmn%2Cms%2Cmv%2Cpl%2Cplayback_host%2Crequiressl%2Csource%2Cexpire/as/fmp4_audio_clear%2Cfmp4_sd_hd_clear/id/88b7ea61c3b85de1/key/yt6/ei/oqyKWYvTJcXyVcmcm9AJ/expire/1502281986/initcwndbps/3713750/requiressl/yes/ip/131.159.40.117/itag/0/ms/au/playback_host/r5---sn-4g5edn7e.googlevideo.com/mv/m", "width": 1280, "tbr": 1927.917, "asr": null, "fps": 25, "language": null, "filesize": 30570054, "acodec": "none", "format": "136 - 1280x720 (DASH video)", "protocol": "https", "http_headers": {"User-Agent": "Mozilla/5.0 (X11; Linux x86_64; rv:10.0) Gecko/20150101 Firefox/47.0 (Chrome)", "Accept-Charset": "ISO-8859-1,utf-8;q=0.7,*;q=0.7", "Accept": "text/html,application/xhtml+xml,application/xml;q=0.9,*/*;q=0.8", "Accept-Encoding": "gzip, deflate", "Accept-Language": "en-us,en;q=0.5"}, "fulltitle": "\u0421\u04af\u04af-\u0425\u0425\u041a-\u0438\u0439\u043d \u0434\u044d\u0434 \u0437\u0430\u0445\u0438\u0440\u0430\u043b: \u0422\u0430\u043d\u0430\u0439\u0445 \u0437\u0430\u0445\u0438\u0430\u043b\u0433\u0430\u0442 \u0431\u0438\u0448 \u0431\u043e\u043b\u043e\u0445\u043e\u043e\u0440 \u044f\u0440\u0438\u0430 \u04e9\u0433\u043c\u04e9\u04e9\u0440\u0433\u04af\u0439 \u0431\u0430\u0439\u043d\u0430", "_filename": "iLfqYcO4XeE.mp4"}