{"id": "x7A_JH9ENBQ", "uploader": "Record News", "uploader_id": "marketingrecordnews", "uploader_url": "http://www.youtube.com/user/marketingrecordnews", "upload_date": "20110211", "license": "Standard YouTube License", "creator": null, "title": "Pr\u00e9dios tortos realinhados em Santos", "alt_title": null, "thumbnail": "https://i.ytimg.com/vi/x7A_JH9ENBQ/hqdefault.jpg", "description": "Os t\u00e3o conhecidos pr\u00e9dios tortos da orla de Santos podem at\u00e9 ser curiosos para os turistas, mas para quem vive ali \u00e9 um transtorno. Agora, moradores de um edif\u00edcio j\u00e1 podem respirar aliviados e voc\u00ea vai ver o por qu\u00ea.", "categories": ["News & Politics"], "tags": ["Record", "News", "Paulista", "Pr\u00e9dios", "tortos", "realinhados", "em", "Santos", "Fernanda", "arcanjo", "SP"], "subtitles": {}, "automatic_captions": {}, "duration": 139, "age_limit": 0, "annotations": null, "chapters": null, "webpage_url": "https://www.youtube.com/watch?v=x7A_JH9ENBQ", "view_count": 23337, "like_count": 41, "dislike_count": 4, "average_rating": 4.64444446564, "formats": [{"ext": "m4a", "format_note": "DASH audio", "acodec": "mp4a.40.5", "abr": 48, "container": "m4a_dash", "format_id": "139", "url": "https://r1---sn-4g5e6nl6.googlevideo.com/videoplayback?id=c7b03f247f443414&itag=139&source=youtube&requiressl=yes&pl=16&initcwndbps=4462500&mv=m&ms=au&mm=31&mn=sn-4g5e6nl6&ei=nLGJWe7iK8-YcsvDnoAJ&ratebypass=yes&mime=audio/mp4&gir=yes&clen=828008&lmt=1393497113097858&dur=139.133&key=dg_yt0&signature=4D1BD5815108355360189B2BAE339DBA02C0A1EF.4656AC59D85689801F59F4C2FA163CA79E20673C&mt=1502196000&ip=131.159.40.117&ipbits=0&expire=1502217724&sparams=ip,ipbits,expire,id,itag,source,requiressl,pl,initcwndbps,mv,ms,mm,mn,ei,ratebypass,mime,gir,clen,lmt,dur", "manifest_url": "https://manifest.googlevideo.com/api/manifest/dash/key/yt6/as/fmp4_audio_clear%2Cfmp4_sd_hd_clear/id/c7b03f247f443414/pl/16/expire/1502217724/signature/0E66C16C95D757B16651FCFDF3EB6B50723088FA.0E8C7ADCA86EEA87AF04368EADA0664AF9AAF040/source/youtube/initcwndbps/4462500/mv/m/requiressl/yes/ipbits/0/ms/au/mt/1502196000/mm/31/ip/131.159.40.117/sparams/as%2Cei%2Chfr%2Cid%2Cinitcwndbps%2Cip%2Cipbits%2Citag%2Cmm%2Cmn%2Cms%2Cmv%2Cpl%2Cplayback_host%2Crequiressl%2Csource%2Cexpire/mn/sn-4g5e6nl6/itag/0/playback_host/r1---sn-4g5e6nl6.googlevideo.com/ei/nLGJWe7iK8-YcsvDnoAJ/hfr/1", "width": null, "height": null, "tbr": 48.452, "asr": 22050, "fps": null, "language": null, "filesize": 828008, "vcodec": "none", "format": "139 - audio only (DASH audio)", "protocol": "https", "http_headers": {"User-Agent": "Mozilla/5.0 (X11; Linux x86_64; rv:10.0) Gecko/20150101 Firefox/47.0 (Chrome)", "Accept-Charset": "ISO-8859-1,utf-8;q=0.7,*;q=0.7", "Accept": "text/html,application/xhtml+xml,application/xml;q=0.9,*/*;q=0.8", "Accept-Encoding": "gzip, deflate", "Accept-Language": "en-us,en;q=0.5"}}, {"format_id": "249", "url": "https://r1---sn-4g5e6nl6.googlevideo.com/videoplayback?mt=1502196000&sparams=clen%2Cdur%2Cei%2Cgir%2Cid%2Cinitcwndbps%2Cip%2Cipbits%2Citag%2Ckeepalive%2Clmt%2Cmime%2Cmm%2Cmn%2Cms%2Cmv%2Cpl%2Crequiressl%2Csource%2Cexpire&mv=m&ms=au&id=o-AM-hcwNNAifBYlBMzxGXHQkDJQ-Rw0xawo6IGGl4KHw-&mime=audio%2Fwebm&pl=16&gir=yes&mm=31&ip=131.159.40.117&key=yt6&mn=sn-4g5e6nl6&ipbits=0&lmt=1410768588892946&source=youtube&initcwndbps=4462500&clen=887714&dur=139.001&expire=1502217724&ei=nLGJWZCiDceWc5DfuvAM&signature=0867FA294BA3FCB59767ABAD0EFBDA261F4DB778.E37FC054A08007AFC3F8DAE503CC75E571C0482A&requiressl=yes&keepalive=yes&itag=249&ratebypass=yes", "player_url": null, "ext": "webm", "format_note": "DASH audio", "acodec": "opus", "abr": 50, "filesize": 887714, "tbr": 51.675, "fps": 1, "vcodec": "none", "format": "249 - audio only (DASH audio)", "protocol": "https", "http_headers": {"User-Agent": "Mozilla/5.0 (X11; Linux x86_64; rv:10.0) Gecko/20150101 Firefox/47.0 (Chrome)", "Accept-Charset": "ISO-8859-1,utf-8;q=0.7,*;q=0.7", "Accept": "text/html,application/xhtml+xml,application/xml;q=0.9,*/*;q=0.8", "Accept-Encoding": "gzip, deflate", "Accept-Language": "en-us,en;q=0.5"}}, {"format_id": "250", "url": "https://r1---sn-4g5e6nl6.googlevideo.com/videoplayback?mt=1502196000&sparams=clen%2Cdur%2Cei%2Cgir%2Cid%2Cinitcwndbps%2Cip%2Cipbits%2Citag%2Ckeepalive%2Clmt%2Cmime%2Cmm%2Cmn%2Cms%2Cmv%2Cpl%2Crequiressl%2Csource%2Cexpire&mv=m&ms=au&id=o-AM-hcwNNAifBYlBMzxGXHQkDJQ-Rw0xawo6IGGl4KHw-&mime=audio%2Fwebm&pl=16&gir=yes&mm=31&ip=131.159.40.117&key=yt6&mn=sn-4g5e6nl6&ipbits=0&lmt=1410768590395266&source=youtube&initcwndbps=4462500&clen=1126640&dur=139.001&expire=1502217724&ei=nLGJWZCiDceWc5DfuvAM&signature=304A473F7C934FC917EFFB5985B06FF518229DE5.1725FA14E75D76EF1AB2846878B73024E2295F&requiressl=yes&keepalive=yes&itag=250&ratebypass=yes", "player_url": null, "ext": "webm", "format_note": "DASH audio", "acodec": "opus", "abr": 70, "filesize": 1126640, "tbr": 68.424, "fps": 1, "vcodec": "none", "format": "250 - audio only (DASH audio)", "protocol": "https", "http_headers": {"User-Agent": "Mozilla/5.0 (X11; Linux x86_64; rv:10.0) Gecko/20150101 Firefox/47.0 (Chrome)", "Accept-Charset": "ISO-8859-1,utf-8;q=0.7,*;q=0.7", "Accept": "text/html,application/xhtml+xml,application/xml;q=0.9,*/*;q=0.8", "Accept-Encoding": "gzip, deflate", "Accept-Language": "en-us,en;q=0.5"}}, {"format_id": "171", "url": "https://r1---sn-4g5e6nl6.googlevideo.com/videoplayback?mt=1502196000&sparams=clen%2Cdur%2Cei%2Cgir%2Cid%2Cinitcwndbps%2Cip%2Cipbits%2Citag%2Ckeepalive%2Clmt%2Cmime%2Cmm%2Cmn%2Cms%2Cmv%2Cpl%2Crequiressl%2Csource%2Cexpire&mv=m&ms=au&id=o-AM-hcwNNAifBYlBMzxGXHQkDJQ-Rw0xawo6IGGl4KHw-&mime=audio%2Fwebm&pl=16&gir=yes&mm=31&ip=131.159.40.117&key=yt6&mn=sn-4g5e6nl6&ipbits=0&lmt=1410768594087111&source=youtube&initcwndbps=4462500&clen=1645934&dur=138.984&expire=1502217724&ei=nLGJWZCiDceWc5DfuvAM&signature=AF4FB254D72AF80A5FD2B9B588D9968671BE1320.86C70DA59D01F90DB8EAF5CFF46351B320C35E13&requiressl=yes&keepalive=yes&itag=171&ratebypass=yes", "player_url": null, "ext": "webm", "acodec": "vorbis", "format_note": "DASH audio", "abr": 128, "filesize": 1645934, "tbr": 100.002, "fps": 1, "vcodec": "none", "format": "171 - audio only (DASH audio)", "protocol": "https", "http_headers": {"User-Agent": "Mozilla/5.0 (X11; Linux x86_64; rv:10.0) Gecko/20150101 Firefox/47.0 (Chrome)", "Accept-Charset": "ISO-8859-1,utf-8;q=0.7,*;q=0.7", "Accept": "text/html,application/xhtml+xml,application/xml;q=0.9,*/*;q=0.8", "Accept-Encoding": "gzip, deflate", "Accept-Language": "en-us,en;q=0.5"}}, {"ext": "m4a", "format_note": "DASH audio", "acodec": "mp4a.40.2", "abr": 128, "container": "m4a_dash", "format_id": "140", "url": "https://r1---sn-4g5e6nl6.googlevideo.com/videoplayback?id=c7b03f247f443414&itag=140&source=youtube&requiressl=yes&pl=16&initcwndbps=4462500&mv=m&ms=au&mm=31&mn=sn-4g5e6nl6&ei=nLGJWe7iK8-YcsvDnoAJ&ratebypass=yes&mime=audio/mp4&gir=yes&clen=2208885&lmt=1393497101897594&dur=139.041&key=dg_yt0&signature=1AD7FC72F2617A56008A08447B95C17A9C2FC3A4.831B69C72BF891AED9C19C4A8E8244DE3B72DD8D&mt=1502196000&ip=131.159.40.117&ipbits=0&expire=1502217724&sparams=ip,ipbits,expire,id,itag,source,requiressl,pl,initcwndbps,mv,ms,mm,mn,ei,ratebypass,mime,gir,clen,lmt,dur", "manifest_url": "https://manifest.googlevideo.com/api/manifest/dash/key/yt6/as/fmp4_audio_clear%2Cfmp4_sd_hd_clear/id/c7b03f247f443414/pl/16/expire/1502217724/signature/0E66C16C95D757B16651FCFDF3EB6B50723088FA.0E8C7ADCA86EEA87AF04368EADA0664AF9AAF040/source/youtube/initcwndbps/4462500/mv/m/requiressl/yes/ipbits/0/ms/au/mt/1502196000/mm/31/ip/131.159.40.117/sparams/as%2Cei%2Chfr%2Cid%2Cinitcwndbps%2Cip%2Cipbits%2Citag%2Cmm%2Cmn%2Cms%2Cmv%2Cpl%2Cplayback_host%2Crequiressl%2Csource%2Cexpire/mn/sn-4g5e6nl6/itag/0/playback_host/r1---sn-4g5e6nl6.googlevideo.com/ei/nLGJWe7iK8-YcsvDnoAJ/hfr/1", "width": null, "height": null, "tbr": 127.871, "asr": 44100, "fps": null, "language": null, "filesize": 2208885, "vcodec": "none", "format": "140 - audio only (DASH audio)", "protocol": "https", "http_headers": {"User-Agent": "Mozilla/5.0 (X11; Linux x86_64; rv:10.0) Gecko/20150101 Firefox/47.0 (Chrome)", "Accept-Charset": "ISO-8859-1,utf-8;q=0.7,*;q=0.7", "Accept": "text/html,application/xhtml+xml,application/xml;q=0.9,*/*;q=0.8", "Accept-Encoding": "gzip, deflate", "Accept-Language": "en-us,en;q=0.5"}}, {"format_id": "251", "url": "https://r1---sn-4g5e6nl6.googlevideo.com/videoplayback?mt=1502196000&sparams=clen%2Cdur%2Cei%2Cgir%2Cid%2Cinitcwndbps%2Cip%2Cipbits%2Citag%2Ckeepalive%2Clmt%2Cmime%2Cmm%2Cmn%2Cms%2Cmv%2Cpl%2Crequiressl%2Csource%2Cexpire&mv=m&ms=au&id=o-AM-hcwNNAifBYlBMzxGXHQkDJQ-Rw0xawo6IGGl4KHw-&mime=audio%2Fwebm&pl=16&gir=yes&mm=31&ip=131.159.40.117&key=yt6&mn=sn-4g5e6nl6&ipbits=0&lmt=1410768589977090&source=youtube&initcwndbps=4462500&clen=2465298&dur=139.001&expire=1502217724&ei=nLGJWZCiDceWc5DfuvAM&signature=69108E527F3B79D2F5CCDB6F11591312B33E424F.376C53B24ABDD581B9C3199BC7C52A4154B77A62&requiressl=yes&keepalive=yes&itag=251&ratebypass=yes", "player_url": null, "ext": "webm", "format_note": "DASH audio", "acodec": "opus", "abr": 160, "filesize": 2465298, "tbr": 147.568, "fps": 1, "vcodec": "none", "format": "251 - audio only (DASH audio)", "protocol": "https", "http_headers": {"User-Agent": "Mozilla/5.0 (X11; Linux x86_64; rv:10.0) Gecko/20150101 Firefox/47.0 (Chrome)", "Accept-Charset": "ISO-8859-1,utf-8;q=0.7,*;q=0.7", "Accept": "text/html,application/xhtml+xml,application/xml;q=0.9,*/*;q=0.8", "Accept-Encoding": "gzip, deflate", "Accept-Language": "en-us,en;q=0.5"}}, {"ext": "mp4", "height": 144, "format_note": "DASH video", "vcodec": "avc1.4d400c", "format_id": "160", "url": "https://r1---sn-4g5e6nl6.googlevideo.com/videoplayback?id=c7b03f247f443414&itag=160&source=youtube&requiressl=yes&pl=16&initcwndbps=4462500&mv=m&ms=au&mm=31&mn=sn-4g5e6nl6&ei=nLGJWe7iK8-YcsvDnoAJ&ratebypass=yes&mime=video/mp4&gir=yes&clen=1949421&lmt=1393497266955369&dur=138.873&key=dg_yt0&signature=94C0748AF78B14D51E9DDA1656DA9C36C271D1D1.7D0855D47D0380F31DA2ECD6BED9819AD7946B13&mt=1502196000&ip=131.159.40.117&ipbits=0&expire=1502217724&sparams=ip,ipbits,expire,id,itag,source,requiressl,pl,initcwndbps,mv,ms,mm,mn,ei,ratebypass,mime,gir,clen,lmt,dur", "manifest_url": "https://manifest.googlevideo.com/api/manifest/dash/key/yt6/as/fmp4_audio_clear%2Cfmp4_sd_hd_clear/id/c7b03f247f443414/pl/16/expire/1502217724/signature/0E66C16C95D757B16651FCFDF3EB6B50723088FA.0E8C7ADCA86EEA87AF04368EADA0664AF9AAF040/source/youtube/initcwndbps/4462500/mv/m/requiressl/yes/ipbits/0/ms/au/mt/1502196000/mm/31/ip/131.159.40.117/sparams/as%2Cei%2Chfr%2Cid%2Cinitcwndbps%2Cip%2Cipbits%2Citag%2Cmm%2Cmn%2Cms%2Cmv%2Cpl%2Cplayback_host%2Crequiressl%2Csource%2Cexpire/mn/sn-4g5e6nl6/itag/0/playback_host/r1---sn-4g5e6nl6.googlevideo.com/ei/nLGJWe7iK8-YcsvDnoAJ/hfr/1", "width": 196, "tbr": 115.96, "asr": null, "fps": 15, "language": null, "filesize": 1949421, "acodec": "none", "format": "160 - 196x144 (DASH video)", "protocol": "https", "http_headers": {"User-Agent": "Mozilla/5.0 (X11; Linux x86_64; rv:10.0) Gecko/20150101 Firefox/47.0 (Chrome)", "Accept-Charset": "ISO-8859-1,utf-8;q=0.7,*;q=0.7", "Accept": "text/html,application/xhtml+xml,application/xml;q=0.9,*/*;q=0.8", "Accept-Encoding": "gzip, deflate", "Accept-Language": "en-us,en;q=0.5"}}, {"ext": "mp4", "height": 240, "format_note": "DASH video", "vcodec": "avc1.4d400d", "format_id": "133", "url": "https://r1---sn-4g5e6nl6.googlevideo.com/videoplayback?id=c7b03f247f443414&itag=133&source=youtube&requiressl=yes&pl=16&initcwndbps=4462500&mv=m&ms=au&mm=31&mn=sn-4g5e6nl6&ei=nLGJWe7iK8-YcsvDnoAJ&ratebypass=yes&mime=video/mp4&gir=yes&clen=4253100&lmt=1393497280766418&dur=138.873&key=dg_yt0&signature=5230CB77E1C2C68DFDC0A36619B268A35627DE51.6B778F6B1BCD953A4278B0729A170A9DC4B54901&mt=1502196000&ip=131.159.40.117&ipbits=0&expire=1502217724&sparams=ip,ipbits,expire,id,itag,source,requiressl,pl,initcwndbps,mv,ms,mm,mn,ei,ratebypass,mime,gir,clen,lmt,dur", "manifest_url": "https://manifest.googlevideo.com/api/manifest/dash/key/yt6/as/fmp4_audio_clear%2Cfmp4_sd_hd_clear/id/c7b03f247f443414/pl/16/expire/1502217724/signature/0E66C16C95D757B16651FCFDF3EB6B50723088FA.0E8C7ADCA86EEA87AF04368EADA0664AF9AAF040/source/youtube/initcwndbps/4462500/mv/m/requiressl/yes/ipbits/0/ms/au/mt/1502196000/mm/31/ip/131.159.40.117/sparams/as%2Cei%2Chfr%2Cid%2Cinitcwndbps%2Cip%2Cipbits%2Citag%2Cmm%2Cmn%2Cms%2Cmv%2Cpl%2Cplayback_host%2Crequiressl%2Csource%2Cexpire/mn/sn-4g5e6nl6/itag/0/playback_host/r1---sn-4g5e6nl6.googlevideo.com/ei/nLGJWe7iK8-YcsvDnoAJ/hfr/1", "width": 328, "tbr": 247.865, "asr": null, "fps": 30, "language": null, "filesize": 4253100, "acodec": "none", "format": "133 - 328x240 (DASH video)", "protocol": "https", "http_headers": {"User-Agent": "Mozilla/5.0 (X11; Linux x86_64; rv:10.0) Gecko/20150101 Firefox/47.0 (Chrome)", "Accept-Charset": "ISO-8859-1,utf-8;q=0.7,*;q=0.7", "Accept": "text/html,application/xhtml+xml,application/xml;q=0.9,*/*;q=0.8", "Accept-Encoding": "gzip, deflate", "Accept-Language": "en-us,en;q=0.5"}}, {"ext": "mp4", "height": 360, "format_note": "DASH video", "vcodec": "avc1.4d401e", "format_id": "134", "url": "https://r1---sn-4g5e6nl6.googlevideo.com/videoplayback?id=c7b03f247f443414&itag=134&source=youtube&requiressl=yes&pl=16&initcwndbps=4462500&mv=m&ms=au&mm=31&mn=sn-4g5e6nl6&ei=nLGJWe7iK8-YcsvDnoAJ&ratebypass=yes&mime=video/mp4&gir=yes&clen=4553280&lmt=1393497274769393&dur=138.873&key=dg_yt0&signature=3744AD1183AAD643EC986861032EEE315AFEBB38.3D1ADDD66611F4E5B620FA8F35680731A243443B&mt=1502196000&ip=131.159.40.117&ipbits=0&expire=1502217724&sparams=ip,ipbits,expire,id,itag,source,requiressl,pl,initcwndbps,mv,ms,mm,mn,ei,ratebypass,mime,gir,clen,lmt,dur", "manifest_url": "https://manifest.googlevideo.com/api/manifest/dash/key/yt6/as/fmp4_audio_clear%2Cfmp4_sd_hd_clear/id/c7b03f247f443414/pl/16/expire/1502217724/signature/0E66C16C95D757B16651FCFDF3EB6B50723088FA.0E8C7ADCA86EEA87AF04368EADA0664AF9AAF040/source/youtube/initcwndbps/4462500/mv/m/requiressl/yes/ipbits/0/ms/au/mt/1502196000/mm/31/ip/131.159.40.117/sparams/as%2Cei%2Chfr%2Cid%2Cinitcwndbps%2Cip%2Cipbits%2Citag%2Cmm%2Cmn%2Cms%2Cmv%2Cpl%2Cplayback_host%2Crequiressl%2Csource%2Cexpire/mn/sn-4g5e6nl6/itag/0/playback_host/r1---sn-4g5e6nl6.googlevideo.com/ei/nLGJWe7iK8-YcsvDnoAJ/hfr/1", "width": 490, "tbr": 397.186, "asr": null, "fps": 30, "language": null, "filesize": 4553280, "acodec": "none", "format": "134 - 490x360 (DASH video)", "protocol": "https", "http_headers": {"User-Agent": "Mozilla/5.0 (X11; Linux x86_64; rv:10.0) Gecko/20150101 Firefox/47.0 (Chrome)", "Accept-Charset": "ISO-8859-1,utf-8;q=0.7,*;q=0.7", "Accept": "text/html,application/xhtml+xml,application/xml;q=0.9,*/*;q=0.8", "Accept-Encoding": "gzip, deflate", "Accept-Language": "en-us,en;q=0.5"}}, {"ext": "mp4", "height": 480, "format_note": "DASH video", "vcodec": "avc1.4d401e", "format_id": "135", "url": "https://r1---sn-4g5e6nl6.googlevideo.com/videoplayback?id=c7b03f247f443414&itag=135&source=youtube&requiressl=yes&pl=16&initcwndbps=4462500&mv=m&ms=au&mm=31&mn=sn-4g5e6nl6&ei=nLGJWe7iK8-YcsvDnoAJ&ratebypass=yes&mime=video/mp4&gir=yes&clen=9498375&lmt=1393497281721694&dur=138.873&key=dg_yt0&signature=5293B1F19F77FEE3DD5956617CEB70A64D0F0953.BF569ACED0ABDCFE5F57DCF65A8680C96EA0DE&mt=1502196000&ip=131.159.40.117&ipbits=0&expire=1502217724&sparams=ip,ipbits,expire,id,itag,source,requiressl,pl,initcwndbps,mv,ms,mm,mn,ei,ratebypass,mime,gir,clen,lmt,dur", "manifest_url": "https://manifest.googlevideo.com/api/manifest/dash/key/yt6/as/fmp4_audio_clear%2Cfmp4_sd_hd_clear/id/c7b03f247f443414/pl/16/expire/1502217724/signature/0E66C16C95D757B16651FCFDF3EB6B50723088FA.0E8C7ADCA86EEA87AF04368EADA0664AF9AAF040/source/youtube/initcwndbps/4462500/mv/m/requiressl/yes/ipbits/0/ms/au/mt/1502196000/mm/31/ip/131.159.40.117/sparams/as%2Cei%2Chfr%2Cid%2Cinitcwndbps%2Cip%2Cipbits%2Citag%2Cmm%2Cmn%2Cms%2Cmv%2Cpl%2Cplayback_host%2Crequiressl%2Csource%2Cexpire/mn/sn-4g5e6nl6/itag/0/playback_host/r1---sn-4g5e6nl6.googlevideo.com/ei/nLGJWe7iK8-YcsvDnoAJ/hfr/1", "width": 654, "tbr": 803.703, "asr": null, "fps": 30, "language": null, "filesize": 9498375, "acodec": "none", "format": "135 - 654x480 (DASH video)", "protocol": "https", "http_headers": {"User-Agent": "Mozilla/5.0 (X11; Linux x86_64; rv:10.0) Gecko/20150101 Firefox/47.0 (Chrome)", "Accept-Charset": "ISO-8859-1,utf-8;q=0.7,*;q=0.7", "Accept": "text/html,application/xhtml+xml,application/xml;q=0.9,*/*;q=0.8", "Accept-Encoding": "gzip, deflate", "Accept-Language": "en-us,en;q=0.5"}}, {"format_id": "17", "url": "https://r1---sn-4g5e6nl6.googlevideo.com/videoplayback?mt=1502196000&sparams=clen%2Cdur%2Cei%2Cgir%2Cid%2Cinitcwndbps%2Cip%2Cipbits%2Citag%2Clmt%2Cmime%2Cmm%2Cmn%2Cms%2Cmv%2Cpl%2Crequiressl%2Csource%2Cexpire&mv=m&ms=au&id=o-AM-hcwNNAifBYlBMzxGXHQkDJQ-Rw0xawo6IGGl4KHw-&mime=video%2F3gpp&pl=16&gir=yes&mm=31&ip=131.159.40.117&key=yt6&mn=sn-4g5e6nl6&ipbits=0&lmt=1393497118014049&source=youtube&initcwndbps=4462500&clen=1431370&dur=139.226&expire=1502217724&ei=nLGJWZCiDceWc5DfuvAM&signature=2BEEA3DA09F1357B5935EBF866DBE5C9BCA4F763.9C7DCC7A1E08875B463889CB1BF2583796CF64A8&requiressl=yes&itag=17&ratebypass=yes", "player_url": null, "ext": "3gp", "width": 176, "height": 144, "acodec": "mp4a.40.2", "abr": 24, "vcodec": "mp4v.20.3", "resolution": "176x144", "format_note": "small", "format": "17 - 176x144 (small)", "protocol": "https", "http_headers": {"User-Agent": "Mozilla/5.0 (X11; Linux x86_64; rv:10.0) Gecko/20150101 Firefox/47.0 (Chrome)", "Accept-Charset": "ISO-8859-1,utf-8;q=0.7,*;q=0.7", "Accept": "text/html,application/xhtml+xml,application/xml;q=0.9,*/*;q=0.8", "Accept-Encoding": "gzip, deflate", "Accept-Language": "en-us,en;q=0.5"}}, {"format_id": "36", "url": "https://r1---sn-4g5e6nl6.googlevideo.com/videoplayback?mt=1502196000&sparams=clen%2Cdur%2Cei%2Cgir%2Cid%2Cinitcwndbps%2Cip%2Cipbits%2Citag%2Clmt%2Cmime%2Cmm%2Cmn%2Cms%2Cmv%2Cpl%2Crequiressl%2Csource%2Cexpire&mv=m&ms=au&id=o-AM-hcwNNAifBYlBMzxGXHQkDJQ-Rw0xawo6IGGl4KHw-&mime=video%2F3gpp&pl=16&gir=yes&mm=31&ip=131.159.40.117&key=yt6&mn=sn-4g5e6nl6&ipbits=0&lmt=1426105524619366&source=youtube&initcwndbps=4462500&clen=3923247&dur=139.087&expire=1502217724&ei=nLGJWZCiDceWc5DfuvAM&signature=B91BCF25A154C0E690D0DA87E65214EBBF03608C.9B12AAF577828757F34698350A31201FBAF24218&requiressl=yes&itag=36&ratebypass=yes", "player_url": null, "ext": "3gp", "width": 320, "acodec": "mp4a.40.2", "vcodec": "mp4v.20.3", "resolution": "320x234", "height": 234, "format_note": "small", "format": "36 - 320x234 (small)", "protocol": "https", "http_headers": {"User-Agent": "Mozilla/5.0 (X11; Linux x86_64; rv:10.0) Gecko/20150101 Firefox/47.0 (Chrome)", "Accept-Charset": "ISO-8859-1,utf-8;q=0.7,*;q=0.7", "Accept": "text/html,application/xhtml+xml,application/xml;q=0.9,*/*;q=0.8", "Accept-Encoding": "gzip, deflate", "Accept-Language": "en-us,en;q=0.5"}}, {"format_id": "18", "url": "https://r1---sn-4g5e6nl6.googlevideo.com/videoplayback?mt=1502196000&sparams=clen%2Cdur%2Cei%2Cgir%2Cid%2Cinitcwndbps%2Cip%2Cipbits%2Citag%2Clmt%2Cmime%2Cmm%2Cmn%2Cms%2Cmv%2Cpl%2Cratebypass%2Crequiressl%2Csource%2Cexpire&mv=m&ms=au&id=o-AM-hcwNNAifBYlBMzxGXHQkDJQ-Rw0xawo6IGGl4KHw-&mime=video%2Fmp4&pl=16&gir=yes&mm=31&ip=131.159.40.117&key=yt6&mn=sn-4g5e6nl6&ipbits=0&lmt=1393497316391104&ratebypass=yes&source=youtube&initcwndbps=4462500&clen=7982278&dur=139.041&expire=1502217724&ei=nLGJWZCiDceWc5DfuvAM&signature=4D76E8C49952551E3ACC4B4C020239A85E0CA35D.A5B2AC7A03EAFC0C66681E8D8777C035B24E3CD1&requiressl=yes&itag=18", "player_url": null, "ext": "mp4", "width": 490, "height": 360, "acodec": "mp4a.40.2", "abr": 96, "vcodec": "avc1.42001E", "resolution": "490x360", "format_note": "medium", "format": "18 - 490x360 (medium)", "protocol": "https", "http_headers": {"User-Agent": "Mozilla/5.0 (X11; Linux x86_64; rv:10.0) Gecko/20150101 Firefox/47.0 (Chrome)", "Accept-Charset": "ISO-8859-1,utf-8;q=0.7,*;q=0.7", "Accept": "text/html,application/xhtml+xml,application/xml;q=0.9,*/*;q=0.8", "Accept-Encoding": "gzip, deflate", "Accept-Language": "en-us,en;q=0.5"}}, {"format_id": "43", "url": "https://r1---sn-4g5e6nl6.googlevideo.com/videoplayback?mt=1502196000&sparams=clen%2Cdur%2Cei%2Cgir%2Cid%2Cinitcwndbps%2Cip%2Cipbits%2Citag%2Clmt%2Cmime%2Cmm%2Cmn%2Cms%2Cmv%2Cpl%2Cratebypass%2Crequiressl%2Csource%2Cexpire&mv=m&ms=au&id=o-AM-hcwNNAifBYlBMzxGXHQkDJQ-Rw0xawo6IGGl4KHw-&mime=video%2Fwebm&pl=16&gir=yes&mm=31&ip=131.159.40.117&key=yt6&mn=sn-4g5e6nl6&ipbits=0&lmt=1377042668909402&ratebypass=yes&source=youtube&initcwndbps=4462500&clen=11174163&dur=0.000&expire=1502217724&ei=nLGJWZCiDceWc5DfuvAM&signature=58A8E08F0D3379E1AC26EB57AC2EE704D0C87742.35FADA06FA7987A28686456810E55A0FF06E543D&requiressl=yes&itag=43", "player_url": null, "ext": "webm", "width": 640, "height": 360, "acodec": "vorbis", "abr": 128, "vcodec": "vp8.0", "resolution": "640x360", "format_note": "medium", "format": "43 - 640x360 (medium)", "protocol": "https", "http_headers": {"User-Agent": "Mozilla/5.0 (X11; Linux x86_64; rv:10.0) Gecko/20150101 Firefox/47.0 (Chrome)", "Accept-Charset": "ISO-8859-1,utf-8;q=0.7,*;q=0.7", "Accept": "text/html,application/xhtml+xml,application/xml;q=0.9,*/*;q=0.8", "Accept-Encoding": "gzip, deflate", "Accept-Language": "en-us,en;q=0.5"}}], "is_live": null, "start_time": null, "end_time": null, "series": null, "season_number": null, "episode_number": null, "extractor": "youtube", "webpage_url_basename": "x7A_JH9ENBQ", "extractor_key": "Youtube", "playlist": null, "playlist_index": null, "thumbnails": [{"url": "https://i.ytimg.com/vi/x7A_JH9ENBQ/hqdefault.jpg", "id": "0"}], "display_id": "x7A_JH9ENBQ", "ext": "mp4", "height": 480, "format_note": "DASH video", "vcodec": "avc1.4d401e", "format_id": "135", "url": "https://r1---sn-4g5e6nl6.googlevideo.com/videoplayback?id=c7b03f247f443414&itag=135&source=youtube&requiressl=yes&pl=16&initcwndbps=4462500&mv=m&ms=au&mm=31&mn=sn-4g5e6nl6&ei=nLGJWe7iK8-YcsvDnoAJ&ratebypass=yes&mime=video/mp4&gir=yes&clen=9498375&lmt=1393497281721694&dur=138.873&key=dg_yt0&signature=5293B1F19F77FEE3DD5956617CEB70A64D0F0953.BF569ACED0ABDCFE5F57DCF65A8680C96EA0DE&mt=1502196000&ip=131.159.40.117&ipbits=0&expire=1502217724&sparams=ip,ipbits,expire,id,itag,source,requiressl,pl,initcwndbps,mv,ms,mm,mn,ei,ratebypass,mime,gir,clen,lmt,dur", "manifest_url": "https://manifest.googlevideo.com/api/manifest/dash/key/yt6/as/fmp4_audio_clear%2Cfmp4_sd_hd_clear/id/c7b03f247f443414/pl/16/expire/1502217724/signature/0E66C16C95D757B16651FCFDF3EB6B50723088FA.0E8C7ADCA86EEA87AF04368EADA0664AF9AAF040/source/youtube/initcwndbps/4462500/mv/m/requiressl/yes/ipbits/0/ms/au/mt/1502196000/mm/31/ip/131.159.40.117/sparams/as%2Cei%2Chfr%2Cid%2Cinitcwndbps%2Cip%2Cipbits%2Citag%2Cmm%2Cmn%2Cms%2Cmv%2Cpl%2Cplayback_host%2Crequiressl%2Csource%2Cexpire/mn/sn-4g5e6nl6/itag/0/playback_host/r1---sn-4g5e6nl6.googlevideo.com/ei/nLGJWe7iK8-YcsvDnoAJ/hfr/1", "width": 654, "tbr": 803.703, "asr": null, "fps": 30, "language": null, "filesize": 9498375, "acodec": "none", "format": "135 - 654x480 (DASH video)", "protocol": "https", "http_headers": {"User-Agent": "Mozilla/5.0 (X11; Linux x86_64; rv:10.0) Gecko/20150101 Firefox/47.0 (Chrome)", "Accept-Charset": "ISO-8859-1,utf-8;q=0.7,*;q=0.7", "Accept": "text/html,application/xhtml+xml,application/xml;q=0.9,*/*;q=0.8", "Accept-Encoding": "gzip, deflate", "Accept-Language": "en-us,en;q=0.5"}, "fulltitle": "Pr\u00e9dios tortos realinhados em Santos", "_filename": "x7A_JH9ENBQ.mp4"}