{"id": "rRZrp13w7ic", "uploader": "OpinionNTN24", "uploader_id": "OpinionNTN24", "uploader_url": "http://www.youtube.com/user/OpinionNTN24", "upload_date": "20140611", "license": "Standard YouTube License", "creator": null, "title": "Uber: \u00bfel enemigo mortal de los taxistas?", "alt_title": null, "thumbnail": "https://i.ytimg.com/vi/rRZrp13w7ic/hqdefault.jpg", "description": "La huelga de taxistas en Madrid, Londres y otras ciudades del mundo ante el auge de Uber, que perjudica a millones de personas, analizada por periodistas espa\u00f1oles, brasile\u00f1os y peruanos en Club de Prensa de NTN24.", "categories": ["News & Politics"], "tags": ["club de prensa", "ntn24", "Uber", "Brasil", "Madrid", "taxistas"], "subtitles": {}, "automatic_captions": {}, "duration": 308, "age_limit": 0, "annotations": null, "chapters": null, "webpage_url": "https://www.youtube.com/watch?v=rRZrp13w7ic", "view_count": 16989, "like_count": 29, "dislike_count": 8, "average_rating": 4.1351351738, "formats": [{"ext": "m4a", "format_note": "DASH audio", "acodec": "mp4a.40.5", "abr": 48, "container": "m4a_dash", "format_id": "139", "url": "https://r3---sn-4g5edney.googlevideo.com/videoplayback?id=ad166ba75df0ee27&itag=139&source=youtube&requiressl=yes&mv=m&pl=16&ei=w8qJWbjlC8ylc6-Yj8gD&ms=au&initcwndbps=4871250&mm=31&mn=sn-4g5edney&ratebypass=yes&mime=audio/mp4&gir=yes&clen=1857569&lmt=1406980956437075&dur=307.756&mt=1502202424&signature=677DFA01CA822DF223CB566D8812E80F87EB95DA.6430835079B585EF275156B45D39BF0994ADA5&key=dg_yt0&ip=131.159.40.117&ipbits=0&expire=1502224163&sparams=ip,ipbits,expire,id,itag,source,requiressl,mv,pl,ei,ms,initcwndbps,mm,mn,ratebypass,mime,gir,clen,lmt,dur", "manifest_url": "https://manifest.googlevideo.com/api/manifest/dash/mt/1502202424/sparams/as%2Cei%2Chfr%2Cid%2Cinitcwndbps%2Cip%2Cipbits%2Citag%2Cmm%2Cmn%2Cms%2Cmv%2Cpl%2Cplayback_host%2Crequiressl%2Csource%2Cexpire/mv/m/pl/16/id/ad166ba75df0ee27/ei/w8qJWbjlC8ylc6-Yj8gD/ms/au/signature/9C97EBEF02867D46C29654903AA61795FB8AFF78.76A956A836470F72408ED8627B452712160D42C7/itag/0/as/fmp4_audio_clear%2Cfmp4_sd_hd_clear/requiressl/yes/ip/131.159.40.117/source/youtube/initcwndbps/4871250/ipbits/0/expire/1502224163/hfr/1/mm/31/mn/sn-4g5edney/playback_host/r3---sn-4g5edney.googlevideo.com/key/yt6", "width": null, "height": null, "tbr": 49.338, "asr": 22050, "fps": null, "language": null, "filesize": 1857569, "vcodec": "none", "format": "139 - audio only (DASH audio)", "protocol": "https", "http_headers": {"User-Agent": "Mozilla/5.0 (X11; Linux x86_64; rv:10.0) Gecko/20150101 Firefox/47.0 (Chrome)", "Accept-Charset": "ISO-8859-1,utf-8;q=0.7,*;q=0.7", "Accept": "text/html,application/xhtml+xml,application/xml;q=0.9,*/*;q=0.8", "Accept-Encoding": "gzip, deflate", "Accept-Language": "en-us,en;q=0.5"}}, {"format_id": "171", "url": "https://r1---sn-4g57knl7.googlevideo.com/videoplayback?requiressl=yes&signature=7891CAC2880A81B45AAFDDE67E0DB36CD224FE6F.701031ABC28CEDEB38C8E71A18C42D475EC1C87F&pl=16&initcwndbps=4871250&id=o-AL6W9dhgOTDGikLNJdCeeMOsd0EKbXXv3S857GuGGeEk&ei=wsqJWevTJ9ORcKyevbAL&ipbits=0&ip=131.159.40.117&key=yt6&clen=3443306&lmt=1402722954000731&ms=au&mv=m&mt=1502202424&dur=307.663&mn=sn-4g57knl7&mm=31&gir=yes&expire=1502224162&itag=171&sparams=clen%2Cdur%2Cei%2Cgir%2Cid%2Cinitcwndbps%2Cip%2Cipbits%2Citag%2Ckeepalive%2Clmt%2Cmime%2Cmm%2Cmn%2Cms%2Cmv%2Cpl%2Crequiressl%2Csource%2Cexpire&source=youtube&keepalive=yes&mime=audio%2Fwebm&ratebypass=yes", "player_url": null, "ext": "webm", "acodec": "vorbis", "format_note": "DASH audio", "abr": 128, "filesize": 3443306, "tbr": 96.875, "fps": 1, "vcodec": "none", "format": "171 - audio only (DASH audio)", "protocol": "https", "http_headers": {"User-Agent": "Mozilla/5.0 (X11; Linux x86_64; rv:10.0) Gecko/20150101 Firefox/47.0 (Chrome)", "Accept-Charset": "ISO-8859-1,utf-8;q=0.7,*;q=0.7", "Accept": "text/html,application/xhtml+xml,application/xml;q=0.9,*/*;q=0.8", "Accept-Encoding": "gzip, deflate", "Accept-Language": "en-us,en;q=0.5"}}, {"ext": "m4a", "format_note": "DASH audio", "acodec": "mp4a.40.2", "abr": 128, "container": "m4a_dash", "format_id": "140", "url": "https://r3---sn-4g5edney.googlevideo.com/videoplayback?id=ad166ba75df0ee27&itag=140&source=youtube&requiressl=yes&mv=m&pl=16&ei=w8qJWbjlC8ylc6-Yj8gD&ms=au&initcwndbps=4871250&mm=31&mn=sn-4g5edney&ratebypass=yes&mime=audio/mp4&gir=yes&clen=4940711&lmt=1406980929546880&dur=307.687&mt=1502202424&signature=0E8ED72F2B9D4BE013C0838BE49D7C1D36BC72AB.0A0592FF75284C448ED625DAFB0C85680D525264&key=dg_yt0&ip=131.159.40.117&ipbits=0&expire=1502224163&sparams=ip,ipbits,expire,id,itag,source,requiressl,mv,pl,ei,ms,initcwndbps,mm,mn,ratebypass,mime,gir,clen,lmt,dur", "manifest_url": "https://manifest.googlevideo.com/api/manifest/dash/mt/1502202424/sparams/as%2Cei%2Chfr%2Cid%2Cinitcwndbps%2Cip%2Cipbits%2Citag%2Cmm%2Cmn%2Cms%2Cmv%2Cpl%2Cplayback_host%2Crequiressl%2Csource%2Cexpire/mv/m/pl/16/id/ad166ba75df0ee27/ei/w8qJWbjlC8ylc6-Yj8gD/ms/au/signature/9C97EBEF02867D46C29654903AA61795FB8AFF78.76A956A836470F72408ED8627B452712160D42C7/itag/0/as/fmp4_audio_clear%2Cfmp4_sd_hd_clear/requiressl/yes/ip/131.159.40.117/source/youtube/initcwndbps/4871250/ipbits/0/expire/1502224163/hfr/1/mm/31/mn/sn-4g5edney/playback_host/r3---sn-4g5edney.googlevideo.com/key/yt6", "width": null, "height": null, "tbr": 129.361, "asr": 44100, "fps": null, "language": null, "filesize": 4940711, "vcodec": "none", "format": "140 - audio only (DASH audio)", "protocol": "https", "http_headers": {"User-Agent": "Mozilla/5.0 (X11; Linux x86_64; rv:10.0) Gecko/20150101 Firefox/47.0 (Chrome)", "Accept-Charset": "ISO-8859-1,utf-8;q=0.7,*;q=0.7", "Accept": "text/html,application/xhtml+xml,application/xml;q=0.9,*/*;q=0.8", "Accept-Encoding": "gzip, deflate", "Accept-Language": "en-us,en;q=0.5"}}, {"ext": "mp4", "height": 144, "format_note": "DASH video", "vcodec": "avc1.4d400c", "format_id": "160", "url": "https://r3---sn-4g5edney.googlevideo.com/videoplayback?id=ad166ba75df0ee27&itag=160&source=youtube&requiressl=yes&mv=m&pl=16&ei=w8qJWbjlC8ylc6-Yj8gD&ms=au&initcwndbps=4871250&mm=31&mn=sn-4g5edney&ratebypass=yes&mime=video/mp4&gir=yes&clen=4094630&lmt=1406980979531461&dur=307.575&mt=1502202424&signature=70D2FFD9A5FFB510DE5E0BFB7378A346F9B28F8E.7EBFE80BEC41B711E41C7C907BE5A13AF342D4F6&key=dg_yt0&ip=131.159.40.117&ipbits=0&expire=1502224163&sparams=ip,ipbits,expire,id,itag,source,requiressl,mv,pl,ei,ms,initcwndbps,mm,mn,ratebypass,mime,gir,clen,lmt,dur", "manifest_url": "https://manifest.googlevideo.com/api/manifest/dash/mt/1502202424/sparams/as%2Cei%2Chfr%2Cid%2Cinitcwndbps%2Cip%2Cipbits%2Citag%2Cmm%2Cmn%2Cms%2Cmv%2Cpl%2Cplayback_host%2Crequiressl%2Csource%2Cexpire/mv/m/pl/16/id/ad166ba75df0ee27/ei/w8qJWbjlC8ylc6-Yj8gD/ms/au/signature/9C97EBEF02867D46C29654903AA61795FB8AFF78.76A956A836470F72408ED8627B452712160D42C7/itag/0/as/fmp4_audio_clear%2Cfmp4_sd_hd_clear/requiressl/yes/ip/131.159.40.117/source/youtube/initcwndbps/4871250/ipbits/0/expire/1502224163/hfr/1/mm/31/mn/sn-4g5edney/playback_host/r3---sn-4g5edney.googlevideo.com/key/yt6", "width": 256, "tbr": 113.148, "asr": null, "fps": 15, "language": null, "filesize": 4094630, "acodec": "none", "format": "160 - 256x144 (DASH video)", "protocol": "https", "http_headers": {"User-Agent": "Mozilla/5.0 (X11; Linux x86_64; rv:10.0) Gecko/20150101 Firefox/47.0 (Chrome)", "Accept-Charset": "ISO-8859-1,utf-8;q=0.7,*;q=0.7", "Accept": "text/html,application/xhtml+xml,application/xml;q=0.9,*/*;q=0.8", "Accept-Encoding": "gzip, deflate", "Accept-Language": "en-us,en;q=0.5"}}, {"ext": "mp4", "height": 240, "format_note": "DASH video", "vcodec": "avc1.4d4015", "format_id": "133", "url": "https://r3---sn-4g5edney.googlevideo.com/videoplayback?id=ad166ba75df0ee27&itag=133&source=youtube&requiressl=yes&mv=m&pl=16&ei=w8qJWbjlC8ylc6-Yj8gD&ms=au&initcwndbps=4871250&mm=31&mn=sn-4g5edney&ratebypass=yes&mime=video/mp4&gir=yes&clen=9408783&lmt=1406980922808906&dur=307.575&mt=1502202424&signature=1163AB84E48D19294CC58BD8D782FD0ED302CA98.65C1940A5A788CADADDD908EA807C7A5AA18DE37&key=dg_yt0&ip=131.159.40.117&ipbits=0&expire=1502224163&sparams=ip,ipbits,expire,id,itag,source,requiressl,mv,pl,ei,ms,initcwndbps,mm,mn,ratebypass,mime,gir,clen,lmt,dur", "manifest_url": "https://manifest.googlevideo.com/api/manifest/dash/mt/1502202424/sparams/as%2Cei%2Chfr%2Cid%2Cinitcwndbps%2Cip%2Cipbits%2Citag%2Cmm%2Cmn%2Cms%2Cmv%2Cpl%2Cplayback_host%2Crequiressl%2Csource%2Cexpire/mv/m/pl/16/id/ad166ba75df0ee27/ei/w8qJWbjlC8ylc6-Yj8gD/ms/au/signature/9C97EBEF02867D46C29654903AA61795FB8AFF78.76A956A836470F72408ED8627B452712160D42C7/itag/0/as/fmp4_audio_clear%2Cfmp4_sd_hd_clear/requiressl/yes/ip/131.159.40.117/source/youtube/initcwndbps/4871250/ipbits/0/expire/1502224163/hfr/1/mm/31/mn/sn-4g5edney/playback_host/r3---sn-4g5edney.googlevideo.com/key/yt6", "width": 426, "tbr": 254.756, "asr": null, "fps": 30, "language": null, "filesize": 9408783, "acodec": "none", "format": "133 - 426x240 (DASH video)", "protocol": "https", "http_headers": {"User-Agent": "Mozilla/5.0 (X11; Linux x86_64; rv:10.0) Gecko/20150101 Firefox/47.0 (Chrome)", "Accept-Charset": "ISO-8859-1,utf-8;q=0.7,*;q=0.7", "Accept": "text/html,application/xhtml+xml,application/xml;q=0.9,*/*;q=0.8", "Accept-Encoding": "gzip, deflate", "Accept-Language": "en-us,en;q=0.5"}}, {"ext": "mp4", "height": 360, "format_note": "DASH video", "vcodec": "avc1.4d401e", "format_id": "134", "url": "https://r3---sn-4g5edney.googlevideo.com/videoplayback?id=ad166ba75df0ee27&itag=134&source=youtube&requiressl=yes&mv=m&pl=16&ei=w8qJWbjlC8ylc6-Yj8gD&ms=au&initcwndbps=4871250&mm=31&mn=sn-4g5edney&ratebypass=yes&mime=video/mp4&gir=yes&clen=9958856&lmt=1406980952712914&dur=307.575&mt=1502202424&signature=45995D083EAF4F058739ED84CF40291E41EFDA6E.835EF07B01686714F82D74145307C3242044717F&key=dg_yt0&ip=131.159.40.117&ipbits=0&expire=1502224163&sparams=ip,ipbits,expire,id,itag,source,requiressl,mv,pl,ei,ms,initcwndbps,mm,mn,ratebypass,mime,gir,clen,lmt,dur", "manifest_url": "https://manifest.googlevideo.com/api/manifest/dash/mt/1502202424/sparams/as%2Cei%2Chfr%2Cid%2Cinitcwndbps%2Cip%2Cipbits%2Citag%2Cmm%2Cmn%2Cms%2Cmv%2Cpl%2Cplayback_host%2Crequiressl%2Csource%2Cexpire/mv/m/pl/16/id/ad166ba75df0ee27/ei/w8qJWbjlC8ylc6-Yj8gD/ms/au/signature/9C97EBEF02867D46C29654903AA61795FB8AFF78.76A956A836470F72408ED8627B452712160D42C7/itag/0/as/fmp4_audio_clear%2Cfmp4_sd_hd_clear/requiressl/yes/ip/131.159.40.117/source/youtube/initcwndbps/4871250/ipbits/0/expire/1502224163/hfr/1/mm/31/mn/sn-4g5edney/playback_host/r3---sn-4g5edney.googlevideo.com/key/yt6", "width": 640, "tbr": 389.954, "asr": null, "fps": 30, "language": null, "filesize": 9958856, "acodec": "none", "format": "134 - 640x360 (DASH video)", "protocol": "https", "http_headers": {"User-Agent": "Mozilla/5.0 (X11; Linux x86_64; rv:10.0) Gecko/20150101 Firefox/47.0 (Chrome)", "Accept-Charset": "ISO-8859-1,utf-8;q=0.7,*;q=0.7", "Accept": "text/html,application/xhtml+xml,application/xml;q=0.9,*/*;q=0.8", "Accept-Encoding": "gzip, deflate", "Accept-Language": "en-us,en;q=0.5"}}, {"ext": "mp4", "height": 480, "format_note": "DASH video", "vcodec": "avc1.4d401f", "format_id": "135", "url": "https://r3---sn-4g5edney.googlevideo.com/videoplayback?id=ad166ba75df0ee27&itag=135&source=youtube&requiressl=yes&mv=m&pl=16&ei=w8qJWbjlC8ylc6-Yj8gD&ms=au&initcwndbps=4871250&mm=31&mn=sn-4g5edney&ratebypass=yes&mime=video/mp4&gir=yes&clen=20405633&lmt=1406981110684490&dur=307.575&mt=1502202424&signature=8F8879F6044924AC6C72FBB658B6EC67970ACBC8.28C6331541C555AB483E7AF1F4023F80C0BAA199&key=dg_yt0&ip=131.159.40.117&ipbits=0&expire=1502224163&sparams=ip,ipbits,expire,id,itag,source,requiressl,mv,pl,ei,ms,initcwndbps,mm,mn,ratebypass,mime,gir,clen,lmt,dur", "manifest_url": "https://manifest.googlevideo.com/api/manifest/dash/mt/1502202424/sparams/as%2Cei%2Chfr%2Cid%2Cinitcwndbps%2Cip%2Cipbits%2Citag%2Cmm%2Cmn%2Cms%2Cmv%2Cpl%2Cplayback_host%2Crequiressl%2Csource%2Cexpire/mv/m/pl/16/id/ad166ba75df0ee27/ei/w8qJWbjlC8ylc6-Yj8gD/ms/au/signature/9C97EBEF02867D46C29654903AA61795FB8AFF78.76A956A836470F72408ED8627B452712160D42C7/itag/0/as/fmp4_audio_clear%2Cfmp4_sd_hd_clear/requiressl/yes/ip/131.159.40.117/source/youtube/initcwndbps/4871250/ipbits/0/expire/1502224163/hfr/1/mm/31/mn/sn-4g5edney/playback_host/r3---sn-4g5edney.googlevideo.com/key/yt6", "width": 854, "tbr": 729.04, "asr": null, "fps": 30, "language": null, "filesize": 20405633, "acodec": "none", "format": "135 - 854x480 (DASH video)", "protocol": "https", "http_headers": {"User-Agent": "Mozilla/5.0 (X11; Linux x86_64; rv:10.0) Gecko/20150101 Firefox/47.0 (Chrome)", "Accept-Charset": "ISO-8859-1,utf-8;q=0.7,*;q=0.7", "Accept": "text/html,application/xhtml+xml,application/xml;q=0.9,*/*;q=0.8", "Accept-Encoding": "gzip, deflate", "Accept-Language": "en-us,en;q=0.5"}}, {"ext": "mp4", "height": 720, "format_note": "DASH video", "vcodec": "avc1.4d401f", "format_id": "136", "url": "https://r3---sn-4g5edney.googlevideo.com/videoplayback?id=ad166ba75df0ee27&itag=136&source=youtube&requiressl=yes&mv=m&pl=16&ei=w8qJWbjlC8ylc6-Yj8gD&ms=au&initcwndbps=4871250&mm=31&mn=sn-4g5edney&ratebypass=yes&mime=video/mp4&gir=yes&clen=44817380&lmt=1406980983326561&dur=307.575&mt=1502202424&signature=0DDAD9429D357F9D16A52999A38FECF3F990E4A9.2ED5A0693771FC204D019B460BA414863AD91D4C&key=dg_yt0&ip=131.159.40.117&ipbits=0&expire=1502224163&sparams=ip,ipbits,expire,id,itag,source,requiressl,mv,pl,ei,ms,initcwndbps,mm,mn,ratebypass,mime,gir,clen,lmt,dur", "manifest_url": "https://manifest.googlevideo.com/api/manifest/dash/mt/1502202424/sparams/as%2Cei%2Chfr%2Cid%2Cinitcwndbps%2Cip%2Cipbits%2Citag%2Cmm%2Cmn%2Cms%2Cmv%2Cpl%2Cplayback_host%2Crequiressl%2Csource%2Cexpire/mv/m/pl/16/id/ad166ba75df0ee27/ei/w8qJWbjlC8ylc6-Yj8gD/ms/au/signature/9C97EBEF02867D46C29654903AA61795FB8AFF78.76A956A836470F72408ED8627B452712160D42C7/itag/0/as/fmp4_audio_clear%2Cfmp4_sd_hd_clear/requiressl/yes/ip/131.159.40.117/source/youtube/initcwndbps/4871250/ipbits/0/expire/1502224163/hfr/1/mm/31/mn/sn-4g5edney/playback_host/r3---sn-4g5edney.googlevideo.com/key/yt6", "width": 1280, "tbr": 1670.316, "asr": null, "fps": 30, "language": null, "filesize": 44817380, "acodec": "none", "format": "136 - 1280x720 (DASH video)", "protocol": "https", "http_headers": {"User-Agent": "Mozilla/5.0 (X11; Linux x86_64; rv:10.0) Gecko/20150101 Firefox/47.0 (Chrome)", "Accept-Charset": "ISO-8859-1,utf-8;q=0.7,*;q=0.7", "Accept": "text/html,application/xhtml+xml,application/xml;q=0.9,*/*;q=0.8", "Accept-Encoding": "gzip, deflate", "Accept-Language": "en-us,en;q=0.5"}}, {"format_id": "17", "url": "https://r1---sn-4g57knl7.googlevideo.com/videoplayback?requiressl=yes&signature=7AFDE75B8E18180AAD430802DA7EB6814074CE7D.DAEEC82D974E7756CEAAD13C57E560C5C445EE2C&pl=16&initcwndbps=4871250&id=o-AL6W9dhgOTDGikLNJdCeeMOsd0EKbXXv3S857GuGGeEk&ei=wsqJWevTJ9ORcKyevbAL&ipbits=0&ip=131.159.40.117&key=yt6&clen=3152084&lmt=1402515949303027&ms=au&mv=m&mt=1502202424&dur=307.850&mn=sn-4g57knl7&mm=31&gir=yes&expire=1502224162&itag=17&sparams=clen%2Cdur%2Cei%2Cgir%2Cid%2Cinitcwndbps%2Cip%2Cipbits%2Citag%2Clmt%2Cmime%2Cmm%2Cmn%2Cms%2Cmv%2Cpl%2Crequiressl%2Csource%2Cexpire&source=youtube&mime=video%2F3gpp&ratebypass=yes", "player_url": null, "ext": "3gp", "width": 176, "height": 144, "acodec": "mp4a.40.2", "abr": 24, "vcodec": "mp4v.20.3", "resolution": "176x144", "format_note": "small", "format": "17 - 176x144 (small)", "protocol": "https", "http_headers": {"User-Agent": "Mozilla/5.0 (X11; Linux x86_64; rv:10.0) Gecko/20150101 Firefox/47.0 (Chrome)", "Accept-Charset": "ISO-8859-1,utf-8;q=0.7,*;q=0.7", "Accept": "text/html,application/xhtml+xml,application/xml;q=0.9,*/*;q=0.8", "Accept-Encoding": "gzip, deflate", "Accept-Language": "en-us,en;q=0.5"}}, {"format_id": "36", "url": "https://r1---sn-4g57knl7.googlevideo.com/videoplayback?requiressl=yes&signature=B92DB9D3BF0F44AEC7EC5CB4B26EF68CCFBD9412.40EDBB7A5402BAA62CE798102781A865DB37B2A5&pl=16&initcwndbps=4871250&id=o-AL6W9dhgOTDGikLNJdCeeMOsd0EKbXXv3S857GuGGeEk&ei=wsqJWevTJ9ORcKyevbAL&ipbits=0&ip=131.159.40.117&key=yt6&clen=8680703&lmt=1402515976600617&ms=au&mv=m&mt=1502202424&dur=307.896&mn=sn-4g57knl7&mm=31&gir=yes&expire=1502224162&itag=36&sparams=clen%2Cdur%2Cei%2Cgir%2Cid%2Cinitcwndbps%2Cip%2Cipbits%2Citag%2Clmt%2Cmime%2Cmm%2Cmn%2Cms%2Cmv%2Cpl%2Crequiressl%2Csource%2Cexpire&source=youtube&mime=video%2F3gpp&ratebypass=yes", "player_url": null, "ext": "3gp", "width": 320, "acodec": "mp4a.40.2", "vcodec": "mp4v.20.3", "resolution": "320x180", "height": 180, "format_note": "small", "format": "36 - 320x180 (small)", "protocol": "https", "http_headers": {"User-Agent": "Mozilla/5.0 (X11; Linux x86_64; rv:10.0) Gecko/20150101 Firefox/47.0 (Chrome)", "Accept-Charset": "ISO-8859-1,utf-8;q=0.7,*;q=0.7", "Accept": "text/html,application/xhtml+xml,application/xml;q=0.9,*/*;q=0.8", "Accept-Encoding": "gzip, deflate", "Accept-Language": "en-us,en;q=0.5"}}, {"format_id": "43", "url": "https://r1---sn-4g57knl7.googlevideo.com/videoplayback?requiressl=yes&signature=BD8F9A58EB862940FDB946B9698BCF5FE8807BE8.CEF0817600BE25B44BFC093741C0D2F5A1D65E45&pl=16&ratebypass=yes&initcwndbps=4871250&id=o-AL6W9dhgOTDGikLNJdCeeMOsd0EKbXXv3S857GuGGeEk&ei=wsqJWevTJ9ORcKyevbAL&ipbits=0&ip=131.159.40.117&key=yt6&clen=29051776&lmt=1402520079855573&ms=au&mv=m&mt=1502202424&dur=0.000&mn=sn-4g57knl7&mm=31&gir=yes&expire=1502224162&itag=43&sparams=clen%2Cdur%2Cei%2Cgir%2Cid%2Cinitcwndbps%2Cip%2Cipbits%2Citag%2Clmt%2Cmime%2Cmm%2Cmn%2Cms%2Cmv%2Cpl%2Cratebypass%2Crequiressl%2Csource%2Cexpire&source=youtube&mime=video%2Fwebm", "player_url": null, "ext": "webm", "width": 640, "height": 360, "acodec": "vorbis", "abr": 128, "vcodec": "vp8.0", "resolution": "640x360", "format_note": "medium", "format": "43 - 640x360 (medium)", "protocol": "https", "http_headers": {"User-Agent": "Mozilla/5.0 (X11; Linux x86_64; rv:10.0) Gecko/20150101 Firefox/47.0 (Chrome)", "Accept-Charset": "ISO-8859-1,utf-8;q=0.7,*;q=0.7", "Accept": "text/html,application/xhtml+xml,application/xml;q=0.9,*/*;q=0.8", "Accept-Encoding": "gzip, deflate", "Accept-Language": "en-us,en;q=0.5"}}, {"format_id": "18", "url": "https://r1---sn-4g57knl7.googlevideo.com/videoplayback?requiressl=yes&signature=86C658B950E9DBE06316827DB14837DD87ACE02E.5FEFDCBA0FC2A76EEFE656DF7494E5F88AEDFBF5&pl=16&ratebypass=yes&initcwndbps=4871250&id=o-AL6W9dhgOTDGikLNJdCeeMOsd0EKbXXv3S857GuGGeEk&ei=wsqJWevTJ9ORcKyevbAL&ipbits=0&ip=131.159.40.117&key=yt6&clen=19182707&lmt=1406980975363317&ms=au&mv=m&mt=1502202424&dur=307.687&mn=sn-4g57knl7&mm=31&gir=yes&expire=1502224162&itag=18&sparams=clen%2Cdur%2Cei%2Cgir%2Cid%2Cinitcwndbps%2Cip%2Cipbits%2Citag%2Clmt%2Cmime%2Cmm%2Cmn%2Cms%2Cmv%2Cpl%2Cratebypass%2Crequiressl%2Csource%2Cexpire&source=youtube&mime=video%2Fmp4", "player_url": null, "ext": "mp4", "width": 640, "height": 360, "acodec": "mp4a.40.2", "abr": 96, "vcodec": "avc1.42001E", "resolution": "640x360", "format_note": "medium", "format": "18 - 640x360 (medium)", "protocol": "https", "http_headers": {"User-Agent": "Mozilla/5.0 (X11; Linux x86_64; rv:10.0) Gecko/20150101 Firefox/47.0 (Chrome)", "Accept-Charset": "ISO-8859-1,utf-8;q=0.7,*;q=0.7", "Accept": "text/html,application/xhtml+xml,application/xml;q=0.9,*/*;q=0.8", "Accept-Encoding": "gzip, deflate", "Accept-Language": "en-us,en;q=0.5"}}, {"format_id": "22", "url": "https://r1---sn-4g57knl7.googlevideo.com/videoplayback?requiressl=yes&lmt=1472282866765169&signature=D07B2E3277E50C59AA489A5F13846713911E3A51.3332F9480BC6A0F4AAE0A4F875124930C9A08942&ms=au&mv=m&pl=16&mt=1502202424&dur=307.687&mn=sn-4g57knl7&mm=31&ratebypass=yes&initcwndbps=4871250&expire=1502224162&itag=22&id=o-AL6W9dhgOTDGikLNJdCeeMOsd0EKbXXv3S857GuGGeEk&ei=wsqJWevTJ9ORcKyevbAL&sparams=dur%2Cei%2Cid%2Cinitcwndbps%2Cip%2Cipbits%2Citag%2Clmt%2Cmime%2Cmm%2Cmn%2Cms%2Cmv%2Cpl%2Cratebypass%2Crequiressl%2Csource%2Cexpire&source=youtube&ipbits=0&mime=video%2Fmp4&ip=131.159.40.117&key=yt6", "player_url": null, "ext": "mp4", "width": 1280, "height": 720, "acodec": "mp4a.40.2", "abr": 192, "vcodec": "avc1.64001F", "resolution": "1280x720", "format_note": "hd720", "format": "22 - 1280x720 (hd720)", "protocol": "https", "http_headers": {"User-Agent": "Mozilla/5.0 (X11; Linux x86_64; rv:10.0) Gecko/20150101 Firefox/47.0 (Chrome)", "Accept-Charset": "ISO-8859-1,utf-8;q=0.7,*;q=0.7", "Accept": "text/html,application/xhtml+xml,application/xml;q=0.9,*/*;q=0.8", "Accept-Encoding": "gzip, deflate", "Accept-Language": "en-us,en;q=0.5"}}], "is_live": null, "start_time": null, "end_time": null, "series": null, "season_number": null, "episode_number": null, "extractor": "youtube", "webpage_url_basename": "rRZrp13w7ic", "extractor_key": "Youtube", "playlist": null, "playlist_index": null, "thumbnails": [{"url": "https://i.ytimg.com/vi/rRZrp13w7ic/hqdefault.jpg", "id": "0"}], "display_id": "rRZrp13w7ic", "ext": "mp4", "height": 720, "format_note": "DASH video", "vcodec": "avc1.4d401f", "format_id": "136", "url": "https://r3---sn-4g5edney.googlevideo.com/videoplayback?id=ad166ba75df0ee27&itag=136&source=youtube&requiressl=yes&mv=m&pl=16&ei=w8qJWbjlC8ylc6-Yj8gD&ms=au&initcwndbps=4871250&mm=31&mn=sn-4g5edney&ratebypass=yes&mime=video/mp4&gir=yes&clen=44817380&lmt=1406980983326561&dur=307.575&mt=1502202424&signature=0DDAD9429D357F9D16A52999A38FECF3F990E4A9.2ED5A0693771FC204D019B460BA414863AD91D4C&key=dg_yt0&ip=131.159.40.117&ipbits=0&expire=1502224163&sparams=ip,ipbits,expire,id,itag,source,requiressl,mv,pl,ei,ms,initcwndbps,mm,mn,ratebypass,mime,gir,clen,lmt,dur", "manifest_url": "https://manifest.googlevideo.com/api/manifest/dash/mt/1502202424/sparams/as%2Cei%2Chfr%2Cid%2Cinitcwndbps%2Cip%2Cipbits%2Citag%2Cmm%2Cmn%2Cms%2Cmv%2Cpl%2Cplayback_host%2Crequiressl%2Csource%2Cexpire/mv/m/pl/16/id/ad166ba75df0ee27/ei/w8qJWbjlC8ylc6-Yj8gD/ms/au/signature/9C97EBEF02867D46C29654903AA61795FB8AFF78.76A956A836470F72408ED8627B452712160D42C7/itag/0/as/fmp4_audio_clear%2Cfmp4_sd_hd_clear/requiressl/yes/ip/131.159.40.117/source/youtube/initcwndbps/4871250/ipbits/0/expire/1502224163/hfr/1/mm/31/mn/sn-4g5edney/playback_host/r3---sn-4g5edney.googlevideo.com/key/yt6", "width": 1280, "tbr": 1670.316, "asr": null, "fps": 30, "language": null, "filesize": 44817380, "acodec": "none", "format": "136 - 1280x720 (DASH video)", "protocol": "https", "http_headers": {"User-Agent": "Mozilla/5.0 (X11; Linux x86_64; rv:10.0) Gecko/20150101 Firefox/47.0 (Chrome)", "Accept-Charset": "ISO-8859-1,utf-8;q=0.7,*;q=0.7", "Accept": "text/html,application/xhtml+xml,application/xml;q=0.9,*/*;q=0.8", "Accept-Encoding": "gzip, deflate", "Accept-Language": "en-us,en;q=0.5"}, "fulltitle": "Uber: \u00bfel enemigo mortal de los taxistas?", "_filename": "rRZrp13w7ic.mp4"}