{"id": "DdhwFUtoKzk", "uploader": "ABS-CBN News", "uploader_id": "TheABSCBNNews", "uploader_url": "http://www.youtube.com/user/TheABSCBNNews", "upload_date": "20150216", "license": "Standard YouTube License", "creator": null, "title": "Anong nakita ng embalsamador ng 'Fallen 44'?", "alt_title": null, "thumbnail": "https://i.ytimg.com/vi/DdhwFUtoKzk/hqdefault.jpg", "description": "Hindi pa rin makalimutan ng isa sa mga embalsamador ang mga hitsura ng napatay na Special Action Force (SAF) troopers. Hindi rin matanggap ng ama ng isa sa mga nasawing SAF officer ang sirang mukha ng kanyang anak.\n\n\nSubscribe to the ABS-CBN News channel! - http://bit.ly/TheABSCBNNews\n\nWatch the full episodes of TV Patrol on TFC.TV\nhttp://bit.ly/TVP-TFCTV\nand on IWANT.TV for Philippine viewers, click:\nhttp://bit.ly/TVP-IWANTV\n\nVisit our website at http://www.abs-cbnnews.com\nFacebook: https://www.facebook.com/abscbnNEWS\nTwitter: https://twitter.com/abscbnnews", "categories": ["News & Politics"], "tags": ["ABS-CBN", "ABS-CBN News", "ABS-CBN Philippines", "Philippine News", "News", "Philippines", "TV Patrol", "Lunes", "embalmer", "Fallen44", "corpse", "Mamasapano", "operation", "dead", "killed", "Fallen 44", "February 16 2015", "20150216news", "NCA", "News and Current Affairs", "anong nakita", "embalsamador", "Never Forget", "Mga Bayani Ng Bayan", "SAF44", "PNP44", "hindi makalimutan", "hitsura", "SAF", "Special Action Force", "SAF troopers", "hindi matanggap", "ama", "SAF officer", "sirang mukha", "anak"], "subtitles": {}, "automatic_captions": {}, "duration": 166, "age_limit": 0, "annotations": null, "chapters": null, "webpage_url": "https://www.youtube.com/watch?v=DdhwFUtoKzk", "view_count": 1451806, "like_count": 909, "dislike_count": 167, "average_rating": 4.37918233871, "formats": [{"ext": "m4a", "format_note": "DASH audio", "acodec": "mp4a.40.5", "abr": 48, "container": "m4a_dash", "format_id": "139", "url": "https://r4---sn-4g5ednek.googlevideo.com/videoplayback?id=0dd870154b682b39&itag=139&source=youtube&requiressl=yes&ms=au&ei=FQeLWaPeJIrEW-e4jpAL&pl=16&initcwndbps=4231250&mv=m&mn=sn-4g5ednek&mm=31&ratebypass=yes&mime=audio/mp4&gir=yes&clen=1001436&lmt=1434342654305540&dur=165.883&signature=6CB7264F778FCC688F7FA8853371F1A484D8645F.28F3D4BE83B0D6368F29644DD8C2B7DB14453AC2&key=dg_yt0&mt=1502283422&ip=131.159.40.117&ipbits=0&expire=1502305141&sparams=ip,ipbits,expire,id,itag,source,requiressl,ms,ei,pl,initcwndbps,mv,mn,mm,ratebypass,mime,gir,clen,lmt,dur", "manifest_url": "https://manifest.googlevideo.com/api/manifest/dash/ms/au/ei/FQeLWaPeJIrEW-e4jpAL/id/0dd870154b682b39/itag/0/signature/CBE31DF8C127C359350D9C8C876C1FD345C29D11.65427766C4C4A41B0CABF6FDE88572F41C2C0E1B/requiressl/yes/pl/16/ipbits/0/as/fmp4_audio_clear%2Cfmp4_sd_hd_clear/playback_host/r4---sn-4g5ednek.googlevideo.com/initcwndbps/4231250/sparams/as%2Cei%2Chfr%2Cid%2Cinitcwndbps%2Cip%2Cipbits%2Citag%2Cmm%2Cmn%2Cms%2Cmv%2Cpl%2Cplayback_host%2Crequiressl%2Csource%2Cexpire/key/yt6/ip/131.159.40.117/mt/1502283422/expire/1502305141/source/youtube/mv/m/mn/sn-4g5ednek/mm/31/hfr/1", "width": null, "height": null, "tbr": 49.027, "asr": 22050, "fps": null, "language": null, "filesize": 1001436, "vcodec": "none", "format": "139 - audio only (DASH audio)", "protocol": "https", "http_headers": {"User-Agent": "Mozilla/5.0 (X11; Linux x86_64; rv:10.0) Gecko/20150101 Firefox/47.0 (Chrome)", "Accept-Charset": "ISO-8859-1,utf-8;q=0.7,*;q=0.7", "Accept": "text/html,application/xhtml+xml,application/xml;q=0.9,*/*;q=0.8", "Accept-Encoding": "gzip, deflate", "Accept-Language": "en-us,en;q=0.5"}}, {"format_id": "249", "url": "https://r4---sn-4g5ednek.googlevideo.com/videoplayback?expire=1502305141&initcwndbps=4231250&key=yt6&keepalive=yes&ei=FQeLWeGfC4O_W8P3tbAL&sparams=clen%2Cdur%2Cei%2Cgir%2Cid%2Cinitcwndbps%2Cip%2Cipbits%2Citag%2Ckeepalive%2Clmt%2Cmime%2Cmm%2Cmn%2Cms%2Cmv%2Cpl%2Crequiressl%2Csource%2Cexpire&mn=sn-4g5ednek&mm=31&ip=131.159.40.117&dur=165.781&id=o-ADuYAXfFPM9j58c9dqAixLHoXjqhn1D3O3h74LW7aKId&mime=audio%2Fwebm&ms=au&requiressl=yes&pl=16&mv=m&mt=1502283422&gir=yes&ipbits=0&lmt=1424151613845727&signature=94F8E9FA79D2AA8913CE0E672B75627921F68162.C33083243950DC716D7B021A7A29BA59D2542FEB&source=youtube&itag=249&clen=1063043&ratebypass=yes", "player_url": null, "ext": "webm", "format_note": "DASH audio", "acodec": "opus", "abr": 50, "filesize": 1063043, "tbr": 53.306, "vcodec": "none", "format": "249 - audio only (DASH audio)", "protocol": "https", "http_headers": {"User-Agent": "Mozilla/5.0 (X11; Linux x86_64; rv:10.0) Gecko/20150101 Firefox/47.0 (Chrome)", "Accept-Charset": "ISO-8859-1,utf-8;q=0.7,*;q=0.7", "Accept": "text/html,application/xhtml+xml,application/xml;q=0.9,*/*;q=0.8", "Accept-Encoding": "gzip, deflate", "Accept-Language": "en-us,en;q=0.5"}}, {"format_id": "250", "url": "https://r4---sn-4g5ednek.googlevideo.com/videoplayback?expire=1502305141&initcwndbps=4231250&key=yt6&keepalive=yes&ei=FQeLWeGfC4O_W8P3tbAL&sparams=clen%2Cdur%2Cei%2Cgir%2Cid%2Cinitcwndbps%2Cip%2Cipbits%2Citag%2Ckeepalive%2Clmt%2Cmime%2Cmm%2Cmn%2Cms%2Cmv%2Cpl%2Crequiressl%2Csource%2Cexpire&mn=sn-4g5ednek&mm=31&ip=131.159.40.117&dur=165.781&id=o-ADuYAXfFPM9j58c9dqAixLHoXjqhn1D3O3h74LW7aKId&mime=audio%2Fwebm&ms=au&requiressl=yes&pl=16&mv=m&mt=1502283422&gir=yes&ipbits=0&lmt=1424151620122675&signature=BECA67ECA9B3A06F7C2F92E43A0748902784D044.05496D999A76C804F435D2928E11580F4AC35856&source=youtube&itag=250&clen=1476028&ratebypass=yes", "player_url": null, "ext": "webm", "format_note": "DASH audio", "acodec": "opus", "abr": 70, "filesize": 1476028, "tbr": 75.796, "vcodec": "none", "format": "250 - audio only (DASH audio)", "protocol": "https", "http_headers": {"User-Agent": "Mozilla/5.0 (X11; Linux x86_64; rv:10.0) Gecko/20150101 Firefox/47.0 (Chrome)", "Accept-Charset": "ISO-8859-1,utf-8;q=0.7,*;q=0.7", "Accept": "text/html,application/xhtml+xml,application/xml;q=0.9,*/*;q=0.8", "Accept-Encoding": "gzip, deflate", "Accept-Language": "en-us,en;q=0.5"}}, {"format_id": "171", "url": "https://r4---sn-4g5ednek.googlevideo.com/videoplayback?expire=1502305141&initcwndbps=4231250&key=yt6&keepalive=yes&ei=FQeLWeGfC4O_W8P3tbAL&sparams=clen%2Cdur%2Cei%2Cgir%2Cid%2Cinitcwndbps%2Cip%2Cipbits%2Citag%2Ckeepalive%2Clmt%2Cmime%2Cmm%2Cmn%2Cms%2Cmv%2Cpl%2Crequiressl%2Csource%2Cexpire&mn=sn-4g5ednek&mm=31&ip=131.159.40.117&dur=165.776&id=o-ADuYAXfFPM9j58c9dqAixLHoXjqhn1D3O3h74LW7aKId&mime=audio%2Fwebm&ms=au&requiressl=yes&pl=16&mv=m&mt=1502283422&gir=yes&ipbits=0&lmt=1424151612568188&signature=0DE5768AA2B808AC2F8A810B8D543CAAC506669D.52E7FB9A3D5CEB66E9BAA4D1121DF11A6CD395E8&source=youtube&itag=171&clen=1632528&ratebypass=yes", "player_url": null, "ext": "webm", "acodec": "vorbis", "format_note": "DASH audio", "abr": 128, "filesize": 1632528, "tbr": 83.793, "vcodec": "none", "format": "171 - audio only (DASH audio)", "protocol": "https", "http_headers": {"User-Agent": "Mozilla/5.0 (X11; Linux x86_64; rv:10.0) Gecko/20150101 Firefox/47.0 (Chrome)", "Accept-Charset": "ISO-8859-1,utf-8;q=0.7,*;q=0.7", "Accept": "text/html,application/xhtml+xml,application/xml;q=0.9,*/*;q=0.8", "Accept-Encoding": "gzip, deflate", "Accept-Language": "en-us,en;q=0.5"}}, {"ext": "m4a", "format_note": "DASH audio", "acodec": "mp4a.40.2", "abr": 128, "container": "m4a_dash", "format_id": "140", "url": "https://r4---sn-4g5ednek.googlevideo.com/videoplayback?id=0dd870154b682b39&itag=140&source=youtube&requiressl=yes&ms=au&ei=FQeLWaPeJIrEW-e4jpAL&pl=16&initcwndbps=4231250&mv=m&mn=sn-4g5ednek&mm=31&ratebypass=yes&mime=audio/mp4&gir=yes&clen=1971281&lmt=1434342655004225&dur=165.836&signature=4BB4485D73C90C7D9A4FA37F71DACC4E519F7CCB.26DAD730F8C89FC8BD45E6165D6B63E20D77E668&key=dg_yt0&mt=1502283422&ip=131.159.40.117&ipbits=0&expire=1502305141&sparams=ip,ipbits,expire,id,itag,source,requiressl,ms,ei,pl,initcwndbps,mv,mn,mm,ratebypass,mime,gir,clen,lmt,dur", "manifest_url": "https://manifest.googlevideo.com/api/manifest/dash/ms/au/ei/FQeLWaPeJIrEW-e4jpAL/id/0dd870154b682b39/itag/0/signature/CBE31DF8C127C359350D9C8C876C1FD345C29D11.65427766C4C4A41B0CABF6FDE88572F41C2C0E1B/requiressl/yes/pl/16/ipbits/0/as/fmp4_audio_clear%2Cfmp4_sd_hd_clear/playback_host/r4---sn-4g5ednek.googlevideo.com/initcwndbps/4231250/sparams/as%2Cei%2Chfr%2Cid%2Cinitcwndbps%2Cip%2Cipbits%2Citag%2Cmm%2Cmn%2Cms%2Cmv%2Cpl%2Cplayback_host%2Crequiressl%2Csource%2Cexpire/key/yt6/ip/131.159.40.117/mt/1502283422/expire/1502305141/source/youtube/mv/m/mn/sn-4g5ednek/mm/31/hfr/1", "width": null, "height": null, "tbr": 95.763, "asr": 44100, "fps": null, "language": null, "filesize": 1971281, "vcodec": "none", "format": "140 - audio only (DASH audio)", "protocol": "https", "http_headers": {"User-Agent": "Mozilla/5.0 (X11; Linux x86_64; rv:10.0) Gecko/20150101 Firefox/47.0 (Chrome)", "Accept-Charset": "ISO-8859-1,utf-8;q=0.7,*;q=0.7", "Accept": "text/html,application/xhtml+xml,application/xml;q=0.9,*/*;q=0.8", "Accept-Encoding": "gzip, deflate", "Accept-Language": "en-us,en;q=0.5"}}, {"format_id": "251", "url": "https://r4---sn-4g5ednek.googlevideo.com/videoplayback?expire=1502305141&initcwndbps=4231250&key=yt6&keepalive=yes&ei=FQeLWeGfC4O_W8P3tbAL&sparams=clen%2Cdur%2Cei%2Cgir%2Cid%2Cinitcwndbps%2Cip%2Cipbits%2Citag%2Ckeepalive%2Clmt%2Cmime%2Cmm%2Cmn%2Cms%2Cmv%2Cpl%2Crequiressl%2Csource%2Cexpire&mn=sn-4g5ednek&mm=31&ip=131.159.40.117&dur=165.781&id=o-ADuYAXfFPM9j58c9dqAixLHoXjqhn1D3O3h74LW7aKId&mime=audio%2Fwebm&ms=au&requiressl=yes&pl=16&mv=m&mt=1502283422&gir=yes&ipbits=0&lmt=1424151611963472&signature=8628E54CC0591F2BB4FFDD131B1588AE92C0A283.612DE2A14964428AB7B1FF4C9B1F29C072480810&source=youtube&itag=251&clen=2700772&ratebypass=yes", "player_url": null, "ext": "webm", "format_note": "DASH audio", "acodec": "opus", "abr": 160, "filesize": 2700772, "tbr": 137.684, "vcodec": "none", "format": "251 - audio only (DASH audio)", "protocol": "https", "http_headers": {"User-Agent": "Mozilla/5.0 (X11; Linux x86_64; rv:10.0) Gecko/20150101 Firefox/47.0 (Chrome)", "Accept-Charset": "ISO-8859-1,utf-8;q=0.7,*;q=0.7", "Accept": "text/html,application/xhtml+xml,application/xml;q=0.9,*/*;q=0.8", "Accept-Encoding": "gzip, deflate", "Accept-Language": "en-us,en;q=0.5"}}, {"format_id": "278", "url": "https://r4---sn-4g5ednek.googlevideo.com/videoplayback?expire=1502305141&initcwndbps=4231250&key=yt6&keepalive=yes&ei=FQeLWeGfC4O_W8P3tbAL&sparams=clen%2Cdur%2Cei%2Cgir%2Cid%2Cinitcwndbps%2Cip%2Cipbits%2Citag%2Ckeepalive%2Clmt%2Cmime%2Cmm%2Cmn%2Cms%2Cmv%2Cpl%2Crequiressl%2Csource%2Cexpire&mn=sn-4g5ednek&mm=31&ip=131.159.40.117&dur=165.699&id=o-ADuYAXfFPM9j58c9dqAixLHoXjqhn1D3O3h74LW7aKId&mime=video%2Fwebm&ms=au&requiressl=yes&pl=16&mv=m&mt=1502283422&gir=yes&ipbits=0&lmt=1424151712807493&signature=93482441CF7095C7B265F221EBBA093701793CC5.386113CA5310E0EB1A5C69CBB68B170593F0EB3A&source=youtube&itag=278&clen=1695562&ratebypass=yes", "player_url": null, "ext": "webm", "height": 144, "format_note": "144p", "container": "webm", "vcodec": "vp9", "filesize": 1695562, "tbr": 99.778, "width": 192, "fps": 15, "acodec": "none", "format": "278 - 192x144 (144p)", "protocol": "https", "http_headers": {"User-Agent": "Mozilla/5.0 (X11; Linux x86_64; rv:10.0) Gecko/20150101 Firefox/47.0 (Chrome)", "Accept-Charset": "ISO-8859-1,utf-8;q=0.7,*;q=0.7", "Accept": "text/html,application/xhtml+xml,application/xml;q=0.9,*/*;q=0.8", "Accept-Encoding": "gzip, deflate", "Accept-Language": "en-us,en;q=0.5"}}, {"ext": "mp4", "height": 144, "format_note": "DASH video", "vcodec": "avc1.4d400c", "format_id": "160", "url": "https://r4---sn-4g5ednek.googlevideo.com/videoplayback?id=0dd870154b682b39&itag=160&source=youtube&requiressl=yes&ms=au&ei=FQeLWaPeJIrEW-e4jpAL&pl=16&initcwndbps=4231250&mv=m&mn=sn-4g5ednek&mm=31&ratebypass=yes&mime=video/mp4&gir=yes&clen=2260749&lmt=1434342700413343&dur=165.765&signature=38772F6BA4F13ED6E7C0604534BC09EDC5836A2C.7D242D31DB7F0CE3E8C41A0F2168AEC710F85800&key=dg_yt0&mt=1502283422&ip=131.159.40.117&ipbits=0&expire=1502305141&sparams=ip,ipbits,expire,id,itag,source,requiressl,ms,ei,pl,initcwndbps,mv,mn,mm,ratebypass,mime,gir,clen,lmt,dur", "manifest_url": "https://manifest.googlevideo.com/api/manifest/dash/ms/au/ei/FQeLWaPeJIrEW-e4jpAL/id/0dd870154b682b39/itag/0/signature/CBE31DF8C127C359350D9C8C876C1FD345C29D11.65427766C4C4A41B0CABF6FDE88572F41C2C0E1B/requiressl/yes/pl/16/ipbits/0/as/fmp4_audio_clear%2Cfmp4_sd_hd_clear/playback_host/r4---sn-4g5ednek.googlevideo.com/initcwndbps/4231250/sparams/as%2Cei%2Chfr%2Cid%2Cinitcwndbps%2Cip%2Cipbits%2Citag%2Cmm%2Cmn%2Cms%2Cmv%2Cpl%2Cplayback_host%2Crequiressl%2Csource%2Cexpire/key/yt6/ip/131.159.40.117/mt/1502283422/expire/1502305141/source/youtube/mv/m/mn/sn-4g5ednek/mm/31/hfr/1", "width": 192, "tbr": 110.663, "asr": null, "fps": 15, "language": null, "filesize": 2260749, "acodec": "none", "format": "160 - 192x144 (DASH video)", "protocol": "https", "http_headers": {"User-Agent": "Mozilla/5.0 (X11; Linux x86_64; rv:10.0) Gecko/20150101 Firefox/47.0 (Chrome)", "Accept-Charset": "ISO-8859-1,utf-8;q=0.7,*;q=0.7", "Accept": "text/html,application/xhtml+xml,application/xml;q=0.9,*/*;q=0.8", "Accept-Encoding": "gzip, deflate", "Accept-Language": "en-us,en;q=0.5"}}, {"format_id": "242", "url": "https://r4---sn-4g5ednek.googlevideo.com/videoplayback?expire=1502305141&initcwndbps=4231250&key=yt6&keepalive=yes&ei=FQeLWeGfC4O_W8P3tbAL&sparams=clen%2Cdur%2Cei%2Cgir%2Cid%2Cinitcwndbps%2Cip%2Cipbits%2Citag%2Ckeepalive%2Clmt%2Cmime%2Cmm%2Cmn%2Cms%2Cmv%2Cpl%2Crequiressl%2Csource%2Cexpire&mn=sn-4g5ednek&mm=31&ip=131.159.40.117&dur=165.732&id=o-ADuYAXfFPM9j58c9dqAixLHoXjqhn1D3O3h74LW7aKId&mime=video%2Fwebm&ms=au&requiressl=yes&pl=16&mv=m&mt=1502283422&gir=yes&ipbits=0&lmt=1424151768660214&signature=1B2F8F4F676ECECEF0E2DF70F568A21244CE0FA1.28FBBC5FC9A76654C1BE4C780EB3F41B351FB128&source=youtube&itag=242&clen=3524034&ratebypass=yes", "player_url": null, "ext": "webm", "height": 240, "format_note": "240p", "vcodec": "vp9", "filesize": 3524034, "tbr": 230.966, "width": 320, "fps": 30, "acodec": "none", "format": "242 - 320x240 (240p)", "protocol": "https", "http_headers": {"User-Agent": "Mozilla/5.0 (X11; Linux x86_64; rv:10.0) Gecko/20150101 Firefox/47.0 (Chrome)", "Accept-Charset": "ISO-8859-1,utf-8;q=0.7,*;q=0.7", "Accept": "text/html,application/xhtml+xml,application/xml;q=0.9,*/*;q=0.8", "Accept-Encoding": "gzip, deflate", "Accept-Language": "en-us,en;q=0.5"}}, {"ext": "mp4", "height": 240, "format_note": "DASH video", "vcodec": "avc1.4d400d", "format_id": "133", "url": "https://r4---sn-4g5ednek.googlevideo.com/videoplayback?id=0dd870154b682b39&itag=133&source=youtube&requiressl=yes&ms=au&ei=FQeLWaPeJIrEW-e4jpAL&pl=16&initcwndbps=4231250&mv=m&mn=sn-4g5ednek&mm=31&ratebypass=yes&mime=video/mp4&gir=yes&clen=5065819&lmt=1434342677627770&dur=165.765&signature=3927D3A49D158B7FDE141E2DC4C26F17FB966BB8.906A1AA446E5D5796F479D6EE6F3530C56DAC3E8&key=dg_yt0&mt=1502283422&ip=131.159.40.117&ipbits=0&expire=1502305141&sparams=ip,ipbits,expire,id,itag,source,requiressl,ms,ei,pl,initcwndbps,mv,mn,mm,ratebypass,mime,gir,clen,lmt,dur", "manifest_url": "https://manifest.googlevideo.com/api/manifest/dash/ms/au/ei/FQeLWaPeJIrEW-e4jpAL/id/0dd870154b682b39/itag/0/signature/CBE31DF8C127C359350D9C8C876C1FD345C29D11.65427766C4C4A41B0CABF6FDE88572F41C2C0E1B/requiressl/yes/pl/16/ipbits/0/as/fmp4_audio_clear%2Cfmp4_sd_hd_clear/playback_host/r4---sn-4g5ednek.googlevideo.com/initcwndbps/4231250/sparams/as%2Cei%2Chfr%2Cid%2Cinitcwndbps%2Cip%2Cipbits%2Citag%2Cmm%2Cmn%2Cms%2Cmv%2Cpl%2Cplayback_host%2Crequiressl%2Csource%2Cexpire/key/yt6/ip/131.159.40.117/mt/1502283422/expire/1502305141/source/youtube/mv/m/mn/sn-4g5ednek/mm/31/hfr/1", "width": 320, "tbr": 247.76, "asr": null, "fps": 30, "language": null, "filesize": 5065819, "acodec": "none", "format": "133 - 320x240 (DASH video)", "protocol": "https", "http_headers": {"User-Agent": "Mozilla/5.0 (X11; Linux x86_64; rv:10.0) Gecko/20150101 Firefox/47.0 (Chrome)", "Accept-Charset": "ISO-8859-1,utf-8;q=0.7,*;q=0.7", "Accept": "text/html,application/xhtml+xml,application/xml;q=0.9,*/*;q=0.8", "Accept-Encoding": "gzip, deflate", "Accept-Language": "en-us,en;q=0.5"}}, {"format_id": "243", "url": "https://r4---sn-4g5ednek.googlevideo.com/videoplayback?expire=1502305141&initcwndbps=4231250&key=yt6&keepalive=yes&ei=FQeLWeGfC4O_W8P3tbAL&sparams=clen%2Cdur%2Cei%2Cgir%2Cid%2Cinitcwndbps%2Cip%2Cipbits%2Citag%2Ckeepalive%2Clmt%2Cmime%2Cmm%2Cmn%2Cms%2Cmv%2Cpl%2Crequiressl%2Csource%2Cexpire&mn=sn-4g5ednek&mm=31&ip=131.159.40.117&dur=165.732&id=o-ADuYAXfFPM9j58c9dqAixLHoXjqhn1D3O3h74LW7aKId&mime=video%2Fwebm&ms=au&requiressl=yes&pl=16&mv=m&mt=1502283422&gir=yes&ipbits=0&lmt=1424151748069198&signature=DC3613B4B74232FA77636A83D53CC899C5D69605.20B270A621B8D58845ACD00BFC1A0959E8B75687&source=youtube&itag=243&clen=6669152&ratebypass=yes", "player_url": null, "ext": "webm", "height": 360, "format_note": "360p", "vcodec": "vp9", "filesize": 6669152, "tbr": 438.209, "width": 480, "fps": 30, "acodec": "none", "format": "243 - 480x360 (360p)", "protocol": "https", "http_headers": {"User-Agent": "Mozilla/5.0 (X11; Linux x86_64; rv:10.0) Gecko/20150101 Firefox/47.0 (Chrome)", "Accept-Charset": "ISO-8859-1,utf-8;q=0.7,*;q=0.7", "Accept": "text/html,application/xhtml+xml,application/xml;q=0.9,*/*;q=0.8", "Accept-Encoding": "gzip, deflate", "Accept-Language": "en-us,en;q=0.5"}}, {"ext": "mp4", "height": 360, "format_note": "DASH video", "vcodec": "avc1.4d401e", "format_id": "134", "url": "https://r4---sn-4g5ednek.googlevideo.com/videoplayback?id=0dd870154b682b39&itag=134&source=youtube&requiressl=yes&ms=au&ei=FQeLWaPeJIrEW-e4jpAL&pl=16&initcwndbps=4231250&mv=m&mn=sn-4g5ednek&mm=31&ratebypass=yes&mime=video/mp4&gir=yes&clen=7259216&lmt=1434342712624220&dur=165.765&signature=3E866D0D72C49F630D48B048B00EC9E658D1003D.4A47586E39A7D2EC4BA29A86282B95E0D5D829D4&key=dg_yt0&mt=1502283422&ip=131.159.40.117&ipbits=0&expire=1502305141&sparams=ip,ipbits,expire,id,itag,source,requiressl,ms,ei,pl,initcwndbps,mv,mn,mm,ratebypass,mime,gir,clen,lmt,dur", "manifest_url": "https://manifest.googlevideo.com/api/manifest/dash/ms/au/ei/FQeLWaPeJIrEW-e4jpAL/id/0dd870154b682b39/itag/0/signature/CBE31DF8C127C359350D9C8C876C1FD345C29D11.65427766C4C4A41B0CABF6FDE88572F41C2C0E1B/requiressl/yes/pl/16/ipbits/0/as/fmp4_audio_clear%2Cfmp4_sd_hd_clear/playback_host/r4---sn-4g5ednek.googlevideo.com/initcwndbps/4231250/sparams/as%2Cei%2Chfr%2Cid%2Cinitcwndbps%2Cip%2Cipbits%2Citag%2Cmm%2Cmn%2Cms%2Cmv%2Cpl%2Cplayback_host%2Crequiressl%2Csource%2Cexpire/key/yt6/ip/131.159.40.117/mt/1502283422/expire/1502305141/source/youtube/mv/m/mn/sn-4g5ednek/mm/31/hfr/1", "width": 480, "tbr": 583.733, "asr": null, "fps": 30, "language": null, "filesize": 7259216, "acodec": "none", "format": "134 - 480x360 (DASH video)", "protocol": "https", "http_headers": {"User-Agent": "Mozilla/5.0 (X11; Linux x86_64; rv:10.0) Gecko/20150101 Firefox/47.0 (Chrome)", "Accept-Charset": "ISO-8859-1,utf-8;q=0.7,*;q=0.7", "Accept": "text/html,application/xhtml+xml,application/xml;q=0.9,*/*;q=0.8", "Accept-Encoding": "gzip, deflate", "Accept-Language": "en-us,en;q=0.5"}}, {"format_id": "244", "url": "https://r4---sn-4g5ednek.googlevideo.com/videoplayback?expire=1502305141&initcwndbps=4231250&key=yt6&keepalive=yes&ei=FQeLWeGfC4O_W8P3tbAL&sparams=clen%2Cdur%2Cei%2Cgir%2Cid%2Cinitcwndbps%2Cip%2Cipbits%2Citag%2Ckeepalive%2Clmt%2Cmime%2Cmm%2Cmn%2Cms%2Cmv%2Cpl%2Crequiressl%2Csource%2Cexpire&mn=sn-4g5ednek&mm=31&ip=131.159.40.117&dur=165.732&id=o-ADuYAXfFPM9j58c9dqAixLHoXjqhn1D3O3h74LW7aKId&mime=video%2Fwebm&ms=au&requiressl=yes&pl=16&mv=m&mt=1502283422&gir=yes&ipbits=0&lmt=1424151794197507&signature=BC45B81DB863DE4F271ECF44C78733B31DA98DFB.3E28CCB62D4D80728AC09A52ADA2A3ABFDE04596&source=youtube&itag=244&clen=11850939&ratebypass=yes", "player_url": null, "ext": "webm", "height": 480, "format_note": "480p", "vcodec": "vp9", "filesize": 11850939, "tbr": 766.762, "width": 640, "fps": 30, "acodec": "none", "format": "244 - 640x480 (480p)", "protocol": "https", "http_headers": {"User-Agent": "Mozilla/5.0 (X11; Linux x86_64; rv:10.0) Gecko/20150101 Firefox/47.0 (Chrome)", "Accept-Charset": "ISO-8859-1,utf-8;q=0.7,*;q=0.7", "Accept": "text/html,application/xhtml+xml,application/xml;q=0.9,*/*;q=0.8", "Accept-Encoding": "gzip, deflate", "Accept-Language": "en-us,en;q=0.5"}}, {"ext": "mp4", "height": 480, "format_note": "DASH video", "vcodec": "avc1.4d401e", "format_id": "135", "url": "https://r4---sn-4g5ednek.googlevideo.com/videoplayback?id=0dd870154b682b39&itag=135&source=youtube&requiressl=yes&ms=au&ei=FQeLWaPeJIrEW-e4jpAL&pl=16&initcwndbps=4231250&mv=m&mn=sn-4g5ednek&mm=31&ratebypass=yes&mime=video/mp4&gir=yes&clen=14515924&lmt=1434342760879410&dur=165.765&signature=02F74D07DF2D013A7147CAC95C85220EFB435181.12AA561E7EF1444E23A8CA2FACDEDF7DFBCDF9E0&key=dg_yt0&mt=1502283422&ip=131.159.40.117&ipbits=0&expire=1502305141&sparams=ip,ipbits,expire,id,itag,source,requiressl,ms,ei,pl,initcwndbps,mv,mn,mm,ratebypass,mime,gir,clen,lmt,dur", "manifest_url": "https://manifest.googlevideo.com/api/manifest/dash/ms/au/ei/FQeLWaPeJIrEW-e4jpAL/id/0dd870154b682b39/itag/0/signature/CBE31DF8C127C359350D9C8C876C1FD345C29D11.65427766C4C4A41B0CABF6FDE88572F41C2C0E1B/requiressl/yes/pl/16/ipbits/0/as/fmp4_audio_clear%2Cfmp4_sd_hd_clear/playback_host/r4---sn-4g5ednek.googlevideo.com/initcwndbps/4231250/sparams/as%2Cei%2Chfr%2Cid%2Cinitcwndbps%2Cip%2Cipbits%2Citag%2Cmm%2Cmn%2Cms%2Cmv%2Cpl%2Cplayback_host%2Crequiressl%2Csource%2Cexpire/key/yt6/ip/131.159.40.117/mt/1502283422/expire/1502305141/source/youtube/mv/m/mn/sn-4g5ednek/mm/31/hfr/1", "width": 640, "tbr": 1108.366, "asr": null, "fps": 30, "language": null, "filesize": 14515924, "acodec": "none", "format": "135 - 640x480 (DASH video)", "protocol": "https", "http_headers": {"User-Agent": "Mozilla/5.0 (X11; Linux x86_64; rv:10.0) Gecko/20150101 Firefox/47.0 (Chrome)", "Accept-Charset": "ISO-8859-1,utf-8;q=0.7,*;q=0.7", "Accept": "text/html,application/xhtml+xml,application/xml;q=0.9,*/*;q=0.8", "Accept-Encoding": "gzip, deflate", "Accept-Language": "en-us,en;q=0.5"}}, {"format_id": "17", "url": "https://r4---sn-4g5ednek.googlevideo.com/videoplayback?expire=1502305141&initcwndbps=4231250&key=yt6&ei=FQeLWeGfC4O_W8P3tbAL&sparams=clen%2Cdur%2Cei%2Cgir%2Cid%2Cinitcwndbps%2Cip%2Cipbits%2Citag%2Clmt%2Cmime%2Cmm%2Cmn%2Cms%2Cmv%2Cpl%2Crequiressl%2Csource%2Cexpire&mn=sn-4g5ednek&mm=31&ip=131.159.40.117&dur=166.022&id=o-ADuYAXfFPM9j58c9dqAixLHoXjqhn1D3O3h74LW7aKId&mime=video%2F3gpp&ms=au&requiressl=yes&pl=16&mv=m&mt=1502283422&gir=yes&ipbits=0&lmt=1424091951422038&signature=5FD4BD0F084CC558A1E7D1DAEC6655969E193DD1.116DD0218DDEF95620D7CCDE6B823E8A8D51526C&source=youtube&itag=17&clen=1661296&ratebypass=yes", "player_url": null, "ext": "3gp", "width": 176, "height": 144, "acodec": "mp4a.40.2", "abr": 24, "vcodec": "mp4v.20.3", "resolution": "176x144", "format_note": "small", "format": "17 - 176x144 (small)", "protocol": "https", "http_headers": {"User-Agent": "Mozilla/5.0 (X11; Linux x86_64; rv:10.0) Gecko/20150101 Firefox/47.0 (Chrome)", "Accept-Charset": "ISO-8859-1,utf-8;q=0.7,*;q=0.7", "Accept": "text/html,application/xhtml+xml,application/xml;q=0.9,*/*;q=0.8", "Accept-Encoding": "gzip, deflate", "Accept-Language": "en-us,en;q=0.5"}}, {"format_id": "36", "url": "https://r4---sn-4g5ednek.googlevideo.com/videoplayback?expire=1502305141&initcwndbps=4231250&key=yt6&ei=FQeLWeGfC4O_W8P3tbAL&sparams=clen%2Cdur%2Cei%2Cgir%2Cid%2Cinitcwndbps%2Cip%2Cipbits%2Citag%2Clmt%2Cmime%2Cmm%2Cmn%2Cms%2Cmv%2Cpl%2Crequiressl%2Csource%2Cexpire&mn=sn-4g5ednek&mm=31&ip=131.159.40.117&dur=165.976&id=o-ADuYAXfFPM9j58c9dqAixLHoXjqhn1D3O3h74LW7aKId&mime=video%2F3gpp&ms=au&requiressl=yes&pl=16&mv=m&mt=1502283422&gir=yes&ipbits=0&lmt=1424091984262731&signature=6930E8BDF18198D5979259D9B71C5540581491E4.4DC9BE2C7CC82AC9412519D2BF412A79B1D121EB&source=youtube&itag=36&clen=4676972&ratebypass=yes", "player_url": null, "ext": "3gp", "width": 320, "acodec": "mp4a.40.2", "vcodec": "mp4v.20.3", "resolution": "320x240", "height": 240, "format_note": "small", "format": "36 - 320x240 (small)", "protocol": "https", "http_headers": {"User-Agent": "Mozilla/5.0 (X11; Linux x86_64; rv:10.0) Gecko/20150101 Firefox/47.0 (Chrome)", "Accept-Charset": "ISO-8859-1,utf-8;q=0.7,*;q=0.7", "Accept": "text/html,application/xhtml+xml,application/xml;q=0.9,*/*;q=0.8", "Accept-Encoding": "gzip, deflate", "Accept-Language": "en-us,en;q=0.5"}}, {"format_id": "18", "url": "https://r4---sn-4g5ednek.googlevideo.com/videoplayback?expire=1502305141&initcwndbps=4231250&key=yt6&ei=FQeLWeGfC4O_W8P3tbAL&sparams=clen%2Cdur%2Cei%2Cgir%2Cid%2Cinitcwndbps%2Cip%2Cipbits%2Citag%2Clmt%2Cmime%2Cmm%2Cmn%2Cms%2Cmv%2Cpl%2Cratebypass%2Crequiressl%2Csource%2Cexpire&mn=sn-4g5ednek&mm=31&ip=131.159.40.117&dur=165.836&id=o-ADuYAXfFPM9j58c9dqAixLHoXjqhn1D3O3h74LW7aKId&mime=video%2Fmp4&ms=au&requiressl=yes&pl=16&mv=m&mt=1502283422&gir=yes&ipbits=0&lmt=1434342712350170&signature=912C7E3ED8AA68A78355DF272BDACEB180D77EC3.8E95B8075C63D3B921BCDDC0D1CD96AD24FC1290&source=youtube&itag=18&clen=12529376&ratebypass=yes", "player_url": null, "ext": "mp4", "width": 480, "height": 360, "acodec": "mp4a.40.2", "abr": 96, "vcodec": "avc1.42001E", "resolution": "480x360", "format_note": "medium", "format": "18 - 480x360 (medium)", "protocol": "https", "http_headers": {"User-Agent": "Mozilla/5.0 (X11; Linux x86_64; rv:10.0) Gecko/20150101 Firefox/47.0 (Chrome)", "Accept-Charset": "ISO-8859-1,utf-8;q=0.7,*;q=0.7", "Accept": "text/html,application/xhtml+xml,application/xml;q=0.9,*/*;q=0.8", "Accept-Encoding": "gzip, deflate", "Accept-Language": "en-us,en;q=0.5"}}, {"format_id": "43", "url": "https://r4---sn-4g5ednek.googlevideo.com/videoplayback?expire=1502305141&initcwndbps=4231250&key=yt6&ei=FQeLWeGfC4O_W8P3tbAL&sparams=clen%2Cdur%2Cei%2Cgir%2Cid%2Cinitcwndbps%2Cip%2Cipbits%2Citag%2Clmt%2Cmime%2Cmm%2Cmn%2Cms%2Cmv%2Cpl%2Cratebypass%2Crequiressl%2Csource%2Cexpire&mn=sn-4g5ednek&mm=31&ip=131.159.40.117&dur=0.000&id=o-ADuYAXfFPM9j58c9dqAixLHoXjqhn1D3O3h74LW7aKId&mime=video%2Fwebm&ms=au&requiressl=yes&pl=16&mv=m&mt=1502283422&gir=yes&ipbits=0&lmt=1424092158825725&signature=C3BB01738D96462869BCED7B5C6FFCF3CF83B2CE.9B8DECD3C05C549C64596345BEC8BBBED1E3DBF8&source=youtube&itag=43&clen=17096605&ratebypass=yes", "player_url": null, "ext": "webm", "width": 640, "height": 360, "acodec": "vorbis", "abr": 128, "vcodec": "vp8.0", "resolution": "640x360", "format_note": "medium", "format": "43 - 640x360 (medium)", "protocol": "https", "http_headers": {"User-Agent": "Mozilla/5.0 (X11; Linux x86_64; rv:10.0) Gecko/20150101 Firefox/47.0 (Chrome)", "Accept-Charset": "ISO-8859-1,utf-8;q=0.7,*;q=0.7", "Accept": "text/html,application/xhtml+xml,application/xml;q=0.9,*/*;q=0.8", "Accept-Encoding": "gzip, deflate", "Accept-Language": "en-us,en;q=0.5"}}], "is_live": null, "start_time": null, "end_time": null, "series": null, "season_number": null, "episode_number": null, "extractor": "youtube", "webpage_url_basename": "DdhwFUtoKzk", "extractor_key": "Youtube", "playlist": null, "playlist_index": null, "thumbnails": [{"url": "https://i.ytimg.com/vi/DdhwFUtoKzk/hqdefault.jpg", "id": "0"}], "display_id": "DdhwFUtoKzk", "ext": "mp4", "height": 480, "format_note": "DASH video", "vcodec": "avc1.4d401e", "format_id": "135", "url": "https://r4---sn-4g5ednek.googlevideo.com/videoplayback?id=0dd870154b682b39&itag=135&source=youtube&requiressl=yes&ms=au&ei=FQeLWaPeJIrEW-e4jpAL&pl=16&initcwndbps=4231250&mv=m&mn=sn-4g5ednek&mm=31&ratebypass=yes&mime=video/mp4&gir=yes&clen=14515924&lmt=1434342760879410&dur=165.765&signature=02F74D07DF2D013A7147CAC95C85220EFB435181.12AA561E7EF1444E23A8CA2FACDEDF7DFBCDF9E0&key=dg_yt0&mt=1502283422&ip=131.159.40.117&ipbits=0&expire=1502305141&sparams=ip,ipbits,expire,id,itag,source,requiressl,ms,ei,pl,initcwndbps,mv,mn,mm,ratebypass,mime,gir,clen,lmt,dur", "manifest_url": "https://manifest.googlevideo.com/api/manifest/dash/ms/au/ei/FQeLWaPeJIrEW-e4jpAL/id/0dd870154b682b39/itag/0/signature/CBE31DF8C127C359350D9C8C876C1FD345C29D11.65427766C4C4A41B0CABF6FDE88572F41C2C0E1B/requiressl/yes/pl/16/ipbits/0/as/fmp4_audio_clear%2Cfmp4_sd_hd_clear/playback_host/r4---sn-4g5ednek.googlevideo.com/initcwndbps/4231250/sparams/as%2Cei%2Chfr%2Cid%2Cinitcwndbps%2Cip%2Cipbits%2Citag%2Cmm%2Cmn%2Cms%2Cmv%2Cpl%2Cplayback_host%2Crequiressl%2Csource%2Cexpire/key/yt6/ip/131.159.40.117/mt/1502283422/expire/1502305141/source/youtube/mv/m/mn/sn-4g5ednek/mm/31/hfr/1", "width": 640, "tbr": 1108.366, "asr": null, "fps": 30, "language": null, "filesize": 14515924, "acodec": "none", "format": "135 - 640x480 (DASH video)", "protocol": "https", "http_headers": {"User-Agent": "Mozilla/5.0 (X11; Linux x86_64; rv:10.0) Gecko/20150101 Firefox/47.0 (Chrome)", "Accept-Charset": "ISO-8859-1,utf-8;q=0.7,*;q=0.7", "Accept": "text/html,application/xhtml+xml,application/xml;q=0.9,*/*;q=0.8", "Accept-Encoding": "gzip, deflate", "Accept-Language": "en-us,en;q=0.5"}, "fulltitle": "Anong nakita ng embalsamador ng 'Fallen 44'?", "_filename": "DdhwFUtoKzk.mp4"}