{"id": "tTzFkD7YJ8g", "uploader": "Bloomberg", "uploader_id": "Bloomberg", "uploader_url": "http://www.youtube.com/user/Bloomberg", "upload_date": "20140218", "license": "Standard YouTube License", "creator": null, "title": "Is Apple Looking to Buy Tesla? The Inside Scoop", "alt_title": null, "thumbnail": "https://i.ytimg.com/vi/tTzFkD7YJ8g/hqdefault.jpg", "description": "Feb. 18 (Bloomberg) -- Matt Hardigree, Editor-in-Chief at Jalopnik.com, explores the possible combination of Apple and Tesla to join forces on electric automobiles on Bloomberg Television's \"In The Loop.\"\n\n-- Subscribe to Bloomberg on YouTube: http://www.youtube.com/Bloomberg\n\nOn \"In the Loop with Betty Liu,\" Betty Liu reports on breaking news headlines, Wall Street movers and shakers, global leaders, billionaires and interviews the most influential guests -- all as the opening bell rings the market into action. Betty Liu's robust team of Bloomberg TV reporters includes frequent appearances by Bloomberg market correspondents, among them: Julie Hyman, Michael McKee, Alix Steel, and more.\n\nIn addition to covering leading company news, the show highlights industry competitions including Samsung vs Apple, Pepsi vs Coke, and Aereo vs News Corp, along with coverage of the business leaders involved such as PIMCO's Mohamed El-Erian, WPP founder Sir Martin Sorrell, AOL CEO Tim Armstrong, Apple CEO TimCook, Coca-Cola CEO Muhtar Kent, media mogul Rupert Murdoch, billionaire investor Warren Buffett and more. \"In The Loop\" broadcasts from Bloomberg TV's New York headquarters, at 8-10am ET/5-7am PT. For a complete compilation of In The Loop videos, visit: http://www.bloomberg.com/video/in-the-loop/\n\nWatch \"In The Loop\" on TV, on the Bloomberg smartphone app, on the Bloomberg TV + iPad app or on the web: http://bloomberg.com/tv\n\nBloomberg Television offers extensive coverage and analysis of international business news and stories of global importance. It is available in more than 310 million households worldwide and reaches the most affluent and influential viewers in terms of household income, asset value and education levels. With production hubs in London, New York and Hong Kong, the network provides 24-hour continuous coverage of the people, companies and ideas that move the markets.", "categories": ["News & Politics"], "tags": ["Bloomberg", "Apple Inc. (Organization)", "tesla", "elon musk", "Automobile (Industry)", "Technology (Professional Field)"], "subtitles": {}, "automatic_captions": {}, "duration": 260, "age_limit": 0, "annotations": null, "chapters": null, "webpage_url": "https://www.youtube.com/watch?v=tTzFkD7YJ8g", "view_count": 46068, "like_count": 140, "dislike_count": 62, "average_rating": 3.77227711678, "formats": [{"ext": "m4a", "format_note": "DASH audio", "acodec": "mp4a.40.5", "abr": 48, "container": "m4a_dash", "format_id": "139", "url": "https://r18---sn-4g57kner.googlevideo.com/videoplayback?id=b53cc5903ed827c8&itag=139&source=youtube&requiressl=yes&mv=m&initcwndbps=3972500&ms=au&ei=08uJWe2mBN3IVsTJjpgK&mn=sn-4g57kner&mm=31&pl=16&ratebypass=yes&mime=audio/mp4&gir=yes&clen=1550261&lmt=1392871419435891&dur=260.574&key=dg_yt0&signature=7C86185934C47A77AAF19090A2F6966735B66FFC.6217AA2C11A0C66EDC2DFBB79FADC5963022B118&mt=1502202719&ip=131.159.40.117&ipbits=0&expire=1502224435&sparams=ip,ipbits,expire,id,itag,source,requiressl,mv,initcwndbps,ms,ei,mn,mm,pl,ratebypass,mime,gir,clen,lmt,dur", "manifest_url": "https://manifest.googlevideo.com/api/manifest/dash/mv/m/initcwndbps/3972500/source/youtube/key/yt6/ms/au/ei/08uJWe2mBN3IVsTJjpgK/requiressl/yes/expire/1502224435/signature/80FC976D2030A39A4A9B539F995EBFCE2B3C13EF.049A9A8BC9A0BDB740E3375CA1D16D0E87E52F12/sparams/as%2Cei%2Chfr%2Cid%2Cinitcwndbps%2Cip%2Cipbits%2Citag%2Cmm%2Cmn%2Cms%2Cmv%2Cpl%2Cplayback_host%2Crequiressl%2Csource%2Cexpire/mt/1502202719/id/b53cc5903ed827c8/playback_host/r18---sn-4g57kner.googlevideo.com/as/fmp4_audio_clear%2Cfmp4_sd_hd_clear/ipbits/0/mn/sn-4g57kner/ip/131.159.40.117/mm/31/itag/0/pl/16/hfr/1", "width": null, "height": null, "tbr": 48.441, "asr": 22050, "fps": null, "language": null, "filesize": 1550261, "vcodec": "none", "format": "139 - audio only (DASH audio)", "protocol": "https", "http_headers": {"User-Agent": "Mozilla/5.0 (X11; Linux x86_64; rv:10.0) Gecko/20150101 Firefox/47.0 (Chrome)", "Accept-Charset": "ISO-8859-1,utf-8;q=0.7,*;q=0.7", "Accept": "text/html,application/xhtml+xml,application/xml;q=0.9,*/*;q=0.8", "Accept-Encoding": "gzip, deflate", "Accept-Language": "en-us,en;q=0.5"}}, {"format_id": "171", "url": "https://r10---sn-4g57knre.googlevideo.com/videoplayback?mm=31&mn=sn-4g57knre&id=o-AFKY1eW4FB0f16la6WKIXw9WHn6OTNdOOyiS-cATZ8gH&pl=16&mt=1502202719&mv=m&sparams=clen%2Cdur%2Cei%2Cgir%2Cid%2Cinitcwndbps%2Cip%2Cipbits%2Citag%2Ckeepalive%2Clmt%2Cmime%2Cmm%2Cmn%2Cms%2Cmv%2Cpl%2Crequiressl%2Csource%2Cexpire&ms=au&ip=131.159.40.117&requiressl=yes&itag=171&keepalive=yes&source=youtube&initcwndbps=3972500&clen=2648631&signature=E2D5E778A8DF43F3BEE3FE274F41F5978C16C5A8.0AF2C1300ABBD9945D7A8C6586F2A14897CA8A6A&gir=yes&mime=audio%2Fwebm&key=yt6&ei=0suJWfjiJsmkVuHYkJgC&expire=1502224434&ipbits=0&dur=260.428&lmt=1402273405951721&ratebypass=yes", "player_url": null, "ext": "webm", "acodec": "vorbis", "format_note": "DASH audio", "abr": 128, "filesize": 2648631, "tbr": 94.15, "fps": 1, "vcodec": "none", "format": "171 - audio only (DASH audio)", "protocol": "https", "http_headers": {"User-Agent": "Mozilla/5.0 (X11; Linux x86_64; rv:10.0) Gecko/20150101 Firefox/47.0 (Chrome)", "Accept-Charset": "ISO-8859-1,utf-8;q=0.7,*;q=0.7", "Accept": "text/html,application/xhtml+xml,application/xml;q=0.9,*/*;q=0.8", "Accept-Encoding": "gzip, deflate", "Accept-Language": "en-us,en;q=0.5"}}, {"ext": "m4a", "format_note": "DASH audio", "acodec": "mp4a.40.2", "abr": 128, "container": "m4a_dash", "format_id": "140", "url": "https://r18---sn-4g57kner.googlevideo.com/videoplayback?id=b53cc5903ed827c8&itag=140&source=youtube&requiressl=yes&mv=m&initcwndbps=3972500&ms=au&ei=08uJWe2mBN3IVsTJjpgK&mn=sn-4g57kner&mm=31&pl=16&ratebypass=yes&mime=audio/mp4&gir=yes&clen=4137697&lmt=1392871434614003&dur=260.481&key=dg_yt0&signature=22F41CC794441E5E30E3396C7FE9615036008ABA.964F789FC41B9744D26BC40F005CB7FA2C2BA237&mt=1502202719&ip=131.159.40.117&ipbits=0&expire=1502224435&sparams=ip,ipbits,expire,id,itag,source,requiressl,mv,initcwndbps,ms,ei,mn,mm,pl,ratebypass,mime,gir,clen,lmt,dur", "manifest_url": "https://manifest.googlevideo.com/api/manifest/dash/mv/m/initcwndbps/3972500/source/youtube/key/yt6/ms/au/ei/08uJWe2mBN3IVsTJjpgK/requiressl/yes/expire/1502224435/signature/80FC976D2030A39A4A9B539F995EBFCE2B3C13EF.049A9A8BC9A0BDB740E3375CA1D16D0E87E52F12/sparams/as%2Cei%2Chfr%2Cid%2Cinitcwndbps%2Cip%2Cipbits%2Citag%2Cmm%2Cmn%2Cms%2Cmv%2Cpl%2Cplayback_host%2Crequiressl%2Csource%2Cexpire/mt/1502202719/id/b53cc5903ed827c8/playback_host/r18---sn-4g57kner.googlevideo.com/as/fmp4_audio_clear%2Cfmp4_sd_hd_clear/ipbits/0/mn/sn-4g57kner/ip/131.159.40.117/mm/31/itag/0/pl/16/hfr/1", "width": null, "height": null, "tbr": 127.931, "asr": 44100, "fps": null, "language": null, "filesize": 4137697, "vcodec": "none", "format": "140 - audio only (DASH audio)", "protocol": "https", "http_headers": {"User-Agent": "Mozilla/5.0 (X11; Linux x86_64; rv:10.0) Gecko/20150101 Firefox/47.0 (Chrome)", "Accept-Charset": "ISO-8859-1,utf-8;q=0.7,*;q=0.7", "Accept": "text/html,application/xhtml+xml,application/xml;q=0.9,*/*;q=0.8", "Accept-Encoding": "gzip, deflate", "Accept-Language": "en-us,en;q=0.5"}}, {"ext": "mp4", "height": 144, "format_note": "DASH video", "vcodec": "avc1.4d400c", "format_id": "160", "url": "https://r18---sn-4g57kner.googlevideo.com/videoplayback?id=b53cc5903ed827c8&itag=160&source=youtube&requiressl=yes&mv=m&initcwndbps=3972500&ms=au&ei=08uJWe2mBN3IVsTJjpgK&mn=sn-4g57kner&mm=31&pl=16&ratebypass=yes&mime=video/mp4&gir=yes&clen=3688282&lmt=1392871464938237&dur=260.394&key=dg_yt0&signature=7041821C1B43E035EBBA089E9D2A872B8721511B.498D8C11699F1050FA018AF7C4948B04E0858695&mt=1502202719&ip=131.159.40.117&ipbits=0&expire=1502224435&sparams=ip,ipbits,expire,id,itag,source,requiressl,mv,initcwndbps,ms,ei,mn,mm,pl,ratebypass,mime,gir,clen,lmt,dur", "manifest_url": "https://manifest.googlevideo.com/api/manifest/dash/mv/m/initcwndbps/3972500/source/youtube/key/yt6/ms/au/ei/08uJWe2mBN3IVsTJjpgK/requiressl/yes/expire/1502224435/signature/80FC976D2030A39A4A9B539F995EBFCE2B3C13EF.049A9A8BC9A0BDB740E3375CA1D16D0E87E52F12/sparams/as%2Cei%2Chfr%2Cid%2Cinitcwndbps%2Cip%2Cipbits%2Citag%2Cmm%2Cmn%2Cms%2Cmv%2Cpl%2Cplayback_host%2Crequiressl%2Csource%2Cexpire/mt/1502202719/id/b53cc5903ed827c8/playback_host/r18---sn-4g57kner.googlevideo.com/as/fmp4_audio_clear%2Cfmp4_sd_hd_clear/ipbits/0/mn/sn-4g57kner/ip/131.159.40.117/mm/31/itag/0/pl/16/hfr/1", "width": 256, "tbr": 114.873, "asr": null, "fps": 15, "language": null, "filesize": 3688282, "acodec": "none", "format": "160 - 256x144 (DASH video)", "protocol": "https", "http_headers": {"User-Agent": "Mozilla/5.0 (X11; Linux x86_64; rv:10.0) Gecko/20150101 Firefox/47.0 (Chrome)", "Accept-Charset": "ISO-8859-1,utf-8;q=0.7,*;q=0.7", "Accept": "text/html,application/xhtml+xml,application/xml;q=0.9,*/*;q=0.8", "Accept-Encoding": "gzip, deflate", "Accept-Language": "en-us,en;q=0.5"}}, {"ext": "mp4", "height": 240, "format_note": "DASH video", "vcodec": "avc1.4d4015", "format_id": "133", "url": "https://r18---sn-4g57kner.googlevideo.com/videoplayback?id=b53cc5903ed827c8&itag=133&source=youtube&requiressl=yes&mv=m&initcwndbps=3972500&ms=au&ei=08uJWe2mBN3IVsTJjpgK&mn=sn-4g57kner&mm=31&pl=16&ratebypass=yes&mime=video/mp4&gir=yes&clen=7957701&lmt=1392871474000896&dur=260.394&key=dg_yt0&signature=3C2F359CA24B276B36B3054748A58D910048FF6C.1DDD646B3A4D6F71EF37CBF906CC8401DC5FF331&mt=1502202719&ip=131.159.40.117&ipbits=0&expire=1502224435&sparams=ip,ipbits,expire,id,itag,source,requiressl,mv,initcwndbps,ms,ei,mn,mm,pl,ratebypass,mime,gir,clen,lmt,dur", "manifest_url": "https://manifest.googlevideo.com/api/manifest/dash/mv/m/initcwndbps/3972500/source/youtube/key/yt6/ms/au/ei/08uJWe2mBN3IVsTJjpgK/requiressl/yes/expire/1502224435/signature/80FC976D2030A39A4A9B539F995EBFCE2B3C13EF.049A9A8BC9A0BDB740E3375CA1D16D0E87E52F12/sparams/as%2Cei%2Chfr%2Cid%2Cinitcwndbps%2Cip%2Cipbits%2Citag%2Cmm%2Cmn%2Cms%2Cmv%2Cpl%2Cplayback_host%2Crequiressl%2Csource%2Cexpire/mt/1502202719/id/b53cc5903ed827c8/playback_host/r18---sn-4g57kner.googlevideo.com/as/fmp4_audio_clear%2Cfmp4_sd_hd_clear/ipbits/0/mn/sn-4g57kner/ip/131.159.40.117/mm/31/itag/0/pl/16/hfr/1", "width": 426, "tbr": 248.781, "asr": null, "fps": 30, "language": null, "filesize": 7957701, "acodec": "none", "format": "133 - 426x240 (DASH video)", "protocol": "https", "http_headers": {"User-Agent": "Mozilla/5.0 (X11; Linux x86_64; rv:10.0) Gecko/20150101 Firefox/47.0 (Chrome)", "Accept-Charset": "ISO-8859-1,utf-8;q=0.7,*;q=0.7", "Accept": "text/html,application/xhtml+xml,application/xml;q=0.9,*/*;q=0.8", "Accept-Encoding": "gzip, deflate", "Accept-Language": "en-us,en;q=0.5"}}, {"ext": "mp4", "height": 360, "format_note": "DASH video", "vcodec": "avc1.4d401e", "format_id": "134", "url": "https://r18---sn-4g57kner.googlevideo.com/videoplayback?id=b53cc5903ed827c8&itag=134&source=youtube&requiressl=yes&mv=m&initcwndbps=3972500&ms=au&ei=08uJWe2mBN3IVsTJjpgK&mn=sn-4g57kner&mm=31&pl=16&ratebypass=yes&mime=video/mp4&gir=yes&clen=7719448&lmt=1392871469935728&dur=260.394&key=dg_yt0&signature=4D9A302A353B829D61CA659E5D66D5B3E9CDFB5F.24BC8309E541B0068475DF4D5B57E578D52573DC&mt=1502202719&ip=131.159.40.117&ipbits=0&expire=1502224435&sparams=ip,ipbits,expire,id,itag,source,requiressl,mv,initcwndbps,ms,ei,mn,mm,pl,ratebypass,mime,gir,clen,lmt,dur", "manifest_url": "https://manifest.googlevideo.com/api/manifest/dash/mv/m/initcwndbps/3972500/source/youtube/key/yt6/ms/au/ei/08uJWe2mBN3IVsTJjpgK/requiressl/yes/expire/1502224435/signature/80FC976D2030A39A4A9B539F995EBFCE2B3C13EF.049A9A8BC9A0BDB740E3375CA1D16D0E87E52F12/sparams/as%2Cei%2Chfr%2Cid%2Cinitcwndbps%2Cip%2Cipbits%2Citag%2Cmm%2Cmn%2Cms%2Cmv%2Cpl%2Cplayback_host%2Crequiressl%2Csource%2Cexpire/mt/1502202719/id/b53cc5903ed827c8/playback_host/r18---sn-4g57kner.googlevideo.com/as/fmp4_audio_clear%2Cfmp4_sd_hd_clear/ipbits/0/mn/sn-4g57kner/ip/131.159.40.117/mm/31/itag/0/pl/16/hfr/1", "width": 640, "tbr": 272.399, "asr": null, "fps": 30, "language": null, "filesize": 7719448, "acodec": "none", "format": "134 - 640x360 (DASH video)", "protocol": "https", "http_headers": {"User-Agent": "Mozilla/5.0 (X11; Linux x86_64; rv:10.0) Gecko/20150101 Firefox/47.0 (Chrome)", "Accept-Charset": "ISO-8859-1,utf-8;q=0.7,*;q=0.7", "Accept": "text/html,application/xhtml+xml,application/xml;q=0.9,*/*;q=0.8", "Accept-Encoding": "gzip, deflate", "Accept-Language": "en-us,en;q=0.5"}}, {"ext": "mp4", "height": 480, "format_note": "DASH video", "vcodec": "avc1.4d401f", "format_id": "135", "url": "https://r18---sn-4g57kner.googlevideo.com/videoplayback?id=b53cc5903ed827c8&itag=135&source=youtube&requiressl=yes&mv=m&initcwndbps=3972500&ms=au&ei=08uJWe2mBN3IVsTJjpgK&mn=sn-4g57kner&mm=31&pl=16&ratebypass=yes&mime=video/mp4&gir=yes&clen=16721819&lmt=1392871587966013&dur=260.394&key=dg_yt0&signature=9B1433285C2C24185DD3C6174AEB929D64CE1320.6E742F5C0B7FCF1FECFF4202DB708DF225E6FCAF&mt=1502202719&ip=131.159.40.117&ipbits=0&expire=1502224435&sparams=ip,ipbits,expire,id,itag,source,requiressl,mv,initcwndbps,ms,ei,mn,mm,pl,ratebypass,mime,gir,clen,lmt,dur", "manifest_url": "https://manifest.googlevideo.com/api/manifest/dash/mv/m/initcwndbps/3972500/source/youtube/key/yt6/ms/au/ei/08uJWe2mBN3IVsTJjpgK/requiressl/yes/expire/1502224435/signature/80FC976D2030A39A4A9B539F995EBFCE2B3C13EF.049A9A8BC9A0BDB740E3375CA1D16D0E87E52F12/sparams/as%2Cei%2Chfr%2Cid%2Cinitcwndbps%2Cip%2Cipbits%2Citag%2Cmm%2Cmn%2Cms%2Cmv%2Cpl%2Cplayback_host%2Crequiressl%2Csource%2Cexpire/mt/1502202719/id/b53cc5903ed827c8/playback_host/r18---sn-4g57kner.googlevideo.com/as/fmp4_audio_clear%2Cfmp4_sd_hd_clear/ipbits/0/mn/sn-4g57kner/ip/131.159.40.117/mm/31/itag/0/pl/16/hfr/1", "width": 854, "tbr": 579.215, "asr": null, "fps": 30, "language": null, "filesize": 16721819, "acodec": "none", "format": "135 - 854x480 (DASH video)", "protocol": "https", "http_headers": {"User-Agent": "Mozilla/5.0 (X11; Linux x86_64; rv:10.0) Gecko/20150101 Firefox/47.0 (Chrome)", "Accept-Charset": "ISO-8859-1,utf-8;q=0.7,*;q=0.7", "Accept": "text/html,application/xhtml+xml,application/xml;q=0.9,*/*;q=0.8", "Accept-Encoding": "gzip, deflate", "Accept-Language": "en-us,en;q=0.5"}}, {"ext": "mp4", "height": 720, "format_note": "DASH video", "vcodec": "avc1.4d401f", "format_id": "136", "url": "https://r18---sn-4g57kner.googlevideo.com/videoplayback?id=b53cc5903ed827c8&itag=136&source=youtube&requiressl=yes&mv=m&initcwndbps=3972500&ms=au&ei=08uJWe2mBN3IVsTJjpgK&mn=sn-4g57kner&mm=31&pl=16&ratebypass=yes&mime=video/mp4&gir=yes&clen=32950506&lmt=1392871511548517&dur=260.394&key=dg_yt0&signature=8D3CDA6D0765CB68AA17383E99CB173B1C90C42D.7112324BE92363C13572F4F9CD0DBE53A938B5E6&mt=1502202719&ip=131.159.40.117&ipbits=0&expire=1502224435&sparams=ip,ipbits,expire,id,itag,source,requiressl,mv,initcwndbps,ms,ei,mn,mm,pl,ratebypass,mime,gir,clen,lmt,dur", "manifest_url": "https://manifest.googlevideo.com/api/manifest/dash/mv/m/initcwndbps/3972500/source/youtube/key/yt6/ms/au/ei/08uJWe2mBN3IVsTJjpgK/requiressl/yes/expire/1502224435/signature/80FC976D2030A39A4A9B539F995EBFCE2B3C13EF.049A9A8BC9A0BDB740E3375CA1D16D0E87E52F12/sparams/as%2Cei%2Chfr%2Cid%2Cinitcwndbps%2Cip%2Cipbits%2Citag%2Cmm%2Cmn%2Cms%2Cmv%2Cpl%2Cplayback_host%2Crequiressl%2Csource%2Cexpire/mt/1502202719/id/b53cc5903ed827c8/playback_host/r18---sn-4g57kner.googlevideo.com/as/fmp4_audio_clear%2Cfmp4_sd_hd_clear/ipbits/0/mn/sn-4g57kner/ip/131.159.40.117/mm/31/itag/0/pl/16/hfr/1", "width": 1280, "tbr": 1186.733, "asr": null, "fps": 30, "language": null, "filesize": 32950506, "acodec": "none", "format": "136 - 1280x720 (DASH video)", "protocol": "https", "http_headers": {"User-Agent": "Mozilla/5.0 (X11; Linux x86_64; rv:10.0) Gecko/20150101 Firefox/47.0 (Chrome)", "Accept-Charset": "ISO-8859-1,utf-8;q=0.7,*;q=0.7", "Accept": "text/html,application/xhtml+xml,application/xml;q=0.9,*/*;q=0.8", "Accept-Encoding": "gzip, deflate", "Accept-Language": "en-us,en;q=0.5"}}, {"format_id": "17", "url": "https://r10---sn-4g57knre.googlevideo.com/videoplayback?mm=31&mn=sn-4g57knre&id=o-AFKY1eW4FB0f16la6WKIXw9WHn6OTNdOOyiS-cATZ8gH&pl=16&mt=1502202719&mv=m&sparams=clen%2Cdur%2Cei%2Cgir%2Cid%2Cinitcwndbps%2Cip%2Cipbits%2Citag%2Clmt%2Cmime%2Cmm%2Cmn%2Cms%2Cmv%2Cpl%2Crequiressl%2Csource%2Cexpire&ms=au&ip=131.159.40.117&requiressl=yes&itag=17&source=youtube&initcwndbps=3972500&clen=2671079&signature=DB3973F8C83B684400B639C7E8352D78F16F9E43.846744091B84E4337A912A4B18CC0357CB05A6A3&gir=yes&mime=video%2F3gpp&key=yt6&ei=0suJWfjiJsmkVuHYkJgC&expire=1502224434&ipbits=0&dur=260.806&lmt=1392871763173891&ratebypass=yes", "player_url": null, "ext": "3gp", "width": 176, "height": 144, "acodec": "mp4a.40.2", "abr": 24, "vcodec": "mp4v.20.3", "resolution": "176x144", "format_note": "small", "format": "17 - 176x144 (small)", "protocol": "https", "http_headers": {"User-Agent": "Mozilla/5.0 (X11; Linux x86_64; rv:10.0) Gecko/20150101 Firefox/47.0 (Chrome)", "Accept-Charset": "ISO-8859-1,utf-8;q=0.7,*;q=0.7", "Accept": "text/html,application/xhtml+xml,application/xml;q=0.9,*/*;q=0.8", "Accept-Encoding": "gzip, deflate", "Accept-Language": "en-us,en;q=0.5"}}, {"format_id": "36", "url": "https://r10---sn-4g57knre.googlevideo.com/videoplayback?mm=31&mn=sn-4g57knre&id=o-AFKY1eW4FB0f16la6WKIXw9WHn6OTNdOOyiS-cATZ8gH&pl=16&mt=1502202719&mv=m&sparams=clen%2Cdur%2Cei%2Cgir%2Cid%2Cinitcwndbps%2Cip%2Cipbits%2Citag%2Clmt%2Cmime%2Cmm%2Cmn%2Cms%2Cmv%2Cpl%2Crequiressl%2Csource%2Cexpire&ms=au&ip=131.159.40.117&requiressl=yes&itag=36&source=youtube&initcwndbps=3972500&clen=7350530&signature=9B7520E5D79F80EEF3A9200460466A2191621DBC.AE03758091B539351F0B15452F02E1E9ED7BD806&gir=yes&mime=video%2F3gpp&key=yt6&ei=0suJWfjiJsmkVuHYkJgC&expire=1502224434&ipbits=0&dur=260.620&lmt=1392871498415433&ratebypass=yes", "player_url": null, "ext": "3gp", "width": 320, "acodec": "mp4a.40.2", "vcodec": "mp4v.20.3", "resolution": "320x180", "height": 180, "format_note": "small", "format": "36 - 320x180 (small)", "protocol": "https", "http_headers": {"User-Agent": "Mozilla/5.0 (X11; Linux x86_64; rv:10.0) Gecko/20150101 Firefox/47.0 (Chrome)", "Accept-Charset": "ISO-8859-1,utf-8;q=0.7,*;q=0.7", "Accept": "text/html,application/xhtml+xml,application/xml;q=0.9,*/*;q=0.8", "Accept-Encoding": "gzip, deflate", "Accept-Language": "en-us,en;q=0.5"}}, {"format_id": "43", "url": "https://r10---sn-4g57knre.googlevideo.com/videoplayback?mm=31&mn=sn-4g57knre&id=o-AFKY1eW4FB0f16la6WKIXw9WHn6OTNdOOyiS-cATZ8gH&pl=16&mt=1502202719&mv=m&sparams=clen%2Cdur%2Cei%2Cgir%2Cid%2Cinitcwndbps%2Cip%2Cipbits%2Citag%2Clmt%2Cmime%2Cmm%2Cmn%2Cms%2Cmv%2Cpl%2Cratebypass%2Crequiressl%2Csource%2Cexpire&ms=au&ip=131.159.40.117&requiressl=yes&itag=43&source=youtube&initcwndbps=3972500&clen=20237562&signature=702B340570ED084ADC7358E0DAC04084465C3F37.90512219A6B83A7C522EC667634132DC5C755D32&gir=yes&mime=video%2Fwebm&key=yt6&ei=0suJWfjiJsmkVuHYkJgC&ratebypass=yes&expire=1502224434&ipbits=0&dur=0.000&lmt=1392745307644597", "player_url": null, "ext": "webm", "width": 640, "height": 360, "acodec": "vorbis", "abr": 128, "vcodec": "vp8.0", "resolution": "640x360", "format_note": "medium", "format": "43 - 640x360 (medium)", "protocol": "https", "http_headers": {"User-Agent": "Mozilla/5.0 (X11; Linux x86_64; rv:10.0) Gecko/20150101 Firefox/47.0 (Chrome)", "Accept-Charset": "ISO-8859-1,utf-8;q=0.7,*;q=0.7", "Accept": "text/html,application/xhtml+xml,application/xml;q=0.9,*/*;q=0.8", "Accept-Encoding": "gzip, deflate", "Accept-Language": "en-us,en;q=0.5"}}, {"format_id": "18", "url": "https://r10---sn-4g57knre.googlevideo.com/videoplayback?mm=31&mn=sn-4g57knre&id=o-AFKY1eW4FB0f16la6WKIXw9WHn6OTNdOOyiS-cATZ8gH&pl=16&mt=1502202719&mv=m&sparams=clen%2Cdur%2Cei%2Cgir%2Cid%2Cinitcwndbps%2Cip%2Cipbits%2Citag%2Clmt%2Cmime%2Cmm%2Cmn%2Cms%2Cmv%2Cpl%2Cratebypass%2Crequiressl%2Csource%2Cexpire&ms=au&ip=131.159.40.117&requiressl=yes&itag=18&source=youtube&initcwndbps=3972500&clen=13851946&signature=51B6BB93DE2CBD0155C5A767FE69C31639C2E279.3A84E2B8A458513235F148D212A0B66340627E2A&gir=yes&mime=video%2Fmp4&key=yt6&ei=0suJWfjiJsmkVuHYkJgC&ratebypass=yes&expire=1502224434&ipbits=0&dur=260.481&lmt=1392871481807415", "player_url": null, "ext": "mp4", "width": 640, "height": 360, "acodec": "mp4a.40.2", "abr": 96, "vcodec": "avc1.42001E", "resolution": "640x360", "format_note": "medium", "format": "18 - 640x360 (medium)", "protocol": "https", "http_headers": {"User-Agent": "Mozilla/5.0 (X11; Linux x86_64; rv:10.0) Gecko/20150101 Firefox/47.0 (Chrome)", "Accept-Charset": "ISO-8859-1,utf-8;q=0.7,*;q=0.7", "Accept": "text/html,application/xhtml+xml,application/xml;q=0.9,*/*;q=0.8", "Accept-Encoding": "gzip, deflate", "Accept-Language": "en-us,en;q=0.5"}}, {"format_id": "22", "url": "https://r10---sn-4g57knre.googlevideo.com/videoplayback?itag=22&mm=31&mn=sn-4g57knre&key=yt6&id=o-AFKY1eW4FB0f16la6WKIXw9WHn6OTNdOOyiS-cATZ8gH&pl=16&mt=1502202719&mv=m&sparams=dur%2Cei%2Cid%2Cinitcwndbps%2Cip%2Cipbits%2Citag%2Clmt%2Cmime%2Cmm%2Cmn%2Cms%2Cmv%2Cpl%2Cratebypass%2Crequiressl%2Csource%2Cexpire&signature=23DBFCAF3CD257311640596C153C0940210E91A5.3679E958B888C2B3D989BBBE10B2E51680FE4ED3&mime=video%2Fmp4&ms=au&ip=131.159.40.117&requiressl=yes&ratebypass=yes&expire=1502224434&ei=0suJWfjiJsmkVuHYkJgC&ipbits=0&dur=260.481&lmt=1470900795681147&source=youtube&initcwndbps=3972500", "player_url": null, "ext": "mp4", "width": 1280, "height": 720, "acodec": "mp4a.40.2", "abr": 192, "vcodec": "avc1.64001F", "resolution": "1280x720", "format_note": "hd720", "format": "22 - 1280x720 (hd720)", "protocol": "https", "http_headers": {"User-Agent": "Mozilla/5.0 (X11; Linux x86_64; rv:10.0) Gecko/20150101 Firefox/47.0 (Chrome)", "Accept-Charset": "ISO-8859-1,utf-8;q=0.7,*;q=0.7", "Accept": "text/html,application/xhtml+xml,application/xml;q=0.9,*/*;q=0.8", "Accept-Encoding": "gzip, deflate", "Accept-Language": "en-us,en;q=0.5"}}], "is_live": null, "start_time": null, "end_time": null, "series": null, "season_number": null, "episode_number": null, "extractor": "youtube", "webpage_url_basename": "tTzFkD7YJ8g", "extractor_key": "Youtube", "playlist": null, "playlist_index": null, "thumbnails": [{"url": "https://i.ytimg.com/vi/tTzFkD7YJ8g/hqdefault.jpg", "id": "0"}], "display_id": "tTzFkD7YJ8g", "ext": "mp4", "height": 720, "format_note": "DASH video", "vcodec": "avc1.4d401f", "format_id": "136", "url": "https://r18---sn-4g57kner.googlevideo.com/videoplayback?id=b53cc5903ed827c8&itag=136&source=youtube&requiressl=yes&mv=m&initcwndbps=3972500&ms=au&ei=08uJWe2mBN3IVsTJjpgK&mn=sn-4g57kner&mm=31&pl=16&ratebypass=yes&mime=video/mp4&gir=yes&clen=32950506&lmt=1392871511548517&dur=260.394&key=dg_yt0&signature=8D3CDA6D0765CB68AA17383E99CB173B1C90C42D.7112324BE92363C13572F4F9CD0DBE53A938B5E6&mt=1502202719&ip=131.159.40.117&ipbits=0&expire=1502224435&sparams=ip,ipbits,expire,id,itag,source,requiressl,mv,initcwndbps,ms,ei,mn,mm,pl,ratebypass,mime,gir,clen,lmt,dur", "manifest_url": "https://manifest.googlevideo.com/api/manifest/dash/mv/m/initcwndbps/3972500/source/youtube/key/yt6/ms/au/ei/08uJWe2mBN3IVsTJjpgK/requiressl/yes/expire/1502224435/signature/80FC976D2030A39A4A9B539F995EBFCE2B3C13EF.049A9A8BC9A0BDB740E3375CA1D16D0E87E52F12/sparams/as%2Cei%2Chfr%2Cid%2Cinitcwndbps%2Cip%2Cipbits%2Citag%2Cmm%2Cmn%2Cms%2Cmv%2Cpl%2Cplayback_host%2Crequiressl%2Csource%2Cexpire/mt/1502202719/id/b53cc5903ed827c8/playback_host/r18---sn-4g57kner.googlevideo.com/as/fmp4_audio_clear%2Cfmp4_sd_hd_clear/ipbits/0/mn/sn-4g57kner/ip/131.159.40.117/mm/31/itag/0/pl/16/hfr/1", "width": 1280, "tbr": 1186.733, "asr": null, "fps": 30, "language": null, "filesize": 32950506, "acodec": "none", "format": "136 - 1280x720 (DASH video)", "protocol": "https", "http_headers": {"User-Agent": "Mozilla/5.0 (X11; Linux x86_64; rv:10.0) Gecko/20150101 Firefox/47.0 (Chrome)", "Accept-Charset": "ISO-8859-1,utf-8;q=0.7,*;q=0.7", "Accept": "text/html,application/xhtml+xml,application/xml;q=0.9,*/*;q=0.8", "Accept-Encoding": "gzip, deflate", "Accept-Language": "en-us,en;q=0.5"}, "fulltitle": "Is Apple Looking to Buy Tesla? The Inside Scoop", "_filename": "tTzFkD7YJ8g.mp4"}