{"id": "8a6c1Csxvy4", "uploader": "Alppress", "uploader_id": "Alppress", "uploader_url": "http://www.youtube.com/user/Alppress", "upload_date": "20110525", "license": "Standard YouTube License", "creator": null, "title": "Eduardo Bechara Navratilova  y Eduardo Bechara Baracat  en Citytv", "alt_title": null, "thumbnail": "https://i.ytimg.com/vi/8a6c1Csxvy4/hqdefault.jpg", "description": "Eduardo Bechara Navratilova  y Eduardo Bechara Baracat  en City Tv . 24 Feria Internacional del Libro.", "categories": ["People & Blogs"], "tags": ["Citytv", "Edu"], "subtitles": {}, "automatic_captions": {}, "duration": 138, "age_limit": 0, "annotations": null, "chapters": null, "webpage_url": "https://www.youtube.com/watch?v=8a6c1Csxvy4", "view_count": 1476, "like_count": 2, "dislike_count": 1, "average_rating": 3.66666674614, "formats": [{"ext": "m4a", "format_note": "DASH audio", "acodec": "mp4a.40.5", "abr": 48, "container": "m4a_dash", "format_id": "139", "url": "https://r13---sn-4g57knze.googlevideo.com/videoplayback?id=f1ae9cd42b31bf2e&itag=139&source=youtube&requiressl=yes&ei=PrmKWYjHLcTDWduXvYAO&ms=au&mv=m&initcwndbps=3722500&pl=16&mm=31&mn=sn-4g57knze&ratebypass=yes&mime=audio/mp4&gir=yes&clen=820842&lmt=1393130186487245&dur=137.926&signature=30385ECDAA8714EB0B6E333B3F653703A6B0DB16.47FBFE6701D6AAC67A35F42DEF5762E006107223&key=dg_yt0&mt=1502263532&ip=131.159.40.117&ipbits=0&expire=1502285214&sparams=ip,ipbits,expire,id,itag,source,requiressl,ei,ms,mv,initcwndbps,pl,mm,mn,ratebypass,mime,gir,clen,lmt,dur", "manifest_url": "https://manifest.googlevideo.com/api/manifest/dash/ei/PrmKWYjHLcTDWduXvYAO/ms/au/source/youtube/expire/1502285214/mv/m/initcwndbps/3722500/id/f1ae9cd42b31bf2e/signature/452975389AA5CD8AC427B55DCD2A771338AD666F.3197ADADAF4DC20A5C4004E4479BF0E63104906B/sparams/as%2Cei%2Chfr%2Cid%2Cinitcwndbps%2Cip%2Cipbits%2Citag%2Cmm%2Cmn%2Cms%2Cmv%2Cpl%2Cplayback_host%2Crequiressl%2Csource%2Cexpire/requiressl/yes/key/yt6/ipbits/0/playback_host/r13---sn-4g57knze.googlevideo.com/as/fmp4_audio_clear%2Cfmp4_sd_hd_clear/hfr/1/mt/1502263532/itag/0/pl/16/ip/131.159.40.117/mm/31/mn/sn-4g57knze", "width": null, "height": null, "tbr": 48.541, "asr": 22050, "fps": null, "language": null, "filesize": 820842, "vcodec": "none", "format": "139 - audio only (DASH audio)", "protocol": "https", "http_headers": {"User-Agent": "Mozilla/5.0 (X11; Linux x86_64; rv:10.0) Gecko/20150101 Firefox/47.0 (Chrome)", "Accept-Charset": "ISO-8859-1,utf-8;q=0.7,*;q=0.7", "Accept": "text/html,application/xhtml+xml,application/xml;q=0.9,*/*;q=0.8", "Accept-Encoding": "gzip, deflate", "Accept-Language": "en-us,en;q=0.5"}}, {"format_id": "249", "url": "https://r13---sn-4g57knze.googlevideo.com/videoplayback?key=yt6&mime=audio%2Fwebm&clen=908226&dur=137.801&keepalive=yes&lmt=1427098262426247&sparams=clen%2Cdur%2Cei%2Cgir%2Cid%2Cinitcwndbps%2Cip%2Cipbits%2Citag%2Ckeepalive%2Clmt%2Cmime%2Cmm%2Cmn%2Cms%2Cmv%2Cpl%2Crequiressl%2Csource%2Cexpire&ipbits=0&requiressl=yes&initcwndbps=3722500&source=youtube&ei=PrmKWfD_CsXMWZf2u4gN&expire=1502285214&mn=sn-4g57knze&mm=31&ip=131.159.40.117&pl=16&itag=249&gir=yes&signature=DF2A3D9B8EAA0A5294B65EC54F593A5BF70FAC79.DBEC7E13F1ED4EFC0E804CE1DC3BC775B7E78562&id=o-AMDYdb5Fvwpjn1y0mavpvYDRhYHJ7f8VPsjoHfcXcI1k&mv=m&mt=1502263532&ms=au&ratebypass=yes", "player_url": null, "ext": "webm", "format_note": "DASH audio", "acodec": "opus", "abr": 50, "filesize": 908226, "tbr": 55.401, "vcodec": "none", "format": "249 - audio only (DASH audio)", "protocol": "https", "http_headers": {"User-Agent": "Mozilla/5.0 (X11; Linux x86_64; rv:10.0) Gecko/20150101 Firefox/47.0 (Chrome)", "Accept-Charset": "ISO-8859-1,utf-8;q=0.7,*;q=0.7", "Accept": "text/html,application/xhtml+xml,application/xml;q=0.9,*/*;q=0.8", "Accept-Encoding": "gzip, deflate", "Accept-Language": "en-us,en;q=0.5"}}, {"format_id": "250", "url": "https://r13---sn-4g57knze.googlevideo.com/videoplayback?key=yt6&mime=audio%2Fwebm&clen=1227497&dur=137.801&keepalive=yes&lmt=1427098263023120&sparams=clen%2Cdur%2Cei%2Cgir%2Cid%2Cinitcwndbps%2Cip%2Cipbits%2Citag%2Ckeepalive%2Clmt%2Cmime%2Cmm%2Cmn%2Cms%2Cmv%2Cpl%2Crequiressl%2Csource%2Cexpire&ipbits=0&requiressl=yes&initcwndbps=3722500&source=youtube&ei=PrmKWfD_CsXMWZf2u4gN&expire=1502285214&mn=sn-4g57knze&mm=31&ip=131.159.40.117&pl=16&itag=250&gir=yes&signature=791281D77B7E2E3F017F9ADFC159FE6AAECF7947.5D7F80B6FACC24647F10B30682B6D2E0CBD9A52D&id=o-AMDYdb5Fvwpjn1y0mavpvYDRhYHJ7f8VPsjoHfcXcI1k&mv=m&mt=1502263532&ms=au&ratebypass=yes", "player_url": null, "ext": "webm", "format_note": "DASH audio", "acodec": "opus", "abr": 70, "filesize": 1227497, "tbr": 76.307, "vcodec": "none", "format": "250 - audio only (DASH audio)", "protocol": "https", "http_headers": {"User-Agent": "Mozilla/5.0 (X11; Linux x86_64; rv:10.0) Gecko/20150101 Firefox/47.0 (Chrome)", "Accept-Charset": "ISO-8859-1,utf-8;q=0.7,*;q=0.7", "Accept": "text/html,application/xhtml+xml,application/xml;q=0.9,*/*;q=0.8", "Accept-Encoding": "gzip, deflate", "Accept-Language": "en-us,en;q=0.5"}}, {"ext": "m4a", "format_note": "DASH audio", "acodec": "mp4a.40.2", "abr": 128, "container": "m4a_dash", "format_id": "140", "url": "https://r13---sn-4g57knze.googlevideo.com/videoplayback?id=f1ae9cd42b31bf2e&itag=140&source=youtube&requiressl=yes&ei=PrmKWYjHLcTDWduXvYAO&ms=au&mv=m&initcwndbps=3722500&pl=16&mm=31&mn=sn-4g57knze&ratebypass=yes&mime=audio/mp4&gir=yes&clen=2190090&lmt=1393130182661290&dur=137.856&signature=2A5CBEB332438B5BD8E9152D690EA485434EBD5A.43EB90A1124A3C052A84B062E1F9BF0753C114AA&key=dg_yt0&mt=1502263532&ip=131.159.40.117&ipbits=0&expire=1502285214&sparams=ip,ipbits,expire,id,itag,source,requiressl,ei,ms,mv,initcwndbps,pl,mm,mn,ratebypass,mime,gir,clen,lmt,dur", "manifest_url": "https://manifest.googlevideo.com/api/manifest/dash/ei/PrmKWYjHLcTDWduXvYAO/ms/au/source/youtube/expire/1502285214/mv/m/initcwndbps/3722500/id/f1ae9cd42b31bf2e/signature/452975389AA5CD8AC427B55DCD2A771338AD666F.3197ADADAF4DC20A5C4004E4479BF0E63104906B/sparams/as%2Cei%2Chfr%2Cid%2Cinitcwndbps%2Cip%2Cipbits%2Citag%2Cmm%2Cmn%2Cms%2Cmv%2Cpl%2Cplayback_host%2Crequiressl%2Csource%2Cexpire/requiressl/yes/key/yt6/ipbits/0/playback_host/r13---sn-4g57knze.googlevideo.com/as/fmp4_audio_clear%2Cfmp4_sd_hd_clear/hfr/1/mt/1502263532/itag/0/pl/16/ip/131.159.40.117/mm/31/mn/sn-4g57knze", "width": null, "height": null, "tbr": 128.034, "asr": 44100, "fps": null, "language": null, "filesize": 2190090, "vcodec": "none", "format": "140 - audio only (DASH audio)", "protocol": "https", "http_headers": {"User-Agent": "Mozilla/5.0 (X11; Linux x86_64; rv:10.0) Gecko/20150101 Firefox/47.0 (Chrome)", "Accept-Charset": "ISO-8859-1,utf-8;q=0.7,*;q=0.7", "Accept": "text/html,application/xhtml+xml,application/xml;q=0.9,*/*;q=0.8", "Accept-Encoding": "gzip, deflate", "Accept-Language": "en-us,en;q=0.5"}}, {"format_id": "171", "url": "https://r13---sn-4g57knze.googlevideo.com/videoplayback?key=yt6&mime=audio%2Fwebm&clen=2343968&dur=137.792&keepalive=yes&lmt=1427098263766317&sparams=clen%2Cdur%2Cei%2Cgir%2Cid%2Cinitcwndbps%2Cip%2Cipbits%2Citag%2Ckeepalive%2Clmt%2Cmime%2Cmm%2Cmn%2Cms%2Cmv%2Cpl%2Crequiressl%2Csource%2Cexpire&ipbits=0&requiressl=yes&initcwndbps=3722500&source=youtube&ei=PrmKWfD_CsXMWZf2u4gN&expire=1502285214&mn=sn-4g57knze&mm=31&ip=131.159.40.117&pl=16&itag=171&gir=yes&signature=4FDC80980E290CCB6E4FEFD111CD0C62B85BCCAA.A3127C446268D8887ECF092DC9077EAF301E6781&id=o-AMDYdb5Fvwpjn1y0mavpvYDRhYHJ7f8VPsjoHfcXcI1k&mv=m&mt=1502263532&ms=au&ratebypass=yes", "player_url": null, "ext": "webm", "acodec": "vorbis", "format_note": "DASH audio", "abr": 128, "filesize": 2343968, "tbr": 143.326, "vcodec": "none", "format": "171 - audio only (DASH audio)", "protocol": "https", "http_headers": {"User-Agent": "Mozilla/5.0 (X11; Linux x86_64; rv:10.0) Gecko/20150101 Firefox/47.0 (Chrome)", "Accept-Charset": "ISO-8859-1,utf-8;q=0.7,*;q=0.7", "Accept": "text/html,application/xhtml+xml,application/xml;q=0.9,*/*;q=0.8", "Accept-Encoding": "gzip, deflate", "Accept-Language": "en-us,en;q=0.5"}}, {"format_id": "251", "url": "https://r13---sn-4g57knze.googlevideo.com/videoplayback?key=yt6&mime=audio%2Fwebm&clen=3016331&dur=137.801&keepalive=yes&lmt=1427098264748371&sparams=clen%2Cdur%2Cei%2Cgir%2Cid%2Cinitcwndbps%2Cip%2Cipbits%2Citag%2Ckeepalive%2Clmt%2Cmime%2Cmm%2Cmn%2Cms%2Cmv%2Cpl%2Crequiressl%2Csource%2Cexpire&ipbits=0&requiressl=yes&initcwndbps=3722500&source=youtube&ei=PrmKWfD_CsXMWZf2u4gN&expire=1502285214&mn=sn-4g57knze&mm=31&ip=131.159.40.117&pl=16&itag=251&gir=yes&signature=9B13FB4116C6EEAC737FC0F0346F5FB81E621F76.98CF01830F622202ADD449EBCDF593210F755EFE&id=o-AMDYdb5Fvwpjn1y0mavpvYDRhYHJ7f8VPsjoHfcXcI1k&mv=m&mt=1502263532&ms=au&ratebypass=yes", "player_url": null, "ext": "webm", "format_note": "DASH audio", "acodec": "opus", "abr": 160, "filesize": 3016331, "tbr": 185.702, "vcodec": "none", "format": "251 - audio only (DASH audio)", "protocol": "https", "http_headers": {"User-Agent": "Mozilla/5.0 (X11; Linux x86_64; rv:10.0) Gecko/20150101 Firefox/47.0 (Chrome)", "Accept-Charset": "ISO-8859-1,utf-8;q=0.7,*;q=0.7", "Accept": "text/html,application/xhtml+xml,application/xml;q=0.9,*/*;q=0.8", "Accept-Encoding": "gzip, deflate", "Accept-Language": "en-us,en;q=0.5"}}, {"format_id": "278", "url": "https://r13---sn-4g57knze.googlevideo.com/videoplayback?key=yt6&mime=video%2Fwebm&clen=1634092&dur=137.737&keepalive=yes&lmt=1427098856512911&sparams=clen%2Cdur%2Cei%2Cgir%2Cid%2Cinitcwndbps%2Cip%2Cipbits%2Citag%2Ckeepalive%2Clmt%2Cmime%2Cmm%2Cmn%2Cms%2Cmv%2Cpl%2Crequiressl%2Csource%2Cexpire&ipbits=0&requiressl=yes&initcwndbps=3722500&source=youtube&ei=PrmKWfD_CsXMWZf2u4gN&expire=1502285214&mn=sn-4g57knze&mm=31&ip=131.159.40.117&pl=16&itag=278&gir=yes&signature=15343C0F1F790692FF7B6019CED98A0CBBEBF78F.55521A862881BC66310A6CDB38DB58DFEB93B924&id=o-AMDYdb5Fvwpjn1y0mavpvYDRhYHJ7f8VPsjoHfcXcI1k&mv=m&mt=1502263532&ms=au&ratebypass=yes", "player_url": null, "ext": "webm", "height": 144, "format_note": "144p", "container": "webm", "vcodec": "vp9", "filesize": 1634092, "tbr": 108.433, "width": 192, "fps": 15, "acodec": "none", "format": "278 - 192x144 (144p)", "protocol": "https", "http_headers": {"User-Agent": "Mozilla/5.0 (X11; Linux x86_64; rv:10.0) Gecko/20150101 Firefox/47.0 (Chrome)", "Accept-Charset": "ISO-8859-1,utf-8;q=0.7,*;q=0.7", "Accept": "text/html,application/xhtml+xml,application/xml;q=0.9,*/*;q=0.8", "Accept-Encoding": "gzip, deflate", "Accept-Language": "en-us,en;q=0.5"}}, {"ext": "mp4", "height": 144, "format_note": "DASH video", "vcodec": "avc1.4d400c", "format_id": "160", "url": "https://r13---sn-4g57knze.googlevideo.com/videoplayback?id=f1ae9cd42b31bf2e&itag=160&source=youtube&requiressl=yes&ei=PrmKWYjHLcTDWduXvYAO&ms=au&mv=m&initcwndbps=3722500&pl=16&mm=31&mn=sn-4g57knze&ratebypass=yes&mime=video/mp4&gir=yes&clen=1934617&lmt=1393130192606230&dur=137.772&signature=52A0184BF8BCB1F07960FE458A041311611ED12E.02482F1E03C8AF5FCB27F8542BCE148A8557F2C0&key=dg_yt0&mt=1502263532&ip=131.159.40.117&ipbits=0&expire=1502285214&sparams=ip,ipbits,expire,id,itag,source,requiressl,ei,ms,mv,initcwndbps,pl,mm,mn,ratebypass,mime,gir,clen,lmt,dur", "manifest_url": "https://manifest.googlevideo.com/api/manifest/dash/ei/PrmKWYjHLcTDWduXvYAO/ms/au/source/youtube/expire/1502285214/mv/m/initcwndbps/3722500/id/f1ae9cd42b31bf2e/signature/452975389AA5CD8AC427B55DCD2A771338AD666F.3197ADADAF4DC20A5C4004E4479BF0E63104906B/sparams/as%2Cei%2Chfr%2Cid%2Cinitcwndbps%2Cip%2Cipbits%2Citag%2Cmm%2Cmn%2Cms%2Cmv%2Cpl%2Cplayback_host%2Crequiressl%2Csource%2Cexpire/requiressl/yes/key/yt6/ipbits/0/playback_host/r13---sn-4g57knze.googlevideo.com/as/fmp4_audio_clear%2Cfmp4_sd_hd_clear/hfr/1/mt/1502263532/itag/0/pl/16/ip/131.159.40.117/mm/31/mn/sn-4g57knze", "width": 192, "tbr": 116.756, "asr": null, "fps": 15, "language": null, "filesize": 1934617, "acodec": "none", "format": "160 - 192x144 (DASH video)", "protocol": "https", "http_headers": {"User-Agent": "Mozilla/5.0 (X11; Linux x86_64; rv:10.0) Gecko/20150101 Firefox/47.0 (Chrome)", "Accept-Charset": "ISO-8859-1,utf-8;q=0.7,*;q=0.7", "Accept": "text/html,application/xhtml+xml,application/xml;q=0.9,*/*;q=0.8", "Accept-Encoding": "gzip, deflate", "Accept-Language": "en-us,en;q=0.5"}}, {"ext": "mp4", "height": 240, "format_note": "DASH video", "vcodec": "avc1.4d400d", "format_id": "133", "url": "https://r13---sn-4g57knze.googlevideo.com/videoplayback?id=f1ae9cd42b31bf2e&itag=133&source=youtube&requiressl=yes&ei=PrmKWYjHLcTDWduXvYAO&ms=au&mv=m&initcwndbps=3722500&pl=16&mm=31&mn=sn-4g57knze&ratebypass=yes&mime=video/mp4&gir=yes&clen=4216990&lmt=1393130183611840&dur=137.772&signature=63F6CE0E9068E87DAB3BF6C36D2ACD8E1EF1623C.4A6A05B0A736328F9ADEF1F1A83B86876B55F9FF&key=dg_yt0&mt=1502263532&ip=131.159.40.117&ipbits=0&expire=1502285214&sparams=ip,ipbits,expire,id,itag,source,requiressl,ei,ms,mv,initcwndbps,pl,mm,mn,ratebypass,mime,gir,clen,lmt,dur", "manifest_url": "https://manifest.googlevideo.com/api/manifest/dash/ei/PrmKWYjHLcTDWduXvYAO/ms/au/source/youtube/expire/1502285214/mv/m/initcwndbps/3722500/id/f1ae9cd42b31bf2e/signature/452975389AA5CD8AC427B55DCD2A771338AD666F.3197ADADAF4DC20A5C4004E4479BF0E63104906B/sparams/as%2Cei%2Chfr%2Cid%2Cinitcwndbps%2Cip%2Cipbits%2Citag%2Cmm%2Cmn%2Cms%2Cmv%2Cpl%2Cplayback_host%2Crequiressl%2Csource%2Cexpire/requiressl/yes/key/yt6/ipbits/0/playback_host/r13---sn-4g57knze.googlevideo.com/as/fmp4_audio_clear%2Cfmp4_sd_hd_clear/hfr/1/mt/1502263532/itag/0/pl/16/ip/131.159.40.117/mm/31/mn/sn-4g57knze", "width": 320, "tbr": 249.472, "asr": null, "fps": 30, "language": null, "filesize": 4216990, "acodec": "none", "format": "133 - 320x240 (DASH video)", "protocol": "https", "http_headers": {"User-Agent": "Mozilla/5.0 (X11; Linux x86_64; rv:10.0) Gecko/20150101 Firefox/47.0 (Chrome)", "Accept-Charset": "ISO-8859-1,utf-8;q=0.7,*;q=0.7", "Accept": "text/html,application/xhtml+xml,application/xml;q=0.9,*/*;q=0.8", "Accept-Encoding": "gzip, deflate", "Accept-Language": "en-us,en;q=0.5"}}, {"format_id": "242", "url": "https://r13---sn-4g57knze.googlevideo.com/videoplayback?key=yt6&mime=video%2Fwebm&clen=3303788&dur=137.770&keepalive=yes&lmt=1427098861049998&sparams=clen%2Cdur%2Cei%2Cgir%2Cid%2Cinitcwndbps%2Cip%2Cipbits%2Citag%2Ckeepalive%2Clmt%2Cmime%2Cmm%2Cmn%2Cms%2Cmv%2Cpl%2Crequiressl%2Csource%2Cexpire&ipbits=0&requiressl=yes&initcwndbps=3722500&source=youtube&ei=PrmKWfD_CsXMWZf2u4gN&expire=1502285214&mn=sn-4g57knze&mm=31&ip=131.159.40.117&pl=16&itag=242&gir=yes&signature=CB720147405005C5C45181DB5DFAAEFB248068EA.1CC8D24358ADC5DAF13BD52E81133F322E64ED11&id=o-AMDYdb5Fvwpjn1y0mavpvYDRhYHJ7f8VPsjoHfcXcI1k&mv=m&mt=1502263532&ms=au&ratebypass=yes", "player_url": null, "ext": "webm", "height": 240, "format_note": "240p", "vcodec": "vp9", "filesize": 3303788, "tbr": 257.49, "width": 320, "fps": 30, "acodec": "none", "format": "242 - 320x240 (240p)", "protocol": "https", "http_headers": {"User-Agent": "Mozilla/5.0 (X11; Linux x86_64; rv:10.0) Gecko/20150101 Firefox/47.0 (Chrome)", "Accept-Charset": "ISO-8859-1,utf-8;q=0.7,*;q=0.7", "Accept": "text/html,application/xhtml+xml,application/xml;q=0.9,*/*;q=0.8", "Accept-Encoding": "gzip, deflate", "Accept-Language": "en-us,en;q=0.5"}}, {"format_id": "243", "url": "https://r13---sn-4g57knze.googlevideo.com/videoplayback?key=yt6&mime=video%2Fwebm&clen=5864457&dur=137.770&keepalive=yes&lmt=1427098818879081&sparams=clen%2Cdur%2Cei%2Cgir%2Cid%2Cinitcwndbps%2Cip%2Cipbits%2Citag%2Ckeepalive%2Clmt%2Cmime%2Cmm%2Cmn%2Cms%2Cmv%2Cpl%2Crequiressl%2Csource%2Cexpire&ipbits=0&requiressl=yes&initcwndbps=3722500&source=youtube&ei=PrmKWfD_CsXMWZf2u4gN&expire=1502285214&mn=sn-4g57knze&mm=31&ip=131.159.40.117&pl=16&itag=243&gir=yes&signature=5E01C416A73342B75FCA52B40963A596A613935B.527731BCA41DE62312AE1A89BE5A264DB6B9FA02&id=o-AMDYdb5Fvwpjn1y0mavpvYDRhYHJ7f8VPsjoHfcXcI1k&mv=m&mt=1502263532&ms=au&ratebypass=yes", "player_url": null, "ext": "webm", "height": 360, "format_note": "360p", "vcodec": "vp9", "filesize": 5864457, "tbr": 430.055, "width": 480, "fps": 30, "acodec": "none", "format": "243 - 480x360 (360p)", "protocol": "https", "http_headers": {"User-Agent": "Mozilla/5.0 (X11; Linux x86_64; rv:10.0) Gecko/20150101 Firefox/47.0 (Chrome)", "Accept-Charset": "ISO-8859-1,utf-8;q=0.7,*;q=0.7", "Accept": "text/html,application/xhtml+xml,application/xml;q=0.9,*/*;q=0.8", "Accept-Encoding": "gzip, deflate", "Accept-Language": "en-us,en;q=0.5"}}, {"ext": "mp4", "height": 360, "format_note": "DASH video", "vcodec": "avc1.4d401e", "format_id": "134", "url": "https://r13---sn-4g57knze.googlevideo.com/videoplayback?id=f1ae9cd42b31bf2e&itag=134&source=youtube&requiressl=yes&ei=PrmKWYjHLcTDWduXvYAO&ms=au&mv=m&initcwndbps=3722500&pl=16&mm=31&mn=sn-4g57knze&ratebypass=yes&mime=video/mp4&gir=yes&clen=5617370&lmt=1393130186495068&dur=137.772&signature=034DA153879510AC3E6375C977207B6680FA3D0B.442EB32F80649B78D3B7845F5BC3CDAD397A422D&key=dg_yt0&mt=1502263532&ip=131.159.40.117&ipbits=0&expire=1502285214&sparams=ip,ipbits,expire,id,itag,source,requiressl,ei,ms,mv,initcwndbps,pl,mm,mn,ratebypass,mime,gir,clen,lmt,dur", "manifest_url": "https://manifest.googlevideo.com/api/manifest/dash/ei/PrmKWYjHLcTDWduXvYAO/ms/au/source/youtube/expire/1502285214/mv/m/initcwndbps/3722500/id/f1ae9cd42b31bf2e/signature/452975389AA5CD8AC427B55DCD2A771338AD666F.3197ADADAF4DC20A5C4004E4479BF0E63104906B/sparams/as%2Cei%2Chfr%2Cid%2Cinitcwndbps%2Cip%2Cipbits%2Citag%2Cmm%2Cmn%2Cms%2Cmv%2Cpl%2Cplayback_host%2Crequiressl%2Csource%2Cexpire/requiressl/yes/key/yt6/ipbits/0/playback_host/r13---sn-4g57knze.googlevideo.com/as/fmp4_audio_clear%2Cfmp4_sd_hd_clear/hfr/1/mt/1502263532/itag/0/pl/16/ip/131.159.40.117/mm/31/mn/sn-4g57knze", "width": 480, "tbr": 605.426, "asr": null, "fps": 30, "language": null, "filesize": 5617370, "acodec": "none", "format": "134 - 480x360 (DASH video)", "protocol": "https", "http_headers": {"User-Agent": "Mozilla/5.0 (X11; Linux x86_64; rv:10.0) Gecko/20150101 Firefox/47.0 (Chrome)", "Accept-Charset": "ISO-8859-1,utf-8;q=0.7,*;q=0.7", "Accept": "text/html,application/xhtml+xml,application/xml;q=0.9,*/*;q=0.8", "Accept-Encoding": "gzip, deflate", "Accept-Language": "en-us,en;q=0.5"}}, {"format_id": "244", "url": "https://r13---sn-4g57knze.googlevideo.com/videoplayback?key=yt6&mime=video%2Fwebm&clen=10906837&dur=137.770&keepalive=yes&lmt=1427098888344686&sparams=clen%2Cdur%2Cei%2Cgir%2Cid%2Cinitcwndbps%2Cip%2Cipbits%2Citag%2Ckeepalive%2Clmt%2Cmime%2Cmm%2Cmn%2Cms%2Cmv%2Cpl%2Crequiressl%2Csource%2Cexpire&ipbits=0&requiressl=yes&initcwndbps=3722500&source=youtube&ei=PrmKWfD_CsXMWZf2u4gN&expire=1502285214&mn=sn-4g57knze&mm=31&ip=131.159.40.117&pl=16&itag=244&gir=yes&signature=2B968929AB0C1346B8B67802BCC9362C19F4B8D4.C08C97F5F68F2E36DB036915F4C12063F28FF0F6&id=o-AMDYdb5Fvwpjn1y0mavpvYDRhYHJ7f8VPsjoHfcXcI1k&mv=m&mt=1502263532&ms=au&ratebypass=yes", "player_url": null, "ext": "webm", "height": 480, "format_note": "480p", "vcodec": "vp9", "filesize": 10906837, "tbr": 812.844, "width": 640, "fps": 30, "acodec": "none", "format": "244 - 640x480 (480p)", "protocol": "https", "http_headers": {"User-Agent": "Mozilla/5.0 (X11; Linux x86_64; rv:10.0) Gecko/20150101 Firefox/47.0 (Chrome)", "Accept-Charset": "ISO-8859-1,utf-8;q=0.7,*;q=0.7", "Accept": "text/html,application/xhtml+xml,application/xml;q=0.9,*/*;q=0.8", "Accept-Encoding": "gzip, deflate", "Accept-Language": "en-us,en;q=0.5"}}, {"ext": "mp4", "height": 480, "format_note": "DASH video", "vcodec": "avc1.4d401e", "format_id": "135", "url": "https://r13---sn-4g57knze.googlevideo.com/videoplayback?id=f1ae9cd42b31bf2e&itag=135&source=youtube&requiressl=yes&ei=PrmKWYjHLcTDWduXvYAO&ms=au&mv=m&initcwndbps=3722500&pl=16&mm=31&mn=sn-4g57knze&ratebypass=yes&mime=video/mp4&gir=yes&clen=12520651&lmt=1393130220598225&dur=137.772&signature=421EB9109E80A1A8C50CB163B3224BC986129D4E.9C1435A37B8FCD540173519ACB4355CE5931CA83&key=dg_yt0&mt=1502263532&ip=131.159.40.117&ipbits=0&expire=1502285214&sparams=ip,ipbits,expire,id,itag,source,requiressl,ei,ms,mv,initcwndbps,pl,mm,mn,ratebypass,mime,gir,clen,lmt,dur", "manifest_url": "https://manifest.googlevideo.com/api/manifest/dash/ei/PrmKWYjHLcTDWduXvYAO/ms/au/source/youtube/expire/1502285214/mv/m/initcwndbps/3722500/id/f1ae9cd42b31bf2e/signature/452975389AA5CD8AC427B55DCD2A771338AD666F.3197ADADAF4DC20A5C4004E4479BF0E63104906B/sparams/as%2Cei%2Chfr%2Cid%2Cinitcwndbps%2Cip%2Cipbits%2Citag%2Cmm%2Cmn%2Cms%2Cmv%2Cpl%2Cplayback_host%2Crequiressl%2Csource%2Cexpire/requiressl/yes/key/yt6/ipbits/0/playback_host/r13---sn-4g57knze.googlevideo.com/as/fmp4_audio_clear%2Cfmp4_sd_hd_clear/hfr/1/mt/1502263532/itag/0/pl/16/ip/131.159.40.117/mm/31/mn/sn-4g57knze", "width": 640, "tbr": 1108.262, "asr": null, "fps": 30, "language": null, "filesize": 12520651, "acodec": "none", "format": "135 - 640x480 (DASH video)", "protocol": "https", "http_headers": {"User-Agent": "Mozilla/5.0 (X11; Linux x86_64; rv:10.0) Gecko/20150101 Firefox/47.0 (Chrome)", "Accept-Charset": "ISO-8859-1,utf-8;q=0.7,*;q=0.7", "Accept": "text/html,application/xhtml+xml,application/xml;q=0.9,*/*;q=0.8", "Accept-Encoding": "gzip, deflate", "Accept-Language": "en-us,en;q=0.5"}}, {"format_id": "17", "url": "https://r13---sn-4g57knze.googlevideo.com/videoplayback?key=yt6&mime=video%2F3gpp&clen=1406853&dur=138.158&lmt=1393130218262286&sparams=clen%2Cdur%2Cei%2Cgir%2Cid%2Cinitcwndbps%2Cip%2Cipbits%2Citag%2Clmt%2Cmime%2Cmm%2Cmn%2Cms%2Cmv%2Cpl%2Crequiressl%2Csource%2Cexpire&ipbits=0&requiressl=yes&initcwndbps=3722500&source=youtube&ei=PrmKWfD_CsXMWZf2u4gN&expire=1502285214&mn=sn-4g57knze&mm=31&ip=131.159.40.117&pl=16&itag=17&gir=yes&signature=B92FDFF913F02963DE944DC877828A58D412E107.31F2469C7AEFC9FFD8642400BD400A3C8F79A0E9&id=o-AMDYdb5Fvwpjn1y0mavpvYDRhYHJ7f8VPsjoHfcXcI1k&mv=m&mt=1502263532&ms=au&ratebypass=yes", "player_url": null, "ext": "3gp", "width": 176, "height": 144, "acodec": "mp4a.40.2", "abr": 24, "vcodec": "mp4v.20.3", "resolution": "176x144", "format_note": "small", "format": "17 - 176x144 (small)", "protocol": "https", "http_headers": {"User-Agent": "Mozilla/5.0 (X11; Linux x86_64; rv:10.0) Gecko/20150101 Firefox/47.0 (Chrome)", "Accept-Charset": "ISO-8859-1,utf-8;q=0.7,*;q=0.7", "Accept": "text/html,application/xhtml+xml,application/xml;q=0.9,*/*;q=0.8", "Accept-Encoding": "gzip, deflate", "Accept-Language": "en-us,en;q=0.5"}}, {"format_id": "36", "url": "https://r13---sn-4g57knze.googlevideo.com/videoplayback?key=yt6&mime=video%2F3gpp&clen=3921093&dur=138.019&lmt=1427064205889229&sparams=clen%2Cdur%2Cei%2Cgir%2Cid%2Cinitcwndbps%2Cip%2Cipbits%2Citag%2Clmt%2Cmime%2Cmm%2Cmn%2Cms%2Cmv%2Cpl%2Crequiressl%2Csource%2Cexpire&ipbits=0&requiressl=yes&initcwndbps=3722500&source=youtube&ei=PrmKWfD_CsXMWZf2u4gN&expire=1502285214&mn=sn-4g57knze&mm=31&ip=131.159.40.117&pl=16&itag=36&gir=yes&signature=A657CEF4D88575BDC1F5FCD2D3A6BF355F6B62F2.569EF4625E215A8618B81D61FEEBC91D2719D7ED&id=o-AMDYdb5Fvwpjn1y0mavpvYDRhYHJ7f8VPsjoHfcXcI1k&mv=m&mt=1502263532&ms=au&ratebypass=yes", "player_url": null, "ext": "3gp", "width": 320, "acodec": "mp4a.40.2", "vcodec": "mp4v.20.3", "resolution": "320x240", "height": 240, "format_note": "small", "format": "36 - 320x240 (small)", "protocol": "https", "http_headers": {"User-Agent": "Mozilla/5.0 (X11; Linux x86_64; rv:10.0) Gecko/20150101 Firefox/47.0 (Chrome)", "Accept-Charset": "ISO-8859-1,utf-8;q=0.7,*;q=0.7", "Accept": "text/html,application/xhtml+xml,application/xml;q=0.9,*/*;q=0.8", "Accept-Encoding": "gzip, deflate", "Accept-Language": "en-us,en;q=0.5"}}, {"format_id": "18", "url": "https://r13---sn-4g57knze.googlevideo.com/videoplayback?key=yt6&mime=video%2Fmp4&clen=10132246&dur=137.856&ratebypass=yes&lmt=1393130239025636&sparams=clen%2Cdur%2Cei%2Cgir%2Cid%2Cinitcwndbps%2Cip%2Cipbits%2Citag%2Clmt%2Cmime%2Cmm%2Cmn%2Cms%2Cmv%2Cpl%2Cratebypass%2Crequiressl%2Csource%2Cexpire&ipbits=0&requiressl=yes&initcwndbps=3722500&source=youtube&ei=PrmKWfD_CsXMWZf2u4gN&expire=1502285214&mn=sn-4g57knze&mm=31&ip=131.159.40.117&pl=16&itag=18&gir=yes&signature=818B9E783A0AAD7BD5AC33E920D8363345B276E0.2089EA60A0C2D7AED32E89F91C1DF7074441A56B&id=o-AMDYdb5Fvwpjn1y0mavpvYDRhYHJ7f8VPsjoHfcXcI1k&mv=m&mt=1502263532&ms=au", "player_url": null, "ext": "mp4", "width": 480, "height": 360, "acodec": "mp4a.40.2", "abr": 96, "vcodec": "avc1.42001E", "resolution": "480x360", "format_note": "medium", "format": "18 - 480x360 (medium)", "protocol": "https", "http_headers": {"User-Agent": "Mozilla/5.0 (X11; Linux x86_64; rv:10.0) Gecko/20150101 Firefox/47.0 (Chrome)", "Accept-Charset": "ISO-8859-1,utf-8;q=0.7,*;q=0.7", "Accept": "text/html,application/xhtml+xml,application/xml;q=0.9,*/*;q=0.8", "Accept-Encoding": "gzip, deflate", "Accept-Language": "en-us,en;q=0.5"}}, {"format_id": "43", "url": "https://r13---sn-4g57knze.googlevideo.com/videoplayback?key=yt6&mime=video%2Fwebm&clen=16075246&dur=0.000&ratebypass=yes&lmt=1306384980485090&sparams=clen%2Cdur%2Cei%2Cgir%2Cid%2Cinitcwndbps%2Cip%2Cipbits%2Citag%2Clmt%2Cmime%2Cmm%2Cmn%2Cms%2Cmv%2Cpl%2Cratebypass%2Crequiressl%2Csource%2Cexpire&ipbits=0&requiressl=yes&initcwndbps=3722500&source=youtube&ei=PrmKWfD_CsXMWZf2u4gN&expire=1502285214&mn=sn-4g57knze&mm=31&ip=131.159.40.117&pl=16&itag=43&gir=yes&signature=E252354B6B82B7461B4A348ECD6A9010075ECE48.4C9D5DDE6A4EAAA2FC99B378C4AF6BF21A770A68&id=o-AMDYdb5Fvwpjn1y0mavpvYDRhYHJ7f8VPsjoHfcXcI1k&mv=m&mt=1502263532&ms=au", "player_url": null, "ext": "webm", "width": 640, "height": 360, "acodec": "vorbis", "abr": 128, "vcodec": "vp8.0", "resolution": "640x360", "format_note": "medium", "format": "43 - 640x360 (medium)", "protocol": "https", "http_headers": {"User-Agent": "Mozilla/5.0 (X11; Linux x86_64; rv:10.0) Gecko/20150101 Firefox/47.0 (Chrome)", "Accept-Charset": "ISO-8859-1,utf-8;q=0.7,*;q=0.7", "Accept": "text/html,application/xhtml+xml,application/xml;q=0.9,*/*;q=0.8", "Accept-Encoding": "gzip, deflate", "Accept-Language": "en-us,en;q=0.5"}}], "is_live": null, "start_time": null, "end_time": null, "series": null, "season_number": null, "episode_number": null, "extractor": "youtube", "webpage_url_basename": "8a6c1Csxvy4", "extractor_key": "Youtube", "playlist": null, "playlist_index": null, "thumbnails": [{"url": "https://i.ytimg.com/vi/8a6c1Csxvy4/hqdefault.jpg", "id": "0"}], "display_id": "8a6c1Csxvy4", "ext": "mp4", "height": 480, "format_note": "DASH video", "vcodec": "avc1.4d401e", "format_id": "135", "url": "https://r13---sn-4g57knze.googlevideo.com/videoplayback?id=f1ae9cd42b31bf2e&itag=135&source=youtube&requiressl=yes&ei=PrmKWYjHLcTDWduXvYAO&ms=au&mv=m&initcwndbps=3722500&pl=16&mm=31&mn=sn-4g57knze&ratebypass=yes&mime=video/mp4&gir=yes&clen=12520651&lmt=1393130220598225&dur=137.772&signature=421EB9109E80A1A8C50CB163B3224BC986129D4E.9C1435A37B8FCD540173519ACB4355CE5931CA83&key=dg_yt0&mt=1502263532&ip=131.159.40.117&ipbits=0&expire=1502285214&sparams=ip,ipbits,expire,id,itag,source,requiressl,ei,ms,mv,initcwndbps,pl,mm,mn,ratebypass,mime,gir,clen,lmt,dur", "manifest_url": "https://manifest.googlevideo.com/api/manifest/dash/ei/PrmKWYjHLcTDWduXvYAO/ms/au/source/youtube/expire/1502285214/mv/m/initcwndbps/3722500/id/f1ae9cd42b31bf2e/signature/452975389AA5CD8AC427B55DCD2A771338AD666F.3197ADADAF4DC20A5C4004E4479BF0E63104906B/sparams/as%2Cei%2Chfr%2Cid%2Cinitcwndbps%2Cip%2Cipbits%2Citag%2Cmm%2Cmn%2Cms%2Cmv%2Cpl%2Cplayback_host%2Crequiressl%2Csource%2Cexpire/requiressl/yes/key/yt6/ipbits/0/playback_host/r13---sn-4g57knze.googlevideo.com/as/fmp4_audio_clear%2Cfmp4_sd_hd_clear/hfr/1/mt/1502263532/itag/0/pl/16/ip/131.159.40.117/mm/31/mn/sn-4g57knze", "width": 640, "tbr": 1108.262, "asr": null, "fps": 30, "language": null, "filesize": 12520651, "acodec": "none", "format": "135 - 640x480 (DASH video)", "protocol": "https", "http_headers": {"User-Agent": "Mozilla/5.0 (X11; Linux x86_64; rv:10.0) Gecko/20150101 Firefox/47.0 (Chrome)", "Accept-Charset": "ISO-8859-1,utf-8;q=0.7,*;q=0.7", "Accept": "text/html,application/xhtml+xml,application/xml;q=0.9,*/*;q=0.8", "Accept-Encoding": "gzip, deflate", "Accept-Language": "en-us,en;q=0.5"}, "fulltitle": "Eduardo Bechara Navratilova  y Eduardo Bechara Baracat  en Citytv", "_filename": "8a6c1Csxvy4.mp4"}