{"id": "LSbqFFI5umQ", "uploader": "CNET", "uploader_id": "CNETTV", "uploader_url": "http://www.youtube.com/user/CNETTV", "upload_date": "20121207", "license": "Standard YouTube License", "creator": null, "title": "CNET Update - YouTube gets channel-surfing makeover", "alt_title": null, "thumbnail": "https://i.ytimg.com/vi/LSbqFFI5umQ/maxresdefault.jpg", "description": "http://cnet.co/VQQThC\nYouTube wants to be more like television, Foursquare adds events and Delta gets sued for its app.", "categories": ["News"], "tags": ["electronics", "California", "GameStop", "YouTube", "Kindle", "Fire", "Bridget", "flight", "Carey", "Washington", "on", "Foursquare", "news", "events", "Delta", "Update", "tech", "CNET", "redesign", "Post", "cbsepisode"], "subtitles": {}, "automatic_captions": {}, "duration": 172, "age_limit": 0, "annotations": null, "chapters": null, "webpage_url": "https://www.youtube.com/watch?v=LSbqFFI5umQ", "view_count": 13350, "like_count": 370, "dislike_count": 15, "average_rating": 4.84415578842, "formats": [{"ext": "m4a", "format_note": "DASH audio", "acodec": "mp4a.40.5", "abr": 48, "container": "m4a_dash", "format_id": "139", "url": "https://r5---sn-4g5ednls.googlevideo.com/videoplayback?id=2d26ea145239ba64&itag=139&source=youtube&requiressl=yes&mn=sn-4g5ednls&mm=31&mv=m&pl=16&ms=au&ei=QbiJWdehKMHrV5HEseAI&initcwndbps=4176250&ratebypass=yes&mime=audio/mp4&gir=yes&clen=1021128&lmt=1389270314435963&dur=171.595&signature=7E06E9689265B88356D3C4375510B6A20715FD20.9617169D955A80A68868AFD311770D28B7C985FA&key=dg_yt0&mt=1502197744&ip=131.159.40.117&ipbits=0&expire=1502219425&sparams=ip,ipbits,expire,id,itag,source,requiressl,mn,mm,mv,pl,ms,ei,initcwndbps,ratebypass,mime,gir,clen,lmt,dur", "manifest_url": "https://manifest.googlevideo.com/api/manifest/dash/ipbits/0/mn/sn-4g5ednls/signature/C428E9E55EF683BF6DF0159D2970A29E25833718.BB89DE7299C6FF2CD9ADF22720E0555678F43B26/hfr/1/mm/31/requiressl/yes/mv/m/sparams/as%2Cei%2Chfr%2Cid%2Cinitcwndbps%2Cip%2Cipbits%2Citag%2Cmm%2Cmn%2Cms%2Cmv%2Cpl%2Cplayback_host%2Crequiressl%2Csource%2Cexpire/ip/131.159.40.117/key/yt6/expire/1502219425/pl/16/source/youtube/playback_host/r5---sn-4g5ednls.googlevideo.com/ms/au/id/2d26ea145239ba64/ei/QbiJWdehKMHrV5HEseAI/itag/0/initcwndbps/4176250/mt/1502197744/as/fmp4_audio_clear%2Cfmp4_sd_hd_clear", "width": null, "height": null, "tbr": 48.304, "asr": 22050, "fps": null, "language": null, "filesize": 1021128, "vcodec": "none", "format": "139 - audio only (DASH audio)", "protocol": "https", "http_headers": {"User-Agent": "Mozilla/5.0 (X11; Linux x86_64; rv:10.0) Gecko/20150101 Firefox/47.0 (Chrome)", "Accept-Charset": "ISO-8859-1,utf-8;q=0.7,*;q=0.7", "Accept": "text/html,application/xhtml+xml,application/xml;q=0.9,*/*;q=0.8", "Accept-Encoding": "gzip, deflate", "Accept-Language": "en-us,en;q=0.5"}}, {"ext": "m4a", "format_note": "DASH audio", "acodec": "mp4a.40.2", "abr": 128, "container": "m4a_dash", "format_id": "140", "url": "https://r5---sn-4g5ednls.googlevideo.com/videoplayback?id=2d26ea145239ba64&itag=140&source=youtube&requiressl=yes&mn=sn-4g5ednls&mm=31&mv=m&pl=16&ms=au&ei=QbiJWdehKMHrV5HEseAI&initcwndbps=4176250&ratebypass=yes&mime=audio/mp4&gir=yes&clen=2038788&lmt=1389270313880456&dur=171.525&signature=484DC28B1D75714C3B60231CEE422CD007BC983A.45741D5D111BCE20AAC240BEE83FA5E2C4DBFA71&key=dg_yt0&mt=1502197744&ip=131.159.40.117&ipbits=0&expire=1502219425&sparams=ip,ipbits,expire,id,itag,source,requiressl,mn,mm,mv,pl,ms,ei,initcwndbps,ratebypass,mime,gir,clen,lmt,dur", "manifest_url": "https://manifest.googlevideo.com/api/manifest/dash/ipbits/0/mn/sn-4g5ednls/signature/C428E9E55EF683BF6DF0159D2970A29E25833718.BB89DE7299C6FF2CD9ADF22720E0555678F43B26/hfr/1/mm/31/requiressl/yes/mv/m/sparams/as%2Cei%2Chfr%2Cid%2Cinitcwndbps%2Cip%2Cipbits%2Citag%2Cmm%2Cmn%2Cms%2Cmv%2Cpl%2Cplayback_host%2Crequiressl%2Csource%2Cexpire/ip/131.159.40.117/key/yt6/expire/1502219425/pl/16/source/youtube/playback_host/r5---sn-4g5ednls.googlevideo.com/ms/au/id/2d26ea145239ba64/ei/QbiJWdehKMHrV5HEseAI/itag/0/initcwndbps/4176250/mt/1502197744/as/fmp4_audio_clear%2Cfmp4_sd_hd_clear", "width": null, "height": null, "tbr": 95.844, "asr": 44100, "fps": null, "language": null, "filesize": 2038788, "vcodec": "none", "format": "140 - audio only (DASH audio)", "protocol": "https", "http_headers": {"User-Agent": "Mozilla/5.0 (X11; Linux x86_64; rv:10.0) Gecko/20150101 Firefox/47.0 (Chrome)", "Accept-Charset": "ISO-8859-1,utf-8;q=0.7,*;q=0.7", "Accept": "text/html,application/xhtml+xml,application/xml;q=0.9,*/*;q=0.8", "Accept-Encoding": "gzip, deflate", "Accept-Language": "en-us,en;q=0.5"}}, {"ext": "mp4", "height": 144, "format_note": "DASH video", "vcodec": "avc1.4d400c", "format_id": "160", "url": "https://r5---sn-4g5ednls.googlevideo.com/videoplayback?id=2d26ea145239ba64&itag=160&source=youtube&requiressl=yes&mn=sn-4g5ednls&mm=31&mv=m&pl=16&ms=au&ei=QbiJWdehKMHrV5HEseAI&initcwndbps=4176250&ratebypass=yes&mime=video/mp4&gir=yes&clen=2276133&lmt=1389270326253102&dur=171.400&signature=0790331FD72CA746EC26B751EC3C0C7DC8213D8D.8F3DE421E80BA7FD8F6BADBA80006AD8BE9C3AE6&key=dg_yt0&mt=1502197744&ip=131.159.40.117&ipbits=0&expire=1502219425&sparams=ip,ipbits,expire,id,itag,source,requiressl,mn,mm,mv,pl,ms,ei,initcwndbps,ratebypass,mime,gir,clen,lmt,dur", "manifest_url": "https://manifest.googlevideo.com/api/manifest/dash/ipbits/0/mn/sn-4g5ednls/signature/C428E9E55EF683BF6DF0159D2970A29E25833718.BB89DE7299C6FF2CD9ADF22720E0555678F43B26/hfr/1/mm/31/requiressl/yes/mv/m/sparams/as%2Cei%2Chfr%2Cid%2Cinitcwndbps%2Cip%2Cipbits%2Citag%2Cmm%2Cmn%2Cms%2Cmv%2Cpl%2Cplayback_host%2Crequiressl%2Csource%2Cexpire/ip/131.159.40.117/key/yt6/expire/1502219425/pl/16/source/youtube/playback_host/r5---sn-4g5ednls.googlevideo.com/ms/au/id/2d26ea145239ba64/ei/QbiJWdehKMHrV5HEseAI/itag/0/initcwndbps/4176250/mt/1502197744/as/fmp4_audio_clear%2Cfmp4_sd_hd_clear", "width": 256, "tbr": 121.091, "asr": null, "fps": 15, "language": null, "filesize": 2276133, "acodec": "none", "format": "160 - 256x144 (DASH video)", "protocol": "https", "http_headers": {"User-Agent": "Mozilla/5.0 (X11; Linux x86_64; rv:10.0) Gecko/20150101 Firefox/47.0 (Chrome)", "Accept-Charset": "ISO-8859-1,utf-8;q=0.7,*;q=0.7", "Accept": "text/html,application/xhtml+xml,application/xml;q=0.9,*/*;q=0.8", "Accept-Encoding": "gzip, deflate", "Accept-Language": "en-us,en;q=0.5"}}, {"ext": "mp4", "height": 240, "format_note": "DASH video", "vcodec": "avc1.4d4015", "format_id": "133", "url": "https://r5---sn-4g5ednls.googlevideo.com/videoplayback?id=2d26ea145239ba64&itag=133&source=youtube&requiressl=yes&mn=sn-4g5ednls&mm=31&mv=m&pl=16&ms=au&ei=QbiJWdehKMHrV5HEseAI&initcwndbps=4176250&ratebypass=yes&mime=video/mp4&gir=yes&clen=5238324&lmt=1389270326507014&dur=171.400&signature=7F61C9C409D5D97AFD173F572558DD66BEC440E2.88B0DEFBCF0927B4381FF527832A5D3DB47A5C6E&key=dg_yt0&mt=1502197744&ip=131.159.40.117&ipbits=0&expire=1502219425&sparams=ip,ipbits,expire,id,itag,source,requiressl,mn,mm,mv,pl,ms,ei,initcwndbps,ratebypass,mime,gir,clen,lmt,dur", "manifest_url": "https://manifest.googlevideo.com/api/manifest/dash/ipbits/0/mn/sn-4g5ednls/signature/C428E9E55EF683BF6DF0159D2970A29E25833718.BB89DE7299C6FF2CD9ADF22720E0555678F43B26/hfr/1/mm/31/requiressl/yes/mv/m/sparams/as%2Cei%2Chfr%2Cid%2Cinitcwndbps%2Cip%2Cipbits%2Citag%2Cmm%2Cmn%2Cms%2Cmv%2Cpl%2Cplayback_host%2Crequiressl%2Csource%2Cexpire/ip/131.159.40.117/key/yt6/expire/1502219425/pl/16/source/youtube/playback_host/r5---sn-4g5ednls.googlevideo.com/ms/au/id/2d26ea145239ba64/ei/QbiJWdehKMHrV5HEseAI/itag/0/initcwndbps/4176250/mt/1502197744/as/fmp4_audio_clear%2Cfmp4_sd_hd_clear", "width": 426, "tbr": 252.451, "asr": null, "fps": 30, "language": null, "filesize": 5238324, "acodec": "none", "format": "133 - 426x240 (DASH video)", "protocol": "https", "http_headers": {"User-Agent": "Mozilla/5.0 (X11; Linux x86_64; rv:10.0) Gecko/20150101 Firefox/47.0 (Chrome)", "Accept-Charset": "ISO-8859-1,utf-8;q=0.7,*;q=0.7", "Accept": "text/html,application/xhtml+xml,application/xml;q=0.9,*/*;q=0.8", "Accept-Encoding": "gzip, deflate", "Accept-Language": "en-us,en;q=0.5"}}, {"ext": "mp4", "height": 360, "format_note": "DASH video", "vcodec": "avc1.4d401e", "format_id": "134", "url": "https://r5---sn-4g5ednls.googlevideo.com/videoplayback?id=2d26ea145239ba64&itag=134&source=youtube&requiressl=yes&mn=sn-4g5ednls&mm=31&mv=m&pl=16&ms=au&ei=QbiJWdehKMHrV5HEseAI&initcwndbps=4176250&ratebypass=yes&mime=video/mp4&gir=yes&clen=5257770&lmt=1389270342583303&dur=171.400&signature=6631A76FFE8E134670F926CDA8FE0CBC255F360B.5155C5254C7A59463C51598D149E8F7E76ED9050&key=dg_yt0&mt=1502197744&ip=131.159.40.117&ipbits=0&expire=1502219425&sparams=ip,ipbits,expire,id,itag,source,requiressl,mn,mm,mv,pl,ms,ei,initcwndbps,ratebypass,mime,gir,clen,lmt,dur", "manifest_url": "https://manifest.googlevideo.com/api/manifest/dash/ipbits/0/mn/sn-4g5ednls/signature/C428E9E55EF683BF6DF0159D2970A29E25833718.BB89DE7299C6FF2CD9ADF22720E0555678F43B26/hfr/1/mm/31/requiressl/yes/mv/m/sparams/as%2Cei%2Chfr%2Cid%2Cinitcwndbps%2Cip%2Cipbits%2Citag%2Cmm%2Cmn%2Cms%2Cmv%2Cpl%2Cplayback_host%2Crequiressl%2Csource%2Cexpire/ip/131.159.40.117/key/yt6/expire/1502219425/pl/16/source/youtube/playback_host/r5---sn-4g5ednls.googlevideo.com/ms/au/id/2d26ea145239ba64/ei/QbiJWdehKMHrV5HEseAI/itag/0/initcwndbps/4176250/mt/1502197744/as/fmp4_audio_clear%2Cfmp4_sd_hd_clear", "width": 640, "tbr": 402.574, "asr": null, "fps": 30, "language": null, "filesize": 5257770, "acodec": "none", "format": "134 - 640x360 (DASH video)", "protocol": "https", "http_headers": {"User-Agent": "Mozilla/5.0 (X11; Linux x86_64; rv:10.0) Gecko/20150101 Firefox/47.0 (Chrome)", "Accept-Charset": "ISO-8859-1,utf-8;q=0.7,*;q=0.7", "Accept": "text/html,application/xhtml+xml,application/xml;q=0.9,*/*;q=0.8", "Accept-Encoding": "gzip, deflate", "Accept-Language": "en-us,en;q=0.5"}}, {"ext": "mp4", "height": 480, "format_note": "DASH video", "vcodec": "avc1.4d401f", "format_id": "135", "url": "https://r5---sn-4g5ednls.googlevideo.com/videoplayback?id=2d26ea145239ba64&itag=135&source=youtube&requiressl=yes&mn=sn-4g5ednls&mm=31&mv=m&pl=16&ms=au&ei=QbiJWdehKMHrV5HEseAI&initcwndbps=4176250&ratebypass=yes&mime=video/mp4&gir=yes&clen=11216955&lmt=1389270342509935&dur=171.400&signature=7EA2A7B797BEA52F4D43BCAD4DEC0C00B8A50A82.45E59E131BC125EF67076356F86A7D0C9D81A49D&key=dg_yt0&mt=1502197744&ip=131.159.40.117&ipbits=0&expire=1502219425&sparams=ip,ipbits,expire,id,itag,source,requiressl,mn,mm,mv,pl,ms,ei,initcwndbps,ratebypass,mime,gir,clen,lmt,dur", "manifest_url": "https://manifest.googlevideo.com/api/manifest/dash/ipbits/0/mn/sn-4g5ednls/signature/C428E9E55EF683BF6DF0159D2970A29E25833718.BB89DE7299C6FF2CD9ADF22720E0555678F43B26/hfr/1/mm/31/requiressl/yes/mv/m/sparams/as%2Cei%2Chfr%2Cid%2Cinitcwndbps%2Cip%2Cipbits%2Citag%2Cmm%2Cmn%2Cms%2Cmv%2Cpl%2Cplayback_host%2Crequiressl%2Csource%2Cexpire/ip/131.159.40.117/key/yt6/expire/1502219425/pl/16/source/youtube/playback_host/r5---sn-4g5ednls.googlevideo.com/ms/au/id/2d26ea145239ba64/ei/QbiJWdehKMHrV5HEseAI/itag/0/initcwndbps/4176250/mt/1502197744/as/fmp4_audio_clear%2Cfmp4_sd_hd_clear", "width": 854, "tbr": 727.27, "asr": null, "fps": 30, "language": null, "filesize": 11216955, "acodec": "none", "format": "135 - 854x480 (DASH video)", "protocol": "https", "http_headers": {"User-Agent": "Mozilla/5.0 (X11; Linux x86_64; rv:10.0) Gecko/20150101 Firefox/47.0 (Chrome)", "Accept-Charset": "ISO-8859-1,utf-8;q=0.7,*;q=0.7", "Accept": "text/html,application/xhtml+xml,application/xml;q=0.9,*/*;q=0.8", "Accept-Encoding": "gzip, deflate", "Accept-Language": "en-us,en;q=0.5"}}, {"ext": "mp4", "height": 720, "format_note": "DASH video", "vcodec": "avc1.4d401f", "format_id": "136", "url": "https://r5---sn-4g5ednls.googlevideo.com/videoplayback?id=2d26ea145239ba64&itag=136&source=youtube&requiressl=yes&mn=sn-4g5ednls&mm=31&mv=m&pl=16&ms=au&ei=QbiJWdehKMHrV5HEseAI&initcwndbps=4176250&ratebypass=yes&mime=video/mp4&gir=yes&clen=22081941&lmt=1389270382380865&dur=171.400&signature=303B2FF65912EA7B8760C8425828DD0FBEF97654.8B3B8F8A425749525B78FF0E4C03E49B2F623522&key=dg_yt0&mt=1502197744&ip=131.159.40.117&ipbits=0&expire=1502219425&sparams=ip,ipbits,expire,id,itag,source,requiressl,mn,mm,mv,pl,ms,ei,initcwndbps,ratebypass,mime,gir,clen,lmt,dur", "manifest_url": "https://manifest.googlevideo.com/api/manifest/dash/ipbits/0/mn/sn-4g5ednls/signature/C428E9E55EF683BF6DF0159D2970A29E25833718.BB89DE7299C6FF2CD9ADF22720E0555678F43B26/hfr/1/mm/31/requiressl/yes/mv/m/sparams/as%2Cei%2Chfr%2Cid%2Cinitcwndbps%2Cip%2Cipbits%2Citag%2Cmm%2Cmn%2Cms%2Cmv%2Cpl%2Cplayback_host%2Crequiressl%2Csource%2Cexpire/ip/131.159.40.117/key/yt6/expire/1502219425/pl/16/source/youtube/playback_host/r5---sn-4g5ednls.googlevideo.com/ms/au/id/2d26ea145239ba64/ei/QbiJWdehKMHrV5HEseAI/itag/0/initcwndbps/4176250/mt/1502197744/as/fmp4_audio_clear%2Cfmp4_sd_hd_clear", "width": 1280, "tbr": 1568.94, "asr": null, "fps": 30, "language": null, "filesize": 22081941, "acodec": "none", "format": "136 - 1280x720 (DASH video)", "protocol": "https", "http_headers": {"User-Agent": "Mozilla/5.0 (X11; Linux x86_64; rv:10.0) Gecko/20150101 Firefox/47.0 (Chrome)", "Accept-Charset": "ISO-8859-1,utf-8;q=0.7,*;q=0.7", "Accept": "text/html,application/xhtml+xml,application/xml;q=0.9,*/*;q=0.8", "Accept-Encoding": "gzip, deflate", "Accept-Language": "en-us,en;q=0.5"}}, {"format_id": "17", "url": "https://r9---sn-4g57knz7.googlevideo.com/videoplayback?initcwndbps=4176250&requiressl=yes&signature=93A8E607E307D32868A51E2BE2D39A0EBACD70AE.128F86397B7D97F0A56D5D589784F8401D47A8FD&pl=16&ipbits=0&ip=131.159.40.117&key=yt6&id=o-AFAMoZfq5-tn6kA7LtuS1XYP-ohr-imaRJksDSbuGdka&ei=QbiJWfOlBcGdVIjoqdgP&dur=171.827&mn=sn-4g57knz7&mm=31&gir=yes&clen=1754853&lmt=1389270357516240&ms=au&mv=m&mt=1502197744&source=youtube&mime=video%2F3gpp&expire=1502219425&itag=17&sparams=clen%2Cdur%2Cei%2Cgir%2Cid%2Cinitcwndbps%2Cip%2Cipbits%2Citag%2Clmt%2Cmime%2Cmm%2Cmn%2Cms%2Cmv%2Cpl%2Crequiressl%2Csource%2Cexpire&ratebypass=yes", "player_url": null, "ext": "3gp", "width": 176, "height": 144, "acodec": "mp4a.40.2", "abr": 24, "vcodec": "mp4v.20.3", "resolution": "176x144", "format_note": "small", "format": "17 - 176x144 (small)", "protocol": "https", "http_headers": {"User-Agent": "Mozilla/5.0 (X11; Linux x86_64; rv:10.0) Gecko/20150101 Firefox/47.0 (Chrome)", "Accept-Charset": "ISO-8859-1,utf-8;q=0.7,*;q=0.7", "Accept": "text/html,application/xhtml+xml,application/xml;q=0.9,*/*;q=0.8", "Accept-Encoding": "gzip, deflate", "Accept-Language": "en-us,en;q=0.5"}}, {"format_id": "36", "url": "https://r9---sn-4g57knz7.googlevideo.com/videoplayback?initcwndbps=4176250&requiressl=yes&signature=C1834CC12AA33D7B87D0CFE8A68D7DDE772BA448.162429A8C16484380E3788CC4573998BA10CA4D7&pl=16&ipbits=0&ip=131.159.40.117&key=yt6&id=o-AFAMoZfq5-tn6kA7LtuS1XYP-ohr-imaRJksDSbuGdka&ei=QbiJWfOlBcGdVIjoqdgP&dur=171.641&mn=sn-4g57knz7&mm=31&gir=yes&clen=4835598&lmt=1389270396643635&ms=au&mv=m&mt=1502197744&source=youtube&mime=video%2F3gpp&expire=1502219425&itag=36&sparams=clen%2Cdur%2Cei%2Cgir%2Cid%2Cinitcwndbps%2Cip%2Cipbits%2Citag%2Clmt%2Cmime%2Cmm%2Cmn%2Cms%2Cmv%2Cpl%2Crequiressl%2Csource%2Cexpire&ratebypass=yes", "player_url": null, "ext": "3gp", "width": 320, "acodec": "mp4a.40.2", "vcodec": "mp4v.20.3", "resolution": "320x180", "height": 180, "format_note": "small", "format": "36 - 320x180 (small)", "protocol": "https", "http_headers": {"User-Agent": "Mozilla/5.0 (X11; Linux x86_64; rv:10.0) Gecko/20150101 Firefox/47.0 (Chrome)", "Accept-Charset": "ISO-8859-1,utf-8;q=0.7,*;q=0.7", "Accept": "text/html,application/xhtml+xml,application/xml;q=0.9,*/*;q=0.8", "Accept-Encoding": "gzip, deflate", "Accept-Language": "en-us,en;q=0.5"}}, {"format_id": "43", "url": "https://r9---sn-4g57knz7.googlevideo.com/videoplayback?ratebypass=yes&initcwndbps=4176250&requiressl=yes&signature=0830388F6CC543266D4FACC361C463BDC84DA093.612F6BDC895FFC361238046084765465DD75803D&pl=16&ipbits=0&ip=131.159.40.117&key=yt6&id=o-AFAMoZfq5-tn6kA7LtuS1XYP-ohr-imaRJksDSbuGdka&ei=QbiJWfOlBcGdVIjoqdgP&dur=0.000&mn=sn-4g57knz7&mm=31&gir=yes&clen=10616796&lmt=1355085121447987&ms=au&mv=m&mt=1502197744&source=youtube&mime=video%2Fwebm&expire=1502219425&itag=43&sparams=clen%2Cdur%2Cei%2Cgir%2Cid%2Cinitcwndbps%2Cip%2Cipbits%2Citag%2Clmt%2Cmime%2Cmm%2Cmn%2Cms%2Cmv%2Cpl%2Cratebypass%2Crequiressl%2Csource%2Cexpire", "player_url": null, "ext": "webm", "width": 640, "height": 360, "acodec": "vorbis", "abr": 128, "vcodec": "vp8.0", "resolution": "640x360", "format_note": "medium", "format": "43 - 640x360 (medium)", "protocol": "https", "http_headers": {"User-Agent": "Mozilla/5.0 (X11; Linux x86_64; rv:10.0) Gecko/20150101 Firefox/47.0 (Chrome)", "Accept-Charset": "ISO-8859-1,utf-8;q=0.7,*;q=0.7", "Accept": "text/html,application/xhtml+xml,application/xml;q=0.9,*/*;q=0.8", "Accept-Encoding": "gzip, deflate", "Accept-Language": "en-us,en;q=0.5"}}, {"format_id": "18", "url": "https://r9---sn-4g57knz7.googlevideo.com/videoplayback?ratebypass=yes&initcwndbps=4176250&requiressl=yes&signature=15E2AB9A067BEBFDAF4784E1DD67A232A3B4A415.BA3C433556E6BE4A9749301D6E5862CFC068A2FA&pl=16&ipbits=0&ip=131.159.40.117&key=yt6&id=o-AFAMoZfq5-tn6kA7LtuS1XYP-ohr-imaRJksDSbuGdka&ei=QbiJWfOlBcGdVIjoqdgP&dur=171.525&mn=sn-4g57knz7&mm=31&gir=yes&clen=8522194&lmt=1389270346515546&ms=au&mv=m&mt=1502197744&source=youtube&mime=video%2Fmp4&expire=1502219425&itag=18&sparams=clen%2Cdur%2Cei%2Cgir%2Cid%2Cinitcwndbps%2Cip%2Cipbits%2Citag%2Clmt%2Cmime%2Cmm%2Cmn%2Cms%2Cmv%2Cpl%2Cratebypass%2Crequiressl%2Csource%2Cexpire", "player_url": null, "ext": "mp4", "width": 640, "height": 360, "acodec": "mp4a.40.2", "abr": 96, "vcodec": "avc1.42001E", "resolution": "640x360", "format_note": "medium", "format": "18 - 640x360 (medium)", "protocol": "https", "http_headers": {"User-Agent": "Mozilla/5.0 (X11; Linux x86_64; rv:10.0) Gecko/20150101 Firefox/47.0 (Chrome)", "Accept-Charset": "ISO-8859-1,utf-8;q=0.7,*;q=0.7", "Accept": "text/html,application/xhtml+xml,application/xml;q=0.9,*/*;q=0.8", "Accept-Encoding": "gzip, deflate", "Accept-Language": "en-us,en;q=0.5"}}, {"format_id": "22", "url": "https://r9---sn-4g57knz7.googlevideo.com/videoplayback?dur=171.525&mn=sn-4g57knz7&mm=31&ratebypass=yes&initcwndbps=4176250&requiressl=yes&lmt=1471745041982083&signature=D81357AF7B4B67679FFCC41E9B02F4F1E51431E5.D4D44444DCB4FABFF8A6BAC805346A1A5F51B857&ms=au&mime=video%2Fmp4&mv=m&pl=16&mt=1502197744&source=youtube&ipbits=0&ip=131.159.40.117&key=yt6&expire=1502219425&itag=22&id=o-AFAMoZfq5-tn6kA7LtuS1XYP-ohr-imaRJksDSbuGdka&ei=QbiJWfOlBcGdVIjoqdgP&sparams=dur%2Cei%2Cid%2Cinitcwndbps%2Cip%2Cipbits%2Citag%2Clmt%2Cmime%2Cmm%2Cmn%2Cms%2Cmv%2Cpl%2Cratebypass%2Crequiressl%2Csource%2Cexpire", "player_url": null, "ext": "mp4", "width": 1280, "height": 720, "acodec": "mp4a.40.2", "abr": 192, "vcodec": "avc1.64001F", "resolution": "1280x720", "format_note": "hd720", "format": "22 - 1280x720 (hd720)", "protocol": "https", "http_headers": {"User-Agent": "Mozilla/5.0 (X11; Linux x86_64; rv:10.0) Gecko/20150101 Firefox/47.0 (Chrome)", "Accept-Charset": "ISO-8859-1,utf-8;q=0.7,*;q=0.7", "Accept": "text/html,application/xhtml+xml,application/xml;q=0.9,*/*;q=0.8", "Accept-Encoding": "gzip, deflate", "Accept-Language": "en-us,en;q=0.5"}}], "is_live": null, "start_time": null, "end_time": null, "series": null, "season_number": null, "episode_number": null, "extractor": "youtube", "webpage_url_basename": "LSbqFFI5umQ", "extractor_key": "Youtube", "playlist": null, "playlist_index": null, "thumbnails": [{"url": "https://i.ytimg.com/vi/LSbqFFI5umQ/maxresdefault.jpg", "id": "0"}], "display_id": "LSbqFFI5umQ", "ext": "mp4", "height": 720, "format_note": "DASH video", "vcodec": "avc1.4d401f", "format_id": "136", "url": "https://r5---sn-4g5ednls.googlevideo.com/videoplayback?id=2d26ea145239ba64&itag=136&source=youtube&requiressl=yes&mn=sn-4g5ednls&mm=31&mv=m&pl=16&ms=au&ei=QbiJWdehKMHrV5HEseAI&initcwndbps=4176250&ratebypass=yes&mime=video/mp4&gir=yes&clen=22081941&lmt=1389270382380865&dur=171.400&signature=303B2FF65912EA7B8760C8425828DD0FBEF97654.8B3B8F8A425749525B78FF0E4C03E49B2F623522&key=dg_yt0&mt=1502197744&ip=131.159.40.117&ipbits=0&expire=1502219425&sparams=ip,ipbits,expire,id,itag,source,requiressl,mn,mm,mv,pl,ms,ei,initcwndbps,ratebypass,mime,gir,clen,lmt,dur", "manifest_url": "https://manifest.googlevideo.com/api/manifest/dash/ipbits/0/mn/sn-4g5ednls/signature/C428E9E55EF683BF6DF0159D2970A29E25833718.BB89DE7299C6FF2CD9ADF22720E0555678F43B26/hfr/1/mm/31/requiressl/yes/mv/m/sparams/as%2Cei%2Chfr%2Cid%2Cinitcwndbps%2Cip%2Cipbits%2Citag%2Cmm%2Cmn%2Cms%2Cmv%2Cpl%2Cplayback_host%2Crequiressl%2Csource%2Cexpire/ip/131.159.40.117/key/yt6/expire/1502219425/pl/16/source/youtube/playback_host/r5---sn-4g5ednls.googlevideo.com/ms/au/id/2d26ea145239ba64/ei/QbiJWdehKMHrV5HEseAI/itag/0/initcwndbps/4176250/mt/1502197744/as/fmp4_audio_clear%2Cfmp4_sd_hd_clear", "width": 1280, "tbr": 1568.94, "asr": null, "fps": 30, "language": null, "filesize": 22081941, "acodec": "none", "format": "136 - 1280x720 (DASH video)", "protocol": "https", "http_headers": {"User-Agent": "Mozilla/5.0 (X11; Linux x86_64; rv:10.0) Gecko/20150101 Firefox/47.0 (Chrome)", "Accept-Charset": "ISO-8859-1,utf-8;q=0.7,*;q=0.7", "Accept": "text/html,application/xhtml+xml,application/xml;q=0.9,*/*;q=0.8", "Accept-Encoding": "gzip, deflate", "Accept-Language": "en-us,en;q=0.5"}, "fulltitle": "CNET Update - YouTube gets channel-surfing makeover", "_filename": "LSbqFFI5umQ.mp4"}