{"id": "snQZfppXZeQ", "uploader": "MissBeautyAdikt", "uploader_id": "YazMakeUpArtist", "uploader_url": "http://www.youtube.com/user/YazMakeUpArtist", "upload_date": "20140719", "license": "Standard YouTube License", "creator": null, "title": "Summer Foundation Routine", "alt_title": null, "thumbnail": "https://i.ytimg.com/vi/snQZfppXZeQ/maxresdefault.jpg", "description": "Ways to find me:\nBlog: www.missbeautyadikt.co.uk\nOfficial Website: www.selinamua.co.uk\nInstagram: Missbeautyadikt\nTwitter: https://twitter.com/YazMakeUpArtist\nFacebook: https://www.facebook.com/YazMakeUpArtist\nBusiness Enquiries: missbeautyadikt@gmail.com\n\nHere is my summer foundation routine. This is the kind of routine that i would do for an evening out or a special occasion. I do like to change up my blush, depending on what i'm wearing on the rest of the face. \u2665\n\nPlease don't forget to like, comment & subscribe! \u2665 xx\n\nProducts Used:\nFace:\nSmashbox Photo Finish Primer Blemish Control\nMAC Face & Body Foundation (C6)\nKevyn Aucoin Sensual Skin Enhancer (SX11)\nMake Up Forever Sculpting Kit (No.4 Dark)\n*Illamasqua Velvet Blush (Sleek)\nLaura Mercier Translucent Setting Powder\nHourglass Ambient Lighting Powder (Dim Light)\nMAC Fix+\nMAC Mineralize Skinfinish (Global Glow)\nUrban Decay All Nighter Setting Spray\n\nEye Makeup Tutorial: http://youtu.be/eP9h-PSklJU\n\nOther tutorials:\n\n**Bronzers for Medium-Dark, Indian, Asian, Desi, NC42-NC45 Skin Tones** - http://youtu.be/Ms-YbldsYgI\n\n**How to use Chanel Bronze Universel** - http://youtu.be/-ozKkcNH3zM\n\n**Highlighters for Asian, Desi, Indian, NC42, NC44, NC45 Skin Tones** - http://youtu.be/7z8aFUFD_2c\n\n**How to do winged eyeliner** - http://youtu.be/8_fvydH0d-s\n\n**Arab/Arabic Eye Makeup** - http://goo.gl/Tmxnpg\n\n**Urban Decay Naked Palette Tutorials** - http://goo.gl/RZy3pP\n\n**Smokey Eye Makeup Tutorials** - http://goo.gl/DYlwpS\n\n*PR Samples\n\nMusic: Te Amo by Rihanna\n\nThank you for all the love and support on my channel!! \u2665\nxXx", "categories": ["People & Blogs"], "tags": ["beauty guru", "yazmakeupartist", "missbeautyadikt", "indian", "bengali", "pakistani", "asian", "desi", "nc42", "nc44", "MAC", "KIKO", "stylehaul", "style haul", "how to contour", "kim kardashian", "how to do winged liner", "lookamillion", "zukreat", "makeup tutorial", "best highlighters for medium skin", "best bronzer for medium skin", "summer foundation routine", "hourglass ambient lighting powder", "kevyn aucoin sensual skin enhancer sx 11", "mac face and body", "how to get flawless skin", "summer makeup routine", "stilababe09", "macbarbie07"], "subtitles": {}, "automatic_captions": {}, "duration": 432, "age_limit": 0, "annotations": null, "chapters": null, "webpage_url": "https://www.youtube.com/watch?v=snQZfppXZeQ", "view_count": 4947, "like_count": 147, "dislike_count": 4, "average_rating": 4.89403963089, "formats": [{"ext": "m4a", "format_note": "DASH audio", "acodec": "mp4a.40.5", "abr": 48, "container": "m4a_dash", "format_id": "139", "url": "https://r2---sn-4g5e6n7d.googlevideo.com/videoplayback?id=b274197e9a5765e4&itag=139&source=youtube&requiressl=yes&ei=AGGLWZiLMdWgWvask8gO&mm=31&mn=sn-4g5e6n7d&initcwndbps=3650000&ms=au&mv=m&pl=16&ratebypass=yes&mime=audio/mp4&gir=yes&clen=2605099&lmt=1406292965468948&dur=431.705&key=dg_yt0&signature=02E3A7741FE2335D4C46CA7C4F06809FDC1FED8C.889E6BEDE0A6411416404A3CAAFAC9C82BF7670A&mt=1502306478&ip=131.159.40.117&ipbits=0&expire=1502328160&sparams=ip,ipbits,expire,id,itag,source,requiressl,ei,mm,mn,initcwndbps,ms,mv,pl,ratebypass,mime,gir,clen,lmt,dur", "manifest_url": "https://manifest.googlevideo.com/api/manifest/dash/playback_host/r2---sn-4g5e6n7d.googlevideo.com/ei/AGGLWZiLMdWgWvask8gO/hfr/1/mm/31/mn/sn-4g5e6n7d/ipbits/0/key/yt6/ip/131.159.40.117/expire/1502328160/initcwndbps/3650000/requiressl/yes/signature/9B376E647AC88288F51352E052D9E0BFE0422376.9450FD7FBAAD7FCA030EAFD76208D8B711D9BE7E/itag/0/as/fmp4_audio_clear%2Cfmp4_sd_hd_clear/id/b274197e9a5765e4/source/youtube/ms/au/mt/1502306478/sparams/as%2Cei%2Chfr%2Cid%2Cinitcwndbps%2Cip%2Cipbits%2Citag%2Cmm%2Cmn%2Cms%2Cmv%2Cpl%2Cplayback_host%2Crequiressl%2Csource%2Cexpire/mv/m/pl/16", "width": null, "height": null, "tbr": 49.358, "asr": 22050, "fps": null, "language": null, "filesize": 2605099, "vcodec": "none", "format": "139 - audio only (DASH audio)", "protocol": "https", "http_headers": {"User-Agent": "Mozilla/5.0 (X11; Linux x86_64; rv:10.0) Gecko/20150101 Firefox/47.0 (Chrome)", "Accept-Charset": "ISO-8859-1,utf-8;q=0.7,*;q=0.7", "Accept": "text/html,application/xhtml+xml,application/xml;q=0.9,*/*;q=0.8", "Accept-Encoding": "gzip, deflate", "Accept-Language": "en-us,en;q=0.5"}}, {"format_id": "171", "url": "https://r2---sn-4g5edn7s.googlevideo.com/videoplayback?gir=yes&expire=1502328160&dur=431.599&pl=16&ei=AGGLWYeJFIXaWf3Su_gN&id=o-AMpm-YMLrVJc5dUdkx9s_iVQU85QVDC1SsUhKx-uj3fE&initcwndbps=3650000&lmt=1405990061907537&ip=131.159.40.117&sparams=clen%2Cdur%2Cei%2Cgir%2Cid%2Cinitcwndbps%2Cip%2Cipbits%2Citag%2Ckeepalive%2Clmt%2Cmime%2Cmm%2Cmn%2Cms%2Cmv%2Cpl%2Crequiressl%2Csource%2Cexpire&ms=au&mv=m&mt=1502306478&keepalive=yes&source=youtube&requiressl=yes&clen=4771880&key=yt6&mime=audio%2Fwebm&mn=sn-4g5edn7s&mm=31&itag=171&ipbits=0&signature=88F5B2456C0A71642ED4099ED004E90057CED332.34ECD233457BE0366768AED96A58E2BB8BB7E44B&ratebypass=yes", "player_url": null, "ext": "webm", "acodec": "vorbis", "format_note": "DASH audio", "abr": 128, "filesize": 4771880, "tbr": 110.937, "fps": 1, "vcodec": "none", "format": "171 - audio only (DASH audio)", "protocol": "https", "http_headers": {"User-Agent": "Mozilla/5.0 (X11; Linux x86_64; rv:10.0) Gecko/20150101 Firefox/47.0 (Chrome)", "Accept-Charset": "ISO-8859-1,utf-8;q=0.7,*;q=0.7", "Accept": "text/html,application/xhtml+xml,application/xml;q=0.9,*/*;q=0.8", "Accept-Encoding": "gzip, deflate", "Accept-Language": "en-us,en;q=0.5"}}, {"ext": "m4a", "format_note": "DASH audio", "acodec": "mp4a.40.2", "abr": 128, "container": "m4a_dash", "format_id": "140", "url": "https://r2---sn-4g5e6n7d.googlevideo.com/videoplayback?id=b274197e9a5765e4&itag=140&source=youtube&requiressl=yes&ei=AGGLWZiLMdWgWvask8gO&mm=31&mn=sn-4g5e6n7d&initcwndbps=3650000&ms=au&mv=m&pl=16&ratebypass=yes&mime=audio/mp4&gir=yes&clen=6929764&lmt=1406293062744220&dur=431.612&key=dg_yt0&signature=32BFF0F4F72EA5FEA62B5D181424804734E4A37E.0DCFC5BC7F6E14482D735442C9EB30D51DEACF5E&mt=1502306478&ip=131.159.40.117&ipbits=0&expire=1502328160&sparams=ip,ipbits,expire,id,itag,source,requiressl,ei,mm,mn,initcwndbps,ms,mv,pl,ratebypass,mime,gir,clen,lmt,dur", "manifest_url": "https://manifest.googlevideo.com/api/manifest/dash/playback_host/r2---sn-4g5e6n7d.googlevideo.com/ei/AGGLWZiLMdWgWvask8gO/hfr/1/mm/31/mn/sn-4g5e6n7d/ipbits/0/key/yt6/ip/131.159.40.117/expire/1502328160/initcwndbps/3650000/requiressl/yes/signature/9B376E647AC88288F51352E052D9E0BFE0422376.9450FD7FBAAD7FCA030EAFD76208D8B711D9BE7E/itag/0/as/fmp4_audio_clear%2Cfmp4_sd_hd_clear/id/b274197e9a5765e4/source/youtube/ms/au/mt/1502306478/sparams/as%2Cei%2Chfr%2Cid%2Cinitcwndbps%2Cip%2Cipbits%2Citag%2Cmm%2Cmn%2Cms%2Cmv%2Cpl%2Cplayback_host%2Crequiressl%2Csource%2Cexpire/mv/m/pl/16", "width": null, "height": null, "tbr": 129.47, "asr": 44100, "fps": null, "language": null, "filesize": 6929764, "vcodec": "none", "format": "140 - audio only (DASH audio)", "protocol": "https", "http_headers": {"User-Agent": "Mozilla/5.0 (X11; Linux x86_64; rv:10.0) Gecko/20150101 Firefox/47.0 (Chrome)", "Accept-Charset": "ISO-8859-1,utf-8;q=0.7,*;q=0.7", "Accept": "text/html,application/xhtml+xml,application/xml;q=0.9,*/*;q=0.8", "Accept-Encoding": "gzip, deflate", "Accept-Language": "en-us,en;q=0.5"}}, {"ext": "mp4", "height": 144, "format_note": "DASH video", "vcodec": "avc1.4d400c", "format_id": "160", "url": "https://r2---sn-4g5e6n7d.googlevideo.com/videoplayback?id=b274197e9a5765e4&itag=160&source=youtube&requiressl=yes&ei=AGGLWZiLMdWgWvask8gO&mm=31&mn=sn-4g5e6n7d&initcwndbps=3650000&ms=au&mv=m&pl=16&ratebypass=yes&mime=video/mp4&gir=yes&clen=5891764&lmt=1406292965769169&dur=431.481&key=dg_yt0&signature=909E080E8E7698EE661E7E3075F55EB314801B2A.0E8FFBA560D0B860E27044D6737C02ACCB70FF11&mt=1502306478&ip=131.159.40.117&ipbits=0&expire=1502328160&sparams=ip,ipbits,expire,id,itag,source,requiressl,ei,mm,mn,initcwndbps,ms,mv,pl,ratebypass,mime,gir,clen,lmt,dur", "manifest_url": "https://manifest.googlevideo.com/api/manifest/dash/playback_host/r2---sn-4g5e6n7d.googlevideo.com/ei/AGGLWZiLMdWgWvask8gO/hfr/1/mm/31/mn/sn-4g5e6n7d/ipbits/0/key/yt6/ip/131.159.40.117/expire/1502328160/initcwndbps/3650000/requiressl/yes/signature/9B376E647AC88288F51352E052D9E0BFE0422376.9450FD7FBAAD7FCA030EAFD76208D8B711D9BE7E/itag/0/as/fmp4_audio_clear%2Cfmp4_sd_hd_clear/id/b274197e9a5765e4/source/youtube/ms/au/mt/1502306478/sparams/as%2Cei%2Chfr%2Cid%2Cinitcwndbps%2Cip%2Cipbits%2Citag%2Cmm%2Cmn%2Cms%2Cmv%2Cpl%2Cplayback_host%2Crequiressl%2Csource%2Cexpire/mv/m/pl/16", "width": 256, "tbr": 110.168, "asr": null, "fps": 13, "language": null, "filesize": 5891764, "acodec": "none", "format": "160 - 256x144 (DASH video)", "protocol": "https", "http_headers": {"User-Agent": "Mozilla/5.0 (X11; Linux x86_64; rv:10.0) Gecko/20150101 Firefox/47.0 (Chrome)", "Accept-Charset": "ISO-8859-1,utf-8;q=0.7,*;q=0.7", "Accept": "text/html,application/xhtml+xml,application/xml;q=0.9,*/*;q=0.8", "Accept-Encoding": "gzip, deflate", "Accept-Language": "en-us,en;q=0.5"}}, {"ext": "mp4", "height": 240, "format_note": "DASH video", "vcodec": "avc1.4d4015", "format_id": "133", "url": "https://r2---sn-4g5e6n7d.googlevideo.com/videoplayback?id=b274197e9a5765e4&itag=133&source=youtube&requiressl=yes&ei=AGGLWZiLMdWgWvask8gO&mm=31&mn=sn-4g5e6n7d&initcwndbps=3650000&ms=au&mv=m&pl=16&ratebypass=yes&mime=video/mp4&gir=yes&clen=13204437&lmt=1406292971275643&dur=431.481&key=dg_yt0&signature=3257EABAE8539E1FD2F2151F697B71478D94C146.0860FC810A86F1DD691A1EA2777E63BD344E8A47&mt=1502306478&ip=131.159.40.117&ipbits=0&expire=1502328160&sparams=ip,ipbits,expire,id,itag,source,requiressl,ei,mm,mn,initcwndbps,ms,mv,pl,ratebypass,mime,gir,clen,lmt,dur", "manifest_url": "https://manifest.googlevideo.com/api/manifest/dash/playback_host/r2---sn-4g5e6n7d.googlevideo.com/ei/AGGLWZiLMdWgWvask8gO/hfr/1/mm/31/mn/sn-4g5e6n7d/ipbits/0/key/yt6/ip/131.159.40.117/expire/1502328160/initcwndbps/3650000/requiressl/yes/signature/9B376E647AC88288F51352E052D9E0BFE0422376.9450FD7FBAAD7FCA030EAFD76208D8B711D9BE7E/itag/0/as/fmp4_audio_clear%2Cfmp4_sd_hd_clear/id/b274197e9a5765e4/source/youtube/ms/au/mt/1502306478/sparams/as%2Cei%2Chfr%2Cid%2Cinitcwndbps%2Cip%2Cipbits%2Citag%2Cmm%2Cmn%2Cms%2Cmv%2Cpl%2Cplayback_host%2Crequiressl%2Csource%2Cexpire/mv/m/pl/16", "width": 426, "tbr": 267.641, "asr": null, "fps": 25, "language": null, "filesize": 13204437, "acodec": "none", "format": "133 - 426x240 (DASH video)", "protocol": "https", "http_headers": {"User-Agent": "Mozilla/5.0 (X11; Linux x86_64; rv:10.0) Gecko/20150101 Firefox/47.0 (Chrome)", "Accept-Charset": "ISO-8859-1,utf-8;q=0.7,*;q=0.7", "Accept": "text/html,application/xhtml+xml,application/xml;q=0.9,*/*;q=0.8", "Accept-Encoding": "gzip, deflate", "Accept-Language": "en-us,en;q=0.5"}}, {"ext": "mp4", "height": 360, "format_note": "DASH video", "vcodec": "avc1.4d401e", "format_id": "134", "url": "https://r2---sn-4g5e6n7d.googlevideo.com/videoplayback?id=b274197e9a5765e4&itag=134&source=youtube&requiressl=yes&ei=AGGLWZiLMdWgWvask8gO&mm=31&mn=sn-4g5e6n7d&initcwndbps=3650000&ms=au&mv=m&pl=16&ratebypass=yes&mime=video/mp4&gir=yes&clen=13216395&lmt=1406293069371997&dur=431.481&key=dg_yt0&signature=1AEB1E6ADB24B8063E0A772537C538568CEBAEBA.91EF698B1989F2E35D2C778D2237560FD9F2348C&mt=1502306478&ip=131.159.40.117&ipbits=0&expire=1502328160&sparams=ip,ipbits,expire,id,itag,source,requiressl,ei,mm,mn,initcwndbps,ms,mv,pl,ratebypass,mime,gir,clen,lmt,dur", "manifest_url": "https://manifest.googlevideo.com/api/manifest/dash/playback_host/r2---sn-4g5e6n7d.googlevideo.com/ei/AGGLWZiLMdWgWvask8gO/hfr/1/mm/31/mn/sn-4g5e6n7d/ipbits/0/key/yt6/ip/131.159.40.117/expire/1502328160/initcwndbps/3650000/requiressl/yes/signature/9B376E647AC88288F51352E052D9E0BFE0422376.9450FD7FBAAD7FCA030EAFD76208D8B711D9BE7E/itag/0/as/fmp4_audio_clear%2Cfmp4_sd_hd_clear/id/b274197e9a5765e4/source/youtube/ms/au/mt/1502306478/sparams/as%2Cei%2Chfr%2Cid%2Cinitcwndbps%2Cip%2Cipbits%2Citag%2Cmm%2Cmn%2Cms%2Cmv%2Cpl%2Cplayback_host%2Crequiressl%2Csource%2Cexpire/mv/m/pl/16", "width": 640, "tbr": 380.912, "asr": null, "fps": 25, "language": null, "filesize": 13216395, "acodec": "none", "format": "134 - 640x360 (DASH video)", "protocol": "https", "http_headers": {"User-Agent": "Mozilla/5.0 (X11; Linux x86_64; rv:10.0) Gecko/20150101 Firefox/47.0 (Chrome)", "Accept-Charset": "ISO-8859-1,utf-8;q=0.7,*;q=0.7", "Accept": "text/html,application/xhtml+xml,application/xml;q=0.9,*/*;q=0.8", "Accept-Encoding": "gzip, deflate", "Accept-Language": "en-us,en;q=0.5"}}, {"ext": "mp4", "height": 480, "format_note": "DASH video", "vcodec": "avc1.4d401e", "format_id": "135", "url": "https://r2---sn-4g5e6n7d.googlevideo.com/videoplayback?id=b274197e9a5765e4&itag=135&source=youtube&requiressl=yes&ei=AGGLWZiLMdWgWvask8gO&mm=31&mn=sn-4g5e6n7d&initcwndbps=3650000&ms=au&mv=m&pl=16&ratebypass=yes&mime=video/mp4&gir=yes&clen=27138590&lmt=1406293121687381&dur=431.481&key=dg_yt0&signature=92BC460A7091D5A79EFAC502F9127BFD69D16E5F.5E324F3A72B740F25F1BD3906F88872D19B6860F&mt=1502306478&ip=131.159.40.117&ipbits=0&expire=1502328160&sparams=ip,ipbits,expire,id,itag,source,requiressl,ei,mm,mn,initcwndbps,ms,mv,pl,ratebypass,mime,gir,clen,lmt,dur", "manifest_url": "https://manifest.googlevideo.com/api/manifest/dash/playback_host/r2---sn-4g5e6n7d.googlevideo.com/ei/AGGLWZiLMdWgWvask8gO/hfr/1/mm/31/mn/sn-4g5e6n7d/ipbits/0/key/yt6/ip/131.159.40.117/expire/1502328160/initcwndbps/3650000/requiressl/yes/signature/9B376E647AC88288F51352E052D9E0BFE0422376.9450FD7FBAAD7FCA030EAFD76208D8B711D9BE7E/itag/0/as/fmp4_audio_clear%2Cfmp4_sd_hd_clear/id/b274197e9a5765e4/source/youtube/ms/au/mt/1502306478/sparams/as%2Cei%2Chfr%2Cid%2Cinitcwndbps%2Cip%2Cipbits%2Citag%2Cmm%2Cmn%2Cms%2Cmv%2Cpl%2Cplayback_host%2Crequiressl%2Csource%2Cexpire/mv/m/pl/16", "width": 854, "tbr": 709.604, "asr": null, "fps": 25, "language": null, "filesize": 27138590, "acodec": "none", "format": "135 - 854x480 (DASH video)", "protocol": "https", "http_headers": {"User-Agent": "Mozilla/5.0 (X11; Linux x86_64; rv:10.0) Gecko/20150101 Firefox/47.0 (Chrome)", "Accept-Charset": "ISO-8859-1,utf-8;q=0.7,*;q=0.7", "Accept": "text/html,application/xhtml+xml,application/xml;q=0.9,*/*;q=0.8", "Accept-Encoding": "gzip, deflate", "Accept-Language": "en-us,en;q=0.5"}}, {"ext": "mp4", "height": 720, "format_note": "DASH video", "vcodec": "avc1.4d401f", "format_id": "136", "url": "https://r2---sn-4g5e6n7d.googlevideo.com/videoplayback?id=b274197e9a5765e4&itag=136&source=youtube&requiressl=yes&ei=AGGLWZiLMdWgWvask8gO&mm=31&mn=sn-4g5e6n7d&initcwndbps=3650000&ms=au&mv=m&pl=16&ratebypass=yes&mime=video/mp4&gir=yes&clen=58372836&lmt=1406292974875687&dur=431.481&key=dg_yt0&signature=71FBD3269DF8A92463166F0A248844BA16F3147B.0F275FB89735F6D76DC91FF73BAF2EA42D86EF3E&mt=1502306478&ip=131.159.40.117&ipbits=0&expire=1502328160&sparams=ip,ipbits,expire,id,itag,source,requiressl,ei,mm,mn,initcwndbps,ms,mv,pl,ratebypass,mime,gir,clen,lmt,dur", "manifest_url": "https://manifest.googlevideo.com/api/manifest/dash/playback_host/r2---sn-4g5e6n7d.googlevideo.com/ei/AGGLWZiLMdWgWvask8gO/hfr/1/mm/31/mn/sn-4g5e6n7d/ipbits/0/key/yt6/ip/131.159.40.117/expire/1502328160/initcwndbps/3650000/requiressl/yes/signature/9B376E647AC88288F51352E052D9E0BFE0422376.9450FD7FBAAD7FCA030EAFD76208D8B711D9BE7E/itag/0/as/fmp4_audio_clear%2Cfmp4_sd_hd_clear/id/b274197e9a5765e4/source/youtube/ms/au/mt/1502306478/sparams/as%2Cei%2Chfr%2Cid%2Cinitcwndbps%2Cip%2Cipbits%2Citag%2Cmm%2Cmn%2Cms%2Cmv%2Cpl%2Cplayback_host%2Crequiressl%2Csource%2Cexpire/mv/m/pl/16", "width": 1280, "tbr": 1544.217, "asr": null, "fps": 25, "language": null, "filesize": 58372836, "acodec": "none", "format": "136 - 1280x720 (DASH video)", "protocol": "https", "http_headers": {"User-Agent": "Mozilla/5.0 (X11; Linux x86_64; rv:10.0) Gecko/20150101 Firefox/47.0 (Chrome)", "Accept-Charset": "ISO-8859-1,utf-8;q=0.7,*;q=0.7", "Accept": "text/html,application/xhtml+xml,application/xml;q=0.9,*/*;q=0.8", "Accept-Encoding": "gzip, deflate", "Accept-Language": "en-us,en;q=0.5"}}, {"format_id": "17", "url": "https://r2---sn-4g5edn7s.googlevideo.com/videoplayback?gir=yes&expire=1502328160&dur=431.751&pl=16&ei=AGGLWYeJFIXaWf3Su_gN&id=o-AMpm-YMLrVJc5dUdkx9s_iVQU85QVDC1SsUhKx-uj3fE&initcwndbps=3650000&lmt=1405641259672524&ip=131.159.40.117&sparams=clen%2Cdur%2Cei%2Cgir%2Cid%2Cinitcwndbps%2Cip%2Cipbits%2Citag%2Clmt%2Cmime%2Cmm%2Cmn%2Cms%2Cmv%2Cpl%2Crequiressl%2Csource%2Cexpire&ms=au&mv=m&mt=1502306478&source=youtube&requiressl=yes&clen=4405285&key=yt6&mime=video%2F3gpp&mn=sn-4g5edn7s&mm=31&itag=17&ipbits=0&signature=C056E632BCC7A5BB1DEB91597182DCB84B649F70.3A0B6AE0C2C58311092F4B14B2964D7AF7D8E9BE&ratebypass=yes", "player_url": null, "ext": "3gp", "width": 176, "height": 144, "acodec": "mp4a.40.2", "abr": 24, "vcodec": "mp4v.20.3", "resolution": "176x144", "format_note": "small", "format": "17 - 176x144 (small)", "protocol": "https", "http_headers": {"User-Agent": "Mozilla/5.0 (X11; Linux x86_64; rv:10.0) Gecko/20150101 Firefox/47.0 (Chrome)", "Accept-Charset": "ISO-8859-1,utf-8;q=0.7,*;q=0.7", "Accept": "text/html,application/xhtml+xml,application/xml;q=0.9,*/*;q=0.8", "Accept-Encoding": "gzip, deflate", "Accept-Language": "en-us,en;q=0.5"}}, {"format_id": "36", "url": "https://r2---sn-4g5edn7s.googlevideo.com/videoplayback?gir=yes&expire=1502328160&dur=431.798&pl=16&ei=AGGLWYeJFIXaWf3Su_gN&id=o-AMpm-YMLrVJc5dUdkx9s_iVQU85QVDC1SsUhKx-uj3fE&initcwndbps=3650000&lmt=1405641284401754&ip=131.159.40.117&sparams=clen%2Cdur%2Cei%2Cgir%2Cid%2Cinitcwndbps%2Cip%2Cipbits%2Citag%2Clmt%2Cmime%2Cmm%2Cmn%2Cms%2Cmv%2Cpl%2Crequiressl%2Csource%2Cexpire&ms=au&mv=m&mt=1502306478&source=youtube&requiressl=yes&clen=12214302&key=yt6&mime=video%2F3gpp&mn=sn-4g5edn7s&mm=31&itag=36&ipbits=0&signature=BF51600269056F2BE3F1EDB7728DEC84E69396C2.2165A460D6DB77E8A725C6FA6CB3C392D98B58EC&ratebypass=yes", "player_url": null, "ext": "3gp", "width": 320, "acodec": "mp4a.40.2", "vcodec": "mp4v.20.3", "resolution": "320x180", "height": 180, "format_note": "small", "format": "36 - 320x180 (small)", "protocol": "https", "http_headers": {"User-Agent": "Mozilla/5.0 (X11; Linux x86_64; rv:10.0) Gecko/20150101 Firefox/47.0 (Chrome)", "Accept-Charset": "ISO-8859-1,utf-8;q=0.7,*;q=0.7", "Accept": "text/html,application/xhtml+xml,application/xml;q=0.9,*/*;q=0.8", "Accept-Encoding": "gzip, deflate", "Accept-Language": "en-us,en;q=0.5"}}, {"format_id": "43", "url": "https://r2---sn-4g5edn7s.googlevideo.com/videoplayback?gir=yes&expire=1502328160&dur=0.000&pl=16&ratebypass=yes&ei=AGGLWYeJFIXaWf3Su_gN&id=o-AMpm-YMLrVJc5dUdkx9s_iVQU85QVDC1SsUhKx-uj3fE&initcwndbps=3650000&lmt=1405649503332813&ip=131.159.40.117&sparams=clen%2Cdur%2Cei%2Cgir%2Cid%2Cinitcwndbps%2Cip%2Cipbits%2Citag%2Clmt%2Cmime%2Cmm%2Cmn%2Cms%2Cmv%2Cpl%2Cratebypass%2Crequiressl%2Csource%2Cexpire&ms=au&mv=m&mt=1502306478&source=youtube&requiressl=yes&clen=32548630&key=yt6&mime=video%2Fwebm&mn=sn-4g5edn7s&mm=31&itag=43&ipbits=0&signature=1FFC3E9FA234B68C8F0677D429CB95D27BF67BFD.E1022C3A9AC29F4DC55FF5390A2122DCE61CFD01", "player_url": null, "ext": "webm", "width": 640, "height": 360, "acodec": "vorbis", "abr": 128, "vcodec": "vp8.0", "resolution": "640x360", "format_note": "medium", "format": "43 - 640x360 (medium)", "protocol": "https", "http_headers": {"User-Agent": "Mozilla/5.0 (X11; Linux x86_64; rv:10.0) Gecko/20150101 Firefox/47.0 (Chrome)", "Accept-Charset": "ISO-8859-1,utf-8;q=0.7,*;q=0.7", "Accept": "text/html,application/xhtml+xml,application/xml;q=0.9,*/*;q=0.8", "Accept-Encoding": "gzip, deflate", "Accept-Language": "en-us,en;q=0.5"}}, {"format_id": "18", "url": "https://r2---sn-4g5edn7s.googlevideo.com/videoplayback?gir=yes&expire=1502328160&dur=431.612&pl=16&ratebypass=yes&ei=AGGLWYeJFIXaWf3Su_gN&id=o-AMpm-YMLrVJc5dUdkx9s_iVQU85QVDC1SsUhKx-uj3fE&initcwndbps=3650000&lmt=1406293000404699&ip=131.159.40.117&sparams=clen%2Cdur%2Cei%2Cgir%2Cid%2Cinitcwndbps%2Cip%2Cipbits%2Citag%2Clmt%2Cmime%2Cmm%2Cmn%2Cms%2Cmv%2Cpl%2Cratebypass%2Crequiressl%2Csource%2Cexpire&ms=au&mv=m&mt=1502306478&source=youtube&requiressl=yes&clen=23448688&key=yt6&mime=video%2Fmp4&mn=sn-4g5edn7s&mm=31&itag=18&ipbits=0&signature=1A6D39C6B2A391CC79161B5B8C25B50F3DEB2F6D.A65DA181C1603FEB5D64B1C7506FF984E37AD4BB", "player_url": null, "ext": "mp4", "width": 640, "height": 360, "acodec": "mp4a.40.2", "abr": 96, "vcodec": "avc1.42001E", "resolution": "640x360", "format_note": "medium", "format": "18 - 640x360 (medium)", "protocol": "https", "http_headers": {"User-Agent": "Mozilla/5.0 (X11; Linux x86_64; rv:10.0) Gecko/20150101 Firefox/47.0 (Chrome)", "Accept-Charset": "ISO-8859-1,utf-8;q=0.7,*;q=0.7", "Accept": "text/html,application/xhtml+xml,application/xml;q=0.9,*/*;q=0.8", "Accept-Encoding": "gzip, deflate", "Accept-Language": "en-us,en;q=0.5"}}, {"format_id": "22", "url": "https://r2---sn-4g5edn7s.googlevideo.com/videoplayback?ms=au&mime=video%2Fmp4&mt=1502306478&expire=1502328160&dur=431.612&pl=16&source=youtube&requiressl=yes&key=yt6&ratebypass=yes&mn=sn-4g5edn7s&mm=31&mv=m&ei=AGGLWYeJFIXaWf3Su_gN&id=o-AMpm-YMLrVJc5dUdkx9s_iVQU85QVDC1SsUhKx-uj3fE&initcwndbps=3650000&itag=22&lmt=1471806892054629&ip=131.159.40.117&ipbits=0&sparams=dur%2Cei%2Cid%2Cinitcwndbps%2Cip%2Cipbits%2Citag%2Clmt%2Cmime%2Cmm%2Cmn%2Cms%2Cmv%2Cpl%2Cratebypass%2Crequiressl%2Csource%2Cexpire&signature=8FEFEC23CC504BDC6B10CF76CE701B5B208790CD.9F617E7F97D0BA024CB93F54723609BFBEA257C9", "player_url": null, "ext": "mp4", "width": 1280, "height": 720, "acodec": "mp4a.40.2", "abr": 192, "vcodec": "avc1.64001F", "resolution": "1280x720", "format_note": "hd720", "format": "22 - 1280x720 (hd720)", "protocol": "https", "http_headers": {"User-Agent": "Mozilla/5.0 (X11; Linux x86_64; rv:10.0) Gecko/20150101 Firefox/47.0 (Chrome)", "Accept-Charset": "ISO-8859-1,utf-8;q=0.7,*;q=0.7", "Accept": "text/html,application/xhtml+xml,application/xml;q=0.9,*/*;q=0.8", "Accept-Encoding": "gzip, deflate", "Accept-Language": "en-us,en;q=0.5"}}], "is_live": null, "start_time": null, "end_time": null, "series": null, "season_number": null, "episode_number": null, "extractor": "youtube", "webpage_url_basename": "snQZfppXZeQ", "extractor_key": "Youtube", "playlist": null, "playlist_index": null, "thumbnails": [{"url": "https://i.ytimg.com/vi/snQZfppXZeQ/maxresdefault.jpg", "id": "0"}], "display_id": "snQZfppXZeQ", "ext": "mp4", "height": 720, "format_note": "DASH video", "vcodec": "avc1.4d401f", "format_id": "136", "url": "https://r2---sn-4g5e6n7d.googlevideo.com/videoplayback?id=b274197e9a5765e4&itag=136&source=youtube&requiressl=yes&ei=AGGLWZiLMdWgWvask8gO&mm=31&mn=sn-4g5e6n7d&initcwndbps=3650000&ms=au&mv=m&pl=16&ratebypass=yes&mime=video/mp4&gir=yes&clen=58372836&lmt=1406292974875687&dur=431.481&key=dg_yt0&signature=71FBD3269DF8A92463166F0A248844BA16F3147B.0F275FB89735F6D76DC91FF73BAF2EA42D86EF3E&mt=1502306478&ip=131.159.40.117&ipbits=0&expire=1502328160&sparams=ip,ipbits,expire,id,itag,source,requiressl,ei,mm,mn,initcwndbps,ms,mv,pl,ratebypass,mime,gir,clen,lmt,dur", "manifest_url": "https://manifest.googlevideo.com/api/manifest/dash/playback_host/r2---sn-4g5e6n7d.googlevideo.com/ei/AGGLWZiLMdWgWvask8gO/hfr/1/mm/31/mn/sn-4g5e6n7d/ipbits/0/key/yt6/ip/131.159.40.117/expire/1502328160/initcwndbps/3650000/requiressl/yes/signature/9B376E647AC88288F51352E052D9E0BFE0422376.9450FD7FBAAD7FCA030EAFD76208D8B711D9BE7E/itag/0/as/fmp4_audio_clear%2Cfmp4_sd_hd_clear/id/b274197e9a5765e4/source/youtube/ms/au/mt/1502306478/sparams/as%2Cei%2Chfr%2Cid%2Cinitcwndbps%2Cip%2Cipbits%2Citag%2Cmm%2Cmn%2Cms%2Cmv%2Cpl%2Cplayback_host%2Crequiressl%2Csource%2Cexpire/mv/m/pl/16", "width": 1280, "tbr": 1544.217, "asr": null, "fps": 25, "language": null, "filesize": 58372836, "acodec": "none", "format": "136 - 1280x720 (DASH video)", "protocol": "https", "http_headers": {"User-Agent": "Mozilla/5.0 (X11; Linux x86_64; rv:10.0) Gecko/20150101 Firefox/47.0 (Chrome)", "Accept-Charset": "ISO-8859-1,utf-8;q=0.7,*;q=0.7", "Accept": "text/html,application/xhtml+xml,application/xml;q=0.9,*/*;q=0.8", "Accept-Encoding": "gzip, deflate", "Accept-Language": "en-us,en;q=0.5"}, "fulltitle": "Summer Foundation Routine", "_filename": "snQZfppXZeQ.mp4"}