{"id": "Dh0MV3_8ulU", "uploader": "kxan", "uploader_id": null, "uploader_url": null, "upload_date": null, "license": null, "creator": null, "title": "Jade Helm in Bastrop", "alt_title": null, "thumbnail": "https://i.ytimg.com/vi/Dh0MV3_8ulU/default.jpg", "description": "", "categories": null, "tags": [], "subtitles": {}, "automatic_captions": {}, "duration": 177, "age_limit": 0, "annotations": null, "chapters": null, "webpage_url": "https://www.youtube.com/watch?v=Dh0MV3_8ulU", "view_count": 3118, "like_count": null, "dislike_count": null, "average_rating": 5.0, "formats": [{"ext": "m4a", "format_note": "DASH audio", "acodec": "mp4a.40.5", "abr": 48, "container": "m4a_dash", "format_id": "139", "url": "https://r5---sn-xjpm-q0nl.googlevideo.com/videoplayback?id=0e1d0c577ffcba55&itag=139&source=youtube&requiressl=yes&mv=u&ei=t2aKWey8Ho-Ocfn9tsAI&mn=sn-xjpm-q0nl&pl=16&mm=31&ms=au&ratebypass=yes&mime=audio/mp4&gir=yes&clen=1055370&lmt=1437572506553476&dur=177.075&key=dg_yt0&mt=1502242152&signature=7F0B82A25B35F3EF9757D721C887F648A05CF8BC.24DBBE3CD012B3333E971109B65136EE3D497D46&ip=131.159.40.117&ipbits=0&expire=1502264087&sparams=ip,ipbits,expire,id,itag,source,requiressl,mv,ei,mn,pl,mm,ms,ratebypass,mime,gir,clen,lmt,dur", "manifest_url": "https://manifest.googlevideo.com/api/manifest/dash/mv/u/ip/131.159.40.117/key/yt6/playback_host/r5---sn-xjpm-q0nl.googlevideo.com/ei/t2aKWey8Ho-Ocfn9tsAI/mn/sn-xjpm-q0nl/pl/16/hfr/1/mm/31/ipbits/0/itag/0/mt/1502242152/ms/au/id/0e1d0c577ffcba55/as/fmp4_audio_clear%2Cfmp4_sd_hd_clear/requiressl/yes/signature/097D3ED1242D2FC39321B6C49652CE40D08F40CA.649305A1C5F6CAA9FF19B144B58917AB501B7793/expire/1502264087/source/youtube/sparams/as%2Cei%2Chfr%2Cid%2Cip%2Cipbits%2Citag%2Cmm%2Cmn%2Cms%2Cmv%2Cpl%2Cplayback_host%2Crequiressl%2Csource%2Cexpire", "width": null, "height": null, "tbr": 49.18, "asr": 22050, "fps": null, "language": null, "filesize": 1055370, "vcodec": "none", "format": "139 - audio only (DASH audio)", "protocol": "https", "http_headers": {"User-Agent": "Mozilla/5.0 (X11; Linux x86_64; rv:10.0) Gecko/20150101 Firefox/47.0 (Chrome)", "Accept-Charset": "ISO-8859-1,utf-8;q=0.7,*;q=0.7", "Accept": "text/html,application/xhtml+xml,application/xml;q=0.9,*/*;q=0.8", "Accept-Encoding": "gzip, deflate", "Accept-Language": "en-us,en;q=0.5"}}, {"format_id": "249", "url": "https://r5---sn-xjpm-q0nl.googlevideo.com/videoplayback?expire=1502264087&dur=176.941&ipbits=0&pl=16&id=o-AHt7QgdxbDlJRVv2fK5afWWczXLlySEGk35jv2HW4hFN&mn=sn-xjpm-q0nl&mm=31&ms=au&mv=u&sparams=clen%2Cdur%2Cei%2Cgir%2Cid%2Cip%2Cipbits%2Citag%2Ckeepalive%2Clmt%2Cmime%2Cmm%2Cmn%2Cms%2Cmv%2Cpl%2Crequiressl%2Csource%2Cexpire&mt=1502242152&requiressl=yes&ip=131.159.40.117&signature=DCE3D89C535F80750FAD6BF3B1842564481C7D2F.4C8003FCFA7840A57E7C01C16C3D86C01716B9DF&ei=tmaKWeiVNIWYcrzNobAL&keepalive=yes&source=youtube&lmt=1436962194151778&itag=249&clen=1109364&key=yt6&gir=yes&mime=audio%2Fwebm&ratebypass=yes", "player_url": null, "ext": "webm", "format_note": "DASH audio", "acodec": "opus", "abr": 50, "filesize": 1109364, "tbr": 51.286, "vcodec": "none", "format": "249 - audio only (DASH audio)", "protocol": "https", "http_headers": {"User-Agent": "Mozilla/5.0 (X11; Linux x86_64; rv:10.0) Gecko/20150101 Firefox/47.0 (Chrome)", "Accept-Charset": "ISO-8859-1,utf-8;q=0.7,*;q=0.7", "Accept": "text/html,application/xhtml+xml,application/xml;q=0.9,*/*;q=0.8", "Accept-Encoding": "gzip, deflate", "Accept-Language": "en-us,en;q=0.5"}}, {"format_id": "250", "url": "https://r5---sn-xjpm-q0nl.googlevideo.com/videoplayback?expire=1502264087&dur=176.941&ipbits=0&pl=16&id=o-AHt7QgdxbDlJRVv2fK5afWWczXLlySEGk35jv2HW4hFN&mn=sn-xjpm-q0nl&mm=31&ms=au&mv=u&sparams=clen%2Cdur%2Cei%2Cgir%2Cid%2Cip%2Cipbits%2Citag%2Ckeepalive%2Clmt%2Cmime%2Cmm%2Cmn%2Cms%2Cmv%2Cpl%2Crequiressl%2Csource%2Cexpire&mt=1502242152&requiressl=yes&ip=131.159.40.117&signature=3BCE901ACA2BDE5B5CD2B4ECC815FC5AD5360319.22E9FE649DE59E1930B07FC555B44035D0284A60&ei=tmaKWeiVNIWYcrzNobAL&keepalive=yes&source=youtube&lmt=1436962191117957&itag=250&clen=1283827&key=yt6&gir=yes&mime=audio%2Fwebm&ratebypass=yes", "player_url": null, "ext": "webm", "format_note": "DASH audio", "acodec": "opus", "abr": 70, "filesize": 1283827, "tbr": 64.284, "vcodec": "none", "format": "250 - audio only (DASH audio)", "protocol": "https", "http_headers": {"User-Agent": "Mozilla/5.0 (X11; Linux x86_64; rv:10.0) Gecko/20150101 Firefox/47.0 (Chrome)", "Accept-Charset": "ISO-8859-1,utf-8;q=0.7,*;q=0.7", "Accept": "text/html,application/xhtml+xml,application/xml;q=0.9,*/*;q=0.8", "Accept-Encoding": "gzip, deflate", "Accept-Language": "en-us,en;q=0.5"}}, {"format_id": "171", "url": "https://r5---sn-xjpm-q0nl.googlevideo.com/videoplayback?expire=1502264087&dur=176.935&ipbits=0&pl=16&id=o-AHt7QgdxbDlJRVv2fK5afWWczXLlySEGk35jv2HW4hFN&mn=sn-xjpm-q0nl&mm=31&ms=au&mv=u&sparams=clen%2Cdur%2Cei%2Cgir%2Cid%2Cip%2Cipbits%2Citag%2Ckeepalive%2Clmt%2Cmime%2Cmm%2Cmn%2Cms%2Cmv%2Cpl%2Crequiressl%2Csource%2Cexpire&mt=1502242152&requiressl=yes&ip=131.159.40.117&signature=D5B5F12619C4AF45F7E6D90364B6FD35A7E88B63.C5DB7797310DA2F76008F4AE88EBDA4932274435&ei=tmaKWeiVNIWYcrzNobAL&keepalive=yes&source=youtube&lmt=1436962188708919&itag=171&clen=1902084&key=yt6&gir=yes&mime=audio%2Fwebm&ratebypass=yes", "player_url": null, "ext": "webm", "acodec": "vorbis", "format_note": "DASH audio", "abr": 128, "filesize": 1902084, "tbr": 91.124, "vcodec": "none", "format": "171 - audio only (DASH audio)", "protocol": "https", "http_headers": {"User-Agent": "Mozilla/5.0 (X11; Linux x86_64; rv:10.0) Gecko/20150101 Firefox/47.0 (Chrome)", "Accept-Charset": "ISO-8859-1,utf-8;q=0.7,*;q=0.7", "Accept": "text/html,application/xhtml+xml,application/xml;q=0.9,*/*;q=0.8", "Accept-Encoding": "gzip, deflate", "Accept-Language": "en-us,en;q=0.5"}}, {"format_id": "251", "url": "https://r5---sn-xjpm-q0nl.googlevideo.com/videoplayback?expire=1502264087&dur=176.941&ipbits=0&pl=16&id=o-AHt7QgdxbDlJRVv2fK5afWWczXLlySEGk35jv2HW4hFN&mn=sn-xjpm-q0nl&mm=31&ms=au&mv=u&sparams=clen%2Cdur%2Cei%2Cgir%2Cid%2Cip%2Cipbits%2Citag%2Ckeepalive%2Clmt%2Cmime%2Cmm%2Cmn%2Cms%2Cmv%2Cpl%2Crequiressl%2Csource%2Cexpire&mt=1502242152&requiressl=yes&ip=131.159.40.117&signature=136FD4BD844105D09842527CC4827139AE0DED33.22242CF9D6A1933A70AFBA6F9352E72556195B24&ei=tmaKWeiVNIWYcrzNobAL&keepalive=yes&source=youtube&lmt=1436962200167801&itag=251&clen=2304604&key=yt6&gir=yes&mime=audio%2Fwebm&ratebypass=yes", "player_url": null, "ext": "webm", "format_note": "DASH audio", "acodec": "opus", "abr": 160, "filesize": 2304604, "tbr": 115.581, "vcodec": "none", "format": "251 - audio only (DASH audio)", "protocol": "https", "http_headers": {"User-Agent": "Mozilla/5.0 (X11; Linux x86_64; rv:10.0) Gecko/20150101 Firefox/47.0 (Chrome)", "Accept-Charset": "ISO-8859-1,utf-8;q=0.7,*;q=0.7", "Accept": "text/html,application/xhtml+xml,application/xml;q=0.9,*/*;q=0.8", "Accept-Encoding": "gzip, deflate", "Accept-Language": "en-us,en;q=0.5"}}, {"ext": "m4a", "format_note": "DASH audio", "acodec": "mp4a.40.2", "abr": 128, "container": "m4a_dash", "format_id": "140", "url": "https://r5---sn-xjpm-q0nl.googlevideo.com/videoplayback?id=0e1d0c577ffcba55&itag=140&source=youtube&requiressl=yes&mv=u&ei=t2aKWey8Ho-Ocfn9tsAI&mn=sn-xjpm-q0nl&pl=16&mm=31&ms=au&ratebypass=yes&mime=audio/mp4&gir=yes&clen=2811862&lmt=1437572443762001&dur=177.005&key=dg_yt0&mt=1502242152&signature=3AEAD43724CC271BC9E0044BA8C2EDAEFF0C8CBF.6C4D843767FCE8B5B1777468FC38CC523EB99326&ip=131.159.40.117&ipbits=0&expire=1502264087&sparams=ip,ipbits,expire,id,itag,source,requiressl,mv,ei,mn,pl,mm,ms,ratebypass,mime,gir,clen,lmt,dur", "manifest_url": "https://manifest.googlevideo.com/api/manifest/dash/mv/u/ip/131.159.40.117/key/yt6/playback_host/r5---sn-xjpm-q0nl.googlevideo.com/ei/t2aKWey8Ho-Ocfn9tsAI/mn/sn-xjpm-q0nl/pl/16/hfr/1/mm/31/ipbits/0/itag/0/mt/1502242152/ms/au/id/0e1d0c577ffcba55/as/fmp4_audio_clear%2Cfmp4_sd_hd_clear/requiressl/yes/signature/097D3ED1242D2FC39321B6C49652CE40D08F40CA.649305A1C5F6CAA9FF19B144B58917AB501B7793/expire/1502264087/source/youtube/sparams/as%2Cei%2Chfr%2Cid%2Cip%2Cipbits%2Citag%2Cmm%2Cmn%2Cms%2Cmv%2Cpl%2Cplayback_host%2Crequiressl%2Csource%2Cexpire", "width": null, "height": null, "tbr": 127.78, "asr": 44100, "fps": null, "language": null, "filesize": 2811862, "vcodec": "none", "format": "140 - audio only (DASH audio)", "protocol": "https", "http_headers": {"User-Agent": "Mozilla/5.0 (X11; Linux x86_64; rv:10.0) Gecko/20150101 Firefox/47.0 (Chrome)", "Accept-Charset": "ISO-8859-1,utf-8;q=0.7,*;q=0.7", "Accept": "text/html,application/xhtml+xml,application/xml;q=0.9,*/*;q=0.8", "Accept-Encoding": "gzip, deflate", "Accept-Language": "en-us,en;q=0.5"}}, {"format_id": "278", "url": "https://r5---sn-xjpm-q0nl.googlevideo.com/videoplayback?expire=1502264087&dur=176.910&ipbits=0&pl=16&id=o-AHt7QgdxbDlJRVv2fK5afWWczXLlySEGk35jv2HW4hFN&mn=sn-xjpm-q0nl&mm=31&ms=au&mv=u&sparams=clen%2Cdur%2Cei%2Cgir%2Cid%2Cip%2Cipbits%2Citag%2Ckeepalive%2Clmt%2Cmime%2Cmm%2Cmn%2Cms%2Cmv%2Cpl%2Crequiressl%2Csource%2Cexpire&mt=1502242152&requiressl=yes&ip=131.159.40.117&signature=C7D13A826EFF2D482A2A23FE8BF3B2AA55628C14.9D42C96CF0B78BB22F16B3B6EC5DDC783E9A025C&ei=tmaKWeiVNIWYcrzNobAL&keepalive=yes&source=youtube&lmt=1436962288801340&itag=278&clen=1850503&key=yt6&gir=yes&mime=video%2Fwebm&ratebypass=yes", "player_url": null, "ext": "webm", "height": 144, "format_note": "144p", "container": "webm", "vcodec": "vp9", "filesize": 1850503, "tbr": 108.006, "width": 256, "fps": 15, "acodec": "none", "format": "278 - 256x144 (144p)", "protocol": "https", "http_headers": {"User-Agent": "Mozilla/5.0 (X11; Linux x86_64; rv:10.0) Gecko/20150101 Firefox/47.0 (Chrome)", "Accept-Charset": "ISO-8859-1,utf-8;q=0.7,*;q=0.7", "Accept": "text/html,application/xhtml+xml,application/xml;q=0.9,*/*;q=0.8", "Accept-Encoding": "gzip, deflate", "Accept-Language": "en-us,en;q=0.5"}}, {"ext": "mp4", "height": 144, "format_note": "DASH video", "vcodec": "avc1.4d400c", "format_id": "160", "url": "https://r5---sn-xjpm-q0nl.googlevideo.com/videoplayback?id=0e1d0c577ffcba55&itag=160&source=youtube&requiressl=yes&mv=u&ei=t2aKWey8Ho-Ocfn9tsAI&mn=sn-xjpm-q0nl&pl=16&mm=31&ms=au&ratebypass=yes&mime=video/mp4&gir=yes&clen=2416100&lmt=1437574929344179&dur=176.976&key=dg_yt0&mt=1502242152&signature=8BBEC1EFCC0DE10192F09EFD47BDB17E48F565E0.8E1CAF676618FC5935A1A02125FF088A8996BB83&ip=131.159.40.117&ipbits=0&expire=1502264087&sparams=ip,ipbits,expire,id,itag,source,requiressl,mv,ei,mn,pl,mm,ms,ratebypass,mime,gir,clen,lmt,dur", "manifest_url": "https://manifest.googlevideo.com/api/manifest/dash/mv/u/ip/131.159.40.117/key/yt6/playback_host/r5---sn-xjpm-q0nl.googlevideo.com/ei/t2aKWey8Ho-Ocfn9tsAI/mn/sn-xjpm-q0nl/pl/16/hfr/1/mm/31/ipbits/0/itag/0/mt/1502242152/ms/au/id/0e1d0c577ffcba55/as/fmp4_audio_clear%2Cfmp4_sd_hd_clear/requiressl/yes/signature/097D3ED1242D2FC39321B6C49652CE40D08F40CA.649305A1C5F6CAA9FF19B144B58917AB501B7793/expire/1502264087/source/youtube/sparams/as%2Cei%2Chfr%2Cid%2Cip%2Cipbits%2Citag%2Cmm%2Cmn%2Cms%2Cmv%2Cpl%2Cplayback_host%2Crequiressl%2Csource%2Cexpire", "width": 256, "tbr": 110.694, "asr": null, "fps": 15, "language": null, "filesize": 2416100, "acodec": "none", "format": "160 - 256x144 (DASH video)", "protocol": "https", "http_headers": {"User-Agent": "Mozilla/5.0 (X11; Linux x86_64; rv:10.0) Gecko/20150101 Firefox/47.0 (Chrome)", "Accept-Charset": "ISO-8859-1,utf-8;q=0.7,*;q=0.7", "Accept": "text/html,application/xhtml+xml,application/xml;q=0.9,*/*;q=0.8", "Accept-Encoding": "gzip, deflate", "Accept-Language": "en-us,en;q=0.5"}}, {"format_id": "242", "url": "https://r5---sn-xjpm-q0nl.googlevideo.com/videoplayback?expire=1502264087&dur=176.910&ipbits=0&pl=16&id=o-AHt7QgdxbDlJRVv2fK5afWWczXLlySEGk35jv2HW4hFN&mn=sn-xjpm-q0nl&mm=31&ms=au&mv=u&sparams=clen%2Cdur%2Cei%2Cgir%2Cid%2Cip%2Cipbits%2Citag%2Ckeepalive%2Clmt%2Cmime%2Cmm%2Cmn%2Cms%2Cmv%2Cpl%2Crequiressl%2Csource%2Cexpire&mt=1502242152&requiressl=yes&ip=131.159.40.117&signature=5DD0657AE12DF8D871AAB32E47D1CE6E4E14F18A.B8024D406BC8EE6BB3E99836DA95C0C156B25D35&ei=tmaKWeiVNIWYcrzNobAL&keepalive=yes&source=youtube&lmt=1436962247851896&itag=242&clen=2830257&key=yt6&gir=yes&mime=video%2Fwebm&ratebypass=yes", "player_url": null, "ext": "webm", "height": 240, "format_note": "240p", "vcodec": "vp9", "filesize": 2830257, "tbr": 210.682, "width": 426, "fps": 30, "acodec": "none", "format": "242 - 426x240 (240p)", "protocol": "https", "http_headers": {"User-Agent": "Mozilla/5.0 (X11; Linux x86_64; rv:10.0) Gecko/20150101 Firefox/47.0 (Chrome)", "Accept-Charset": "ISO-8859-1,utf-8;q=0.7,*;q=0.7", "Accept": "text/html,application/xhtml+xml,application/xml;q=0.9,*/*;q=0.8", "Accept-Encoding": "gzip, deflate", "Accept-Language": "en-us,en;q=0.5"}}, {"ext": "mp4", "height": 240, "format_note": "DASH video", "vcodec": "avc1.4d4015", "format_id": "133", "url": "https://r5---sn-xjpm-q0nl.googlevideo.com/videoplayback?id=0e1d0c577ffcba55&itag=133&source=youtube&requiressl=yes&mv=u&ei=t2aKWey8Ho-Ocfn9tsAI&mn=sn-xjpm-q0nl&pl=16&mm=31&ms=au&ratebypass=yes&mime=video/mp4&gir=yes&clen=5418073&lmt=1437574977599516&dur=176.943&key=dg_yt0&mt=1502242152&signature=7C5F40ACEBE8979239E3FB2DAFC55EED6F64EAC1.466D45D419CF7BC80B1734E6B39086E14E1E0DCF&ip=131.159.40.117&ipbits=0&expire=1502264087&sparams=ip,ipbits,expire,id,itag,source,requiressl,mv,ei,mn,pl,mm,ms,ratebypass,mime,gir,clen,lmt,dur", "manifest_url": "https://manifest.googlevideo.com/api/manifest/dash/mv/u/ip/131.159.40.117/key/yt6/playback_host/r5---sn-xjpm-q0nl.googlevideo.com/ei/t2aKWey8Ho-Ocfn9tsAI/mn/sn-xjpm-q0nl/pl/16/hfr/1/mm/31/ipbits/0/itag/0/mt/1502242152/ms/au/id/0e1d0c577ffcba55/as/fmp4_audio_clear%2Cfmp4_sd_hd_clear/requiressl/yes/signature/097D3ED1242D2FC39321B6C49652CE40D08F40CA.649305A1C5F6CAA9FF19B144B58917AB501B7793/expire/1502264087/source/youtube/sparams/as%2Cei%2Chfr%2Cid%2Cip%2Cipbits%2Citag%2Cmm%2Cmn%2Cms%2Cmv%2Cpl%2Cplayback_host%2Crequiressl%2Csource%2Cexpire", "width": 426, "tbr": 254.891, "asr": null, "fps": 30, "language": null, "filesize": 5418073, "acodec": "none", "format": "133 - 426x240 (DASH video)", "protocol": "https", "http_headers": {"User-Agent": "Mozilla/5.0 (X11; Linux x86_64; rv:10.0) Gecko/20150101 Firefox/47.0 (Chrome)", "Accept-Charset": "ISO-8859-1,utf-8;q=0.7,*;q=0.7", "Accept": "text/html,application/xhtml+xml,application/xml;q=0.9,*/*;q=0.8", "Accept-Encoding": "gzip, deflate", "Accept-Language": "en-us,en;q=0.5"}}, {"ext": "mp4", "height": 360, "format_note": "DASH video", "vcodec": "avc1.4d401e", "format_id": "134", "url": "https://r5---sn-xjpm-q0nl.googlevideo.com/videoplayback?id=0e1d0c577ffcba55&itag=134&source=youtube&requiressl=yes&mv=u&ei=t2aKWey8Ho-Ocfn9tsAI&mn=sn-xjpm-q0nl&pl=16&mm=31&ms=au&ratebypass=yes&mime=video/mp4&gir=yes&clen=5977051&lmt=1437574929344176&dur=176.943&key=dg_yt0&mt=1502242152&signature=4AE4729C5E3559C8449A0509BF2156FDEC0D0340.2840605A251A6B23FEEE588256DE2C31B8AAC02D&ip=131.159.40.117&ipbits=0&expire=1502264087&sparams=ip,ipbits,expire,id,itag,source,requiressl,mv,ei,mn,pl,mm,ms,ratebypass,mime,gir,clen,lmt,dur", "manifest_url": "https://manifest.googlevideo.com/api/manifest/dash/mv/u/ip/131.159.40.117/key/yt6/playback_host/r5---sn-xjpm-q0nl.googlevideo.com/ei/t2aKWey8Ho-Ocfn9tsAI/mn/sn-xjpm-q0nl/pl/16/hfr/1/mm/31/ipbits/0/itag/0/mt/1502242152/ms/au/id/0e1d0c577ffcba55/as/fmp4_audio_clear%2Cfmp4_sd_hd_clear/requiressl/yes/signature/097D3ED1242D2FC39321B6C49652CE40D08F40CA.649305A1C5F6CAA9FF19B144B58917AB501B7793/expire/1502264087/source/youtube/sparams/as%2Cei%2Chfr%2Cid%2Cip%2Cipbits%2Citag%2Cmm%2Cmn%2Cms%2Cmv%2Cpl%2Cplayback_host%2Crequiressl%2Csource%2Cexpire", "width": 640, "tbr": 366.624, "asr": null, "fps": 30, "language": null, "filesize": 5977051, "acodec": "none", "format": "134 - 640x360 (DASH video)", "protocol": "https", "http_headers": {"User-Agent": "Mozilla/5.0 (X11; Linux x86_64; rv:10.0) Gecko/20150101 Firefox/47.0 (Chrome)", "Accept-Charset": "ISO-8859-1,utf-8;q=0.7,*;q=0.7", "Accept": "text/html,application/xhtml+xml,application/xml;q=0.9,*/*;q=0.8", "Accept-Encoding": "gzip, deflate", "Accept-Language": "en-us,en;q=0.5"}}, {"format_id": "243", "url": "https://r5---sn-xjpm-q0nl.googlevideo.com/videoplayback?expire=1502264087&dur=176.910&ipbits=0&pl=16&id=o-AHt7QgdxbDlJRVv2fK5afWWczXLlySEGk35jv2HW4hFN&mn=sn-xjpm-q0nl&mm=31&ms=au&mv=u&sparams=clen%2Cdur%2Cei%2Cgir%2Cid%2Cip%2Cipbits%2Citag%2Ckeepalive%2Clmt%2Cmime%2Cmm%2Cmn%2Cms%2Cmv%2Cpl%2Crequiressl%2Csource%2Cexpire&mt=1502242152&requiressl=yes&ip=131.159.40.117&signature=2F1080E8A95327E0BDC1EE7678DDFC0C891F0563.2CB2B62F0D7E35CBA652C9955205901328441A45&ei=tmaKWeiVNIWYcrzNobAL&keepalive=yes&source=youtube&lmt=1436962260464392&itag=243&clen=5140623&key=yt6&gir=yes&mime=video%2Fwebm&ratebypass=yes", "player_url": null, "ext": "webm", "height": 360, "format_note": "360p", "vcodec": "vp9", "filesize": 5140623, "tbr": 385.908, "width": 640, "fps": 30, "acodec": "none", "format": "243 - 640x360 (360p)", "protocol": "https", "http_headers": {"User-Agent": "Mozilla/5.0 (X11; Linux x86_64; rv:10.0) Gecko/20150101 Firefox/47.0 (Chrome)", "Accept-Charset": "ISO-8859-1,utf-8;q=0.7,*;q=0.7", "Accept": "text/html,application/xhtml+xml,application/xml;q=0.9,*/*;q=0.8", "Accept-Encoding": "gzip, deflate", "Accept-Language": "en-us,en;q=0.5"}}, {"format_id": "244", "url": "https://r5---sn-xjpm-q0nl.googlevideo.com/videoplayback?expire=1502264087&dur=176.910&ipbits=0&pl=16&id=o-AHt7QgdxbDlJRVv2fK5afWWczXLlySEGk35jv2HW4hFN&mn=sn-xjpm-q0nl&mm=31&ms=au&mv=u&sparams=clen%2Cdur%2Cei%2Cgir%2Cid%2Cip%2Cipbits%2Citag%2Ckeepalive%2Clmt%2Cmime%2Cmm%2Cmn%2Cms%2Cmv%2Cpl%2Crequiressl%2Csource%2Cexpire&mt=1502242152&requiressl=yes&ip=131.159.40.117&signature=B52FDFA571771DE37C6E60BAC2C4C2E838C3CC30.3D1994AC54DD7CC46346FB0E17552582348FC692&ei=tmaKWeiVNIWYcrzNobAL&keepalive=yes&source=youtube&lmt=1436962408569146&itag=244&clen=8676843&key=yt6&gir=yes&mime=video%2Fwebm&ratebypass=yes", "player_url": null, "ext": "webm", "height": 480, "format_note": "480p", "vcodec": "vp9", "filesize": 8676843, "tbr": 661.353, "width": 854, "fps": 30, "acodec": "none", "format": "244 - 854x480 (480p)", "protocol": "https", "http_headers": {"User-Agent": "Mozilla/5.0 (X11; Linux x86_64; rv:10.0) Gecko/20150101 Firefox/47.0 (Chrome)", "Accept-Charset": "ISO-8859-1,utf-8;q=0.7,*;q=0.7", "Accept": "text/html,application/xhtml+xml,application/xml;q=0.9,*/*;q=0.8", "Accept-Encoding": "gzip, deflate", "Accept-Language": "en-us,en;q=0.5"}}, {"ext": "mp4", "height": 480, "format_note": "DASH video", "vcodec": "avc1.4d401f", "format_id": "135", "url": "https://r5---sn-xjpm-q0nl.googlevideo.com/videoplayback?id=0e1d0c577ffcba55&itag=135&source=youtube&requiressl=yes&mv=u&ei=t2aKWey8Ho-Ocfn9tsAI&mn=sn-xjpm-q0nl&pl=16&mm=31&ms=au&ratebypass=yes&mime=video/mp4&gir=yes&clen=12117192&lmt=1437574910976470&dur=176.943&key=dg_yt0&mt=1502242152&signature=0FFFEF7E6DF8A859BF2EDFF58B88CF22172F6E64.8B0A298A325F941B862CE676E1D1E5CCF8CB65A9&ip=131.159.40.117&ipbits=0&expire=1502264087&sparams=ip,ipbits,expire,id,itag,source,requiressl,mv,ei,mn,pl,mm,ms,ratebypass,mime,gir,clen,lmt,dur", "manifest_url": "https://manifest.googlevideo.com/api/manifest/dash/mv/u/ip/131.159.40.117/key/yt6/playback_host/r5---sn-xjpm-q0nl.googlevideo.com/ei/t2aKWey8Ho-Ocfn9tsAI/mn/sn-xjpm-q0nl/pl/16/hfr/1/mm/31/ipbits/0/itag/0/mt/1502242152/ms/au/id/0e1d0c577ffcba55/as/fmp4_audio_clear%2Cfmp4_sd_hd_clear/requiressl/yes/signature/097D3ED1242D2FC39321B6C49652CE40D08F40CA.649305A1C5F6CAA9FF19B144B58917AB501B7793/expire/1502264087/source/youtube/sparams/as%2Cei%2Chfr%2Cid%2Cip%2Cipbits%2Citag%2Cmm%2Cmn%2Cms%2Cmv%2Cpl%2Cplayback_host%2Crequiressl%2Csource%2Cexpire", "width": 854, "tbr": 683.555, "asr": null, "fps": 30, "language": null, "filesize": 12117192, "acodec": "none", "format": "135 - 854x480 (DASH video)", "protocol": "https", "http_headers": {"User-Agent": "Mozilla/5.0 (X11; Linux x86_64; rv:10.0) Gecko/20150101 Firefox/47.0 (Chrome)", "Accept-Charset": "ISO-8859-1,utf-8;q=0.7,*;q=0.7", "Accept": "text/html,application/xhtml+xml,application/xml;q=0.9,*/*;q=0.8", "Accept-Encoding": "gzip, deflate", "Accept-Language": "en-us,en;q=0.5"}}, {"format_id": "247", "url": "https://r5---sn-xjpm-q0nl.googlevideo.com/videoplayback?expire=1502264087&dur=176.910&ipbits=0&pl=16&id=o-AHt7QgdxbDlJRVv2fK5afWWczXLlySEGk35jv2HW4hFN&mn=sn-xjpm-q0nl&mm=31&ms=au&mv=u&sparams=clen%2Cdur%2Cei%2Cgir%2Cid%2Cip%2Cipbits%2Citag%2Ckeepalive%2Clmt%2Cmime%2Cmm%2Cmn%2Cms%2Cmv%2Cpl%2Crequiressl%2Csource%2Cexpire&mt=1502242152&requiressl=yes&ip=131.159.40.117&signature=1780C62E6D672987EE13F042052B4614B12ED655.33E8D613ED6D37F8AE790EEE9255E1931B95E579&ei=tmaKWeiVNIWYcrzNobAL&keepalive=yes&source=youtube&lmt=1436962355799051&itag=247&clen=18562893&key=yt6&gir=yes&mime=video%2Fwebm&ratebypass=yes", "player_url": null, "ext": "webm", "height": 720, "format_note": "720p", "vcodec": "vp9", "filesize": 18562893, "tbr": 1243.716, "width": 1280, "fps": 30, "acodec": "none", "format": "247 - 1280x720 (720p)", "protocol": "https", "http_headers": {"User-Agent": "Mozilla/5.0 (X11; Linux x86_64; rv:10.0) Gecko/20150101 Firefox/47.0 (Chrome)", "Accept-Charset": "ISO-8859-1,utf-8;q=0.7,*;q=0.7", "Accept": "text/html,application/xhtml+xml,application/xml;q=0.9,*/*;q=0.8", "Accept-Encoding": "gzip, deflate", "Accept-Language": "en-us,en;q=0.5"}}, {"ext": "mp4", "height": 720, "format_note": "DASH video", "vcodec": "avc1.4d401f", "format_id": "136", "url": "https://r5---sn-xjpm-q0nl.googlevideo.com/videoplayback?id=0e1d0c577ffcba55&itag=136&source=youtube&requiressl=yes&mv=u&ei=t2aKWey8Ho-Ocfn9tsAI&mn=sn-xjpm-q0nl&pl=16&mm=31&ms=au&ratebypass=yes&mime=video/mp4&gir=yes&clen=23762923&lmt=1437574929344141&dur=176.943&key=dg_yt0&mt=1502242152&signature=165E431FE0FE2B32CC7AAFEEEE05F5255EEA6622.8FD30E01FFFB10B59630EC7596210D058FAFD49B&ip=131.159.40.117&ipbits=0&expire=1502264087&sparams=ip,ipbits,expire,id,itag,source,requiressl,mv,ei,mn,pl,mm,ms,ratebypass,mime,gir,clen,lmt,dur", "manifest_url": "https://manifest.googlevideo.com/api/manifest/dash/mv/u/ip/131.159.40.117/key/yt6/playback_host/r5---sn-xjpm-q0nl.googlevideo.com/ei/t2aKWey8Ho-Ocfn9tsAI/mn/sn-xjpm-q0nl/pl/16/hfr/1/mm/31/ipbits/0/itag/0/mt/1502242152/ms/au/id/0e1d0c577ffcba55/as/fmp4_audio_clear%2Cfmp4_sd_hd_clear/requiressl/yes/signature/097D3ED1242D2FC39321B6C49652CE40D08F40CA.649305A1C5F6CAA9FF19B144B58917AB501B7793/expire/1502264087/source/youtube/sparams/as%2Cei%2Chfr%2Cid%2Cip%2Cipbits%2Citag%2Cmm%2Cmn%2Cms%2Cmv%2Cpl%2Cplayback_host%2Crequiressl%2Csource%2Cexpire", "width": 1280, "tbr": 1251.515, "asr": null, "fps": 30, "language": null, "filesize": 23762923, "acodec": "none", "format": "136 - 1280x720 (DASH video)", "protocol": "https", "http_headers": {"User-Agent": "Mozilla/5.0 (X11; Linux x86_64; rv:10.0) Gecko/20150101 Firefox/47.0 (Chrome)", "Accept-Charset": "ISO-8859-1,utf-8;q=0.7,*;q=0.7", "Accept": "text/html,application/xhtml+xml,application/xml;q=0.9,*/*;q=0.8", "Accept-Encoding": "gzip, deflate", "Accept-Language": "en-us,en;q=0.5"}}, {"format_id": "17", "url": "https://r5---sn-xjpm-q0nl.googlevideo.com/videoplayback?signature=845535D85291025F1F6826A690803EF53A017070.2BB9CF3572125C774933250DC4D5A0746B791EE0&ei=tmaKWeiVNIWYcrzNobAL&expire=1502264087&dur=177.121&ipbits=0&source=youtube&lmt=1436961800390052&itag=17&clen=1805642&ms=au&pl=16&id=o-AHt7QgdxbDlJRVv2fK5afWWczXLlySEGk35jv2HW4hFN&mn=sn-xjpm-q0nl&mm=31&key=yt6&gir=yes&mime=video%2F3gpp&mv=u&sparams=clen%2Cdur%2Cei%2Cgir%2Cid%2Cip%2Cipbits%2Citag%2Clmt%2Cmime%2Cmm%2Cmn%2Cms%2Cmv%2Cpl%2Crequiressl%2Csource%2Cexpire&mt=1502242152&requiressl=yes&ip=131.159.40.117&ratebypass=yes", "player_url": null, "ext": "3gp", "width": 176, "height": 144, "acodec": "mp4a.40.2", "abr": 24, "vcodec": "mp4v.20.3", "resolution": "176x144", "format_note": "small", "format": "17 - 176x144 (small)", "protocol": "https", "http_headers": {"User-Agent": "Mozilla/5.0 (X11; Linux x86_64; rv:10.0) Gecko/20150101 Firefox/47.0 (Chrome)", "Accept-Charset": "ISO-8859-1,utf-8;q=0.7,*;q=0.7", "Accept": "text/html,application/xhtml+xml,application/xml;q=0.9,*/*;q=0.8", "Accept-Encoding": "gzip, deflate", "Accept-Language": "en-us,en;q=0.5"}}, {"format_id": "36", "url": "https://r5---sn-xjpm-q0nl.googlevideo.com/videoplayback?signature=A803F20E0B30FF74DFD4C9F39A47E25198B01D2B.60A5D54B2DC866510AC771295C2C9558C0EB3C65&ei=tmaKWeiVNIWYcrzNobAL&expire=1502264087&dur=177.168&ipbits=0&source=youtube&lmt=1436961836311231&itag=36&clen=5029509&ms=au&pl=16&id=o-AHt7QgdxbDlJRVv2fK5afWWczXLlySEGk35jv2HW4hFN&mn=sn-xjpm-q0nl&mm=31&key=yt6&gir=yes&mime=video%2F3gpp&mv=u&sparams=clen%2Cdur%2Cei%2Cgir%2Cid%2Cip%2Cipbits%2Citag%2Clmt%2Cmime%2Cmm%2Cmn%2Cms%2Cmv%2Cpl%2Crequiressl%2Csource%2Cexpire&mt=1502242152&requiressl=yes&ip=131.159.40.117&ratebypass=yes", "player_url": null, "ext": "3gp", "width": 320, "acodec": "mp4a.40.2", "vcodec": "mp4v.20.3", "resolution": "320x180", "height": 180, "format_note": "small", "format": "36 - 320x180 (small)", "protocol": "https", "http_headers": {"User-Agent": "Mozilla/5.0 (X11; Linux x86_64; rv:10.0) Gecko/20150101 Firefox/47.0 (Chrome)", "Accept-Charset": "ISO-8859-1,utf-8;q=0.7,*;q=0.7", "Accept": "text/html,application/xhtml+xml,application/xml;q=0.9,*/*;q=0.8", "Accept-Encoding": "gzip, deflate", "Accept-Language": "en-us,en;q=0.5"}}, {"format_id": "43", "url": "https://r5---sn-xjpm-q0nl.googlevideo.com/videoplayback?expire=1502264087&ratebypass=yes&dur=0.000&ipbits=0&pl=16&id=o-AHt7QgdxbDlJRVv2fK5afWWczXLlySEGk35jv2HW4hFN&mn=sn-xjpm-q0nl&mm=31&ms=au&mv=u&sparams=clen%2Cdur%2Cei%2Cgir%2Cid%2Cip%2Cipbits%2Citag%2Clmt%2Cmime%2Cmm%2Cmn%2Cms%2Cmv%2Cpl%2Cratebypass%2Crequiressl%2Csource%2Cexpire&mt=1502242152&requiressl=yes&ip=131.159.40.117&signature=8B2FA5314F5089B9A35C9861D1B1290A66FDE869.44CECCE7DC8F6149C3925FEE1E6BA91F6D43387A&ei=tmaKWeiVNIWYcrzNobAL&source=youtube&lmt=1436962219231846&itag=43&clen=13874852&key=yt6&gir=yes&mime=video%2Fwebm", "player_url": null, "ext": "webm", "width": 640, "height": 360, "acodec": "vorbis", "abr": 128, "vcodec": "vp8.0", "resolution": "640x360", "format_note": "medium", "format": "43 - 640x360 (medium)", "protocol": "https", "http_headers": {"User-Agent": "Mozilla/5.0 (X11; Linux x86_64; rv:10.0) Gecko/20150101 Firefox/47.0 (Chrome)", "Accept-Charset": "ISO-8859-1,utf-8;q=0.7,*;q=0.7", "Accept": "text/html,application/xhtml+xml,application/xml;q=0.9,*/*;q=0.8", "Accept-Encoding": "gzip, deflate", "Accept-Language": "en-us,en;q=0.5"}}, {"format_id": "18", "url": "https://r5---sn-xjpm-q0nl.googlevideo.com/videoplayback?expire=1502264087&ratebypass=yes&dur=177.005&ipbits=0&pl=16&id=o-AHt7QgdxbDlJRVv2fK5afWWczXLlySEGk35jv2HW4hFN&mn=sn-xjpm-q0nl&mm=31&ms=au&mv=u&sparams=clen%2Cdur%2Cei%2Cgir%2Cid%2Cip%2Cipbits%2Citag%2Clmt%2Cmime%2Cmm%2Cmn%2Cms%2Cmv%2Cpl%2Cratebypass%2Crequiressl%2Csource%2Cexpire&mt=1502242152&requiressl=yes&ip=131.159.40.117&signature=55968DBEFEE9D929C9E344A4FC0384C340267E6D.203961E2563AE2E8D240ADF81B6BC5CC6B857836&ei=tmaKWeiVNIWYcrzNobAL&source=youtube&lmt=1437573443949761&itag=18&clen=10687672&key=yt6&gir=yes&mime=video%2Fmp4", "player_url": null, "ext": "mp4", "width": 640, "height": 360, "acodec": "mp4a.40.2", "abr": 96, "vcodec": "avc1.42001E", "resolution": "640x360", "format_note": "medium", "format": "18 - 640x360 (medium)", "protocol": "https", "http_headers": {"User-Agent": "Mozilla/5.0 (X11; Linux x86_64; rv:10.0) Gecko/20150101 Firefox/47.0 (Chrome)", "Accept-Charset": "ISO-8859-1,utf-8;q=0.7,*;q=0.7", "Accept": "text/html,application/xhtml+xml,application/xml;q=0.9,*/*;q=0.8", "Accept-Encoding": "gzip, deflate", "Accept-Language": "en-us,en;q=0.5"}}, {"format_id": "22", "url": "https://r5---sn-xjpm-q0nl.googlevideo.com/videoplayback?itag=22&signature=2A3B0CB0C1D3C600A589ED9D10D48D8AF902E925.ACBC81FBA603AC1C48D2A3E26638F315D65C5B7D&ei=tmaKWeiVNIWYcrzNobAL&expire=1502264087&mt=1502242152&ratebypass=yes&pl=16&id=o-AHt7QgdxbDlJRVv2fK5afWWczXLlySEGk35jv2HW4hFN&key=yt6&mn=sn-xjpm-q0nl&dur=177.005&ipbits=0&mm=31&ms=au&mime=video%2Fmp4&mv=u&sparams=dur%2Cei%2Cid%2Cip%2Cipbits%2Citag%2Clmt%2Cmime%2Cmm%2Cmn%2Cms%2Cmv%2Cpl%2Cratebypass%2Crequiressl%2Csource%2Cexpire&source=youtube&lmt=1471441561807385&requiressl=yes&ip=131.159.40.117", "player_url": null, "ext": "mp4", "width": 1280, "height": 720, "acodec": "mp4a.40.2", "abr": 192, "vcodec": "avc1.64001F", "resolution": "1280x720", "format_note": "hd720", "format": "22 - 1280x720 (hd720)", "protocol": "https", "http_headers": {"User-Agent": "Mozilla/5.0 (X11; Linux x86_64; rv:10.0) Gecko/20150101 Firefox/47.0 (Chrome)", "Accept-Charset": "ISO-8859-1,utf-8;q=0.7,*;q=0.7", "Accept": "text/html,application/xhtml+xml,application/xml;q=0.9,*/*;q=0.8", "Accept-Encoding": "gzip, deflate", "Accept-Language": "en-us,en;q=0.5"}}], "is_live": null, "start_time": null, "end_time": null, "series": null, "season_number": null, "episode_number": null, "extractor": "youtube", "webpage_url_basename": "Dh0MV3_8ulU", "extractor_key": "Youtube", "playlist": null, "playlist_index": null, "thumbnails": [{"url": "https://i.ytimg.com/vi/Dh0MV3_8ulU/default.jpg", "id": "0"}], "display_id": "Dh0MV3_8ulU", "ext": "mp4", "height": 720, "format_note": "DASH video", "vcodec": "avc1.4d401f", "format_id": "136", "url": "https://r5---sn-xjpm-q0nl.googlevideo.com/videoplayback?id=0e1d0c577ffcba55&itag=136&source=youtube&requiressl=yes&mv=u&ei=t2aKWey8Ho-Ocfn9tsAI&mn=sn-xjpm-q0nl&pl=16&mm=31&ms=au&ratebypass=yes&mime=video/mp4&gir=yes&clen=23762923&lmt=1437574929344141&dur=176.943&key=dg_yt0&mt=1502242152&signature=165E431FE0FE2B32CC7AAFEEEE05F5255EEA6622.8FD30E01FFFB10B59630EC7596210D058FAFD49B&ip=131.159.40.117&ipbits=0&expire=1502264087&sparams=ip,ipbits,expire,id,itag,source,requiressl,mv,ei,mn,pl,mm,ms,ratebypass,mime,gir,clen,lmt,dur", "manifest_url": "https://manifest.googlevideo.com/api/manifest/dash/mv/u/ip/131.159.40.117/key/yt6/playback_host/r5---sn-xjpm-q0nl.googlevideo.com/ei/t2aKWey8Ho-Ocfn9tsAI/mn/sn-xjpm-q0nl/pl/16/hfr/1/mm/31/ipbits/0/itag/0/mt/1502242152/ms/au/id/0e1d0c577ffcba55/as/fmp4_audio_clear%2Cfmp4_sd_hd_clear/requiressl/yes/signature/097D3ED1242D2FC39321B6C49652CE40D08F40CA.649305A1C5F6CAA9FF19B144B58917AB501B7793/expire/1502264087/source/youtube/sparams/as%2Cei%2Chfr%2Cid%2Cip%2Cipbits%2Citag%2Cmm%2Cmn%2Cms%2Cmv%2Cpl%2Cplayback_host%2Crequiressl%2Csource%2Cexpire", "width": 1280, "tbr": 1251.515, "asr": null, "fps": 30, "language": null, "filesize": 23762923, "acodec": "none", "format": "136 - 1280x720 (DASH video)", "protocol": "https", "http_headers": {"User-Agent": "Mozilla/5.0 (X11; Linux x86_64; rv:10.0) Gecko/20150101 Firefox/47.0 (Chrome)", "Accept-Charset": "ISO-8859-1,utf-8;q=0.7,*;q=0.7", "Accept": "text/html,application/xhtml+xml,application/xml;q=0.9,*/*;q=0.8", "Accept-Encoding": "gzip, deflate", "Accept-Language": "en-us,en;q=0.5"}, "fulltitle": "Jade Helm in Bastrop", "_filename": "Dh0MV3_8ulU.mp4"}