{"id": "BYPw2wrSlOw", "uploader": "Cunaaye", "uploader_id": null, "uploader_url": null, "upload_date": null, "license": null, "creator": null, "title": "Warbixinta Maanta Aljazeera ee Soo dhawayntii Mudane Farmaajo", "alt_title": null, "thumbnail": "https://i.ytimg.com/vi/BYPw2wrSlOw/default.jpg", "description": "", "categories": null, "tags": [], "subtitles": {}, "automatic_captions": {}, "duration": 177, "age_limit": 0, "annotations": null, "chapters": null, "webpage_url": "https://www.youtube.com/watch?v=BYPw2wrSlOw", "view_count": 69864, "like_count": null, "dislike_count": null, "average_rating": 4.78947353363, "formats": [{"ext": "m4a", "format_note": "DASH audio", "acodec": "mp4a.40.5", "abr": 48, "container": "m4a_dash", "format_id": "139", "url": "https://r5---sn-xjpm-q0nl.googlevideo.com/videoplayback?id=0583f0db0ad294ec&itag=139&source=youtube&requiressl=yes&mm=31&mv=u&pl=21&ms=au&mn=sn-xjpm-q0nl&ei=JHGLWeCpB4ToW9T-pqgM&ratebypass=yes&mime=audio/mp4&gir=yes&clen=1055950&lmt=1443068637367992&dur=177.028&key=dg_yt0&mt=1502310212&signature=3D5DD3FB32A99EAFB8A1819469AEF0BCB2DBA322.6A682F381749E38F216593224303633AE2E046A0&ip=131.159.40.117&ipbits=0&expire=1502332292&sparams=ip,ipbits,expire,id,itag,source,requiressl,mm,mv,pl,ms,mn,ei,ratebypass,mime,gir,clen,lmt,dur", "manifest_url": "https://manifest.googlevideo.com/api/manifest/dash/ip/131.159.40.117/key/yt6/sparams/as%2Cei%2Chfr%2Cid%2Cip%2Cipbits%2Citag%2Cmm%2Cmn%2Cms%2Cmv%2Cpl%2Cplayback_host%2Crequiressl%2Csource%2Cexpire/hfr/1/mm/31/itag/0/playback_host/r5---sn-xjpm-q0nl.googlevideo.com/mt/1502310212/signature/DF36591DEA59F783E88A9335F38ED224FE65FC65.54E0ADC6CA3890C3110F4437971249EDE5BCB195/mv/u/pl/21/id/0583f0db0ad294ec/requiressl/yes/ms/au/source/youtube/ipbits/0/as/fmp4_audio_clear%2Cfmp4_sd_hd_clear/mn/sn-xjpm-q0nl/expire/1502332292/ei/JHGLWeCpB4ToW9T-pqgM", "width": null, "height": null, "tbr": 49.245, "asr": 22050, "fps": null, "language": null, "filesize": 1055950, "vcodec": "none", "format": "139 - audio only (DASH audio)", "protocol": "https", "http_headers": {"User-Agent": "Mozilla/5.0 (X11; Linux x86_64; rv:10.0) Gecko/20150101 Firefox/47.0 (Chrome)", "Accept-Charset": "ISO-8859-1,utf-8;q=0.7,*;q=0.7", "Accept": "text/html,application/xhtml+xml,application/xml;q=0.9,*/*;q=0.8", "Accept-Encoding": "gzip, deflate", "Accept-Language": "en-us,en;q=0.5"}}, {"format_id": "249", "url": "https://r5---sn-xjpm-q0nl.googlevideo.com/videoplayback?itag=249&mime=audio%2Fwebm&ipbits=0&mt=1502310212&signature=0894438C2B4A49AB9A171175550BD502CCF3DD55.33963A1B881DE9F1CFCC6F81A1B2E172914B28DF&requiressl=yes&clen=1117050&ms=au&keepalive=yes&ei=I3GLWZD8IYjrWrb8luAI&mv=u&source=youtube&pl=21&dur=176.881&lmt=1423904570455842&ip=131.159.40.117&id=o-ACgd24oVwNsDxy_i8iGJ8kasAGYjzvVgLrpSk_DSFreO&mn=sn-xjpm-q0nl&mm=31&gir=yes&key=yt6&expire=1502332291&sparams=clen%2Cdur%2Cei%2Cgir%2Cid%2Cip%2Cipbits%2Citag%2Ckeepalive%2Clmt%2Cmime%2Cmm%2Cmn%2Cms%2Cmv%2Cpl%2Crequiressl%2Csource%2Cexpire&ratebypass=yes", "player_url": null, "ext": "webm", "format_note": "DASH audio", "acodec": "opus", "abr": 50, "filesize": 1117050, "tbr": 51.896, "vcodec": "none", "format": "249 - audio only (DASH audio)", "protocol": "https", "http_headers": {"User-Agent": "Mozilla/5.0 (X11; Linux x86_64; rv:10.0) Gecko/20150101 Firefox/47.0 (Chrome)", "Accept-Charset": "ISO-8859-1,utf-8;q=0.7,*;q=0.7", "Accept": "text/html,application/xhtml+xml,application/xml;q=0.9,*/*;q=0.8", "Accept-Encoding": "gzip, deflate", "Accept-Language": "en-us,en;q=0.5"}}, {"format_id": "250", "url": "https://r5---sn-xjpm-q0nl.googlevideo.com/videoplayback?itag=250&mime=audio%2Fwebm&ipbits=0&mt=1502310212&signature=6A54D5DB6FBBAED5886DD76EF20CEBD71BED5502.4F12CC903169875D56E42310F2E95EA652F2D034&requiressl=yes&clen=1334496&ms=au&keepalive=yes&ei=I3GLWZD8IYjrWrb8luAI&mv=u&source=youtube&pl=21&dur=176.881&lmt=1423904629471855&ip=131.159.40.117&id=o-ACgd24oVwNsDxy_i8iGJ8kasAGYjzvVgLrpSk_DSFreO&mn=sn-xjpm-q0nl&mm=31&gir=yes&key=yt6&expire=1502332291&sparams=clen%2Cdur%2Cei%2Cgir%2Cid%2Cip%2Cipbits%2Citag%2Ckeepalive%2Clmt%2Cmime%2Cmm%2Cmn%2Cms%2Cmv%2Cpl%2Crequiressl%2Csource%2Cexpire&ratebypass=yes", "player_url": null, "ext": "webm", "format_note": "DASH audio", "acodec": "opus", "abr": 70, "filesize": 1334496, "tbr": 73.382, "vcodec": "none", "format": "250 - audio only (DASH audio)", "protocol": "https", "http_headers": {"User-Agent": "Mozilla/5.0 (X11; Linux x86_64; rv:10.0) Gecko/20150101 Firefox/47.0 (Chrome)", "Accept-Charset": "ISO-8859-1,utf-8;q=0.7,*;q=0.7", "Accept": "text/html,application/xhtml+xml,application/xml;q=0.9,*/*;q=0.8", "Accept-Encoding": "gzip, deflate", "Accept-Language": "en-us,en;q=0.5"}}, {"format_id": "171", "url": "https://r5---sn-xjpm-q0nl.googlevideo.com/videoplayback?itag=171&mime=audio%2Fwebm&ipbits=0&mt=1502310212&signature=8DBD79FB346A7D66AC10ABFF065C1641B618825F.6E9835B294A8DBC75B51B1E6496B9CF77A3FBAA7&requiressl=yes&clen=2169450&ms=au&keepalive=yes&ei=I3GLWZD8IYjrWrb8luAI&mv=u&source=youtube&pl=21&dur=176.885&lmt=1423904567173246&ip=131.159.40.117&id=o-ACgd24oVwNsDxy_i8iGJ8kasAGYjzvVgLrpSk_DSFreO&mn=sn-xjpm-q0nl&mm=31&gir=yes&key=yt6&expire=1502332291&sparams=clen%2Cdur%2Cei%2Cgir%2Cid%2Cip%2Cipbits%2Citag%2Ckeepalive%2Clmt%2Cmime%2Cmm%2Cmn%2Cms%2Cmv%2Cpl%2Crequiressl%2Csource%2Cexpire&ratebypass=yes", "player_url": null, "ext": "webm", "acodec": "vorbis", "format_note": "DASH audio", "abr": 128, "filesize": 2169450, "tbr": 107.058, "vcodec": "none", "format": "171 - audio only (DASH audio)", "protocol": "https", "http_headers": {"User-Agent": "Mozilla/5.0 (X11; Linux x86_64; rv:10.0) Gecko/20150101 Firefox/47.0 (Chrome)", "Accept-Charset": "ISO-8859-1,utf-8;q=0.7,*;q=0.7", "Accept": "text/html,application/xhtml+xml,application/xml;q=0.9,*/*;q=0.8", "Accept-Encoding": "gzip, deflate", "Accept-Language": "en-us,en;q=0.5"}}, {"ext": "m4a", "format_note": "DASH audio", "acodec": "mp4a.40.2", "abr": 128, "container": "m4a_dash", "format_id": "140", "url": "https://r5---sn-xjpm-q0nl.googlevideo.com/videoplayback?id=0583f0db0ad294ec&itag=140&source=youtube&requiressl=yes&mm=31&mv=u&pl=21&ms=au&mn=sn-xjpm-q0nl&ei=JHGLWeCpB4ToW9T-pqgM&ratebypass=yes&mime=audio/mp4&gir=yes&clen=2810756&lmt=1443068638119012&dur=176.936&key=dg_yt0&mt=1502310212&signature=8D5CBEF0110CFF3125F2AAC53DE4827B3C696583.2303F728271084CD8C1D4356DEE231F65CFF5D7A&ip=131.159.40.117&ipbits=0&expire=1502332292&sparams=ip,ipbits,expire,id,itag,source,requiressl,mm,mv,pl,ms,mn,ei,ratebypass,mime,gir,clen,lmt,dur", "manifest_url": "https://manifest.googlevideo.com/api/manifest/dash/ip/131.159.40.117/key/yt6/sparams/as%2Cei%2Chfr%2Cid%2Cip%2Cipbits%2Citag%2Cmm%2Cmn%2Cms%2Cmv%2Cpl%2Cplayback_host%2Crequiressl%2Csource%2Cexpire/hfr/1/mm/31/itag/0/playback_host/r5---sn-xjpm-q0nl.googlevideo.com/mt/1502310212/signature/DF36591DEA59F783E88A9335F38ED224FE65FC65.54E0ADC6CA3890C3110F4437971249EDE5BCB195/mv/u/pl/21/id/0583f0db0ad294ec/requiressl/yes/ms/au/source/youtube/ipbits/0/as/fmp4_audio_clear%2Cfmp4_sd_hd_clear/mn/sn-xjpm-q0nl/expire/1502332292/ei/JHGLWeCpB4ToW9T-pqgM", "width": null, "height": null, "tbr": 127.96, "asr": 44100, "fps": null, "language": null, "filesize": 2810756, "vcodec": "none", "format": "140 - audio only (DASH audio)", "protocol": "https", "http_headers": {"User-Agent": "Mozilla/5.0 (X11; Linux x86_64; rv:10.0) Gecko/20150101 Firefox/47.0 (Chrome)", "Accept-Charset": "ISO-8859-1,utf-8;q=0.7,*;q=0.7", "Accept": "text/html,application/xhtml+xml,application/xml;q=0.9,*/*;q=0.8", "Accept-Encoding": "gzip, deflate", "Accept-Language": "en-us,en;q=0.5"}}, {"format_id": "251", "url": "https://r5---sn-xjpm-q0nl.googlevideo.com/videoplayback?itag=251&mime=audio%2Fwebm&ipbits=0&mt=1502310212&signature=92FBBAAF50DF4628DAE8A988E0F1A500CA9E6813.9FA0F90DA46A9086EFD29299EE7BAF09C033E743&requiressl=yes&clen=3123770&ms=au&keepalive=yes&ei=I3GLWZD8IYjrWrb8luAI&mv=u&source=youtube&pl=21&dur=176.881&lmt=1423904579252804&ip=131.159.40.117&id=o-ACgd24oVwNsDxy_i8iGJ8kasAGYjzvVgLrpSk_DSFreO&mn=sn-xjpm-q0nl&mm=31&gir=yes&key=yt6&expire=1502332291&sparams=clen%2Cdur%2Cei%2Cgir%2Cid%2Cip%2Cipbits%2Citag%2Ckeepalive%2Clmt%2Cmime%2Cmm%2Cmn%2Cms%2Cmv%2Cpl%2Crequiressl%2Csource%2Cexpire&ratebypass=yes", "player_url": null, "ext": "webm", "format_note": "DASH audio", "acodec": "opus", "abr": 160, "filesize": 3123770, "tbr": 155.053, "vcodec": "none", "format": "251 - audio only (DASH audio)", "protocol": "https", "http_headers": {"User-Agent": "Mozilla/5.0 (X11; Linux x86_64; rv:10.0) Gecko/20150101 Firefox/47.0 (Chrome)", "Accept-Charset": "ISO-8859-1,utf-8;q=0.7,*;q=0.7", "Accept": "text/html,application/xhtml+xml,application/xml;q=0.9,*/*;q=0.8", "Accept-Encoding": "gzip, deflate", "Accept-Language": "en-us,en;q=0.5"}}, {"format_id": "278", "url": "https://r5---sn-xjpm-q0nl.googlevideo.com/videoplayback?itag=278&mime=video%2Fwebm&ipbits=0&mt=1502310212&signature=13837062DCBEF662EABA0287E43CFD38794E508D.8E92C55502761BE0D186A24BA3D8CCD8CED664F6&requiressl=yes&clen=1600057&ms=au&keepalive=yes&ei=I3GLWZD8IYjrWrb8luAI&mv=u&source=youtube&pl=21&dur=176.880&lmt=1423904616873918&ip=131.159.40.117&id=o-ACgd24oVwNsDxy_i8iGJ8kasAGYjzvVgLrpSk_DSFreO&mn=sn-xjpm-q0nl&mm=31&gir=yes&key=yt6&expire=1502332291&sparams=clen%2Cdur%2Cei%2Cgir%2Cid%2Cip%2Cipbits%2Citag%2Ckeepalive%2Clmt%2Cmime%2Cmm%2Cmn%2Cms%2Cmv%2Cpl%2Crequiressl%2Csource%2Cexpire&ratebypass=yes", "player_url": null, "ext": "webm", "height": 144, "format_note": "144p", "container": "webm", "vcodec": "vp9", "filesize": 1600057, "tbr": 86.942, "width": 192, "fps": 13, "acodec": "none", "format": "278 - 192x144 (144p)", "protocol": "https", "http_headers": {"User-Agent": "Mozilla/5.0 (X11; Linux x86_64; rv:10.0) Gecko/20150101 Firefox/47.0 (Chrome)", "Accept-Charset": "ISO-8859-1,utf-8;q=0.7,*;q=0.7", "Accept": "text/html,application/xhtml+xml,application/xml;q=0.9,*/*;q=0.8", "Accept-Encoding": "gzip, deflate", "Accept-Language": "en-us,en;q=0.5"}}, {"ext": "mp4", "height": 144, "format_note": "DASH video", "vcodec": "avc1.42c00c", "format_id": "160", "url": "https://r5---sn-xjpm-q0nl.googlevideo.com/videoplayback?id=0583f0db0ad294ec&itag=160&source=youtube&requiressl=yes&mm=31&mv=u&pl=21&ms=au&mn=sn-xjpm-q0nl&ei=JHGLWeCpB4ToW9T-pqgM&ratebypass=yes&mime=video/mp4&gir=yes&clen=2408138&lmt=1443068742885496&dur=176.880&key=dg_yt0&mt=1502310212&signature=862F7555DE7459B5BD9A70BC7FEE074E65632FD4.557ED63075654D05ADDE95AADB4439A15109E94B&ip=131.159.40.117&ipbits=0&expire=1502332292&sparams=ip,ipbits,expire,id,itag,source,requiressl,mm,mv,pl,ms,mn,ei,ratebypass,mime,gir,clen,lmt,dur", "manifest_url": "https://manifest.googlevideo.com/api/manifest/dash/ip/131.159.40.117/key/yt6/sparams/as%2Cei%2Chfr%2Cid%2Cip%2Cipbits%2Citag%2Cmm%2Cmn%2Cms%2Cmv%2Cpl%2Cplayback_host%2Crequiressl%2Csource%2Cexpire/hfr/1/mm/31/itag/0/playback_host/r5---sn-xjpm-q0nl.googlevideo.com/mt/1502310212/signature/DF36591DEA59F783E88A9335F38ED224FE65FC65.54E0ADC6CA3890C3110F4437971249EDE5BCB195/mv/u/pl/21/id/0583f0db0ad294ec/requiressl/yes/ms/au/source/youtube/ipbits/0/as/fmp4_audio_clear%2Cfmp4_sd_hd_clear/mn/sn-xjpm-q0nl/expire/1502332292/ei/JHGLWeCpB4ToW9T-pqgM", "width": 192, "tbr": 110.951, "asr": null, "fps": 13, "language": null, "filesize": 2408138, "acodec": "none", "format": "160 - 192x144 (DASH video)", "protocol": "https", "http_headers": {"User-Agent": "Mozilla/5.0 (X11; Linux x86_64; rv:10.0) Gecko/20150101 Firefox/47.0 (Chrome)", "Accept-Charset": "ISO-8859-1,utf-8;q=0.7,*;q=0.7", "Accept": "text/html,application/xhtml+xml,application/xml;q=0.9,*/*;q=0.8", "Accept-Encoding": "gzip, deflate", "Accept-Language": "en-us,en;q=0.5"}}, {"format_id": "242", "url": "https://r5---sn-xjpm-q0nl.googlevideo.com/videoplayback?itag=242&mime=video%2Fwebm&ipbits=0&mt=1502310212&signature=05E4E5CF5E937502CB11FC10C3DBAA521AB52A9C.B66DC7CD5AF85380266D71E1C338020C943DE4C7&requiressl=yes&clen=4044940&ms=au&keepalive=yes&ei=I3GLWZD8IYjrWrb8luAI&mv=u&source=youtube&pl=21&dur=176.840&lmt=1423904616327466&ip=131.159.40.117&id=o-ACgd24oVwNsDxy_i8iGJ8kasAGYjzvVgLrpSk_DSFreO&mn=sn-xjpm-q0nl&mm=31&gir=yes&key=yt6&expire=1502332291&sparams=clen%2Cdur%2Cei%2Cgir%2Cid%2Cip%2Cipbits%2Citag%2Ckeepalive%2Clmt%2Cmime%2Cmm%2Cmn%2Cms%2Cmv%2Cpl%2Crequiressl%2Csource%2Cexpire&ratebypass=yes", "player_url": null, "ext": "webm", "height": 240, "format_note": "240p", "vcodec": "vp9", "filesize": 4044940, "tbr": 241.927, "width": 320, "fps": 25, "acodec": "none", "format": "242 - 320x240 (240p)", "protocol": "https", "http_headers": {"User-Agent": "Mozilla/5.0 (X11; Linux x86_64; rv:10.0) Gecko/20150101 Firefox/47.0 (Chrome)", "Accept-Charset": "ISO-8859-1,utf-8;q=0.7,*;q=0.7", "Accept": "text/html,application/xhtml+xml,application/xml;q=0.9,*/*;q=0.8", "Accept-Encoding": "gzip, deflate", "Accept-Language": "en-us,en;q=0.5"}}, {"ext": "mp4", "height": 240, "format_note": "DASH video", "vcodec": "avc1.4d400d", "format_id": "133", "url": "https://r5---sn-xjpm-q0nl.googlevideo.com/videoplayback?id=0583f0db0ad294ec&itag=133&source=youtube&requiressl=yes&mm=31&mv=u&pl=21&ms=au&mn=sn-xjpm-q0nl&ei=JHGLWeCpB4ToW9T-pqgM&ratebypass=yes&mime=video/mp4&gir=yes&clen=5394183&lmt=1443068744067676&dur=176.880&key=dg_yt0&mt=1502310212&signature=73AA7D0958009CDA11654017F9B5C5AE89AD84A3.793DA417109CF496403E243BC3A781124039E846&ip=131.159.40.117&ipbits=0&expire=1502332292&sparams=ip,ipbits,expire,id,itag,source,requiressl,mm,mv,pl,ms,mn,ei,ratebypass,mime,gir,clen,lmt,dur", "manifest_url": "https://manifest.googlevideo.com/api/manifest/dash/ip/131.159.40.117/key/yt6/sparams/as%2Cei%2Chfr%2Cid%2Cip%2Cipbits%2Citag%2Cmm%2Cmn%2Cms%2Cmv%2Cpl%2Cplayback_host%2Crequiressl%2Csource%2Cexpire/hfr/1/mm/31/itag/0/playback_host/r5---sn-xjpm-q0nl.googlevideo.com/mt/1502310212/signature/DF36591DEA59F783E88A9335F38ED224FE65FC65.54E0ADC6CA3890C3110F4437971249EDE5BCB195/mv/u/pl/21/id/0583f0db0ad294ec/requiressl/yes/ms/au/source/youtube/ipbits/0/as/fmp4_audio_clear%2Cfmp4_sd_hd_clear/mn/sn-xjpm-q0nl/expire/1502332292/ei/JHGLWeCpB4ToW9T-pqgM", "width": 320, "tbr": 247.315, "asr": null, "fps": 25, "language": null, "filesize": 5394183, "acodec": "none", "format": "133 - 320x240 (DASH video)", "protocol": "https", "http_headers": {"User-Agent": "Mozilla/5.0 (X11; Linux x86_64; rv:10.0) Gecko/20150101 Firefox/47.0 (Chrome)", "Accept-Charset": "ISO-8859-1,utf-8;q=0.7,*;q=0.7", "Accept": "text/html,application/xhtml+xml,application/xml;q=0.9,*/*;q=0.8", "Accept-Encoding": "gzip, deflate", "Accept-Language": "en-us,en;q=0.5"}}, {"format_id": "243", "url": "https://r5---sn-xjpm-q0nl.googlevideo.com/videoplayback?itag=243&mime=video%2Fwebm&ipbits=0&mt=1502310212&signature=7F42CD42402468EA4B3DEE495768091F79DC8D09.B1B8DED1FA4E91E91B9A4A8C64E030CE513CEA28&requiressl=yes&clen=7308409&ms=au&keepalive=yes&ei=I3GLWZD8IYjrWrb8luAI&mv=u&source=youtube&pl=21&dur=176.840&lmt=1423904634827753&ip=131.159.40.117&id=o-ACgd24oVwNsDxy_i8iGJ8kasAGYjzvVgLrpSk_DSFreO&mn=sn-xjpm-q0nl&mm=31&gir=yes&key=yt6&expire=1502332291&sparams=clen%2Cdur%2Cei%2Cgir%2Cid%2Cip%2Cipbits%2Citag%2Ckeepalive%2Clmt%2Cmime%2Cmm%2Cmn%2Cms%2Cmv%2Cpl%2Crequiressl%2Csource%2Cexpire&ratebypass=yes", "player_url": null, "ext": "webm", "height": 360, "format_note": "360p", "vcodec": "vp9", "filesize": 7308409, "tbr": 458.022, "width": 480, "fps": 25, "acodec": "none", "format": "243 - 480x360 (360p)", "protocol": "https", "http_headers": {"User-Agent": "Mozilla/5.0 (X11; Linux x86_64; rv:10.0) Gecko/20150101 Firefox/47.0 (Chrome)", "Accept-Charset": "ISO-8859-1,utf-8;q=0.7,*;q=0.7", "Accept": "text/html,application/xhtml+xml,application/xml;q=0.9,*/*;q=0.8", "Accept-Encoding": "gzip, deflate", "Accept-Language": "en-us,en;q=0.5"}}, {"ext": "mp4", "height": 360, "format_note": "DASH video", "vcodec": "avc1.4d4015", "format_id": "134", "url": "https://r5---sn-xjpm-q0nl.googlevideo.com/videoplayback?id=0583f0db0ad294ec&itag=134&source=youtube&requiressl=yes&mm=31&mv=u&pl=21&ms=au&mn=sn-xjpm-q0nl&ei=JHGLWeCpB4ToW9T-pqgM&ratebypass=yes&mime=video/mp4&gir=yes&clen=9152857&lmt=1443068744796118&dur=176.880&key=dg_yt0&mt=1502310212&signature=9910CAB3F9CC7A52ED6CA074EF47E67D6F6C86AA.3F6BA70290A40AE748EACD603E96544F2842DE96&ip=131.159.40.117&ipbits=0&expire=1502332292&sparams=ip,ipbits,expire,id,itag,source,requiressl,mm,mv,pl,ms,mn,ei,ratebypass,mime,gir,clen,lmt,dur", "manifest_url": "https://manifest.googlevideo.com/api/manifest/dash/ip/131.159.40.117/key/yt6/sparams/as%2Cei%2Chfr%2Cid%2Cip%2Cipbits%2Citag%2Cmm%2Cmn%2Cms%2Cmv%2Cpl%2Cplayback_host%2Crequiressl%2Csource%2Cexpire/hfr/1/mm/31/itag/0/playback_host/r5---sn-xjpm-q0nl.googlevideo.com/mt/1502310212/signature/DF36591DEA59F783E88A9335F38ED224FE65FC65.54E0ADC6CA3890C3110F4437971249EDE5BCB195/mv/u/pl/21/id/0583f0db0ad294ec/requiressl/yes/ms/au/source/youtube/ipbits/0/as/fmp4_audio_clear%2Cfmp4_sd_hd_clear/mn/sn-xjpm-q0nl/expire/1502332292/ei/JHGLWeCpB4ToW9T-pqgM", "width": 480, "tbr": 614.793, "asr": null, "fps": 25, "language": null, "filesize": 9152857, "acodec": "none", "format": "134 - 480x360 (DASH video)", "protocol": "https", "http_headers": {"User-Agent": "Mozilla/5.0 (X11; Linux x86_64; rv:10.0) Gecko/20150101 Firefox/47.0 (Chrome)", "Accept-Charset": "ISO-8859-1,utf-8;q=0.7,*;q=0.7", "Accept": "text/html,application/xhtml+xml,application/xml;q=0.9,*/*;q=0.8", "Accept-Encoding": "gzip, deflate", "Accept-Language": "en-us,en;q=0.5"}}, {"format_id": "244", "url": "https://r5---sn-xjpm-q0nl.googlevideo.com/videoplayback?itag=244&mime=video%2Fwebm&ipbits=0&mt=1502310212&signature=54DD6FBBE9E6043C049B56A758BCE4421AA3143B.AA293305336D7FB42BE0AF2AAA7858A0BA98A12E&requiressl=yes&clen=13645016&ms=au&keepalive=yes&ei=I3GLWZD8IYjrWrb8luAI&mv=u&source=youtube&pl=21&dur=176.840&lmt=1423904655672971&ip=131.159.40.117&id=o-ACgd24oVwNsDxy_i8iGJ8kasAGYjzvVgLrpSk_DSFreO&mn=sn-xjpm-q0nl&mm=31&gir=yes&key=yt6&expire=1502332291&sparams=clen%2Cdur%2Cei%2Cgir%2Cid%2Cip%2Cipbits%2Citag%2Ckeepalive%2Clmt%2Cmime%2Cmm%2Cmn%2Cms%2Cmv%2Cpl%2Crequiressl%2Csource%2Cexpire&ratebypass=yes", "player_url": null, "ext": "webm", "height": 480, "format_note": "480p", "vcodec": "vp9", "filesize": 13645016, "tbr": 819.241, "width": 640, "fps": 25, "acodec": "none", "format": "244 - 640x480 (480p)", "protocol": "https", "http_headers": {"User-Agent": "Mozilla/5.0 (X11; Linux x86_64; rv:10.0) Gecko/20150101 Firefox/47.0 (Chrome)", "Accept-Charset": "ISO-8859-1,utf-8;q=0.7,*;q=0.7", "Accept": "text/html,application/xhtml+xml,application/xml;q=0.9,*/*;q=0.8", "Accept-Encoding": "gzip, deflate", "Accept-Language": "en-us,en;q=0.5"}}, {"ext": "mp4", "height": 480, "format_note": "DASH video", "vcodec": "avc1.4d401e", "format_id": "135", "url": "https://r5---sn-xjpm-q0nl.googlevideo.com/videoplayback?id=0583f0db0ad294ec&itag=135&source=youtube&requiressl=yes&mm=31&mv=u&pl=21&ms=au&mn=sn-xjpm-q0nl&ei=JHGLWeCpB4ToW9T-pqgM&ratebypass=yes&mime=video/mp4&gir=yes&clen=18045191&lmt=1443068744125885&dur=176.880&key=dg_yt0&mt=1502310212&signature=37D1BF507814DC65801A579481EF50F02A84513C.15DCA8D9C811971094378A27BE13077908E828D0&ip=131.159.40.117&ipbits=0&expire=1502332292&sparams=ip,ipbits,expire,id,itag,source,requiressl,mm,mv,pl,ms,mn,ei,ratebypass,mime,gir,clen,lmt,dur", "manifest_url": "https://manifest.googlevideo.com/api/manifest/dash/ip/131.159.40.117/key/yt6/sparams/as%2Cei%2Chfr%2Cid%2Cip%2Cipbits%2Citag%2Cmm%2Cmn%2Cms%2Cmv%2Cpl%2Cplayback_host%2Crequiressl%2Csource%2Cexpire/hfr/1/mm/31/itag/0/playback_host/r5---sn-xjpm-q0nl.googlevideo.com/mt/1502310212/signature/DF36591DEA59F783E88A9335F38ED224FE65FC65.54E0ADC6CA3890C3110F4437971249EDE5BCB195/mv/u/pl/21/id/0583f0db0ad294ec/requiressl/yes/ms/au/source/youtube/ipbits/0/as/fmp4_audio_clear%2Cfmp4_sd_hd_clear/mn/sn-xjpm-q0nl/expire/1502332292/ei/JHGLWeCpB4ToW9T-pqgM", "width": 640, "tbr": 1121.553, "asr": null, "fps": 25, "language": null, "filesize": 18045191, "acodec": "none", "format": "135 - 640x480 (DASH video)", "protocol": "https", "http_headers": {"User-Agent": "Mozilla/5.0 (X11; Linux x86_64; rv:10.0) Gecko/20150101 Firefox/47.0 (Chrome)", "Accept-Charset": "ISO-8859-1,utf-8;q=0.7,*;q=0.7", "Accept": "text/html,application/xhtml+xml,application/xml;q=0.9,*/*;q=0.8", "Accept-Encoding": "gzip, deflate", "Accept-Language": "en-us,en;q=0.5"}}, {"format_id": "17", "url": "https://r5---sn-xjpm-q0nl.googlevideo.com/videoplayback?ms=au&ei=I3GLWZD8IYjrWrb8luAI&mv=u&source=youtube&itag=17&pl=21&dur=176.703&lmt=1344555610633593&ip=131.159.40.117&mime=video%2F3gpp&id=o-ACgd24oVwNsDxy_i8iGJ8kasAGYjzvVgLrpSk_DSFreO&mn=sn-xjpm-q0nl&ipbits=0&mm=31&gir=yes&mt=1502310212&signature=4DFEA7324A01C8444CD89979FC1D1543AE082F15.2985EFBA7E917966E9162B55135E1B56AB040241&key=yt6&expire=1502332291&sparams=clen%2Cdur%2Cei%2Cgir%2Cid%2Cip%2Cipbits%2Citag%2Clmt%2Cmime%2Cmm%2Cmn%2Cms%2Cmv%2Cpl%2Crequiressl%2Csource%2Cexpire&requiressl=yes&clen=1745941&ratebypass=yes", "player_url": null, "ext": "3gp", "width": 176, "height": 144, "acodec": "mp4a.40.2", "abr": 24, "vcodec": "mp4v.20.3", "resolution": "176x144", "format_note": "small", "format": "17 - 176x144 (small)", "protocol": "https", "http_headers": {"User-Agent": "Mozilla/5.0 (X11; Linux x86_64; rv:10.0) Gecko/20150101 Firefox/47.0 (Chrome)", "Accept-Charset": "ISO-8859-1,utf-8;q=0.7,*;q=0.7", "Accept": "text/html,application/xhtml+xml,application/xml;q=0.9,*/*;q=0.8", "Accept-Encoding": "gzip, deflate", "Accept-Language": "en-us,en;q=0.5"}}, {"format_id": "36", "url": "https://r5---sn-xjpm-q0nl.googlevideo.com/videoplayback?ms=au&ei=I3GLWZD8IYjrWrb8luAI&mv=u&source=youtube&itag=36&pl=21&dur=176.703&lmt=1344555613347127&ip=131.159.40.117&mime=video%2F3gpp&id=o-ACgd24oVwNsDxy_i8iGJ8kasAGYjzvVgLrpSk_DSFreO&mn=sn-xjpm-q0nl&ipbits=0&mm=31&gir=yes&mt=1502310212&signature=7ED7815A2DB3E49D0A7B612D29964125B864278B.69DED5516126997917637C5224780CD7423BFC19&key=yt6&expire=1502332291&sparams=clen%2Cdur%2Cei%2Cgir%2Cid%2Cip%2Cipbits%2Citag%2Clmt%2Cmime%2Cmm%2Cmn%2Cms%2Cmv%2Cpl%2Crequiressl%2Csource%2Cexpire&requiressl=yes&clen=4902660&ratebypass=yes", "player_url": null, "ext": "3gp", "width": 320, "acodec": "mp4a.40.2", "vcodec": "mp4v.20.3", "resolution": "320x240", "height": 240, "format_note": "small", "format": "36 - 320x240 (small)", "protocol": "https", "http_headers": {"User-Agent": "Mozilla/5.0 (X11; Linux x86_64; rv:10.0) Gecko/20150101 Firefox/47.0 (Chrome)", "Accept-Charset": "ISO-8859-1,utf-8;q=0.7,*;q=0.7", "Accept": "text/html,application/xhtml+xml,application/xml;q=0.9,*/*;q=0.8", "Accept-Encoding": "gzip, deflate", "Accept-Language": "en-us,en;q=0.5"}}, {"format_id": "18", "url": "https://r5---sn-xjpm-q0nl.googlevideo.com/videoplayback?ratebypass=yes&itag=18&mime=video%2Fmp4&ipbits=0&mt=1502310212&signature=47E1FF305B65439693571BF6E2F6F86DAE392733.87ADEEA80A8B26B7325E576B5CF77FCBE7B05ECE&requiressl=yes&clen=13919114&ms=au&ei=I3GLWZD8IYjrWrb8luAI&mv=u&source=youtube&pl=21&dur=176.936&lmt=1443068687417225&ip=131.159.40.117&id=o-ACgd24oVwNsDxy_i8iGJ8kasAGYjzvVgLrpSk_DSFreO&mn=sn-xjpm-q0nl&mm=31&gir=yes&key=yt6&expire=1502332291&sparams=clen%2Cdur%2Cei%2Cgir%2Cid%2Cip%2Cipbits%2Citag%2Clmt%2Cmime%2Cmm%2Cmn%2Cms%2Cmv%2Cpl%2Cratebypass%2Crequiressl%2Csource%2Cexpire", "player_url": null, "ext": "mp4", "width": 480, "height": 360, "acodec": "mp4a.40.2", "abr": 96, "vcodec": "avc1.42001E", "resolution": "480x360", "format_note": "medium", "format": "18 - 480x360 (medium)", "protocol": "https", "http_headers": {"User-Agent": "Mozilla/5.0 (X11; Linux x86_64; rv:10.0) Gecko/20150101 Firefox/47.0 (Chrome)", "Accept-Charset": "ISO-8859-1,utf-8;q=0.7,*;q=0.7", "Accept": "text/html,application/xhtml+xml,application/xml;q=0.9,*/*;q=0.8", "Accept-Encoding": "gzip, deflate", "Accept-Language": "en-us,en;q=0.5"}}, {"format_id": "43", "url": "https://r5---sn-xjpm-q0nl.googlevideo.com/videoplayback?ratebypass=yes&itag=43&mime=video%2Fwebm&ipbits=0&mt=1502310212&signature=15B424CB2993CC4E560806B3281BD40147675656.6053D6E3F5273C67C5E4609861C3FB665F2CB4B3&requiressl=yes&clen=16856298&ms=au&ei=I3GLWZD8IYjrWrb8luAI&mv=u&source=youtube&pl=21&dur=0.000&lmt=1344555949123524&ip=131.159.40.117&id=o-ACgd24oVwNsDxy_i8iGJ8kasAGYjzvVgLrpSk_DSFreO&mn=sn-xjpm-q0nl&mm=31&gir=yes&key=yt6&expire=1502332291&sparams=clen%2Cdur%2Cei%2Cgir%2Cid%2Cip%2Cipbits%2Citag%2Clmt%2Cmime%2Cmm%2Cmn%2Cms%2Cmv%2Cpl%2Cratebypass%2Crequiressl%2Csource%2Cexpire", "player_url": null, "ext": "webm", "width": 640, "height": 360, "acodec": "vorbis", "abr": 128, "vcodec": "vp8.0", "resolution": "640x360", "format_note": "medium", "format": "43 - 640x360 (medium)", "protocol": "https", "http_headers": {"User-Agent": "Mozilla/5.0 (X11; Linux x86_64; rv:10.0) Gecko/20150101 Firefox/47.0 (Chrome)", "Accept-Charset": "ISO-8859-1,utf-8;q=0.7,*;q=0.7", "Accept": "text/html,application/xhtml+xml,application/xml;q=0.9,*/*;q=0.8", "Accept-Encoding": "gzip, deflate", "Accept-Language": "en-us,en;q=0.5"}}], "is_live": null, "start_time": null, "end_time": null, "series": null, "season_number": null, "episode_number": null, "extractor": "youtube", "webpage_url_basename": "BYPw2wrSlOw", "extractor_key": "Youtube", "playlist": null, "playlist_index": null, "thumbnails": [{"url": "https://i.ytimg.com/vi/BYPw2wrSlOw/default.jpg", "id": "0"}], "display_id": "BYPw2wrSlOw", "ext": "mp4", "height": 480, "format_note": "DASH video", "vcodec": "avc1.4d401e", "format_id": "135", "url": "https://r5---sn-xjpm-q0nl.googlevideo.com/videoplayback?id=0583f0db0ad294ec&itag=135&source=youtube&requiressl=yes&mm=31&mv=u&pl=21&ms=au&mn=sn-xjpm-q0nl&ei=JHGLWeCpB4ToW9T-pqgM&ratebypass=yes&mime=video/mp4&gir=yes&clen=18045191&lmt=1443068744125885&dur=176.880&key=dg_yt0&mt=1502310212&signature=37D1BF507814DC65801A579481EF50F02A84513C.15DCA8D9C811971094378A27BE13077908E828D0&ip=131.159.40.117&ipbits=0&expire=1502332292&sparams=ip,ipbits,expire,id,itag,source,requiressl,mm,mv,pl,ms,mn,ei,ratebypass,mime,gir,clen,lmt,dur", "manifest_url": "https://manifest.googlevideo.com/api/manifest/dash/ip/131.159.40.117/key/yt6/sparams/as%2Cei%2Chfr%2Cid%2Cip%2Cipbits%2Citag%2Cmm%2Cmn%2Cms%2Cmv%2Cpl%2Cplayback_host%2Crequiressl%2Csource%2Cexpire/hfr/1/mm/31/itag/0/playback_host/r5---sn-xjpm-q0nl.googlevideo.com/mt/1502310212/signature/DF36591DEA59F783E88A9335F38ED224FE65FC65.54E0ADC6CA3890C3110F4437971249EDE5BCB195/mv/u/pl/21/id/0583f0db0ad294ec/requiressl/yes/ms/au/source/youtube/ipbits/0/as/fmp4_audio_clear%2Cfmp4_sd_hd_clear/mn/sn-xjpm-q0nl/expire/1502332292/ei/JHGLWeCpB4ToW9T-pqgM", "width": 640, "tbr": 1121.553, "asr": null, "fps": 25, "language": null, "filesize": 18045191, "acodec": "none", "format": "135 - 640x480 (DASH video)", "protocol": "https", "http_headers": {"User-Agent": "Mozilla/5.0 (X11; Linux x86_64; rv:10.0) Gecko/20150101 Firefox/47.0 (Chrome)", "Accept-Charset": "ISO-8859-1,utf-8;q=0.7,*;q=0.7", "Accept": "text/html,application/xhtml+xml,application/xml;q=0.9,*/*;q=0.8", "Accept-Encoding": "gzip, deflate", "Accept-Language": "en-us,en;q=0.5"}, "fulltitle": "Warbixinta Maanta Aljazeera ee Soo dhawayntii Mudane Farmaajo", "_filename": "BYPw2wrSlOw.mp4"}