{"id": "f82KNnLwZPc", "uploader": "Beauty Broadcast Express", "uploader_id": "beautybroadcastx", "uploader_url": "http://www.youtube.com/user/beautybroadcastx", "upload_date": "20150721", "license": "Standard YouTube License", "creator": null, "title": "CeraVe Skin Renewing Cream Serum Review", "alt_title": null, "thumbnail": "https://i.ytimg.com/vi/f82KNnLwZPc/hqdefault.jpg", "description": "Join me on Snapchat! emilynoel83\nSubscribe for quick reviews! http://bit.ly/subtobbx\nVlog Channel! http://www.youtube.com/beautyvlogcast\nMy Blog: http://www.beautybroadcast.net\n\nJoin me on Twitter! http://twitter.com/emilynoel83\nInstagram: http://instagram.com/emilynoel83\nMy main beauty channel: http://www.youtube.com/emilynoel83\nFacebook: http://www.facebook.com/beautybroadcast\n\nMORE ways to connect! :)\nPinterest: http://pinterest.com/emilynoel83/\nFacebook (personal page): http://www.facebook.com/emilyeddingtontv\nGoogle+: https://plus.google.com/1171644613643...\nFormspring: http://formspring.me/emilynoel83\n\n*****************************\nI have a PO Box now! :) Feel free to drop me a note!\n\nEmily Eddington\nPO Box 460\nCarterville, IL 62918\n\n****************************\nFeatured Products:\n\nCeraVe Skin Renewing Cream Serum\n1.0 fl oz\n$16.99 at Ulta--\nhttp://bit.ly/1VpyzMO\n\nAlso mentioned-\nCeraVe Eye Repair Cream http://bit.ly/1CNE5Ty\nCeraVe Moisturizing Cream (tub) http://bit.ly/1MFJUm0\nCeraVe Hydrating Cleanser http://bit.ly/1MirxFL\n(affiliate links)\n\nMy AM & PM Skincare Routine Video:\nhttps://www.youtube.com/watch?v=CGG-MsIyYcM\n\nMy Skincare review playlist:\nhttps://www.youtube.com/playlist?list=PL5A6K4T29SbV6sMmtI5KDSFcZM4PEqH8v\n\n____________________________________\n\nWhat I'm Wearing:\n-Shirt: Target\n-Foundation: Too Faced Born This Way Foundation in Light Beige http://bit.ly/1Ty2qAP\n-Blush: Too Faced Sweethearts Blush in Peach Beach http://bit.ly/1Ohwhd4\n-Eyes: Maybelline Sunkissed Olive Duo http://bit.ly/1Kgk9s7 and Prestige Total Intensity Eyeshadow in Charmed http://bit.ly/1Kgktal\n-Lashes: Koko Lashes in Misha http://www.ladymoss.com/false-eyelashes/koko-lashes-misha/\n-Lips: ColourPop Lippie Stix Sheer in Tiger\n(affiliate links)\n\nDisclaimer: This product was purchased by me. These are my own, honest opinions. Not a sponsored video- I have never accepted money from a company in exchange for a video.", "categories": ["Howto & Style"], "tags": ["beauty", "makeup", "cosmetics", "review", "emilynoel83", "emily", "emily eddington", "beauty broadcast", "express", "cerave", "skincare", "skin care", "skin renewing", "cream serum", "retinol", "anti aging", "drugstore", "inexpensive", "affordable", "new", "eye cream", "routine", "30's"], "subtitles": {}, "automatic_captions": {}, "duration": 298, "age_limit": 0, "annotations": null, "chapters": null, "webpage_url": "https://www.youtube.com/watch?v=f82KNnLwZPc", "view_count": 65488, "like_count": 2553, "dislike_count": 9, "average_rating": 4.98594856262, "formats": [{"ext": "m4a", "format_note": "DASH audio", "acodec": "mp4a.40.5", "abr": 48, "container": "m4a_dash", "format_id": "139", "url": "https://r2---sn-4g5e6n7d.googlevideo.com/videoplayback?id=7fcd8a3672f064f7&itag=139&source=youtube&requiressl=yes&ms=au&mv=m&pl=16&mm=31&mn=sn-4g5e6n7d&ei=IkaLWf_zOsawW5DmsYAJ&initcwndbps=3777500&ratebypass=yes&mime=audio/mp4&gir=yes&clen=1772077&lmt=1497966128031368&dur=297.819&mt=1502299486&key=dg_yt0&signature=286804012A8034CC879ED8D88EC55F5A9A23E3B9.3AF93E8ED2C56B831D15AD4C50A841A0D90D4F91&ip=131.159.40.117&ipbits=0&expire=1502321283&sparams=ip,ipbits,expire,id,itag,source,requiressl,ms,mv,pl,mm,mn,ei,initcwndbps,ratebypass,mime,gir,clen,lmt,dur", "manifest_url": "https://manifest.googlevideo.com/api/manifest/dash/sparams/as%2Cei%2Chfr%2Cid%2Cinitcwndbps%2Cip%2Cipbits%2Citag%2Cmm%2Cmn%2Cms%2Cmv%2Cpl%2Cplayback_host%2Crequiressl%2Csource%2Cexpire/itag/0/ip/131.159.40.117/source/youtube/mt/1502299486/ms/au/expire/1502321283/hfr/1/ipbits/0/requiressl/yes/id/7fcd8a3672f064f7/mv/m/pl/16/playback_host/r2---sn-4g5e6n7d.googlevideo.com/mm/31/mn/sn-4g5e6n7d/ei/IkaLWf_zOsawW5DmsYAJ/key/yt6/as/fmp4_audio_clear%2Cfmp4_sd_hd_clear/signature/6FE347713830C0ABE0A58C18C1001FECE2AD3305.98816607716571E5582FC4BA1BFA6F2D1F46F388/initcwndbps/3777500", "width": null, "height": null, "tbr": 48.727, "asr": 22050, "fps": null, "language": null, "filesize": 1772077, "vcodec": "none", "format": "139 - audio only (DASH audio)", "protocol": "https", "http_headers": {"User-Agent": "Mozilla/5.0 (X11; Linux x86_64; rv:10.0) Gecko/20150101 Firefox/47.0 (Chrome)", "Accept-Charset": "ISO-8859-1,utf-8;q=0.7,*;q=0.7", "Accept": "text/html,application/xhtml+xml,application/xml;q=0.9,*/*;q=0.8", "Accept-Encoding": "gzip, deflate", "Accept-Language": "en-us,en;q=0.5"}}, {"format_id": "249", "url": "https://r5---sn-4g57kndy.googlevideo.com/videoplayback?mn=sn-4g57kndy&signature=ABDA65C0228E6A7D3D70D46A1A8176CD4ABA71DB.D08863DB1854C89F4D2C71E8DE1481E6E3AC8CA7&mm=31&itag=249&gir=yes&key=yt6&dur=297.701&mv=m&mt=1502299486&ms=au&requiressl=yes&clen=1991564&mime=audio%2Fwebm&ipbits=0&keepalive=yes&pl=16&initcwndbps=3777500&source=youtube&sparams=clen%2Cdur%2Cei%2Cgir%2Cid%2Cinitcwndbps%2Cip%2Cipbits%2Citag%2Ckeepalive%2Clmt%2Cmime%2Cmm%2Cmn%2Cms%2Cmv%2Cpl%2Crequiressl%2Csource%2Cexpire&lmt=1437439681251371&ip=131.159.40.117&ei=IkaLWZO0Ds3uWO3EupAI&expire=1502321282&id=o-AEtECXsgHYAuetde7AR1vUX7hyfD6BlDQMhsQThfDsBs&ratebypass=yes", "player_url": null, "ext": "webm", "format_note": "DASH audio", "acodec": "opus", "abr": 50, "filesize": 1991564, "tbr": 55.853, "vcodec": "none", "format": "249 - audio only (DASH audio)", "protocol": "https", "http_headers": {"User-Agent": "Mozilla/5.0 (X11; Linux x86_64; rv:10.0) Gecko/20150101 Firefox/47.0 (Chrome)", "Accept-Charset": "ISO-8859-1,utf-8;q=0.7,*;q=0.7", "Accept": "text/html,application/xhtml+xml,application/xml;q=0.9,*/*;q=0.8", "Accept-Encoding": "gzip, deflate", "Accept-Language": "en-us,en;q=0.5"}}, {"format_id": "250", "url": "https://r5---sn-4g57kndy.googlevideo.com/videoplayback?mn=sn-4g57kndy&signature=DD34B58DDE09FF06181788DEABE217D16D9B8895.62BFB4C147E53BEAC482C0AC6A7EA664C404A1C6&mm=31&itag=250&gir=yes&key=yt6&dur=297.701&mv=m&mt=1502299486&ms=au&requiressl=yes&clen=2696489&mime=audio%2Fwebm&ipbits=0&keepalive=yes&pl=16&initcwndbps=3777500&source=youtube&sparams=clen%2Cdur%2Cei%2Cgir%2Cid%2Cinitcwndbps%2Cip%2Cipbits%2Citag%2Ckeepalive%2Clmt%2Cmime%2Cmm%2Cmn%2Cms%2Cmv%2Cpl%2Crequiressl%2Csource%2Cexpire&lmt=1437439669022444&ip=131.159.40.117&ei=IkaLWZO0Ds3uWO3EupAI&expire=1502321282&id=o-AEtECXsgHYAuetde7AR1vUX7hyfD6BlDQMhsQThfDsBs&ratebypass=yes", "player_url": null, "ext": "webm", "format_note": "DASH audio", "acodec": "opus", "abr": 70, "filesize": 2696489, "tbr": 77.897, "vcodec": "none", "format": "250 - audio only (DASH audio)", "protocol": "https", "http_headers": {"User-Agent": "Mozilla/5.0 (X11; Linux x86_64; rv:10.0) Gecko/20150101 Firefox/47.0 (Chrome)", "Accept-Charset": "ISO-8859-1,utf-8;q=0.7,*;q=0.7", "Accept": "text/html,application/xhtml+xml,application/xml;q=0.9,*/*;q=0.8", "Accept-Encoding": "gzip, deflate", "Accept-Language": "en-us,en;q=0.5"}}, {"ext": "m4a", "format_note": "DASH audio", "acodec": "mp4a.40.2", "abr": 128, "container": "m4a_dash", "format_id": "140", "url": "https://r2---sn-4g5e6n7d.googlevideo.com/videoplayback?id=7fcd8a3672f064f7&itag=140&source=youtube&requiressl=yes&ms=au&mv=m&pl=16&mm=31&mn=sn-4g5e6n7d&ei=IkaLWf_zOsawW5DmsYAJ&initcwndbps=3777500&ratebypass=yes&mime=audio/mp4&gir=yes&clen=4729911&lmt=1497966119918038&dur=297.749&mt=1502299486&key=dg_yt0&signature=1224F383FC0787F71EEFB310E1F14AF9DFE40E73.0D8763B812FC1C5486F8C9247D6531D3AB332168&ip=131.159.40.117&ipbits=0&expire=1502321283&sparams=ip,ipbits,expire,id,itag,source,requiressl,ms,mv,pl,mm,mn,ei,initcwndbps,ratebypass,mime,gir,clen,lmt,dur", "manifest_url": "https://manifest.googlevideo.com/api/manifest/dash/sparams/as%2Cei%2Chfr%2Cid%2Cinitcwndbps%2Cip%2Cipbits%2Citag%2Cmm%2Cmn%2Cms%2Cmv%2Cpl%2Cplayback_host%2Crequiressl%2Csource%2Cexpire/itag/0/ip/131.159.40.117/source/youtube/mt/1502299486/ms/au/expire/1502321283/hfr/1/ipbits/0/requiressl/yes/id/7fcd8a3672f064f7/mv/m/pl/16/playback_host/r2---sn-4g5e6n7d.googlevideo.com/mm/31/mn/sn-4g5e6n7d/ei/IkaLWf_zOsawW5DmsYAJ/key/yt6/as/fmp4_audio_clear%2Cfmp4_sd_hd_clear/signature/6FE347713830C0ABE0A58C18C1001FECE2AD3305.98816607716571E5582FC4BA1BFA6F2D1F46F388/initcwndbps/3777500", "width": null, "height": null, "tbr": 128.09, "asr": 44100, "fps": null, "language": null, "filesize": 4729911, "vcodec": "none", "format": "140 - audio only (DASH audio)", "protocol": "https", "http_headers": {"User-Agent": "Mozilla/5.0 (X11; Linux x86_64; rv:10.0) Gecko/20150101 Firefox/47.0 (Chrome)", "Accept-Charset": "ISO-8859-1,utf-8;q=0.7,*;q=0.7", "Accept": "text/html,application/xhtml+xml,application/xml;q=0.9,*/*;q=0.8", "Accept-Encoding": "gzip, deflate", "Accept-Language": "en-us,en;q=0.5"}}, {"format_id": "171", "url": "https://r5---sn-4g57kndy.googlevideo.com/videoplayback?mn=sn-4g57kndy&signature=31EB0795691E54E110D11DDE8230862960A42981.C627EB02B17EAB62A8EDFB454F14B0E9EE30EF30&mm=31&itag=171&gir=yes&key=yt6&dur=297.693&mv=m&mt=1502299486&ms=au&requiressl=yes&clen=4714395&mime=audio%2Fwebm&ipbits=0&keepalive=yes&pl=16&initcwndbps=3777500&source=youtube&sparams=clen%2Cdur%2Cei%2Cgir%2Cid%2Cinitcwndbps%2Cip%2Cipbits%2Citag%2Ckeepalive%2Clmt%2Cmime%2Cmm%2Cmn%2Cms%2Cmv%2Cpl%2Crequiressl%2Csource%2Cexpire&lmt=1437439671295637&ip=131.159.40.117&ei=IkaLWZO0Ds3uWO3EupAI&expire=1502321282&id=o-AEtECXsgHYAuetde7AR1vUX7hyfD6BlDQMhsQThfDsBs&ratebypass=yes", "player_url": null, "ext": "webm", "acodec": "vorbis", "format_note": "DASH audio", "abr": 128, "filesize": 4714395, "tbr": 132.916, "vcodec": "none", "format": "171 - audio only (DASH audio)", "protocol": "https", "http_headers": {"User-Agent": "Mozilla/5.0 (X11; Linux x86_64; rv:10.0) Gecko/20150101 Firefox/47.0 (Chrome)", "Accept-Charset": "ISO-8859-1,utf-8;q=0.7,*;q=0.7", "Accept": "text/html,application/xhtml+xml,application/xml;q=0.9,*/*;q=0.8", "Accept-Encoding": "gzip, deflate", "Accept-Language": "en-us,en;q=0.5"}}, {"format_id": "251", "url": "https://r5---sn-4g57kndy.googlevideo.com/videoplayback?mn=sn-4g57kndy&signature=A4FD90241C809436BED94C06BE92F813F4CAA508.447FA8DDB3873AAF43219006FD7DF7944B37E442&mm=31&itag=251&gir=yes&key=yt6&dur=297.701&mv=m&mt=1502299486&ms=au&requiressl=yes&clen=5208643&mime=audio%2Fwebm&ipbits=0&keepalive=yes&pl=16&initcwndbps=3777500&source=youtube&sparams=clen%2Cdur%2Cei%2Cgir%2Cid%2Cinitcwndbps%2Cip%2Cipbits%2Citag%2Ckeepalive%2Clmt%2Cmime%2Cmm%2Cmn%2Cms%2Cmv%2Cpl%2Crequiressl%2Csource%2Cexpire&lmt=1437439666079769&ip=131.159.40.117&ei=IkaLWZO0Ds3uWO3EupAI&expire=1502321282&id=o-AEtECXsgHYAuetde7AR1vUX7hyfD6BlDQMhsQThfDsBs&ratebypass=yes", "player_url": null, "ext": "webm", "format_note": "DASH audio", "acodec": "opus", "abr": 160, "filesize": 5208643, "tbr": 146.496, "vcodec": "none", "format": "251 - audio only (DASH audio)", "protocol": "https", "http_headers": {"User-Agent": "Mozilla/5.0 (X11; Linux x86_64; rv:10.0) Gecko/20150101 Firefox/47.0 (Chrome)", "Accept-Charset": "ISO-8859-1,utf-8;q=0.7,*;q=0.7", "Accept": "text/html,application/xhtml+xml,application/xml;q=0.9,*/*;q=0.8", "Accept-Encoding": "gzip, deflate", "Accept-Language": "en-us,en;q=0.5"}}, {"format_id": "278", "url": "https://r5---sn-4g57kndy.googlevideo.com/videoplayback?mn=sn-4g57kndy&signature=3C3C993137ECE6BA31766D2FC208F4B473AEDEEA.805992388591EC67BC35CB1A0D49CED090ECA7DD&mm=31&itag=278&gir=yes&key=yt6&dur=297.630&mv=m&mt=1502299486&ms=au&requiressl=yes&clen=3065525&mime=video%2Fwebm&ipbits=0&keepalive=yes&pl=16&initcwndbps=3777500&source=youtube&sparams=clen%2Cdur%2Cei%2Cgir%2Cid%2Cinitcwndbps%2Cip%2Cipbits%2Citag%2Ckeepalive%2Clmt%2Cmime%2Cmm%2Cmn%2Cms%2Cmv%2Cpl%2Crequiressl%2Csource%2Cexpire&lmt=1437439741762610&ip=131.159.40.117&ei=IkaLWZO0Ds3uWO3EupAI&expire=1502321282&id=o-AEtECXsgHYAuetde7AR1vUX7hyfD6BlDQMhsQThfDsBs&ratebypass=yes", "player_url": null, "ext": "webm", "height": 144, "format_note": "144p", "container": "webm", "vcodec": "vp9", "filesize": 3065525, "tbr": 96.872, "width": 256, "fps": 15, "acodec": "none", "format": "278 - 256x144 (144p)", "protocol": "https", "http_headers": {"User-Agent": "Mozilla/5.0 (X11; Linux x86_64; rv:10.0) Gecko/20150101 Firefox/47.0 (Chrome)", "Accept-Charset": "ISO-8859-1,utf-8;q=0.7,*;q=0.7", "Accept": "text/html,application/xhtml+xml,application/xml;q=0.9,*/*;q=0.8", "Accept-Encoding": "gzip, deflate", "Accept-Language": "en-us,en;q=0.5"}}, {"ext": "mp4", "height": 144, "format_note": "DASH video", "vcodec": "avc1.4d400c", "format_id": "160", "url": "https://r2---sn-4g5e6n7d.googlevideo.com/videoplayback?id=7fcd8a3672f064f7&itag=160&source=youtube&requiressl=yes&ms=au&mv=m&pl=16&mm=31&mn=sn-4g5e6n7d&ei=IkaLWf_zOsawW5DmsYAJ&initcwndbps=3777500&ratebypass=yes&mime=video/mp4&gir=yes&clen=4163473&lmt=1497966126830545&dur=297.697&mt=1502299486&key=dg_yt0&signature=83ACC218E4B378356C7629553763968234907527.385D6FC7CCEC02CE1FB9370B0437727C5D9E2229&ip=131.159.40.117&ipbits=0&expire=1502321283&sparams=ip,ipbits,expire,id,itag,source,requiressl,ms,mv,pl,mm,mn,ei,initcwndbps,ratebypass,mime,gir,clen,lmt,dur", "manifest_url": "https://manifest.googlevideo.com/api/manifest/dash/sparams/as%2Cei%2Chfr%2Cid%2Cinitcwndbps%2Cip%2Cipbits%2Citag%2Cmm%2Cmn%2Cms%2Cmv%2Cpl%2Cplayback_host%2Crequiressl%2Csource%2Cexpire/itag/0/ip/131.159.40.117/source/youtube/mt/1502299486/ms/au/expire/1502321283/hfr/1/ipbits/0/requiressl/yes/id/7fcd8a3672f064f7/mv/m/pl/16/playback_host/r2---sn-4g5e6n7d.googlevideo.com/mm/31/mn/sn-4g5e6n7d/ei/IkaLWf_zOsawW5DmsYAJ/key/yt6/as/fmp4_audio_clear%2Cfmp4_sd_hd_clear/signature/6FE347713830C0ABE0A58C18C1001FECE2AD3305.98816607716571E5582FC4BA1BFA6F2D1F46F388/initcwndbps/3777500", "width": 256, "tbr": 116.465, "asr": null, "fps": 30, "language": null, "filesize": 4163473, "acodec": "none", "format": "160 - 256x144 (DASH video)", "protocol": "https", "http_headers": {"User-Agent": "Mozilla/5.0 (X11; Linux x86_64; rv:10.0) Gecko/20150101 Firefox/47.0 (Chrome)", "Accept-Charset": "ISO-8859-1,utf-8;q=0.7,*;q=0.7", "Accept": "text/html,application/xhtml+xml,application/xml;q=0.9,*/*;q=0.8", "Accept-Encoding": "gzip, deflate", "Accept-Language": "en-us,en;q=0.5"}}, {"format_id": "242", "url": "https://r5---sn-4g57kndy.googlevideo.com/videoplayback?mn=sn-4g57kndy&signature=D543B98831AA18E17E460D7B5EA05F2E750F0325.D5391D93D2FCB2F6A2A8FBD4952B901AF3C0F9A8&mm=31&itag=242&gir=yes&key=yt6&dur=297.663&mv=m&mt=1502299486&ms=au&requiressl=yes&clen=5429599&mime=video%2Fwebm&ipbits=0&keepalive=yes&pl=16&initcwndbps=3777500&source=youtube&sparams=clen%2Cdur%2Cei%2Cgir%2Cid%2Cinitcwndbps%2Cip%2Cipbits%2Citag%2Ckeepalive%2Clmt%2Cmime%2Cmm%2Cmn%2Cms%2Cmv%2Cpl%2Crequiressl%2Csource%2Cexpire&lmt=1437439734929771&ip=131.159.40.117&ei=IkaLWZO0Ds3uWO3EupAI&expire=1502321282&id=o-AEtECXsgHYAuetde7AR1vUX7hyfD6BlDQMhsQThfDsBs&ratebypass=yes", "player_url": null, "ext": "webm", "height": 240, "format_note": "240p", "vcodec": "vp9", "filesize": 5429599, "tbr": 209.955, "width": 426, "fps": 30, "acodec": "none", "format": "242 - 426x240 (240p)", "protocol": "https", "http_headers": {"User-Agent": "Mozilla/5.0 (X11; Linux x86_64; rv:10.0) Gecko/20150101 Firefox/47.0 (Chrome)", "Accept-Charset": "ISO-8859-1,utf-8;q=0.7,*;q=0.7", "Accept": "text/html,application/xhtml+xml,application/xml;q=0.9,*/*;q=0.8", "Accept-Encoding": "gzip, deflate", "Accept-Language": "en-us,en;q=0.5"}}, {"ext": "mp4", "height": 240, "format_note": "DASH video", "vcodec": "avc1.4d4015", "format_id": "133", "url": "https://r2---sn-4g5e6n7d.googlevideo.com/videoplayback?id=7fcd8a3672f064f7&itag=133&source=youtube&requiressl=yes&ms=au&mv=m&pl=16&mm=31&mn=sn-4g5e6n7d&ei=IkaLWf_zOsawW5DmsYAJ&initcwndbps=3777500&ratebypass=yes&mime=video/mp4&gir=yes&clen=9168244&lmt=1497966127045742&dur=297.697&mt=1502299486&key=dg_yt0&signature=7259C16E15CE998C4C5295F9717EE00D7237CD51.6522A05724294B000AFC4E9F04A35D4F6C5B6FF9&ip=131.159.40.117&ipbits=0&expire=1502321283&sparams=ip,ipbits,expire,id,itag,source,requiressl,ms,mv,pl,mm,mn,ei,initcwndbps,ratebypass,mime,gir,clen,lmt,dur", "manifest_url": "https://manifest.googlevideo.com/api/manifest/dash/sparams/as%2Cei%2Chfr%2Cid%2Cinitcwndbps%2Cip%2Cipbits%2Citag%2Cmm%2Cmn%2Cms%2Cmv%2Cpl%2Cplayback_host%2Crequiressl%2Csource%2Cexpire/itag/0/ip/131.159.40.117/source/youtube/mt/1502299486/ms/au/expire/1502321283/hfr/1/ipbits/0/requiressl/yes/id/7fcd8a3672f064f7/mv/m/pl/16/playback_host/r2---sn-4g5e6n7d.googlevideo.com/mm/31/mn/sn-4g5e6n7d/ei/IkaLWf_zOsawW5DmsYAJ/key/yt6/as/fmp4_audio_clear%2Cfmp4_sd_hd_clear/signature/6FE347713830C0ABE0A58C18C1001FECE2AD3305.98816607716571E5582FC4BA1BFA6F2D1F46F388/initcwndbps/3777500", "width": 426, "tbr": 254.768, "asr": null, "fps": 30, "language": null, "filesize": 9168244, "acodec": "none", "format": "133 - 426x240 (DASH video)", "protocol": "https", "http_headers": {"User-Agent": "Mozilla/5.0 (X11; Linux x86_64; rv:10.0) Gecko/20150101 Firefox/47.0 (Chrome)", "Accept-Charset": "ISO-8859-1,utf-8;q=0.7,*;q=0.7", "Accept": "text/html,application/xhtml+xml,application/xml;q=0.9,*/*;q=0.8", "Accept-Encoding": "gzip, deflate", "Accept-Language": "en-us,en;q=0.5"}}, {"format_id": "243", "url": "https://r5---sn-4g57kndy.googlevideo.com/videoplayback?mn=sn-4g57kndy&signature=CBF3D91613D806642760554D6D4DC6CF87F26E87.4770F2570F5F1D36E9AE7ED03D736945A87CA7C5&mm=31&itag=243&gir=yes&key=yt6&dur=297.663&mv=m&mt=1502299486&ms=au&requiressl=yes&clen=10288805&mime=video%2Fwebm&ipbits=0&keepalive=yes&pl=16&initcwndbps=3777500&source=youtube&sparams=clen%2Cdur%2Cei%2Cgir%2Cid%2Cinitcwndbps%2Cip%2Cipbits%2Citag%2Ckeepalive%2Clmt%2Cmime%2Cmm%2Cmn%2Cms%2Cmv%2Cpl%2Crequiressl%2Csource%2Cexpire&lmt=1437439747749908&ip=131.159.40.117&ei=IkaLWZO0Ds3uWO3EupAI&expire=1502321282&id=o-AEtECXsgHYAuetde7AR1vUX7hyfD6BlDQMhsQThfDsBs&ratebypass=yes", "player_url": null, "ext": "webm", "height": 360, "format_note": "360p", "vcodec": "vp9", "filesize": 10288805, "tbr": 391.581, "width": 640, "fps": 30, "acodec": "none", "format": "243 - 640x360 (360p)", "protocol": "https", "http_headers": {"User-Agent": "Mozilla/5.0 (X11; Linux x86_64; rv:10.0) Gecko/20150101 Firefox/47.0 (Chrome)", "Accept-Charset": "ISO-8859-1,utf-8;q=0.7,*;q=0.7", "Accept": "text/html,application/xhtml+xml,application/xml;q=0.9,*/*;q=0.8", "Accept-Encoding": "gzip, deflate", "Accept-Language": "en-us,en;q=0.5"}}, {"ext": "mp4", "height": 360, "format_note": "DASH video", "vcodec": "avc1.4d401e", "format_id": "134", "url": "https://r2---sn-4g5e6n7d.googlevideo.com/videoplayback?id=7fcd8a3672f064f7&itag=134&source=youtube&requiressl=yes&ms=au&mv=m&pl=16&mm=31&mn=sn-4g5e6n7d&ei=IkaLWf_zOsawW5DmsYAJ&initcwndbps=3777500&ratebypass=yes&mime=video/mp4&gir=yes&clen=11554344&lmt=1497966127263263&dur=297.697&mt=1502299486&key=dg_yt0&signature=4A7A8252FB07314F77B474AC28A04F56F389C64D.2E782A8729EA355D2AB08A6C83FFA09C2E8C8F15&ip=131.159.40.117&ipbits=0&expire=1502321283&sparams=ip,ipbits,expire,id,itag,source,requiressl,ms,mv,pl,mm,mn,ei,initcwndbps,ratebypass,mime,gir,clen,lmt,dur", "manifest_url": "https://manifest.googlevideo.com/api/manifest/dash/sparams/as%2Cei%2Chfr%2Cid%2Cinitcwndbps%2Cip%2Cipbits%2Citag%2Cmm%2Cmn%2Cms%2Cmv%2Cpl%2Cplayback_host%2Crequiressl%2Csource%2Cexpire/itag/0/ip/131.159.40.117/source/youtube/mt/1502299486/ms/au/expire/1502321283/hfr/1/ipbits/0/requiressl/yes/id/7fcd8a3672f064f7/mv/m/pl/16/playback_host/r2---sn-4g5e6n7d.googlevideo.com/mm/31/mn/sn-4g5e6n7d/ei/IkaLWf_zOsawW5DmsYAJ/key/yt6/as/fmp4_audio_clear%2Cfmp4_sd_hd_clear/signature/6FE347713830C0ABE0A58C18C1001FECE2AD3305.98816607716571E5582FC4BA1BFA6F2D1F46F388/initcwndbps/3777500", "width": 640, "tbr": 408.302, "asr": null, "fps": 30, "language": null, "filesize": 11554344, "acodec": "none", "format": "134 - 640x360 (DASH video)", "protocol": "https", "http_headers": {"User-Agent": "Mozilla/5.0 (X11; Linux x86_64; rv:10.0) Gecko/20150101 Firefox/47.0 (Chrome)", "Accept-Charset": "ISO-8859-1,utf-8;q=0.7,*;q=0.7", "Accept": "text/html,application/xhtml+xml,application/xml;q=0.9,*/*;q=0.8", "Accept-Encoding": "gzip, deflate", "Accept-Language": "en-us,en;q=0.5"}}, {"format_id": "244", "url": "https://r5---sn-4g57kndy.googlevideo.com/videoplayback?mn=sn-4g57kndy&signature=8F298A907F1F71D125E368A7815C59F0B4CAFE64.B44271964CB98D5EFD0D595AACE3174D594C29FE&mm=31&itag=244&gir=yes&key=yt6&dur=297.663&mv=m&mt=1502299486&ms=au&requiressl=yes&clen=17647366&mime=video%2Fwebm&ipbits=0&keepalive=yes&pl=16&initcwndbps=3777500&source=youtube&sparams=clen%2Cdur%2Cei%2Cgir%2Cid%2Cinitcwndbps%2Cip%2Cipbits%2Citag%2Ckeepalive%2Clmt%2Cmime%2Cmm%2Cmn%2Cms%2Cmv%2Cpl%2Crequiressl%2Csource%2Cexpire&lmt=1437439851740288&ip=131.159.40.117&ei=IkaLWZO0Ds3uWO3EupAI&expire=1502321282&id=o-AEtECXsgHYAuetde7AR1vUX7hyfD6BlDQMhsQThfDsBs&ratebypass=yes", "player_url": null, "ext": "webm", "height": 480, "format_note": "480p", "vcodec": "vp9", "filesize": 17647366, "tbr": 677.609, "width": 854, "fps": 30, "acodec": "none", "format": "244 - 854x480 (480p)", "protocol": "https", "http_headers": {"User-Agent": "Mozilla/5.0 (X11; Linux x86_64; rv:10.0) Gecko/20150101 Firefox/47.0 (Chrome)", "Accept-Charset": "ISO-8859-1,utf-8;q=0.7,*;q=0.7", "Accept": "text/html,application/xhtml+xml,application/xml;q=0.9,*/*;q=0.8", "Accept-Encoding": "gzip, deflate", "Accept-Language": "en-us,en;q=0.5"}}, {"ext": "mp4", "height": 480, "format_note": "DASH video", "vcodec": "avc1.4d401f", "format_id": "135", "url": "https://r2---sn-4g5e6n7d.googlevideo.com/videoplayback?id=7fcd8a3672f064f7&itag=135&source=youtube&requiressl=yes&ms=au&mv=m&pl=16&mm=31&mn=sn-4g5e6n7d&ei=IkaLWf_zOsawW5DmsYAJ&initcwndbps=3777500&ratebypass=yes&mime=video/mp4&gir=yes&clen=24226166&lmt=1497966127266359&dur=297.697&mt=1502299486&key=dg_yt0&signature=086BCB5D3E94F019DA09A3D90D52D612159F8E79.2AA9BA0918A0904E6686F58E16014EC8C7BCD451&ip=131.159.40.117&ipbits=0&expire=1502321283&sparams=ip,ipbits,expire,id,itag,source,requiressl,ms,mv,pl,mm,mn,ei,initcwndbps,ratebypass,mime,gir,clen,lmt,dur", "manifest_url": "https://manifest.googlevideo.com/api/manifest/dash/sparams/as%2Cei%2Chfr%2Cid%2Cinitcwndbps%2Cip%2Cipbits%2Citag%2Cmm%2Cmn%2Cms%2Cmv%2Cpl%2Cplayback_host%2Crequiressl%2Csource%2Cexpire/itag/0/ip/131.159.40.117/source/youtube/mt/1502299486/ms/au/expire/1502321283/hfr/1/ipbits/0/requiressl/yes/id/7fcd8a3672f064f7/mv/m/pl/16/playback_host/r2---sn-4g5e6n7d.googlevideo.com/mm/31/mn/sn-4g5e6n7d/ei/IkaLWf_zOsawW5DmsYAJ/key/yt6/as/fmp4_audio_clear%2Cfmp4_sd_hd_clear/signature/6FE347713830C0ABE0A58C18C1001FECE2AD3305.98816607716571E5582FC4BA1BFA6F2D1F46F388/initcwndbps/3777500", "width": 854, "tbr": 805.683, "asr": null, "fps": 30, "language": null, "filesize": 24226166, "acodec": "none", "format": "135 - 854x480 (DASH video)", "protocol": "https", "http_headers": {"User-Agent": "Mozilla/5.0 (X11; Linux x86_64; rv:10.0) Gecko/20150101 Firefox/47.0 (Chrome)", "Accept-Charset": "ISO-8859-1,utf-8;q=0.7,*;q=0.7", "Accept": "text/html,application/xhtml+xml,application/xml;q=0.9,*/*;q=0.8", "Accept-Encoding": "gzip, deflate", "Accept-Language": "en-us,en;q=0.5"}}, {"format_id": "247", "url": "https://r5---sn-4g57kndy.googlevideo.com/videoplayback?mn=sn-4g57kndy&signature=D85519FAE50DDFF89161360B0B63EDB1488A54DC.403DFD75C7D323FF794648BDE13213884C856029&mm=31&itag=247&gir=yes&key=yt6&dur=297.663&mv=m&mt=1502299486&ms=au&requiressl=yes&clen=40149571&mime=video%2Fwebm&ipbits=0&keepalive=yes&pl=16&initcwndbps=3777500&source=youtube&sparams=clen%2Cdur%2Cei%2Cgir%2Cid%2Cinitcwndbps%2Cip%2Cipbits%2Citag%2Ckeepalive%2Clmt%2Cmime%2Cmm%2Cmn%2Cms%2Cmv%2Cpl%2Crequiressl%2Csource%2Cexpire&lmt=1437439845174954&ip=131.159.40.117&ei=IkaLWZO0Ds3uWO3EupAI&expire=1502321282&id=o-AEtECXsgHYAuetde7AR1vUX7hyfD6BlDQMhsQThfDsBs&ratebypass=yes", "player_url": null, "ext": "webm", "height": 720, "format_note": "720p", "vcodec": "vp9", "filesize": 40149571, "tbr": 1443.589, "width": 1280, "fps": 30, "acodec": "none", "format": "247 - 1280x720 (720p)", "protocol": "https", "http_headers": {"User-Agent": "Mozilla/5.0 (X11; Linux x86_64; rv:10.0) Gecko/20150101 Firefox/47.0 (Chrome)", "Accept-Charset": "ISO-8859-1,utf-8;q=0.7,*;q=0.7", "Accept": "text/html,application/xhtml+xml,application/xml;q=0.9,*/*;q=0.8", "Accept-Encoding": "gzip, deflate", "Accept-Language": "en-us,en;q=0.5"}}, {"ext": "mp4", "height": 720, "format_note": "DASH video", "vcodec": "avc1.4d401f", "format_id": "136", "url": "https://r2---sn-4g5e6n7d.googlevideo.com/videoplayback?id=7fcd8a3672f064f7&itag=136&source=youtube&requiressl=yes&ms=au&mv=m&pl=16&mm=31&mn=sn-4g5e6n7d&ei=IkaLWf_zOsawW5DmsYAJ&initcwndbps=3777500&ratebypass=yes&mime=video/mp4&gir=yes&clen=48848978&lmt=1497966127350839&dur=297.697&mt=1502299486&key=dg_yt0&signature=7D81D1DFAA610C92EEB5DF1913C8BAD9D4EC51A8.216619D0200E78DE21EBD2FB4B4043FA4DA6FFA3&ip=131.159.40.117&ipbits=0&expire=1502321283&sparams=ip,ipbits,expire,id,itag,source,requiressl,ms,mv,pl,mm,mn,ei,initcwndbps,ratebypass,mime,gir,clen,lmt,dur", "manifest_url": "https://manifest.googlevideo.com/api/manifest/dash/sparams/as%2Cei%2Chfr%2Cid%2Cinitcwndbps%2Cip%2Cipbits%2Citag%2Cmm%2Cmn%2Cms%2Cmv%2Cpl%2Cplayback_host%2Crequiressl%2Csource%2Cexpire/itag/0/ip/131.159.40.117/source/youtube/mt/1502299486/ms/au/expire/1502321283/hfr/1/ipbits/0/requiressl/yes/id/7fcd8a3672f064f7/mv/m/pl/16/playback_host/r2---sn-4g5e6n7d.googlevideo.com/mm/31/mn/sn-4g5e6n7d/ei/IkaLWf_zOsawW5DmsYAJ/key/yt6/as/fmp4_audio_clear%2Cfmp4_sd_hd_clear/signature/6FE347713830C0ABE0A58C18C1001FECE2AD3305.98816607716571E5582FC4BA1BFA6F2D1F46F388/initcwndbps/3777500", "width": 1280, "tbr": 1623.039, "asr": null, "fps": 30, "language": null, "filesize": 48848978, "acodec": "none", "format": "136 - 1280x720 (DASH video)", "protocol": "https", "http_headers": {"User-Agent": "Mozilla/5.0 (X11; Linux x86_64; rv:10.0) Gecko/20150101 Firefox/47.0 (Chrome)", "Accept-Charset": "ISO-8859-1,utf-8;q=0.7,*;q=0.7", "Accept": "text/html,application/xhtml+xml,application/xml;q=0.9,*/*;q=0.8", "Accept-Encoding": "gzip, deflate", "Accept-Language": "en-us,en;q=0.5"}}, {"format_id": "17", "url": "https://r5---sn-4g57kndy.googlevideo.com/videoplayback?mn=sn-4g57kndy&signature=79C6BEEF456E86F3A643D86B5A3704B943509CC3.7CDB5D8CD4934E64CDED5C28545B8DBE7656D26E&mm=31&itag=17&gir=yes&key=yt6&dur=297.819&mv=m&mt=1502299486&ms=au&requiressl=yes&clen=3044173&mime=video%2F3gpp&ipbits=0&pl=16&initcwndbps=3777500&source=youtube&sparams=clen%2Cdur%2Cei%2Cgir%2Cid%2Cinitcwndbps%2Cip%2Cipbits%2Citag%2Clmt%2Cmime%2Cmm%2Cmn%2Cms%2Cmv%2Cpl%2Crequiressl%2Csource%2Cexpire&lmt=1437438698765033&ip=131.159.40.117&ei=IkaLWZO0Ds3uWO3EupAI&expire=1502321282&id=o-AEtECXsgHYAuetde7AR1vUX7hyfD6BlDQMhsQThfDsBs&ratebypass=yes", "player_url": null, "ext": "3gp", "width": 176, "height": 144, "acodec": "mp4a.40.2", "abr": 24, "vcodec": "mp4v.20.3", "resolution": "176x144", "format_note": "small", "format": "17 - 176x144 (small)", "protocol": "https", "http_headers": {"User-Agent": "Mozilla/5.0 (X11; Linux x86_64; rv:10.0) Gecko/20150101 Firefox/47.0 (Chrome)", "Accept-Charset": "ISO-8859-1,utf-8;q=0.7,*;q=0.7", "Accept": "text/html,application/xhtml+xml,application/xml;q=0.9,*/*;q=0.8", "Accept-Encoding": "gzip, deflate", "Accept-Language": "en-us,en;q=0.5"}}, {"format_id": "36", "url": "https://r5---sn-4g57kndy.googlevideo.com/videoplayback?mn=sn-4g57kndy&signature=A9E3D2A985A84A878B3002FBC746343DC28716E1.4DC4A79DD03B050C52F7FE0E5D524C0A35076091&mm=31&itag=36&gir=yes&key=yt6&dur=297.912&mv=m&mt=1502299486&ms=au&requiressl=yes&clen=8421716&mime=video%2F3gpp&ipbits=0&pl=16&initcwndbps=3777500&source=youtube&sparams=clen%2Cdur%2Cei%2Cgir%2Cid%2Cinitcwndbps%2Cip%2Cipbits%2Citag%2Clmt%2Cmime%2Cmm%2Cmn%2Cms%2Cmv%2Cpl%2Crequiressl%2Csource%2Cexpire&lmt=1437438742203127&ip=131.159.40.117&ei=IkaLWZO0Ds3uWO3EupAI&expire=1502321282&id=o-AEtECXsgHYAuetde7AR1vUX7hyfD6BlDQMhsQThfDsBs&ratebypass=yes", "player_url": null, "ext": "3gp", "width": 320, "acodec": "mp4a.40.2", "vcodec": "mp4v.20.3", "resolution": "320x180", "height": 180, "format_note": "small", "format": "36 - 320x180 (small)", "protocol": "https", "http_headers": {"User-Agent": "Mozilla/5.0 (X11; Linux x86_64; rv:10.0) Gecko/20150101 Firefox/47.0 (Chrome)", "Accept-Charset": "ISO-8859-1,utf-8;q=0.7,*;q=0.7", "Accept": "text/html,application/xhtml+xml,application/xml;q=0.9,*/*;q=0.8", "Accept-Encoding": "gzip, deflate", "Accept-Language": "en-us,en;q=0.5"}}, {"format_id": "43", "url": "https://r5---sn-4g57kndy.googlevideo.com/videoplayback?mn=sn-4g57kndy&signature=7BFC7FDC98C08F4607DD43E1C59AA072825D02AC.BEBA2C965D334EFE4FAC120A48FA91F9B2BE5BEB&mm=31&itag=43&gir=yes&key=yt6&dur=0.000&mv=m&mt=1502299486&ms=au&requiressl=yes&ratebypass=yes&clen=28342966&mime=video%2Fwebm&ipbits=0&pl=16&initcwndbps=3777500&source=youtube&sparams=clen%2Cdur%2Cei%2Cgir%2Cid%2Cinitcwndbps%2Cip%2Cipbits%2Citag%2Clmt%2Cmime%2Cmm%2Cmn%2Cms%2Cmv%2Cpl%2Cratebypass%2Crequiressl%2Csource%2Cexpire&lmt=1437439690317119&ip=131.159.40.117&ei=IkaLWZO0Ds3uWO3EupAI&expire=1502321282&id=o-AEtECXsgHYAuetde7AR1vUX7hyfD6BlDQMhsQThfDsBs", "player_url": null, "ext": "webm", "width": 640, "height": 360, "acodec": "vorbis", "abr": 128, "vcodec": "vp8.0", "resolution": "640x360", "format_note": "medium", "format": "43 - 640x360 (medium)", "protocol": "https", "http_headers": {"User-Agent": "Mozilla/5.0 (X11; Linux x86_64; rv:10.0) Gecko/20150101 Firefox/47.0 (Chrome)", "Accept-Charset": "ISO-8859-1,utf-8;q=0.7,*;q=0.7", "Accept": "text/html,application/xhtml+xml,application/xml;q=0.9,*/*;q=0.8", "Accept-Encoding": "gzip, deflate", "Accept-Language": "en-us,en;q=0.5"}}, {"format_id": "18", "url": "https://r5---sn-4g57kndy.googlevideo.com/videoplayback?mn=sn-4g57kndy&signature=730F0D1E05C91317C0884A7C634CDECEDA187BB3.4FF0EF4AA32D91B0CC0B00213714BB88DB90C0EA&mm=31&itag=18&gir=yes&key=yt6&dur=297.749&mv=m&mt=1502299486&ms=au&requiressl=yes&ratebypass=yes&clen=17163120&mime=video%2Fmp4&ipbits=0&pl=16&initcwndbps=3777500&source=youtube&sparams=clen%2Cdur%2Cei%2Cgir%2Cid%2Cinitcwndbps%2Cip%2Cipbits%2Citag%2Clmt%2Cmime%2Cmm%2Cmn%2Cms%2Cmv%2Cpl%2Cratebypass%2Crequiressl%2Csource%2Cexpire&lmt=1441509652776983&ip=131.159.40.117&ei=IkaLWZO0Ds3uWO3EupAI&expire=1502321282&id=o-AEtECXsgHYAuetde7AR1vUX7hyfD6BlDQMhsQThfDsBs", "player_url": null, "ext": "mp4", "width": 640, "height": 360, "acodec": "mp4a.40.2", "abr": 96, "vcodec": "avc1.42001E", "resolution": "640x360", "format_note": "medium", "format": "18 - 640x360 (medium)", "protocol": "https", "http_headers": {"User-Agent": "Mozilla/5.0 (X11; Linux x86_64; rv:10.0) Gecko/20150101 Firefox/47.0 (Chrome)", "Accept-Charset": "ISO-8859-1,utf-8;q=0.7,*;q=0.7", "Accept": "text/html,application/xhtml+xml,application/xml;q=0.9,*/*;q=0.8", "Accept-Encoding": "gzip, deflate", "Accept-Language": "en-us,en;q=0.5"}}, {"format_id": "22", "url": "https://r5---sn-4g57kndy.googlevideo.com/videoplayback?mn=sn-4g57kndy&signature=B43F4F40745DCACE5AD73F1C0B0B390D86713540.171F5ACBFD2DE329AF83E53DD314D49F41ABD896&mm=31&itag=22&key=yt6&pl=16&dur=297.749&mv=m&initcwndbps=3777500&source=youtube&sparams=dur%2Cei%2Cid%2Cinitcwndbps%2Cip%2Cipbits%2Citag%2Clmt%2Cmime%2Cmm%2Cmn%2Cms%2Cmv%2Cpl%2Cratebypass%2Crequiressl%2Csource%2Cexpire&ms=au&requiressl=yes&lmt=1497966643470393&ip=131.159.40.117&ratebypass=yes&mt=1502299486&ei=IkaLWZO0Ds3uWO3EupAI&expire=1502321282&id=o-AEtECXsgHYAuetde7AR1vUX7hyfD6BlDQMhsQThfDsBs&mime=video%2Fmp4&ipbits=0", "player_url": null, "ext": "mp4", "width": 1280, "height": 720, "acodec": "mp4a.40.2", "abr": 192, "vcodec": "avc1.64001F", "resolution": "1280x720", "format_note": "hd720", "format": "22 - 1280x720 (hd720)", "protocol": "https", "http_headers": {"User-Agent": "Mozilla/5.0 (X11; Linux x86_64; rv:10.0) Gecko/20150101 Firefox/47.0 (Chrome)", "Accept-Charset": "ISO-8859-1,utf-8;q=0.7,*;q=0.7", "Accept": "text/html,application/xhtml+xml,application/xml;q=0.9,*/*;q=0.8", "Accept-Encoding": "gzip, deflate", "Accept-Language": "en-us,en;q=0.5"}}], "is_live": null, "start_time": null, "end_time": null, "series": null, "season_number": null, "episode_number": null, "extractor": "youtube", "webpage_url_basename": "f82KNnLwZPc", "extractor_key": "Youtube", "playlist": null, "playlist_index": null, "thumbnails": [{"url": "https://i.ytimg.com/vi/f82KNnLwZPc/hqdefault.jpg", "id": "0"}], "display_id": "f82KNnLwZPc", "ext": "mp4", "height": 720, "format_note": "DASH video", "vcodec": "avc1.4d401f", "format_id": "136", "url": "https://r2---sn-4g5e6n7d.googlevideo.com/videoplayback?id=7fcd8a3672f064f7&itag=136&source=youtube&requiressl=yes&ms=au&mv=m&pl=16&mm=31&mn=sn-4g5e6n7d&ei=IkaLWf_zOsawW5DmsYAJ&initcwndbps=3777500&ratebypass=yes&mime=video/mp4&gir=yes&clen=48848978&lmt=1497966127350839&dur=297.697&mt=1502299486&key=dg_yt0&signature=7D81D1DFAA610C92EEB5DF1913C8BAD9D4EC51A8.216619D0200E78DE21EBD2FB4B4043FA4DA6FFA3&ip=131.159.40.117&ipbits=0&expire=1502321283&sparams=ip,ipbits,expire,id,itag,source,requiressl,ms,mv,pl,mm,mn,ei,initcwndbps,ratebypass,mime,gir,clen,lmt,dur", "manifest_url": "https://manifest.googlevideo.com/api/manifest/dash/sparams/as%2Cei%2Chfr%2Cid%2Cinitcwndbps%2Cip%2Cipbits%2Citag%2Cmm%2Cmn%2Cms%2Cmv%2Cpl%2Cplayback_host%2Crequiressl%2Csource%2Cexpire/itag/0/ip/131.159.40.117/source/youtube/mt/1502299486/ms/au/expire/1502321283/hfr/1/ipbits/0/requiressl/yes/id/7fcd8a3672f064f7/mv/m/pl/16/playback_host/r2---sn-4g5e6n7d.googlevideo.com/mm/31/mn/sn-4g5e6n7d/ei/IkaLWf_zOsawW5DmsYAJ/key/yt6/as/fmp4_audio_clear%2Cfmp4_sd_hd_clear/signature/6FE347713830C0ABE0A58C18C1001FECE2AD3305.98816607716571E5582FC4BA1BFA6F2D1F46F388/initcwndbps/3777500", "width": 1280, "tbr": 1623.039, "asr": null, "fps": 30, "language": null, "filesize": 48848978, "acodec": "none", "format": "136 - 1280x720 (DASH video)", "protocol": "https", "http_headers": {"User-Agent": "Mozilla/5.0 (X11; Linux x86_64; rv:10.0) Gecko/20150101 Firefox/47.0 (Chrome)", "Accept-Charset": "ISO-8859-1,utf-8;q=0.7,*;q=0.7", "Accept": "text/html,application/xhtml+xml,application/xml;q=0.9,*/*;q=0.8", "Accept-Encoding": "gzip, deflate", "Accept-Language": "en-us,en;q=0.5"}, "fulltitle": "CeraVe Skin Renewing Cream Serum Review", "_filename": "f82KNnLwZPc.mp4"}