{"id": "x3XdiNt08sA", "uploader": "\u041a\u0430\u0439\u0444\u043e\u0432\u0449\u0438\u043a", "uploader_id": "LuxeSpb", "uploader_url": "http://www.youtube.com/user/LuxeSpb", "upload_date": "20141219", "license": "Standard YouTube License", "creator": null, "title": "\u0422\u0435\u043b\u0435\u0432\u0435\u0434\u0443\u0449\u0430\u044f", "alt_title": null, "thumbnail": "https://i.ytimg.com/vi/x3XdiNt08sA/maxresdefault.jpg", "description": "https://vk.com/id11693829 - \u041a\u0430\u0442\u0430\u0440\u0438\u043d\u0430 \u0420\u043e\u043c\u0430\u043d\u0446\u043e\u0432\u0430\nhttps://vk.com/LuxeSpb - \u041b\u0451\u0445\u0430 \u041a\u0430\u0439\u0444\u043e\u0432\u0449\u0438\u043a", "categories": ["Education"], "tags": [], "subtitles": {}, "automatic_captions": {}, "duration": 315, "age_limit": 0, "annotations": null, "chapters": null, "webpage_url": "https://www.youtube.com/watch?v=x3XdiNt08sA", "view_count": 2582, "like_count": 42, "dislike_count": 2, "average_rating": 4.81818199158, "formats": [{"ext": "m4a", "format_note": "DASH audio", "acodec": "mp4a.40.5", "abr": 48, "container": "m4a_dash", "format_id": "139", "url": "https://r14---sn-4g57knld.googlevideo.com/videoplayback?id=c775dd88db74f2c0&itag=139&source=youtube&requiressl=yes&mv=m&ms=au&ei=13WJWdDxCsuec-6MgKAC&mn=sn-4g57knld&mm=31&initcwndbps=4267500&pl=16&ratebypass=yes&mime=audio/mp4&gir=yes&clen=1900875&lmt=1419083585157588&dur=315.001&mt=1502180716&signature=3FA00FB2DC504A1F95D98E310E7F123B8C42822D.87099F812C298EF24CBC72F72AD91413BBEEAE26&beids=[9466591]&key=dg_yt0&ip=131.159.40.117&ipbits=0&expire=1502202423&sparams=ip,ipbits,expire,id,itag,source,requiressl,mv,ms,ei,mn,mm,initcwndbps,pl,ratebypass,mime,gir,clen,lmt,dur", "manifest_url": "https://manifest.googlevideo.com/api/manifest/dash/mv/m/mt/1502180716/ms/au/ei/13WJWdDxCsuec-6MgKAC/as/fmp4_audio_clear%2Cfmp4_sd_hd_clear/expire/1502202423/requiressl/yes/mn/sn-4g57knld/mm/31/ipbits/0/initcwndbps/4267500/pl/16/source/youtube/playback_host/r14---sn-4g57knld.googlevideo.com/hfr/1/sparams/as%2Cei%2Chfr%2Cid%2Cinitcwndbps%2Cip%2Cipbits%2Citag%2Cmm%2Cmn%2Cms%2Cmv%2Cpl%2Cplayback_host%2Crequiressl%2Csource%2Cexpire/signature/A1204F59F504A4334607A7C7720F2B46343F819B.53ADFAAB7D7E3C1DE8D8313FE6E042563B3C72A4/itag/0/id/c775dd88db74f2c0/beids/%5B9466591%5D/ip/131.159.40.117/key/yt6", "width": null, "height": null, "tbr": 49.283, "asr": 22050, "fps": null, "language": null, "filesize": 1900875, "vcodec": "none", "format": "139 - audio only (DASH audio)", "protocol": "https", "http_headers": {"User-Agent": "Mozilla/5.0 (X11; Linux x86_64; rv:10.0) Gecko/20150101 Firefox/47.0 (Chrome)", "Accept-Charset": "ISO-8859-1,utf-8;q=0.7,*;q=0.7", "Accept": "text/html,application/xhtml+xml,application/xml;q=0.9,*/*;q=0.8", "Accept-Encoding": "gzip, deflate", "Accept-Language": "en-us,en;q=0.5"}}, {"format_id": "249", "url": "https://r14---sn-4g57kndy.googlevideo.com/videoplayback?mime=audio%2Fwebm&expire=1502202422&ipbits=0&initcwndbps=4267500&beids=%5B9466591%5D&gir=yes&mn=sn-4g57kndy&mm=31&key=yt6&clen=2022991&sparams=clen%2Cdur%2Cei%2Cgir%2Cid%2Cinitcwndbps%2Cip%2Cipbits%2Citag%2Ckeepalive%2Clmt%2Cmime%2Cmm%2Cmn%2Cms%2Cmv%2Cpl%2Crequiressl%2Csource%2Cexpire&signature=51376C74BB054A87B761162AF0443B7282EE98F8.3C366B24B99AF086C96DC9BC5D8929E75FD8AE4E&ms=au&ei=1nWJWdC8JdGyc8OVk5AH&pl=16&mv=m&mt=1502180716&requiressl=yes&lmt=1419344306504547&itag=249&keepalive=yes&ip=131.159.40.117&dur=314.881&source=youtube&id=o-ALu3ExOWM2-7Ggif-OByHzU_dhINbJDmd5s27PnDYk3R&ratebypass=yes", "player_url": null, "ext": "webm", "format_note": "DASH audio", "acodec": "opus", "abr": 50, "filesize": 2022991, "tbr": 52.787, "vcodec": "none", "format": "249 - audio only (DASH audio)", "protocol": "https", "http_headers": {"User-Agent": "Mozilla/5.0 (X11; Linux x86_64; rv:10.0) Gecko/20150101 Firefox/47.0 (Chrome)", "Accept-Charset": "ISO-8859-1,utf-8;q=0.7,*;q=0.7", "Accept": "text/html,application/xhtml+xml,application/xml;q=0.9,*/*;q=0.8", "Accept-Encoding": "gzip, deflate", "Accept-Language": "en-us,en;q=0.5"}}, {"format_id": "250", "url": "https://r14---sn-4g57kndy.googlevideo.com/videoplayback?mime=audio%2Fwebm&expire=1502202422&ipbits=0&initcwndbps=4267500&beids=%5B9466591%5D&gir=yes&mn=sn-4g57kndy&mm=31&key=yt6&clen=2435845&sparams=clen%2Cdur%2Cei%2Cgir%2Cid%2Cinitcwndbps%2Cip%2Cipbits%2Citag%2Ckeepalive%2Clmt%2Cmime%2Cmm%2Cmn%2Cms%2Cmv%2Cpl%2Crequiressl%2Csource%2Cexpire&signature=769B710FDEC80C246DAD9C769F96CA1E61AA9C13.5F15A326CCF465ECB9FC495520D9BA381ACC90BB&ms=au&ei=1nWJWdC8JdGyc8OVk5AH&pl=16&mv=m&mt=1502180716&requiressl=yes&lmt=1419344305918917&itag=250&keepalive=yes&ip=131.159.40.117&dur=314.881&source=youtube&id=o-ALu3ExOWM2-7Ggif-OByHzU_dhINbJDmd5s27PnDYk3R&ratebypass=yes", "player_url": null, "ext": "webm", "format_note": "DASH audio", "acodec": "opus", "abr": 70, "filesize": 2435845, "tbr": 71.228, "vcodec": "none", "format": "250 - audio only (DASH audio)", "protocol": "https", "http_headers": {"User-Agent": "Mozilla/5.0 (X11; Linux x86_64; rv:10.0) Gecko/20150101 Firefox/47.0 (Chrome)", "Accept-Charset": "ISO-8859-1,utf-8;q=0.7,*;q=0.7", "Accept": "text/html,application/xhtml+xml,application/xml;q=0.9,*/*;q=0.8", "Accept-Encoding": "gzip, deflate", "Accept-Language": "en-us,en;q=0.5"}}, {"format_id": "171", "url": "https://r14---sn-4g57kndy.googlevideo.com/videoplayback?mime=audio%2Fwebm&expire=1502202422&ipbits=0&initcwndbps=4267500&beids=%5B9466591%5D&gir=yes&mn=sn-4g57kndy&mm=31&key=yt6&clen=4234409&sparams=clen%2Cdur%2Cei%2Cgir%2Cid%2Cinitcwndbps%2Cip%2Cipbits%2Citag%2Ckeepalive%2Clmt%2Cmime%2Cmm%2Cmn%2Cms%2Cmv%2Cpl%2Crequiressl%2Csource%2Cexpire&signature=7E6CDBE26213918DD034F78A979D0FDE962CFB4E.547C79EFA8AA87BF0C47FD7E7AAF0AF2BCFCC65D&ms=au&ei=1nWJWdC8JdGyc8OVk5AH&pl=16&mv=m&mt=1502180716&requiressl=yes&lmt=1419344306277711&itag=171&keepalive=yes&ip=131.159.40.117&dur=314.870&source=youtube&id=o-ALu3ExOWM2-7Ggif-OByHzU_dhINbJDmd5s27PnDYk3R&ratebypass=yes", "player_url": null, "ext": "webm", "acodec": "vorbis", "format_note": "DASH audio", "abr": 128, "filesize": 4234409, "tbr": 121.429, "vcodec": "none", "format": "171 - audio only (DASH audio)", "protocol": "https", "http_headers": {"User-Agent": "Mozilla/5.0 (X11; Linux x86_64; rv:10.0) Gecko/20150101 Firefox/47.0 (Chrome)", "Accept-Charset": "ISO-8859-1,utf-8;q=0.7,*;q=0.7", "Accept": "text/html,application/xhtml+xml,application/xml;q=0.9,*/*;q=0.8", "Accept-Encoding": "gzip, deflate", "Accept-Language": "en-us,en;q=0.5"}}, {"ext": "m4a", "format_note": "DASH audio", "acodec": "mp4a.40.2", "abr": 128, "container": "m4a_dash", "format_id": "140", "url": "https://r14---sn-4g57knld.googlevideo.com/videoplayback?id=c775dd88db74f2c0&itag=140&source=youtube&requiressl=yes&mv=m&ms=au&ei=13WJWdDxCsuec-6MgKAC&mn=sn-4g57knld&mm=31&initcwndbps=4267500&pl=16&ratebypass=yes&mime=audio/mp4&gir=yes&clen=5056627&lmt=1419083585250810&dur=314.931&mt=1502180716&signature=8170F8BB837CBC6F6EEFBDCB85227D429DC2600E.44F73C287DEF19FB7AADB5026493C84B7DE2F809&beids=[9466591]&key=dg_yt0&ip=131.159.40.117&ipbits=0&expire=1502202423&sparams=ip,ipbits,expire,id,itag,source,requiressl,mv,ms,ei,mn,mm,initcwndbps,pl,ratebypass,mime,gir,clen,lmt,dur", "manifest_url": "https://manifest.googlevideo.com/api/manifest/dash/mv/m/mt/1502180716/ms/au/ei/13WJWdDxCsuec-6MgKAC/as/fmp4_audio_clear%2Cfmp4_sd_hd_clear/expire/1502202423/requiressl/yes/mn/sn-4g57knld/mm/31/ipbits/0/initcwndbps/4267500/pl/16/source/youtube/playback_host/r14---sn-4g57knld.googlevideo.com/hfr/1/sparams/as%2Cei%2Chfr%2Cid%2Cinitcwndbps%2Cip%2Cipbits%2Citag%2Cmm%2Cmn%2Cms%2Cmv%2Cpl%2Cplayback_host%2Crequiressl%2Csource%2Cexpire/signature/A1204F59F504A4334607A7C7720F2B46343F819B.53ADFAAB7D7E3C1DE8D8313FE6E042563B3C72A4/itag/0/id/c775dd88db74f2c0/beids/%5B9466591%5D/ip/131.159.40.117/key/yt6", "width": null, "height": null, "tbr": 129.474, "asr": 44100, "fps": null, "language": null, "filesize": 5056627, "vcodec": "none", "format": "140 - audio only (DASH audio)", "protocol": "https", "http_headers": {"User-Agent": "Mozilla/5.0 (X11; Linux x86_64; rv:10.0) Gecko/20150101 Firefox/47.0 (Chrome)", "Accept-Charset": "ISO-8859-1,utf-8;q=0.7,*;q=0.7", "Accept": "text/html,application/xhtml+xml,application/xml;q=0.9,*/*;q=0.8", "Accept-Encoding": "gzip, deflate", "Accept-Language": "en-us,en;q=0.5"}}, {"format_id": "251", "url": "https://r14---sn-4g57kndy.googlevideo.com/videoplayback?mime=audio%2Fwebm&expire=1502202422&ipbits=0&initcwndbps=4267500&beids=%5B9466591%5D&gir=yes&mn=sn-4g57kndy&mm=31&key=yt6&clen=5521314&sparams=clen%2Cdur%2Cei%2Cgir%2Cid%2Cinitcwndbps%2Cip%2Cipbits%2Citag%2Ckeepalive%2Clmt%2Cmime%2Cmm%2Cmn%2Cms%2Cmv%2Cpl%2Crequiressl%2Csource%2Cexpire&signature=1A24D57545FBA13F953DF7C694E7271FFC4A4900.7DDF734E6353009E202031CB19E1818B0DE274A7&ms=au&ei=1nWJWdC8JdGyc8OVk5AH&pl=16&mv=m&mt=1502180716&requiressl=yes&lmt=1419344305576052&itag=251&keepalive=yes&ip=131.159.40.117&dur=314.881&source=youtube&id=o-ALu3ExOWM2-7Ggif-OByHzU_dhINbJDmd5s27PnDYk3R&ratebypass=yes", "player_url": null, "ext": "webm", "format_note": "DASH audio", "acodec": "opus", "abr": 160, "filesize": 5521314, "tbr": 161.271, "vcodec": "none", "format": "251 - audio only (DASH audio)", "protocol": "https", "http_headers": {"User-Agent": "Mozilla/5.0 (X11; Linux x86_64; rv:10.0) Gecko/20150101 Firefox/47.0 (Chrome)", "Accept-Charset": "ISO-8859-1,utf-8;q=0.7,*;q=0.7", "Accept": "text/html,application/xhtml+xml,application/xml;q=0.9,*/*;q=0.8", "Accept-Encoding": "gzip, deflate", "Accept-Language": "en-us,en;q=0.5"}}, {"ext": "mp4", "height": 144, "format_note": "DASH video", "vcodec": "avc1.4d400c", "format_id": "160", "url": "https://r14---sn-4g57knld.googlevideo.com/videoplayback?id=c775dd88db74f2c0&itag=160&source=youtube&requiressl=yes&mv=m&ms=au&ei=13WJWdDxCsuec-6MgKAC&mn=sn-4g57knld&mm=31&initcwndbps=4267500&pl=16&ratebypass=yes&mime=video/mp4&gir=yes&clen=4353350&lmt=1419083606240039&dur=314.940&mt=1502180716&signature=847B9863F6C8D41703A907FD887F8FAD23C7C794.63391804AE05D2B5F412917594A505A69EDE47CE&beids=[9466591]&key=dg_yt0&ip=131.159.40.117&ipbits=0&expire=1502202423&sparams=ip,ipbits,expire,id,itag,source,requiressl,mv,ms,ei,mn,mm,initcwndbps,pl,ratebypass,mime,gir,clen,lmt,dur", "manifest_url": "https://manifest.googlevideo.com/api/manifest/dash/mv/m/mt/1502180716/ms/au/ei/13WJWdDxCsuec-6MgKAC/as/fmp4_audio_clear%2Cfmp4_sd_hd_clear/expire/1502202423/requiressl/yes/mn/sn-4g57knld/mm/31/ipbits/0/initcwndbps/4267500/pl/16/source/youtube/playback_host/r14---sn-4g57knld.googlevideo.com/hfr/1/sparams/as%2Cei%2Chfr%2Cid%2Cinitcwndbps%2Cip%2Cipbits%2Citag%2Cmm%2Cmn%2Cms%2Cmv%2Cpl%2Cplayback_host%2Crequiressl%2Csource%2Cexpire/signature/A1204F59F504A4334607A7C7720F2B46343F819B.53ADFAAB7D7E3C1DE8D8313FE6E042563B3C72A4/itag/0/id/c775dd88db74f2c0/beids/%5B9466591%5D/ip/131.159.40.117/key/yt6", "width": 256, "tbr": 113.077, "asr": null, "fps": 13, "language": null, "filesize": 4353350, "acodec": "none", "format": "160 - 256x144 (DASH video)", "protocol": "https", "http_headers": {"User-Agent": "Mozilla/5.0 (X11; Linux x86_64; rv:10.0) Gecko/20150101 Firefox/47.0 (Chrome)", "Accept-Charset": "ISO-8859-1,utf-8;q=0.7,*;q=0.7", "Accept": "text/html,application/xhtml+xml,application/xml;q=0.9,*/*;q=0.8", "Accept-Encoding": "gzip, deflate", "Accept-Language": "en-us,en;q=0.5"}}, {"ext": "mp4", "height": 240, "format_note": "DASH video", "vcodec": "avc1.4d4015", "format_id": "133", "url": "https://r14---sn-4g57knld.googlevideo.com/videoplayback?id=c775dd88db74f2c0&itag=133&source=youtube&requiressl=yes&mv=m&ms=au&ei=13WJWdDxCsuec-6MgKAC&mn=sn-4g57knld&mm=31&initcwndbps=4267500&pl=16&ratebypass=yes&mime=video/mp4&gir=yes&clen=9712711&lmt=1419083601338346&dur=314.900&mt=1502180716&signature=4C99DAC8480B44D12003A72A115C204CC0DD5587.026FC822D0BAA14A8F885FB3ACFA88EACFB89AF1&beids=[9466591]&key=dg_yt0&ip=131.159.40.117&ipbits=0&expire=1502202423&sparams=ip,ipbits,expire,id,itag,source,requiressl,mv,ms,ei,mn,mm,initcwndbps,pl,ratebypass,mime,gir,clen,lmt,dur", "manifest_url": "https://manifest.googlevideo.com/api/manifest/dash/mv/m/mt/1502180716/ms/au/ei/13WJWdDxCsuec-6MgKAC/as/fmp4_audio_clear%2Cfmp4_sd_hd_clear/expire/1502202423/requiressl/yes/mn/sn-4g57knld/mm/31/ipbits/0/initcwndbps/4267500/pl/16/source/youtube/playback_host/r14---sn-4g57knld.googlevideo.com/hfr/1/sparams/as%2Cei%2Chfr%2Cid%2Cinitcwndbps%2Cip%2Cipbits%2Citag%2Cmm%2Cmn%2Cms%2Cmv%2Cpl%2Cplayback_host%2Crequiressl%2Csource%2Cexpire/signature/A1204F59F504A4334607A7C7720F2B46343F819B.53ADFAAB7D7E3C1DE8D8313FE6E042563B3C72A4/itag/0/id/c775dd88db74f2c0/beids/%5B9466591%5D/ip/131.159.40.117/key/yt6", "width": 426, "tbr": 249.281, "asr": null, "fps": 25, "language": null, "filesize": 9712711, "acodec": "none", "format": "133 - 426x240 (DASH video)", "protocol": "https", "http_headers": {"User-Agent": "Mozilla/5.0 (X11; Linux x86_64; rv:10.0) Gecko/20150101 Firefox/47.0 (Chrome)", "Accept-Charset": "ISO-8859-1,utf-8;q=0.7,*;q=0.7", "Accept": "text/html,application/xhtml+xml,application/xml;q=0.9,*/*;q=0.8", "Accept-Encoding": "gzip, deflate", "Accept-Language": "en-us,en;q=0.5"}}, {"ext": "mp4", "height": 360, "format_note": "DASH video", "vcodec": "avc1.4d401e", "format_id": "134", "url": "https://r14---sn-4g57knld.googlevideo.com/videoplayback?id=c775dd88db74f2c0&itag=134&source=youtube&requiressl=yes&mv=m&ms=au&ei=13WJWdDxCsuec-6MgKAC&mn=sn-4g57knld&mm=31&initcwndbps=4267500&pl=16&ratebypass=yes&mime=video/mp4&gir=yes&clen=9498055&lmt=1419083626868453&dur=314.900&mt=1502180716&signature=01A2122AD1A377E9C66C688714236DDA30482FDD.7533774D34C69B244CA18B74EB6A107296E4B321&beids=[9466591]&key=dg_yt0&ip=131.159.40.117&ipbits=0&expire=1502202423&sparams=ip,ipbits,expire,id,itag,source,requiressl,mv,ms,ei,mn,mm,initcwndbps,pl,ratebypass,mime,gir,clen,lmt,dur", "manifest_url": "https://manifest.googlevideo.com/api/manifest/dash/mv/m/mt/1502180716/ms/au/ei/13WJWdDxCsuec-6MgKAC/as/fmp4_audio_clear%2Cfmp4_sd_hd_clear/expire/1502202423/requiressl/yes/mn/sn-4g57knld/mm/31/ipbits/0/initcwndbps/4267500/pl/16/source/youtube/playback_host/r14---sn-4g57knld.googlevideo.com/hfr/1/sparams/as%2Cei%2Chfr%2Cid%2Cinitcwndbps%2Cip%2Cipbits%2Citag%2Cmm%2Cmn%2Cms%2Cmv%2Cpl%2Cplayback_host%2Crequiressl%2Csource%2Cexpire/signature/A1204F59F504A4334607A7C7720F2B46343F819B.53ADFAAB7D7E3C1DE8D8313FE6E042563B3C72A4/itag/0/id/c775dd88db74f2c0/beids/%5B9466591%5D/ip/131.159.40.117/key/yt6", "width": 640, "tbr": 256.655, "asr": null, "fps": 25, "language": null, "filesize": 9498055, "acodec": "none", "format": "134 - 640x360 (DASH video)", "protocol": "https", "http_headers": {"User-Agent": "Mozilla/5.0 (X11; Linux x86_64; rv:10.0) Gecko/20150101 Firefox/47.0 (Chrome)", "Accept-Charset": "ISO-8859-1,utf-8;q=0.7,*;q=0.7", "Accept": "text/html,application/xhtml+xml,application/xml;q=0.9,*/*;q=0.8", "Accept-Encoding": "gzip, deflate", "Accept-Language": "en-us,en;q=0.5"}}, {"ext": "mp4", "height": 480, "format_note": "DASH video", "vcodec": "avc1.4d401e", "format_id": "135", "url": "https://r14---sn-4g57knld.googlevideo.com/videoplayback?id=c775dd88db74f2c0&itag=135&source=youtube&requiressl=yes&mv=m&ms=au&ei=13WJWdDxCsuec-6MgKAC&mn=sn-4g57knld&mm=31&initcwndbps=4267500&pl=16&ratebypass=yes&mime=video/mp4&gir=yes&clen=20258082&lmt=1419083652137337&dur=314.900&mt=1502180716&signature=2041498B0B4302B2FE8B45A4267E54552503A917.09E3E43351186F322C6B99A821808BE152CF1BC8&beids=[9466591]&key=dg_yt0&ip=131.159.40.117&ipbits=0&expire=1502202423&sparams=ip,ipbits,expire,id,itag,source,requiressl,mv,ms,ei,mn,mm,initcwndbps,pl,ratebypass,mime,gir,clen,lmt,dur", "manifest_url": "https://manifest.googlevideo.com/api/manifest/dash/mv/m/mt/1502180716/ms/au/ei/13WJWdDxCsuec-6MgKAC/as/fmp4_audio_clear%2Cfmp4_sd_hd_clear/expire/1502202423/requiressl/yes/mn/sn-4g57knld/mm/31/ipbits/0/initcwndbps/4267500/pl/16/source/youtube/playback_host/r14---sn-4g57knld.googlevideo.com/hfr/1/sparams/as%2Cei%2Chfr%2Cid%2Cinitcwndbps%2Cip%2Cipbits%2Citag%2Cmm%2Cmn%2Cms%2Cmv%2Cpl%2Cplayback_host%2Crequiressl%2Csource%2Cexpire/signature/A1204F59F504A4334607A7C7720F2B46343F819B.53ADFAAB7D7E3C1DE8D8313FE6E042563B3C72A4/itag/0/id/c775dd88db74f2c0/beids/%5B9466591%5D/ip/131.159.40.117/key/yt6", "width": 854, "tbr": 533.526, "asr": null, "fps": 25, "language": null, "filesize": 20258082, "acodec": "none", "format": "135 - 854x480 (DASH video)", "protocol": "https", "http_headers": {"User-Agent": "Mozilla/5.0 (X11; Linux x86_64; rv:10.0) Gecko/20150101 Firefox/47.0 (Chrome)", "Accept-Charset": "ISO-8859-1,utf-8;q=0.7,*;q=0.7", "Accept": "text/html,application/xhtml+xml,application/xml;q=0.9,*/*;q=0.8", "Accept-Encoding": "gzip, deflate", "Accept-Language": "en-us,en;q=0.5"}}, {"format_id": "136", "url": "https://r14---sn-4g57kndy.googlevideo.com/videoplayback?mime=video%2Fmp4&expire=1502202422&ipbits=0&initcwndbps=4267500&beids=%5B9466591%5D&gir=yes&mn=sn-4g57kndy&mm=31&key=yt6&clen=40187088&sparams=clen%2Cdur%2Cei%2Cgir%2Cid%2Cinitcwndbps%2Cip%2Cipbits%2Citag%2Ckeepalive%2Clmt%2Cmime%2Cmm%2Cmn%2Cms%2Cmv%2Cpl%2Crequiressl%2Csource%2Cexpire&signature=B5349099BCCFBB488258C38E8A1BE78A9D33313B.56587C0F53270D06262A675A4C10D7F2CD2E8988&ms=au&ei=1nWJWdC8JdGyc8OVk5AH&pl=16&mv=m&mt=1502180716&requiressl=yes&lmt=1419083754750869&itag=136&keepalive=yes&ip=131.159.40.117&dur=314.900&source=youtube&id=o-ALu3ExOWM2-7Ggif-OByHzU_dhINbJDmd5s27PnDYk3R&ratebypass=yes", "player_url": null, "ext": "mp4", "height": 720, "format_note": "720p", "vcodec": "avc1.4d401f", "filesize": 40187088, "tbr": 1076.483, "width": 1280, "fps": 25, "acodec": "none", "format": "136 - 1280x720 (720p)", "protocol": "https", "http_headers": {"User-Agent": "Mozilla/5.0 (X11; Linux x86_64; rv:10.0) Gecko/20150101 Firefox/47.0 (Chrome)", "Accept-Charset": "ISO-8859-1,utf-8;q=0.7,*;q=0.7", "Accept": "text/html,application/xhtml+xml,application/xml;q=0.9,*/*;q=0.8", "Accept-Encoding": "gzip, deflate", "Accept-Language": "en-us,en;q=0.5"}}, {"ext": "mp4", "height": 720, "format_note": "DASH video", "vcodec": "avc1.4d4020", "fps": 50, "format_id": "298", "url": "https://r14---sn-4g57knld.googlevideo.com/videoplayback?id=c775dd88db74f2c0&itag=298&source=youtube&requiressl=yes&mv=m&ms=au&ei=13WJWdDxCsuec-6MgKAC&mn=sn-4g57knld&mm=31&initcwndbps=4267500&pl=16&ratebypass=yes&mime=video/mp4&gir=yes&clen=73802742&lmt=1419084030904907&dur=314.860&mt=1502180716&signature=681CCA4A1D66D790519F224DD56907986DDFC1E3.8EACE638549F0771BA7F33D5969D87ADEF53016E&beids=[9466591]&key=dg_yt0&ip=131.159.40.117&ipbits=0&expire=1502202423&sparams=ip,ipbits,expire,id,itag,source,requiressl,mv,ms,ei,mn,mm,initcwndbps,pl,ratebypass,mime,gir,clen,lmt,dur", "manifest_url": "https://manifest.googlevideo.com/api/manifest/dash/mv/m/mt/1502180716/ms/au/ei/13WJWdDxCsuec-6MgKAC/as/fmp4_audio_clear%2Cfmp4_sd_hd_clear/expire/1502202423/requiressl/yes/mn/sn-4g57knld/mm/31/ipbits/0/initcwndbps/4267500/pl/16/source/youtube/playback_host/r14---sn-4g57knld.googlevideo.com/hfr/1/sparams/as%2Cei%2Chfr%2Cid%2Cinitcwndbps%2Cip%2Cipbits%2Citag%2Cmm%2Cmn%2Cms%2Cmv%2Cpl%2Cplayback_host%2Crequiressl%2Csource%2Cexpire/signature/A1204F59F504A4334607A7C7720F2B46343F819B.53ADFAAB7D7E3C1DE8D8313FE6E042563B3C72A4/itag/0/id/c775dd88db74f2c0/beids/%5B9466591%5D/ip/131.159.40.117/key/yt6", "width": 1280, "tbr": 1966.163, "asr": null, "language": null, "filesize": 73802742, "acodec": "none", "format": "298 - 1280x720 (DASH video)", "protocol": "https", "http_headers": {"User-Agent": "Mozilla/5.0 (X11; Linux x86_64; rv:10.0) Gecko/20150101 Firefox/47.0 (Chrome)", "Accept-Charset": "ISO-8859-1,utf-8;q=0.7,*;q=0.7", "Accept": "text/html,application/xhtml+xml,application/xml;q=0.9,*/*;q=0.8", "Accept-Encoding": "gzip, deflate", "Accept-Language": "en-us,en;q=0.5"}}, {"format_id": "137", "url": "https://r14---sn-4g57kndy.googlevideo.com/videoplayback?mime=video%2Fmp4&expire=1502202422&ipbits=0&initcwndbps=4267500&beids=%5B9466591%5D&gir=yes&mn=sn-4g57kndy&mm=31&key=yt6&clen=75309676&sparams=clen%2Cdur%2Cei%2Cgir%2Cid%2Cinitcwndbps%2Cip%2Cipbits%2Citag%2Ckeepalive%2Clmt%2Cmime%2Cmm%2Cmn%2Cms%2Cmv%2Cpl%2Crequiressl%2Csource%2Cexpire&signature=C83E3277D4CDF2C807615D3B5AD61D52403A68F5.DA83EB41207301E098249C3A707813FA4E2077A5&ms=au&ei=1nWJWdC8JdGyc8OVk5AH&pl=16&mv=m&mt=1502180716&requiressl=yes&lmt=1419083881746170&itag=137&keepalive=yes&ip=131.159.40.117&dur=314.900&source=youtube&id=o-ALu3ExOWM2-7Ggif-OByHzU_dhINbJDmd5s27PnDYk3R&ratebypass=yes", "player_url": null, "ext": "mp4", "height": 1080, "format_note": "1080p", "vcodec": "avc1.640028", "filesize": 75309676, "tbr": 2435.066, "width": 1920, "fps": 25, "acodec": "none", "format": "137 - 1920x1080 (1080p)", "protocol": "https", "http_headers": {"User-Agent": "Mozilla/5.0 (X11; Linux x86_64; rv:10.0) Gecko/20150101 Firefox/47.0 (Chrome)", "Accept-Charset": "ISO-8859-1,utf-8;q=0.7,*;q=0.7", "Accept": "text/html,application/xhtml+xml,application/xml;q=0.9,*/*;q=0.8", "Accept-Encoding": "gzip, deflate", "Accept-Language": "en-us,en;q=0.5"}}, {"ext": "mp4", "height": 1080, "format_note": "DASH video", "vcodec": "avc1.64002a", "fps": 50, "format_id": "299", "url": "https://r14---sn-4g57knld.googlevideo.com/videoplayback?id=c775dd88db74f2c0&itag=299&source=youtube&requiressl=yes&mv=m&ms=au&ei=13WJWdDxCsuec-6MgKAC&mn=sn-4g57knld&mm=31&initcwndbps=4267500&pl=16&ratebypass=yes&mime=video/mp4&gir=yes&clen=192379068&lmt=1419084472336943&dur=314.860&mt=1502180716&signature=42D346B512297B73E19AAD1305F0E90ED7BFFE65.835977E1D743B2178B08D1BA2A571B5C8D0B5407&beids=[9466591]&key=dg_yt0&ip=131.159.40.117&ipbits=0&expire=1502202423&sparams=ip,ipbits,expire,id,itag,source,requiressl,mv,ms,ei,mn,mm,initcwndbps,pl,ratebypass,mime,gir,clen,lmt,dur", "manifest_url": "https://manifest.googlevideo.com/api/manifest/dash/mv/m/mt/1502180716/ms/au/ei/13WJWdDxCsuec-6MgKAC/as/fmp4_audio_clear%2Cfmp4_sd_hd_clear/expire/1502202423/requiressl/yes/mn/sn-4g57knld/mm/31/ipbits/0/initcwndbps/4267500/pl/16/source/youtube/playback_host/r14---sn-4g57knld.googlevideo.com/hfr/1/sparams/as%2Cei%2Chfr%2Cid%2Cinitcwndbps%2Cip%2Cipbits%2Citag%2Cmm%2Cmn%2Cms%2Cmv%2Cpl%2Cplayback_host%2Crequiressl%2Csource%2Cexpire/signature/A1204F59F504A4334607A7C7720F2B46343F819B.53ADFAAB7D7E3C1DE8D8313FE6E042563B3C72A4/itag/0/id/c775dd88db74f2c0/beids/%5B9466591%5D/ip/131.159.40.117/key/yt6", "width": 1920, "tbr": 5512.469, "asr": null, "language": null, "filesize": 192379068, "acodec": "none", "format": "299 - 1920x1080 (DASH video)", "protocol": "https", "http_headers": {"User-Agent": "Mozilla/5.0 (X11; Linux x86_64; rv:10.0) Gecko/20150101 Firefox/47.0 (Chrome)", "Accept-Charset": "ISO-8859-1,utf-8;q=0.7,*;q=0.7", "Accept": "text/html,application/xhtml+xml,application/xml;q=0.9,*/*;q=0.8", "Accept-Encoding": "gzip, deflate", "Accept-Language": "en-us,en;q=0.5"}}, {"format_id": "17", "url": "https://r14---sn-4g57kndy.googlevideo.com/videoplayback?sparams=clen%2Cdur%2Cei%2Cgir%2Cid%2Cinitcwndbps%2Cip%2Cipbits%2Citag%2Clmt%2Cmime%2Cmm%2Cmn%2Cms%2Cmv%2Cpl%2Crequiressl%2Csource%2Cexpire&expire=1502202422&ipbits=0&initcwndbps=4267500&beids=%5B9466591%5D&gir=yes&mn=sn-4g57kndy&mm=31&key=yt6&clen=3203591&mime=video%2F3gpp&signature=84F2CFE3017A24FD5D5D3DFA86361F4B0CD305DC.AA94771BB9556C997FB860272978BFD0944E33D6&ms=au&ei=1nWJWdC8JdGyc8OVk5AH&pl=16&mv=m&mt=1502180716&requiressl=yes&lmt=1418912227351733&itag=17&ip=131.159.40.117&dur=315.141&source=youtube&id=o-ALu3ExOWM2-7Ggif-OByHzU_dhINbJDmd5s27PnDYk3R&ratebypass=yes", "player_url": null, "ext": "3gp", "width": 176, "height": 144, "acodec": "mp4a.40.2", "abr": 24, "vcodec": "mp4v.20.3", "resolution": "176x144", "format_note": "small", "format": "17 - 176x144 (small)", "protocol": "https", "http_headers": {"User-Agent": "Mozilla/5.0 (X11; Linux x86_64; rv:10.0) Gecko/20150101 Firefox/47.0 (Chrome)", "Accept-Charset": "ISO-8859-1,utf-8;q=0.7,*;q=0.7", "Accept": "text/html,application/xhtml+xml,application/xml;q=0.9,*/*;q=0.8", "Accept-Encoding": "gzip, deflate", "Accept-Language": "en-us,en;q=0.5"}}, {"format_id": "36", "url": "https://r14---sn-4g57kndy.googlevideo.com/videoplayback?sparams=clen%2Cdur%2Cei%2Cgir%2Cid%2Cinitcwndbps%2Cip%2Cipbits%2Citag%2Clmt%2Cmime%2Cmm%2Cmn%2Cms%2Cmv%2Cpl%2Crequiressl%2Csource%2Cexpire&expire=1502202422&ipbits=0&initcwndbps=4267500&beids=%5B9466591%5D&gir=yes&mn=sn-4g57kndy&mm=31&key=yt6&clen=8907377&mime=video%2F3gpp&signature=5F1872ECC1A718E9833CC970CF871D14CA618888.1BF08D908C0A7ACE5F256266F0ADADEBA15B9CCA&ms=au&ei=1nWJWdC8JdGyc8OVk5AH&pl=16&mv=m&mt=1502180716&requiressl=yes&lmt=1418912246428204&itag=36&ip=131.159.40.117&dur=315.094&source=youtube&id=o-ALu3ExOWM2-7Ggif-OByHzU_dhINbJDmd5s27PnDYk3R&ratebypass=yes", "player_url": null, "ext": "3gp", "width": 320, "acodec": "mp4a.40.2", "vcodec": "mp4v.20.3", "resolution": "320x180", "height": 180, "format_note": "small", "format": "36 - 320x180 (small)", "protocol": "https", "http_headers": {"User-Agent": "Mozilla/5.0 (X11; Linux x86_64; rv:10.0) Gecko/20150101 Firefox/47.0 (Chrome)", "Accept-Charset": "ISO-8859-1,utf-8;q=0.7,*;q=0.7", "Accept": "text/html,application/xhtml+xml,application/xml;q=0.9,*/*;q=0.8", "Accept-Encoding": "gzip, deflate", "Accept-Language": "en-us,en;q=0.5"}}, {"format_id": "43", "url": "https://r14---sn-4g57kndy.googlevideo.com/videoplayback?mime=video%2Fwebm&expire=1502202422&ratebypass=yes&ipbits=0&initcwndbps=4267500&beids=%5B9466591%5D&gir=yes&mn=sn-4g57kndy&mm=31&key=yt6&clen=22790387&sparams=clen%2Cdur%2Cei%2Cgir%2Cid%2Cinitcwndbps%2Cip%2Cipbits%2Citag%2Clmt%2Cmime%2Cmm%2Cmn%2Cms%2Cmv%2Cpl%2Cratebypass%2Crequiressl%2Csource%2Cexpire&signature=3C1F86105A605CDEB5DAC3A40D829F6CB9631A90.5CD9D7566158161A59BD685834FAB2654555B583&ms=au&ei=1nWJWdC8JdGyc8OVk5AH&pl=16&mv=m&mt=1502180716&requiressl=yes&lmt=1418917604719995&itag=43&ip=131.159.40.117&dur=0.000&source=youtube&id=o-ALu3ExOWM2-7Ggif-OByHzU_dhINbJDmd5s27PnDYk3R", "player_url": null, "ext": "webm", "width": 640, "height": 360, "acodec": "vorbis", "abr": 128, "vcodec": "vp8.0", "resolution": "640x360", "format_note": "medium", "format": "43 - 640x360 (medium)", "protocol": "https", "http_headers": {"User-Agent": "Mozilla/5.0 (X11; Linux x86_64; rv:10.0) Gecko/20150101 Firefox/47.0 (Chrome)", "Accept-Charset": "ISO-8859-1,utf-8;q=0.7,*;q=0.7", "Accept": "text/html,application/xhtml+xml,application/xml;q=0.9,*/*;q=0.8", "Accept-Encoding": "gzip, deflate", "Accept-Language": "en-us,en;q=0.5"}}, {"format_id": "18", "url": "https://r14---sn-4g57kndy.googlevideo.com/videoplayback?mime=video%2Fmp4&expire=1502202422&ratebypass=yes&ipbits=0&initcwndbps=4267500&beids=%5B9466591%5D&gir=yes&mn=sn-4g57kndy&mm=31&key=yt6&clen=14148745&sparams=clen%2Cdur%2Cei%2Cgir%2Cid%2Cinitcwndbps%2Cip%2Cipbits%2Citag%2Clmt%2Cmime%2Cmm%2Cmn%2Cms%2Cmv%2Cpl%2Cratebypass%2Crequiressl%2Csource%2Cexpire&signature=C91E1A23E152C677B4C465EB0DD79F70BB285D7B.E30AD07143ACDFC13D538AD2F7880C4AD2157788&ms=au&ei=1nWJWdC8JdGyc8OVk5AH&pl=16&mv=m&mt=1502180716&requiressl=yes&lmt=1419083607532918&itag=18&ip=131.159.40.117&dur=314.932&source=youtube&id=o-ALu3ExOWM2-7Ggif-OByHzU_dhINbJDmd5s27PnDYk3R", "player_url": null, "ext": "mp4", "width": 640, "height": 360, "acodec": "mp4a.40.2", "abr": 96, "vcodec": "avc1.42001E", "resolution": "640x360", "format_note": "medium", "format": "18 - 640x360 (medium)", "protocol": "https", "http_headers": {"User-Agent": "Mozilla/5.0 (X11; Linux x86_64; rv:10.0) Gecko/20150101 Firefox/47.0 (Chrome)", "Accept-Charset": "ISO-8859-1,utf-8;q=0.7,*;q=0.7", "Accept": "text/html,application/xhtml+xml,application/xml;q=0.9,*/*;q=0.8", "Accept-Encoding": "gzip, deflate", "Accept-Language": "en-us,en;q=0.5"}}, {"format_id": "22", "url": "https://r14---sn-4g57kndy.googlevideo.com/videoplayback?mn=sn-4g57kndy&mm=31&sparams=dur%2Cei%2Cid%2Cinitcwndbps%2Cip%2Cipbits%2Citag%2Clmt%2Cmime%2Cmm%2Cmn%2Cms%2Cmv%2Cpl%2Cratebypass%2Crequiressl%2Csource%2Cexpire&key=yt6&expire=1502202422&mime=video%2Fmp4&signature=3E4594A72477A1694CDB853E1A958401D6F091F6.AE5A4109F6C919AFFDD1A47A56386B3B378375CA&ms=au&ei=1nWJWdC8JdGyc8OVk5AH&ipbits=0&initcwndbps=4267500&ratebypass=yes&mt=1502180716&requiressl=yes&beids=%5B9466591%5D&lmt=1470955104378869&itag=22&mv=m&pl=16&ip=131.159.40.117&dur=314.932&source=youtube&id=o-ALu3ExOWM2-7Ggif-OByHzU_dhINbJDmd5s27PnDYk3R", "player_url": null, "ext": "mp4", "width": 1280, "height": 720, "acodec": "mp4a.40.2", "abr": 192, "vcodec": "avc1.64001F", "resolution": "1280x720", "format_note": "hd720", "format": "22 - 1280x720 (hd720)", "protocol": "https", "http_headers": {"User-Agent": "Mozilla/5.0 (X11; Linux x86_64; rv:10.0) Gecko/20150101 Firefox/47.0 (Chrome)", "Accept-Charset": "ISO-8859-1,utf-8;q=0.7,*;q=0.7", "Accept": "text/html,application/xhtml+xml,application/xml;q=0.9,*/*;q=0.8", "Accept-Encoding": "gzip, deflate", "Accept-Language": "en-us,en;q=0.5"}}], "is_live": null, "start_time": null, "end_time": null, "series": null, "season_number": null, "episode_number": null, "extractor": "youtube", "webpage_url_basename": "x3XdiNt08sA", "extractor_key": "Youtube", "playlist": null, "playlist_index": null, "thumbnails": [{"url": "https://i.ytimg.com/vi/x3XdiNt08sA/maxresdefault.jpg", "id": "0"}], "display_id": "x3XdiNt08sA", "ext": "mp4", "height": 1080, "format_note": "DASH video", "vcodec": "avc1.64002a", "fps": 50, "format_id": "299", "url": "https://r14---sn-4g57knld.googlevideo.com/videoplayback?id=c775dd88db74f2c0&itag=299&source=youtube&requiressl=yes&mv=m&ms=au&ei=13WJWdDxCsuec-6MgKAC&mn=sn-4g57knld&mm=31&initcwndbps=4267500&pl=16&ratebypass=yes&mime=video/mp4&gir=yes&clen=192379068&lmt=1419084472336943&dur=314.860&mt=1502180716&signature=42D346B512297B73E19AAD1305F0E90ED7BFFE65.835977E1D743B2178B08D1BA2A571B5C8D0B5407&beids=[9466591]&key=dg_yt0&ip=131.159.40.117&ipbits=0&expire=1502202423&sparams=ip,ipbits,expire,id,itag,source,requiressl,mv,ms,ei,mn,mm,initcwndbps,pl,ratebypass,mime,gir,clen,lmt,dur", "manifest_url": "https://manifest.googlevideo.com/api/manifest/dash/mv/m/mt/1502180716/ms/au/ei/13WJWdDxCsuec-6MgKAC/as/fmp4_audio_clear%2Cfmp4_sd_hd_clear/expire/1502202423/requiressl/yes/mn/sn-4g57knld/mm/31/ipbits/0/initcwndbps/4267500/pl/16/source/youtube/playback_host/r14---sn-4g57knld.googlevideo.com/hfr/1/sparams/as%2Cei%2Chfr%2Cid%2Cinitcwndbps%2Cip%2Cipbits%2Citag%2Cmm%2Cmn%2Cms%2Cmv%2Cpl%2Cplayback_host%2Crequiressl%2Csource%2Cexpire/signature/A1204F59F504A4334607A7C7720F2B46343F819B.53ADFAAB7D7E3C1DE8D8313FE6E042563B3C72A4/itag/0/id/c775dd88db74f2c0/beids/%5B9466591%5D/ip/131.159.40.117/key/yt6", "width": 1920, "tbr": 5512.469, "asr": null, "language": null, "filesize": 192379068, "acodec": "none", "format": "299 - 1920x1080 (DASH video)", "protocol": "https", "http_headers": {"User-Agent": "Mozilla/5.0 (X11; Linux x86_64; rv:10.0) Gecko/20150101 Firefox/47.0 (Chrome)", "Accept-Charset": "ISO-8859-1,utf-8;q=0.7,*;q=0.7", "Accept": "text/html,application/xhtml+xml,application/xml;q=0.9,*/*;q=0.8", "Accept-Encoding": "gzip, deflate", "Accept-Language": "en-us,en;q=0.5"}, "fulltitle": "\u0422\u0435\u043b\u0435\u0432\u0435\u0434\u0443\u0449\u0430\u044f", "_filename": "x3XdiNt08sA.mp4"}