{"id": "9bKbhLtgcNc", "uploader": "Rich Carr", "uploader_id": "carrknowledge", "uploader_url": "http://www.youtube.com/user/carrknowledge", "upload_date": "20110330", "license": "Standard YouTube License", "creator": null, "title": "Max Muscle Sports Nutrition Featured on COMCAST", "alt_title": null, "thumbnail": "https://i.ytimg.com/vi/9bKbhLtgcNc/hqdefault.jpg", "description": "When the largest cable system in the country wants to talk Sports Nutrition and Fitness, they call on Max Muscle Sports Nutrition!\n\nRecently Greg Poppa featured our own Chief Science Office Dr. Phil Harvey, Nebraska Regional Director Chad Case, and the 2011 MaxFormation Champion Maria Adelus to give Northern California the information they're hungry for.\n\nNorthern California has been a hotbed for Sports Nutrition with nearly 30 Max Muscle Sports Nutrition stores open and more on the way!  If you're interested in opening a Max Muscle Sports Nutrition store in your area, see Max Muscle Franchise.", "categories": ["Education"], "tags": ["Max", "Muscle", "Sports", "Nutrition", "Chad Case", "Maria Adelus", "Dr Phil Harvey"], "subtitles": {}, "automatic_captions": {}, "duration": 398, "age_limit": 0, "annotations": null, "chapters": null, "webpage_url": "https://www.youtube.com/watch?v=9bKbhLtgcNc", "view_count": 2025, "like_count": 1, "dislike_count": 0, "average_rating": 5.0, "formats": [{"ext": "m4a", "format_note": "DASH audio", "acodec": "mp4a.40.5", "abr": 48, "container": "m4a_dash", "format_id": "139", "url": "https://r6---sn-4g5e6nl7.googlevideo.com/videoplayback?id=f5b29b84bb6070d7&itag=139&source=youtube&requiressl=yes&mn=sn-4g5e6nl7&mm=31&mv=m&pl=16&initcwndbps=4530000&ms=au&ei=-RiLWfuWLYfDWefQpLAC&ratebypass=yes&mime=audio/mp4&gir=yes&clen=2370642&lmt=1383470540965218&dur=398.547&key=dg_yt0&mt=1502288031&signature=4FF5EC66FEA7FEF2A7F2D4AA9758F7CD88C86E74.4D05C2513CBF3F80F4515A8F4EF91CB2485DCF43&ip=131.159.40.117&ipbits=0&expire=1502309721&sparams=ip,ipbits,expire,id,itag,source,requiressl,mn,mm,mv,pl,initcwndbps,ms,ei,ratebypass,mime,gir,clen,lmt,dur", "manifest_url": "https://manifest.googlevideo.com/api/manifest/dash/mn/sn-4g5e6nl7/expire/1502309721/ip/131.159.40.117/mm/31/sparams/as%2Cei%2Chfr%2Cid%2Cinitcwndbps%2Cip%2Cipbits%2Citag%2Cmm%2Cmn%2Cms%2Cmv%2Cpl%2Cplayback_host%2Crequiressl%2Csource%2Cexpire/id/f5b29b84bb6070d7/key/yt6/mt/1502288031/source/youtube/mv/m/hfr/1/playback_host/r6---sn-4g5e6nl7.googlevideo.com/signature/5E689BCF032BF9FF06DFF3B39AAEC176C34A2C99.08F2DFBA6EB0E51F6E5470A06BBC62899F1B1AA7/as/fmp4_audio_clear%2Cfmp4_sd_hd_clear/itag/0/pl/16/ipbits/0/initcwndbps/4530000/requiressl/yes/ms/au/ei/-RiLWfuWLYfDWefQpLAC", "width": null, "height": null, "tbr": 48.84, "asr": 22050, "fps": null, "language": null, "filesize": 2370642, "vcodec": "none", "format": "139 - audio only (DASH audio)", "protocol": "https", "http_headers": {"User-Agent": "Mozilla/5.0 (X11; Linux x86_64; rv:10.0) Gecko/20150101 Firefox/47.0 (Chrome)", "Accept-Charset": "ISO-8859-1,utf-8;q=0.7,*;q=0.7", "Accept": "text/html,application/xhtml+xml,application/xml;q=0.9,*/*;q=0.8", "Accept-Encoding": "gzip, deflate", "Accept-Language": "en-us,en;q=0.5"}}, {"format_id": "249", "url": "https://r9---sn-4g57knd6.googlevideo.com/videoplayback?dur=398.401&lmt=1424856786734167&keepalive=yes&sparams=clen%2Cdur%2Cei%2Cgir%2Cid%2Cinitcwndbps%2Cip%2Cipbits%2Citag%2Ckeepalive%2Clmt%2Cmime%2Cmm%2Cmn%2Cms%2Cmv%2Cpl%2Crequiressl%2Csource%2Cexpire&mime=audio%2Fwebm&key=yt6&expire=1502309721&id=o-AH4nz3UzaubtWyfcB1tx4XUw5n8YfEDexfyNdiJcSiJe&gir=yes&mm=31&mn=sn-4g57knd6&initcwndbps=4530000&source=youtube&signature=5643DBF6D492AA438B174F88755307656D5D5CE0.74282D7985F1AD999301F4D87DFA0AAD86610EB7&ip=131.159.40.117&ms=au&mt=1502288031&mv=m&pl=16&ei=-RiLWZbJDcGUWuy4o8AC&ipbits=0&clen=2534218&requiressl=yes&itag=249&ratebypass=yes", "player_url": null, "ext": "webm", "format_note": "DASH audio", "acodec": "opus", "abr": 50, "filesize": 2534218, "tbr": 51.924, "vcodec": "none", "format": "249 - audio only (DASH audio)", "protocol": "https", "http_headers": {"User-Agent": "Mozilla/5.0 (X11; Linux x86_64; rv:10.0) Gecko/20150101 Firefox/47.0 (Chrome)", "Accept-Charset": "ISO-8859-1,utf-8;q=0.7,*;q=0.7", "Accept": "text/html,application/xhtml+xml,application/xml;q=0.9,*/*;q=0.8", "Accept-Encoding": "gzip, deflate", "Accept-Language": "en-us,en;q=0.5"}}, {"format_id": "250", "url": "https://r9---sn-4g57knd6.googlevideo.com/videoplayback?dur=398.401&lmt=1424856768112348&keepalive=yes&sparams=clen%2Cdur%2Cei%2Cgir%2Cid%2Cinitcwndbps%2Cip%2Cipbits%2Citag%2Ckeepalive%2Clmt%2Cmime%2Cmm%2Cmn%2Cms%2Cmv%2Cpl%2Crequiressl%2Csource%2Cexpire&mime=audio%2Fwebm&key=yt6&expire=1502309721&id=o-AH4nz3UzaubtWyfcB1tx4XUw5n8YfEDexfyNdiJcSiJe&gir=yes&mm=31&mn=sn-4g57knd6&initcwndbps=4530000&source=youtube&signature=993A564B6C98D32115772DFC9B79A0059483515A.D2E6D72FA9B505AEDA30B7461A7043302E7CDA89&ip=131.159.40.117&ms=au&mt=1502288031&mv=m&pl=16&ei=-RiLWZbJDcGUWuy4o8AC&ipbits=0&clen=3326710&requiressl=yes&itag=250&ratebypass=yes", "player_url": null, "ext": "webm", "format_note": "DASH audio", "acodec": "opus", "abr": 70, "filesize": 3326710, "tbr": 73.379, "vcodec": "none", "format": "250 - audio only (DASH audio)", "protocol": "https", "http_headers": {"User-Agent": "Mozilla/5.0 (X11; Linux x86_64; rv:10.0) Gecko/20150101 Firefox/47.0 (Chrome)", "Accept-Charset": "ISO-8859-1,utf-8;q=0.7,*;q=0.7", "Accept": "text/html,application/xhtml+xml,application/xml;q=0.9,*/*;q=0.8", "Accept-Encoding": "gzip, deflate", "Accept-Language": "en-us,en;q=0.5"}}, {"format_id": "171", "url": "https://r9---sn-4g57knd6.googlevideo.com/videoplayback?dur=398.389&lmt=1424856770161706&keepalive=yes&sparams=clen%2Cdur%2Cei%2Cgir%2Cid%2Cinitcwndbps%2Cip%2Cipbits%2Citag%2Ckeepalive%2Clmt%2Cmime%2Cmm%2Cmn%2Cms%2Cmv%2Cpl%2Crequiressl%2Csource%2Cexpire&mime=audio%2Fwebm&key=yt6&expire=1502309721&id=o-AH4nz3UzaubtWyfcB1tx4XUw5n8YfEDexfyNdiJcSiJe&gir=yes&mm=31&mn=sn-4g57knd6&initcwndbps=4530000&source=youtube&signature=4C3F4B088925C93FFB824847DF645907AA7E3444.9B749AD72900550AAA8C50CCAA580BD1BA617334&ip=131.159.40.117&ms=au&mt=1502288031&mv=m&pl=16&ei=-RiLWZbJDcGUWuy4o8AC&ipbits=0&clen=4848599&requiressl=yes&itag=171&ratebypass=yes", "player_url": null, "ext": "webm", "acodec": "vorbis", "format_note": "DASH audio", "abr": 128, "filesize": 4848599, "tbr": 102.509, "vcodec": "none", "format": "171 - audio only (DASH audio)", "protocol": "https", "http_headers": {"User-Agent": "Mozilla/5.0 (X11; Linux x86_64; rv:10.0) Gecko/20150101 Firefox/47.0 (Chrome)", "Accept-Charset": "ISO-8859-1,utf-8;q=0.7,*;q=0.7", "Accept": "text/html,application/xhtml+xml,application/xml;q=0.9,*/*;q=0.8", "Accept-Encoding": "gzip, deflate", "Accept-Language": "en-us,en;q=0.5"}}, {"ext": "m4a", "format_note": "DASH audio", "acodec": "mp4a.40.2", "abr": 128, "container": "m4a_dash", "format_id": "140", "url": "https://r6---sn-4g5e6nl7.googlevideo.com/videoplayback?id=f5b29b84bb6070d7&itag=140&source=youtube&requiressl=yes&mn=sn-4g5e6nl7&mm=31&mv=m&pl=16&initcwndbps=4530000&ms=au&ei=-RiLWfuWLYfDWefQpLAC&ratebypass=yes&mime=audio/mp4&gir=yes&clen=6328894&lmt=1383470537767465&dur=398.454&key=dg_yt0&mt=1502288031&signature=48F540F40E51A44669DBA55E1E6297EC4CC77F8E.49B0F8EE220C1A9B9F715EF9EDB10B05E06CD2A1&ip=131.159.40.117&ipbits=0&expire=1502309721&sparams=ip,ipbits,expire,id,itag,source,requiressl,mn,mm,mv,pl,initcwndbps,ms,ei,ratebypass,mime,gir,clen,lmt,dur", "manifest_url": "https://manifest.googlevideo.com/api/manifest/dash/mn/sn-4g5e6nl7/expire/1502309721/ip/131.159.40.117/mm/31/sparams/as%2Cei%2Chfr%2Cid%2Cinitcwndbps%2Cip%2Cipbits%2Citag%2Cmm%2Cmn%2Cms%2Cmv%2Cpl%2Cplayback_host%2Crequiressl%2Csource%2Cexpire/id/f5b29b84bb6070d7/key/yt6/mt/1502288031/source/youtube/mv/m/hfr/1/playback_host/r6---sn-4g5e6nl7.googlevideo.com/signature/5E689BCF032BF9FF06DFF3B39AAEC176C34A2C99.08F2DFBA6EB0E51F6E5470A06BBC62899F1B1AA7/as/fmp4_audio_clear%2Cfmp4_sd_hd_clear/itag/0/pl/16/ipbits/0/initcwndbps/4530000/requiressl/yes/ms/au/ei/-RiLWfuWLYfDWefQpLAC", "width": null, "height": null, "tbr": 128.17, "asr": 44100, "fps": null, "language": null, "filesize": 6328894, "vcodec": "none", "format": "140 - audio only (DASH audio)", "protocol": "https", "http_headers": {"User-Agent": "Mozilla/5.0 (X11; Linux x86_64; rv:10.0) Gecko/20150101 Firefox/47.0 (Chrome)", "Accept-Charset": "ISO-8859-1,utf-8;q=0.7,*;q=0.7", "Accept": "text/html,application/xhtml+xml,application/xml;q=0.9,*/*;q=0.8", "Accept-Encoding": "gzip, deflate", "Accept-Language": "en-us,en;q=0.5"}}, {"format_id": "251", "url": "https://r9---sn-4g57knd6.googlevideo.com/videoplayback?dur=398.401&lmt=1424856787863351&keepalive=yes&sparams=clen%2Cdur%2Cei%2Cgir%2Cid%2Cinitcwndbps%2Cip%2Cipbits%2Citag%2Ckeepalive%2Clmt%2Cmime%2Cmm%2Cmn%2Cms%2Cmv%2Cpl%2Crequiressl%2Csource%2Cexpire&mime=audio%2Fwebm&key=yt6&expire=1502309721&id=o-AH4nz3UzaubtWyfcB1tx4XUw5n8YfEDexfyNdiJcSiJe&gir=yes&mm=31&mn=sn-4g57knd6&initcwndbps=4530000&source=youtube&signature=3A0DCE8477D65E8B5E70B6161396E7C7A86488C1.D980B5100FFE1C9719F5B9E11E52630FD3C12134&ip=131.159.40.117&ms=au&mt=1502288031&mv=m&pl=16&ei=-RiLWZbJDcGUWuy4o8AC&ipbits=0&clen=9473884&requiressl=yes&itag=251&ratebypass=yes", "player_url": null, "ext": "webm", "format_note": "DASH audio", "acodec": "opus", "abr": 160, "filesize": 9473884, "tbr": 207.284, "vcodec": "none", "format": "251 - audio only (DASH audio)", "protocol": "https", "http_headers": {"User-Agent": "Mozilla/5.0 (X11; Linux x86_64; rv:10.0) Gecko/20150101 Firefox/47.0 (Chrome)", "Accept-Charset": "ISO-8859-1,utf-8;q=0.7,*;q=0.7", "Accept": "text/html,application/xhtml+xml,application/xml;q=0.9,*/*;q=0.8", "Accept-Encoding": "gzip, deflate", "Accept-Language": "en-us,en;q=0.5"}}, {"format_id": "278", "url": "https://r9---sn-4g57knd6.googlevideo.com/videoplayback?dur=398.331&lmt=1424856903545626&keepalive=yes&sparams=clen%2Cdur%2Cei%2Cgir%2Cid%2Cinitcwndbps%2Cip%2Cipbits%2Citag%2Ckeepalive%2Clmt%2Cmime%2Cmm%2Cmn%2Cms%2Cmv%2Cpl%2Crequiressl%2Csource%2Cexpire&mime=video%2Fwebm&key=yt6&expire=1502309721&id=o-AH4nz3UzaubtWyfcB1tx4XUw5n8YfEDexfyNdiJcSiJe&gir=yes&mm=31&mn=sn-4g57knd6&initcwndbps=4530000&source=youtube&signature=CE6526846317804F9FE3DECC0B206AE2F173167F.AC13450E8E4358B5D616873C71CA8A0F5D971426&ip=131.159.40.117&ms=au&mt=1502288031&mv=m&pl=16&ei=-RiLWZbJDcGUWuy4o8AC&ipbits=0&clen=3365915&requiressl=yes&itag=278&ratebypass=yes", "player_url": null, "ext": "webm", "height": 144, "format_note": "144p", "container": "webm", "vcodec": "vp9", "filesize": 3365915, "tbr": 98.79, "width": 216, "fps": 15, "acodec": "none", "format": "278 - 216x144 (144p)", "protocol": "https", "http_headers": {"User-Agent": "Mozilla/5.0 (X11; Linux x86_64; rv:10.0) Gecko/20150101 Firefox/47.0 (Chrome)", "Accept-Charset": "ISO-8859-1,utf-8;q=0.7,*;q=0.7", "Accept": "text/html,application/xhtml+xml,application/xml;q=0.9,*/*;q=0.8", "Accept-Encoding": "gzip, deflate", "Accept-Language": "en-us,en;q=0.5"}}, {"ext": "mp4", "height": 144, "format_note": "DASH video", "vcodec": "avc1.42c00c", "format_id": "160", "url": "https://r6---sn-4g5e6nl7.googlevideo.com/videoplayback?id=f5b29b84bb6070d7&itag=160&source=youtube&requiressl=yes&mn=sn-4g5e6nl7&mm=31&mv=m&pl=16&initcwndbps=4530000&ms=au&ei=-RiLWfuWLYfDWefQpLAC&ratebypass=yes&mime=video/mp4&gir=yes&clen=5703717&lmt=1383470844671559&dur=398.365&key=dg_yt0&mt=1502288031&signature=113306F36FEB864A6C1C59B9BE307EBC1D9DE263.423C5BA9AD79D7537368E50E18BC7B2111FAF785&ip=131.159.40.117&ipbits=0&expire=1502309721&sparams=ip,ipbits,expire,id,itag,source,requiressl,mn,mm,mv,pl,initcwndbps,ms,ei,ratebypass,mime,gir,clen,lmt,dur", "manifest_url": "https://manifest.googlevideo.com/api/manifest/dash/mn/sn-4g5e6nl7/expire/1502309721/ip/131.159.40.117/mm/31/sparams/as%2Cei%2Chfr%2Cid%2Cinitcwndbps%2Cip%2Cipbits%2Citag%2Cmm%2Cmn%2Cms%2Cmv%2Cpl%2Cplayback_host%2Crequiressl%2Csource%2Cexpire/id/f5b29b84bb6070d7/key/yt6/mt/1502288031/source/youtube/mv/m/hfr/1/playback_host/r6---sn-4g5e6nl7.googlevideo.com/signature/5E689BCF032BF9FF06DFF3B39AAEC176C34A2C99.08F2DFBA6EB0E51F6E5470A06BBC62899F1B1AA7/as/fmp4_audio_clear%2Cfmp4_sd_hd_clear/itag/0/pl/16/ipbits/0/initcwndbps/4530000/requiressl/yes/ms/au/ei/-RiLWfuWLYfDWefQpLAC", "width": 216, "tbr": 118.211, "asr": null, "fps": 15, "language": null, "filesize": 5703717, "acodec": "none", "format": "160 - 216x144 (DASH video)", "protocol": "https", "http_headers": {"User-Agent": "Mozilla/5.0 (X11; Linux x86_64; rv:10.0) Gecko/20150101 Firefox/47.0 (Chrome)", "Accept-Charset": "ISO-8859-1,utf-8;q=0.7,*;q=0.7", "Accept": "text/html,application/xhtml+xml,application/xml;q=0.9,*/*;q=0.8", "Accept-Encoding": "gzip, deflate", "Accept-Language": "en-us,en;q=0.5"}}, {"format_id": "242", "url": "https://r9---sn-4g57knd6.googlevideo.com/videoplayback?dur=398.365&lmt=1424856857187502&keepalive=yes&sparams=clen%2Cdur%2Cei%2Cgir%2Cid%2Cinitcwndbps%2Cip%2Cipbits%2Citag%2Ckeepalive%2Clmt%2Cmime%2Cmm%2Cmn%2Cms%2Cmv%2Cpl%2Crequiressl%2Csource%2Cexpire&mime=video%2Fwebm&key=yt6&expire=1502309721&id=o-AH4nz3UzaubtWyfcB1tx4XUw5n8YfEDexfyNdiJcSiJe&gir=yes&mm=31&mn=sn-4g57knd6&initcwndbps=4530000&source=youtube&signature=18B8D3972B5EECF7FFDF5BB688245EDB32721E65.A3FFEF3C84EE73902EAC5FC7BE96594F20835569&ip=131.159.40.117&ms=au&mt=1502288031&mv=m&pl=16&ei=-RiLWZbJDcGUWuy4o8AC&ipbits=0&clen=4718368&requiressl=yes&itag=242&ratebypass=yes", "player_url": null, "ext": "webm", "height": 240, "format_note": "240p", "vcodec": "vp9", "filesize": 4718368, "tbr": 250.053, "width": 360, "fps": 30, "acodec": "none", "format": "242 - 360x240 (240p)", "protocol": "https", "http_headers": {"User-Agent": "Mozilla/5.0 (X11; Linux x86_64; rv:10.0) Gecko/20150101 Firefox/47.0 (Chrome)", "Accept-Charset": "ISO-8859-1,utf-8;q=0.7,*;q=0.7", "Accept": "text/html,application/xhtml+xml,application/xml;q=0.9,*/*;q=0.8", "Accept-Encoding": "gzip, deflate", "Accept-Language": "en-us,en;q=0.5"}}, {"ext": "mp4", "height": 240, "format_note": "DASH video", "vcodec": "avc1.4d400d", "format_id": "133", "url": "https://r6---sn-4g5e6nl7.googlevideo.com/videoplayback?id=f5b29b84bb6070d7&itag=133&source=youtube&requiressl=yes&mn=sn-4g5e6nl7&mm=31&mv=m&pl=16&initcwndbps=4530000&ms=au&ei=-RiLWfuWLYfDWefQpLAC&ratebypass=yes&mime=video/mp4&gir=yes&clen=12203130&lmt=1383470805427070&dur=398.365&key=dg_yt0&mt=1502288031&signature=91A37C8EC851E3238FD375857F995A559162182D.7E03EF2A14DDDA883174EE4F4076B083B5F6E115&ip=131.159.40.117&ipbits=0&expire=1502309721&sparams=ip,ipbits,expire,id,itag,source,requiressl,mn,mm,mv,pl,initcwndbps,ms,ei,ratebypass,mime,gir,clen,lmt,dur", "manifest_url": "https://manifest.googlevideo.com/api/manifest/dash/mn/sn-4g5e6nl7/expire/1502309721/ip/131.159.40.117/mm/31/sparams/as%2Cei%2Chfr%2Cid%2Cinitcwndbps%2Cip%2Cipbits%2Citag%2Cmm%2Cmn%2Cms%2Cmv%2Cpl%2Cplayback_host%2Crequiressl%2Csource%2Cexpire/id/f5b29b84bb6070d7/key/yt6/mt/1502288031/source/youtube/mv/m/hfr/1/playback_host/r6---sn-4g5e6nl7.googlevideo.com/signature/5E689BCF032BF9FF06DFF3B39AAEC176C34A2C99.08F2DFBA6EB0E51F6E5470A06BBC62899F1B1AA7/as/fmp4_audio_clear%2Cfmp4_sd_hd_clear/itag/0/pl/16/ipbits/0/initcwndbps/4530000/requiressl/yes/ms/au/ei/-RiLWfuWLYfDWefQpLAC", "width": 360, "tbr": 254.802, "asr": null, "fps": 30, "language": null, "filesize": 12203130, "acodec": "none", "format": "133 - 360x240 (DASH video)", "protocol": "https", "http_headers": {"User-Agent": "Mozilla/5.0 (X11; Linux x86_64; rv:10.0) Gecko/20150101 Firefox/47.0 (Chrome)", "Accept-Charset": "ISO-8859-1,utf-8;q=0.7,*;q=0.7", "Accept": "text/html,application/xhtml+xml,application/xml;q=0.9,*/*;q=0.8", "Accept-Encoding": "gzip, deflate", "Accept-Language": "en-us,en;q=0.5"}}, {"format_id": "243", "url": "https://r9---sn-4g57knd6.googlevideo.com/videoplayback?dur=398.365&lmt=1424856898254031&keepalive=yes&sparams=clen%2Cdur%2Cei%2Cgir%2Cid%2Cinitcwndbps%2Cip%2Cipbits%2Citag%2Ckeepalive%2Clmt%2Cmime%2Cmm%2Cmn%2Cms%2Cmv%2Cpl%2Crequiressl%2Csource%2Cexpire&mime=video%2Fwebm&key=yt6&expire=1502309721&id=o-AH4nz3UzaubtWyfcB1tx4XUw5n8YfEDexfyNdiJcSiJe&gir=yes&mm=31&mn=sn-4g57knd6&initcwndbps=4530000&source=youtube&signature=A332AF10001C7E319EF419DE993A6D51BF39157D.6C4B143FB7EEE446C566B69F38DBF05512831E45&ip=131.159.40.117&ms=au&mt=1502288031&mv=m&pl=16&ei=-RiLWZbJDcGUWuy4o8AC&ipbits=0&clen=8977485&requiressl=yes&itag=243&ratebypass=yes", "player_url": null, "ext": "webm", "height": 360, "format_note": "360p", "vcodec": "vp9", "filesize": 8977485, "tbr": 432.303, "width": 540, "fps": 30, "acodec": "none", "format": "243 - 540x360 (360p)", "protocol": "https", "http_headers": {"User-Agent": "Mozilla/5.0 (X11; Linux x86_64; rv:10.0) Gecko/20150101 Firefox/47.0 (Chrome)", "Accept-Charset": "ISO-8859-1,utf-8;q=0.7,*;q=0.7", "Accept": "text/html,application/xhtml+xml,application/xml;q=0.9,*/*;q=0.8", "Accept-Encoding": "gzip, deflate", "Accept-Language": "en-us,en;q=0.5"}}, {"ext": "mp4", "height": 360, "format_note": "DASH video", "vcodec": "avc1.4d401e", "format_id": "134", "url": "https://r6---sn-4g5e6nl7.googlevideo.com/videoplayback?id=f5b29b84bb6070d7&itag=134&source=youtube&requiressl=yes&mn=sn-4g5e6nl7&mm=31&mv=m&pl=16&initcwndbps=4530000&ms=au&ei=-RiLWfuWLYfDWefQpLAC&ratebypass=yes&mime=video/mp4&gir=yes&clen=16428610&lmt=1383470830466564&dur=398.365&key=dg_yt0&mt=1502288031&signature=020C2AFA4F0A01B641E7D8C04DD41F01FFC0FB0E.69A15E979307CB27346994572C6808939B9A1F25&ip=131.159.40.117&ipbits=0&expire=1502309721&sparams=ip,ipbits,expire,id,itag,source,requiressl,mn,mm,mv,pl,initcwndbps,ms,ei,ratebypass,mime,gir,clen,lmt,dur", "manifest_url": "https://manifest.googlevideo.com/api/manifest/dash/mn/sn-4g5e6nl7/expire/1502309721/ip/131.159.40.117/mm/31/sparams/as%2Cei%2Chfr%2Cid%2Cinitcwndbps%2Cip%2Cipbits%2Citag%2Cmm%2Cmn%2Cms%2Cmv%2Cpl%2Cplayback_host%2Crequiressl%2Csource%2Cexpire/id/f5b29b84bb6070d7/key/yt6/mt/1502288031/source/youtube/mv/m/hfr/1/playback_host/r6---sn-4g5e6nl7.googlevideo.com/signature/5E689BCF032BF9FF06DFF3B39AAEC176C34A2C99.08F2DFBA6EB0E51F6E5470A06BBC62899F1B1AA7/as/fmp4_audio_clear%2Cfmp4_sd_hd_clear/itag/0/pl/16/ipbits/0/initcwndbps/4530000/requiressl/yes/ms/au/ei/-RiLWfuWLYfDWefQpLAC", "width": 540, "tbr": 604.154, "asr": null, "fps": 30, "language": null, "filesize": 16428610, "acodec": "none", "format": "134 - 540x360 (DASH video)", "protocol": "https", "http_headers": {"User-Agent": "Mozilla/5.0 (X11; Linux x86_64; rv:10.0) Gecko/20150101 Firefox/47.0 (Chrome)", "Accept-Charset": "ISO-8859-1,utf-8;q=0.7,*;q=0.7", "Accept": "text/html,application/xhtml+xml,application/xml;q=0.9,*/*;q=0.8", "Accept-Encoding": "gzip, deflate", "Accept-Language": "en-us,en;q=0.5"}}, {"format_id": "244", "url": "https://r9---sn-4g57knd6.googlevideo.com/videoplayback?dur=398.365&lmt=1424856937151513&keepalive=yes&sparams=clen%2Cdur%2Cei%2Cgir%2Cid%2Cinitcwndbps%2Cip%2Cipbits%2Citag%2Ckeepalive%2Clmt%2Cmime%2Cmm%2Cmn%2Cms%2Cmv%2Cpl%2Crequiressl%2Csource%2Cexpire&mime=video%2Fwebm&key=yt6&expire=1502309721&id=o-AH4nz3UzaubtWyfcB1tx4XUw5n8YfEDexfyNdiJcSiJe&gir=yes&mm=31&mn=sn-4g57knd6&initcwndbps=4530000&source=youtube&signature=2B026EC047B1EACF4C9FDC946DEE3028C5929D55.A8A34B6EE86546ACB4B112EC809F7B5CA7991E5E&ip=131.159.40.117&ms=au&mt=1502288031&mv=m&pl=16&ei=-RiLWZbJDcGUWuy4o8AC&ipbits=0&clen=17286970&requiressl=yes&itag=244&ratebypass=yes", "player_url": null, "ext": "webm", "height": 480, "format_note": "480p", "vcodec": "vp9", "filesize": 17286970, "tbr": 1075.839, "width": 720, "fps": 30, "acodec": "none", "format": "244 - 720x480 (480p)", "protocol": "https", "http_headers": {"User-Agent": "Mozilla/5.0 (X11; Linux x86_64; rv:10.0) Gecko/20150101 Firefox/47.0 (Chrome)", "Accept-Charset": "ISO-8859-1,utf-8;q=0.7,*;q=0.7", "Accept": "text/html,application/xhtml+xml,application/xml;q=0.9,*/*;q=0.8", "Accept-Encoding": "gzip, deflate", "Accept-Language": "en-us,en;q=0.5"}}, {"ext": "mp4", "height": 480, "format_note": "DASH video", "vcodec": "avc1.4d401e", "format_id": "135", "url": "https://r6---sn-4g5e6nl7.googlevideo.com/videoplayback?id=f5b29b84bb6070d7&itag=135&source=youtube&requiressl=yes&mn=sn-4g5e6nl7&mm=31&mv=m&pl=16&initcwndbps=4530000&ms=au&ei=-RiLWfuWLYfDWefQpLAC&ratebypass=yes&mime=video/mp4&gir=yes&clen=34132662&lmt=1383470846869043&dur=398.365&key=dg_yt0&mt=1502288031&signature=2EE0B52E5A9E65B1D3D21E23F48A98CBF5395243.54B7CDA4CF1A691141282910AD516E892FC364A7&ip=131.159.40.117&ipbits=0&expire=1502309721&sparams=ip,ipbits,expire,id,itag,source,requiressl,mn,mm,mv,pl,initcwndbps,ms,ei,ratebypass,mime,gir,clen,lmt,dur", "manifest_url": "https://manifest.googlevideo.com/api/manifest/dash/mn/sn-4g5e6nl7/expire/1502309721/ip/131.159.40.117/mm/31/sparams/as%2Cei%2Chfr%2Cid%2Cinitcwndbps%2Cip%2Cipbits%2Citag%2Cmm%2Cmn%2Cms%2Cmv%2Cpl%2Cplayback_host%2Crequiressl%2Csource%2Cexpire/id/f5b29b84bb6070d7/key/yt6/mt/1502288031/source/youtube/mv/m/hfr/1/playback_host/r6---sn-4g5e6nl7.googlevideo.com/signature/5E689BCF032BF9FF06DFF3B39AAEC176C34A2C99.08F2DFBA6EB0E51F6E5470A06BBC62899F1B1AA7/as/fmp4_audio_clear%2Cfmp4_sd_hd_clear/itag/0/pl/16/ipbits/0/initcwndbps/4530000/requiressl/yes/ms/au/ei/-RiLWfuWLYfDWefQpLAC", "width": 720, "tbr": 1112.525, "asr": null, "fps": 30, "language": null, "filesize": 34132662, "acodec": "none", "format": "135 - 720x480 (DASH video)", "protocol": "https", "http_headers": {"User-Agent": "Mozilla/5.0 (X11; Linux x86_64; rv:10.0) Gecko/20150101 Firefox/47.0 (Chrome)", "Accept-Charset": "ISO-8859-1,utf-8;q=0.7,*;q=0.7", "Accept": "text/html,application/xhtml+xml,application/xml;q=0.9,*/*;q=0.8", "Accept-Encoding": "gzip, deflate", "Accept-Language": "en-us,en;q=0.5"}}, {"format_id": "17", "url": "https://r9---sn-4g57knd6.googlevideo.com/videoplayback?dur=398.918&lmt=1301530360412393&sparams=clen%2Cdur%2Cei%2Cgir%2Cid%2Cinitcwndbps%2Cip%2Cipbits%2Citag%2Clmt%2Cmime%2Cmm%2Cmn%2Cms%2Cmv%2Cpl%2Crequiressl%2Csource%2Cexpire&mime=video%2F3gpp&key=yt6&expire=1502309721&id=o-AH4nz3UzaubtWyfcB1tx4XUw5n8YfEDexfyNdiJcSiJe&gir=yes&mm=31&mn=sn-4g57knd6&initcwndbps=4530000&source=youtube&signature=657F7329D1F7E93E27795A2A0FA3D3865070F3D6.2F87F67B728AE1AF9036EABB697663DB0720CC6A&ip=131.159.40.117&ms=au&mt=1502288031&mv=m&pl=16&ei=-RiLWZbJDcGUWuy4o8AC&ipbits=0&clen=4364196&requiressl=yes&itag=17&ratebypass=yes", "player_url": null, "ext": "3gp", "width": 176, "height": 144, "acodec": "mp4a.40.2", "abr": 24, "vcodec": "mp4v.20.3", "resolution": "176x144", "format_note": "small", "format": "17 - 176x144 (small)", "protocol": "https", "http_headers": {"User-Agent": "Mozilla/5.0 (X11; Linux x86_64; rv:10.0) Gecko/20150101 Firefox/47.0 (Chrome)", "Accept-Charset": "ISO-8859-1,utf-8;q=0.7,*;q=0.7", "Accept": "text/html,application/xhtml+xml,application/xml;q=0.9,*/*;q=0.8", "Accept-Encoding": "gzip, deflate", "Accept-Language": "en-us,en;q=0.5"}}, {"format_id": "36", "url": "https://r9---sn-4g57knd6.googlevideo.com/videoplayback?dur=398.593&lmt=1426430138781522&sparams=clen%2Cdur%2Cei%2Cgir%2Cid%2Cinitcwndbps%2Cip%2Cipbits%2Citag%2Clmt%2Cmime%2Cmm%2Cmn%2Cms%2Cmv%2Cpl%2Crequiressl%2Csource%2Cexpire&mime=video%2F3gpp&key=yt6&expire=1502309721&id=o-AH4nz3UzaubtWyfcB1tx4XUw5n8YfEDexfyNdiJcSiJe&gir=yes&mm=31&mn=sn-4g57knd6&initcwndbps=4530000&source=youtube&signature=3DEBF9B86333FA5BE8A8DF2F021A03F3E82102B8.1D6182F4AD342F54CE8A0D93C6630D50EEA803AD&ip=131.159.40.117&ms=au&mt=1502288031&mv=m&pl=16&ei=-RiLWZbJDcGUWuy4o8AC&ipbits=0&clen=11368057&requiressl=yes&itag=36&ratebypass=yes", "player_url": null, "ext": "3gp", "width": 320, "acodec": "mp4a.40.2", "vcodec": "mp4v.20.3", "resolution": "320x214", "height": 214, "format_note": "small", "format": "36 - 320x214 (small)", "protocol": "https", "http_headers": {"User-Agent": "Mozilla/5.0 (X11; Linux x86_64; rv:10.0) Gecko/20150101 Firefox/47.0 (Chrome)", "Accept-Charset": "ISO-8859-1,utf-8;q=0.7,*;q=0.7", "Accept": "text/html,application/xhtml+xml,application/xml;q=0.9,*/*;q=0.8", "Accept-Encoding": "gzip, deflate", "Accept-Language": "en-us,en;q=0.5"}}, {"format_id": "18", "url": "https://r9---sn-4g57knd6.googlevideo.com/videoplayback?dur=398.397&lmt=1301530082753559&sparams=clen%2Cdur%2Cei%2Cgir%2Cid%2Cinitcwndbps%2Cip%2Cipbits%2Citag%2Clmt%2Cmime%2Cmm%2Cmn%2Cms%2Cmv%2Cpl%2Cratebypass%2Crequiressl%2Csource%2Cexpire&mime=video%2Fmp4&key=yt6&expire=1502309721&id=o-AH4nz3UzaubtWyfcB1tx4XUw5n8YfEDexfyNdiJcSiJe&gir=yes&mm=31&mn=sn-4g57knd6&initcwndbps=4530000&source=youtube&signature=D8C2C827D637F2E5321356167ACAF7084060D786.3C19D1AEEBECDBA2BEE5D252E79143CF0628E003&ip=131.159.40.117&ms=au&mt=1502288031&mv=m&pl=16&ei=-RiLWZbJDcGUWuy4o8AC&ipbits=0&clen=24629036&requiressl=yes&itag=18&ratebypass=yes", "player_url": null, "ext": "mp4", "width": 540, "height": 360, "acodec": "mp4a.40.2", "abr": 96, "vcodec": "avc1.42001E", "resolution": "540x360", "format_note": "medium", "format": "18 - 540x360 (medium)", "protocol": "https", "http_headers": {"User-Agent": "Mozilla/5.0 (X11; Linux x86_64; rv:10.0) Gecko/20150101 Firefox/47.0 (Chrome)", "Accept-Charset": "ISO-8859-1,utf-8;q=0.7,*;q=0.7", "Accept": "text/html,application/xhtml+xml,application/xml;q=0.9,*/*;q=0.8", "Accept-Encoding": "gzip, deflate", "Accept-Language": "en-us,en;q=0.5"}}, {"format_id": "43", "url": "https://r9---sn-4g57knd6.googlevideo.com/videoplayback?dur=0.000&lmt=1301531398402103&sparams=clen%2Cdur%2Cei%2Cgir%2Cid%2Cinitcwndbps%2Cip%2Cipbits%2Citag%2Clmt%2Cmime%2Cmm%2Cmn%2Cms%2Cmv%2Cpl%2Cratebypass%2Crequiressl%2Csource%2Cexpire&mime=video%2Fwebm&key=yt6&expire=1502309721&id=o-AH4nz3UzaubtWyfcB1tx4XUw5n8YfEDexfyNdiJcSiJe&gir=yes&mm=31&mn=sn-4g57knd6&initcwndbps=4530000&source=youtube&signature=F7F473749EE00F4D091D72730DBB79F1290A08.9C47C3B9C2E57DA246A9567A4BC4B70F0F7FE1B1&ip=131.159.40.117&ms=au&mt=1502288031&mv=m&pl=16&ei=-RiLWZbJDcGUWuy4o8AC&ipbits=0&clen=20200610&requiressl=yes&itag=43&ratebypass=yes", "player_url": null, "ext": "webm", "width": 640, "height": 360, "acodec": "vorbis", "abr": 128, "vcodec": "vp8.0", "resolution": "640x360", "format_note": "medium", "format": "43 - 640x360 (medium)", "protocol": "https", "http_headers": {"User-Agent": "Mozilla/5.0 (X11; Linux x86_64; rv:10.0) Gecko/20150101 Firefox/47.0 (Chrome)", "Accept-Charset": "ISO-8859-1,utf-8;q=0.7,*;q=0.7", "Accept": "text/html,application/xhtml+xml,application/xml;q=0.9,*/*;q=0.8", "Accept-Encoding": "gzip, deflate", "Accept-Language": "en-us,en;q=0.5"}}], "is_live": null, "start_time": null, "end_time": null, "series": null, "season_number": null, "episode_number": null, "extractor": "youtube", "webpage_url_basename": "9bKbhLtgcNc", "extractor_key": "Youtube", "playlist": null, "playlist_index": null, "thumbnails": [{"url": "https://i.ytimg.com/vi/9bKbhLtgcNc/hqdefault.jpg", "id": "0"}], "display_id": "9bKbhLtgcNc", "ext": "mp4", "height": 480, "format_note": "DASH video", "vcodec": "avc1.4d401e", "format_id": "135", "url": "https://r6---sn-4g5e6nl7.googlevideo.com/videoplayback?id=f5b29b84bb6070d7&itag=135&source=youtube&requiressl=yes&mn=sn-4g5e6nl7&mm=31&mv=m&pl=16&initcwndbps=4530000&ms=au&ei=-RiLWfuWLYfDWefQpLAC&ratebypass=yes&mime=video/mp4&gir=yes&clen=34132662&lmt=1383470846869043&dur=398.365&key=dg_yt0&mt=1502288031&signature=2EE0B52E5A9E65B1D3D21E23F48A98CBF5395243.54B7CDA4CF1A691141282910AD516E892FC364A7&ip=131.159.40.117&ipbits=0&expire=1502309721&sparams=ip,ipbits,expire,id,itag,source,requiressl,mn,mm,mv,pl,initcwndbps,ms,ei,ratebypass,mime,gir,clen,lmt,dur", "manifest_url": "https://manifest.googlevideo.com/api/manifest/dash/mn/sn-4g5e6nl7/expire/1502309721/ip/131.159.40.117/mm/31/sparams/as%2Cei%2Chfr%2Cid%2Cinitcwndbps%2Cip%2Cipbits%2Citag%2Cmm%2Cmn%2Cms%2Cmv%2Cpl%2Cplayback_host%2Crequiressl%2Csource%2Cexpire/id/f5b29b84bb6070d7/key/yt6/mt/1502288031/source/youtube/mv/m/hfr/1/playback_host/r6---sn-4g5e6nl7.googlevideo.com/signature/5E689BCF032BF9FF06DFF3B39AAEC176C34A2C99.08F2DFBA6EB0E51F6E5470A06BBC62899F1B1AA7/as/fmp4_audio_clear%2Cfmp4_sd_hd_clear/itag/0/pl/16/ipbits/0/initcwndbps/4530000/requiressl/yes/ms/au/ei/-RiLWfuWLYfDWefQpLAC", "width": 720, "tbr": 1112.525, "asr": null, "fps": 30, "language": null, "filesize": 34132662, "acodec": "none", "format": "135 - 720x480 (DASH video)", "protocol": "https", "http_headers": {"User-Agent": "Mozilla/5.0 (X11; Linux x86_64; rv:10.0) Gecko/20150101 Firefox/47.0 (Chrome)", "Accept-Charset": "ISO-8859-1,utf-8;q=0.7,*;q=0.7", "Accept": "text/html,application/xhtml+xml,application/xml;q=0.9,*/*;q=0.8", "Accept-Encoding": "gzip, deflate", "Accept-Language": "en-us,en;q=0.5"}, "fulltitle": "Max Muscle Sports Nutrition Featured on COMCAST", "_filename": "9bKbhLtgcNc.mp4"}