{"id": "yIIe8JmCZTs", "uploader": "MichaelSias", "uploader_id": "MichaelSias", "uploader_url": "http://www.youtube.com/user/MichaelSias", "upload_date": "20120814", "license": "Standard YouTube License", "creator": null, "title": "Apple Samsung Case - Who Wins?", "alt_title": null, "thumbnail": "https://i.ytimg.com/vi/yIIe8JmCZTs/hqdefault.jpg", "description": "Jon Rettinger, president of the popular tech blog TechnoBuffalo.com, discusses the Apple v. Samsung case and how the consumer is the big loser. Media contact: Michael Sias, inquiry@firm19.com", "categories": ["Science & Technology"], "tags": ["apple versus samsung", "apple samsung lawsuit", "jon rettinger", "technobuffalo", "firm nineteeen"], "subtitles": {}, "automatic_captions": {}, "duration": 206, "age_limit": 0, "annotations": null, "chapters": null, "webpage_url": "https://www.youtube.com/watch?v=yIIe8JmCZTs", "view_count": 3391, "like_count": 15, "dislike_count": 2, "average_rating": 4.52941179276, "formats": [{"ext": "m4a", "format_note": "DASH audio", "acodec": "mp4a.40.5", "abr": 48, "container": "m4a_dash", "format_id": "139", "url": "https://r4---sn-xjpm-q0nl.googlevideo.com/videoplayback?id=c8821ef09982653b&itag=139&source=youtube&requiressl=yes&pl=16&ms=au&ei=SVqKWbuhEMGZcozLkpAM&mv=u&mn=sn-xjpm-q0nl&mm=31&ratebypass=yes&mime=audio/mp4&gir=yes&clen=1228331&lmt=1380733091038543&dur=206.425&key=dg_yt0&mt=1502239080&signature=2E4F1B38B96FBFD46625F63CB42EEE4A2A5A9B9B.50D98F195298454689AAD140E6356FA45A31208A&ip=131.159.40.117&ipbits=0&expire=1502260905&sparams=ip,ipbits,expire,id,itag,source,requiressl,pl,ms,ei,mv,mn,mm,ratebypass,mime,gir,clen,lmt,dur", "manifest_url": "https://manifest.googlevideo.com/api/manifest/dash/pl/16/itag/0/ip/131.159.40.117/ms/au/requiressl/yes/ei/SVqKWbuhEMGZcozLkpAM/mv/u/key/yt6/playback_host/r4---sn-xjpm-q0nl.googlevideo.com/id/c8821ef09982653b/as/fmp4_audio_clear%2Cfmp4_sd_hd_clear/hfr/1/ipbits/0/expire/1502260905/mn/sn-xjpm-q0nl/mm/31/source/youtube/sparams/as%2Cei%2Chfr%2Cid%2Cip%2Cipbits%2Citag%2Cmm%2Cmn%2Cms%2Cmv%2Cpl%2Cplayback_host%2Crequiressl%2Csource%2Cexpire/mt/1502239080/signature/3D5B529FD67B0ED11CF3A8A7B12D5372E698B3E7.749FB1F90994B68FE554ED7F0FE30A86C2D01992", "width": null, "height": null, "tbr": 48.421, "asr": 22050, "fps": null, "language": null, "filesize": 1228331, "vcodec": "none", "format": "139 - audio only (DASH audio)", "protocol": "https", "http_headers": {"User-Agent": "Mozilla/5.0 (X11; Linux x86_64; rv:10.0) Gecko/20150101 Firefox/47.0 (Chrome)", "Accept-Charset": "ISO-8859-1,utf-8;q=0.7,*;q=0.7", "Accept": "text/html,application/xhtml+xml,application/xml;q=0.9,*/*;q=0.8", "Accept-Encoding": "gzip, deflate", "Accept-Language": "en-us,en;q=0.5"}}, {"format_id": "249", "url": "https://r4---sn-xjpm-q0nl.googlevideo.com/videoplayback?dur=206.281&lmt=1425100055298339&gir=yes&clen=1310901&signature=0BFA41D722019348BD498152BFC40553C09D9393.882FC54DBDBE09BCE9BF908BD09A514F9BE043D5&key=yt6&mime=audio%2Fwebm&ei=SFqKWY_1MMTucuDPq6gN&expire=1502260904&id=o-AE_essNADjwwLA-QrtXa7FLPiDHzVjWW9OfQz_7hSe4G&keepalive=yes&pl=16&ms=au&mv=u&mt=1502239080&itag=249&ip=131.159.40.117&mm=31&ipbits=0&requiressl=yes&sparams=clen%2Cdur%2Cei%2Cgir%2Cid%2Cip%2Cipbits%2Citag%2Ckeepalive%2Clmt%2Cmime%2Cmm%2Cmn%2Cms%2Cmv%2Cpl%2Crequiressl%2Csource%2Cexpire&source=youtube&mn=sn-xjpm-q0nl&ratebypass=yes", "player_url": null, "ext": "webm", "format_note": "DASH audio", "acodec": "opus", "abr": 50, "filesize": 1310901, "tbr": 52.138, "vcodec": "none", "format": "249 - audio only (DASH audio)", "protocol": "https", "http_headers": {"User-Agent": "Mozilla/5.0 (X11; Linux x86_64; rv:10.0) Gecko/20150101 Firefox/47.0 (Chrome)", "Accept-Charset": "ISO-8859-1,utf-8;q=0.7,*;q=0.7", "Accept": "text/html,application/xhtml+xml,application/xml;q=0.9,*/*;q=0.8", "Accept-Encoding": "gzip, deflate", "Accept-Language": "en-us,en;q=0.5"}}, {"format_id": "250", "url": "https://r4---sn-xjpm-q0nl.googlevideo.com/videoplayback?dur=206.281&lmt=1425100049764672&gir=yes&clen=1649736&signature=441DD25675CEC70477B2AB698361FE80EBB29F61.3B776B77D7C4AC82CD583E6D7A20ADD2E8FCD805&key=yt6&mime=audio%2Fwebm&ei=SFqKWY_1MMTucuDPq6gN&expire=1502260904&id=o-AE_essNADjwwLA-QrtXa7FLPiDHzVjWW9OfQz_7hSe4G&keepalive=yes&pl=16&ms=au&mv=u&mt=1502239080&itag=250&ip=131.159.40.117&mm=31&ipbits=0&requiressl=yes&sparams=clen%2Cdur%2Cei%2Cgir%2Cid%2Cip%2Cipbits%2Citag%2Ckeepalive%2Clmt%2Cmime%2Cmm%2Cmn%2Cms%2Cmv%2Cpl%2Crequiressl%2Csource%2Cexpire&source=youtube&mn=sn-xjpm-q0nl&ratebypass=yes", "player_url": null, "ext": "webm", "format_note": "DASH audio", "acodec": "opus", "abr": 70, "filesize": 1649736, "tbr": 70.805, "vcodec": "none", "format": "250 - audio only (DASH audio)", "protocol": "https", "http_headers": {"User-Agent": "Mozilla/5.0 (X11; Linux x86_64; rv:10.0) Gecko/20150101 Firefox/47.0 (Chrome)", "Accept-Charset": "ISO-8859-1,utf-8;q=0.7,*;q=0.7", "Accept": "text/html,application/xhtml+xml,application/xml;q=0.9,*/*;q=0.8", "Accept-Encoding": "gzip, deflate", "Accept-Language": "en-us,en;q=0.5"}}, {"format_id": "171", "url": "https://r4---sn-xjpm-q0nl.googlevideo.com/videoplayback?dur=206.270&lmt=1425100050662398&gir=yes&clen=2186263&signature=9C19EAAB3D76A90E8D20114AB38D7D52C77884E9.B75922BCBD9488322BF9CD3B2C07DA564FD526&key=yt6&mime=audio%2Fwebm&ei=SFqKWY_1MMTucuDPq6gN&expire=1502260904&id=o-AE_essNADjwwLA-QrtXa7FLPiDHzVjWW9OfQz_7hSe4G&keepalive=yes&pl=16&ms=au&mv=u&mt=1502239080&itag=171&ip=131.159.40.117&mm=31&ipbits=0&requiressl=yes&sparams=clen%2Cdur%2Cei%2Cgir%2Cid%2Cip%2Cipbits%2Citag%2Ckeepalive%2Clmt%2Cmime%2Cmm%2Cmn%2Cms%2Cmv%2Cpl%2Crequiressl%2Csource%2Cexpire&source=youtube&mn=sn-xjpm-q0nl&ratebypass=yes", "player_url": null, "ext": "webm", "acodec": "vorbis", "format_note": "DASH audio", "abr": 128, "filesize": 2186263, "tbr": 91.285, "vcodec": "none", "format": "171 - audio only (DASH audio)", "protocol": "https", "http_headers": {"User-Agent": "Mozilla/5.0 (X11; Linux x86_64; rv:10.0) Gecko/20150101 Firefox/47.0 (Chrome)", "Accept-Charset": "ISO-8859-1,utf-8;q=0.7,*;q=0.7", "Accept": "text/html,application/xhtml+xml,application/xml;q=0.9,*/*;q=0.8", "Accept-Encoding": "gzip, deflate", "Accept-Language": "en-us,en;q=0.5"}}, {"ext": "m4a", "format_note": "DASH audio", "acodec": "mp4a.40.2", "abr": 128, "container": "m4a_dash", "format_id": "140", "url": "https://r4---sn-xjpm-q0nl.googlevideo.com/videoplayback?id=c8821ef09982653b&itag=140&source=youtube&requiressl=yes&pl=16&ms=au&ei=SVqKWbuhEMGZcozLkpAM&mv=u&mn=sn-xjpm-q0nl&mm=31&ratebypass=yes&mime=audio/mp4&gir=yes&clen=3278042&lmt=1380733122271732&dur=206.332&key=dg_yt0&mt=1502239080&signature=0C8D4C32EB6E1950D0DAF0B88431E192A2CD1411.35FCCA3794978091781B0D0C95BD5FA358BA5FDA&ip=131.159.40.117&ipbits=0&expire=1502260905&sparams=ip,ipbits,expire,id,itag,source,requiressl,pl,ms,ei,mv,mn,mm,ratebypass,mime,gir,clen,lmt,dur", "manifest_url": "https://manifest.googlevideo.com/api/manifest/dash/pl/16/itag/0/ip/131.159.40.117/ms/au/requiressl/yes/ei/SVqKWbuhEMGZcozLkpAM/mv/u/key/yt6/playback_host/r4---sn-xjpm-q0nl.googlevideo.com/id/c8821ef09982653b/as/fmp4_audio_clear%2Cfmp4_sd_hd_clear/hfr/1/ipbits/0/expire/1502260905/mn/sn-xjpm-q0nl/mm/31/source/youtube/sparams/as%2Cei%2Chfr%2Cid%2Cip%2Cipbits%2Citag%2Cmm%2Cmn%2Cms%2Cmv%2Cpl%2Cplayback_host%2Crequiressl%2Csource%2Cexpire/mt/1502239080/signature/3D5B529FD67B0ED11CF3A8A7B12D5372E698B3E7.749FB1F90994B68FE554ED7F0FE30A86C2D01992", "width": null, "height": null, "tbr": 127.904, "asr": 44100, "fps": null, "language": null, "filesize": 3278042, "vcodec": "none", "format": "140 - audio only (DASH audio)", "protocol": "https", "http_headers": {"User-Agent": "Mozilla/5.0 (X11; Linux x86_64; rv:10.0) Gecko/20150101 Firefox/47.0 (Chrome)", "Accept-Charset": "ISO-8859-1,utf-8;q=0.7,*;q=0.7", "Accept": "text/html,application/xhtml+xml,application/xml;q=0.9,*/*;q=0.8", "Accept-Encoding": "gzip, deflate", "Accept-Language": "en-us,en;q=0.5"}}, {"format_id": "251", "url": "https://r4---sn-xjpm-q0nl.googlevideo.com/videoplayback?dur=206.281&lmt=1425100053284244&gir=yes&clen=3575952&signature=158DECF2D5272F924442ADB5F091AA6A34D1BE5B.84F7CCC72D3DD61B258535AE02291C9DDB70F16F&key=yt6&mime=audio%2Fwebm&ei=SFqKWY_1MMTucuDPq6gN&expire=1502260904&id=o-AE_essNADjwwLA-QrtXa7FLPiDHzVjWW9OfQz_7hSe4G&keepalive=yes&pl=16&ms=au&mv=u&mt=1502239080&itag=251&ip=131.159.40.117&mm=31&ipbits=0&requiressl=yes&sparams=clen%2Cdur%2Cei%2Cgir%2Cid%2Cip%2Cipbits%2Citag%2Ckeepalive%2Clmt%2Cmime%2Cmm%2Cmn%2Cms%2Cmv%2Cpl%2Crequiressl%2Csource%2Cexpire&source=youtube&mn=sn-xjpm-q0nl&ratebypass=yes", "player_url": null, "ext": "webm", "format_note": "DASH audio", "acodec": "opus", "abr": 160, "filesize": 3575952, "tbr": 149.983, "vcodec": "none", "format": "251 - audio only (DASH audio)", "protocol": "https", "http_headers": {"User-Agent": "Mozilla/5.0 (X11; Linux x86_64; rv:10.0) Gecko/20150101 Firefox/47.0 (Chrome)", "Accept-Charset": "ISO-8859-1,utf-8;q=0.7,*;q=0.7", "Accept": "text/html,application/xhtml+xml,application/xml;q=0.9,*/*;q=0.8", "Accept-Encoding": "gzip, deflate", "Accept-Language": "en-us,en;q=0.5"}}, {"ext": "mp4", "height": 144, "format_note": "DASH video", "vcodec": "avc1.42c00c", "format_id": "160", "url": "https://r4---sn-xjpm-q0nl.googlevideo.com/videoplayback?id=c8821ef09982653b&itag=160&source=youtube&requiressl=yes&pl=16&ms=au&ei=SVqKWbuhEMGZcozLkpAM&mv=u&mn=sn-xjpm-q0nl&mm=31&ratebypass=yes&mime=video/mp4&gir=yes&clen=2755810&lmt=1380733323525644&dur=206.233&key=dg_yt0&mt=1502239080&signature=4A6A52CA9E066E29EBCE1C73048B6023E10570A3.7D714374F3068838620141C1760DB55CB87621E6&ip=131.159.40.117&ipbits=0&expire=1502260905&sparams=ip,ipbits,expire,id,itag,source,requiressl,pl,ms,ei,mv,mn,mm,ratebypass,mime,gir,clen,lmt,dur", "manifest_url": "https://manifest.googlevideo.com/api/manifest/dash/pl/16/itag/0/ip/131.159.40.117/ms/au/requiressl/yes/ei/SVqKWbuhEMGZcozLkpAM/mv/u/key/yt6/playback_host/r4---sn-xjpm-q0nl.googlevideo.com/id/c8821ef09982653b/as/fmp4_audio_clear%2Cfmp4_sd_hd_clear/hfr/1/ipbits/0/expire/1502260905/mn/sn-xjpm-q0nl/mm/31/source/youtube/sparams/as%2Cei%2Chfr%2Cid%2Cip%2Cipbits%2Citag%2Cmm%2Cmn%2Cms%2Cmv%2Cpl%2Cplayback_host%2Crequiressl%2Csource%2Cexpire/mt/1502239080/signature/3D5B529FD67B0ED11CF3A8A7B12D5372E698B3E7.749FB1F90994B68FE554ED7F0FE30A86C2D01992", "width": 192, "tbr": 120.96, "asr": null, "fps": 15, "language": null, "filesize": 2755810, "acodec": "none", "format": "160 - 192x144 (DASH video)", "protocol": "https", "http_headers": {"User-Agent": "Mozilla/5.0 (X11; Linux x86_64; rv:10.0) Gecko/20150101 Firefox/47.0 (Chrome)", "Accept-Charset": "ISO-8859-1,utf-8;q=0.7,*;q=0.7", "Accept": "text/html,application/xhtml+xml,application/xml;q=0.9,*/*;q=0.8", "Accept-Encoding": "gzip, deflate", "Accept-Language": "en-us,en;q=0.5"}}, {"format_id": "278", "url": "https://r4---sn-xjpm-q0nl.googlevideo.com/videoplayback?dur=206.200&lmt=1425100080004328&gir=yes&clen=2046353&signature=3CBF279B2F12A78FE075BE8B8E2924112F575E0A.40221D39D6029AF7356C6C3709797B5DC4FB57F2&key=yt6&mime=video%2Fwebm&ei=SFqKWY_1MMTucuDPq6gN&expire=1502260904&id=o-AE_essNADjwwLA-QrtXa7FLPiDHzVjWW9OfQz_7hSe4G&keepalive=yes&pl=16&ms=au&mv=u&mt=1502239080&itag=278&ip=131.159.40.117&mm=31&ipbits=0&requiressl=yes&sparams=clen%2Cdur%2Cei%2Cgir%2Cid%2Cip%2Cipbits%2Citag%2Ckeepalive%2Clmt%2Cmime%2Cmm%2Cmn%2Cms%2Cmv%2Cpl%2Crequiressl%2Csource%2Cexpire&source=youtube&mn=sn-xjpm-q0nl&ratebypass=yes", "player_url": null, "ext": "webm", "height": 144, "format_note": "144p", "container": "webm", "vcodec": "vp9", "filesize": 2046353, "tbr": 157.824, "width": 192, "fps": 15, "acodec": "none", "format": "278 - 192x144 (144p)", "protocol": "https", "http_headers": {"User-Agent": "Mozilla/5.0 (X11; Linux x86_64; rv:10.0) Gecko/20150101 Firefox/47.0 (Chrome)", "Accept-Charset": "ISO-8859-1,utf-8;q=0.7,*;q=0.7", "Accept": "text/html,application/xhtml+xml,application/xml;q=0.9,*/*;q=0.8", "Accept-Encoding": "gzip, deflate", "Accept-Language": "en-us,en;q=0.5"}}, {"format_id": "242", "url": "https://r4---sn-xjpm-q0nl.googlevideo.com/videoplayback?dur=206.233&lmt=1425100060691041&gir=yes&clen=2900785&signature=CE11CBF066324149A57253C4B72FD6016A169CB3.6B89F06386B6AAA8D466B854085911B6A9E3BC32&key=yt6&mime=video%2Fwebm&ei=SFqKWY_1MMTucuDPq6gN&expire=1502260904&id=o-AE_essNADjwwLA-QrtXa7FLPiDHzVjWW9OfQz_7hSe4G&keepalive=yes&pl=16&ms=au&mv=u&mt=1502239080&itag=242&ip=131.159.40.117&mm=31&ipbits=0&requiressl=yes&sparams=clen%2Cdur%2Cei%2Cgir%2Cid%2Cip%2Cipbits%2Citag%2Ckeepalive%2Clmt%2Cmime%2Cmm%2Cmn%2Cms%2Cmv%2Cpl%2Crequiressl%2Csource%2Cexpire&source=youtube&mn=sn-xjpm-q0nl&ratebypass=yes", "player_url": null, "ext": "webm", "height": 240, "format_note": "240p", "vcodec": "vp9", "filesize": 2900785, "tbr": 191.118, "width": 320, "fps": 30, "acodec": "none", "format": "242 - 320x240 (240p)", "protocol": "https", "http_headers": {"User-Agent": "Mozilla/5.0 (X11; Linux x86_64; rv:10.0) Gecko/20150101 Firefox/47.0 (Chrome)", "Accept-Charset": "ISO-8859-1,utf-8;q=0.7,*;q=0.7", "Accept": "text/html,application/xhtml+xml,application/xml;q=0.9,*/*;q=0.8", "Accept-Encoding": "gzip, deflate", "Accept-Language": "en-us,en;q=0.5"}}, {"ext": "mp4", "height": 240, "format_note": "DASH video", "vcodec": "avc1.4d400d", "format_id": "133", "url": "https://r4---sn-xjpm-q0nl.googlevideo.com/videoplayback?id=c8821ef09982653b&itag=133&source=youtube&requiressl=yes&pl=16&ms=au&ei=SVqKWbuhEMGZcozLkpAM&mv=u&mn=sn-xjpm-q0nl&mm=31&ratebypass=yes&mime=video/mp4&gir=yes&clen=6300600&lmt=1380733303228260&dur=206.233&key=dg_yt0&mt=1502239080&signature=2F1216CCF0E9F7EA8569F13D06B048B14506EF53.10368998AD51BF0F5D81ED645657D7475E25E9F6&ip=131.159.40.117&ipbits=0&expire=1502260905&sparams=ip,ipbits,expire,id,itag,source,requiressl,pl,ms,ei,mv,mn,mm,ratebypass,mime,gir,clen,lmt,dur", "manifest_url": "https://manifest.googlevideo.com/api/manifest/dash/pl/16/itag/0/ip/131.159.40.117/ms/au/requiressl/yes/ei/SVqKWbuhEMGZcozLkpAM/mv/u/key/yt6/playback_host/r4---sn-xjpm-q0nl.googlevideo.com/id/c8821ef09982653b/as/fmp4_audio_clear%2Cfmp4_sd_hd_clear/hfr/1/ipbits/0/expire/1502260905/mn/sn-xjpm-q0nl/mm/31/source/youtube/sparams/as%2Cei%2Chfr%2Cid%2Cip%2Cipbits%2Citag%2Cmm%2Cmn%2Cms%2Cmv%2Cpl%2Cplayback_host%2Crequiressl%2Csource%2Cexpire/mt/1502239080/signature/3D5B529FD67B0ED11CF3A8A7B12D5372E698B3E7.749FB1F90994B68FE554ED7F0FE30A86C2D01992", "width": 320, "tbr": 250.303, "asr": null, "fps": 30, "language": null, "filesize": 6300600, "acodec": "none", "format": "133 - 320x240 (DASH video)", "protocol": "https", "http_headers": {"User-Agent": "Mozilla/5.0 (X11; Linux x86_64; rv:10.0) Gecko/20150101 Firefox/47.0 (Chrome)", "Accept-Charset": "ISO-8859-1,utf-8;q=0.7,*;q=0.7", "Accept": "text/html,application/xhtml+xml,application/xml;q=0.9,*/*;q=0.8", "Accept-Encoding": "gzip, deflate", "Accept-Language": "en-us,en;q=0.5"}}, {"format_id": "243", "url": "https://r4---sn-xjpm-q0nl.googlevideo.com/videoplayback?dur=206.233&lmt=1425100070864125&gir=yes&clen=5203819&signature=0FA274E0C9F0C4E0CD8AFBB66EE54707B0A22483.4800E3D3796F1AC6565281F751BEA1DE0BBA7F57&key=yt6&mime=video%2Fwebm&ei=SFqKWY_1MMTucuDPq6gN&expire=1502260904&id=o-AE_essNADjwwLA-QrtXa7FLPiDHzVjWW9OfQz_7hSe4G&keepalive=yes&pl=16&ms=au&mv=u&mt=1502239080&itag=243&ip=131.159.40.117&mm=31&ipbits=0&requiressl=yes&sparams=clen%2Cdur%2Cei%2Cgir%2Cid%2Cip%2Cipbits%2Citag%2Ckeepalive%2Clmt%2Cmime%2Cmm%2Cmn%2Cms%2Cmv%2Cpl%2Crequiressl%2Csource%2Cexpire&source=youtube&mn=sn-xjpm-q0nl&ratebypass=yes", "player_url": null, "ext": "webm", "height": 360, "format_note": "360p", "vcodec": "vp9", "filesize": 5203819, "tbr": 318.06, "width": 480, "fps": 30, "acodec": "none", "format": "243 - 480x360 (360p)", "protocol": "https", "http_headers": {"User-Agent": "Mozilla/5.0 (X11; Linux x86_64; rv:10.0) Gecko/20150101 Firefox/47.0 (Chrome)", "Accept-Charset": "ISO-8859-1,utf-8;q=0.7,*;q=0.7", "Accept": "text/html,application/xhtml+xml,application/xml;q=0.9,*/*;q=0.8", "Accept-Encoding": "gzip, deflate", "Accept-Language": "en-us,en;q=0.5"}}, {"ext": "mp4", "height": 360, "format_note": "DASH video", "vcodec": "avc1.4d401e", "format_id": "134", "url": "https://r4---sn-xjpm-q0nl.googlevideo.com/videoplayback?id=c8821ef09982653b&itag=134&source=youtube&requiressl=yes&pl=16&ms=au&ei=SVqKWbuhEMGZcozLkpAM&mv=u&mn=sn-xjpm-q0nl&mm=31&ratebypass=yes&mime=video/mp4&gir=yes&clen=7771437&lmt=1380733325030975&dur=206.233&key=dg_yt0&mt=1502239080&signature=658BE73A2537639B8A07F862341CC13F034D8749.0D38BA22D1F9CDB11ABD53716256E3AB1937050F&ip=131.159.40.117&ipbits=0&expire=1502260905&sparams=ip,ipbits,expire,id,itag,source,requiressl,pl,ms,ei,mv,mn,mm,ratebypass,mime,gir,clen,lmt,dur", "manifest_url": "https://manifest.googlevideo.com/api/manifest/dash/pl/16/itag/0/ip/131.159.40.117/ms/au/requiressl/yes/ei/SVqKWbuhEMGZcozLkpAM/mv/u/key/yt6/playback_host/r4---sn-xjpm-q0nl.googlevideo.com/id/c8821ef09982653b/as/fmp4_audio_clear%2Cfmp4_sd_hd_clear/hfr/1/ipbits/0/expire/1502260905/mn/sn-xjpm-q0nl/mm/31/source/youtube/sparams/as%2Cei%2Chfr%2Cid%2Cip%2Cipbits%2Citag%2Cmm%2Cmn%2Cms%2Cmv%2Cpl%2Cplayback_host%2Crequiressl%2Csource%2Cexpire/mt/1502239080/signature/3D5B529FD67B0ED11CF3A8A7B12D5372E698B3E7.749FB1F90994B68FE554ED7F0FE30A86C2D01992", "width": 480, "tbr": 361.606, "asr": null, "fps": 30, "language": null, "filesize": 7771437, "acodec": "none", "format": "134 - 480x360 (DASH video)", "protocol": "https", "http_headers": {"User-Agent": "Mozilla/5.0 (X11; Linux x86_64; rv:10.0) Gecko/20150101 Firefox/47.0 (Chrome)", "Accept-Charset": "ISO-8859-1,utf-8;q=0.7,*;q=0.7", "Accept": "text/html,application/xhtml+xml,application/xml;q=0.9,*/*;q=0.8", "Accept-Encoding": "gzip, deflate", "Accept-Language": "en-us,en;q=0.5"}}, {"format_id": "244", "url": "https://r4---sn-xjpm-q0nl.googlevideo.com/videoplayback?dur=206.233&lmt=1425100090390050&gir=yes&clen=9777838&signature=CE80D0AA377918270782D2278622AA016A88753D.19AFD7A83244EC924B1290721E2339AF871807D7&key=yt6&mime=video%2Fwebm&ei=SFqKWY_1MMTucuDPq6gN&expire=1502260904&id=o-AE_essNADjwwLA-QrtXa7FLPiDHzVjWW9OfQz_7hSe4G&keepalive=yes&pl=16&ms=au&mv=u&mt=1502239080&itag=244&ip=131.159.40.117&mm=31&ipbits=0&requiressl=yes&sparams=clen%2Cdur%2Cei%2Cgir%2Cid%2Cip%2Cipbits%2Citag%2Ckeepalive%2Clmt%2Cmime%2Cmm%2Cmn%2Cms%2Cmv%2Cpl%2Crequiressl%2Csource%2Cexpire&source=youtube&mn=sn-xjpm-q0nl&ratebypass=yes", "player_url": null, "ext": "webm", "height": 480, "format_note": "480p", "vcodec": "vp9", "filesize": 9777838, "tbr": 595.081, "width": 640, "fps": 30, "acodec": "none", "format": "244 - 640x480 (480p)", "protocol": "https", "http_headers": {"User-Agent": "Mozilla/5.0 (X11; Linux x86_64; rv:10.0) Gecko/20150101 Firefox/47.0 (Chrome)", "Accept-Charset": "ISO-8859-1,utf-8;q=0.7,*;q=0.7", "Accept": "text/html,application/xhtml+xml,application/xml;q=0.9,*/*;q=0.8", "Accept-Encoding": "gzip, deflate", "Accept-Language": "en-us,en;q=0.5"}}, {"ext": "mp4", "height": 480, "format_note": "DASH video", "vcodec": "avc1.4d401e", "format_id": "135", "url": "https://r4---sn-xjpm-q0nl.googlevideo.com/videoplayback?id=c8821ef09982653b&itag=135&source=youtube&requiressl=yes&pl=16&ms=au&ei=SVqKWbuhEMGZcozLkpAM&mv=u&mn=sn-xjpm-q0nl&mm=31&ratebypass=yes&mime=video/mp4&gir=yes&clen=16452033&lmt=1380733312014981&dur=206.233&key=dg_yt0&mt=1502239080&signature=7A5816FDA41174E0F3BD1F2FC1FCD20076BDE8CF.034C58EB72022958C0945D8F881A06A44781075D&ip=131.159.40.117&ipbits=0&expire=1502260905&sparams=ip,ipbits,expire,id,itag,source,requiressl,pl,ms,ei,mv,mn,mm,ratebypass,mime,gir,clen,lmt,dur", "manifest_url": "https://manifest.googlevideo.com/api/manifest/dash/pl/16/itag/0/ip/131.159.40.117/ms/au/requiressl/yes/ei/SVqKWbuhEMGZcozLkpAM/mv/u/key/yt6/playback_host/r4---sn-xjpm-q0nl.googlevideo.com/id/c8821ef09982653b/as/fmp4_audio_clear%2Cfmp4_sd_hd_clear/hfr/1/ipbits/0/expire/1502260905/mn/sn-xjpm-q0nl/mm/31/source/youtube/sparams/as%2Cei%2Chfr%2Cid%2Cip%2Cipbits%2Citag%2Cmm%2Cmn%2Cms%2Cmv%2Cpl%2Cplayback_host%2Crequiressl%2Csource%2Cexpire/mt/1502239080/signature/3D5B529FD67B0ED11CF3A8A7B12D5372E698B3E7.749FB1F90994B68FE554ED7F0FE30A86C2D01992", "width": 640, "tbr": 755.832, "asr": null, "fps": 30, "language": null, "filesize": 16452033, "acodec": "none", "format": "135 - 640x480 (DASH video)", "protocol": "https", "http_headers": {"User-Agent": "Mozilla/5.0 (X11; Linux x86_64; rv:10.0) Gecko/20150101 Firefox/47.0 (Chrome)", "Accept-Charset": "ISO-8859-1,utf-8;q=0.7,*;q=0.7", "Accept": "text/html,application/xhtml+xml,application/xml;q=0.9,*/*;q=0.8", "Accept-Encoding": "gzip, deflate", "Accept-Language": "en-us,en;q=0.5"}}, {"format_id": "17", "url": "https://r4---sn-xjpm-q0nl.googlevideo.com/videoplayback?dur=206.471&id=o-AE_essNADjwwLA-QrtXa7FLPiDHzVjWW9OfQz_7hSe4G&pl=16&lmt=1344970558590504&ms=au&mm=31&mv=u&mt=1502239080&itag=17&ip=131.159.40.117&clen=2101893&source=youtube&ipbits=0&requiressl=yes&sparams=clen%2Cdur%2Cei%2Cgir%2Cid%2Cip%2Cipbits%2Citag%2Clmt%2Cmime%2Cmm%2Cmn%2Cms%2Cmv%2Cpl%2Crequiressl%2Csource%2Cexpire&signature=60DAE94F51D4AC2ACF72720EF8A12A3B62402C3D.D217632C315787B02C5BB88612F23CCE3885BB04&key=yt6&gir=yes&mime=video%2F3gpp&mn=sn-xjpm-q0nl&ei=SFqKWY_1MMTucuDPq6gN&expire=1502260904&ratebypass=yes", "player_url": null, "ext": "3gp", "width": 176, "height": 144, "acodec": "mp4a.40.2", "abr": 24, "vcodec": "mp4v.20.3", "resolution": "176x144", "format_note": "small", "format": "17 - 176x144 (small)", "protocol": "https", "http_headers": {"User-Agent": "Mozilla/5.0 (X11; Linux x86_64; rv:10.0) Gecko/20150101 Firefox/47.0 (Chrome)", "Accept-Charset": "ISO-8859-1,utf-8;q=0.7,*;q=0.7", "Accept": "text/html,application/xhtml+xml,application/xml;q=0.9,*/*;q=0.8", "Accept-Encoding": "gzip, deflate", "Accept-Language": "en-us,en;q=0.5"}}, {"format_id": "36", "url": "https://r4---sn-xjpm-q0nl.googlevideo.com/videoplayback?dur=206.471&id=o-AE_essNADjwwLA-QrtXa7FLPiDHzVjWW9OfQz_7hSe4G&pl=16&lmt=1344970571615427&ms=au&mm=31&mv=u&mt=1502239080&itag=36&ip=131.159.40.117&clen=5788684&source=youtube&ipbits=0&requiressl=yes&sparams=clen%2Cdur%2Cei%2Cgir%2Cid%2Cip%2Cipbits%2Citag%2Clmt%2Cmime%2Cmm%2Cmn%2Cms%2Cmv%2Cpl%2Crequiressl%2Csource%2Cexpire&signature=DF8789C4C8EF8DE4565D24025D7415F4ABDD1094.3D75653D0D500B43326C9DC124DB54C4F942844E&key=yt6&gir=yes&mime=video%2F3gpp&mn=sn-xjpm-q0nl&ei=SFqKWY_1MMTucuDPq6gN&expire=1502260904&ratebypass=yes", "player_url": null, "ext": "3gp", "width": 320, "acodec": "mp4a.40.2", "vcodec": "mp4v.20.3", "resolution": "320x240", "height": 240, "format_note": "small", "format": "36 - 320x240 (small)", "protocol": "https", "http_headers": {"User-Agent": "Mozilla/5.0 (X11; Linux x86_64; rv:10.0) Gecko/20150101 Firefox/47.0 (Chrome)", "Accept-Charset": "ISO-8859-1,utf-8;q=0.7,*;q=0.7", "Accept": "text/html,application/xhtml+xml,application/xml;q=0.9,*/*;q=0.8", "Accept-Encoding": "gzip, deflate", "Accept-Language": "en-us,en;q=0.5"}}, {"format_id": "18", "url": "https://r4---sn-xjpm-q0nl.googlevideo.com/videoplayback?dur=206.425&lmt=1344970545856532&gir=yes&clen=10251381&ratebypass=yes&signature=0D1B116D92DD7987B4E725BBED77E5565B4BDAF9.8FAAF8E33C6BD995D83DB4A7B70481F880BF94D9&key=yt6&mime=video%2Fmp4&ei=SFqKWY_1MMTucuDPq6gN&expire=1502260904&id=o-AE_essNADjwwLA-QrtXa7FLPiDHzVjWW9OfQz_7hSe4G&pl=16&ms=au&mv=u&mt=1502239080&itag=18&ip=131.159.40.117&mm=31&ipbits=0&requiressl=yes&sparams=clen%2Cdur%2Cei%2Cgir%2Cid%2Cip%2Cipbits%2Citag%2Clmt%2Cmime%2Cmm%2Cmn%2Cms%2Cmv%2Cpl%2Cratebypass%2Crequiressl%2Csource%2Cexpire&source=youtube&mn=sn-xjpm-q0nl", "player_url": null, "ext": "mp4", "width": 480, "height": 360, "acodec": "mp4a.40.2", "abr": 96, "vcodec": "avc1.42001E", "resolution": "480x360", "format_note": "medium", "format": "18 - 480x360 (medium)", "protocol": "https", "http_headers": {"User-Agent": "Mozilla/5.0 (X11; Linux x86_64; rv:10.0) Gecko/20150101 Firefox/47.0 (Chrome)", "Accept-Charset": "ISO-8859-1,utf-8;q=0.7,*;q=0.7", "Accept": "text/html,application/xhtml+xml,application/xml;q=0.9,*/*;q=0.8", "Accept-Encoding": "gzip, deflate", "Accept-Language": "en-us,en;q=0.5"}}, {"format_id": "43", "url": "https://r4---sn-xjpm-q0nl.googlevideo.com/videoplayback?dur=0.000&lmt=1344970787727420&gir=yes&clen=12360773&ratebypass=yes&signature=912C69FD1B9244492314F8521D8E5AB99FC2008D.386A3EE67626278078CB71FD70803BD787663753&key=yt6&mime=video%2Fwebm&ei=SFqKWY_1MMTucuDPq6gN&expire=1502260904&id=o-AE_essNADjwwLA-QrtXa7FLPiDHzVjWW9OfQz_7hSe4G&pl=16&ms=au&mv=u&mt=1502239080&itag=43&ip=131.159.40.117&mm=31&ipbits=0&requiressl=yes&sparams=clen%2Cdur%2Cei%2Cgir%2Cid%2Cip%2Cipbits%2Citag%2Clmt%2Cmime%2Cmm%2Cmn%2Cms%2Cmv%2Cpl%2Cratebypass%2Crequiressl%2Csource%2Cexpire&source=youtube&mn=sn-xjpm-q0nl", "player_url": null, "ext": "webm", "width": 640, "height": 360, "acodec": "vorbis", "abr": 128, "vcodec": "vp8.0", "resolution": "640x360", "format_note": "medium", "format": "43 - 640x360 (medium)", "protocol": "https", "http_headers": {"User-Agent": "Mozilla/5.0 (X11; Linux x86_64; rv:10.0) Gecko/20150101 Firefox/47.0 (Chrome)", "Accept-Charset": "ISO-8859-1,utf-8;q=0.7,*;q=0.7", "Accept": "text/html,application/xhtml+xml,application/xml;q=0.9,*/*;q=0.8", "Accept-Encoding": "gzip, deflate", "Accept-Language": "en-us,en;q=0.5"}}], "is_live": null, "start_time": null, "end_time": null, "series": null, "season_number": null, "episode_number": null, "extractor": "youtube", "webpage_url_basename": "yIIe8JmCZTs", "extractor_key": "Youtube", "playlist": null, "playlist_index": null, "thumbnails": [{"url": "https://i.ytimg.com/vi/yIIe8JmCZTs/hqdefault.jpg", "id": "0"}], "display_id": "yIIe8JmCZTs", "ext": "mp4", "height": 480, "format_note": "DASH video", "vcodec": "avc1.4d401e", "format_id": "135", "url": "https://r4---sn-xjpm-q0nl.googlevideo.com/videoplayback?id=c8821ef09982653b&itag=135&source=youtube&requiressl=yes&pl=16&ms=au&ei=SVqKWbuhEMGZcozLkpAM&mv=u&mn=sn-xjpm-q0nl&mm=31&ratebypass=yes&mime=video/mp4&gir=yes&clen=16452033&lmt=1380733312014981&dur=206.233&key=dg_yt0&mt=1502239080&signature=7A5816FDA41174E0F3BD1F2FC1FCD20076BDE8CF.034C58EB72022958C0945D8F881A06A44781075D&ip=131.159.40.117&ipbits=0&expire=1502260905&sparams=ip,ipbits,expire,id,itag,source,requiressl,pl,ms,ei,mv,mn,mm,ratebypass,mime,gir,clen,lmt,dur", "manifest_url": "https://manifest.googlevideo.com/api/manifest/dash/pl/16/itag/0/ip/131.159.40.117/ms/au/requiressl/yes/ei/SVqKWbuhEMGZcozLkpAM/mv/u/key/yt6/playback_host/r4---sn-xjpm-q0nl.googlevideo.com/id/c8821ef09982653b/as/fmp4_audio_clear%2Cfmp4_sd_hd_clear/hfr/1/ipbits/0/expire/1502260905/mn/sn-xjpm-q0nl/mm/31/source/youtube/sparams/as%2Cei%2Chfr%2Cid%2Cip%2Cipbits%2Citag%2Cmm%2Cmn%2Cms%2Cmv%2Cpl%2Cplayback_host%2Crequiressl%2Csource%2Cexpire/mt/1502239080/signature/3D5B529FD67B0ED11CF3A8A7B12D5372E698B3E7.749FB1F90994B68FE554ED7F0FE30A86C2D01992", "width": 640, "tbr": 755.832, "asr": null, "fps": 30, "language": null, "filesize": 16452033, "acodec": "none", "format": "135 - 640x480 (DASH video)", "protocol": "https", "http_headers": {"User-Agent": "Mozilla/5.0 (X11; Linux x86_64; rv:10.0) Gecko/20150101 Firefox/47.0 (Chrome)", "Accept-Charset": "ISO-8859-1,utf-8;q=0.7,*;q=0.7", "Accept": "text/html,application/xhtml+xml,application/xml;q=0.9,*/*;q=0.8", "Accept-Encoding": "gzip, deflate", "Accept-Language": "en-us,en;q=0.5"}, "fulltitle": "Apple Samsung Case - Who Wins?", "_filename": "yIIe8JmCZTs.mp4"}