{"id": "8EbK-V1KgkQ", "uploader": "GMA News", "uploader_id": "gmanews", "uploader_url": "http://www.youtube.com/user/gmanews", "upload_date": "20131009", "license": "Standard YouTube License", "creator": null, "title": "BT: Posibleng labi ng MNLF Commander na si Ustadz Habier Malik, isasailalim sa DNA test", "alt_title": null, "thumbnail": "https://i.ytimg.com/vi/8EbK-V1KgkQ/hqdefault.jpg", "description": "Balitanghali is the daily noontime newscast of GMA News TV anchored by Raffy Tima and Pia Arcangel. It airs Mondays to Fridays at 11:30 AM (PHL Time). For more videos from Balitanghali, visit http://www.gmanetwork.com/balitanghali.\n\nGMA News Online: http://www.gmanews.tv\nFacebook: http://www.facebook.com/gmanews\nTwitter: http://www.twitter.com/gmanews", "categories": ["News & Politics"], "tags": ["GMA", "GMA 7", "GMA7", "GMA News", "Network", "gmanews", "philippines", "philippine", "pinoy", "news", "filipino", "abs cbn", "abscbn", "rappler", "tv5", "public affairs", "Typhoon", "Yolanda"], "subtitles": {}, "automatic_captions": {}, "duration": 146, "age_limit": 0, "annotations": null, "chapters": null, "webpage_url": "https://www.youtube.com/watch?v=8EbK-V1KgkQ", "view_count": 55395, "like_count": 25, "dislike_count": 10, "average_rating": 3.85714292526, "formats": [{"ext": "m4a", "format_note": "DASH audio", "acodec": "mp4a.40.5", "abr": 48, "container": "m4a_dash", "format_id": "139", "url": "https://r8---sn-xjpm-q0nl.googlevideo.com/videoplayback?id=f046caf95d4a8244&itag=139&source=youtube&requiressl=yes&mv=u&ms=au&ei=XoSKWcqeCMOWWZ3xocgD&mn=sn-xjpm-q0nl&mm=31&pl=16&ratebypass=yes&mime=audio/mp4&gir=yes&clen=883109&lmt=1422862223800972&dur=146.285&key=dg_yt0&mt=1502249706&signature=1132308625E0C99CCB7AC1214BFD23DF387622AF.6D755713259DBCF948F180114364CCDB6822DF9C&ip=131.159.40.117&ipbits=0&expire=1502271678&sparams=ip,ipbits,expire,id,itag,source,requiressl,mv,ms,ei,mn,mm,pl,ratebypass,mime,gir,clen,lmt,dur", "manifest_url": "https://manifest.googlevideo.com/api/manifest/dash/playback_host/r8---sn-xjpm-q0nl.googlevideo.com/mv/u/source/youtube/ms/au/hfr/1/requiressl/yes/expire/1502271678/ip/131.159.40.117/key/yt6/itag/0/mt/1502249706/as/fmp4_audio_clear%2Cfmp4_sd_hd_clear/sparams/as%2Cei%2Chfr%2Cid%2Cip%2Cipbits%2Citag%2Cmm%2Cmn%2Cms%2Cmv%2Cpl%2Cplayback_host%2Crequiressl%2Csource%2Cexpire/ipbits/0/ei/XoSKWcqeCMOWWZ3xocgD/mn/sn-xjpm-q0nl/signature/243D03429E0C00CD52D8ECB43348DAF485A0FA4C.82FF2ED55A0B5FB17FB2C6613C28A151AB00145C/mm/31/pl/16/id/f046caf95d4a8244", "width": null, "height": null, "tbr": 49.148, "asr": 22050, "fps": null, "language": null, "filesize": 883109, "vcodec": "none", "format": "139 - audio only (DASH audio)", "protocol": "https", "http_headers": {"User-Agent": "Mozilla/5.0 (X11; Linux x86_64; rv:10.0) Gecko/20150101 Firefox/47.0 (Chrome)", "Accept-Charset": "ISO-8859-1,utf-8;q=0.7,*;q=0.7", "Accept": "text/html,application/xhtml+xml,application/xml;q=0.9,*/*;q=0.8", "Accept-Encoding": "gzip, deflate", "Accept-Language": "en-us,en;q=0.5"}}, {"format_id": "249", "url": "https://r8---sn-xjpm-q0nl.googlevideo.com/videoplayback?mime=audio%2Fwebm&clen=891181&requiressl=yes&key=yt6&mm=31&mn=sn-xjpm-q0nl&mt=1502249706&mv=u&ms=au&source=youtube&keepalive=yes&ip=131.159.40.117&sparams=clen%2Cdur%2Cei%2Cgir%2Cid%2Cip%2Cipbits%2Citag%2Ckeepalive%2Clmt%2Cmime%2Cmm%2Cmn%2Cms%2Cmv%2Cpl%2Crequiressl%2Csource%2Cexpire&id=o-AFyOaSVzvTrG9u_20GjrnDp7QpQ64rAlPFFwmtG-VbrP&ei=XYSKWYiGLobMWbvZhvAD&lmt=1497218675571376&gir=yes&pl=16&dur=146.161&expire=1502271677&signature=72A313E34F5854B64FEE8A2E2AFE96C8C187A5B1.3ABAA1FF20176ABDB6AE18B6811E9C1232B72F95&ipbits=0&itag=249&ratebypass=yes", "player_url": null, "ext": "webm", "format_note": "DASH audio", "acodec": "opus", "abr": 50, "filesize": 891181, "tbr": 51.292, "vcodec": "none", "format": "249 - audio only (DASH audio)", "protocol": "https", "http_headers": {"User-Agent": "Mozilla/5.0 (X11; Linux x86_64; rv:10.0) Gecko/20150101 Firefox/47.0 (Chrome)", "Accept-Charset": "ISO-8859-1,utf-8;q=0.7,*;q=0.7", "Accept": "text/html,application/xhtml+xml,application/xml;q=0.9,*/*;q=0.8", "Accept-Encoding": "gzip, deflate", "Accept-Language": "en-us,en;q=0.5"}}, {"format_id": "250", "url": "https://r8---sn-xjpm-q0nl.googlevideo.com/videoplayback?mime=audio%2Fwebm&clen=1161510&requiressl=yes&key=yt6&mm=31&mn=sn-xjpm-q0nl&mt=1502249706&mv=u&ms=au&source=youtube&keepalive=yes&ip=131.159.40.117&sparams=clen%2Cdur%2Cei%2Cgir%2Cid%2Cip%2Cipbits%2Citag%2Ckeepalive%2Clmt%2Cmime%2Cmm%2Cmn%2Cms%2Cmv%2Cpl%2Crequiressl%2Csource%2Cexpire&id=o-AFyOaSVzvTrG9u_20GjrnDp7QpQ64rAlPFFwmtG-VbrP&ei=XYSKWYiGLobMWbvZhvAD&lmt=1497218672558045&gir=yes&pl=16&dur=146.161&expire=1502271677&signature=7C6C0CB7422CBDC5AFD9832636F67E3FA81D02BE.E3A504F6CDEDF7D0BAC30149CBEB38C8B0A3AB45&ipbits=0&itag=250&ratebypass=yes", "player_url": null, "ext": "webm", "format_note": "DASH audio", "acodec": "opus", "abr": 70, "filesize": 1161510, "tbr": 67.652, "vcodec": "none", "format": "250 - audio only (DASH audio)", "protocol": "https", "http_headers": {"User-Agent": "Mozilla/5.0 (X11; Linux x86_64; rv:10.0) Gecko/20150101 Firefox/47.0 (Chrome)", "Accept-Charset": "ISO-8859-1,utf-8;q=0.7,*;q=0.7", "Accept": "text/html,application/xhtml+xml,application/xml;q=0.9,*/*;q=0.8", "Accept-Encoding": "gzip, deflate", "Accept-Language": "en-us,en;q=0.5"}}, {"format_id": "171", "url": "https://r8---sn-xjpm-q0nl.googlevideo.com/videoplayback?mime=audio%2Fwebm&clen=2172686&requiressl=yes&key=yt6&mm=31&mn=sn-xjpm-q0nl&mt=1502249706&mv=u&ms=au&source=youtube&keepalive=yes&ip=131.159.40.117&sparams=clen%2Cdur%2Cei%2Cgir%2Cid%2Cip%2Cipbits%2Citag%2Ckeepalive%2Clmt%2Cmime%2Cmm%2Cmn%2Cms%2Cmv%2Cpl%2Crequiressl%2Csource%2Cexpire&id=o-AFyOaSVzvTrG9u_20GjrnDp7QpQ64rAlPFFwmtG-VbrP&ei=XYSKWYiGLobMWbvZhvAD&lmt=1497218676765084&gir=yes&pl=16&dur=146.160&expire=1502271677&signature=376570E37BC8A0F9C6D56690E057934B96D24842.879FC01CAFBA03B918F8D8253EB98B19119A8588&ipbits=0&itag=171&ratebypass=yes", "player_url": null, "ext": "webm", "acodec": "vorbis", "format_note": "DASH audio", "abr": 128, "filesize": 2172686, "tbr": 124.069, "vcodec": "none", "format": "171 - audio only (DASH audio)", "protocol": "https", "http_headers": {"User-Agent": "Mozilla/5.0 (X11; Linux x86_64; rv:10.0) Gecko/20150101 Firefox/47.0 (Chrome)", "Accept-Charset": "ISO-8859-1,utf-8;q=0.7,*;q=0.7", "Accept": "text/html,application/xhtml+xml,application/xml;q=0.9,*/*;q=0.8", "Accept-Encoding": "gzip, deflate", "Accept-Language": "en-us,en;q=0.5"}}, {"ext": "m4a", "format_note": "DASH audio", "acodec": "mp4a.40.2", "abr": 128, "container": "m4a_dash", "format_id": "140", "url": "https://r8---sn-xjpm-q0nl.googlevideo.com/videoplayback?id=f046caf95d4a8244&itag=140&source=youtube&requiressl=yes&mv=u&ms=au&ei=XoSKWcqeCMOWWZ3xocgD&mn=sn-xjpm-q0nl&mm=31&pl=16&ratebypass=yes&mime=audio/mp4&gir=yes&clen=2347997&lmt=1422862222074614&dur=146.215&key=dg_yt0&mt=1502249706&signature=76C116CBC9E81A7074C248BFA2872FD051E4626E.61D500CD06EF820673C8303CDDA54B8EA1AF731B&ip=131.159.40.117&ipbits=0&expire=1502271678&sparams=ip,ipbits,expire,id,itag,source,requiressl,mv,ms,ei,mn,mm,pl,ratebypass,mime,gir,clen,lmt,dur", "manifest_url": "https://manifest.googlevideo.com/api/manifest/dash/playback_host/r8---sn-xjpm-q0nl.googlevideo.com/mv/u/source/youtube/ms/au/hfr/1/requiressl/yes/expire/1502271678/ip/131.159.40.117/key/yt6/itag/0/mt/1502249706/as/fmp4_audio_clear%2Cfmp4_sd_hd_clear/sparams/as%2Cei%2Chfr%2Cid%2Cip%2Cipbits%2Citag%2Cmm%2Cmn%2Cms%2Cmv%2Cpl%2Cplayback_host%2Crequiressl%2Csource%2Cexpire/ipbits/0/ei/XoSKWcqeCMOWWZ3xocgD/mn/sn-xjpm-q0nl/signature/243D03429E0C00CD52D8ECB43348DAF485A0FA4C.82FF2ED55A0B5FB17FB2C6613C28A151AB00145C/mm/31/pl/16/id/f046caf95d4a8244", "width": null, "height": null, "tbr": 129.339, "asr": 44100, "fps": null, "language": null, "filesize": 2347997, "vcodec": "none", "format": "140 - audio only (DASH audio)", "protocol": "https", "http_headers": {"User-Agent": "Mozilla/5.0 (X11; Linux x86_64; rv:10.0) Gecko/20150101 Firefox/47.0 (Chrome)", "Accept-Charset": "ISO-8859-1,utf-8;q=0.7,*;q=0.7", "Accept": "text/html,application/xhtml+xml,application/xml;q=0.9,*/*;q=0.8", "Accept-Encoding": "gzip, deflate", "Accept-Language": "en-us,en;q=0.5"}}, {"format_id": "251", "url": "https://r8---sn-xjpm-q0nl.googlevideo.com/videoplayback?mime=audio%2Fwebm&clen=2331815&requiressl=yes&key=yt6&mm=31&mn=sn-xjpm-q0nl&mt=1502249706&mv=u&ms=au&source=youtube&keepalive=yes&ip=131.159.40.117&sparams=clen%2Cdur%2Cei%2Cgir%2Cid%2Cip%2Cipbits%2Citag%2Ckeepalive%2Clmt%2Cmime%2Cmm%2Cmn%2Cms%2Cmv%2Cpl%2Crequiressl%2Csource%2Cexpire&id=o-AFyOaSVzvTrG9u_20GjrnDp7QpQ64rAlPFFwmtG-VbrP&ei=XYSKWYiGLobMWbvZhvAD&lmt=1497218716705320&gir=yes&pl=16&dur=146.161&expire=1502271677&signature=A605AF1D6EA9F7B1D5D5B60124A7DC42ABA9C830.46F9A8B3387813A7859C31D134C68F98B87E4F71&ipbits=0&itag=251&ratebypass=yes", "player_url": null, "ext": "webm", "format_note": "DASH audio", "acodec": "opus", "abr": 160, "filesize": 2331815, "tbr": 131.717, "vcodec": "none", "format": "251 - audio only (DASH audio)", "protocol": "https", "http_headers": {"User-Agent": "Mozilla/5.0 (X11; Linux x86_64; rv:10.0) Gecko/20150101 Firefox/47.0 (Chrome)", "Accept-Charset": "ISO-8859-1,utf-8;q=0.7,*;q=0.7", "Accept": "text/html,application/xhtml+xml,application/xml;q=0.9,*/*;q=0.8", "Accept-Encoding": "gzip, deflate", "Accept-Language": "en-us,en;q=0.5"}}, {"format_id": "278", "url": "https://r8---sn-xjpm-q0nl.googlevideo.com/videoplayback?mime=video%2Fwebm&clen=1335736&requiressl=yes&key=yt6&mm=31&mn=sn-xjpm-q0nl&mt=1502249706&mv=u&ms=au&source=youtube&keepalive=yes&ip=131.159.40.117&sparams=clen%2Cdur%2Cei%2Cgir%2Cid%2Cip%2Cipbits%2Citag%2Ckeepalive%2Clmt%2Cmime%2Cmm%2Cmn%2Cms%2Cmv%2Cpl%2Crequiressl%2Csource%2Cexpire&id=o-AFyOaSVzvTrG9u_20GjrnDp7QpQ64rAlPFFwmtG-VbrP&ei=XYSKWYiGLobMWbvZhvAD&lmt=1497218894275404&gir=yes&pl=16&dur=146.118&expire=1502271677&signature=33DA9DF43325F32441820B696C054441693AA50F.1CD7A70E157D51488FAA1677B3630852D21ABE45&ipbits=0&itag=278&ratebypass=yes", "player_url": null, "ext": "webm", "height": 144, "format_note": "144p", "container": "webm", "vcodec": "vp9", "filesize": 1335736, "tbr": 81.451, "width": 192, "fps": 25, "acodec": "none", "format": "278 - 192x144 (144p)", "protocol": "https", "http_headers": {"User-Agent": "Mozilla/5.0 (X11; Linux x86_64; rv:10.0) Gecko/20150101 Firefox/47.0 (Chrome)", "Accept-Charset": "ISO-8859-1,utf-8;q=0.7,*;q=0.7", "Accept": "text/html,application/xhtml+xml,application/xml;q=0.9,*/*;q=0.8", "Accept-Encoding": "gzip, deflate", "Accept-Language": "en-us,en;q=0.5"}}, {"ext": "mp4", "height": 144, "format_note": "DASH video", "vcodec": "avc1.4d400c", "format_id": "160", "url": "https://r8---sn-xjpm-q0nl.googlevideo.com/videoplayback?id=f046caf95d4a8244&itag=160&source=youtube&requiressl=yes&mv=u&ms=au&ei=XoSKWcqeCMOWWZ3xocgD&mn=sn-xjpm-q0nl&mm=31&pl=16&ratebypass=yes&mime=video/mp4&gir=yes&clen=2011356&lmt=1422862250689923&dur=146.160&key=dg_yt0&mt=1502249706&signature=4A811FAAB357A8C9279BA737666B152B38371949.9465C1E6028690F4492619146F7F693051691508&ip=131.159.40.117&ipbits=0&expire=1502271678&sparams=ip,ipbits,expire,id,itag,source,requiressl,mv,ms,ei,mn,mm,pl,ratebypass,mime,gir,clen,lmt,dur", "manifest_url": "https://manifest.googlevideo.com/api/manifest/dash/playback_host/r8---sn-xjpm-q0nl.googlevideo.com/mv/u/source/youtube/ms/au/hfr/1/requiressl/yes/expire/1502271678/ip/131.159.40.117/key/yt6/itag/0/mt/1502249706/as/fmp4_audio_clear%2Cfmp4_sd_hd_clear/sparams/as%2Cei%2Chfr%2Cid%2Cip%2Cipbits%2Citag%2Cmm%2Cmn%2Cms%2Cmv%2Cpl%2Cplayback_host%2Crequiressl%2Csource%2Cexpire/ipbits/0/ei/XoSKWcqeCMOWWZ3xocgD/mn/sn-xjpm-q0nl/signature/243D03429E0C00CD52D8ECB43348DAF485A0FA4C.82FF2ED55A0B5FB17FB2C6613C28A151AB00145C/mm/31/pl/16/id/f046caf95d4a8244", "width": 192, "tbr": 111.721, "asr": null, "fps": 13, "language": null, "filesize": 2011356, "acodec": "none", "format": "160 - 192x144 (DASH video)", "protocol": "https", "http_headers": {"User-Agent": "Mozilla/5.0 (X11; Linux x86_64; rv:10.0) Gecko/20150101 Firefox/47.0 (Chrome)", "Accept-Charset": "ISO-8859-1,utf-8;q=0.7,*;q=0.7", "Accept": "text/html,application/xhtml+xml,application/xml;q=0.9,*/*;q=0.8", "Accept-Encoding": "gzip, deflate", "Accept-Language": "en-us,en;q=0.5"}}, {"format_id": "242", "url": "https://r8---sn-xjpm-q0nl.googlevideo.com/videoplayback?mime=video%2Fwebm&clen=2505832&requiressl=yes&key=yt6&mm=31&mn=sn-xjpm-q0nl&mt=1502249706&mv=u&ms=au&source=youtube&keepalive=yes&ip=131.159.40.117&sparams=clen%2Cdur%2Cei%2Cgir%2Cid%2Cip%2Cipbits%2Citag%2Ckeepalive%2Clmt%2Cmime%2Cmm%2Cmn%2Cms%2Cmv%2Cpl%2Crequiressl%2Csource%2Cexpire&id=o-AFyOaSVzvTrG9u_20GjrnDp7QpQ64rAlPFFwmtG-VbrP&ei=XYSKWYiGLobMWbvZhvAD&lmt=1497218874712674&gir=yes&pl=16&dur=146.118&expire=1502271677&signature=126BC945AF8EAB25DF29B79EC39155D8963E7AAD.1B6878A8242F9ED0E3D33EF2D87C3650C951DE79&ipbits=0&itag=242&ratebypass=yes", "player_url": null, "ext": "webm", "height": 240, "format_note": "240p", "vcodec": "vp9", "filesize": 2505832, "tbr": 200.5, "width": 320, "fps": 25, "acodec": "none", "format": "242 - 320x240 (240p)", "protocol": "https", "http_headers": {"User-Agent": "Mozilla/5.0 (X11; Linux x86_64; rv:10.0) Gecko/20150101 Firefox/47.0 (Chrome)", "Accept-Charset": "ISO-8859-1,utf-8;q=0.7,*;q=0.7", "Accept": "text/html,application/xhtml+xml,application/xml;q=0.9,*/*;q=0.8", "Accept-Encoding": "gzip, deflate", "Accept-Language": "en-us,en;q=0.5"}}, {"ext": "mp4", "height": 240, "format_note": "DASH video", "vcodec": "avc1.4d400d", "format_id": "133", "url": "https://r8---sn-xjpm-q0nl.googlevideo.com/videoplayback?id=f046caf95d4a8244&itag=133&source=youtube&requiressl=yes&mv=u&ms=au&ei=XoSKWcqeCMOWWZ3xocgD&mn=sn-xjpm-q0nl&mm=31&pl=16&ratebypass=yes&mime=video/mp4&gir=yes&clen=4466538&lmt=1422862233434306&dur=146.120&key=dg_yt0&mt=1502249706&signature=721F7706154A893FA8DAF12274AFECBC181C82E8.354C54B7F4D3FB4F37B00FE0616AA7F2A79C4F&ip=131.159.40.117&ipbits=0&expire=1502271678&sparams=ip,ipbits,expire,id,itag,source,requiressl,mv,ms,ei,mn,mm,pl,ratebypass,mime,gir,clen,lmt,dur", "manifest_url": "https://manifest.googlevideo.com/api/manifest/dash/playback_host/r8---sn-xjpm-q0nl.googlevideo.com/mv/u/source/youtube/ms/au/hfr/1/requiressl/yes/expire/1502271678/ip/131.159.40.117/key/yt6/itag/0/mt/1502249706/as/fmp4_audio_clear%2Cfmp4_sd_hd_clear/sparams/as%2Cei%2Chfr%2Cid%2Cip%2Cipbits%2Citag%2Cmm%2Cmn%2Cms%2Cmv%2Cpl%2Cplayback_host%2Crequiressl%2Csource%2Cexpire/ipbits/0/ei/XoSKWcqeCMOWWZ3xocgD/mn/sn-xjpm-q0nl/signature/243D03429E0C00CD52D8ECB43348DAF485A0FA4C.82FF2ED55A0B5FB17FB2C6613C28A151AB00145C/mm/31/pl/16/id/f046caf95d4a8244", "width": 320, "tbr": 248.645, "asr": null, "fps": 25, "language": null, "filesize": 4466538, "acodec": "none", "format": "133 - 320x240 (DASH video)", "protocol": "https", "http_headers": {"User-Agent": "Mozilla/5.0 (X11; Linux x86_64; rv:10.0) Gecko/20150101 Firefox/47.0 (Chrome)", "Accept-Charset": "ISO-8859-1,utf-8;q=0.7,*;q=0.7", "Accept": "text/html,application/xhtml+xml,application/xml;q=0.9,*/*;q=0.8", "Accept-Encoding": "gzip, deflate", "Accept-Language": "en-us,en;q=0.5"}}, {"format_id": "243", "url": "https://r8---sn-xjpm-q0nl.googlevideo.com/videoplayback?mime=video%2Fwebm&clen=4566531&requiressl=yes&key=yt6&mm=31&mn=sn-xjpm-q0nl&mt=1502249706&mv=u&ms=au&source=youtube&keepalive=yes&ip=131.159.40.117&sparams=clen%2Cdur%2Cei%2Cgir%2Cid%2Cip%2Cipbits%2Citag%2Ckeepalive%2Clmt%2Cmime%2Cmm%2Cmn%2Cms%2Cmv%2Cpl%2Crequiressl%2Csource%2Cexpire&id=o-AFyOaSVzvTrG9u_20GjrnDp7QpQ64rAlPFFwmtG-VbrP&ei=XYSKWYiGLobMWbvZhvAD&lmt=1497218892958056&gir=yes&pl=16&dur=146.118&expire=1502271677&signature=7A13A96530081268756C123D640A011E43399DAF.3AF82611771DE3C6B7CCB3819D9CC621FE2CDBDF&ipbits=0&itag=243&ratebypass=yes", "player_url": null, "ext": "webm", "height": 360, "format_note": "360p", "vcodec": "vp9", "filesize": 4566531, "tbr": 373.026, "width": 480, "fps": 25, "acodec": "none", "format": "243 - 480x360 (360p)", "protocol": "https", "http_headers": {"User-Agent": "Mozilla/5.0 (X11; Linux x86_64; rv:10.0) Gecko/20150101 Firefox/47.0 (Chrome)", "Accept-Charset": "ISO-8859-1,utf-8;q=0.7,*;q=0.7", "Accept": "text/html,application/xhtml+xml,application/xml;q=0.9,*/*;q=0.8", "Accept-Encoding": "gzip, deflate", "Accept-Language": "en-us,en;q=0.5"}}, {"ext": "mp4", "height": 360, "format_note": "DASH video", "vcodec": "avc1.4d4015", "format_id": "134", "url": "https://r8---sn-xjpm-q0nl.googlevideo.com/videoplayback?id=f046caf95d4a8244&itag=134&source=youtube&requiressl=yes&mv=u&ms=au&ei=XoSKWcqeCMOWWZ3xocgD&mn=sn-xjpm-q0nl&mm=31&pl=16&ratebypass=yes&mime=video/mp4&gir=yes&clen=4608875&lmt=1422862269534097&dur=146.120&key=dg_yt0&mt=1502249706&signature=0312352D3CBAE74C9AD84D88788B967A595DE497.5B76F18F2FCB9979D10045A19B4EEBA64D3B442F&ip=131.159.40.117&ipbits=0&expire=1502271678&sparams=ip,ipbits,expire,id,itag,source,requiressl,mv,ms,ei,mn,mm,pl,ratebypass,mime,gir,clen,lmt,dur", "manifest_url": "https://manifest.googlevideo.com/api/manifest/dash/playback_host/r8---sn-xjpm-q0nl.googlevideo.com/mv/u/source/youtube/ms/au/hfr/1/requiressl/yes/expire/1502271678/ip/131.159.40.117/key/yt6/itag/0/mt/1502249706/as/fmp4_audio_clear%2Cfmp4_sd_hd_clear/sparams/as%2Cei%2Chfr%2Cid%2Cip%2Cipbits%2Citag%2Cmm%2Cmn%2Cms%2Cmv%2Cpl%2Cplayback_host%2Crequiressl%2Csource%2Cexpire/ipbits/0/ei/XoSKWcqeCMOWWZ3xocgD/mn/sn-xjpm-q0nl/signature/243D03429E0C00CD52D8ECB43348DAF485A0FA4C.82FF2ED55A0B5FB17FB2C6613C28A151AB00145C/mm/31/pl/16/id/f046caf95d4a8244", "width": 480, "tbr": 489.662, "asr": null, "fps": 25, "language": null, "filesize": 4608875, "acodec": "none", "format": "134 - 480x360 (DASH video)", "protocol": "https", "http_headers": {"User-Agent": "Mozilla/5.0 (X11; Linux x86_64; rv:10.0) Gecko/20150101 Firefox/47.0 (Chrome)", "Accept-Charset": "ISO-8859-1,utf-8;q=0.7,*;q=0.7", "Accept": "text/html,application/xhtml+xml,application/xml;q=0.9,*/*;q=0.8", "Accept-Encoding": "gzip, deflate", "Accept-Language": "en-us,en;q=0.5"}}, {"format_id": "244", "url": "https://r8---sn-xjpm-q0nl.googlevideo.com/videoplayback?mime=video%2Fwebm&clen=8033060&requiressl=yes&key=yt6&mm=31&mn=sn-xjpm-q0nl&mt=1502249706&mv=u&ms=au&source=youtube&keepalive=yes&ip=131.159.40.117&sparams=clen%2Cdur%2Cei%2Cgir%2Cid%2Cip%2Cipbits%2Citag%2Ckeepalive%2Clmt%2Cmime%2Cmm%2Cmn%2Cms%2Cmv%2Cpl%2Crequiressl%2Csource%2Cexpire&id=o-AFyOaSVzvTrG9u_20GjrnDp7QpQ64rAlPFFwmtG-VbrP&ei=XYSKWYiGLobMWbvZhvAD&lmt=1497218873510169&gir=yes&pl=16&dur=146.118&expire=1502271677&signature=6D10D6964409FB4748911606D42796EFE768D21C.20FBB348A72BF9475DD6C16AB83AEAADB92F0A32&ipbits=0&itag=244&ratebypass=yes", "player_url": null, "ext": "webm", "height": 480, "format_note": "480p", "vcodec": "vp9", "filesize": 8033060, "tbr": 668.515, "width": 640, "fps": 25, "acodec": "none", "format": "244 - 640x480 (480p)", "protocol": "https", "http_headers": {"User-Agent": "Mozilla/5.0 (X11; Linux x86_64; rv:10.0) Gecko/20150101 Firefox/47.0 (Chrome)", "Accept-Charset": "ISO-8859-1,utf-8;q=0.7,*;q=0.7", "Accept": "text/html,application/xhtml+xml,application/xml;q=0.9,*/*;q=0.8", "Accept-Encoding": "gzip, deflate", "Accept-Language": "en-us,en;q=0.5"}}, {"ext": "mp4", "height": 480, "format_note": "DASH video", "vcodec": "avc1.4d401e", "format_id": "135", "url": "https://r8---sn-xjpm-q0nl.googlevideo.com/videoplayback?id=f046caf95d4a8244&itag=135&source=youtube&requiressl=yes&mv=u&ms=au&ei=XoSKWcqeCMOWWZ3xocgD&mn=sn-xjpm-q0nl&mm=31&pl=16&ratebypass=yes&mime=video/mp4&gir=yes&clen=9825285&lmt=1422862340998324&dur=146.120&key=dg_yt0&mt=1502249706&signature=1857DEFB094140FA796C07E8252D18D7298197CB.394501ABB1E0A078C1B8A3ACD1095FDCEFF5E788&ip=131.159.40.117&ipbits=0&expire=1502271678&sparams=ip,ipbits,expire,id,itag,source,requiressl,mv,ms,ei,mn,mm,pl,ratebypass,mime,gir,clen,lmt,dur", "manifest_url": "https://manifest.googlevideo.com/api/manifest/dash/playback_host/r8---sn-xjpm-q0nl.googlevideo.com/mv/u/source/youtube/ms/au/hfr/1/requiressl/yes/expire/1502271678/ip/131.159.40.117/key/yt6/itag/0/mt/1502249706/as/fmp4_audio_clear%2Cfmp4_sd_hd_clear/sparams/as%2Cei%2Chfr%2Cid%2Cip%2Cipbits%2Citag%2Cmm%2Cmn%2Cms%2Cmv%2Cpl%2Cplayback_host%2Crequiressl%2Csource%2Cexpire/ipbits/0/ei/XoSKWcqeCMOWWZ3xocgD/mn/sn-xjpm-q0nl/signature/243D03429E0C00CD52D8ECB43348DAF485A0FA4C.82FF2ED55A0B5FB17FB2C6613C28A151AB00145C/mm/31/pl/16/id/f046caf95d4a8244", "width": 640, "tbr": 940.103, "asr": null, "fps": 25, "language": null, "filesize": 9825285, "acodec": "none", "format": "135 - 640x480 (DASH video)", "protocol": "https", "http_headers": {"User-Agent": "Mozilla/5.0 (X11; Linux x86_64; rv:10.0) Gecko/20150101 Firefox/47.0 (Chrome)", "Accept-Charset": "ISO-8859-1,utf-8;q=0.7,*;q=0.7", "Accept": "text/html,application/xhtml+xml,application/xml;q=0.9,*/*;q=0.8", "Accept-Encoding": "gzip, deflate", "Accept-Language": "en-us,en;q=0.5"}}, {"format_id": "17", "url": "https://r8---sn-xjpm-q0nl.googlevideo.com/videoplayback?mime=video%2F3gpp&clen=1498604&requiressl=yes&key=yt6&mm=31&mn=sn-xjpm-q0nl&mt=1502249706&gir=yes&ms=au&source=youtube&pl=16&dur=146.471&expire=1502271677&ip=131.159.40.117&signature=8799869AA3EB056AA6EF5855434F5AEB37B53AD6.01BF6CA89984F98A14B76E690795A56D27D3DDF2&sparams=clen%2Cdur%2Cei%2Cgir%2Cid%2Cip%2Cipbits%2Citag%2Clmt%2Cmime%2Cmm%2Cmn%2Cms%2Cmv%2Cpl%2Crequiressl%2Csource%2Cexpire&ipbits=0&mv=u&itag=17&id=o-AFyOaSVzvTrG9u_20GjrnDp7QpQ64rAlPFFwmtG-VbrP&ei=XYSKWYiGLobMWbvZhvAD&lmt=1381465357758354&ratebypass=yes", "player_url": null, "ext": "3gp", "width": 176, "height": 144, "acodec": "mp4a.40.2", "abr": 24, "vcodec": "mp4v.20.3", "resolution": "176x144", "format_note": "small", "format": "17 - 176x144 (small)", "protocol": "https", "http_headers": {"User-Agent": "Mozilla/5.0 (X11; Linux x86_64; rv:10.0) Gecko/20150101 Firefox/47.0 (Chrome)", "Accept-Charset": "ISO-8859-1,utf-8;q=0.7,*;q=0.7", "Accept": "text/html,application/xhtml+xml,application/xml;q=0.9,*/*;q=0.8", "Accept-Encoding": "gzip, deflate", "Accept-Language": "en-us,en;q=0.5"}}, {"format_id": "36", "url": "https://r8---sn-xjpm-q0nl.googlevideo.com/videoplayback?mime=video%2F3gpp&clen=4131130&requiressl=yes&key=yt6&mm=31&mn=sn-xjpm-q0nl&mt=1502249706&gir=yes&ms=au&source=youtube&pl=16&dur=146.379&expire=1502271677&ip=131.159.40.117&signature=CA106F9632EF7892B17180A96E31C18BEA8F4888.625AE60FE269421EC598DD71EB5C2239ECA76C80&sparams=clen%2Cdur%2Cei%2Cgir%2Cid%2Cip%2Cipbits%2Citag%2Clmt%2Cmime%2Cmm%2Cmn%2Cms%2Cmv%2Cpl%2Crequiressl%2Csource%2Cexpire&ipbits=0&mv=u&itag=36&id=o-AFyOaSVzvTrG9u_20GjrnDp7QpQ64rAlPFFwmtG-VbrP&ei=XYSKWYiGLobMWbvZhvAD&lmt=1381465367566347&ratebypass=yes", "player_url": null, "ext": "3gp", "width": 320, "acodec": "mp4a.40.2", "vcodec": "mp4v.20.3", "resolution": "320x240", "height": 240, "format_note": "small", "format": "36 - 320x240 (small)", "protocol": "https", "http_headers": {"User-Agent": "Mozilla/5.0 (X11; Linux x86_64; rv:10.0) Gecko/20150101 Firefox/47.0 (Chrome)", "Accept-Charset": "ISO-8859-1,utf-8;q=0.7,*;q=0.7", "Accept": "text/html,application/xhtml+xml,application/xml;q=0.9,*/*;q=0.8", "Accept-Encoding": "gzip, deflate", "Accept-Language": "en-us,en;q=0.5"}}, {"format_id": "18", "url": "https://r8---sn-xjpm-q0nl.googlevideo.com/videoplayback?mime=video%2Fmp4&clen=7649177&requiressl=yes&key=yt6&mm=31&mn=sn-xjpm-q0nl&mt=1502249706&mv=u&ms=au&source=youtube&ip=131.159.40.117&sparams=clen%2Cdur%2Cei%2Cgir%2Cid%2Cip%2Cipbits%2Citag%2Clmt%2Cmime%2Cmm%2Cmn%2Cms%2Cmv%2Cpl%2Cratebypass%2Crequiressl%2Csource%2Cexpire&id=o-AFyOaSVzvTrG9u_20GjrnDp7QpQ64rAlPFFwmtG-VbrP&ei=XYSKWYiGLobMWbvZhvAD&lmt=1422862245577542&ratebypass=yes&gir=yes&pl=16&dur=146.216&expire=1502271677&signature=28C1F929B1AA048D948F9E27C24F2971C56EE461.6C22434DB3FC3C44D7DBEFF6E57AF4E1F6E0A03E&ipbits=0&itag=18", "player_url": null, "ext": "mp4", "width": 480, "height": 360, "acodec": "mp4a.40.2", "abr": 96, "vcodec": "avc1.42001E", "resolution": "480x360", "format_note": "medium", "format": "18 - 480x360 (medium)", "protocol": "https", "http_headers": {"User-Agent": "Mozilla/5.0 (X11; Linux x86_64; rv:10.0) Gecko/20150101 Firefox/47.0 (Chrome)", "Accept-Charset": "ISO-8859-1,utf-8;q=0.7,*;q=0.7", "Accept": "text/html,application/xhtml+xml,application/xml;q=0.9,*/*;q=0.8", "Accept-Encoding": "gzip, deflate", "Accept-Language": "en-us,en;q=0.5"}}, {"format_id": "43", "url": "https://r8---sn-xjpm-q0nl.googlevideo.com/videoplayback?mime=video%2Fwebm&clen=11862145&requiressl=yes&key=yt6&mm=31&mn=sn-xjpm-q0nl&mt=1502249706&mv=u&ms=au&source=youtube&ip=131.159.40.117&sparams=clen%2Cdur%2Cei%2Cgir%2Cid%2Cip%2Cipbits%2Citag%2Clmt%2Cmime%2Cmm%2Cmn%2Cms%2Cmv%2Cpl%2Cratebypass%2Crequiressl%2Csource%2Cexpire&id=o-AFyOaSVzvTrG9u_20GjrnDp7QpQ64rAlPFFwmtG-VbrP&ei=XYSKWYiGLobMWbvZhvAD&lmt=1381383478559597&ratebypass=yes&gir=yes&pl=16&dur=0.000&expire=1502271677&signature=1929480789F11D900DECA1C5B66A488FDFE893C0.B63B481A305A03BA35B4902E6D56E42B6B0438DC&ipbits=0&itag=43", "player_url": null, "ext": "webm", "width": 640, "height": 360, "acodec": "vorbis", "abr": 128, "vcodec": "vp8.0", "resolution": "640x360", "format_note": "medium", "format": "43 - 640x360 (medium)", "protocol": "https", "http_headers": {"User-Agent": "Mozilla/5.0 (X11; Linux x86_64; rv:10.0) Gecko/20150101 Firefox/47.0 (Chrome)", "Accept-Charset": "ISO-8859-1,utf-8;q=0.7,*;q=0.7", "Accept": "text/html,application/xhtml+xml,application/xml;q=0.9,*/*;q=0.8", "Accept-Encoding": "gzip, deflate", "Accept-Language": "en-us,en;q=0.5"}}], "is_live": null, "start_time": null, "end_time": null, "series": null, "season_number": null, "episode_number": null, "extractor": "youtube", "webpage_url_basename": "8EbK-V1KgkQ", "extractor_key": "Youtube", "playlist": null, "playlist_index": null, "thumbnails": [{"url": "https://i.ytimg.com/vi/8EbK-V1KgkQ/hqdefault.jpg", "id": "0"}], "display_id": "8EbK-V1KgkQ", "ext": "mp4", "height": 480, "format_note": "DASH video", "vcodec": "avc1.4d401e", "format_id": "135", "url": "https://r8---sn-xjpm-q0nl.googlevideo.com/videoplayback?id=f046caf95d4a8244&itag=135&source=youtube&requiressl=yes&mv=u&ms=au&ei=XoSKWcqeCMOWWZ3xocgD&mn=sn-xjpm-q0nl&mm=31&pl=16&ratebypass=yes&mime=video/mp4&gir=yes&clen=9825285&lmt=1422862340998324&dur=146.120&key=dg_yt0&mt=1502249706&signature=1857DEFB094140FA796C07E8252D18D7298197CB.394501ABB1E0A078C1B8A3ACD1095FDCEFF5E788&ip=131.159.40.117&ipbits=0&expire=1502271678&sparams=ip,ipbits,expire,id,itag,source,requiressl,mv,ms,ei,mn,mm,pl,ratebypass,mime,gir,clen,lmt,dur", "manifest_url": "https://manifest.googlevideo.com/api/manifest/dash/playback_host/r8---sn-xjpm-q0nl.googlevideo.com/mv/u/source/youtube/ms/au/hfr/1/requiressl/yes/expire/1502271678/ip/131.159.40.117/key/yt6/itag/0/mt/1502249706/as/fmp4_audio_clear%2Cfmp4_sd_hd_clear/sparams/as%2Cei%2Chfr%2Cid%2Cip%2Cipbits%2Citag%2Cmm%2Cmn%2Cms%2Cmv%2Cpl%2Cplayback_host%2Crequiressl%2Csource%2Cexpire/ipbits/0/ei/XoSKWcqeCMOWWZ3xocgD/mn/sn-xjpm-q0nl/signature/243D03429E0C00CD52D8ECB43348DAF485A0FA4C.82FF2ED55A0B5FB17FB2C6613C28A151AB00145C/mm/31/pl/16/id/f046caf95d4a8244", "width": 640, "tbr": 940.103, "asr": null, "fps": 25, "language": null, "filesize": 9825285, "acodec": "none", "format": "135 - 640x480 (DASH video)", "protocol": "https", "http_headers": {"User-Agent": "Mozilla/5.0 (X11; Linux x86_64; rv:10.0) Gecko/20150101 Firefox/47.0 (Chrome)", "Accept-Charset": "ISO-8859-1,utf-8;q=0.7,*;q=0.7", "Accept": "text/html,application/xhtml+xml,application/xml;q=0.9,*/*;q=0.8", "Accept-Encoding": "gzip, deflate", "Accept-Language": "en-us,en;q=0.5"}, "fulltitle": "BT: Posibleng labi ng MNLF Commander na si Ustadz Habier Malik, isasailalim sa DNA test", "_filename": "8EbK-V1KgkQ.mp4"}