{"id": "U0_W8x_3iC0", "uploader": "ctvvi", "uploader_id": "ctvvi", "uploader_url": "http://www.youtube.com/user/ctvvi", "upload_date": "20110906", "license": "Standard YouTube License", "creator": null, "title": "First Day of Teachers' Job Action", "alt_title": null, "thumbnail": "https://i.ytimg.com/vi/U0_W8x_3iC0/hqdefault.jpg", "description": "http://www.ctvvancouverisland.ca\nSOOKE - It's the first day back at school and excitement is building; especially for one of the favourite parts of the day -- recess.\n\nBut for students in the Sooke School District and across the province, teachers are missing at recess, leaving some pretty high price talent in their place.\n\nThe head of the district and other district management are stepping in to cover a job normally performed by the teachers.\n\n\"The kids are out in the sun having fun.  It's a gorgeous day,\" says Jim Cambridge \"I'm on duty for the first time in years as the Superintendent.  That's not something that I usually do, so I drove out to do some recess duty.  It's kind of fun really.\"\n\nTeachers are working to rule, pressuring the government for a wage increase and smaller class sizes.\n\nUntil their demands are met they won't supervise students during or after school, and they won't do paperwork.\n\nThe President of the BC Teachers' Federations says her organization cannot rule out a full scale strike.  \"But we are earnestly hoping that this phase one round will show government how strongly determined teachers are.\"\n\nThe Education Minister isn't too concerned about the first phase of the job action.  So far the government has no plans to bring in legislation to end the dispute.\n\n\"We are going to be monitoring it everyday to make sure that it doesn't have a negative impact, says George Abbott \"If it ramps up to broader measures then we may have a concern.\"\n\nSchool administrators say they can continue to supervise for several weeks, but at some point they have to get down to the job of running the district.\n\nTheir options then are limited; ranging from cancelling recess to asking the government to step in and end the job action.\n\n\nFollow Stephen Andrew on Twitter: http://www.twitter.com/CTVNewsStephen", "categories": ["News & Politics"], "tags": ["CTV News", "CTV Vancouver Island", "CIVI", "Channel 12", "Television", "Stephen Andrew", "BC Teachers", "job action", "Sooke School District", "BC Teachers' Federation", "Education Minister", "George Abbott"], "subtitles": {}, "automatic_captions": {}, "duration": 175, "age_limit": 0, "annotations": null, "chapters": null, "webpage_url": "https://www.youtube.com/watch?v=U0_W8x_3iC0", "view_count": 2096, "like_count": 1, "dislike_count": 0, "average_rating": 5.0, "formats": [{"ext": "m4a", "format_note": "DASH audio", "acodec": "mp4a.40.5", "abr": 48, "container": "m4a_dash", "format_id": "139", "url": "https://r6---sn-4g5e6n7r.googlevideo.com/videoplayback?id=534fd6f31ff7882d&itag=139&source=youtube&requiressl=yes&ms=au&mn=sn-4g5e6n7r&mv=m&mm=31&pl=16&initcwndbps=4307500&ei=2heLWe6zHob5WtqJhFg&ratebypass=yes&mime=audio/mp4&gir=yes&clen=1041169&lmt=1380871879024433&dur=174.939&key=dg_yt0&signature=24D0DD05122419A75DAB4EA9F85D845CE11BE7BE.78BF9FAEEE9535AE3BE2DC6FF1C3F23A76020082&mt=1502287716&ip=131.159.40.117&ipbits=0&expire=1502309434&sparams=ip,ipbits,expire,id,itag,source,requiressl,ms,mn,mv,mm,pl,initcwndbps,ei,ratebypass,mime,gir,clen,lmt,dur", "manifest_url": "https://manifest.googlevideo.com/api/manifest/dash/requiressl/yes/sparams/as%2Cei%2Chfr%2Cid%2Cinitcwndbps%2Cip%2Cipbits%2Citag%2Cmm%2Cmn%2Cms%2Cmv%2Cpl%2Cplayback_host%2Crequiressl%2Csource%2Cexpire/ip/131.159.40.117/key/yt6/itag/0/playback_host/r6---sn-4g5e6n7r.googlevideo.com/source/youtube/ms/au/hfr/1/mn/sn-4g5e6n7r/mv/m/signature/0BD76414AAB9B186CC1BA1C3861C9C74231AA07A.550079F83D6A03299EEB379EDF205E78EE1DFD14/mm/31/pl/16/id/534fd6f31ff7882d/as/fmp4_audio_clear%2Cfmp4_sd_hd_clear/initcwndbps/4307500/expire/1502309434/mt/1502287716/ipbits/0/ei/2heLWe6zHob5WtqJhFg", "width": null, "height": null, "tbr": 48.63, "asr": 22050, "fps": null, "language": null, "filesize": 1041169, "vcodec": "none", "format": "139 - audio only (DASH audio)", "protocol": "https", "http_headers": {"User-Agent": "Mozilla/5.0 (X11; Linux x86_64; rv:10.0) Gecko/20150101 Firefox/47.0 (Chrome)", "Accept-Charset": "ISO-8859-1,utf-8;q=0.7,*;q=0.7", "Accept": "text/html,application/xhtml+xml,application/xml;q=0.9,*/*;q=0.8", "Accept-Encoding": "gzip, deflate", "Accept-Language": "en-us,en;q=0.5"}}, {"format_id": "249", "url": "https://r6---sn-4g5e6n7r.googlevideo.com/videoplayback?itag=249&expire=1502309434&ei=2heLWcsUhuRb0fm0sAs&ms=au&mt=1502287716&mv=m&pl=16&ip=131.159.40.117&keepalive=yes&mime=audio%2Fwebm&id=o-ABlH1FGg6_zhNC77GYWn1h6yTWkY29boFdTJcPZ8eaxa&mm=31&mn=sn-4g5e6n7r&clen=1206160&sparams=clen%2Cdur%2Cei%2Cgir%2Cid%2Cinitcwndbps%2Cip%2Cipbits%2Citag%2Ckeepalive%2Clmt%2Cmime%2Cmm%2Cmn%2Cms%2Cmv%2Cpl%2Crequiressl%2Csource%2Cexpire&initcwndbps=4307500&ipbits=0&lmt=1411456938008924&source=youtube&dur=174.801&requiressl=yes&gir=yes&signature=1B4D43BBBA3830D8E231983169F7D3A6F0444E85.87C9B9616A55C7063F1A39306EBB5A6A05CD5F98&key=yt6&ratebypass=yes", "player_url": null, "ext": "webm", "format_note": "DASH audio", "acodec": "opus", "abr": 50, "filesize": 1206160, "tbr": 57.403, "fps": 1, "vcodec": "none", "format": "249 - audio only (DASH audio)", "protocol": "https", "http_headers": {"User-Agent": "Mozilla/5.0 (X11; Linux x86_64; rv:10.0) Gecko/20150101 Firefox/47.0 (Chrome)", "Accept-Charset": "ISO-8859-1,utf-8;q=0.7,*;q=0.7", "Accept": "text/html,application/xhtml+xml,application/xml;q=0.9,*/*;q=0.8", "Accept-Encoding": "gzip, deflate", "Accept-Language": "en-us,en;q=0.5"}}, {"format_id": "250", "url": "https://r6---sn-4g5e6n7r.googlevideo.com/videoplayback?itag=250&expire=1502309434&ei=2heLWcsUhuRb0fm0sAs&ms=au&mt=1502287716&mv=m&pl=16&ip=131.159.40.117&keepalive=yes&mime=audio%2Fwebm&id=o-ABlH1FGg6_zhNC77GYWn1h6yTWkY29boFdTJcPZ8eaxa&mm=31&mn=sn-4g5e6n7r&clen=1636116&sparams=clen%2Cdur%2Cei%2Cgir%2Cid%2Cinitcwndbps%2Cip%2Cipbits%2Citag%2Ckeepalive%2Clmt%2Cmime%2Cmm%2Cmn%2Cms%2Cmv%2Cpl%2Crequiressl%2Csource%2Cexpire&initcwndbps=4307500&ipbits=0&lmt=1411456937066996&source=youtube&dur=174.801&requiressl=yes&gir=yes&signature=B6191519351D0725DF46A15211321B8BE2B4F8AD.07903947AA23C398078D7E92E077A802DACA2D78&key=yt6&ratebypass=yes", "player_url": null, "ext": "webm", "format_note": "DASH audio", "acodec": "opus", "abr": 70, "filesize": 1636116, "tbr": 81.113, "fps": 1, "vcodec": "none", "format": "250 - audio only (DASH audio)", "protocol": "https", "http_headers": {"User-Agent": "Mozilla/5.0 (X11; Linux x86_64; rv:10.0) Gecko/20150101 Firefox/47.0 (Chrome)", "Accept-Charset": "ISO-8859-1,utf-8;q=0.7,*;q=0.7", "Accept": "text/html,application/xhtml+xml,application/xml;q=0.9,*/*;q=0.8", "Accept-Encoding": "gzip, deflate", "Accept-Language": "en-us,en;q=0.5"}}, {"format_id": "171", "url": "https://r6---sn-4g5e6n7r.googlevideo.com/videoplayback?itag=171&expire=1502309434&ei=2heLWcsUhuRb0fm0sAs&ms=au&mt=1502287716&mv=m&pl=16&ip=131.159.40.117&keepalive=yes&mime=audio%2Fwebm&id=o-ABlH1FGg6_zhNC77GYWn1h6yTWkY29boFdTJcPZ8eaxa&mm=31&mn=sn-4g5e6n7r&clen=2217811&sparams=clen%2Cdur%2Cei%2Cgir%2Cid%2Cinitcwndbps%2Cip%2Cipbits%2Citag%2Ckeepalive%2Clmt%2Cmime%2Cmm%2Cmn%2Cms%2Cmv%2Cpl%2Crequiressl%2Csource%2Cexpire&initcwndbps=4307500&ipbits=0&lmt=1411456937985985&source=youtube&dur=174.809&requiressl=yes&gir=yes&signature=84C681B935E20AB159BCA4B2FB681C9CE7688BD3.CE7F868057C7FC5FC3C25C7C44BD15F877AB9B17&key=yt6&ratebypass=yes", "player_url": null, "ext": "webm", "acodec": "vorbis", "format_note": "DASH audio", "abr": 128, "filesize": 2217811, "tbr": 113.255, "fps": 1, "vcodec": "none", "format": "171 - audio only (DASH audio)", "protocol": "https", "http_headers": {"User-Agent": "Mozilla/5.0 (X11; Linux x86_64; rv:10.0) Gecko/20150101 Firefox/47.0 (Chrome)", "Accept-Charset": "ISO-8859-1,utf-8;q=0.7,*;q=0.7", "Accept": "text/html,application/xhtml+xml,application/xml;q=0.9,*/*;q=0.8", "Accept-Encoding": "gzip, deflate", "Accept-Language": "en-us,en;q=0.5"}}, {"ext": "m4a", "format_note": "DASH audio", "acodec": "mp4a.40.2", "abr": 128, "container": "m4a_dash", "format_id": "140", "url": "https://r6---sn-4g5e6n7r.googlevideo.com/videoplayback?id=534fd6f31ff7882d&itag=140&source=youtube&requiressl=yes&ms=au&mn=sn-4g5e6n7r&mv=m&mm=31&pl=16&initcwndbps=4307500&ei=2heLWe6zHob5WtqJhFg&ratebypass=yes&mime=audio/mp4&gir=yes&clen=2777958&lmt=1380871885189109&dur=174.869&key=dg_yt0&signature=902EFC7E485AEF9571026D9892537562706103AB.97C12B14B477B199D8CD50008171BB753C7EBA54&mt=1502287716&ip=131.159.40.117&ipbits=0&expire=1502309434&sparams=ip,ipbits,expire,id,itag,source,requiressl,ms,mn,mv,mm,pl,initcwndbps,ei,ratebypass,mime,gir,clen,lmt,dur", "manifest_url": "https://manifest.googlevideo.com/api/manifest/dash/requiressl/yes/sparams/as%2Cei%2Chfr%2Cid%2Cinitcwndbps%2Cip%2Cipbits%2Citag%2Cmm%2Cmn%2Cms%2Cmv%2Cpl%2Cplayback_host%2Crequiressl%2Csource%2Cexpire/ip/131.159.40.117/key/yt6/itag/0/playback_host/r6---sn-4g5e6n7r.googlevideo.com/source/youtube/ms/au/hfr/1/mn/sn-4g5e6n7r/mv/m/signature/0BD76414AAB9B186CC1BA1C3861C9C74231AA07A.550079F83D6A03299EEB379EDF205E78EE1DFD14/mm/31/pl/16/id/534fd6f31ff7882d/as/fmp4_audio_clear%2Cfmp4_sd_hd_clear/initcwndbps/4307500/expire/1502309434/mt/1502287716/ipbits/0/ei/2heLWe6zHob5WtqJhFg", "width": null, "height": null, "tbr": 127.988, "asr": 44100, "fps": null, "language": null, "filesize": 2777958, "vcodec": "none", "format": "140 - audio only (DASH audio)", "protocol": "https", "http_headers": {"User-Agent": "Mozilla/5.0 (X11; Linux x86_64; rv:10.0) Gecko/20150101 Firefox/47.0 (Chrome)", "Accept-Charset": "ISO-8859-1,utf-8;q=0.7,*;q=0.7", "Accept": "text/html,application/xhtml+xml,application/xml;q=0.9,*/*;q=0.8", "Accept-Encoding": "gzip, deflate", "Accept-Language": "en-us,en;q=0.5"}}, {"format_id": "251", "url": "https://r6---sn-4g5e6n7r.googlevideo.com/videoplayback?itag=251&expire=1502309434&ei=2heLWcsUhuRb0fm0sAs&ms=au&mt=1502287716&mv=m&pl=16&ip=131.159.40.117&keepalive=yes&mime=audio%2Fwebm&id=o-ABlH1FGg6_zhNC77GYWn1h6yTWkY29boFdTJcPZ8eaxa&mm=31&mn=sn-4g5e6n7r&clen=4141980&sparams=clen%2Cdur%2Cei%2Cgir%2Cid%2Cinitcwndbps%2Cip%2Cipbits%2Citag%2Ckeepalive%2Clmt%2Cmime%2Cmm%2Cmn%2Cms%2Cmv%2Cpl%2Crequiressl%2Csource%2Cexpire&initcwndbps=4307500&ipbits=0&lmt=1411456966005107&source=youtube&dur=174.801&requiressl=yes&gir=yes&signature=753600A5D3FACBF01F3115452CBAECE1D2292EAF.618CA330885AEDC0C09564CD6197FF22767FFB48&key=yt6&ratebypass=yes", "player_url": null, "ext": "webm", "format_note": "DASH audio", "acodec": "opus", "abr": 160, "filesize": 4141980, "tbr": 205.636, "fps": 1, "vcodec": "none", "format": "251 - audio only (DASH audio)", "protocol": "https", "http_headers": {"User-Agent": "Mozilla/5.0 (X11; Linux x86_64; rv:10.0) Gecko/20150101 Firefox/47.0 (Chrome)", "Accept-Charset": "ISO-8859-1,utf-8;q=0.7,*;q=0.7", "Accept": "text/html,application/xhtml+xml,application/xml;q=0.9,*/*;q=0.8", "Accept-Encoding": "gzip, deflate", "Accept-Language": "en-us,en;q=0.5"}}, {"ext": "mp4", "height": 144, "format_note": "DASH video", "vcodec": "avc1.42c00c", "format_id": "160", "url": "https://r6---sn-4g5e6n7r.googlevideo.com/videoplayback?id=534fd6f31ff7882d&itag=160&source=youtube&requiressl=yes&ms=au&mn=sn-4g5e6n7r&mv=m&mm=31&pl=16&initcwndbps=4307500&ei=2heLWe6zHob5WtqJhFg&ratebypass=yes&mime=video/mp4&gir=yes&clen=2469880&lmt=1380871879022258&dur=174.775&key=dg_yt0&signature=2FAD728F27F86C9BC4E635B49B75D5577F7FBD93.71044CF26406E59C99CACFF83C267901692308A7&mt=1502287716&ip=131.159.40.117&ipbits=0&expire=1502309434&sparams=ip,ipbits,expire,id,itag,source,requiressl,ms,mn,mv,mm,pl,initcwndbps,ei,ratebypass,mime,gir,clen,lmt,dur", "manifest_url": "https://manifest.googlevideo.com/api/manifest/dash/requiressl/yes/sparams/as%2Cei%2Chfr%2Cid%2Cinitcwndbps%2Cip%2Cipbits%2Citag%2Cmm%2Cmn%2Cms%2Cmv%2Cpl%2Cplayback_host%2Crequiressl%2Csource%2Cexpire/ip/131.159.40.117/key/yt6/itag/0/playback_host/r6---sn-4g5e6n7r.googlevideo.com/source/youtube/ms/au/hfr/1/mn/sn-4g5e6n7r/mv/m/signature/0BD76414AAB9B186CC1BA1C3861C9C74231AA07A.550079F83D6A03299EEB379EDF205E78EE1DFD14/mm/31/pl/16/id/534fd6f31ff7882d/as/fmp4_audio_clear%2Cfmp4_sd_hd_clear/initcwndbps/4307500/expire/1502309434/mt/1502287716/ipbits/0/ei/2heLWe6zHob5WtqJhFg", "width": 192, "tbr": 115.919, "asr": null, "fps": 15, "language": null, "filesize": 2469880, "acodec": "none", "format": "160 - 192x144 (DASH video)", "protocol": "https", "http_headers": {"User-Agent": "Mozilla/5.0 (X11; Linux x86_64; rv:10.0) Gecko/20150101 Firefox/47.0 (Chrome)", "Accept-Charset": "ISO-8859-1,utf-8;q=0.7,*;q=0.7", "Accept": "text/html,application/xhtml+xml,application/xml;q=0.9,*/*;q=0.8", "Accept-Encoding": "gzip, deflate", "Accept-Language": "en-us,en;q=0.5"}}, {"ext": "mp4", "height": 240, "format_note": "DASH video", "vcodec": "avc1.4d400d", "format_id": "133", "url": "https://r6---sn-4g5e6n7r.googlevideo.com/videoplayback?id=534fd6f31ff7882d&itag=133&source=youtube&requiressl=yes&ms=au&mn=sn-4g5e6n7r&mv=m&mm=31&pl=16&initcwndbps=4307500&ei=2heLWe6zHob5WtqJhFg&ratebypass=yes&mime=video/mp4&gir=yes&clen=5339347&lmt=1380871882047340&dur=174.775&key=dg_yt0&signature=3B0494479FF3D5FB759E9E0BDFDA99E56253E91D.7DEB9C0FC42CA1BB0CD03AAEE622E0F33B876201&mt=1502287716&ip=131.159.40.117&ipbits=0&expire=1502309434&sparams=ip,ipbits,expire,id,itag,source,requiressl,ms,mn,mv,mm,pl,initcwndbps,ei,ratebypass,mime,gir,clen,lmt,dur", "manifest_url": "https://manifest.googlevideo.com/api/manifest/dash/requiressl/yes/sparams/as%2Cei%2Chfr%2Cid%2Cinitcwndbps%2Cip%2Cipbits%2Citag%2Cmm%2Cmn%2Cms%2Cmv%2Cpl%2Cplayback_host%2Crequiressl%2Csource%2Cexpire/ip/131.159.40.117/key/yt6/itag/0/playback_host/r6---sn-4g5e6n7r.googlevideo.com/source/youtube/ms/au/hfr/1/mn/sn-4g5e6n7r/mv/m/signature/0BD76414AAB9B186CC1BA1C3861C9C74231AA07A.550079F83D6A03299EEB379EDF205E78EE1DFD14/mm/31/pl/16/id/534fd6f31ff7882d/as/fmp4_audio_clear%2Cfmp4_sd_hd_clear/initcwndbps/4307500/expire/1502309434/mt/1502287716/ipbits/0/ei/2heLWe6zHob5WtqJhFg", "width": 320, "tbr": 251.06, "asr": null, "fps": 30, "language": null, "filesize": 5339347, "acodec": "none", "format": "133 - 320x240 (DASH video)", "protocol": "https", "http_headers": {"User-Agent": "Mozilla/5.0 (X11; Linux x86_64; rv:10.0) Gecko/20150101 Firefox/47.0 (Chrome)", "Accept-Charset": "ISO-8859-1,utf-8;q=0.7,*;q=0.7", "Accept": "text/html,application/xhtml+xml,application/xml;q=0.9,*/*;q=0.8", "Accept-Encoding": "gzip, deflate", "Accept-Language": "en-us,en;q=0.5"}}, {"ext": "mp4", "height": 360, "format_note": "DASH video", "vcodec": "avc1.4d401e", "format_id": "134", "url": "https://r6---sn-4g5e6n7r.googlevideo.com/videoplayback?id=534fd6f31ff7882d&itag=134&source=youtube&requiressl=yes&ms=au&mn=sn-4g5e6n7r&mv=m&mm=31&pl=16&initcwndbps=4307500&ei=2heLWe6zHob5WtqJhFg&ratebypass=yes&mime=video/mp4&gir=yes&clen=9076366&lmt=1380871884122024&dur=174.775&key=dg_yt0&signature=2EC0B4E0DBD937F5C41A5138AE657F621C2BC9E8.41F4EADCC2711F14B0A37304082F378A9C632B3E&mt=1502287716&ip=131.159.40.117&ipbits=0&expire=1502309434&sparams=ip,ipbits,expire,id,itag,source,requiressl,ms,mn,mv,mm,pl,initcwndbps,ei,ratebypass,mime,gir,clen,lmt,dur", "manifest_url": "https://manifest.googlevideo.com/api/manifest/dash/requiressl/yes/sparams/as%2Cei%2Chfr%2Cid%2Cinitcwndbps%2Cip%2Cipbits%2Citag%2Cmm%2Cmn%2Cms%2Cmv%2Cpl%2Cplayback_host%2Crequiressl%2Csource%2Cexpire/ip/131.159.40.117/key/yt6/itag/0/playback_host/r6---sn-4g5e6n7r.googlevideo.com/source/youtube/ms/au/hfr/1/mn/sn-4g5e6n7r/mv/m/signature/0BD76414AAB9B186CC1BA1C3861C9C74231AA07A.550079F83D6A03299EEB379EDF205E78EE1DFD14/mm/31/pl/16/id/534fd6f31ff7882d/as/fmp4_audio_clear%2Cfmp4_sd_hd_clear/initcwndbps/4307500/expire/1502309434/mt/1502287716/ipbits/0/ei/2heLWe6zHob5WtqJhFg", "width": 480, "tbr": 607.293, "asr": null, "fps": 30, "language": null, "filesize": 9076366, "acodec": "none", "format": "134 - 480x360 (DASH video)", "protocol": "https", "http_headers": {"User-Agent": "Mozilla/5.0 (X11; Linux x86_64; rv:10.0) Gecko/20150101 Firefox/47.0 (Chrome)", "Accept-Charset": "ISO-8859-1,utf-8;q=0.7,*;q=0.7", "Accept": "text/html,application/xhtml+xml,application/xml;q=0.9,*/*;q=0.8", "Accept-Encoding": "gzip, deflate", "Accept-Language": "en-us,en;q=0.5"}}, {"ext": "mp4", "height": 480, "format_note": "DASH video", "vcodec": "avc1.4d401e", "format_id": "135", "url": "https://r6---sn-4g5e6n7r.googlevideo.com/videoplayback?id=534fd6f31ff7882d&itag=135&source=youtube&requiressl=yes&ms=au&mn=sn-4g5e6n7r&mv=m&mm=31&pl=16&initcwndbps=4307500&ei=2heLWe6zHob5WtqJhFg&ratebypass=yes&mime=video/mp4&gir=yes&clen=18373777&lmt=1380871899512779&dur=174.775&key=dg_yt0&signature=32E61F50D56FF3B125E9766D0A1B9C68E51A9221.83FF3D7DDB0D1AE0A5EE9BA4834646EF27FC27F5&mt=1502287716&ip=131.159.40.117&ipbits=0&expire=1502309434&sparams=ip,ipbits,expire,id,itag,source,requiressl,ms,mn,mv,mm,pl,initcwndbps,ei,ratebypass,mime,gir,clen,lmt,dur", "manifest_url": "https://manifest.googlevideo.com/api/manifest/dash/requiressl/yes/sparams/as%2Cei%2Chfr%2Cid%2Cinitcwndbps%2Cip%2Cipbits%2Citag%2Cmm%2Cmn%2Cms%2Cmv%2Cpl%2Cplayback_host%2Crequiressl%2Csource%2Cexpire/ip/131.159.40.117/key/yt6/itag/0/playback_host/r6---sn-4g5e6n7r.googlevideo.com/source/youtube/ms/au/hfr/1/mn/sn-4g5e6n7r/mv/m/signature/0BD76414AAB9B186CC1BA1C3861C9C74231AA07A.550079F83D6A03299EEB379EDF205E78EE1DFD14/mm/31/pl/16/id/534fd6f31ff7882d/as/fmp4_audio_clear%2Cfmp4_sd_hd_clear/initcwndbps/4307500/expire/1502309434/mt/1502287716/ipbits/0/ei/2heLWe6zHob5WtqJhFg", "width": 640, "tbr": 1110.404, "asr": null, "fps": 30, "language": null, "filesize": 18373777, "acodec": "none", "format": "135 - 640x480 (DASH video)", "protocol": "https", "http_headers": {"User-Agent": "Mozilla/5.0 (X11; Linux x86_64; rv:10.0) Gecko/20150101 Firefox/47.0 (Chrome)", "Accept-Charset": "ISO-8859-1,utf-8;q=0.7,*;q=0.7", "Accept": "text/html,application/xhtml+xml,application/xml;q=0.9,*/*;q=0.8", "Accept-Encoding": "gzip, deflate", "Accept-Language": "en-us,en;q=0.5"}}, {"format_id": "17", "url": "https://r6---sn-4g5e6n7r.googlevideo.com/videoplayback?itag=17&expire=1502309434&ei=2heLWcsUhuRb0fm0sAs&ms=au&mt=1502287716&mv=m&pl=16&ip=131.159.40.117&mime=video%2F3gpp&id=o-ABlH1FGg6_zhNC77GYWn1h6yTWkY29boFdTJcPZ8eaxa&mm=31&mn=sn-4g5e6n7r&clen=1814619&sparams=clen%2Cdur%2Cei%2Cgir%2Cid%2Cinitcwndbps%2Cip%2Cipbits%2Citag%2Clmt%2Cmime%2Cmm%2Cmn%2Cms%2Cmv%2Cpl%2Crequiressl%2Csource%2Cexpire&initcwndbps=4307500&ipbits=0&lmt=1315368128311751&source=youtube&dur=174.939&requiressl=yes&gir=yes&signature=2A9610DB34D07238425028FFCF5AA9CC7155E249.7F2561EBAA97EB2A8FF52DCAF41D9715E28D97&key=yt6&ratebypass=yes", "player_url": null, "ext": "3gp", "width": 176, "height": 144, "acodec": "mp4a.40.2", "abr": 24, "vcodec": "mp4v.20.3", "resolution": "176x144", "format_note": "small", "format": "17 - 176x144 (small)", "protocol": "https", "http_headers": {"User-Agent": "Mozilla/5.0 (X11; Linux x86_64; rv:10.0) Gecko/20150101 Firefox/47.0 (Chrome)", "Accept-Charset": "ISO-8859-1,utf-8;q=0.7,*;q=0.7", "Accept": "text/html,application/xhtml+xml,application/xml;q=0.9,*/*;q=0.8", "Accept-Encoding": "gzip, deflate", "Accept-Language": "en-us,en;q=0.5"}}, {"format_id": "36", "url": "https://r6---sn-4g5e6n7r.googlevideo.com/videoplayback?itag=36&expire=1502309434&ei=2heLWcsUhuRb0fm0sAs&ms=au&mt=1502287716&mv=m&pl=16&ip=131.159.40.117&mime=video%2F3gpp&id=o-ABlH1FGg6_zhNC77GYWn1h6yTWkY29boFdTJcPZ8eaxa&mm=31&mn=sn-4g5e6n7r&clen=4947239&sparams=clen%2Cdur%2Cei%2Cgir%2Cid%2Cinitcwndbps%2Cip%2Cipbits%2Citag%2Clmt%2Cmime%2Cmm%2Cmn%2Cms%2Cmv%2Cpl%2Crequiressl%2Csource%2Cexpire&initcwndbps=4307500&ipbits=0&lmt=1428428563484376&source=youtube&dur=175.032&requiressl=yes&gir=yes&signature=07540B08D1B77B75EB0D9BF68CABFB57470E2348.4B178BC4C7554097F2257A9D60F6541F0FBC255B&key=yt6&ratebypass=yes", "player_url": null, "ext": "3gp", "width": 320, "acodec": "mp4a.40.2", "vcodec": "mp4v.20.3", "resolution": "320x240", "height": 240, "format_note": "small", "format": "36 - 320x240 (small)", "protocol": "https", "http_headers": {"User-Agent": "Mozilla/5.0 (X11; Linux x86_64; rv:10.0) Gecko/20150101 Firefox/47.0 (Chrome)", "Accept-Charset": "ISO-8859-1,utf-8;q=0.7,*;q=0.7", "Accept": "text/html,application/xhtml+xml,application/xml;q=0.9,*/*;q=0.8", "Accept-Encoding": "gzip, deflate", "Accept-Language": "en-us,en;q=0.5"}}, {"format_id": "18", "url": "https://r6---sn-4g5e6n7r.googlevideo.com/videoplayback?itag=18&expire=1502309434&ratebypass=yes&ei=2heLWcsUhuRb0fm0sAs&ms=au&mt=1502287716&mv=m&pl=16&ip=131.159.40.117&mime=video%2Fmp4&id=o-ABlH1FGg6_zhNC77GYWn1h6yTWkY29boFdTJcPZ8eaxa&mm=31&mn=sn-4g5e6n7r&clen=12631596&sparams=clen%2Cdur%2Cei%2Cgir%2Cid%2Cinitcwndbps%2Cip%2Cipbits%2Citag%2Clmt%2Cmime%2Cmm%2Cmn%2Cms%2Cmv%2Cpl%2Cratebypass%2Crequiressl%2Csource%2Cexpire&initcwndbps=4307500&ipbits=0&lmt=1315368104850777&source=youtube&dur=174.808&requiressl=yes&gir=yes&signature=708E2518B5BEE7087353433E53CFA8521D4CD7C9.08251C5B40C31C1295C701DBB7964DD0F1580749&key=yt6", "player_url": null, "ext": "mp4", "width": 480, "height": 360, "acodec": "mp4a.40.2", "abr": 96, "vcodec": "avc1.42001E", "resolution": "480x360", "format_note": "medium", "format": "18 - 480x360 (medium)", "protocol": "https", "http_headers": {"User-Agent": "Mozilla/5.0 (X11; Linux x86_64; rv:10.0) Gecko/20150101 Firefox/47.0 (Chrome)", "Accept-Charset": "ISO-8859-1,utf-8;q=0.7,*;q=0.7", "Accept": "text/html,application/xhtml+xml,application/xml;q=0.9,*/*;q=0.8", "Accept-Encoding": "gzip, deflate", "Accept-Language": "en-us,en;q=0.5"}}, {"format_id": "43", "url": "https://r6---sn-4g5e6n7r.googlevideo.com/videoplayback?itag=43&expire=1502309434&ratebypass=yes&ei=2heLWcsUhuRb0fm0sAs&ms=au&mt=1502287716&mv=m&pl=16&ip=131.159.40.117&mime=video%2Fwebm&id=o-ABlH1FGg6_zhNC77GYWn1h6yTWkY29boFdTJcPZ8eaxa&mm=31&mn=sn-4g5e6n7r&clen=19715399&sparams=clen%2Cdur%2Cei%2Cgir%2Cid%2Cinitcwndbps%2Cip%2Cipbits%2Citag%2Clmt%2Cmime%2Cmm%2Cmn%2Cms%2Cmv%2Cpl%2Cratebypass%2Crequiressl%2Csource%2Cexpire&initcwndbps=4307500&ipbits=0&lmt=1315394542643005&source=youtube&dur=0.000&requiressl=yes&gir=yes&signature=94E8690CA8B91156966802E0141302DEE569BDE9.466352DC86499F726E4EB8019EA0ED4F82F7EA3A&key=yt6", "player_url": null, "ext": "webm", "width": 640, "height": 360, "acodec": "vorbis", "abr": 128, "vcodec": "vp8.0", "resolution": "640x360", "format_note": "medium", "format": "43 - 640x360 (medium)", "protocol": "https", "http_headers": {"User-Agent": "Mozilla/5.0 (X11; Linux x86_64; rv:10.0) Gecko/20150101 Firefox/47.0 (Chrome)", "Accept-Charset": "ISO-8859-1,utf-8;q=0.7,*;q=0.7", "Accept": "text/html,application/xhtml+xml,application/xml;q=0.9,*/*;q=0.8", "Accept-Encoding": "gzip, deflate", "Accept-Language": "en-us,en;q=0.5"}}], "is_live": null, "start_time": null, "end_time": null, "series": null, "season_number": null, "episode_number": null, "extractor": "youtube", "webpage_url_basename": "U0_W8x_3iC0", "extractor_key": "Youtube", "playlist": null, "playlist_index": null, "thumbnails": [{"url": "https://i.ytimg.com/vi/U0_W8x_3iC0/hqdefault.jpg", "id": "0"}], "display_id": "U0_W8x_3iC0", "ext": "mp4", "height": 480, "format_note": "DASH video", "vcodec": "avc1.4d401e", "format_id": "135", "url": "https://r6---sn-4g5e6n7r.googlevideo.com/videoplayback?id=534fd6f31ff7882d&itag=135&source=youtube&requiressl=yes&ms=au&mn=sn-4g5e6n7r&mv=m&mm=31&pl=16&initcwndbps=4307500&ei=2heLWe6zHob5WtqJhFg&ratebypass=yes&mime=video/mp4&gir=yes&clen=18373777&lmt=1380871899512779&dur=174.775&key=dg_yt0&signature=32E61F50D56FF3B125E9766D0A1B9C68E51A9221.83FF3D7DDB0D1AE0A5EE9BA4834646EF27FC27F5&mt=1502287716&ip=131.159.40.117&ipbits=0&expire=1502309434&sparams=ip,ipbits,expire,id,itag,source,requiressl,ms,mn,mv,mm,pl,initcwndbps,ei,ratebypass,mime,gir,clen,lmt,dur", "manifest_url": "https://manifest.googlevideo.com/api/manifest/dash/requiressl/yes/sparams/as%2Cei%2Chfr%2Cid%2Cinitcwndbps%2Cip%2Cipbits%2Citag%2Cmm%2Cmn%2Cms%2Cmv%2Cpl%2Cplayback_host%2Crequiressl%2Csource%2Cexpire/ip/131.159.40.117/key/yt6/itag/0/playback_host/r6---sn-4g5e6n7r.googlevideo.com/source/youtube/ms/au/hfr/1/mn/sn-4g5e6n7r/mv/m/signature/0BD76414AAB9B186CC1BA1C3861C9C74231AA07A.550079F83D6A03299EEB379EDF205E78EE1DFD14/mm/31/pl/16/id/534fd6f31ff7882d/as/fmp4_audio_clear%2Cfmp4_sd_hd_clear/initcwndbps/4307500/expire/1502309434/mt/1502287716/ipbits/0/ei/2heLWe6zHob5WtqJhFg", "width": 640, "tbr": 1110.404, "asr": null, "fps": 30, "language": null, "filesize": 18373777, "acodec": "none", "format": "135 - 640x480 (DASH video)", "protocol": "https", "http_headers": {"User-Agent": "Mozilla/5.0 (X11; Linux x86_64; rv:10.0) Gecko/20150101 Firefox/47.0 (Chrome)", "Accept-Charset": "ISO-8859-1,utf-8;q=0.7,*;q=0.7", "Accept": "text/html,application/xhtml+xml,application/xml;q=0.9,*/*;q=0.8", "Accept-Encoding": "gzip, deflate", "Accept-Language": "en-us,en;q=0.5"}, "fulltitle": "First Day of Teachers' Job Action", "_filename": "U0_W8x_3iC0.mp4"}