{"id": "Amk1PGyr3Gc", "uploader": "MaxComm Radio Montr\u00e9al Taxim\u00e8tre", "uploader_id": "MaxcommRadio", "uploader_url": "http://www.youtube.com/user/MaxcommRadio", "upload_date": "20131123", "license": "Standard YouTube License", "creator": null, "title": "Meurtre crapuleux d'un chauffeur de taxi. La communaut\u00e9 se mobilise pour sa veuve TVA Nouvelles", "alt_title": null, "thumbnail": "https://i.ytimg.com/vi/Amk1PGyr3Gc/hqdefault.jpg", "description": "La situation de la veuve du chauffeur de taxi abattu froidement cette semaine \u00e0 Montr\u00e9al a touch\u00e9 le c\u0153ur des gens et des confr\u00e8res de son d\u00e9funt mari ont d\u00e9cid\u00e9 d'organiser une collecte de fonds pour lui venir en aide. http://bit.ly/1bLVdVI", "categories": ["News & Politics"], "tags": ["taxi", "taxi montreal", "taxi diamond", "dory saliba", "ziad bouzid", "taxi camera", "taxi safety", "denis laram\u00e9e"], "subtitles": {}, "automatic_captions": {}, "duration": 350, "age_limit": 0, "annotations": null, "chapters": null, "webpage_url": "https://www.youtube.com/watch?v=Amk1PGyr3Gc", "view_count": 2258, "like_count": 5, "dislike_count": 0, "average_rating": 5.0, "formats": [{"ext": "m4a", "format_note": "DASH audio", "acodec": "mp4a.40.5", "abr": 48, "container": "m4a_dash", "format_id": "139", "url": "https://r2---sn-4g5ednek.googlevideo.com/videoplayback?id=0269353c6cabdc67&itag=139&source=youtube&requiressl=yes&mn=sn-4g5ednek&mm=31&initcwndbps=3131250&ms=au&ei=_4WLWd29H9aRWtiijYAL&mv=m&pl=21&ratebypass=yes&mime=audio/mp4&gir=yes&clen=2081763&lmt=1385276350023105&dur=349.971&key=dg_yt0&signature=4172759A47C44B122A846566F44186F4B1CAA161.080DBF0EA6BC2C82251BB55A2D8A522A38CACAC4&mt=1502315892&ip=131.159.40.117&ipbits=0&expire=1502337631&sparams=ip,ipbits,expire,id,itag,source,requiressl,mn,mm,initcwndbps,ms,ei,mv,pl,ratebypass,mime,gir,clen,lmt,dur", "manifest_url": "https://manifest.googlevideo.com/api/manifest/dash/playback_host/r2---sn-4g5ednek.googlevideo.com/expire/1502337631/mn/sn-4g5ednek/source/youtube/hfr/1/mm/31/ipbits/0/initcwndbps/3131250/ip/131.159.40.117/key/yt6/requiressl/yes/itag/0/as/fmp4_audio_clear%2Cfmp4_sd_hd_clear/signature/3D3465E2D2D72279A63BEFE6A343473DF9980BCC.40F961113B192672CBADECB6390DCCB9BE4D19D8/ms/au/id/0269353c6cabdc67/ei/_4WLWd29H9aRWtiijYAL/mv/m/pl/21/mt/1502315892/sparams/as%2Cei%2Chfr%2Cid%2Cinitcwndbps%2Cip%2Cipbits%2Citag%2Cmm%2Cmn%2Cms%2Cmv%2Cpl%2Cplayback_host%2Crequiressl%2Csource%2Cexpire", "width": null, "height": null, "tbr": 48.757, "asr": 22050, "fps": null, "language": null, "filesize": 2081763, "vcodec": "none", "format": "139 - audio only (DASH audio)", "protocol": "https", "http_headers": {"User-Agent": "Mozilla/5.0 (X11; Linux x86_64; rv:10.0) Gecko/20150101 Firefox/47.0 (Chrome)", "Accept-Charset": "ISO-8859-1,utf-8;q=0.7,*;q=0.7", "Accept": "text/html,application/xhtml+xml,application/xml;q=0.9,*/*;q=0.8", "Accept-Encoding": "gzip, deflate", "Accept-Language": "en-us,en;q=0.5"}}, {"format_id": "249", "url": "https://r2---sn-4g5ednek.googlevideo.com/videoplayback?itag=249&ipbits=0&signature=5DC810241D4620854C43DC69DF4214450CFEC915.782A47397BCA6FBA7EDFF7FBFB7AE13FE2098921&keepalive=yes&source=youtube&ms=au&mt=1502315892&mv=m&mm=31&mn=sn-4g5ednek&clen=2227853&requiressl=yes&key=yt6&lmt=1426209983075574&id=o-AE2IRTMhSnL52V-gw2g38S9LrkGze1ZesTwi_T0yYGBp&ei=_4WLWa_2A8GrWZalltgJ&initcwndbps=3131250&sparams=clen%2Cdur%2Cei%2Cgir%2Cid%2Cinitcwndbps%2Cip%2Cipbits%2Citag%2Ckeepalive%2Clmt%2Cmime%2Cmm%2Cmn%2Cms%2Cmv%2Cpl%2Crequiressl%2Csource%2Cexpire&ip=131.159.40.117&dur=349.841&expire=1502337631&pl=21&gir=yes&mime=audio%2Fwebm&ratebypass=yes", "player_url": null, "ext": "webm", "format_note": "DASH audio", "acodec": "opus", "abr": 50, "filesize": 2227853, "tbr": 52.64, "vcodec": "none", "format": "249 - audio only (DASH audio)", "protocol": "https", "http_headers": {"User-Agent": "Mozilla/5.0 (X11; Linux x86_64; rv:10.0) Gecko/20150101 Firefox/47.0 (Chrome)", "Accept-Charset": "ISO-8859-1,utf-8;q=0.7,*;q=0.7", "Accept": "text/html,application/xhtml+xml,application/xml;q=0.9,*/*;q=0.8", "Accept-Encoding": "gzip, deflate", "Accept-Language": "en-us,en;q=0.5"}}, {"format_id": "250", "url": "https://r2---sn-4g5ednek.googlevideo.com/videoplayback?itag=250&ipbits=0&signature=1CF332CB9ACD6FBA0401FC134CEF1B723CEE44F0.43B837C0EC385335B78738CE3CF79D4D9DA335E2&keepalive=yes&source=youtube&ms=au&mt=1502315892&mv=m&mm=31&mn=sn-4g5ednek&clen=3188568&requiressl=yes&key=yt6&lmt=1426209965246190&id=o-AE2IRTMhSnL52V-gw2g38S9LrkGze1ZesTwi_T0yYGBp&ei=_4WLWa_2A8GrWZalltgJ&initcwndbps=3131250&sparams=clen%2Cdur%2Cei%2Cgir%2Cid%2Cinitcwndbps%2Cip%2Cipbits%2Citag%2Ckeepalive%2Clmt%2Cmime%2Cmm%2Cmn%2Cms%2Cmv%2Cpl%2Crequiressl%2Csource%2Cexpire&ip=131.159.40.117&dur=349.841&expire=1502337631&pl=21&gir=yes&mime=audio%2Fwebm&ratebypass=yes", "player_url": null, "ext": "webm", "format_note": "DASH audio", "acodec": "opus", "abr": 70, "filesize": 3188568, "tbr": 82.238, "vcodec": "none", "format": "250 - audio only (DASH audio)", "protocol": "https", "http_headers": {"User-Agent": "Mozilla/5.0 (X11; Linux x86_64; rv:10.0) Gecko/20150101 Firefox/47.0 (Chrome)", "Accept-Charset": "ISO-8859-1,utf-8;q=0.7,*;q=0.7", "Accept": "text/html,application/xhtml+xml,application/xml;q=0.9,*/*;q=0.8", "Accept-Encoding": "gzip, deflate", "Accept-Language": "en-us,en;q=0.5"}}, {"format_id": "171", "url": "https://r2---sn-4g5ednek.googlevideo.com/videoplayback?itag=171&ipbits=0&signature=906A48707D59A44C263A0F46CE0BAEDF04B636F1.84E380CF69E781E97F4AE2746459ECFD4AD3AFA9&keepalive=yes&source=youtube&ms=au&mt=1502315892&mv=m&mm=31&mn=sn-4g5ednek&clen=4439726&requiressl=yes&key=yt6&lmt=1426209975000207&id=o-AE2IRTMhSnL52V-gw2g38S9LrkGze1ZesTwi_T0yYGBp&ei=_4WLWa_2A8GrWZalltgJ&initcwndbps=3131250&sparams=clen%2Cdur%2Cei%2Cgir%2Cid%2Cinitcwndbps%2Cip%2Cipbits%2Citag%2Ckeepalive%2Clmt%2Cmime%2Cmm%2Cmn%2Cms%2Cmv%2Cpl%2Crequiressl%2Csource%2Cexpire&ip=131.159.40.117&dur=349.822&expire=1502337631&pl=21&gir=yes&mime=audio%2Fwebm&ratebypass=yes", "player_url": null, "ext": "webm", "acodec": "vorbis", "format_note": "DASH audio", "abr": 128, "filesize": 4439726, "tbr": 107.825, "vcodec": "none", "format": "171 - audio only (DASH audio)", "protocol": "https", "http_headers": {"User-Agent": "Mozilla/5.0 (X11; Linux x86_64; rv:10.0) Gecko/20150101 Firefox/47.0 (Chrome)", "Accept-Charset": "ISO-8859-1,utf-8;q=0.7,*;q=0.7", "Accept": "text/html,application/xhtml+xml,application/xml;q=0.9,*/*;q=0.8", "Accept-Encoding": "gzip, deflate", "Accept-Language": "en-us,en;q=0.5"}}, {"ext": "m4a", "format_note": "DASH audio", "acodec": "mp4a.40.2", "abr": 128, "container": "m4a_dash", "format_id": "140", "url": "https://r2---sn-4g5ednek.googlevideo.com/videoplayback?id=0269353c6cabdc67&itag=140&source=youtube&requiressl=yes&mn=sn-4g5ednek&mm=31&initcwndbps=3131250&ms=au&ei=_4WLWd29H9aRWtiijYAL&mv=m&pl=21&ratebypass=yes&mime=audio/mp4&gir=yes&clen=5557780&lmt=1385276347748593&dur=349.901&key=dg_yt0&signature=57B6826705CC247E287C9EF49F5218B3CFB2CC10.7A1AE1EE876E691968D9F63E3D72DBCC63AA60F0&mt=1502315892&ip=131.159.40.117&ipbits=0&expire=1502337631&sparams=ip,ipbits,expire,id,itag,source,requiressl,mn,mm,initcwndbps,ms,ei,mv,pl,ratebypass,mime,gir,clen,lmt,dur", "manifest_url": "https://manifest.googlevideo.com/api/manifest/dash/playback_host/r2---sn-4g5ednek.googlevideo.com/expire/1502337631/mn/sn-4g5ednek/source/youtube/hfr/1/mm/31/ipbits/0/initcwndbps/3131250/ip/131.159.40.117/key/yt6/requiressl/yes/itag/0/as/fmp4_audio_clear%2Cfmp4_sd_hd_clear/signature/3D3465E2D2D72279A63BEFE6A343473DF9980BCC.40F961113B192672CBADECB6390DCCB9BE4D19D8/ms/au/id/0269353c6cabdc67/ei/_4WLWd29H9aRWtiijYAL/mv/m/pl/21/mt/1502315892/sparams/as%2Cei%2Chfr%2Cid%2Cinitcwndbps%2Cip%2Cipbits%2Citag%2Cmm%2Cmn%2Cms%2Cmv%2Cpl%2Cplayback_host%2Crequiressl%2Csource%2Cexpire", "width": null, "height": null, "tbr": 128.167, "asr": 44100, "fps": null, "language": null, "filesize": 5557780, "vcodec": "none", "format": "140 - audio only (DASH audio)", "protocol": "https", "http_headers": {"User-Agent": "Mozilla/5.0 (X11; Linux x86_64; rv:10.0) Gecko/20150101 Firefox/47.0 (Chrome)", "Accept-Charset": "ISO-8859-1,utf-8;q=0.7,*;q=0.7", "Accept": "text/html,application/xhtml+xml,application/xml;q=0.9,*/*;q=0.8", "Accept-Encoding": "gzip, deflate", "Accept-Language": "en-us,en;q=0.5"}}, {"format_id": "251", "url": "https://r2---sn-4g5ednek.googlevideo.com/videoplayback?itag=251&ipbits=0&signature=798B223173EC8C3FE21580B1685CF270171B5C23.87731A0EBE500C6F13C2BFD8B45FB7196BD5BE02&keepalive=yes&source=youtube&ms=au&mt=1502315892&mv=m&mm=31&mn=sn-4g5ednek&clen=8014335&requiressl=yes&key=yt6&lmt=1426209964902941&id=o-AE2IRTMhSnL52V-gw2g38S9LrkGze1ZesTwi_T0yYGBp&ei=_4WLWa_2A8GrWZalltgJ&initcwndbps=3131250&sparams=clen%2Cdur%2Cei%2Cgir%2Cid%2Cinitcwndbps%2Cip%2Cipbits%2Citag%2Ckeepalive%2Clmt%2Cmime%2Cmm%2Cmn%2Cms%2Cmv%2Cpl%2Crequiressl%2Csource%2Cexpire&ip=131.159.40.117&dur=349.841&expire=1502337631&pl=21&gir=yes&mime=audio%2Fwebm&ratebypass=yes", "player_url": null, "ext": "webm", "format_note": "DASH audio", "acodec": "opus", "abr": 160, "filesize": 8014335, "tbr": 196.369, "vcodec": "none", "format": "251 - audio only (DASH audio)", "protocol": "https", "http_headers": {"User-Agent": "Mozilla/5.0 (X11; Linux x86_64; rv:10.0) Gecko/20150101 Firefox/47.0 (Chrome)", "Accept-Charset": "ISO-8859-1,utf-8;q=0.7,*;q=0.7", "Accept": "text/html,application/xhtml+xml,application/xml;q=0.9,*/*;q=0.8", "Accept-Encoding": "gzip, deflate", "Accept-Language": "en-us,en;q=0.5"}}, {"format_id": "278", "url": "https://r2---sn-4g5ednek.googlevideo.com/videoplayback?itag=278&ipbits=0&signature=D8BEEF22B53180CD5F19F3AC98E0E92E6D4E1A91.828B6C9E1E591BE1181C2F52A860970477A2EFFC&keepalive=yes&source=youtube&ms=au&mt=1502315892&mv=m&mm=31&mn=sn-4g5ednek&clen=3831047&requiressl=yes&key=yt6&lmt=1426210051948248&id=o-AE2IRTMhSnL52V-gw2g38S9LrkGze1ZesTwi_T0yYGBp&ei=_4WLWa_2A8GrWZalltgJ&initcwndbps=3131250&sparams=clen%2Cdur%2Cei%2Cgir%2Cid%2Cinitcwndbps%2Cip%2Cipbits%2Citag%2Ckeepalive%2Clmt%2Cmime%2Cmm%2Cmn%2Cms%2Cmv%2Cpl%2Crequiressl%2Csource%2Cexpire&ip=131.159.40.117&dur=349.840&expire=1502337631&pl=21&gir=yes&mime=video%2Fwebm&ratebypass=yes", "player_url": null, "ext": "webm", "height": 144, "format_note": "144p", "container": "webm", "vcodec": "vp9", "filesize": 3831047, "tbr": 101.576, "width": 256, "fps": 13, "acodec": "none", "format": "278 - 256x144 (144p)", "protocol": "https", "http_headers": {"User-Agent": "Mozilla/5.0 (X11; Linux x86_64; rv:10.0) Gecko/20150101 Firefox/47.0 (Chrome)", "Accept-Charset": "ISO-8859-1,utf-8;q=0.7,*;q=0.7", "Accept": "text/html,application/xhtml+xml,application/xml;q=0.9,*/*;q=0.8", "Accept-Encoding": "gzip, deflate", "Accept-Language": "en-us,en;q=0.5"}}, {"ext": "mp4", "height": 144, "format_note": "DASH video", "vcodec": "avc1.42c00c", "format_id": "160", "url": "https://r2---sn-4g5ednek.googlevideo.com/videoplayback?id=0269353c6cabdc67&itag=160&source=youtube&requiressl=yes&mn=sn-4g5ednek&mm=31&initcwndbps=3131250&ms=au&ei=_4WLWd29H9aRWtiijYAL&mv=m&pl=21&ratebypass=yes&mime=video/mp4&gir=yes&clen=4851849&lmt=1385276350023554&dur=349.800&key=dg_yt0&signature=3BB4CEF4385513A92EF05AC1A53357394BCF621C.3AF7F24E9F077473AD531A418562FC2566B3439C&mt=1502315892&ip=131.159.40.117&ipbits=0&expire=1502337631&sparams=ip,ipbits,expire,id,itag,source,requiressl,mn,mm,initcwndbps,ms,ei,mv,pl,ratebypass,mime,gir,clen,lmt,dur", "manifest_url": "https://manifest.googlevideo.com/api/manifest/dash/playback_host/r2---sn-4g5ednek.googlevideo.com/expire/1502337631/mn/sn-4g5ednek/source/youtube/hfr/1/mm/31/ipbits/0/initcwndbps/3131250/ip/131.159.40.117/key/yt6/requiressl/yes/itag/0/as/fmp4_audio_clear%2Cfmp4_sd_hd_clear/signature/3D3465E2D2D72279A63BEFE6A343473DF9980BCC.40F961113B192672CBADECB6390DCCB9BE4D19D8/ms/au/id/0269353c6cabdc67/ei/_4WLWd29H9aRWtiijYAL/mv/m/pl/21/mt/1502315892/sparams/as%2Cei%2Chfr%2Cid%2Cinitcwndbps%2Cip%2Cipbits%2Citag%2Cmm%2Cmn%2Cms%2Cmv%2Cpl%2Cplayback_host%2Crequiressl%2Csource%2Cexpire", "width": 256, "tbr": 113.882, "asr": null, "fps": 15, "language": null, "filesize": 4851849, "acodec": "none", "format": "160 - 256x144 (DASH video)", "protocol": "https", "http_headers": {"User-Agent": "Mozilla/5.0 (X11; Linux x86_64; rv:10.0) Gecko/20150101 Firefox/47.0 (Chrome)", "Accept-Charset": "ISO-8859-1,utf-8;q=0.7,*;q=0.7", "Accept": "text/html,application/xhtml+xml,application/xml;q=0.9,*/*;q=0.8", "Accept-Encoding": "gzip, deflate", "Accept-Language": "en-us,en;q=0.5"}}, {"format_id": "242", "url": "https://r2---sn-4g5ednek.googlevideo.com/videoplayback?itag=242&ipbits=0&signature=1EC23E271D48BC04D7D9954C51402C4846A0C64B.6296718EED59FD1BEE7E03559A9D637E296117E7&keepalive=yes&source=youtube&ms=au&mt=1502315892&mv=m&mm=31&mn=sn-4g5ednek&clen=5671585&requiressl=yes&key=yt6&lmt=1426209995836748&id=o-AE2IRTMhSnL52V-gw2g38S9LrkGze1ZesTwi_T0yYGBp&ei=_4WLWa_2A8GrWZalltgJ&initcwndbps=3131250&sparams=clen%2Cdur%2Cei%2Cgir%2Cid%2Cinitcwndbps%2Cip%2Cipbits%2Citag%2Ckeepalive%2Clmt%2Cmime%2Cmm%2Cmn%2Cms%2Cmv%2Cpl%2Crequiressl%2Csource%2Cexpire&ip=131.159.40.117&dur=349.800&expire=1502337631&pl=21&gir=yes&mime=video%2Fwebm&ratebypass=yes", "player_url": null, "ext": "webm", "height": 240, "format_note": "240p", "vcodec": "vp9", "filesize": 5671585, "tbr": 196.881, "width": 426, "fps": 25, "acodec": "none", "format": "242 - 426x240 (240p)", "protocol": "https", "http_headers": {"User-Agent": "Mozilla/5.0 (X11; Linux x86_64; rv:10.0) Gecko/20150101 Firefox/47.0 (Chrome)", "Accept-Charset": "ISO-8859-1,utf-8;q=0.7,*;q=0.7", "Accept": "text/html,application/xhtml+xml,application/xml;q=0.9,*/*;q=0.8", "Accept-Encoding": "gzip, deflate", "Accept-Language": "en-us,en;q=0.5"}}, {"ext": "mp4", "height": 240, "format_note": "DASH video", "vcodec": "avc1.4d4015", "format_id": "133", "url": "https://r2---sn-4g5ednek.googlevideo.com/videoplayback?id=0269353c6cabdc67&itag=133&source=youtube&requiressl=yes&mn=sn-4g5ednek&mm=31&initcwndbps=3131250&ms=au&ei=_4WLWd29H9aRWtiijYAL&mv=m&pl=21&ratebypass=yes&mime=video/mp4&gir=yes&clen=10719144&lmt=1385276350022524&dur=349.800&key=dg_yt0&signature=5DF081C2725FE387F5E685E3915DEC45ABC0FFFC.84F7E1BBE085A8F12B22AC891B2FDCFA0D2BD66A&mt=1502315892&ip=131.159.40.117&ipbits=0&expire=1502337631&sparams=ip,ipbits,expire,id,itag,source,requiressl,mn,mm,initcwndbps,ms,ei,mv,pl,ratebypass,mime,gir,clen,lmt,dur", "manifest_url": "https://manifest.googlevideo.com/api/manifest/dash/playback_host/r2---sn-4g5ednek.googlevideo.com/expire/1502337631/mn/sn-4g5ednek/source/youtube/hfr/1/mm/31/ipbits/0/initcwndbps/3131250/ip/131.159.40.117/key/yt6/requiressl/yes/itag/0/as/fmp4_audio_clear%2Cfmp4_sd_hd_clear/signature/3D3465E2D2D72279A63BEFE6A343473DF9980BCC.40F961113B192672CBADECB6390DCCB9BE4D19D8/ms/au/id/0269353c6cabdc67/ei/_4WLWd29H9aRWtiijYAL/mv/m/pl/21/mt/1502315892/sparams/as%2Cei%2Chfr%2Cid%2Cinitcwndbps%2Cip%2Cipbits%2Citag%2Cmm%2Cmn%2Cms%2Cmv%2Cpl%2Cplayback_host%2Crequiressl%2Csource%2Cexpire", "width": 426, "tbr": 250.857, "asr": null, "fps": 25, "language": null, "filesize": 10719144, "acodec": "none", "format": "133 - 426x240 (DASH video)", "protocol": "https", "http_headers": {"User-Agent": "Mozilla/5.0 (X11; Linux x86_64; rv:10.0) Gecko/20150101 Firefox/47.0 (Chrome)", "Accept-Charset": "ISO-8859-1,utf-8;q=0.7,*;q=0.7", "Accept": "text/html,application/xhtml+xml,application/xml;q=0.9,*/*;q=0.8", "Accept-Encoding": "gzip, deflate", "Accept-Language": "en-us,en;q=0.5"}}, {"format_id": "243", "url": "https://r2---sn-4g5ednek.googlevideo.com/videoplayback?itag=243&ipbits=0&signature=39B60C3659D02887544A9A1DDC2652614A43B424.52DB581DC12B3C885D2C49DB02D4A87BCF0AE0A7&keepalive=yes&source=youtube&ms=au&mt=1502315892&mv=m&mm=31&mn=sn-4g5ednek&clen=10187510&requiressl=yes&key=yt6&lmt=1426210034559427&id=o-AE2IRTMhSnL52V-gw2g38S9LrkGze1ZesTwi_T0yYGBp&ei=_4WLWa_2A8GrWZalltgJ&initcwndbps=3131250&sparams=clen%2Cdur%2Cei%2Cgir%2Cid%2Cinitcwndbps%2Cip%2Cipbits%2Citag%2Ckeepalive%2Clmt%2Cmime%2Cmm%2Cmn%2Cms%2Cmv%2Cpl%2Crequiressl%2Csource%2Cexpire&ip=131.159.40.117&dur=349.800&expire=1502337631&pl=21&gir=yes&mime=video%2Fwebm&ratebypass=yes", "player_url": null, "ext": "webm", "height": 360, "format_note": "360p", "vcodec": "vp9", "filesize": 10187510, "tbr": 353.871, "width": 640, "fps": 25, "acodec": "none", "format": "243 - 640x360 (360p)", "protocol": "https", "http_headers": {"User-Agent": "Mozilla/5.0 (X11; Linux x86_64; rv:10.0) Gecko/20150101 Firefox/47.0 (Chrome)", "Accept-Charset": "ISO-8859-1,utf-8;q=0.7,*;q=0.7", "Accept": "text/html,application/xhtml+xml,application/xml;q=0.9,*/*;q=0.8", "Accept-Encoding": "gzip, deflate", "Accept-Language": "en-us,en;q=0.5"}}, {"ext": "mp4", "height": 360, "format_note": "DASH video", "vcodec": "avc1.4d401e", "format_id": "134", "url": "https://r2---sn-4g5ednek.googlevideo.com/videoplayback?id=0269353c6cabdc67&itag=134&source=youtube&requiressl=yes&mn=sn-4g5ednek&mm=31&initcwndbps=3131250&ms=au&ei=_4WLWd29H9aRWtiijYAL&mv=m&pl=21&ratebypass=yes&mime=video/mp4&gir=yes&clen=15164207&lmt=1385276350022880&dur=349.800&key=dg_yt0&signature=78F4286C438C149C3FD4E755BAC6512553E9F64F.3EA7C4E85C66C5544CC4CF22C555F6274AC93F92&mt=1502315892&ip=131.159.40.117&ipbits=0&expire=1502337631&sparams=ip,ipbits,expire,id,itag,source,requiressl,mn,mm,initcwndbps,ms,ei,mv,pl,ratebypass,mime,gir,clen,lmt,dur", "manifest_url": "https://manifest.googlevideo.com/api/manifest/dash/playback_host/r2---sn-4g5ednek.googlevideo.com/expire/1502337631/mn/sn-4g5ednek/source/youtube/hfr/1/mm/31/ipbits/0/initcwndbps/3131250/ip/131.159.40.117/key/yt6/requiressl/yes/itag/0/as/fmp4_audio_clear%2Cfmp4_sd_hd_clear/signature/3D3465E2D2D72279A63BEFE6A343473DF9980BCC.40F961113B192672CBADECB6390DCCB9BE4D19D8/ms/au/id/0269353c6cabdc67/ei/_4WLWd29H9aRWtiijYAL/mv/m/pl/21/mt/1502315892/sparams/as%2Cei%2Chfr%2Cid%2Cinitcwndbps%2Cip%2Cipbits%2Citag%2Cmm%2Cmn%2Cms%2Cmv%2Cpl%2Cplayback_host%2Crequiressl%2Csource%2Cexpire", "width": 640, "tbr": 568.112, "asr": null, "fps": 25, "language": null, "filesize": 15164207, "acodec": "none", "format": "134 - 640x360 (DASH video)", "protocol": "https", "http_headers": {"User-Agent": "Mozilla/5.0 (X11; Linux x86_64; rv:10.0) Gecko/20150101 Firefox/47.0 (Chrome)", "Accept-Charset": "ISO-8859-1,utf-8;q=0.7,*;q=0.7", "Accept": "text/html,application/xhtml+xml,application/xml;q=0.9,*/*;q=0.8", "Accept-Encoding": "gzip, deflate", "Accept-Language": "en-us,en;q=0.5"}}, {"format_id": "244", "url": "https://r2---sn-4g5ednek.googlevideo.com/videoplayback?itag=244&ipbits=0&signature=89ADCC646B39F3E8D2526844F6A3A3B16F81C0C7.7291349A38A18BC195911F464EA32EC60676C533&keepalive=yes&source=youtube&ms=au&mt=1502315892&mv=m&mm=31&mn=sn-4g5ednek&clen=17367392&requiressl=yes&key=yt6&lmt=1426210062286735&id=o-AE2IRTMhSnL52V-gw2g38S9LrkGze1ZesTwi_T0yYGBp&ei=_4WLWa_2A8GrWZalltgJ&initcwndbps=3131250&sparams=clen%2Cdur%2Cei%2Cgir%2Cid%2Cinitcwndbps%2Cip%2Cipbits%2Citag%2Ckeepalive%2Clmt%2Cmime%2Cmm%2Cmn%2Cms%2Cmv%2Cpl%2Crequiressl%2Csource%2Cexpire&ip=131.159.40.117&dur=349.800&expire=1502337631&pl=21&gir=yes&mime=video%2Fwebm&ratebypass=yes", "player_url": null, "ext": "webm", "height": 480, "format_note": "480p", "vcodec": "vp9", "filesize": 17367392, "tbr": 608.89, "width": 854, "fps": 25, "acodec": "none", "format": "244 - 854x480 (480p)", "protocol": "https", "http_headers": {"User-Agent": "Mozilla/5.0 (X11; Linux x86_64; rv:10.0) Gecko/20150101 Firefox/47.0 (Chrome)", "Accept-Charset": "ISO-8859-1,utf-8;q=0.7,*;q=0.7", "Accept": "text/html,application/xhtml+xml,application/xml;q=0.9,*/*;q=0.8", "Accept-Encoding": "gzip, deflate", "Accept-Language": "en-us,en;q=0.5"}}, {"ext": "mp4", "height": 480, "format_note": "DASH video", "vcodec": "avc1.4d401e", "format_id": "135", "url": "https://r2---sn-4g5ednek.googlevideo.com/videoplayback?id=0269353c6cabdc67&itag=135&source=youtube&requiressl=yes&mn=sn-4g5ednek&mm=31&initcwndbps=3131250&ms=au&ei=_4WLWd29H9aRWtiijYAL&mv=m&pl=21&ratebypass=yes&mime=video/mp4&gir=yes&clen=31977628&lmt=1385276353389194&dur=349.800&key=dg_yt0&signature=78649B9606D75F025074409A947AB6EE0076EC9E.4485E231FD905FD2620DB28B5433AFFDFF35C812&mt=1502315892&ip=131.159.40.117&ipbits=0&expire=1502337631&sparams=ip,ipbits,expire,id,itag,source,requiressl,mn,mm,initcwndbps,ms,ei,mv,pl,ratebypass,mime,gir,clen,lmt,dur", "manifest_url": "https://manifest.googlevideo.com/api/manifest/dash/playback_host/r2---sn-4g5ednek.googlevideo.com/expire/1502337631/mn/sn-4g5ednek/source/youtube/hfr/1/mm/31/ipbits/0/initcwndbps/3131250/ip/131.159.40.117/key/yt6/requiressl/yes/itag/0/as/fmp4_audio_clear%2Cfmp4_sd_hd_clear/signature/3D3465E2D2D72279A63BEFE6A343473DF9980BCC.40F961113B192672CBADECB6390DCCB9BE4D19D8/ms/au/id/0269353c6cabdc67/ei/_4WLWd29H9aRWtiijYAL/mv/m/pl/21/mt/1502315892/sparams/as%2Cei%2Chfr%2Cid%2Cinitcwndbps%2Cip%2Cipbits%2Citag%2Cmm%2Cmn%2Cms%2Cmv%2Cpl%2Cplayback_host%2Crequiressl%2Csource%2Cexpire", "width": 854, "tbr": 1115.773, "asr": null, "fps": 25, "language": null, "filesize": 31977628, "acodec": "none", "format": "135 - 854x480 (DASH video)", "protocol": "https", "http_headers": {"User-Agent": "Mozilla/5.0 (X11; Linux x86_64; rv:10.0) Gecko/20150101 Firefox/47.0 (Chrome)", "Accept-Charset": "ISO-8859-1,utf-8;q=0.7,*;q=0.7", "Accept": "text/html,application/xhtml+xml,application/xml;q=0.9,*/*;q=0.8", "Accept-Encoding": "gzip, deflate", "Accept-Language": "en-us,en;q=0.5"}}, {"format_id": "17", "url": "https://r2---sn-4g5ednek.googlevideo.com/videoplayback?itag=17&ipbits=0&signature=87FE717CD5D78B08279B41A652C020A514AC05BD.43DB08263C1AE08C5CC008CDA8CC53FBAC3B603B&source=youtube&ms=au&mt=1502315892&mv=m&mm=31&mn=sn-4g5ednek&clen=3626682&requiressl=yes&key=yt6&lmt=1385276410387377&id=o-AE2IRTMhSnL52V-gw2g38S9LrkGze1ZesTwi_T0yYGBp&ei=_4WLWa_2A8GrWZalltgJ&initcwndbps=3131250&sparams=clen%2Cdur%2Cei%2Cgir%2Cid%2Cinitcwndbps%2Cip%2Cipbits%2Citag%2Clmt%2Cmime%2Cmm%2Cmn%2Cms%2Cmv%2Cpl%2Crequiressl%2Csource%2Cexpire&ip=131.159.40.117&dur=350.251&expire=1502337631&pl=21&gir=yes&mime=video%2F3gpp&ratebypass=yes", "player_url": null, "ext": "3gp", "width": 176, "height": 144, "acodec": "mp4a.40.2", "abr": 24, "vcodec": "mp4v.20.3", "resolution": "176x144", "format_note": "small", "format": "17 - 176x144 (small)", "protocol": "https", "http_headers": {"User-Agent": "Mozilla/5.0 (X11; Linux x86_64; rv:10.0) Gecko/20150101 Firefox/47.0 (Chrome)", "Accept-Charset": "ISO-8859-1,utf-8;q=0.7,*;q=0.7", "Accept": "text/html,application/xhtml+xml,application/xml;q=0.9,*/*;q=0.8", "Accept-Encoding": "gzip, deflate", "Accept-Language": "en-us,en;q=0.5"}}, {"format_id": "36", "url": "https://r2---sn-4g5ednek.googlevideo.com/videoplayback?itag=36&ipbits=0&signature=3E215967E2CB0AB0583AB4AD618096B7C3007CB4.4F4F983638C1EAF451D2E968272BDA74FDF0CDD5&source=youtube&ms=au&mt=1502315892&mv=m&mm=31&mn=sn-4g5ednek&clen=10188172&requiressl=yes&key=yt6&lmt=1385276411453022&id=o-AE2IRTMhSnL52V-gw2g38S9LrkGze1ZesTwi_T0yYGBp&ei=_4WLWa_2A8GrWZalltgJ&initcwndbps=3131250&sparams=clen%2Cdur%2Cei%2Cgir%2Cid%2Cinitcwndbps%2Cip%2Cipbits%2Citag%2Clmt%2Cmime%2Cmm%2Cmn%2Cms%2Cmv%2Cpl%2Crequiressl%2Csource%2Cexpire&ip=131.159.40.117&dur=350.021&expire=1502337631&pl=21&gir=yes&mime=video%2F3gpp&ratebypass=yes", "player_url": null, "ext": "3gp", "width": 320, "acodec": "mp4a.40.2", "vcodec": "mp4v.20.3", "resolution": "320x180", "height": 180, "format_note": "small", "format": "36 - 320x180 (small)", "protocol": "https", "http_headers": {"User-Agent": "Mozilla/5.0 (X11; Linux x86_64; rv:10.0) Gecko/20150101 Firefox/47.0 (Chrome)", "Accept-Charset": "ISO-8859-1,utf-8;q=0.7,*;q=0.7", "Accept": "text/html,application/xhtml+xml,application/xml;q=0.9,*/*;q=0.8", "Accept-Encoding": "gzip, deflate", "Accept-Language": "en-us,en;q=0.5"}}, {"format_id": "43", "url": "https://r2---sn-4g5ednek.googlevideo.com/videoplayback?itag=43&ipbits=0&signature=B3F6156A766A6C09AD1405790E62E1F2877706E0.2A9D976C58FAFE0C352EF7F24478F4107284529F&source=youtube&ms=au&mt=1502315892&mv=m&mm=31&mn=sn-4g5ednek&clen=29140178&requiressl=yes&key=yt6&lmt=1385282388668327&id=o-AE2IRTMhSnL52V-gw2g38S9LrkGze1ZesTwi_T0yYGBp&ei=_4WLWa_2A8GrWZalltgJ&initcwndbps=3131250&sparams=clen%2Cdur%2Cei%2Cgir%2Cid%2Cinitcwndbps%2Cip%2Cipbits%2Citag%2Clmt%2Cmime%2Cmm%2Cmn%2Cms%2Cmv%2Cpl%2Cratebypass%2Crequiressl%2Csource%2Cexpire&ip=131.159.40.117&dur=0.000&expire=1502337631&pl=21&gir=yes&mime=video%2Fwebm&ratebypass=yes", "player_url": null, "ext": "webm", "width": 640, "height": 360, "acodec": "vorbis", "abr": 128, "vcodec": "vp8.0", "resolution": "640x360", "format_note": "medium", "format": "43 - 640x360 (medium)", "protocol": "https", "http_headers": {"User-Agent": "Mozilla/5.0 (X11; Linux x86_64; rv:10.0) Gecko/20150101 Firefox/47.0 (Chrome)", "Accept-Charset": "ISO-8859-1,utf-8;q=0.7,*;q=0.7", "Accept": "text/html,application/xhtml+xml,application/xml;q=0.9,*/*;q=0.8", "Accept-Encoding": "gzip, deflate", "Accept-Language": "en-us,en;q=0.5"}}, {"format_id": "18", "url": "https://r2---sn-4g5ednek.googlevideo.com/videoplayback?itag=18&ipbits=0&signature=329DB930689FAE8B1D0A8F6101152374BAA91B0A.B2ABCB5B52BDED46B4512C85F40F17940DD0E8A6&source=youtube&ms=au&mt=1502315892&mv=m&mm=31&mn=sn-4g5ednek&clen=19717585&requiressl=yes&key=yt6&lmt=1385276353402118&id=o-AE2IRTMhSnL52V-gw2g38S9LrkGze1ZesTwi_T0yYGBp&ei=_4WLWa_2A8GrWZalltgJ&initcwndbps=3131250&sparams=clen%2Cdur%2Cei%2Cgir%2Cid%2Cinitcwndbps%2Cip%2Cipbits%2Citag%2Clmt%2Cmime%2Cmm%2Cmn%2Cms%2Cmv%2Cpl%2Cratebypass%2Crequiressl%2Csource%2Cexpire&ip=131.159.40.117&dur=349.901&expire=1502337631&pl=21&gir=yes&mime=video%2Fmp4&ratebypass=yes", "player_url": null, "ext": "mp4", "width": 640, "height": 360, "acodec": "mp4a.40.2", "abr": 96, "vcodec": "avc1.42001E", "resolution": "640x360", "format_note": "medium", "format": "18 - 640x360 (medium)", "protocol": "https", "http_headers": {"User-Agent": "Mozilla/5.0 (X11; Linux x86_64; rv:10.0) Gecko/20150101 Firefox/47.0 (Chrome)", "Accept-Charset": "ISO-8859-1,utf-8;q=0.7,*;q=0.7", "Accept": "text/html,application/xhtml+xml,application/xml;q=0.9,*/*;q=0.8", "Accept-Encoding": "gzip, deflate", "Accept-Language": "en-us,en;q=0.5"}}], "is_live": null, "start_time": null, "end_time": null, "series": null, "season_number": null, "episode_number": null, "extractor": "youtube", "webpage_url_basename": "Amk1PGyr3Gc", "extractor_key": "Youtube", "playlist": null, "playlist_index": null, "thumbnails": [{"url": "https://i.ytimg.com/vi/Amk1PGyr3Gc/hqdefault.jpg", "id": "0"}], "display_id": "Amk1PGyr3Gc", "ext": "mp4", "height": 480, "format_note": "DASH video", "vcodec": "avc1.4d401e", "format_id": "135", "url": "https://r2---sn-4g5ednek.googlevideo.com/videoplayback?id=0269353c6cabdc67&itag=135&source=youtube&requiressl=yes&mn=sn-4g5ednek&mm=31&initcwndbps=3131250&ms=au&ei=_4WLWd29H9aRWtiijYAL&mv=m&pl=21&ratebypass=yes&mime=video/mp4&gir=yes&clen=31977628&lmt=1385276353389194&dur=349.800&key=dg_yt0&signature=78649B9606D75F025074409A947AB6EE0076EC9E.4485E231FD905FD2620DB28B5433AFFDFF35C812&mt=1502315892&ip=131.159.40.117&ipbits=0&expire=1502337631&sparams=ip,ipbits,expire,id,itag,source,requiressl,mn,mm,initcwndbps,ms,ei,mv,pl,ratebypass,mime,gir,clen,lmt,dur", "manifest_url": "https://manifest.googlevideo.com/api/manifest/dash/playback_host/r2---sn-4g5ednek.googlevideo.com/expire/1502337631/mn/sn-4g5ednek/source/youtube/hfr/1/mm/31/ipbits/0/initcwndbps/3131250/ip/131.159.40.117/key/yt6/requiressl/yes/itag/0/as/fmp4_audio_clear%2Cfmp4_sd_hd_clear/signature/3D3465E2D2D72279A63BEFE6A343473DF9980BCC.40F961113B192672CBADECB6390DCCB9BE4D19D8/ms/au/id/0269353c6cabdc67/ei/_4WLWd29H9aRWtiijYAL/mv/m/pl/21/mt/1502315892/sparams/as%2Cei%2Chfr%2Cid%2Cinitcwndbps%2Cip%2Cipbits%2Citag%2Cmm%2Cmn%2Cms%2Cmv%2Cpl%2Cplayback_host%2Crequiressl%2Csource%2Cexpire", "width": 854, "tbr": 1115.773, "asr": null, "fps": 25, "language": null, "filesize": 31977628, "acodec": "none", "format": "135 - 854x480 (DASH video)", "protocol": "https", "http_headers": {"User-Agent": "Mozilla/5.0 (X11; Linux x86_64; rv:10.0) Gecko/20150101 Firefox/47.0 (Chrome)", "Accept-Charset": "ISO-8859-1,utf-8;q=0.7,*;q=0.7", "Accept": "text/html,application/xhtml+xml,application/xml;q=0.9,*/*;q=0.8", "Accept-Encoding": "gzip, deflate", "Accept-Language": "en-us,en;q=0.5"}, "fulltitle": "Meurtre crapuleux d'un chauffeur de taxi. La communaut\u00e9 se mobilise pour sa veuve TVA Nouvelles", "_filename": "Amk1PGyr3Gc.mp4"}