{"id": "ALW9IXRMi1g", "uploader": "Elle Leary Artistry", "uploader_id": null, "uploader_url": null, "upload_date": null, "license": null, "creator": null, "title": "DIY Face Mask #1!!! -PUMPKIN!!", "alt_title": null, "thumbnail": "https://i.ytimg.com/vi/ALW9IXRMi1g/default.jpg", "description": "", "categories": null, "tags": [], "subtitles": {}, "automatic_captions": {}, "duration": 304, "age_limit": 0, "annotations": null, "chapters": null, "webpage_url": "https://www.youtube.com/watch?v=ALW9IXRMi1g", "view_count": 1443, "like_count": null, "dislike_count": null, "average_rating": 5.0, "formats": [{"ext": "m4a", "format_note": "DASH audio", "acodec": "mp4a.40.5", "abr": 48, "container": "m4a_dash", "format_id": "139", "url": "https://r3---sn-4g5e6ney.googlevideo.com/videoplayback?id=00b5bd21744c8b58&itag=139&source=youtube&requiressl=yes&pl=16&mv=m&ei=m92JWbXDEcu8Vt2DvvAP&ms=au&mn=sn-4g5e6ney&initcwndbps=4432500&mm=31&ratebypass=yes&mime=audio/mp4&gir=yes&clen=1809699&lmt=1381120250168519&dur=304.181&key=dg_yt0&signature=472F5159AE53D143842DB7BA1CCA25A0BA124E9B.80652971CB50FCCB00FF70A594C1251E511484F1&mt=1502207258&ip=131.159.40.117&ipbits=0&expire=1502228987&sparams=ip,ipbits,expire,id,itag,source,requiressl,pl,mv,ei,ms,mn,initcwndbps,mm,ratebypass,mime,gir,clen,lmt,dur", "manifest_url": "https://manifest.googlevideo.com/api/manifest/dash/requiressl/yes/sparams/as%2Cei%2Chfr%2Cid%2Cinitcwndbps%2Cip%2Cipbits%2Citag%2Cmm%2Cmn%2Cms%2Cmv%2Cpl%2Cplayback_host%2Crequiressl%2Csource%2Cexpire/pl/16/mv/m/ei/m92JWbXDEcu8Vt2DvvAP/id/00b5bd21744c8b58/ms/au/expire/1502228987/mn/sn-4g5e6ney/as/fmp4_audio_clear%2Cfmp4_sd_hd_clear/initcwndbps/4432500/ipbits/0/key/yt6/ip/131.159.40.117/signature/9543BFE177F977AB8D9544D979FAE531DA18FA0A.55E0C4AF51D3D43B845F956FC7B0468701EE79B3/source/youtube/mm/31/hfr/1/itag/0/mt/1502207258/playback_host/r3---sn-4g5e6ney.googlevideo.com", "width": null, "height": null, "tbr": 48.598, "asr": 22050, "fps": null, "language": null, "filesize": 1809699, "vcodec": "none", "format": "139 - audio only (DASH audio)", "protocol": "https", "http_headers": {"User-Agent": "Mozilla/5.0 (X11; Linux x86_64; rv:10.0) Gecko/20150101 Firefox/47.0 (Chrome)", "Accept-Charset": "ISO-8859-1,utf-8;q=0.7,*;q=0.7", "Accept": "text/html,application/xhtml+xml,application/xml;q=0.9,*/*;q=0.8", "Accept-Encoding": "gzip, deflate", "Accept-Language": "en-us,en;q=0.5"}}, {"ext": "m4a", "format_note": "DASH audio", "acodec": "mp4a.40.2", "abr": 128, "container": "m4a_dash", "format_id": "140", "url": "https://r3---sn-4g5e6ney.googlevideo.com/videoplayback?id=00b5bd21744c8b58&itag=140&source=youtube&requiressl=yes&pl=16&mv=m&ei=m92JWbXDEcu8Vt2DvvAP&ms=au&mn=sn-4g5e6ney&initcwndbps=4432500&mm=31&ratebypass=yes&mime=audio/mp4&gir=yes&clen=4830609&lmt=1381120238965260&dur=304.088&key=dg_yt0&signature=95888AAC51D1C08039E364ECE5855C3B80D8B510.64D0D55159923EFFE73CCD7DBFAA914BBB9C6E21&mt=1502207258&ip=131.159.40.117&ipbits=0&expire=1502228987&sparams=ip,ipbits,expire,id,itag,source,requiressl,pl,mv,ei,ms,mn,initcwndbps,mm,ratebypass,mime,gir,clen,lmt,dur", "manifest_url": "https://manifest.googlevideo.com/api/manifest/dash/requiressl/yes/sparams/as%2Cei%2Chfr%2Cid%2Cinitcwndbps%2Cip%2Cipbits%2Citag%2Cmm%2Cmn%2Cms%2Cmv%2Cpl%2Cplayback_host%2Crequiressl%2Csource%2Cexpire/pl/16/mv/m/ei/m92JWbXDEcu8Vt2DvvAP/id/00b5bd21744c8b58/ms/au/expire/1502228987/mn/sn-4g5e6ney/as/fmp4_audio_clear%2Cfmp4_sd_hd_clear/initcwndbps/4432500/ipbits/0/key/yt6/ip/131.159.40.117/signature/9543BFE177F977AB8D9544D979FAE531DA18FA0A.55E0C4AF51D3D43B845F956FC7B0468701EE79B3/source/youtube/mm/31/hfr/1/itag/0/mt/1502207258/playback_host/r3---sn-4g5e6ney.googlevideo.com", "width": null, "height": null, "tbr": 128.167, "asr": 44100, "fps": null, "language": null, "filesize": 4830609, "vcodec": "none", "format": "140 - audio only (DASH audio)", "protocol": "https", "http_headers": {"User-Agent": "Mozilla/5.0 (X11; Linux x86_64; rv:10.0) Gecko/20150101 Firefox/47.0 (Chrome)", "Accept-Charset": "ISO-8859-1,utf-8;q=0.7,*;q=0.7", "Accept": "text/html,application/xhtml+xml,application/xml;q=0.9,*/*;q=0.8", "Accept-Encoding": "gzip, deflate", "Accept-Language": "en-us,en;q=0.5"}}, {"ext": "mp4", "height": 144, "format_note": "DASH video", "vcodec": "avc1.42c00c", "format_id": "160", "url": "https://r3---sn-4g5e6ney.googlevideo.com/videoplayback?id=00b5bd21744c8b58&itag=160&source=youtube&requiressl=yes&pl=16&mv=m&ei=m92JWbXDEcu8Vt2DvvAP&ms=au&mn=sn-4g5e6ney&initcwndbps=4432500&mm=31&ratebypass=yes&mime=video/mp4&gir=yes&clen=4286952&lmt=1381120247560361&dur=304.004&key=dg_yt0&signature=21DE0C2995C866BD864D2B47D2D6B6450B591664.6F920C395BDB9593863461C86B799FADEE8F0669&mt=1502207258&ip=131.159.40.117&ipbits=0&expire=1502228987&sparams=ip,ipbits,expire,id,itag,source,requiressl,pl,mv,ei,ms,mn,initcwndbps,mm,ratebypass,mime,gir,clen,lmt,dur", "manifest_url": "https://manifest.googlevideo.com/api/manifest/dash/requiressl/yes/sparams/as%2Cei%2Chfr%2Cid%2Cinitcwndbps%2Cip%2Cipbits%2Citag%2Cmm%2Cmn%2Cms%2Cmv%2Cpl%2Cplayback_host%2Crequiressl%2Csource%2Cexpire/pl/16/mv/m/ei/m92JWbXDEcu8Vt2DvvAP/id/00b5bd21744c8b58/ms/au/expire/1502228987/mn/sn-4g5e6ney/as/fmp4_audio_clear%2Cfmp4_sd_hd_clear/initcwndbps/4432500/ipbits/0/key/yt6/ip/131.159.40.117/signature/9543BFE177F977AB8D9544D979FAE531DA18FA0A.55E0C4AF51D3D43B845F956FC7B0468701EE79B3/source/youtube/mm/31/hfr/1/itag/0/mt/1502207258/playback_host/r3---sn-4g5e6ney.googlevideo.com", "width": 256, "tbr": 116.354, "asr": null, "fps": 15, "language": null, "filesize": 4286952, "acodec": "none", "format": "160 - 256x144 (DASH video)", "protocol": "https", "http_headers": {"User-Agent": "Mozilla/5.0 (X11; Linux x86_64; rv:10.0) Gecko/20150101 Firefox/47.0 (Chrome)", "Accept-Charset": "ISO-8859-1,utf-8;q=0.7,*;q=0.7", "Accept": "text/html,application/xhtml+xml,application/xml;q=0.9,*/*;q=0.8", "Accept-Encoding": "gzip, deflate", "Accept-Language": "en-us,en;q=0.5"}}, {"ext": "mp4", "height": 240, "format_note": "DASH video", "vcodec": "avc1.4d4015", "format_id": "133", "url": "https://r3---sn-4g5e6ney.googlevideo.com/videoplayback?id=00b5bd21744c8b58&itag=133&source=youtube&requiressl=yes&pl=16&mv=m&ei=m92JWbXDEcu8Vt2DvvAP&ms=au&mn=sn-4g5e6ney&initcwndbps=4432500&mm=31&ratebypass=yes&mime=video/mp4&gir=yes&clen=9294673&lmt=1381120250978945&dur=304.004&key=dg_yt0&signature=6C88F017A83B6881F0123C7359504080E4828BEF.1AFB5EFD4407BB8C27BDCF982321839C77118EF9&mt=1502207258&ip=131.159.40.117&ipbits=0&expire=1502228987&sparams=ip,ipbits,expire,id,itag,source,requiressl,pl,mv,ei,ms,mn,initcwndbps,mm,ratebypass,mime,gir,clen,lmt,dur", "manifest_url": "https://manifest.googlevideo.com/api/manifest/dash/requiressl/yes/sparams/as%2Cei%2Chfr%2Cid%2Cinitcwndbps%2Cip%2Cipbits%2Citag%2Cmm%2Cmn%2Cms%2Cmv%2Cpl%2Cplayback_host%2Crequiressl%2Csource%2Cexpire/pl/16/mv/m/ei/m92JWbXDEcu8Vt2DvvAP/id/00b5bd21744c8b58/ms/au/expire/1502228987/mn/sn-4g5e6ney/as/fmp4_audio_clear%2Cfmp4_sd_hd_clear/initcwndbps/4432500/ipbits/0/key/yt6/ip/131.159.40.117/signature/9543BFE177F977AB8D9544D979FAE531DA18FA0A.55E0C4AF51D3D43B845F956FC7B0468701EE79B3/source/youtube/mm/31/hfr/1/itag/0/mt/1502207258/playback_host/r3---sn-4g5e6ney.googlevideo.com", "width": 426, "tbr": 249.296, "asr": null, "fps": 30, "language": null, "filesize": 9294673, "acodec": "none", "format": "133 - 426x240 (DASH video)", "protocol": "https", "http_headers": {"User-Agent": "Mozilla/5.0 (X11; Linux x86_64; rv:10.0) Gecko/20150101 Firefox/47.0 (Chrome)", "Accept-Charset": "ISO-8859-1,utf-8;q=0.7,*;q=0.7", "Accept": "text/html,application/xhtml+xml,application/xml;q=0.9,*/*;q=0.8", "Accept-Encoding": "gzip, deflate", "Accept-Language": "en-us,en;q=0.5"}}, {"ext": "mp4", "height": 360, "format_note": "DASH video", "vcodec": "avc1.4d401e", "format_id": "134", "url": "https://r3---sn-4g5e6ney.googlevideo.com/videoplayback?id=00b5bd21744c8b58&itag=134&source=youtube&requiressl=yes&pl=16&mv=m&ei=m92JWbXDEcu8Vt2DvvAP&ms=au&mn=sn-4g5e6ney&initcwndbps=4432500&mm=31&ratebypass=yes&mime=video/mp4&gir=yes&clen=13139269&lmt=1381120251136072&dur=304.004&key=dg_yt0&signature=230ED938C327A4FB29F5DA984020A25D65593B69.99DB87AA44969F44FF498C0C387EB5926729AB4E&mt=1502207258&ip=131.159.40.117&ipbits=0&expire=1502228987&sparams=ip,ipbits,expire,id,itag,source,requiressl,pl,mv,ei,ms,mn,initcwndbps,mm,ratebypass,mime,gir,clen,lmt,dur", "manifest_url": "https://manifest.googlevideo.com/api/manifest/dash/requiressl/yes/sparams/as%2Cei%2Chfr%2Cid%2Cinitcwndbps%2Cip%2Cipbits%2Citag%2Cmm%2Cmn%2Cms%2Cmv%2Cpl%2Cplayback_host%2Crequiressl%2Csource%2Cexpire/pl/16/mv/m/ei/m92JWbXDEcu8Vt2DvvAP/id/00b5bd21744c8b58/ms/au/expire/1502228987/mn/sn-4g5e6ney/as/fmp4_audio_clear%2Cfmp4_sd_hd_clear/initcwndbps/4432500/ipbits/0/key/yt6/ip/131.159.40.117/signature/9543BFE177F977AB8D9544D979FAE531DA18FA0A.55E0C4AF51D3D43B845F956FC7B0468701EE79B3/source/youtube/mm/31/hfr/1/itag/0/mt/1502207258/playback_host/r3---sn-4g5e6ney.googlevideo.com", "width": 640, "tbr": 520.127, "asr": null, "fps": 30, "language": null, "filesize": 13139269, "acodec": "none", "format": "134 - 640x360 (DASH video)", "protocol": "https", "http_headers": {"User-Agent": "Mozilla/5.0 (X11; Linux x86_64; rv:10.0) Gecko/20150101 Firefox/47.0 (Chrome)", "Accept-Charset": "ISO-8859-1,utf-8;q=0.7,*;q=0.7", "Accept": "text/html,application/xhtml+xml,application/xml;q=0.9,*/*;q=0.8", "Accept-Encoding": "gzip, deflate", "Accept-Language": "en-us,en;q=0.5"}}, {"ext": "mp4", "height": 480, "format_note": "DASH video", "vcodec": "avc1.4d401f", "format_id": "135", "url": "https://r3---sn-4g5e6ney.googlevideo.com/videoplayback?id=00b5bd21744c8b58&itag=135&source=youtube&requiressl=yes&pl=16&mv=m&ei=m92JWbXDEcu8Vt2DvvAP&ms=au&mn=sn-4g5e6ney&initcwndbps=4432500&mm=31&ratebypass=yes&mime=video/mp4&gir=yes&clen=27489845&lmt=1381120252940284&dur=304.004&key=dg_yt0&signature=24208EFFD033495B57336D25B270CABCDE27FF36.937BA6D884BF4B74534FB2EF29B172D5F2D33E79&mt=1502207258&ip=131.159.40.117&ipbits=0&expire=1502228987&sparams=ip,ipbits,expire,id,itag,source,requiressl,pl,mv,ei,ms,mn,initcwndbps,mm,ratebypass,mime,gir,clen,lmt,dur", "manifest_url": "https://manifest.googlevideo.com/api/manifest/dash/requiressl/yes/sparams/as%2Cei%2Chfr%2Cid%2Cinitcwndbps%2Cip%2Cipbits%2Citag%2Cmm%2Cmn%2Cms%2Cmv%2Cpl%2Cplayback_host%2Crequiressl%2Csource%2Cexpire/pl/16/mv/m/ei/m92JWbXDEcu8Vt2DvvAP/id/00b5bd21744c8b58/ms/au/expire/1502228987/mn/sn-4g5e6ney/as/fmp4_audio_clear%2Cfmp4_sd_hd_clear/initcwndbps/4432500/ipbits/0/key/yt6/ip/131.159.40.117/signature/9543BFE177F977AB8D9544D979FAE531DA18FA0A.55E0C4AF51D3D43B845F956FC7B0468701EE79B3/source/youtube/mm/31/hfr/1/itag/0/mt/1502207258/playback_host/r3---sn-4g5e6ney.googlevideo.com", "width": 854, "tbr": 1053.773, "asr": null, "fps": 30, "language": null, "filesize": 27489845, "acodec": "none", "format": "135 - 854x480 (DASH video)", "protocol": "https", "http_headers": {"User-Agent": "Mozilla/5.0 (X11; Linux x86_64; rv:10.0) Gecko/20150101 Firefox/47.0 (Chrome)", "Accept-Charset": "ISO-8859-1,utf-8;q=0.7,*;q=0.7", "Accept": "text/html,application/xhtml+xml,application/xml;q=0.9,*/*;q=0.8", "Accept-Encoding": "gzip, deflate", "Accept-Language": "en-us,en;q=0.5"}}, {"format_id": "17", "url": "https://r14---sn-4g57knzy.googlevideo.com/videoplayback?initcwndbps=4432500&ipbits=0&clen=3123212&requiressl=yes&mime=video%2F3gpp&expire=1502228986&itag=17&pl=16&gir=yes&mm=31&signature=8CB27F980063D25BB229CBA17688B55222955FE7.5F19A01427B0E32B63443E9FA042352B32EDD46D&sparams=clen%2Cdur%2Cei%2Cgir%2Cid%2Cinitcwndbps%2Cip%2Cipbits%2Citag%2Clmt%2Cmime%2Cmm%2Cmn%2Cms%2Cmv%2Cpl%2Crequiressl%2Csource%2Cexpire&mn=sn-4g57knzy&ip=131.159.40.117&key=yt6&dur=304.181&source=youtube&lmt=1357529890896676&id=o-AN97OSCqT2c-C021K4lVTy7Y2mWhO-LIQ_lky4HyValn&ei=mt2JWZPWKcKVVt_jhOgJ&ms=au&mt=1502207258&mv=m&ratebypass=yes", "player_url": null, "ext": "3gp", "width": 176, "height": 144, "acodec": "mp4a.40.2", "abr": 24, "vcodec": "mp4v.20.3", "resolution": "176x144", "format_note": "small", "format": "17 - 176x144 (small)", "protocol": "https", "http_headers": {"User-Agent": "Mozilla/5.0 (X11; Linux x86_64; rv:10.0) Gecko/20150101 Firefox/47.0 (Chrome)", "Accept-Charset": "ISO-8859-1,utf-8;q=0.7,*;q=0.7", "Accept": "text/html,application/xhtml+xml,application/xml;q=0.9,*/*;q=0.8", "Accept-Encoding": "gzip, deflate", "Accept-Language": "en-us,en;q=0.5"}}, {"format_id": "36", "url": "https://r14---sn-4g57knzy.googlevideo.com/videoplayback?initcwndbps=4432500&ipbits=0&clen=8610635&requiressl=yes&mime=video%2F3gpp&expire=1502228986&itag=36&pl=16&gir=yes&mm=31&signature=AD0B6C96E5C3C702AB0ADE94E7FA0474A539FB79.20D1C48709428CD33B95A198681BAABD4D902795&sparams=clen%2Cdur%2Cei%2Cgir%2Cid%2Cinitcwndbps%2Cip%2Cipbits%2Citag%2Clmt%2Cmime%2Cmm%2Cmn%2Cms%2Cmv%2Cpl%2Crequiressl%2Csource%2Cexpire&mn=sn-4g57knzy&ip=131.159.40.117&key=yt6&dur=304.181&source=youtube&lmt=1357529912490742&id=o-AN97OSCqT2c-C021K4lVTy7Y2mWhO-LIQ_lky4HyValn&ei=mt2JWZPWKcKVVt_jhOgJ&ms=au&mt=1502207258&mv=m&ratebypass=yes", "player_url": null, "ext": "3gp", "width": 320, "acodec": "mp4a.40.2", "vcodec": "mp4v.20.3", "resolution": "320x180", "height": 180, "format_note": "small", "format": "36 - 320x180 (small)", "protocol": "https", "http_headers": {"User-Agent": "Mozilla/5.0 (X11; Linux x86_64; rv:10.0) Gecko/20150101 Firefox/47.0 (Chrome)", "Accept-Charset": "ISO-8859-1,utf-8;q=0.7,*;q=0.7", "Accept": "text/html,application/xhtml+xml,application/xml;q=0.9,*/*;q=0.8", "Accept-Encoding": "gzip, deflate", "Accept-Language": "en-us,en;q=0.5"}}, {"format_id": "43", "url": "https://r14---sn-4g57knzy.googlevideo.com/videoplayback?initcwndbps=4432500&ipbits=0&ratebypass=yes&clen=25969679&requiressl=yes&mime=video%2Fwebm&expire=1502228986&itag=43&pl=16&gir=yes&sparams=clen%2Cdur%2Cei%2Cgir%2Cid%2Cinitcwndbps%2Cip%2Cipbits%2Citag%2Clmt%2Cmime%2Cmm%2Cmn%2Cms%2Cmv%2Cpl%2Cratebypass%2Crequiressl%2Csource%2Cexpire&signature=6405A59E0D4EC5CDACA99935D92AAD336DB5F08B.4315021EAE9B7A6ACC082992093DD0718005DA29&mm=31&mn=sn-4g57knzy&ip=131.159.40.117&key=yt6&dur=0.000&source=youtube&lmt=1357533265455911&id=o-AN97OSCqT2c-C021K4lVTy7Y2mWhO-LIQ_lky4HyValn&ei=mt2JWZPWKcKVVt_jhOgJ&ms=au&mt=1502207258&mv=m", "player_url": null, "ext": "webm", "width": 640, "height": 360, "acodec": "vorbis", "abr": 128, "vcodec": "vp8.0", "resolution": "640x360", "format_note": "medium", "format": "43 - 640x360 (medium)", "protocol": "https", "http_headers": {"User-Agent": "Mozilla/5.0 (X11; Linux x86_64; rv:10.0) Gecko/20150101 Firefox/47.0 (Chrome)", "Accept-Charset": "ISO-8859-1,utf-8;q=0.7,*;q=0.7", "Accept": "text/html,application/xhtml+xml,application/xml;q=0.9,*/*;q=0.8", "Accept-Encoding": "gzip, deflate", "Accept-Language": "en-us,en;q=0.5"}}, {"format_id": "18", "url": "https://r14---sn-4g57knzy.googlevideo.com/videoplayback?initcwndbps=4432500&ipbits=0&ratebypass=yes&clen=19697012&requiressl=yes&mime=video%2Fmp4&expire=1502228986&itag=18&pl=16&gir=yes&sparams=clen%2Cdur%2Cei%2Cgir%2Cid%2Cinitcwndbps%2Cip%2Cipbits%2Citag%2Clmt%2Cmime%2Cmm%2Cmn%2Cms%2Cmv%2Cpl%2Cratebypass%2Crequiressl%2Csource%2Cexpire&signature=7CBEE2884CAE12E57C3C58AB0EAD5E9668CF75A3.9026C6B9539D9E1EED245B116762DB022919AFE6&mm=31&mn=sn-4g57knzy&ip=131.159.40.117&key=yt6&dur=304.134&source=youtube&lmt=1357529828130376&id=o-AN97OSCqT2c-C021K4lVTy7Y2mWhO-LIQ_lky4HyValn&ei=mt2JWZPWKcKVVt_jhOgJ&ms=au&mt=1502207258&mv=m", "player_url": null, "ext": "mp4", "width": 640, "height": 360, "acodec": "mp4a.40.2", "abr": 96, "vcodec": "avc1.42001E", "resolution": "640x360", "format_note": "medium", "format": "18 - 640x360 (medium)", "protocol": "https", "http_headers": {"User-Agent": "Mozilla/5.0 (X11; Linux x86_64; rv:10.0) Gecko/20150101 Firefox/47.0 (Chrome)", "Accept-Charset": "ISO-8859-1,utf-8;q=0.7,*;q=0.7", "Accept": "text/html,application/xhtml+xml,application/xml;q=0.9,*/*;q=0.8", "Accept-Encoding": "gzip, deflate", "Accept-Language": "en-us,en;q=0.5"}}], "is_live": null, "start_time": null, "end_time": null, "series": null, "season_number": null, "episode_number": null, "extractor": "youtube", "webpage_url_basename": "ALW9IXRMi1g", "extractor_key": "Youtube", "playlist": null, "playlist_index": null, "thumbnails": [{"url": "https://i.ytimg.com/vi/ALW9IXRMi1g/default.jpg", "id": "0"}], "display_id": "ALW9IXRMi1g", "ext": "mp4", "height": 480, "format_note": "DASH video", "vcodec": "avc1.4d401f", "format_id": "135", "url": "https://r3---sn-4g5e6ney.googlevideo.com/videoplayback?id=00b5bd21744c8b58&itag=135&source=youtube&requiressl=yes&pl=16&mv=m&ei=m92JWbXDEcu8Vt2DvvAP&ms=au&mn=sn-4g5e6ney&initcwndbps=4432500&mm=31&ratebypass=yes&mime=video/mp4&gir=yes&clen=27489845&lmt=1381120252940284&dur=304.004&key=dg_yt0&signature=24208EFFD033495B57336D25B270CABCDE27FF36.937BA6D884BF4B74534FB2EF29B172D5F2D33E79&mt=1502207258&ip=131.159.40.117&ipbits=0&expire=1502228987&sparams=ip,ipbits,expire,id,itag,source,requiressl,pl,mv,ei,ms,mn,initcwndbps,mm,ratebypass,mime,gir,clen,lmt,dur", "manifest_url": "https://manifest.googlevideo.com/api/manifest/dash/requiressl/yes/sparams/as%2Cei%2Chfr%2Cid%2Cinitcwndbps%2Cip%2Cipbits%2Citag%2Cmm%2Cmn%2Cms%2Cmv%2Cpl%2Cplayback_host%2Crequiressl%2Csource%2Cexpire/pl/16/mv/m/ei/m92JWbXDEcu8Vt2DvvAP/id/00b5bd21744c8b58/ms/au/expire/1502228987/mn/sn-4g5e6ney/as/fmp4_audio_clear%2Cfmp4_sd_hd_clear/initcwndbps/4432500/ipbits/0/key/yt6/ip/131.159.40.117/signature/9543BFE177F977AB8D9544D979FAE531DA18FA0A.55E0C4AF51D3D43B845F956FC7B0468701EE79B3/source/youtube/mm/31/hfr/1/itag/0/mt/1502207258/playback_host/r3---sn-4g5e6ney.googlevideo.com", "width": 854, "tbr": 1053.773, "asr": null, "fps": 30, "language": null, "filesize": 27489845, "acodec": "none", "format": "135 - 854x480 (DASH video)", "protocol": "https", "http_headers": {"User-Agent": "Mozilla/5.0 (X11; Linux x86_64; rv:10.0) Gecko/20150101 Firefox/47.0 (Chrome)", "Accept-Charset": "ISO-8859-1,utf-8;q=0.7,*;q=0.7", "Accept": "text/html,application/xhtml+xml,application/xml;q=0.9,*/*;q=0.8", "Accept-Encoding": "gzip, deflate", "Accept-Language": "en-us,en;q=0.5"}, "fulltitle": "DIY Face Mask #1!!! -PUMPKIN!!", "_filename": "ALW9IXRMi1g.mp4"}