{"id": "rkC8qab-m6o", "uploader": "MariaInTheBigCity", "uploader_id": "MariaInTheBigCity", "uploader_url": "http://www.youtube.com/user/MariaInTheBigCity", "upload_date": "20131121", "license": "Standard YouTube License", "creator": null, "title": "\u041d\u0410\u0422\u0423\u0420\u0410\u041b\u042c\u041d\u042b\u0415 \u043f\u043e\u043a\u0443\u043f\u043a\u0438 / \u041f\u0420\u0410\u0412\u0418\u041b\u042c\u041d\u041e \u0443\u0445\u0430\u0436\u0438\u0432\u0430\u0435\u043c \u0437\u0430 \u041b\u0418\u0426\u041e\u041c \u0438 \u0412\u041e\u041b\u041e\u0421\u0410\u041c\u0418 + \u0435\u0434\u0430", "alt_title": null, "thumbnail": "https://i.ytimg.com/vi/rkC8qab-m6o/hqdefault.jpg", "description": "\u2219\u2022\u2741\u0411\u043e\u043b\u044c\u0448\u0435 \u0438\u043d\u0444\u043e\u0440\u043c\u0430\u0446\u0438\u0438 \u0437\u0434\u0435\u0441\u044c\u2741\u2022\u2219\n\n\u041d\u0410\u0422\u0423\u0420\u0410\u041b\u042c\u041d\u042b\u0415 \u043f\u043e\u043a\u0443\u043f\u043a\u0438 \u0441 Swati \u0438 IHERB\n\u22ef\u22ef\u22ef\u22ef\u22ef\u22ef\u22ef\u22ef\u22ef\u22ef\u22ef\u22ef\u22ef\u22ef\u22ef\u22ef\u22ef\u22ef\u22ef\u22ef\u22ef\u22ef\u22ef\u22ef\u22ef\u22ef\u22ef\u22ef\u22ef\u22ef\u22ef\n\u041a\u0423\u041f\u041e\u041d \u041d\u0410 \u0421\u041a\u0418\u0414\u041a\u0423 10$ : BHN537 - www.iherb.com\n\u22ef\u22ef\u22ef\u22ef\u22ef\u22ef\u22ef\u22ef\u22ef\u22ef\u22ef\u22ef\u22ef\u22ef\u22ef\u22ef\u22ef\u22ef\u22ef\u22ef\u22ef\u22ef\u22ef\u22ef\u22ef\u22ef\u22ef\u22ef\u22ef\u22ef\u22ef\n\n\u2740\u0413\u0440\u0443\u043f\u043f\u0430 \u0432 \u0412\u041a \u279c http://vk.com/mariainthebigcityofficial\n\n\u2740 Youtube \u279c https://www.youtube.com/user/MariaInTheBigCity\n\n\u2740\u041c\u043e\u0439 \u0431\u043b\u043e\u0433\u279c http://mariainthecity.livejournal.com\n\n\u2740Instagram \u279c http://instagram.com/mariainthebigcity\n\n\u2740TWITTER\u279c https://twitter.com/maria31121989\n\u22ef\u22ef\u22ef\u22ef\u22ef\u22ef\u22ef\u22ef\u22ef\u22ef\u22ef\u22ef\u22ef\u22ef\u22ef\u22ef\u22ef\u22ef\u22ef\u22ef\u22ef\u22ef\u22ef\u22ef\u22ef\u22ef\u22ef\u22ef\u22ef\u22ef\u22ef\n\u2219\u2022\u2741\u0421\u0430\u043c\u044b\u0435 \u043f\u043e\u043f\u0443\u043b\u044f\u0440\u043d\u044b\u0435 \u0432\u0438\u0434\u0435\u043e\u2741\u2022\u2219\n\n\u2740\u041a\u0430\u043a \u0437\u0430\u0432\u0438\u0442\u044c \u0412\u041e\u041b\u041e\u0421\u042b \u0443\u0442\u044e\u0436\u043a\u043e\u043c\u279c http://bit.ly/1dhbiGz\n\n\u2740\u0427\u0442\u043e \u0432 \u043c\u043e\u0435\u0439 \u0441\u0443\u043c\u043a\u0435 ? \u279c http://bit.ly/1asQRpT\n\n\u2740\u041c\u041e\u0418 \u041b\u0410\u041a\u0418  \u279c http://bit.ly/1b6mB0Q\n\n\u2740\u0423\u0425\u041e\u0414 \u0437\u0430 \u0412\u041e\u041b\u041e\u0421\u0410\u041c\u0418 \u279c http://bit.ly/1dhdrSz\n\n\u22ef\u22ef\u22ef\u22ef\u22ef\u22ef\u22ef\u22ef\u22ef\u22ef\u22ef\u22ef\u22ef\u22ef\u22ef\u22ef\u22ef\u22ef\u22ef\u22ef\u22ef\u22ef\u22ef\u22ef\u22ef\u22ef\u22ef\u22ef\u22ef\u22ef\u22ef\n\n\u0421\u0430\u0439\u0442 SWATI- http://swati.ru\n\u0422\u0440\u0430\u0432\u044f\u043d\u043e\u0439 \u0448\u0430\u043c\u043f\u0443\u043d\u044c -http://swati.ru/products/4292548\n\u041a\u0440\u0435\u043c \u043d\u043e\u0447\u043d\u043e\u0439- http://swati.ru/products/308472\n\u041c\u0430\u0441\u043a\u0430- http://swati.ru/products/308485\n\n\u0421\u0430\u0439\u0442 IHERB- http://www.iherb.com\n\nGiovanni, Nutrafix Hair Reconstructor, 6.8 fl oz (200 ml)- http://www.iherb.com/giovanni-nutrafix-hair-reconstructor-6-8-fl-oz-200-ml/6420?rcode=bhn537\n\nDesert Essence, Organics Shampoo, Italian Red Grape, 8 fl oz (237 ml)- http://www.iherb.com/Desert-Essence-Organics-Shampoo-Italian-Red-Grape-8-fl-oz-237-ml/12050?rcode=bhn537\n\nSweet Tree, Organic Coconut Palm Sugar, Blonde, 16 oz (454 g)- http://www.iherb.com/Sweet-Tree-Organic-Coconut-Palm-Sugar-Blonde-16-oz-454-g/34435?rcode=bhn537\n\nGrabGreen, Room & Fabric Freshener, Lavender with Vanilla, 16 oz (473 ml)- http://www.iherb.com/GrabGreen-Room-Fabric-Freshener-Lavender-with-Vanilla-16-oz-473-ml/34160?rcode=bhn537\n\nAlba Botanica, Green Tea Eye Gel, 1 fl oz (30 ml)- http://www.iherb.com/Alba-Botanica-Green-Tea-Eye-Gel-1-fl-oz-30-ml/8922?rcode=bhn537\n\nDeep Steep, Body Lotion, Grapefruit Bergamot, 6 fl oz (177 ml)- http://www.iherb.com/Deep-Steep-Body-Lotion-Grapefruit-Bergamot-6-fl-oz-177-ml/11641?rcode=bhn537\n\nCrystal Body Deodorant, Crystal Essence, Mineral Deodorant Body Spray, Lavender & White Tea, 4 fl oz (118 ml)- http://www.iherb.com/Crystal-Body-Deodorant-Crystal-Essence-Mineral-Deodorant-Body-Spray-Lavender-White-Tea-4-fl-oz-118-ml/21069?rcode=bhn537\n\n\u22ef\u22ef\u22ef\u22ef\u22ef\u22ef\u22ef\u22ef\u22ef\u22ef\u22ef\u22ef\u22ef\u22ef\u22ef\u22ef\u22ef\u22ef\u22ef\u22ef\u22ef\u22ef\u22ef\u22ef\u22ef\u22ef\u22ef\u22ef\u22ef\u22ef\u22ef\nKEYWORDS: mariainthebigcity, fashion, makeup, hair, style, \u043f\u043e\u043a\u0443\u043f\u043a\u0438, \u0444\u0430\u0432\u043e\u0440\u0438\u0442\u044b, \u043f\u043e\u043a\u0443\u043f\u043a\u0438 \u0441 \u0441\u0430\u0439\u0442\u0430 iherb, \u043e\u0440\u0433\u0430\u043d\u0438\u0447\u0435\u0441\u043a\u0438\u0435 \u043f\u043e\u043a\u0443\u043f\u043a\u0438, \u043f\u043e\u043a\u0443\u043f\u043a\u0438 \u043e\u0434\u0435\u0436\u0434\u044b, \u043c\u043e\u0434\u043d\u044b\u0435 \u043f\u043e\u043a\u0443\u043f\u043a\u0438, \u0432\u043e\u043b\u043e\u0441\u044b, \u043c\u043e\u0439 \u0443\u0445\u043e\u0434 \u0437\u0430 \u0432\u043e\u043b\u043e\u0441\u0430\u043c\u0438", "categories": ["Howto & Style"], "tags": ["\u043e\u0440\u0433\u0430\u043d\u0438\u0447\u0435\u0441\u043a\u0438\u0435 \u043f\u043e\u043a\u0443\u043f\u043a\u0438", "\u043f\u043e\u043a\u0443\u043f\u043a\u0438 \u0441 iherb", "\u043d\u0430\u0442\u0443\u0440\u0430\u043b\u044c\u043d\u044b\u0435 \u043f\u043e\u043a\u0443\u043f\u043a\u0438", "\u0430\u044e\u0440\u0432\u0435\u0434\u0447\u0435\u0441\u043a\u0430\u044f \u043a\u043e\u0441\u043c\u0435\u0442\u0438\u043a\u0430", "\u0438\u043d\u0434\u0438\u0439\u0441\u043a\u0430\u044f \u043a\u043e\u0441\u043c\u0435\u0442\u0438\u043a\u0430", "\u043f\u043e\u043a\u0443\u043f\u043a\u0438 \u043e\u0440\u0433\u0430\u043d\u0438\u0447\u0435\u0441\u043a\u043e\u0439 \u043a\u043e\u0441\u043c\u0435\u0442\u0438\u043a\u0438", "\u043f\u043e\u043a\u0443\u043f\u043a\u0438 \u043d\u0430\u0442\u0443\u0440\u0430\u043b\u044c\u043d\u043e\u0439 \u043a\u043e\u0441\u043c\u0435\u0442\u0438\u043a\u0438", "\u043a\u043e\u0441\u043c\u0435\u0442\u0438\u043a\u0430 swati", "crystal", "iherb", "mariainthebigcity"], "subtitles": {}, "automatic_captions": {}, "duration": 457, "age_limit": 0, "annotations": null, "chapters": null, "webpage_url": "https://www.youtube.com/watch?v=rkC8qab-m6o", "view_count": 19479, "like_count": 788, "dislike_count": 6, "average_rating": 4.96977329254, "formats": [{"ext": "m4a", "format_note": "DASH audio", "acodec": "mp4a.40.5", "abr": 48, "container": "m4a_dash", "format_id": "139", "url": "https://r14---sn-4g57knd7.googlevideo.com/videoplayback?id=ae40bca9a6fe9baa&itag=139&source=youtube&requiressl=yes&mm=31&ms=au&pl=16&ei=vZ6JWbnNAZiGVqeavrAO&initcwndbps=4503750&mn=sn-4g57knd7&mv=m&ratebypass=yes&mime=audio/mp4&gir=yes&clen=2716139&lmt=1385103609348198&dur=456.643&signature=6D3F0AC1350EA113908F655577DDB821C54A928B.799A50A99869502C79736FD04CCD57458838ABB2&mt=1502191212&key=dg_yt0&ip=131.159.40.117&ipbits=0&expire=1502212893&sparams=ip,ipbits,expire,id,itag,source,requiressl,mm,ms,pl,ei,initcwndbps,mn,mv,ratebypass,mime,gir,clen,lmt,dur", "manifest_url": "https://manifest.googlevideo.com/api/manifest/dash/itag/0/hfr/1/ipbits/0/mm/31/requiressl/yes/ms/au/pl/16/playback_host/r14---sn-4g57knd7.googlevideo.com/ei/vZ6JWbnNAZiGVqeavrAO/signature/1B6E50D7F5F265F63D2E9EEB11BF4C1CB19E3D0B.86463545DFEFB10A7B5DCFDCD9DF626F52B77D23/mt/1502191212/sparams/as%2Cei%2Chfr%2Cid%2Cinitcwndbps%2Cip%2Cipbits%2Citag%2Cmm%2Cmn%2Cms%2Cmv%2Cpl%2Cplayback_host%2Crequiressl%2Csource%2Cexpire/as/fmp4_audio_clear%2Cfmp4_sd_hd_clear/expire/1502212893/initcwndbps/4503750/mn/sn-4g57knd7/key/yt6/mv/m/source/youtube/id/ae40bca9a6fe9baa/ip/131.159.40.117", "width": null, "height": null, "tbr": 48.742, "asr": 22050, "fps": null, "language": null, "filesize": 2716139, "vcodec": "none", "format": "139 - audio only (DASH audio)", "protocol": "https", "http_headers": {"User-Agent": "Mozilla/5.0 (X11; Linux x86_64; rv:10.0) Gecko/20150101 Firefox/47.0 (Chrome)", "Accept-Charset": "ISO-8859-1,utf-8;q=0.7,*;q=0.7", "Accept": "text/html,application/xhtml+xml,application/xml;q=0.9,*/*;q=0.8", "Accept-Encoding": "gzip, deflate", "Accept-Language": "en-us,en;q=0.5"}}, {"format_id": "171", "url": "https://r5---sn-4g5e6nlk.googlevideo.com/videoplayback?initcwndbps=4503750&signature=61B60D1B30CF9982131763FD5FB9073B0C5AB342.0B0EC53CA4894D1EF3122D9FB00EFC5AA27E3F52&dur=456.483&itag=171&clen=5428950&key=yt6&ipbits=0&mt=1502191212&mv=m&id=o-AKgriBhTxfmxCpXPPwuUB6J5rzkd4OaV_T01T5_0khTw&ms=au&expire=1502212892&mime=audio%2Fwebm&ip=131.159.40.117&requiressl=yes&mm=31&source=youtube&pl=16&mn=sn-4g5e6nlk&ei=vJ6JWdiqFo6oVpGPssAJ&keepalive=yes&gir=yes&sparams=clen%2Cdur%2Cei%2Cgir%2Cid%2Cinitcwndbps%2Cip%2Cipbits%2Citag%2Ckeepalive%2Clmt%2Cmime%2Cmm%2Cmn%2Cms%2Cmv%2Cpl%2Crequiressl%2Csource%2Cexpire&lmt=1404883940607167&ratebypass=yes", "player_url": null, "ext": "webm", "acodec": "vorbis", "format_note": "DASH audio", "abr": 128, "filesize": 5428950, "tbr": 121.777, "fps": 1, "vcodec": "none", "format": "171 - audio only (DASH audio)", "protocol": "https", "http_headers": {"User-Agent": "Mozilla/5.0 (X11; Linux x86_64; rv:10.0) Gecko/20150101 Firefox/47.0 (Chrome)", "Accept-Charset": "ISO-8859-1,utf-8;q=0.7,*;q=0.7", "Accept": "text/html,application/xhtml+xml,application/xml;q=0.9,*/*;q=0.8", "Accept-Encoding": "gzip, deflate", "Accept-Language": "en-us,en;q=0.5"}}, {"ext": "m4a", "format_note": "DASH audio", "acodec": "mp4a.40.2", "abr": 128, "container": "m4a_dash", "format_id": "140", "url": "https://r14---sn-4g57knd7.googlevideo.com/videoplayback?id=ae40bca9a6fe9baa&itag=140&source=youtube&requiressl=yes&mm=31&ms=au&pl=16&ei=vZ6JWbnNAZiGVqeavrAO&initcwndbps=4503750&mn=sn-4g57knd7&mv=m&ratebypass=yes&mime=audio/mp4&gir=yes&clen=7251601&lmt=1385103607119639&dur=456.550&signature=757B089CD9BADE5FB5986C2B22422B0BEF516979.8A6B3A4D767044EED59B99051214922EFE0AED0E&mt=1502191212&key=dg_yt0&ip=131.159.40.117&ipbits=0&expire=1502212893&sparams=ip,ipbits,expire,id,itag,source,requiressl,mm,ms,pl,ei,initcwndbps,mn,mv,ratebypass,mime,gir,clen,lmt,dur", "manifest_url": "https://manifest.googlevideo.com/api/manifest/dash/itag/0/hfr/1/ipbits/0/mm/31/requiressl/yes/ms/au/pl/16/playback_host/r14---sn-4g57knd7.googlevideo.com/ei/vZ6JWbnNAZiGVqeavrAO/signature/1B6E50D7F5F265F63D2E9EEB11BF4C1CB19E3D0B.86463545DFEFB10A7B5DCFDCD9DF626F52B77D23/mt/1502191212/sparams/as%2Cei%2Chfr%2Cid%2Cinitcwndbps%2Cip%2Cipbits%2Citag%2Cmm%2Cmn%2Cms%2Cmv%2Cpl%2Cplayback_host%2Crequiressl%2Csource%2Cexpire/as/fmp4_audio_clear%2Cfmp4_sd_hd_clear/expire/1502212893/initcwndbps/4503750/mn/sn-4g57knd7/key/yt6/mv/m/source/youtube/id/ae40bca9a6fe9baa/ip/131.159.40.117", "width": null, "height": null, "tbr": 128.035, "asr": 44100, "fps": null, "language": null, "filesize": 7251601, "vcodec": "none", "format": "140 - audio only (DASH audio)", "protocol": "https", "http_headers": {"User-Agent": "Mozilla/5.0 (X11; Linux x86_64; rv:10.0) Gecko/20150101 Firefox/47.0 (Chrome)", "Accept-Charset": "ISO-8859-1,utf-8;q=0.7,*;q=0.7", "Accept": "text/html,application/xhtml+xml,application/xml;q=0.9,*/*;q=0.8", "Accept-Encoding": "gzip, deflate", "Accept-Language": "en-us,en;q=0.5"}}, {"ext": "mp4", "height": 144, "format_note": "DASH video", "vcodec": "avc1.4d400c", "format_id": "160", "url": "https://r14---sn-4g57knd7.googlevideo.com/videoplayback?id=ae40bca9a6fe9baa&itag=160&source=youtube&requiressl=yes&mm=31&ms=au&pl=16&ei=vZ6JWbnNAZiGVqeavrAO&initcwndbps=4503750&mn=sn-4g57knd7&mv=m&ratebypass=yes&mime=video/mp4&gir=yes&clen=6401324&lmt=1385103608244798&dur=456.456&signature=5B0ACB9C40E51EB27C2E5950AD320076122C09DA.840D455F71E32082DF9F4F897BC34C6224628814&mt=1502191212&key=dg_yt0&ip=131.159.40.117&ipbits=0&expire=1502212893&sparams=ip,ipbits,expire,id,itag,source,requiressl,mm,ms,pl,ei,initcwndbps,mn,mv,ratebypass,mime,gir,clen,lmt,dur", "manifest_url": "https://manifest.googlevideo.com/api/manifest/dash/itag/0/hfr/1/ipbits/0/mm/31/requiressl/yes/ms/au/pl/16/playback_host/r14---sn-4g57knd7.googlevideo.com/ei/vZ6JWbnNAZiGVqeavrAO/signature/1B6E50D7F5F265F63D2E9EEB11BF4C1CB19E3D0B.86463545DFEFB10A7B5DCFDCD9DF626F52B77D23/mt/1502191212/sparams/as%2Cei%2Chfr%2Cid%2Cinitcwndbps%2Cip%2Cipbits%2Citag%2Cmm%2Cmn%2Cms%2Cmv%2Cpl%2Cplayback_host%2Crequiressl%2Csource%2Cexpire/as/fmp4_audio_clear%2Cfmp4_sd_hd_clear/expire/1502212893/initcwndbps/4503750/mn/sn-4g57knd7/key/yt6/mv/m/source/youtube/id/ae40bca9a6fe9baa/ip/131.159.40.117", "width": 256, "tbr": 132.923, "asr": null, "fps": 15, "language": null, "filesize": 6401324, "acodec": "none", "format": "160 - 256x144 (DASH video)", "protocol": "https", "http_headers": {"User-Agent": "Mozilla/5.0 (X11; Linux x86_64; rv:10.0) Gecko/20150101 Firefox/47.0 (Chrome)", "Accept-Charset": "ISO-8859-1,utf-8;q=0.7,*;q=0.7", "Accept": "text/html,application/xhtml+xml,application/xml;q=0.9,*/*;q=0.8", "Accept-Encoding": "gzip, deflate", "Accept-Language": "en-us,en;q=0.5"}}, {"ext": "mp4", "height": 240, "format_note": "DASH video", "vcodec": "avc1.4d4015", "format_id": "133", "url": "https://r14---sn-4g57knd7.googlevideo.com/videoplayback?id=ae40bca9a6fe9baa&itag=133&source=youtube&requiressl=yes&mm=31&ms=au&pl=16&ei=vZ6JWbnNAZiGVqeavrAO&initcwndbps=4503750&mn=sn-4g57knd7&mv=m&ratebypass=yes&mime=video/mp4&gir=yes&clen=13787374&lmt=1385103608244828&dur=456.456&signature=66FAB03C9207E50BB3FD5D8BFB32EFA529FAA884.8B86ACCED33921659E76BD483E132BD0FD82CCFC&mt=1502191212&key=dg_yt0&ip=131.159.40.117&ipbits=0&expire=1502212893&sparams=ip,ipbits,expire,id,itag,source,requiressl,mm,ms,pl,ei,initcwndbps,mn,mv,ratebypass,mime,gir,clen,lmt,dur", "manifest_url": "https://manifest.googlevideo.com/api/manifest/dash/itag/0/hfr/1/ipbits/0/mm/31/requiressl/yes/ms/au/pl/16/playback_host/r14---sn-4g57knd7.googlevideo.com/ei/vZ6JWbnNAZiGVqeavrAO/signature/1B6E50D7F5F265F63D2E9EEB11BF4C1CB19E3D0B.86463545DFEFB10A7B5DCFDCD9DF626F52B77D23/mt/1502191212/sparams/as%2Cei%2Chfr%2Cid%2Cinitcwndbps%2Cip%2Cipbits%2Citag%2Cmm%2Cmn%2Cms%2Cmv%2Cpl%2Cplayback_host%2Crequiressl%2Csource%2Cexpire/as/fmp4_audio_clear%2Cfmp4_sd_hd_clear/expire/1502212893/initcwndbps/4503750/mn/sn-4g57knd7/key/yt6/mv/m/source/youtube/id/ae40bca9a6fe9baa/ip/131.159.40.117", "width": 426, "tbr": 255.76, "asr": null, "fps": 24, "language": null, "filesize": 13787374, "acodec": "none", "format": "133 - 426x240 (DASH video)", "protocol": "https", "http_headers": {"User-Agent": "Mozilla/5.0 (X11; Linux x86_64; rv:10.0) Gecko/20150101 Firefox/47.0 (Chrome)", "Accept-Charset": "ISO-8859-1,utf-8;q=0.7,*;q=0.7", "Accept": "text/html,application/xhtml+xml,application/xml;q=0.9,*/*;q=0.8", "Accept-Encoding": "gzip, deflate", "Accept-Language": "en-us,en;q=0.5"}}, {"ext": "mp4", "height": 360, "format_note": "DASH video", "vcodec": "avc1.4d401e", "format_id": "134", "url": "https://r14---sn-4g57knd7.googlevideo.com/videoplayback?id=ae40bca9a6fe9baa&itag=134&source=youtube&requiressl=yes&mm=31&ms=au&pl=16&ei=vZ6JWbnNAZiGVqeavrAO&initcwndbps=4503750&mn=sn-4g57knd7&mv=m&ratebypass=yes&mime=video/mp4&gir=yes&clen=16493781&lmt=1385103612774361&dur=456.456&signature=2ECDA81E3779D0B1146C0BA54682C6B137834277.35111EB0FAD438B35156A1D618114E8D5D58ABC9&mt=1502191212&key=dg_yt0&ip=131.159.40.117&ipbits=0&expire=1502212893&sparams=ip,ipbits,expire,id,itag,source,requiressl,mm,ms,pl,ei,initcwndbps,mn,mv,ratebypass,mime,gir,clen,lmt,dur", "manifest_url": "https://manifest.googlevideo.com/api/manifest/dash/itag/0/hfr/1/ipbits/0/mm/31/requiressl/yes/ms/au/pl/16/playback_host/r14---sn-4g57knd7.googlevideo.com/ei/vZ6JWbnNAZiGVqeavrAO/signature/1B6E50D7F5F265F63D2E9EEB11BF4C1CB19E3D0B.86463545DFEFB10A7B5DCFDCD9DF626F52B77D23/mt/1502191212/sparams/as%2Cei%2Chfr%2Cid%2Cinitcwndbps%2Cip%2Cipbits%2Citag%2Cmm%2Cmn%2Cms%2Cmv%2Cpl%2Cplayback_host%2Crequiressl%2Csource%2Cexpire/as/fmp4_audio_clear%2Cfmp4_sd_hd_clear/expire/1502212893/initcwndbps/4503750/mn/sn-4g57knd7/key/yt6/mv/m/source/youtube/id/ae40bca9a6fe9baa/ip/131.159.40.117", "width": 640, "tbr": 427.847, "asr": null, "fps": 24, "language": null, "filesize": 16493781, "acodec": "none", "format": "134 - 640x360 (DASH video)", "protocol": "https", "http_headers": {"User-Agent": "Mozilla/5.0 (X11; Linux x86_64; rv:10.0) Gecko/20150101 Firefox/47.0 (Chrome)", "Accept-Charset": "ISO-8859-1,utf-8;q=0.7,*;q=0.7", "Accept": "text/html,application/xhtml+xml,application/xml;q=0.9,*/*;q=0.8", "Accept-Encoding": "gzip, deflate", "Accept-Language": "en-us,en;q=0.5"}}, {"ext": "mp4", "height": 480, "format_note": "DASH video", "vcodec": "avc1.4d401e", "format_id": "135", "url": "https://r14---sn-4g57knd7.googlevideo.com/videoplayback?id=ae40bca9a6fe9baa&itag=135&source=youtube&requiressl=yes&mm=31&ms=au&pl=16&ei=vZ6JWbnNAZiGVqeavrAO&initcwndbps=4503750&mn=sn-4g57knd7&mv=m&ratebypass=yes&mime=video/mp4&gir=yes&clen=32178329&lmt=1385103619585009&dur=456.456&signature=700F13EC43CCD451C9163AF1F2CA49E8E0458AA3.067936E4576A6B6718C388F7E167C7DC262A863E&mt=1502191212&key=dg_yt0&ip=131.159.40.117&ipbits=0&expire=1502212893&sparams=ip,ipbits,expire,id,itag,source,requiressl,mm,ms,pl,ei,initcwndbps,mn,mv,ratebypass,mime,gir,clen,lmt,dur", "manifest_url": "https://manifest.googlevideo.com/api/manifest/dash/itag/0/hfr/1/ipbits/0/mm/31/requiressl/yes/ms/au/pl/16/playback_host/r14---sn-4g57knd7.googlevideo.com/ei/vZ6JWbnNAZiGVqeavrAO/signature/1B6E50D7F5F265F63D2E9EEB11BF4C1CB19E3D0B.86463545DFEFB10A7B5DCFDCD9DF626F52B77D23/mt/1502191212/sparams/as%2Cei%2Chfr%2Cid%2Cinitcwndbps%2Cip%2Cipbits%2Citag%2Cmm%2Cmn%2Cms%2Cmv%2Cpl%2Cplayback_host%2Crequiressl%2Csource%2Cexpire/as/fmp4_audio_clear%2Cfmp4_sd_hd_clear/expire/1502212893/initcwndbps/4503750/mn/sn-4g57knd7/key/yt6/mv/m/source/youtube/id/ae40bca9a6fe9baa/ip/131.159.40.117", "width": 854, "tbr": 796.681, "asr": null, "fps": 24, "language": null, "filesize": 32178329, "acodec": "none", "format": "135 - 854x480 (DASH video)", "protocol": "https", "http_headers": {"User-Agent": "Mozilla/5.0 (X11; Linux x86_64; rv:10.0) Gecko/20150101 Firefox/47.0 (Chrome)", "Accept-Charset": "ISO-8859-1,utf-8;q=0.7,*;q=0.7", "Accept": "text/html,application/xhtml+xml,application/xml;q=0.9,*/*;q=0.8", "Accept-Encoding": "gzip, deflate", "Accept-Language": "en-us,en;q=0.5"}}, {"ext": "mp4", "height": 720, "format_note": "DASH video", "vcodec": "avc1.4d401f", "format_id": "136", "url": "https://r14---sn-4g57knd7.googlevideo.com/videoplayback?id=ae40bca9a6fe9baa&itag=136&source=youtube&requiressl=yes&mm=31&ms=au&pl=16&ei=vZ6JWbnNAZiGVqeavrAO&initcwndbps=4503750&mn=sn-4g57knd7&mv=m&ratebypass=yes&mime=video/mp4&gir=yes&clen=60316210&lmt=1385103625308589&dur=456.456&signature=0B6F75610B9251D633E188D67110751AD5ED139D.431561AE48E55B527FBC572F1787A24124310A91&mt=1502191212&key=dg_yt0&ip=131.159.40.117&ipbits=0&expire=1502212893&sparams=ip,ipbits,expire,id,itag,source,requiressl,mm,ms,pl,ei,initcwndbps,mn,mv,ratebypass,mime,gir,clen,lmt,dur", "manifest_url": "https://manifest.googlevideo.com/api/manifest/dash/itag/0/hfr/1/ipbits/0/mm/31/requiressl/yes/ms/au/pl/16/playback_host/r14---sn-4g57knd7.googlevideo.com/ei/vZ6JWbnNAZiGVqeavrAO/signature/1B6E50D7F5F265F63D2E9EEB11BF4C1CB19E3D0B.86463545DFEFB10A7B5DCFDCD9DF626F52B77D23/mt/1502191212/sparams/as%2Cei%2Chfr%2Cid%2Cinitcwndbps%2Cip%2Cipbits%2Citag%2Cmm%2Cmn%2Cms%2Cmv%2Cpl%2Cplayback_host%2Crequiressl%2Csource%2Cexpire/as/fmp4_audio_clear%2Cfmp4_sd_hd_clear/expire/1502212893/initcwndbps/4503750/mn/sn-4g57knd7/key/yt6/mv/m/source/youtube/id/ae40bca9a6fe9baa/ip/131.159.40.117", "width": 1280, "tbr": 1635.663, "asr": null, "fps": 24, "language": null, "filesize": 60316210, "acodec": "none", "format": "136 - 1280x720 (DASH video)", "protocol": "https", "http_headers": {"User-Agent": "Mozilla/5.0 (X11; Linux x86_64; rv:10.0) Gecko/20150101 Firefox/47.0 (Chrome)", "Accept-Charset": "ISO-8859-1,utf-8;q=0.7,*;q=0.7", "Accept": "text/html,application/xhtml+xml,application/xml;q=0.9,*/*;q=0.8", "Accept-Encoding": "gzip, deflate", "Accept-Language": "en-us,en;q=0.5"}}, {"ext": "mp4", "height": 1080, "format_note": "DASH video", "vcodec": "avc1.640028", "format_id": "137", "url": "https://r14---sn-4g57knd7.googlevideo.com/videoplayback?id=ae40bca9a6fe9baa&itag=137&source=youtube&requiressl=yes&mm=31&ms=au&pl=16&ei=vZ6JWbnNAZiGVqeavrAO&initcwndbps=4503750&mn=sn-4g57knd7&mv=m&ratebypass=yes&mime=video/mp4&gir=yes&clen=130805149&lmt=1385103631017106&dur=456.456&signature=54F876955FB10C75EF5C1D6C0127BD9156A9DD8B.831EF3631E470A44C7FE9A7B4643EADEBA29C9F8&mt=1502191212&key=dg_yt0&ip=131.159.40.117&ipbits=0&expire=1502212893&sparams=ip,ipbits,expire,id,itag,source,requiressl,mm,ms,pl,ei,initcwndbps,mn,mv,ratebypass,mime,gir,clen,lmt,dur", "manifest_url": "https://manifest.googlevideo.com/api/manifest/dash/itag/0/hfr/1/ipbits/0/mm/31/requiressl/yes/ms/au/pl/16/playback_host/r14---sn-4g57knd7.googlevideo.com/ei/vZ6JWbnNAZiGVqeavrAO/signature/1B6E50D7F5F265F63D2E9EEB11BF4C1CB19E3D0B.86463545DFEFB10A7B5DCFDCD9DF626F52B77D23/mt/1502191212/sparams/as%2Cei%2Chfr%2Cid%2Cinitcwndbps%2Cip%2Cipbits%2Citag%2Cmm%2Cmn%2Cms%2Cmv%2Cpl%2Cplayback_host%2Crequiressl%2Csource%2Cexpire/as/fmp4_audio_clear%2Cfmp4_sd_hd_clear/expire/1502212893/initcwndbps/4503750/mn/sn-4g57knd7/key/yt6/mv/m/source/youtube/id/ae40bca9a6fe9baa/ip/131.159.40.117", "width": 1920, "tbr": 3200.031, "asr": null, "fps": 24, "language": null, "filesize": 130805149, "acodec": "none", "format": "137 - 1920x1080 (DASH video)", "protocol": "https", "http_headers": {"User-Agent": "Mozilla/5.0 (X11; Linux x86_64; rv:10.0) Gecko/20150101 Firefox/47.0 (Chrome)", "Accept-Charset": "ISO-8859-1,utf-8;q=0.7,*;q=0.7", "Accept": "text/html,application/xhtml+xml,application/xml;q=0.9,*/*;q=0.8", "Accept-Encoding": "gzip, deflate", "Accept-Language": "en-us,en;q=0.5"}}, {"format_id": "17", "url": "https://r5---sn-4g5e6nlk.googlevideo.com/videoplayback?initcwndbps=4503750&signature=AA16CF0709AD32B149CE448E5CB8391AED184983.A0CF4535ADAEAD51385E383A6A186E8014A7AA9A&dur=456.831&itag=17&clen=4700482&key=yt6&ipbits=0&mt=1502191212&mv=m&id=o-AKgriBhTxfmxCpXPPwuUB6J5rzkd4OaV_T01T5_0khTw&ms=au&expire=1502212892&mime=video%2F3gpp&ip=131.159.40.117&requiressl=yes&mm=31&source=youtube&pl=16&mn=sn-4g5e6nlk&ei=vJ6JWdiqFo6oVpGPssAJ&gir=yes&sparams=clen%2Cdur%2Cei%2Cgir%2Cid%2Cinitcwndbps%2Cip%2Cipbits%2Citag%2Clmt%2Cmime%2Cmm%2Cmn%2Cms%2Cmv%2Cpl%2Crequiressl%2Csource%2Cexpire&lmt=1385103924348164&ratebypass=yes", "player_url": null, "ext": "3gp", "width": 176, "height": 144, "acodec": "mp4a.40.2", "abr": 24, "vcodec": "mp4v.20.3", "resolution": "176x144", "format_note": "small", "format": "17 - 176x144 (small)", "protocol": "https", "http_headers": {"User-Agent": "Mozilla/5.0 (X11; Linux x86_64; rv:10.0) Gecko/20150101 Firefox/47.0 (Chrome)", "Accept-Charset": "ISO-8859-1,utf-8;q=0.7,*;q=0.7", "Accept": "text/html,application/xhtml+xml,application/xml;q=0.9,*/*;q=0.8", "Accept-Encoding": "gzip, deflate", "Accept-Language": "en-us,en;q=0.5"}}, {"format_id": "36", "url": "https://r5---sn-4g5e6nlk.googlevideo.com/videoplayback?initcwndbps=4503750&signature=D057334E80CEAF813F690CDE798D789654743351.28A8C62102DC02E8EEBC3839AC76BC37CFDF8885&dur=456.691&itag=36&clen=12917850&key=yt6&ipbits=0&mt=1502191212&mv=m&id=o-AKgriBhTxfmxCpXPPwuUB6J5rzkd4OaV_T01T5_0khTw&ms=au&expire=1502212892&mime=video%2F3gpp&ip=131.159.40.117&requiressl=yes&mm=31&source=youtube&pl=16&mn=sn-4g5e6nlk&ei=vJ6JWdiqFo6oVpGPssAJ&gir=yes&sparams=clen%2Cdur%2Cei%2Cgir%2Cid%2Cinitcwndbps%2Cip%2Cipbits%2Citag%2Clmt%2Cmime%2Cmm%2Cmn%2Cms%2Cmv%2Cpl%2Crequiressl%2Csource%2Cexpire&lmt=1385103855969725&ratebypass=yes", "player_url": null, "ext": "3gp", "width": 320, "acodec": "mp4a.40.2", "vcodec": "mp4v.20.3", "resolution": "320x180", "height": 180, "format_note": "small", "format": "36 - 320x180 (small)", "protocol": "https", "http_headers": {"User-Agent": "Mozilla/5.0 (X11; Linux x86_64; rv:10.0) Gecko/20150101 Firefox/47.0 (Chrome)", "Accept-Charset": "ISO-8859-1,utf-8;q=0.7,*;q=0.7", "Accept": "text/html,application/xhtml+xml,application/xml;q=0.9,*/*;q=0.8", "Accept-Encoding": "gzip, deflate", "Accept-Language": "en-us,en;q=0.5"}}, {"format_id": "43", "url": "https://r5---sn-4g5e6nlk.googlevideo.com/videoplayback?initcwndbps=4503750&signature=3A4D82E2B81A3049D56D7B65C6459538A35FA48E.1AF71C8B3E9F4F71E83DB59B3DC44CA7E54016EE&dur=0.000&itag=43&clen=43195875&key=yt6&ratebypass=yes&ipbits=0&mt=1502191212&mv=m&id=o-AKgriBhTxfmxCpXPPwuUB6J5rzkd4OaV_T01T5_0khTw&ms=au&expire=1502212892&mime=video%2Fwebm&ip=131.159.40.117&requiressl=yes&mm=31&source=youtube&pl=16&mn=sn-4g5e6nlk&ei=vJ6JWdiqFo6oVpGPssAJ&gir=yes&sparams=clen%2Cdur%2Cei%2Cgir%2Cid%2Cinitcwndbps%2Cip%2Cipbits%2Citag%2Clmt%2Cmime%2Cmm%2Cmn%2Cms%2Cmv%2Cpl%2Cratebypass%2Crequiressl%2Csource%2Cexpire&lmt=1385045606238042", "player_url": null, "ext": "webm", "width": 640, "height": 360, "acodec": "vorbis", "abr": 128, "vcodec": "vp8.0", "resolution": "640x360", "format_note": "medium", "format": "43 - 640x360 (medium)", "protocol": "https", "http_headers": {"User-Agent": "Mozilla/5.0 (X11; Linux x86_64; rv:10.0) Gecko/20150101 Firefox/47.0 (Chrome)", "Accept-Charset": "ISO-8859-1,utf-8;q=0.7,*;q=0.7", "Accept": "text/html,application/xhtml+xml,application/xml;q=0.9,*/*;q=0.8", "Accept-Encoding": "gzip, deflate", "Accept-Language": "en-us,en;q=0.5"}}, {"format_id": "18", "url": "https://r5---sn-4g5e6nlk.googlevideo.com/videoplayback?initcwndbps=4503750&signature=B0B7F17D30409BA16FEA965D8ACF64A2243E0DD7.A99C7A15E3FA9F2C3410311438732E3E1D4E5380&dur=456.550&itag=18&clen=31369054&key=yt6&ratebypass=yes&ipbits=0&mt=1502191212&mv=m&id=o-AKgriBhTxfmxCpXPPwuUB6J5rzkd4OaV_T01T5_0khTw&ms=au&expire=1502212892&mime=video%2Fmp4&ip=131.159.40.117&requiressl=yes&mm=31&source=youtube&pl=16&mn=sn-4g5e6nlk&ei=vJ6JWdiqFo6oVpGPssAJ&gir=yes&sparams=clen%2Cdur%2Cei%2Cgir%2Cid%2Cinitcwndbps%2Cip%2Cipbits%2Citag%2Clmt%2Cmime%2Cmm%2Cmn%2Cms%2Cmv%2Cpl%2Cratebypass%2Crequiressl%2Csource%2Cexpire&lmt=1385103682312740", "player_url": null, "ext": "mp4", "width": 640, "height": 360, "acodec": "mp4a.40.2", "abr": 96, "vcodec": "avc1.42001E", "resolution": "640x360", "format_note": "medium", "format": "18 - 640x360 (medium)", "protocol": "https", "http_headers": {"User-Agent": "Mozilla/5.0 (X11; Linux x86_64; rv:10.0) Gecko/20150101 Firefox/47.0 (Chrome)", "Accept-Charset": "ISO-8859-1,utf-8;q=0.7,*;q=0.7", "Accept": "text/html,application/xhtml+xml,application/xml;q=0.9,*/*;q=0.8", "Accept-Encoding": "gzip, deflate", "Accept-Language": "en-us,en;q=0.5"}}, {"format_id": "22", "url": "https://r5---sn-4g5e6nlk.googlevideo.com/videoplayback?mt=1502191212&mv=m&id=o-AKgriBhTxfmxCpXPPwuUB6J5rzkd4OaV_T01T5_0khTw&ms=au&expire=1502212892&mime=video%2Fmp4&ip=131.159.40.117&initcwndbps=4503750&source=youtube&requiressl=yes&mm=31&signature=58C95784DD3FC76027973F3246D4C4588FC4486F.84D05A6496B0D75D128FDBC2D45EF45C09A31206&pl=16&mn=sn-4g5e6nlk&dur=456.550&itag=22&ei=vJ6JWdiqFo6oVpGPssAJ&key=yt6&sparams=dur%2Cei%2Cid%2Cinitcwndbps%2Cip%2Cipbits%2Citag%2Clmt%2Cmime%2Cmm%2Cmn%2Cms%2Cmv%2Cpl%2Cratebypass%2Crequiressl%2Csource%2Cexpire&lmt=1472099446765782&ratebypass=yes&ipbits=0", "player_url": null, "ext": "mp4", "width": 1280, "height": 720, "acodec": "mp4a.40.2", "abr": 192, "vcodec": "avc1.64001F", "resolution": "1280x720", "format_note": "hd720", "format": "22 - 1280x720 (hd720)", "protocol": "https", "http_headers": {"User-Agent": "Mozilla/5.0 (X11; Linux x86_64; rv:10.0) Gecko/20150101 Firefox/47.0 (Chrome)", "Accept-Charset": "ISO-8859-1,utf-8;q=0.7,*;q=0.7", "Accept": "text/html,application/xhtml+xml,application/xml;q=0.9,*/*;q=0.8", "Accept-Encoding": "gzip, deflate", "Accept-Language": "en-us,en;q=0.5"}}], "is_live": null, "start_time": null, "end_time": null, "series": null, "season_number": null, "episode_number": null, "extractor": "youtube", "webpage_url_basename": "rkC8qab-m6o", "extractor_key": "Youtube", "playlist": null, "playlist_index": null, "thumbnails": [{"url": "https://i.ytimg.com/vi/rkC8qab-m6o/hqdefault.jpg", "id": "0"}], "display_id": "rkC8qab-m6o", "ext": "mp4", "height": 1080, "format_note": "DASH video", "vcodec": "avc1.640028", "format_id": "137", "url": "https://r14---sn-4g57knd7.googlevideo.com/videoplayback?id=ae40bca9a6fe9baa&itag=137&source=youtube&requiressl=yes&mm=31&ms=au&pl=16&ei=vZ6JWbnNAZiGVqeavrAO&initcwndbps=4503750&mn=sn-4g57knd7&mv=m&ratebypass=yes&mime=video/mp4&gir=yes&clen=130805149&lmt=1385103631017106&dur=456.456&signature=54F876955FB10C75EF5C1D6C0127BD9156A9DD8B.831EF3631E470A44C7FE9A7B4643EADEBA29C9F8&mt=1502191212&key=dg_yt0&ip=131.159.40.117&ipbits=0&expire=1502212893&sparams=ip,ipbits,expire,id,itag,source,requiressl,mm,ms,pl,ei,initcwndbps,mn,mv,ratebypass,mime,gir,clen,lmt,dur", "manifest_url": "https://manifest.googlevideo.com/api/manifest/dash/itag/0/hfr/1/ipbits/0/mm/31/requiressl/yes/ms/au/pl/16/playback_host/r14---sn-4g57knd7.googlevideo.com/ei/vZ6JWbnNAZiGVqeavrAO/signature/1B6E50D7F5F265F63D2E9EEB11BF4C1CB19E3D0B.86463545DFEFB10A7B5DCFDCD9DF626F52B77D23/mt/1502191212/sparams/as%2Cei%2Chfr%2Cid%2Cinitcwndbps%2Cip%2Cipbits%2Citag%2Cmm%2Cmn%2Cms%2Cmv%2Cpl%2Cplayback_host%2Crequiressl%2Csource%2Cexpire/as/fmp4_audio_clear%2Cfmp4_sd_hd_clear/expire/1502212893/initcwndbps/4503750/mn/sn-4g57knd7/key/yt6/mv/m/source/youtube/id/ae40bca9a6fe9baa/ip/131.159.40.117", "width": 1920, "tbr": 3200.031, "asr": null, "fps": 24, "language": null, "filesize": 130805149, "acodec": "none", "format": "137 - 1920x1080 (DASH video)", "protocol": "https", "http_headers": {"User-Agent": "Mozilla/5.0 (X11; Linux x86_64; rv:10.0) Gecko/20150101 Firefox/47.0 (Chrome)", "Accept-Charset": "ISO-8859-1,utf-8;q=0.7,*;q=0.7", "Accept": "text/html,application/xhtml+xml,application/xml;q=0.9,*/*;q=0.8", "Accept-Encoding": "gzip, deflate", "Accept-Language": "en-us,en;q=0.5"}, "fulltitle": "\u041d\u0410\u0422\u0423\u0420\u0410\u041b\u042c\u041d\u042b\u0415 \u043f\u043e\u043a\u0443\u043f\u043a\u0438 / \u041f\u0420\u0410\u0412\u0418\u041b\u042c\u041d\u041e \u0443\u0445\u0430\u0436\u0438\u0432\u0430\u0435\u043c \u0437\u0430 \u041b\u0418\u0426\u041e\u041c \u0438 \u0412\u041e\u041b\u041e\u0421\u0410\u041c\u0418 + \u0435\u0434\u0430", "_filename": "rkC8qab-m6o.mp4"}