{"id": "9MXHGPK3oHw", "uploader": "K STAR \uc0dd\ubc29\uc1a1 \uc2a4\ud0c0\ub274\uc2a4", "uploader_id": "ystarnews", "uploader_url": "http://www.youtube.com/user/ystarnews", "upload_date": "20150323", "license": "Standard YouTube License", "creator": null, "title": "[ST\ub300\ub2f4] '\uad6d\ubbfc \uccab\uc0ac\ub791' \uc218\uc9c0 \u2661 '\ud55c\ub958 \uc2a4\ud0c0' \uc774\ubbfc\ud638, \ucd08\ud2b9\uae09 \uc2a4\ud0c0 \ucee4\ud50c \ud0c4\uc0dd", "alt_title": null, "thumbnail": "https://i.ytimg.com/vi/9MXHGPK3oHw/maxresdefault.jpg", "description": "\ucd08\ub300\ud615 \ud55c\ub958\uc2a4\ud0c0 \uc5f4\uc560\uc124\uc774 \ud55c\uad6d\uc744 \ub118\uc5b4 \uc911\uad6d\ub300\ub959\uc744 \ub4e4\uc369\uc774\uace0 \uc788\ub294\ub370\uc694. \uadf8 \uc8fc\uc778\uacf5\uc740 \uc774\ubbfc\ud638\uc640 \uc218\uc9c0\uc785\ub2c8\ub2e4.\n\n\uc790\uc138\ud55c \uc774\uc57c\uae30 \uba38\ub2c8\ud22c\ub370\uc774 \uc804\ud615\ud654 \uae30\uc790\uc640 \ub098\ub220\ubcf4\uaca0\uc2b5\ub2c8\ub2e4.\n\n\nQ) \uc774\ubbfc\ud638\uc640 \uc218\uc9c0\uc758 \uc5f4\uc560\uc124\uc774 \uc5b4\uc81c \ubcf4\ub3c4\uac00 \ub410\ub294\ub370\uc694.\n\nA) \uadf8\ub807\uc2b5\ub2c8\ub2e4. \ub450 \uc0ac\ub78c\uc774 \uac01\uac01 \ud574\uc678\uc5d0\uc11c \ud654\ubcf4 \ucd2c\uc601\uc744 \ud558\ub7ec \uac14\ub2e4\uac00 \ub370\uc774\ud2b8\ub97c \uc990\uacbc\ub2e4\ub294 \uc0ac\uc2e4\uc774 \uc54c\ub824\uc84c\ub294\ub370\uc694. \uc774\ubbfc\ud638\ub294 \ud654\ubcf4 \ucd2c\uc601\uc744 \uc704\ud574 \uc9c0\ub09c 10\uc77c \ud30c\ub9ac\ub85c \ucd9c\uad6d\uc744 \ud588\uace0, \uc218\uc9c0\ub294 \ub7f0\ub358\uc73c\ub85c \ucd9c\uad6d\uc744 \ud588\ub294\ub370\uc694. \ub450 \uc0ac\ub78c\uc740 \ubaa8\ub4e0 \uc77c\uc815\uc744 \ub05d\ub9c8\uce5c \ub4a4 \uc9c0\ub09c 15\uc77c \ub7f0\ub358\uc758 \ud55c \ud638\ud154\uc5d0\uc11c \ub9cc\ub098 \ub370\uc774\ud2b8\ub97c \uc990\uacbc\ub2e4\ub294 \uc0ac\uc2e4\uc774 \uc804\ud574\uc84c\uc2b5\ub2c8\ub2e4. \uc774\ubbfc\ud638\uac00 \ud30c\ub9ac \uc77c\uc815\uc744 \ub9c8\uce5c \ub4a4 \ub7f0\ub358\ud589 \uc720\ub85c\uc2a4\ud0c0\ub97c \ud0c0\uace0 \uc218\uc9c0\ub97c \ucc3e\uc544\uac14\uace0, \uc774\ubbfc\ud638\uac00 \ubca4\uce20\ub97c \ub80c\ud2b8\ud574\uc11c \uc218\uc9c0\uac00 \uba38\ubb3c\ub358 \ud638\ud154\uc5d0\uc11c \uc0f9\uadf8\ub9b4\ub77c \ud638\ud154\ub85c \ub370\ub9ac\uace0 \uac14\ub2e4\ub294 \uac83\uc778\ub370\uc694.\ub450 \uc0ac\ub78c\uc758 \uc5f4\uc560\ub97c \ubcf4\ub3c4\ud55c \ub9e4\uccb4\ub294 \uc774\ubbfc\ud638\uac00 \ud574\uc678 \ud589\uc0ac \ub54c\ubb38\uc5d0 \ud55c\uad6d\uc744 \ube44\uc6b4 \ub0a0\uc744 \uc81c\uc678\ud558\uba74 \uac70\uc758 \ub300\ubd80\ubd84 \ub9cc\ub0ac\ub2e4\uace0 \uc804\ud588\uc2b5\ub2c8\ub2e4.\n\n\nQ) \uc774\ubbfc\ud638\uc640 \uc218\uc9c0\uac00 \uc6cc\ub099 \uc778\uae30\uac00 \ub192\uc544\uc11c \ub9ce\uc740 \ubd84\ub4e4\uc774 \uae5c\uc9dd \ub180\ub790\uc744\ud150\ub370\uc694. \uacb0\uad6d \uc591\uce21\uc774 \uc5f4\uc560 \uc0ac\uc2e4\uc744 \uc778\uc815\uc744 \ud588\ub294\ub370\uc694\n\nA) \uc5f4\uc560\uc124\uc774 \ucc98\uc74c \uc54c\ub824\uc9c0\uc790 \uc591\uce21\uc740 \ub450 \uc2dc\uac04 \uc5ec \ub3d9\uc548 \uce68\ubb35\uc744 \uc9c0\ud0a4\ub2e4\uac00 \uc5f4\uc560 \uc0ac\uc2e4\uc744 \uacb0\uad6d \uc778\uc815\ud588\uc2b5\ub2c8\ub2e4. \ub450 \uc2dc\uac04 \ub3d9\uc548 \uc11c\ub85c \ub9ce\uc740 \ud68c\uc758\ub97c \ud588\uaca0\uc8e0. \ud2b9\ud788 \uc218\uc9c0\uac00 \uc18c\uc18d\ub41c JYP\uc5d4\ud130\ud14c\uc778\uba3c\ud2b8\ub294 \uace0\ubbfc\uc774 \ub9ce\uc558\uc744 \uac83 \uac19\uc740\ub370\uc694. \uc218\uc9c0\uac00 \uc18d\ud55c \uac78\uadf8\ub8f9 \ubbf8\uc4f0\uc5d0\uc774 \ucef4\ubc31\ub3c4 \uc55e\ub450\uace0 \uc788\uc73c\ub2c8\uae50\uc694. \uc5b4\uc9f8\ub4e0 \uc774\ubbfc\ud638 \uce21\uc740 '\uc870\uc2ec\uc2a4\ub7fd\uac8c \uc11c\ub85c \ud638\uac10\uc744 \uac16\uace0 \ub9cc\ub0a8\uc744 \uc774\uc5b4\uac00\uace0 \uc788\ub2e4. \ub9cc\ub09c \uac83\uc740 \ud55c \ub2ec \uc815\ub3c4 \ub410\ub2e4'\uace0 \ubc1d\ud614\uc2b5\ub2c8\ub2e4. \uc218\uc9c0 \uce21\ub3c4 '\ud55c \ub2ec\uc9f8 \ub9cc\ub098\uace0 \uc788\ub2e4. \ub9c9 \uc2dc\uc791\ud558\ub294 \ub2e8\uacc4\ub2e4. \ub530\ub73b\ud55c \uc2dc\uc120\uc73c\ub85c \ubd10\ub2ec\ub77c'\uace0 \uc804\ud588\uc2b5\ub2c8\ub2e4. \uc591\ucabd\uc740 \uc544\ub2c8\ub77c\uace0\ub3c4 \ud558\uace0 \uc2f6\uc5c8\uaca0\uc9c0\ub9cc, \uc544\ub2c8\ub77c\uace0 \ud558\uae30\uc5d4 \uae30\uc0ac\uc758 \uc5ec\ubc31\uc774 \ub450\ub824\uc6e0\ub358 \uac83 \uac19\uc2b5\ub2c8\ub2e4. \ub7f0\ub358\uc5d0\uc11c \ub9cc\ub09c \ub2e4\uc74c \uc774\uc57c\uae30\uac00 \uc5c6\uc8e0. \uc591\ucabd\uc774 \uc785\uc744 \ub9de\ucd98 \uac83\ub3c4 \uadf8 \ub54c\ubb38\uc778 \uac83 \uac19\uc2b5\ub2c8\ub2e4.\n\n\nQ) \ud55c\uad6d\ub3c4 \uc0c1\ub2f9\ud55c \ud654\uc81c\uc600\uc9c0\ub9cc \uc911\uad6d\uc5d0\uc120 \ud2b9\ud788 \uc5c4\uccad\ub09c\ub370\uc694. \uc774\ubbfc\ud638\uac00 \uc6cc\ub099 \ud55c\ub958\uc2a4\ud0c0\ub85c \uc911\uad6d\uc5d0\uc11c \uc778\uae30\uac00 \ub192\uc73c\ub2c8 \ubc18\uc751\ub3c4 \uc2e4\uc2dc\uac04\uc73c\ub85c \uc804\ud574\uc84c\ub294\ub370\uc694\n\nA) \ubbfc\ud638\ub294 \ub4dc\ub77c\ub9c8 [\uaf43\ubcf4\ub2e4 \ub0a8\uc790]\ub97c \ube44\ub86f\ud574 [\uc2dc\ud2f0\ud5cc\ud130] [\uc0c1\uc18d\uc790\ub4e4]\ub85c \uc911\uad6d\uc5d0\uc11c \uc5c4\uccad\ub09c \uc778\uae30\ub97c \ub204\ub9ac\uace0 \uc788\ub294\ub370\uc694. \uadf8\ub7f0 \ub9cc\ud07c \ubc18\uc751\uc774 \ub728\uac70\uc6e0\uc2b5\ub2c8\ub2e4. \ub450 \uc0ac\ub78c\uc758 \uc5f4\uc560\uc124\uc774 \uc54c\ub824\uc9c0\uc790 \uc911\uad6d\ud310 \ud2b8\uc704\ud130\uc778 \uc6e8\uc774\ubcf4 \uc2e4\uc2dc\uac04 \uac80\uc0c9 1\uc704\uac00 \uc774\ubbfc\ud638\uc640 \uc218\uc9c0, \uadf8\ub9ac\uace0 \uc774\ubbfc\ud638 \uc5ec\uc790\uce5c\uad6c\uac00 3\uc704, \uc774\ubbfc\ud638\uac00 10\uc704\uc5d0 \uc62c\ub790\uc744 \uc815\ub3c4\uc778\ub370\uc694. \uc18c\uc2dd\uc744 \ub4e3\uc790\ub9c8\uc790 \uc5c4\uccad\ub09c \uad00\uc2ec\uc744 \uae30\uc6b8\uc600\ub2e8 \ub73b\uc785\ub2c8\ub2e4. \uc911\uad6d \uc5f0\uc560\ub9e4\uccb4\ub4e4\uc740 \ub450 \uc0ac\ub78c\uc774 \uc5f4\uc560\ub97c \uc778\uc815\ud558\uc790 \uc18d\ubcf4\ub85c \ud5e4\ub4dc\ub77c\uc778\uc73c\ub85c \uc18c\uc2dd\uc744 \uc804\ud558\uae30\ub3c4 \ud588\uc2b5\ub2c8\ub2e4. \ubc18\uc751\ub3c4 \uac01\uc591\uac01\uc0c9\uc778\ub370\uc694. \uc790\uace0 \uc77c\uc5b4\ub098\ub2c8 \ud3ed\ud0c4\uc774 \ud138\uc5b4\uc84c\ub2e4\ub294 \ubc18\uc751\ubd80\ud130 \uc6b8\uace0 \uc2f6\uc9c0\ub9cc \uc6b8\uc9c0 \uc54a\uc744 \uac83\uc774\ub2e4\ub780 \ubc18\uc751\ub3c4 \ub9ce\uc558\uc2b5\ub2c8\ub2e4. \ub0a8\uc2e0\uacfc \uc5ec\uc2e0\uc758 \ub9cc\ub0a8\uc774\ub77c\ub294 \ubc18\uc751\ub3c4 \ub9ce\uc558\uad6c\uc694.\n\n\nQ)  \uc218\uc9c0\ub294 \ubbf8\uc4f0\uc5d0\uc774\uac00 \ucef4\ubc31\uc744 \ubc14\ub85c \uc55e\ub450\uace0 \uc788\uc5b4\uc11c \ub354\uc6b1 \uc8fc\ubaa9\uc744 \ubc1b\uc744\ud150\ub370\uc694. \uc1fc\ucf00\uc774\uc2a4\uc5d0\uc11c \uc5f4\uc560 \uad00\ub828 \uc785\uc7a5\uc744 \ubc1d\ud790\uc9c0\ub3c4 \uad00\uc2ec\uc774\uad6c\uc694\n\nA) \uc5f4\uc560 \uc0ac\uc2e4\uc774 \uc54c\ub824\uc9c0\uba74\uc11c \ubd80\ub2f4\uc2a4\ub7fd\uae30\ub294 \ud558\uc9c0\ub9cc \uc77c\uc815\uc744 \uc870\uc815\ud558\uc9c0\ub294 \uc54a\uc558\uc2b5\ub2c8\ub2e4. \ubbf8\uc4f0\uc5d0\uc774\ub294 \uc608\uc815\ub300\ub85c \uc624\ub294 30\uc77c \ucef4\ubc31\uc744 \ud558\ub294\ub370\uc694. \uc774\ub0a0 \uc5b8\ub860\uc744 \ub300\uc0c1\uc73c\ub85c \uc1fc\ucf00\uc774\uc2a4\ub97c \ud569\ub2c8\ub2e4. \ubbf8\uc4f0\uc5d0\uc774 \ucef4\ubc31\ub3c4 \ud654\uc81c\ub97c \uc0c0\uc5c8\uaca0\uc9c0\ub9cc \uc218\uc9c0\uc640 \uc774\ubbfc\ud638\uc758 \uc5f4\uc560 \uc0ac\uc2e4\uc774 \uc54c\ub824\uc9c4 \ub4a4 \uccab \uacf5\uc2dd\uc11d\uc0c1\uc774\ub2c8 \uc774\ub0a0 \ucde8\uc7ac\uc5f4\uae30\uac00 \uc0c1\ub2f9\ud560 \uac83\uc73c\ub85c \ubcf4\uc785\ub2c8\ub2e4. \uc6cc\ub099 \uad00\uc2ec\uc774 \ud06c\ub2c8 \uc218\uc9c0\ub3c4 \uc9e7\uac8c\ub098\ub9c8 \uc2ec\uacbd\uc744 \uc804\ud560 \uac83\uc73c\ub85c \uc54c\ub824\uc84c\ub294\ub370\uc694. \uc774\ubbfc\ud638\uc640 \uc5f4\uc560\uc5d0 \ub300\ud574 \uc9c8\ubb38\uc744 \ubc1b\uc544\uc11c \uc774\uc57c\uae30\ub97c \ud558\ub290\ub2c8 \uac04\ub2e8\ud558\uac8c \uc18c\uac10 \uc815\ub3c4\ub97c \uc804\ud558\ub294 \uac83\uc73c\ub85c \ub2e4\ub978 \uc774\uc57c\uae30\ub85c \ubc88\uc9c0\ub294 \uac78 \ucc28\ub2e8\ud560 \uac83 \uac19\uc2b5\ub2c8\ub2e4. \uc218\uc9c0\ub294 28\uc77c\uc5d0\ub294 [\ud574\ud53c\ud22c\uac8c\ub3543] \ub179\ud654\uc5d0\ub3c4 \ucc38\uc5ec\ud558\ub294\ub370\uc694. \uc774\ubbfc\ud638\uc640 \uc774\uc57c\uae30\ub97c \uc544\uc608 \uc548\ud560 \uc218\ub294 \uc5c6\uaca0\uc8e0. \uc798 \ub9cc\ub098\uace0 \uc788\ub2e4, \uc815\ub3c4\ub85c \uc218\uc704 \uc870\uc808\uc744 \ud560 \uac83 \uac19\uc2b5\ub2c8\ub2e4. \ubbf8\uc4f0\uc5d0\uc774\ub294 4\uc6d42\uc77c [\uc5e0\uce74\uc6b4\ud2b8\ub2e4\uc6b4]\uc73c\ub85c \ucef4\ubc31 \ud6c4 \uccab \uac00\uc694\ud504\ub85c\uadf8\ub7a8\uc5d0 \ucd9c\uc5f0\ud558\ub294\ub370\uc694. \ub2f9\ubd84\uac04 \ubbf8\uc4f0\uc5d0\uc774\uc640 \uc218\uc9c0\uc5d0 \ub300\ud55c \uc8fc\ubaa9\uc740 \uacc4\uc18d\ub420 \uac83 \uac19\uc2b5\ub2c8\ub2e4.", "categories": ["Entertainment"], "tags": ["\uc218\uc9c0", "\uc774\ubbfc\ud638", "\ubc30\uc6b0 \uc774\ubbfc\ud638", "\uac00\uc218 \uc218\uc9c0", "\ubbf8\uc4f0\uc5d0\uc774", "\uc218\uc9c0 \uc774\ubbfc\ud638", "\uc774\ubbfc\ud638 \uc218\uc9c0"], "subtitles": {}, "automatic_captions": {}, "duration": 480, "age_limit": 0, "annotations": null, "chapters": null, "webpage_url": "https://www.youtube.com/watch?v=9MXHGPK3oHw", "view_count": 10090, "like_count": 57, "dislike_count": 7, "average_rating": 4.5625, "formats": [{"ext": "m4a", "format_note": "DASH audio", "acodec": "mp4a.40.5", "abr": 48, "container": "m4a_dash", "format_id": "139", "url": "https://r2---sn-4g5e6ns7.googlevideo.com/videoplayback?id=f4c5c718f2b7a07c&itag=139&source=youtube&requiressl=yes&initcwndbps=4567500&mv=m&ms=au&mn=sn-4g5e6ns7&pl=16&ei=aNaJWZK9OsaEcY32rtAC&mm=31&ratebypass=yes&mime=audio/mp4&gir=yes&clen=2894764&lmt=1427541539320171&dur=479.769&mt=1502205342&signature=1457279E31B9F8BBA980CB8D355BE11AD44F8E75.7BD2088816F3BA81B8284B7E4697E9AF2E056986&key=dg_yt0&ip=131.159.40.117&ipbits=0&expire=1502227145&sparams=ip,ipbits,expire,id,itag,source,requiressl,initcwndbps,mv,ms,mn,pl,ei,mm,ratebypass,mime,gir,clen,lmt,dur", "manifest_url": "https://manifest.googlevideo.com/api/manifest/dash/initcwndbps/4567500/mt/1502205342/as/fmp4_audio_clear%2Cfmp4_sd_hd_clear/mv/m/ip/131.159.40.117/ms/au/mn/sn-4g5e6ns7/pl/16/signature/A39088F0B39DD52D4CAA14B171871A448A6E35F9.0448DDF205CF6E51372FFD8ABF665F92578E0A8F/id/f4c5c718f2b7a07c/expire/1502227145/requiressl/yes/ipbits/0/hfr/1/ei/aNaJWZK9OsaEcY32rtAC/sparams/as%2Cei%2Chfr%2Cid%2Cinitcwndbps%2Cip%2Cipbits%2Citag%2Cmm%2Cmn%2Cms%2Cmv%2Cpl%2Cplayback_host%2Crequiressl%2Csource%2Cexpire/source/youtube/mm/31/playback_host/r2---sn-4g5e6ns7.googlevideo.com/key/yt6/itag/0", "width": null, "height": null, "tbr": 49.492, "asr": 22050, "fps": null, "language": null, "filesize": 2894764, "vcodec": "none", "format": "139 - audio only (DASH audio)", "protocol": "https", "http_headers": {"User-Agent": "Mozilla/5.0 (X11; Linux x86_64; rv:10.0) Gecko/20150101 Firefox/47.0 (Chrome)", "Accept-Charset": "ISO-8859-1,utf-8;q=0.7,*;q=0.7", "Accept": "text/html,application/xhtml+xml,application/xml;q=0.9,*/*;q=0.8", "Accept-Encoding": "gzip, deflate", "Accept-Language": "en-us,en;q=0.5"}}, {"format_id": "249", "url": "https://r2---sn-4g5e6ns7.googlevideo.com/videoplayback?keepalive=yes&itag=249&requiressl=yes&ei=aNaJWbvdFZCBcKuYoYgP&mn=sn-4g5e6ns7&gir=yes&mm=31&dur=479.621&id=o-APqv_R_of2LvnSGv4HKkPwyuDPwtLD91mq1ae8eap475&source=youtube&ip=131.159.40.117&clen=3039592&mv=m&mt=1502205342&ms=au&expire=1502227144&signature=4F9EBE831603A8E2675CB89A4D2358B67964F231.36350C59FC2524B71FE91203D27D46CBDD4AAEF2&lmt=1427517756851307&mime=audio%2Fwebm&sparams=clen%2Cdur%2Cei%2Cgir%2Cid%2Cinitcwndbps%2Cip%2Cipbits%2Citag%2Ckeepalive%2Clmt%2Cmime%2Cmm%2Cmn%2Cms%2Cmv%2Cpl%2Crequiressl%2Csource%2Cexpire&key=yt6&pl=16&ipbits=0&initcwndbps=4567500&ratebypass=yes", "player_url": null, "ext": "webm", "format_note": "DASH audio", "acodec": "opus", "abr": 50, "filesize": 3039592, "tbr": 52.811, "vcodec": "none", "format": "249 - audio only (DASH audio)", "protocol": "https", "http_headers": {"User-Agent": "Mozilla/5.0 (X11; Linux x86_64; rv:10.0) Gecko/20150101 Firefox/47.0 (Chrome)", "Accept-Charset": "ISO-8859-1,utf-8;q=0.7,*;q=0.7", "Accept": "text/html,application/xhtml+xml,application/xml;q=0.9,*/*;q=0.8", "Accept-Encoding": "gzip, deflate", "Accept-Language": "en-us,en;q=0.5"}}, {"format_id": "250", "url": "https://r2---sn-4g5e6ns7.googlevideo.com/videoplayback?keepalive=yes&itag=250&requiressl=yes&ei=aNaJWbvdFZCBcKuYoYgP&mn=sn-4g5e6ns7&gir=yes&mm=31&dur=479.621&id=o-APqv_R_of2LvnSGv4HKkPwyuDPwtLD91mq1ae8eap475&source=youtube&ip=131.159.40.117&clen=3852178&mv=m&mt=1502205342&ms=au&expire=1502227144&signature=99F6E39DEA6499168AF657263B5B27456C3E7E3F.BFA49FEC99103DC41777180CB49DAAA7F3A14ABF&lmt=1427517754117712&mime=audio%2Fwebm&sparams=clen%2Cdur%2Cei%2Cgir%2Cid%2Cinitcwndbps%2Cip%2Cipbits%2Citag%2Ckeepalive%2Clmt%2Cmime%2Cmm%2Cmn%2Cms%2Cmv%2Cpl%2Crequiressl%2Csource%2Cexpire&key=yt6&pl=16&ipbits=0&initcwndbps=4567500&ratebypass=yes", "player_url": null, "ext": "webm", "format_note": "DASH audio", "acodec": "opus", "abr": 70, "filesize": 3852178, "tbr": 72.736, "vcodec": "none", "format": "250 - audio only (DASH audio)", "protocol": "https", "http_headers": {"User-Agent": "Mozilla/5.0 (X11; Linux x86_64; rv:10.0) Gecko/20150101 Firefox/47.0 (Chrome)", "Accept-Charset": "ISO-8859-1,utf-8;q=0.7,*;q=0.7", "Accept": "text/html,application/xhtml+xml,application/xml;q=0.9,*/*;q=0.8", "Accept-Encoding": "gzip, deflate", "Accept-Language": "en-us,en;q=0.5"}}, {"format_id": "171", "url": "https://r2---sn-4g5e6ns7.googlevideo.com/videoplayback?keepalive=yes&itag=171&requiressl=yes&ei=aNaJWbvdFZCBcKuYoYgP&mn=sn-4g5e6ns7&gir=yes&mm=31&dur=479.618&id=o-APqv_R_of2LvnSGv4HKkPwyuDPwtLD91mq1ae8eap475&source=youtube&ip=131.159.40.117&clen=5193206&mv=m&mt=1502205342&ms=au&expire=1502227144&signature=CEA8DABBACDB2D27989426F109F57B0E37153C6A.0797FC8AAC4BA70CD22F5052959C5D24A0EA4F00&lmt=1427517772960772&mime=audio%2Fwebm&sparams=clen%2Cdur%2Cei%2Cgir%2Cid%2Cinitcwndbps%2Cip%2Cipbits%2Citag%2Ckeepalive%2Clmt%2Cmime%2Cmm%2Cmn%2Cms%2Cmv%2Cpl%2Crequiressl%2Csource%2Cexpire&key=yt6&pl=16&ipbits=0&initcwndbps=4567500&ratebypass=yes", "player_url": null, "ext": "webm", "acodec": "vorbis", "format_note": "DASH audio", "abr": 128, "filesize": 5193206, "tbr": 94.01, "vcodec": "none", "format": "171 - audio only (DASH audio)", "protocol": "https", "http_headers": {"User-Agent": "Mozilla/5.0 (X11; Linux x86_64; rv:10.0) Gecko/20150101 Firefox/47.0 (Chrome)", "Accept-Charset": "ISO-8859-1,utf-8;q=0.7,*;q=0.7", "Accept": "text/html,application/xhtml+xml,application/xml;q=0.9,*/*;q=0.8", "Accept-Encoding": "gzip, deflate", "Accept-Language": "en-us,en;q=0.5"}}, {"ext": "m4a", "format_note": "DASH audio", "acodec": "mp4a.40.2", "abr": 128, "container": "m4a_dash", "format_id": "140", "url": "https://r2---sn-4g5e6ns7.googlevideo.com/videoplayback?id=f4c5c718f2b7a07c&itag=140&source=youtube&requiressl=yes&initcwndbps=4567500&mv=m&ms=au&mn=sn-4g5e6ns7&pl=16&ei=aNaJWZK9OsaEcY32rtAC&mm=31&ratebypass=yes&mime=audio/mp4&gir=yes&clen=7701450&lmt=1427541540139186&dur=479.677&mt=1502205342&signature=6108C5CDC4DC0259836CBAFDB34B0DF509A2731B.99E8B098C1CC9C0F3024D3592DF26629AEEF6BA5&key=dg_yt0&ip=131.159.40.117&ipbits=0&expire=1502227145&sparams=ip,ipbits,expire,id,itag,source,requiressl,initcwndbps,mv,ms,mn,pl,ei,mm,ratebypass,mime,gir,clen,lmt,dur", "manifest_url": "https://manifest.googlevideo.com/api/manifest/dash/initcwndbps/4567500/mt/1502205342/as/fmp4_audio_clear%2Cfmp4_sd_hd_clear/mv/m/ip/131.159.40.117/ms/au/mn/sn-4g5e6ns7/pl/16/signature/A39088F0B39DD52D4CAA14B171871A448A6E35F9.0448DDF205CF6E51372FFD8ABF665F92578E0A8F/id/f4c5c718f2b7a07c/expire/1502227145/requiressl/yes/ipbits/0/hfr/1/ei/aNaJWZK9OsaEcY32rtAC/sparams/as%2Cei%2Chfr%2Cid%2Cinitcwndbps%2Cip%2Cipbits%2Citag%2Cmm%2Cmn%2Cms%2Cmv%2Cpl%2Cplayback_host%2Crequiressl%2Csource%2Cexpire/source/youtube/mm/31/playback_host/r2---sn-4g5e6ns7.googlevideo.com/key/yt6/itag/0", "width": null, "height": null, "tbr": 129.614, "asr": 44100, "fps": null, "language": null, "filesize": 7701450, "vcodec": "none", "format": "140 - audio only (DASH audio)", "protocol": "https", "http_headers": {"User-Agent": "Mozilla/5.0 (X11; Linux x86_64; rv:10.0) Gecko/20150101 Firefox/47.0 (Chrome)", "Accept-Charset": "ISO-8859-1,utf-8;q=0.7,*;q=0.7", "Accept": "text/html,application/xhtml+xml,application/xml;q=0.9,*/*;q=0.8", "Accept-Encoding": "gzip, deflate", "Accept-Language": "en-us,en;q=0.5"}}, {"format_id": "251", "url": "https://r2---sn-4g5e6ns7.googlevideo.com/videoplayback?keepalive=yes&itag=251&requiressl=yes&ei=aNaJWbvdFZCBcKuYoYgP&mn=sn-4g5e6ns7&gir=yes&mm=31&dur=479.621&id=o-APqv_R_of2LvnSGv4HKkPwyuDPwtLD91mq1ae8eap475&source=youtube&ip=131.159.40.117&clen=9579204&mv=m&mt=1502205342&ms=au&expire=1502227144&signature=8D1F0C7E626283DFDFA2BB256788971264FDA5BE.B3BC38412D0E23227B200230B2B7E446720504A0&lmt=1427517753785606&mime=audio%2Fwebm&sparams=clen%2Cdur%2Cei%2Cgir%2Cid%2Cinitcwndbps%2Cip%2Cipbits%2Citag%2Ckeepalive%2Clmt%2Cmime%2Cmm%2Cmn%2Cms%2Cmv%2Cpl%2Crequiressl%2Csource%2Cexpire&key=yt6&pl=16&ipbits=0&initcwndbps=4567500&ratebypass=yes", "player_url": null, "ext": "webm", "format_note": "DASH audio", "acodec": "opus", "abr": 160, "filesize": 9579204, "tbr": 174.228, "vcodec": "none", "format": "251 - audio only (DASH audio)", "protocol": "https", "http_headers": {"User-Agent": "Mozilla/5.0 (X11; Linux x86_64; rv:10.0) Gecko/20150101 Firefox/47.0 (Chrome)", "Accept-Charset": "ISO-8859-1,utf-8;q=0.7,*;q=0.7", "Accept": "text/html,application/xhtml+xml,application/xml;q=0.9,*/*;q=0.8", "Accept-Encoding": "gzip, deflate", "Accept-Language": "en-us,en;q=0.5"}}, {"ext": "mp4", "height": 144, "format_note": "DASH video", "vcodec": "avc1.4d400c", "format_id": "160", "url": "https://r2---sn-4g5e6ns7.googlevideo.com/videoplayback?id=f4c5c718f2b7a07c&itag=160&source=youtube&requiressl=yes&initcwndbps=4567500&mv=m&ms=au&mn=sn-4g5e6ns7&pl=16&ei=aNaJWZK9OsaEcY32rtAC&mm=31&ratebypass=yes&mime=video/mp4&gir=yes&clen=6584964&lmt=1427541619271578&dur=479.445&mt=1502205342&signature=65D9C7B4D6C84B95CEF9800988D08312A042FE13.90A4587C5AE58C7A17F8BE7DBE8D9A76F3C8C13E&key=dg_yt0&ip=131.159.40.117&ipbits=0&expire=1502227145&sparams=ip,ipbits,expire,id,itag,source,requiressl,initcwndbps,mv,ms,mn,pl,ei,mm,ratebypass,mime,gir,clen,lmt,dur", "manifest_url": "https://manifest.googlevideo.com/api/manifest/dash/initcwndbps/4567500/mt/1502205342/as/fmp4_audio_clear%2Cfmp4_sd_hd_clear/mv/m/ip/131.159.40.117/ms/au/mn/sn-4g5e6ns7/pl/16/signature/A39088F0B39DD52D4CAA14B171871A448A6E35F9.0448DDF205CF6E51372FFD8ABF665F92578E0A8F/id/f4c5c718f2b7a07c/expire/1502227145/requiressl/yes/ipbits/0/hfr/1/ei/aNaJWZK9OsaEcY32rtAC/sparams/as%2Cei%2Chfr%2Cid%2Cinitcwndbps%2Cip%2Cipbits%2Citag%2Cmm%2Cmn%2Cms%2Cmv%2Cpl%2Cplayback_host%2Crequiressl%2Csource%2Cexpire/source/youtube/mm/31/playback_host/r2---sn-4g5e6ns7.googlevideo.com/key/yt6/itag/0", "width": 256, "tbr": 113.176, "asr": null, "fps": 15, "language": null, "filesize": 6584964, "acodec": "none", "format": "160 - 256x144 (DASH video)", "protocol": "https", "http_headers": {"User-Agent": "Mozilla/5.0 (X11; Linux x86_64; rv:10.0) Gecko/20150101 Firefox/47.0 (Chrome)", "Accept-Charset": "ISO-8859-1,utf-8;q=0.7,*;q=0.7", "Accept": "text/html,application/xhtml+xml,application/xml;q=0.9,*/*;q=0.8", "Accept-Encoding": "gzip, deflate", "Accept-Language": "en-us,en;q=0.5"}}, {"format_id": "278", "url": "https://r2---sn-4g5e6ns7.googlevideo.com/videoplayback?keepalive=yes&itag=278&requiressl=yes&ei=aNaJWbvdFZCBcKuYoYgP&mn=sn-4g5e6ns7&gir=yes&mm=31&dur=479.412&id=o-APqv_R_of2LvnSGv4HKkPwyuDPwtLD91mq1ae8eap475&source=youtube&ip=131.159.40.117&clen=5131867&mv=m&mt=1502205342&ms=au&expire=1502227144&signature=D43C73D5DD248705410C16AF8980F09A99AE3F87.2F2E4E135795D28038C26B3C0649856B3C2B3349&lmt=1427517893532071&mime=video%2Fwebm&sparams=clen%2Cdur%2Cei%2Cgir%2Cid%2Cinitcwndbps%2Cip%2Cipbits%2Citag%2Ckeepalive%2Clmt%2Cmime%2Cmm%2Cmn%2Cms%2Cmv%2Cpl%2Crequiressl%2Csource%2Cexpire&key=yt6&pl=16&ipbits=0&initcwndbps=4567500&ratebypass=yes", "player_url": null, "ext": "webm", "height": 144, "format_note": "144p", "container": "webm", "vcodec": "vp9", "filesize": 5131867, "tbr": 116.103, "width": 256, "fps": 15, "acodec": "none", "format": "278 - 256x144 (144p)", "protocol": "https", "http_headers": {"User-Agent": "Mozilla/5.0 (X11; Linux x86_64; rv:10.0) Gecko/20150101 Firefox/47.0 (Chrome)", "Accept-Charset": "ISO-8859-1,utf-8;q=0.7,*;q=0.7", "Accept": "text/html,application/xhtml+xml,application/xml;q=0.9,*/*;q=0.8", "Accept-Encoding": "gzip, deflate", "Accept-Language": "en-us,en;q=0.5"}}, {"ext": "mp4", "height": 240, "format_note": "DASH video", "vcodec": "avc1.4d4015", "format_id": "133", "url": "https://r2---sn-4g5e6ns7.googlevideo.com/videoplayback?id=f4c5c718f2b7a07c&itag=133&source=youtube&requiressl=yes&initcwndbps=4567500&mv=m&ms=au&mn=sn-4g5e6ns7&pl=16&ei=aNaJWZK9OsaEcY32rtAC&mm=31&ratebypass=yes&mime=video/mp4&gir=yes&clen=14649109&lmt=1427541632673183&dur=479.445&mt=1502205342&signature=9ABEECA05AF77E2CDEF417C8480D72B684D4D3C4.3ABD61BD8E5402FB5EF0058640B5C6D99A8700B2&key=dg_yt0&ip=131.159.40.117&ipbits=0&expire=1502227145&sparams=ip,ipbits,expire,id,itag,source,requiressl,initcwndbps,mv,ms,mn,pl,ei,mm,ratebypass,mime,gir,clen,lmt,dur", "manifest_url": "https://manifest.googlevideo.com/api/manifest/dash/initcwndbps/4567500/mt/1502205342/as/fmp4_audio_clear%2Cfmp4_sd_hd_clear/mv/m/ip/131.159.40.117/ms/au/mn/sn-4g5e6ns7/pl/16/signature/A39088F0B39DD52D4CAA14B171871A448A6E35F9.0448DDF205CF6E51372FFD8ABF665F92578E0A8F/id/f4c5c718f2b7a07c/expire/1502227145/requiressl/yes/ipbits/0/hfr/1/ei/aNaJWZK9OsaEcY32rtAC/sparams/as%2Cei%2Chfr%2Cid%2Cinitcwndbps%2Cip%2Cipbits%2Citag%2Cmm%2Cmn%2Cms%2Cmv%2Cpl%2Cplayback_host%2Crequiressl%2Csource%2Cexpire/source/youtube/mm/31/playback_host/r2---sn-4g5e6ns7.googlevideo.com/key/yt6/itag/0", "width": 426, "tbr": 248.289, "asr": null, "fps": 30, "language": null, "filesize": 14649109, "acodec": "none", "format": "133 - 426x240 (DASH video)", "protocol": "https", "http_headers": {"User-Agent": "Mozilla/5.0 (X11; Linux x86_64; rv:10.0) Gecko/20150101 Firefox/47.0 (Chrome)", "Accept-Charset": "ISO-8859-1,utf-8;q=0.7,*;q=0.7", "Accept": "text/html,application/xhtml+xml,application/xml;q=0.9,*/*;q=0.8", "Accept-Encoding": "gzip, deflate", "Accept-Language": "en-us,en;q=0.5"}}, {"format_id": "242", "url": "https://r2---sn-4g5e6ns7.googlevideo.com/videoplayback?keepalive=yes&itag=242&requiressl=yes&ei=aNaJWbvdFZCBcKuYoYgP&mn=sn-4g5e6ns7&gir=yes&mm=31&dur=479.412&id=o-APqv_R_of2LvnSGv4HKkPwyuDPwtLD91mq1ae8eap475&source=youtube&ip=131.159.40.117&clen=10610871&mv=m&mt=1502205342&ms=au&expire=1502227144&signature=7A3142A2370CBCCD5DE8004AAE3CCA65782B7665.B1F5EF24FA461341FA7EFEBD963DA3F062C89303&lmt=1427517835021199&mime=video%2Fwebm&sparams=clen%2Cdur%2Cei%2Cgir%2Cid%2Cinitcwndbps%2Cip%2Cipbits%2Citag%2Ckeepalive%2Clmt%2Cmime%2Cmm%2Cmn%2Cms%2Cmv%2Cpl%2Crequiressl%2Csource%2Cexpire&key=yt6&pl=16&ipbits=0&initcwndbps=4567500&ratebypass=yes", "player_url": null, "ext": "webm", "height": 240, "format_note": "240p", "vcodec": "vp9", "filesize": 10610871, "tbr": 252.698, "width": 426, "fps": 30, "acodec": "none", "format": "242 - 426x240 (240p)", "protocol": "https", "http_headers": {"User-Agent": "Mozilla/5.0 (X11; Linux x86_64; rv:10.0) Gecko/20150101 Firefox/47.0 (Chrome)", "Accept-Charset": "ISO-8859-1,utf-8;q=0.7,*;q=0.7", "Accept": "text/html,application/xhtml+xml,application/xml;q=0.9,*/*;q=0.8", "Accept-Encoding": "gzip, deflate", "Accept-Language": "en-us,en;q=0.5"}}, {"format_id": "243", "url": "https://r2---sn-4g5e6ns7.googlevideo.com/videoplayback?keepalive=yes&itag=243&requiressl=yes&ei=aNaJWbvdFZCBcKuYoYgP&mn=sn-4g5e6ns7&gir=yes&mm=31&dur=479.412&id=o-APqv_R_of2LvnSGv4HKkPwyuDPwtLD91mq1ae8eap475&source=youtube&ip=131.159.40.117&clen=20109179&mv=m&mt=1502205342&ms=au&expire=1502227144&signature=17A8FD5FCE83ECA2A8904248BC0BDF8CB20B403F.CD2C8A7D888A23B91D6A2420198B32A64BCB86C3&lmt=1427517894767912&mime=video%2Fwebm&sparams=clen%2Cdur%2Cei%2Cgir%2Cid%2Cinitcwndbps%2Cip%2Cipbits%2Citag%2Ckeepalive%2Clmt%2Cmime%2Cmm%2Cmn%2Cms%2Cmv%2Cpl%2Crequiressl%2Csource%2Cexpire&key=yt6&pl=16&ipbits=0&initcwndbps=4567500&ratebypass=yes", "player_url": null, "ext": "webm", "height": 360, "format_note": "360p", "vcodec": "vp9", "filesize": 20109179, "tbr": 465.197, "width": 640, "fps": 30, "acodec": "none", "format": "243 - 640x360 (360p)", "protocol": "https", "http_headers": {"User-Agent": "Mozilla/5.0 (X11; Linux x86_64; rv:10.0) Gecko/20150101 Firefox/47.0 (Chrome)", "Accept-Charset": "ISO-8859-1,utf-8;q=0.7,*;q=0.7", "Accept": "text/html,application/xhtml+xml,application/xml;q=0.9,*/*;q=0.8", "Accept-Encoding": "gzip, deflate", "Accept-Language": "en-us,en;q=0.5"}}, {"ext": "mp4", "height": 360, "format_note": "DASH video", "vcodec": "avc1.4d401e", "format_id": "134", "url": "https://r2---sn-4g5e6ns7.googlevideo.com/videoplayback?id=f4c5c718f2b7a07c&itag=134&source=youtube&requiressl=yes&initcwndbps=4567500&mv=m&ms=au&mn=sn-4g5e6ns7&pl=16&ei=aNaJWZK9OsaEcY32rtAC&mm=31&ratebypass=yes&mime=video/mp4&gir=yes&clen=22893804&lmt=1427541690772439&dur=479.445&mt=1502205342&signature=4FF58BE49BF5120A6FC9415FADD40769F6A5EF92.34EDBD6671CD4830C66C88520856B24F1C59A890&key=dg_yt0&ip=131.159.40.117&ipbits=0&expire=1502227145&sparams=ip,ipbits,expire,id,itag,source,requiressl,initcwndbps,mv,ms,mn,pl,ei,mm,ratebypass,mime,gir,clen,lmt,dur", "manifest_url": "https://manifest.googlevideo.com/api/manifest/dash/initcwndbps/4567500/mt/1502205342/as/fmp4_audio_clear%2Cfmp4_sd_hd_clear/mv/m/ip/131.159.40.117/ms/au/mn/sn-4g5e6ns7/pl/16/signature/A39088F0B39DD52D4CAA14B171871A448A6E35F9.0448DDF205CF6E51372FFD8ABF665F92578E0A8F/id/f4c5c718f2b7a07c/expire/1502227145/requiressl/yes/ipbits/0/hfr/1/ei/aNaJWZK9OsaEcY32rtAC/sparams/as%2Cei%2Chfr%2Cid%2Cinitcwndbps%2Cip%2Cipbits%2Citag%2Cmm%2Cmn%2Cms%2Cmv%2Cpl%2Cplayback_host%2Crequiressl%2Csource%2Cexpire/source/youtube/mm/31/playback_host/r2---sn-4g5e6ns7.googlevideo.com/key/yt6/itag/0", "width": 640, "tbr": 615.062, "asr": null, "fps": 30, "language": null, "filesize": 22893804, "acodec": "none", "format": "134 - 640x360 (DASH video)", "protocol": "https", "http_headers": {"User-Agent": "Mozilla/5.0 (X11; Linux x86_64; rv:10.0) Gecko/20150101 Firefox/47.0 (Chrome)", "Accept-Charset": "ISO-8859-1,utf-8;q=0.7,*;q=0.7", "Accept": "text/html,application/xhtml+xml,application/xml;q=0.9,*/*;q=0.8", "Accept-Encoding": "gzip, deflate", "Accept-Language": "en-us,en;q=0.5"}}, {"format_id": "244", "url": "https://r2---sn-4g5e6ns7.googlevideo.com/videoplayback?keepalive=yes&itag=244&requiressl=yes&ei=aNaJWbvdFZCBcKuYoYgP&mn=sn-4g5e6ns7&gir=yes&mm=31&dur=479.412&id=o-APqv_R_of2LvnSGv4HKkPwyuDPwtLD91mq1ae8eap475&source=youtube&ip=131.159.40.117&clen=36202773&mv=m&mt=1502205342&ms=au&expire=1502227144&signature=88D9B0C6C9F8ED5C5A36E820A9F10D6620E414D6.C6031E115E2CE9E23ABEEB468C7D6C6B6D6CAD7E&lmt=1427517963334701&mime=video%2Fwebm&sparams=clen%2Cdur%2Cei%2Cgir%2Cid%2Cinitcwndbps%2Cip%2Cipbits%2Citag%2Ckeepalive%2Clmt%2Cmime%2Cmm%2Cmn%2Cms%2Cmv%2Cpl%2Crequiressl%2Csource%2Cexpire&key=yt6&pl=16&ipbits=0&initcwndbps=4567500&ratebypass=yes", "player_url": null, "ext": "webm", "height": 480, "format_note": "480p", "vcodec": "vp9", "filesize": 36202773, "tbr": 862.354, "width": 854, "fps": 30, "acodec": "none", "format": "244 - 854x480 (480p)", "protocol": "https", "http_headers": {"User-Agent": "Mozilla/5.0 (X11; Linux x86_64; rv:10.0) Gecko/20150101 Firefox/47.0 (Chrome)", "Accept-Charset": "ISO-8859-1,utf-8;q=0.7,*;q=0.7", "Accept": "text/html,application/xhtml+xml,application/xml;q=0.9,*/*;q=0.8", "Accept-Encoding": "gzip, deflate", "Accept-Language": "en-us,en;q=0.5"}}, {"ext": "mp4", "height": 480, "format_note": "DASH video", "vcodec": "avc1.4d401f", "format_id": "135", "url": "https://r2---sn-4g5e6ns7.googlevideo.com/videoplayback?id=f4c5c718f2b7a07c&itag=135&source=youtube&requiressl=yes&initcwndbps=4567500&mv=m&ms=au&mn=sn-4g5e6ns7&pl=16&ei=aNaJWZK9OsaEcY32rtAC&mm=31&ratebypass=yes&mime=video/mp4&gir=yes&clen=44751748&lmt=1427541799821909&dur=479.445&mt=1502205342&signature=02C0AF56A70E84FA6A2425ABEEA64811FC75EF91.85E2B5A8E22A827629E86EC6BC7462C72EAC7FD4&key=dg_yt0&ip=131.159.40.117&ipbits=0&expire=1502227145&sparams=ip,ipbits,expire,id,itag,source,requiressl,initcwndbps,mv,ms,mn,pl,ei,mm,ratebypass,mime,gir,clen,lmt,dur", "manifest_url": "https://manifest.googlevideo.com/api/manifest/dash/initcwndbps/4567500/mt/1502205342/as/fmp4_audio_clear%2Cfmp4_sd_hd_clear/mv/m/ip/131.159.40.117/ms/au/mn/sn-4g5e6ns7/pl/16/signature/A39088F0B39DD52D4CAA14B171871A448A6E35F9.0448DDF205CF6E51372FFD8ABF665F92578E0A8F/id/f4c5c718f2b7a07c/expire/1502227145/requiressl/yes/ipbits/0/hfr/1/ei/aNaJWZK9OsaEcY32rtAC/sparams/as%2Cei%2Chfr%2Cid%2Cinitcwndbps%2Cip%2Cipbits%2Citag%2Cmm%2Cmn%2Cms%2Cmv%2Cpl%2Cplayback_host%2Crequiressl%2Csource%2Cexpire/source/youtube/mm/31/playback_host/r2---sn-4g5e6ns7.googlevideo.com/key/yt6/itag/0", "width": 854, "tbr": 1128.441, "asr": null, "fps": 30, "language": null, "filesize": 44751748, "acodec": "none", "format": "135 - 854x480 (DASH video)", "protocol": "https", "http_headers": {"User-Agent": "Mozilla/5.0 (X11; Linux x86_64; rv:10.0) Gecko/20150101 Firefox/47.0 (Chrome)", "Accept-Charset": "ISO-8859-1,utf-8;q=0.7,*;q=0.7", "Accept": "text/html,application/xhtml+xml,application/xml;q=0.9,*/*;q=0.8", "Accept-Encoding": "gzip, deflate", "Accept-Language": "en-us,en;q=0.5"}}, {"format_id": "247", "url": "https://r2---sn-4g5e6ns7.googlevideo.com/videoplayback?keepalive=yes&itag=247&requiressl=yes&ei=aNaJWbvdFZCBcKuYoYgP&mn=sn-4g5e6ns7&gir=yes&mm=31&dur=479.412&id=o-APqv_R_of2LvnSGv4HKkPwyuDPwtLD91mq1ae8eap475&source=youtube&ip=131.159.40.117&clen=78305972&mv=m&mt=1502205342&ms=au&expire=1502227144&signature=90276D2F3B0AF160C45F27AF28D347426A5EDCB3.ACA00E21B5D52350FD7F67914E41823383835FA6&lmt=1427517997540362&mime=video%2Fwebm&sparams=clen%2Cdur%2Cei%2Cgir%2Cid%2Cinitcwndbps%2Cip%2Cipbits%2Citag%2Ckeepalive%2Clmt%2Cmime%2Cmm%2Cmn%2Cms%2Cmv%2Cpl%2Crequiressl%2Csource%2Cexpire&key=yt6&pl=16&ipbits=0&initcwndbps=4567500&ratebypass=yes", "player_url": null, "ext": "webm", "height": 720, "format_note": "720p", "vcodec": "vp9", "filesize": 78305972, "tbr": 1848.469, "width": 1280, "fps": 30, "acodec": "none", "format": "247 - 1280x720 (720p)", "protocol": "https", "http_headers": {"User-Agent": "Mozilla/5.0 (X11; Linux x86_64; rv:10.0) Gecko/20150101 Firefox/47.0 (Chrome)", "Accept-Charset": "ISO-8859-1,utf-8;q=0.7,*;q=0.7", "Accept": "text/html,application/xhtml+xml,application/xml;q=0.9,*/*;q=0.8", "Accept-Encoding": "gzip, deflate", "Accept-Language": "en-us,en;q=0.5"}}, {"ext": "mp4", "height": 720, "format_note": "DASH video", "vcodec": "avc1.4d401f", "format_id": "136", "url": "https://r2---sn-4g5e6ns7.googlevideo.com/videoplayback?id=f4c5c718f2b7a07c&itag=136&source=youtube&requiressl=yes&initcwndbps=4567500&mv=m&ms=au&mn=sn-4g5e6ns7&pl=16&ei=aNaJWZK9OsaEcY32rtAC&mm=31&ratebypass=yes&mime=video/mp4&gir=yes&clen=83693374&lmt=1427542454730471&dur=479.445&mt=1502205342&signature=370B5BCCB553A9BD85139751C3679BDDF104C04E.0226B19B849ADAF6ACA3436319D8E755487B9C5E&key=dg_yt0&ip=131.159.40.117&ipbits=0&expire=1502227145&sparams=ip,ipbits,expire,id,itag,source,requiressl,initcwndbps,mv,ms,mn,pl,ei,mm,ratebypass,mime,gir,clen,lmt,dur", "manifest_url": "https://manifest.googlevideo.com/api/manifest/dash/initcwndbps/4567500/mt/1502205342/as/fmp4_audio_clear%2Cfmp4_sd_hd_clear/mv/m/ip/131.159.40.117/ms/au/mn/sn-4g5e6ns7/pl/16/signature/A39088F0B39DD52D4CAA14B171871A448A6E35F9.0448DDF205CF6E51372FFD8ABF665F92578E0A8F/id/f4c5c718f2b7a07c/expire/1502227145/requiressl/yes/ipbits/0/hfr/1/ei/aNaJWZK9OsaEcY32rtAC/sparams/as%2Cei%2Chfr%2Cid%2Cinitcwndbps%2Cip%2Cipbits%2Citag%2Cmm%2Cmn%2Cms%2Cmv%2Cpl%2Cplayback_host%2Crequiressl%2Csource%2Cexpire/source/youtube/mm/31/playback_host/r2---sn-4g5e6ns7.googlevideo.com/key/yt6/itag/0", "width": 1280, "tbr": 2212.329, "asr": null, "fps": 30, "language": null, "filesize": 83693374, "acodec": "none", "format": "136 - 1280x720 (DASH video)", "protocol": "https", "http_headers": {"User-Agent": "Mozilla/5.0 (X11; Linux x86_64; rv:10.0) Gecko/20150101 Firefox/47.0 (Chrome)", "Accept-Charset": "ISO-8859-1,utf-8;q=0.7,*;q=0.7", "Accept": "text/html,application/xhtml+xml,application/xml;q=0.9,*/*;q=0.8", "Accept-Encoding": "gzip, deflate", "Accept-Language": "en-us,en;q=0.5"}}, {"format_id": "17", "url": "https://r2---sn-4g5e6ns7.googlevideo.com/videoplayback?itag=17&requiressl=yes&ei=aNaJWbvdFZCBcKuYoYgP&mn=sn-4g5e6ns7&gir=yes&mm=31&dur=479.677&id=o-APqv_R_of2LvnSGv4HKkPwyuDPwtLD91mq1ae8eap475&source=youtube&ip=131.159.40.117&clen=4928254&mv=m&mt=1502205342&ms=au&expire=1502227144&signature=57E9B328E4CEAC32B86479428983A1DC1FE5E3F7.97AE6BE5E0229919FDB4B4E1EBB91D1AC75F7BC7&lmt=1427172303956491&mime=video%2F3gpp&sparams=clen%2Cdur%2Cei%2Cgir%2Cid%2Cinitcwndbps%2Cip%2Cipbits%2Citag%2Clmt%2Cmime%2Cmm%2Cmn%2Cms%2Cmv%2Cpl%2Crequiressl%2Csource%2Cexpire&key=yt6&pl=16&ipbits=0&initcwndbps=4567500&ratebypass=yes", "player_url": null, "ext": "3gp", "width": 176, "height": 144, "acodec": "mp4a.40.2", "abr": 24, "vcodec": "mp4v.20.3", "resolution": "176x144", "format_note": "small", "format": "17 - 176x144 (small)", "protocol": "https", "http_headers": {"User-Agent": "Mozilla/5.0 (X11; Linux x86_64; rv:10.0) Gecko/20150101 Firefox/47.0 (Chrome)", "Accept-Charset": "ISO-8859-1,utf-8;q=0.7,*;q=0.7", "Accept": "text/html,application/xhtml+xml,application/xml;q=0.9,*/*;q=0.8", "Accept-Encoding": "gzip, deflate", "Accept-Language": "en-us,en;q=0.5"}}, {"format_id": "36", "url": "https://r2---sn-4g5e6ns7.googlevideo.com/videoplayback?itag=36&requiressl=yes&ei=aNaJWbvdFZCBcKuYoYgP&mn=sn-4g5e6ns7&gir=yes&mm=31&dur=479.677&id=o-APqv_R_of2LvnSGv4HKkPwyuDPwtLD91mq1ae8eap475&source=youtube&ip=131.159.40.117&clen=13580419&mv=m&mt=1502205342&ms=au&expire=1502227144&signature=5961F97F845BB6B654B94889FDAC92F7CF04A96D.CB5540EE110394D51E52FEB03FE4E10FAF1214F7&lmt=1427172350190073&mime=video%2F3gpp&sparams=clen%2Cdur%2Cei%2Cgir%2Cid%2Cinitcwndbps%2Cip%2Cipbits%2Citag%2Clmt%2Cmime%2Cmm%2Cmn%2Cms%2Cmv%2Cpl%2Crequiressl%2Csource%2Cexpire&key=yt6&pl=16&ipbits=0&initcwndbps=4567500&ratebypass=yes", "player_url": null, "ext": "3gp", "width": 320, "acodec": "mp4a.40.2", "vcodec": "mp4v.20.3", "resolution": "320x180", "height": 180, "format_note": "small", "format": "36 - 320x180 (small)", "protocol": "https", "http_headers": {"User-Agent": "Mozilla/5.0 (X11; Linux x86_64; rv:10.0) Gecko/20150101 Firefox/47.0 (Chrome)", "Accept-Charset": "ISO-8859-1,utf-8;q=0.7,*;q=0.7", "Accept": "text/html,application/xhtml+xml,application/xml;q=0.9,*/*;q=0.8", "Accept-Encoding": "gzip, deflate", "Accept-Language": "en-us,en;q=0.5"}}, {"format_id": "43", "url": "https://r2---sn-4g5e6ns7.googlevideo.com/videoplayback?itag=43&requiressl=yes&ei=aNaJWbvdFZCBcKuYoYgP&mn=sn-4g5e6ns7&gir=yes&mm=31&dur=0.000&id=o-APqv_R_of2LvnSGv4HKkPwyuDPwtLD91mq1ae8eap475&source=youtube&ip=131.159.40.117&clen=45747375&mv=m&mt=1502205342&ms=au&expire=1502227144&signature=BF6CC9D899E577AA035D6E3D24F1F558B3128B1F.2D946AC92B810922721E5551A70E26DAC3DA3541&lmt=1427503611103702&ratebypass=yes&mime=video%2Fwebm&sparams=clen%2Cdur%2Cei%2Cgir%2Cid%2Cinitcwndbps%2Cip%2Cipbits%2Citag%2Clmt%2Cmime%2Cmm%2Cmn%2Cms%2Cmv%2Cpl%2Cratebypass%2Crequiressl%2Csource%2Cexpire&key=yt6&pl=16&ipbits=0&initcwndbps=4567500", "player_url": null, "ext": "webm", "width": 640, "height": 360, "acodec": "vorbis", "abr": 128, "vcodec": "vp8.0", "resolution": "640x360", "format_note": "medium", "format": "43 - 640x360 (medium)", "protocol": "https", "http_headers": {"User-Agent": "Mozilla/5.0 (X11; Linux x86_64; rv:10.0) Gecko/20150101 Firefox/47.0 (Chrome)", "Accept-Charset": "ISO-8859-1,utf-8;q=0.7,*;q=0.7", "Accept": "text/html,application/xhtml+xml,application/xml;q=0.9,*/*;q=0.8", "Accept-Encoding": "gzip, deflate", "Accept-Language": "en-us,en;q=0.5"}}, {"format_id": "18", "url": "https://r2---sn-4g5e6ns7.googlevideo.com/videoplayback?itag=18&requiressl=yes&ei=aNaJWbvdFZCBcKuYoYgP&mn=sn-4g5e6ns7&gir=yes&mm=31&dur=479.677&id=o-APqv_R_of2LvnSGv4HKkPwyuDPwtLD91mq1ae8eap475&source=youtube&ip=131.159.40.117&clen=39926153&mv=m&mt=1502205342&ms=au&expire=1502227144&signature=364AE93F9F9C94ED4EE7C77EC63170625A00C3E1.8D50740C7F80BC5218C4220C60C95C81193322EF&lmt=1427541756019509&ratebypass=yes&mime=video%2Fmp4&sparams=clen%2Cdur%2Cei%2Cgir%2Cid%2Cinitcwndbps%2Cip%2Cipbits%2Citag%2Clmt%2Cmime%2Cmm%2Cmn%2Cms%2Cmv%2Cpl%2Cratebypass%2Crequiressl%2Csource%2Cexpire&key=yt6&pl=16&ipbits=0&initcwndbps=4567500", "player_url": null, "ext": "mp4", "width": 640, "height": 360, "acodec": "mp4a.40.2", "abr": 96, "vcodec": "avc1.42001E", "resolution": "640x360", "format_note": "medium", "format": "18 - 640x360 (medium)", "protocol": "https", "http_headers": {"User-Agent": "Mozilla/5.0 (X11; Linux x86_64; rv:10.0) Gecko/20150101 Firefox/47.0 (Chrome)", "Accept-Charset": "ISO-8859-1,utf-8;q=0.7,*;q=0.7", "Accept": "text/html,application/xhtml+xml,application/xml;q=0.9,*/*;q=0.8", "Accept-Encoding": "gzip, deflate", "Accept-Language": "en-us,en;q=0.5"}}, {"format_id": "22", "url": "https://r2---sn-4g5e6ns7.googlevideo.com/videoplayback?expire=1502227144&signature=D77A2A747825D02994C033A34CC232CF3418B106.453CEDB1D19DBC6548A23EFD83F841CCAC1E117A&lmt=1473021984896411&ratebypass=yes&mime=video%2Fmp4&itag=22&requiressl=yes&mt=1502205342&sparams=dur%2Cei%2Cid%2Cinitcwndbps%2Cip%2Cipbits%2Citag%2Clmt%2Cmime%2Cmm%2Cmn%2Cms%2Cmv%2Cpl%2Cratebypass%2Crequiressl%2Csource%2Cexpire&mn=sn-4g5e6ns7&key=yt6&mm=31&ei=aNaJWbvdFZCBcKuYoYgP&dur=479.677&id=o-APqv_R_of2LvnSGv4HKkPwyuDPwtLD91mq1ae8eap475&source=youtube&ip=131.159.40.117&mv=m&pl=16&ipbits=0&initcwndbps=4567500&ms=au", "player_url": null, "ext": "mp4", "width": 1280, "height": 720, "acodec": "mp4a.40.2", "abr": 192, "vcodec": "avc1.64001F", "resolution": "1280x720", "format_note": "hd720", "format": "22 - 1280x720 (hd720)", "protocol": "https", "http_headers": {"User-Agent": "Mozilla/5.0 (X11; Linux x86_64; rv:10.0) Gecko/20150101 Firefox/47.0 (Chrome)", "Accept-Charset": "ISO-8859-1,utf-8;q=0.7,*;q=0.7", "Accept": "text/html,application/xhtml+xml,application/xml;q=0.9,*/*;q=0.8", "Accept-Encoding": "gzip, deflate", "Accept-Language": "en-us,en;q=0.5"}}], "is_live": null, "start_time": null, "end_time": null, "series": null, "season_number": null, "episode_number": null, "extractor": "youtube", "webpage_url_basename": "9MXHGPK3oHw", "extractor_key": "Youtube", "playlist": null, "playlist_index": null, "thumbnails": [{"url": "https://i.ytimg.com/vi/9MXHGPK3oHw/maxresdefault.jpg", "id": "0"}], "display_id": "9MXHGPK3oHw", "ext": "mp4", "height": 720, "format_note": "DASH video", "vcodec": "avc1.4d401f", "format_id": "136", "url": "https://r2---sn-4g5e6ns7.googlevideo.com/videoplayback?id=f4c5c718f2b7a07c&itag=136&source=youtube&requiressl=yes&initcwndbps=4567500&mv=m&ms=au&mn=sn-4g5e6ns7&pl=16&ei=aNaJWZK9OsaEcY32rtAC&mm=31&ratebypass=yes&mime=video/mp4&gir=yes&clen=83693374&lmt=1427542454730471&dur=479.445&mt=1502205342&signature=370B5BCCB553A9BD85139751C3679BDDF104C04E.0226B19B849ADAF6ACA3436319D8E755487B9C5E&key=dg_yt0&ip=131.159.40.117&ipbits=0&expire=1502227145&sparams=ip,ipbits,expire,id,itag,source,requiressl,initcwndbps,mv,ms,mn,pl,ei,mm,ratebypass,mime,gir,clen,lmt,dur", "manifest_url": "https://manifest.googlevideo.com/api/manifest/dash/initcwndbps/4567500/mt/1502205342/as/fmp4_audio_clear%2Cfmp4_sd_hd_clear/mv/m/ip/131.159.40.117/ms/au/mn/sn-4g5e6ns7/pl/16/signature/A39088F0B39DD52D4CAA14B171871A448A6E35F9.0448DDF205CF6E51372FFD8ABF665F92578E0A8F/id/f4c5c718f2b7a07c/expire/1502227145/requiressl/yes/ipbits/0/hfr/1/ei/aNaJWZK9OsaEcY32rtAC/sparams/as%2Cei%2Chfr%2Cid%2Cinitcwndbps%2Cip%2Cipbits%2Citag%2Cmm%2Cmn%2Cms%2Cmv%2Cpl%2Cplayback_host%2Crequiressl%2Csource%2Cexpire/source/youtube/mm/31/playback_host/r2---sn-4g5e6ns7.googlevideo.com/key/yt6/itag/0", "width": 1280, "tbr": 2212.329, "asr": null, "fps": 30, "language": null, "filesize": 83693374, "acodec": "none", "format": "136 - 1280x720 (DASH video)", "protocol": "https", "http_headers": {"User-Agent": "Mozilla/5.0 (X11; Linux x86_64; rv:10.0) Gecko/20150101 Firefox/47.0 (Chrome)", "Accept-Charset": "ISO-8859-1,utf-8;q=0.7,*;q=0.7", "Accept": "text/html,application/xhtml+xml,application/xml;q=0.9,*/*;q=0.8", "Accept-Encoding": "gzip, deflate", "Accept-Language": "en-us,en;q=0.5"}, "fulltitle": "[ST\ub300\ub2f4] '\uad6d\ubbfc \uccab\uc0ac\ub791' \uc218\uc9c0 \u2661 '\ud55c\ub958 \uc2a4\ud0c0' \uc774\ubbfc\ud638, \ucd08\ud2b9\uae09 \uc2a4\ud0c0 \ucee4\ud50c \ud0c4\uc0dd", "_filename": "9MXHGPK3oHw.mp4"}