{"id": "53IbEBdm54k", "uploader": "LowChicBlog", "uploader_id": "lowchicblog", "uploader_url": "http://www.youtube.com/user/lowchicblog", "upload_date": "20140109", "license": "Standard YouTube License", "creator": null, "title": "Transforma tu rostro: correcciones b\u00e1sicas (muy f\u00e1cil) y \u00a1ganadora del sorteo!", "alt_title": null, "thumbnail": "https://i.ytimg.com/vi/53IbEBdm54k/maxresdefault.jpg", "description": "Unos simples toques de colores m\u00e1s oscuros y m\u00e1s claros en las zonas correctas \u00a1pueden transformar nuestra cara! Ah, \u00a1y felicidades a Mar\u00eda Mu\u00f1oz Mu\u00f1oz, la ganadora del sorteo de Pielfort! A las dem\u00e1s, much\u00edsimas gracias por participar \u00a1\u00a1y por ser parte de esta familia!!\n\u00a1Suscr\u00edbete y \u00fanete a las lowchiqueras!\nhttp://www.youtube.com/user/lowchicblog?sub_confirmation=1\n\n\u00a1No olvides darle a Me gusta!\n\nEl blog del que nace todo\nhttp://www.lowchicblog.com/\n\nM\u00e1s Low Chic en Facebook\nhttps://www.facebook.com/LowChic\n\nS\u00edgueme en Twitter\nhttps://twitter.com/Low_Chic\n\nM\u00fasica: First Day (Youtube Audio Library), Locally Sourced (Youtube Audio Library).", "categories": ["Howto & Style"], "tags": ["LowChic", "LowChicBlog", "Tutorial", "Tutoriales", "Maquillaje", "Makeup", "Look", "Correcciones", "Rostro", "Piel", "Base de maquillaje", "Brochas", "Pielfort", "Sorteo", "Cosmetics", "Beauty", "Belleza"], "subtitles": {}, "automatic_captions": {}, "duration": 481, "age_limit": 0, "annotations": null, "chapters": null, "webpage_url": "https://www.youtube.com/watch?v=53IbEBdm54k", "view_count": 5901, "like_count": 173, "dislike_count": 0, "average_rating": 5.0, "formats": [{"ext": "m4a", "format_note": "DASH audio", "acodec": "mp4a.40.5", "abr": 48, "container": "m4a_dash", "format_id": "139", "url": "https://r6---sn-4g5e6n7r.googlevideo.com/videoplayback?id=e7721b101766e789&itag=139&source=youtube&requiressl=yes&pl=16&initcwndbps=3140000&mn=sn-4g5e6n7r&mv=m&ms=au&mm=31&ei=dRSKWaklx7VyhYi3kAQ&ratebypass=yes&mime=audio/mp4&gir=yes&clen=2904939&lmt=1425891047631526&dur=481.442&mt=1502221280&signature=5F5C20C7E0C836C3B796AB1C30CE42C789C6EB0A.3425879F12BEED74DFB13AFD72C8EA64A1AE5277&key=dg_yt0&ip=131.159.40.117&ipbits=0&expire=1502243029&sparams=ip,ipbits,expire,id,itag,source,requiressl,pl,initcwndbps,mn,mv,ms,mm,ei,ratebypass,mime,gir,clen,lmt,dur", "manifest_url": "https://manifest.googlevideo.com/api/manifest/dash/expire/1502243029/pl/16/initcwndbps/3140000/id/e7721b101766e789/sparams/as%2Cei%2Chfr%2Cid%2Cinitcwndbps%2Cip%2Cipbits%2Citag%2Cmm%2Cmn%2Cms%2Cmv%2Cpl%2Cplayback_host%2Crequiressl%2Csource%2Cexpire/source/youtube/mn/sn-4g5e6n7r/mt/1502221280/as/fmp4_audio_clear%2Cfmp4_sd_hd_clear/mv/m/signature/5510E7C4F7441FD54DABE3992D29AEF044416926.3230154E5D1E89EB52C66AF992423579E8A6CAD1/ms/au/mm/31/playback_host/r6---sn-4g5e6n7r.googlevideo.com/key/yt6/itag/0/ip/131.159.40.117/ipbits/0/requiressl/yes/hfr/1/ei/dRSKWaklx7VyhYi3kAQ", "width": null, "height": null, "tbr": 49.374, "asr": 22050, "fps": null, "language": null, "filesize": 2904939, "vcodec": "none", "format": "139 - audio only (DASH audio)", "protocol": "https", "http_headers": {"User-Agent": "Mozilla/5.0 (X11; Linux x86_64; rv:10.0) Gecko/20150101 Firefox/47.0 (Chrome)", "Accept-Charset": "ISO-8859-1,utf-8;q=0.7,*;q=0.7", "Accept": "text/html,application/xhtml+xml,application/xml;q=0.9,*/*;q=0.8", "Accept-Encoding": "gzip, deflate", "Accept-Language": "en-us,en;q=0.5"}}, {"ext": "m4a", "format_note": "DASH audio", "acodec": "mp4a.40.2", "abr": 128, "container": "m4a_dash", "format_id": "140", "url": "https://r6---sn-4g5e6n7r.googlevideo.com/videoplayback?id=e7721b101766e789&itag=140&source=youtube&requiressl=yes&pl=16&initcwndbps=3140000&mn=sn-4g5e6n7r&mv=m&ms=au&mm=31&ei=dRSKWaklx7VyhYi3kAQ&ratebypass=yes&mime=audio/mp4&gir=yes&clen=7728613&lmt=1425890987512586&dur=481.372&mt=1502221280&signature=4DE97053C986021F99E56003BC78B85858656B9B.3B2744EB9D57BBEF49F788A395952F6B4E9D602C&key=dg_yt0&ip=131.159.40.117&ipbits=0&expire=1502243029&sparams=ip,ipbits,expire,id,itag,source,requiressl,pl,initcwndbps,mn,mv,ms,mm,ei,ratebypass,mime,gir,clen,lmt,dur", "manifest_url": "https://manifest.googlevideo.com/api/manifest/dash/expire/1502243029/pl/16/initcwndbps/3140000/id/e7721b101766e789/sparams/as%2Cei%2Chfr%2Cid%2Cinitcwndbps%2Cip%2Cipbits%2Citag%2Cmm%2Cmn%2Cms%2Cmv%2Cpl%2Cplayback_host%2Crequiressl%2Csource%2Cexpire/source/youtube/mn/sn-4g5e6n7r/mt/1502221280/as/fmp4_audio_clear%2Cfmp4_sd_hd_clear/mv/m/signature/5510E7C4F7441FD54DABE3992D29AEF044416926.3230154E5D1E89EB52C66AF992423579E8A6CAD1/ms/au/mm/31/playback_host/r6---sn-4g5e6n7r.googlevideo.com/key/yt6/itag/0/ip/131.159.40.117/ipbits/0/requiressl/yes/hfr/1/ei/dRSKWaklx7VyhYi3kAQ", "width": null, "height": null, "tbr": 129.386, "asr": 44100, "fps": null, "language": null, "filesize": 7728613, "vcodec": "none", "format": "140 - audio only (DASH audio)", "protocol": "https", "http_headers": {"User-Agent": "Mozilla/5.0 (X11; Linux x86_64; rv:10.0) Gecko/20150101 Firefox/47.0 (Chrome)", "Accept-Charset": "ISO-8859-1,utf-8;q=0.7,*;q=0.7", "Accept": "text/html,application/xhtml+xml,application/xml;q=0.9,*/*;q=0.8", "Accept-Encoding": "gzip, deflate", "Accept-Language": "en-us,en;q=0.5"}}, {"format_id": "171", "url": "https://r6---sn-4g5ednle.googlevideo.com/videoplayback?gir=yes&pl=16&dur=481.305&expire=1502243028&itag=171&signature=854B8D4FDD817E97C232978A1317C5F96766231E.8232BAB5EB85FB97F4917ED7EAD0D29256E28DE7&ipbits=0&mt=1502221280&mv=m&ms=au&source=youtube&keepalive=yes&key=yt6&clen=6450710&requiressl=yes&mm=31&mn=sn-4g5ednle&mime=audio%2Fwebm&initcwndbps=3140000&ei=dBSKWbeGGtOwc83gpvgF&id=o-AKEsY8qJ9OfTzeEtSSU48Y7ul309W_x6v7aAPLSWqcwh&lmt=1407567463131148&ip=131.159.40.117&sparams=clen%2Cdur%2Cei%2Cgir%2Cid%2Cinitcwndbps%2Cip%2Cipbits%2Citag%2Ckeepalive%2Clmt%2Cmime%2Cmm%2Cmn%2Cms%2Cmv%2Cpl%2Crequiressl%2Csource%2Cexpire&ratebypass=yes", "player_url": null, "ext": "webm", "acodec": "vorbis", "format_note": "DASH audio", "abr": 128, "filesize": 6450710, "tbr": 132.284, "fps": 1, "vcodec": "none", "format": "171 - audio only (DASH audio)", "protocol": "https", "http_headers": {"User-Agent": "Mozilla/5.0 (X11; Linux x86_64; rv:10.0) Gecko/20150101 Firefox/47.0 (Chrome)", "Accept-Charset": "ISO-8859-1,utf-8;q=0.7,*;q=0.7", "Accept": "text/html,application/xhtml+xml,application/xml;q=0.9,*/*;q=0.8", "Accept-Encoding": "gzip, deflate", "Accept-Language": "en-us,en;q=0.5"}}, {"ext": "mp4", "height": 144, "format_note": "DASH video", "vcodec": "avc1.4d400c", "format_id": "160", "url": "https://r6---sn-4g5e6n7r.googlevideo.com/videoplayback?id=e7721b101766e789&itag=160&source=youtube&requiressl=yes&pl=16&initcwndbps=3140000&mn=sn-4g5e6n7r&mv=m&ms=au&mm=31&ei=dRSKWaklx7VyhYi3kAQ&ratebypass=yes&mime=video/mp4&gir=yes&clen=6567983&lmt=1425891085462008&dur=481.347&mt=1502221280&signature=1D952068FD6FF1359521D849CDB69E068235A433.39A89FE4966389BCBD321293AA259E6DC256917A&key=dg_yt0&ip=131.159.40.117&ipbits=0&expire=1502243029&sparams=ip,ipbits,expire,id,itag,source,requiressl,pl,initcwndbps,mn,mv,ms,mm,ei,ratebypass,mime,gir,clen,lmt,dur", "manifest_url": "https://manifest.googlevideo.com/api/manifest/dash/expire/1502243029/pl/16/initcwndbps/3140000/id/e7721b101766e789/sparams/as%2Cei%2Chfr%2Cid%2Cinitcwndbps%2Cip%2Cipbits%2Citag%2Cmm%2Cmn%2Cms%2Cmv%2Cpl%2Cplayback_host%2Crequiressl%2Csource%2Cexpire/source/youtube/mn/sn-4g5e6n7r/mt/1502221280/as/fmp4_audio_clear%2Cfmp4_sd_hd_clear/mv/m/signature/5510E7C4F7441FD54DABE3992D29AEF044416926.3230154E5D1E89EB52C66AF992423579E8A6CAD1/ms/au/mm/31/playback_host/r6---sn-4g5e6n7r.googlevideo.com/key/yt6/itag/0/ip/131.159.40.117/ipbits/0/requiressl/yes/hfr/1/ei/dRSKWaklx7VyhYi3kAQ", "width": 256, "tbr": 119.546, "asr": null, "fps": 15, "language": null, "filesize": 6567983, "acodec": "none", "format": "160 - 256x144 (DASH video)", "protocol": "https", "http_headers": {"User-Agent": "Mozilla/5.0 (X11; Linux x86_64; rv:10.0) Gecko/20150101 Firefox/47.0 (Chrome)", "Accept-Charset": "ISO-8859-1,utf-8;q=0.7,*;q=0.7", "Accept": "text/html,application/xhtml+xml,application/xml;q=0.9,*/*;q=0.8", "Accept-Encoding": "gzip, deflate", "Accept-Language": "en-us,en;q=0.5"}}, {"ext": "mp4", "height": 240, "format_note": "DASH video", "vcodec": "avc1.4d4015", "format_id": "133", "url": "https://r6---sn-4g5e6n7r.googlevideo.com/videoplayback?id=e7721b101766e789&itag=133&source=youtube&requiressl=yes&pl=16&initcwndbps=3140000&mn=sn-4g5e6n7r&mv=m&ms=au&mm=31&ei=dRSKWaklx7VyhYi3kAQ&ratebypass=yes&mime=video/mp4&gir=yes&clen=14704646&lmt=1425891127843224&dur=481.314&mt=1502221280&signature=3D97E195A66D3D5AA01CEBA84017FB0418ED5732.91394BABB6087FDAAFFAAC2EE3BE1B0B3E98845C&key=dg_yt0&ip=131.159.40.117&ipbits=0&expire=1502243029&sparams=ip,ipbits,expire,id,itag,source,requiressl,pl,initcwndbps,mn,mv,ms,mm,ei,ratebypass,mime,gir,clen,lmt,dur", "manifest_url": "https://manifest.googlevideo.com/api/manifest/dash/expire/1502243029/pl/16/initcwndbps/3140000/id/e7721b101766e789/sparams/as%2Cei%2Chfr%2Cid%2Cinitcwndbps%2Cip%2Cipbits%2Citag%2Cmm%2Cmn%2Cms%2Cmv%2Cpl%2Cplayback_host%2Crequiressl%2Csource%2Cexpire/source/youtube/mn/sn-4g5e6n7r/mt/1502221280/as/fmp4_audio_clear%2Cfmp4_sd_hd_clear/mv/m/signature/5510E7C4F7441FD54DABE3992D29AEF044416926.3230154E5D1E89EB52C66AF992423579E8A6CAD1/ms/au/mm/31/playback_host/r6---sn-4g5e6n7r.googlevideo.com/key/yt6/itag/0/ip/131.159.40.117/ipbits/0/requiressl/yes/hfr/1/ei/dRSKWaklx7VyhYi3kAQ", "width": 426, "tbr": 247.199, "asr": null, "fps": 30, "language": null, "filesize": 14704646, "acodec": "none", "format": "133 - 426x240 (DASH video)", "protocol": "https", "http_headers": {"User-Agent": "Mozilla/5.0 (X11; Linux x86_64; rv:10.0) Gecko/20150101 Firefox/47.0 (Chrome)", "Accept-Charset": "ISO-8859-1,utf-8;q=0.7,*;q=0.7", "Accept": "text/html,application/xhtml+xml,application/xml;q=0.9,*/*;q=0.8", "Accept-Encoding": "gzip, deflate", "Accept-Language": "en-us,en;q=0.5"}}, {"ext": "mp4", "height": 360, "format_note": "DASH video", "vcodec": "avc1.4d401e", "format_id": "134", "url": "https://r6---sn-4g5e6n7r.googlevideo.com/videoplayback?id=e7721b101766e789&itag=134&source=youtube&requiressl=yes&pl=16&initcwndbps=3140000&mn=sn-4g5e6n7r&mv=m&ms=au&mm=31&ei=dRSKWaklx7VyhYi3kAQ&ratebypass=yes&mime=video/mp4&gir=yes&clen=18994931&lmt=1425891163572118&dur=481.314&mt=1502221280&signature=7048AF69B5F0288BB315A267884419E9AEC6C5A9.768FE8FF28BBC7B2E7CDC5E0A43449BD323EEC22&key=dg_yt0&ip=131.159.40.117&ipbits=0&expire=1502243029&sparams=ip,ipbits,expire,id,itag,source,requiressl,pl,initcwndbps,mn,mv,ms,mm,ei,ratebypass,mime,gir,clen,lmt,dur", "manifest_url": "https://manifest.googlevideo.com/api/manifest/dash/expire/1502243029/pl/16/initcwndbps/3140000/id/e7721b101766e789/sparams/as%2Cei%2Chfr%2Cid%2Cinitcwndbps%2Cip%2Cipbits%2Citag%2Cmm%2Cmn%2Cms%2Cmv%2Cpl%2Cplayback_host%2Crequiressl%2Csource%2Cexpire/source/youtube/mn/sn-4g5e6n7r/mt/1502221280/as/fmp4_audio_clear%2Cfmp4_sd_hd_clear/mv/m/signature/5510E7C4F7441FD54DABE3992D29AEF044416926.3230154E5D1E89EB52C66AF992423579E8A6CAD1/ms/au/mm/31/playback_host/r6---sn-4g5e6n7r.googlevideo.com/key/yt6/itag/0/ip/131.159.40.117/ipbits/0/requiressl/yes/hfr/1/ei/dRSKWaklx7VyhYi3kAQ", "width": 640, "tbr": 527.928, "asr": null, "fps": 30, "language": null, "filesize": 18994931, "acodec": "none", "format": "134 - 640x360 (DASH video)", "protocol": "https", "http_headers": {"User-Agent": "Mozilla/5.0 (X11; Linux x86_64; rv:10.0) Gecko/20150101 Firefox/47.0 (Chrome)", "Accept-Charset": "ISO-8859-1,utf-8;q=0.7,*;q=0.7", "Accept": "text/html,application/xhtml+xml,application/xml;q=0.9,*/*;q=0.8", "Accept-Encoding": "gzip, deflate", "Accept-Language": "en-us,en;q=0.5"}}, {"ext": "mp4", "height": 480, "format_note": "DASH video", "vcodec": "avc1.4d401f", "format_id": "135", "url": "https://r6---sn-4g5e6n7r.googlevideo.com/videoplayback?id=e7721b101766e789&itag=135&source=youtube&requiressl=yes&pl=16&initcwndbps=3140000&mn=sn-4g5e6n7r&mv=m&ms=au&mm=31&ei=dRSKWaklx7VyhYi3kAQ&ratebypass=yes&mime=video/mp4&gir=yes&clen=34416928&lmt=1425891272620566&dur=481.314&mt=1502221280&signature=7D0D15035D89BB6CB6F38A8E7E5D398A313244D6.814C171BAC7B75F4E0923799F8F8C6722E36D871&key=dg_yt0&ip=131.159.40.117&ipbits=0&expire=1502243029&sparams=ip,ipbits,expire,id,itag,source,requiressl,pl,initcwndbps,mn,mv,ms,mm,ei,ratebypass,mime,gir,clen,lmt,dur", "manifest_url": "https://manifest.googlevideo.com/api/manifest/dash/expire/1502243029/pl/16/initcwndbps/3140000/id/e7721b101766e789/sparams/as%2Cei%2Chfr%2Cid%2Cinitcwndbps%2Cip%2Cipbits%2Citag%2Cmm%2Cmn%2Cms%2Cmv%2Cpl%2Cplayback_host%2Crequiressl%2Csource%2Cexpire/source/youtube/mn/sn-4g5e6n7r/mt/1502221280/as/fmp4_audio_clear%2Cfmp4_sd_hd_clear/mv/m/signature/5510E7C4F7441FD54DABE3992D29AEF044416926.3230154E5D1E89EB52C66AF992423579E8A6CAD1/ms/au/mm/31/playback_host/r6---sn-4g5e6n7r.googlevideo.com/key/yt6/itag/0/ip/131.159.40.117/ipbits/0/requiressl/yes/hfr/1/ei/dRSKWaklx7VyhYi3kAQ", "width": 854, "tbr": 948.296, "asr": null, "fps": 30, "language": null, "filesize": 34416928, "acodec": "none", "format": "135 - 854x480 (DASH video)", "protocol": "https", "http_headers": {"User-Agent": "Mozilla/5.0 (X11; Linux x86_64; rv:10.0) Gecko/20150101 Firefox/47.0 (Chrome)", "Accept-Charset": "ISO-8859-1,utf-8;q=0.7,*;q=0.7", "Accept": "text/html,application/xhtml+xml,application/xml;q=0.9,*/*;q=0.8", "Accept-Encoding": "gzip, deflate", "Accept-Language": "en-us,en;q=0.5"}}, {"ext": "mp4", "height": 720, "format_note": "DASH video", "vcodec": "avc1.4d401f", "format_id": "136", "url": "https://r6---sn-4g5e6n7r.googlevideo.com/videoplayback?id=e7721b101766e789&itag=136&source=youtube&requiressl=yes&pl=16&initcwndbps=3140000&mn=sn-4g5e6n7r&mv=m&ms=au&mm=31&ei=dRSKWaklx7VyhYi3kAQ&ratebypass=yes&mime=video/mp4&gir=yes&clen=74355394&lmt=1425891592110609&dur=481.314&mt=1502221280&signature=389E3FEDAD286AA5AF37A893002F63D78EB410A6.08F85C80B86C2DED9396411771C0247FE3F7C760&key=dg_yt0&ip=131.159.40.117&ipbits=0&expire=1502243029&sparams=ip,ipbits,expire,id,itag,source,requiressl,pl,initcwndbps,mn,mv,ms,mm,ei,ratebypass,mime,gir,clen,lmt,dur", "manifest_url": "https://manifest.googlevideo.com/api/manifest/dash/expire/1502243029/pl/16/initcwndbps/3140000/id/e7721b101766e789/sparams/as%2Cei%2Chfr%2Cid%2Cinitcwndbps%2Cip%2Cipbits%2Citag%2Cmm%2Cmn%2Cms%2Cmv%2Cpl%2Cplayback_host%2Crequiressl%2Csource%2Cexpire/source/youtube/mn/sn-4g5e6n7r/mt/1502221280/as/fmp4_audio_clear%2Cfmp4_sd_hd_clear/mv/m/signature/5510E7C4F7441FD54DABE3992D29AEF044416926.3230154E5D1E89EB52C66AF992423579E8A6CAD1/ms/au/mm/31/playback_host/r6---sn-4g5e6n7r.googlevideo.com/key/yt6/itag/0/ip/131.159.40.117/ipbits/0/requiressl/yes/hfr/1/ei/dRSKWaklx7VyhYi3kAQ", "width": 1280, "tbr": 1913.999, "asr": null, "fps": 30, "language": null, "filesize": 74355394, "acodec": "none", "format": "136 - 1280x720 (DASH video)", "protocol": "https", "http_headers": {"User-Agent": "Mozilla/5.0 (X11; Linux x86_64; rv:10.0) Gecko/20150101 Firefox/47.0 (Chrome)", "Accept-Charset": "ISO-8859-1,utf-8;q=0.7,*;q=0.7", "Accept": "text/html,application/xhtml+xml,application/xml;q=0.9,*/*;q=0.8", "Accept-Encoding": "gzip, deflate", "Accept-Language": "en-us,en;q=0.5"}}, {"format_id": "17", "url": "https://r6---sn-4g5ednle.googlevideo.com/videoplayback?gir=yes&pl=16&dur=481.674&expire=1502243028&itag=17&signature=6DE489190E8E805DC66E614AB305BFD22203607B.024DE6CB774D2266BFB9DB25022A817F11680856&ipbits=0&mt=1502221280&mv=m&ms=au&source=youtube&key=yt6&clen=4937355&requiressl=yes&mm=31&mn=sn-4g5ednle&mime=video%2F3gpp&initcwndbps=3140000&ei=dBSKWbeGGtOwc83gpvgF&id=o-AKEsY8qJ9OfTzeEtSSU48Y7ul309W_x6v7aAPLSWqcwh&lmt=1389305501066854&ip=131.159.40.117&sparams=clen%2Cdur%2Cei%2Cgir%2Cid%2Cinitcwndbps%2Cip%2Cipbits%2Citag%2Clmt%2Cmime%2Cmm%2Cmn%2Cms%2Cmv%2Cpl%2Crequiressl%2Csource%2Cexpire&ratebypass=yes", "player_url": null, "ext": "3gp", "width": 176, "height": 144, "acodec": "mp4a.40.2", "abr": 24, "vcodec": "mp4v.20.3", "resolution": "176x144", "format_note": "small", "format": "17 - 176x144 (small)", "protocol": "https", "http_headers": {"User-Agent": "Mozilla/5.0 (X11; Linux x86_64; rv:10.0) Gecko/20150101 Firefox/47.0 (Chrome)", "Accept-Charset": "ISO-8859-1,utf-8;q=0.7,*;q=0.7", "Accept": "text/html,application/xhtml+xml,application/xml;q=0.9,*/*;q=0.8", "Accept-Encoding": "gzip, deflate", "Accept-Language": "en-us,en;q=0.5"}}, {"format_id": "36", "url": "https://r6---sn-4g5ednle.googlevideo.com/videoplayback?gir=yes&pl=16&dur=481.535&expire=1502243028&itag=36&signature=85D03E8C3C863652EBEE5849072914AEBE4FF565.5B1977CC24AD1A100F1652966C904B8BF97D51D0&ipbits=0&mt=1502221280&mv=m&ms=au&source=youtube&key=yt6&clen=13610218&requiressl=yes&mm=31&mn=sn-4g5ednle&mime=video%2F3gpp&initcwndbps=3140000&ei=dBSKWbeGGtOwc83gpvgF&id=o-AKEsY8qJ9OfTzeEtSSU48Y7ul309W_x6v7aAPLSWqcwh&lmt=1389305568163573&ip=131.159.40.117&sparams=clen%2Cdur%2Cei%2Cgir%2Cid%2Cinitcwndbps%2Cip%2Cipbits%2Citag%2Clmt%2Cmime%2Cmm%2Cmn%2Cms%2Cmv%2Cpl%2Crequiressl%2Csource%2Cexpire&ratebypass=yes", "player_url": null, "ext": "3gp", "width": 320, "acodec": "mp4a.40.2", "vcodec": "mp4v.20.3", "resolution": "320x180", "height": 180, "format_note": "small", "format": "36 - 320x180 (small)", "protocol": "https", "http_headers": {"User-Agent": "Mozilla/5.0 (X11; Linux x86_64; rv:10.0) Gecko/20150101 Firefox/47.0 (Chrome)", "Accept-Charset": "ISO-8859-1,utf-8;q=0.7,*;q=0.7", "Accept": "text/html,application/xhtml+xml,application/xml;q=0.9,*/*;q=0.8", "Accept-Encoding": "gzip, deflate", "Accept-Language": "en-us,en;q=0.5"}}, {"format_id": "43", "url": "https://r6---sn-4g5ednle.googlevideo.com/videoplayback?gir=yes&pl=16&dur=0.000&expire=1502243028&ratebypass=yes&itag=43&signature=A59FD8A48F5BEB82DDAD355C303B5B0DC5407DE5.931C4C87E6581EE02B80E3613F8E41A51FA99D97&ipbits=0&mt=1502221280&mv=m&ms=au&source=youtube&key=yt6&clen=47084045&requiressl=yes&mm=31&mn=sn-4g5ednle&mime=video%2Fwebm&initcwndbps=3140000&ei=dBSKWbeGGtOwc83gpvgF&id=o-AKEsY8qJ9OfTzeEtSSU48Y7ul309W_x6v7aAPLSWqcwh&lmt=1389305729679732&ip=131.159.40.117&sparams=clen%2Cdur%2Cei%2Cgir%2Cid%2Cinitcwndbps%2Cip%2Cipbits%2Citag%2Clmt%2Cmime%2Cmm%2Cmn%2Cms%2Cmv%2Cpl%2Cratebypass%2Crequiressl%2Csource%2Cexpire", "player_url": null, "ext": "webm", "width": 640, "height": 360, "acodec": "vorbis", "abr": 128, "vcodec": "vp8.0", "resolution": "640x360", "format_note": "medium", "format": "43 - 640x360 (medium)", "protocol": "https", "http_headers": {"User-Agent": "Mozilla/5.0 (X11; Linux x86_64; rv:10.0) Gecko/20150101 Firefox/47.0 (Chrome)", "Accept-Charset": "ISO-8859-1,utf-8;q=0.7,*;q=0.7", "Accept": "text/html,application/xhtml+xml,application/xml;q=0.9,*/*;q=0.8", "Accept-Encoding": "gzip, deflate", "Accept-Language": "en-us,en;q=0.5"}}, {"format_id": "18", "url": "https://r6---sn-4g5ednle.googlevideo.com/videoplayback?gir=yes&pl=16&dur=481.372&expire=1502243028&ratebypass=yes&itag=18&signature=AA073F696BFEF6DE19D3098F65A2A1322B42F7C5.95C389A81AF7B2B7C69E816F4D669AA59E564F34&ipbits=0&mt=1502221280&mv=m&ms=au&source=youtube&key=yt6&clen=37123142&requiressl=yes&mm=31&mn=sn-4g5ednle&mime=video%2Fmp4&initcwndbps=3140000&ei=dBSKWbeGGtOwc83gpvgF&id=o-AKEsY8qJ9OfTzeEtSSU48Y7ul309W_x6v7aAPLSWqcwh&lmt=1425890995693383&ip=131.159.40.117&sparams=clen%2Cdur%2Cei%2Cgir%2Cid%2Cinitcwndbps%2Cip%2Cipbits%2Citag%2Clmt%2Cmime%2Cmm%2Cmn%2Cms%2Cmv%2Cpl%2Cratebypass%2Crequiressl%2Csource%2Cexpire", "player_url": null, "ext": "mp4", "width": 640, "height": 360, "acodec": "mp4a.40.2", "abr": 96, "vcodec": "avc1.42001E", "resolution": "640x360", "format_note": "medium", "format": "18 - 640x360 (medium)", "protocol": "https", "http_headers": {"User-Agent": "Mozilla/5.0 (X11; Linux x86_64; rv:10.0) Gecko/20150101 Firefox/47.0 (Chrome)", "Accept-Charset": "ISO-8859-1,utf-8;q=0.7,*;q=0.7", "Accept": "text/html,application/xhtml+xml,application/xml;q=0.9,*/*;q=0.8", "Accept-Encoding": "gzip, deflate", "Accept-Language": "en-us,en;q=0.5"}}, {"format_id": "22", "url": "https://r6---sn-4g5ednle.googlevideo.com/videoplayback?mt=1502221280&mv=m&ms=au&source=youtube&pl=16&dur=481.372&expire=1502243028&key=yt6&requiressl=yes&mm=31&mn=sn-4g5ednle&ratebypass=yes&mime=video%2Fmp4&initcwndbps=3140000&itag=22&ei=dBSKWbeGGtOwc83gpvgF&id=o-AKEsY8qJ9OfTzeEtSSU48Y7ul309W_x6v7aAPLSWqcwh&lmt=1471817822115131&ip=131.159.40.117&sparams=dur%2Cei%2Cid%2Cinitcwndbps%2Cip%2Cipbits%2Citag%2Clmt%2Cmime%2Cmm%2Cmn%2Cms%2Cmv%2Cpl%2Cratebypass%2Crequiressl%2Csource%2Cexpire&signature=3E0FEB4FC15E7212057CDA4D701BBC9AC076832D.CC80CA846F4DE0603C63991923309E8E3A2DB26F&ipbits=0", "player_url": null, "ext": "mp4", "width": 1280, "height": 720, "acodec": "mp4a.40.2", "abr": 192, "vcodec": "avc1.64001F", "resolution": "1280x720", "format_note": "hd720", "format": "22 - 1280x720 (hd720)", "protocol": "https", "http_headers": {"User-Agent": "Mozilla/5.0 (X11; Linux x86_64; rv:10.0) Gecko/20150101 Firefox/47.0 (Chrome)", "Accept-Charset": "ISO-8859-1,utf-8;q=0.7,*;q=0.7", "Accept": "text/html,application/xhtml+xml,application/xml;q=0.9,*/*;q=0.8", "Accept-Encoding": "gzip, deflate", "Accept-Language": "en-us,en;q=0.5"}}], "is_live": null, "start_time": null, "end_time": null, "series": null, "season_number": null, "episode_number": null, "extractor": "youtube", "webpage_url_basename": "53IbEBdm54k", "extractor_key": "Youtube", "playlist": null, "playlist_index": null, "thumbnails": [{"url": "https://i.ytimg.com/vi/53IbEBdm54k/maxresdefault.jpg", "id": "0"}], "display_id": "53IbEBdm54k", "ext": "mp4", "height": 720, "format_note": "DASH video", "vcodec": "avc1.4d401f", "format_id": "136", "url": "https://r6---sn-4g5e6n7r.googlevideo.com/videoplayback?id=e7721b101766e789&itag=136&source=youtube&requiressl=yes&pl=16&initcwndbps=3140000&mn=sn-4g5e6n7r&mv=m&ms=au&mm=31&ei=dRSKWaklx7VyhYi3kAQ&ratebypass=yes&mime=video/mp4&gir=yes&clen=74355394&lmt=1425891592110609&dur=481.314&mt=1502221280&signature=389E3FEDAD286AA5AF37A893002F63D78EB410A6.08F85C80B86C2DED9396411771C0247FE3F7C760&key=dg_yt0&ip=131.159.40.117&ipbits=0&expire=1502243029&sparams=ip,ipbits,expire,id,itag,source,requiressl,pl,initcwndbps,mn,mv,ms,mm,ei,ratebypass,mime,gir,clen,lmt,dur", "manifest_url": "https://manifest.googlevideo.com/api/manifest/dash/expire/1502243029/pl/16/initcwndbps/3140000/id/e7721b101766e789/sparams/as%2Cei%2Chfr%2Cid%2Cinitcwndbps%2Cip%2Cipbits%2Citag%2Cmm%2Cmn%2Cms%2Cmv%2Cpl%2Cplayback_host%2Crequiressl%2Csource%2Cexpire/source/youtube/mn/sn-4g5e6n7r/mt/1502221280/as/fmp4_audio_clear%2Cfmp4_sd_hd_clear/mv/m/signature/5510E7C4F7441FD54DABE3992D29AEF044416926.3230154E5D1E89EB52C66AF992423579E8A6CAD1/ms/au/mm/31/playback_host/r6---sn-4g5e6n7r.googlevideo.com/key/yt6/itag/0/ip/131.159.40.117/ipbits/0/requiressl/yes/hfr/1/ei/dRSKWaklx7VyhYi3kAQ", "width": 1280, "tbr": 1913.999, "asr": null, "fps": 30, "language": null, "filesize": 74355394, "acodec": "none", "format": "136 - 1280x720 (DASH video)", "protocol": "https", "http_headers": {"User-Agent": "Mozilla/5.0 (X11; Linux x86_64; rv:10.0) Gecko/20150101 Firefox/47.0 (Chrome)", "Accept-Charset": "ISO-8859-1,utf-8;q=0.7,*;q=0.7", "Accept": "text/html,application/xhtml+xml,application/xml;q=0.9,*/*;q=0.8", "Accept-Encoding": "gzip, deflate", "Accept-Language": "en-us,en;q=0.5"}, "fulltitle": "Transforma tu rostro: correcciones b\u00e1sicas (muy f\u00e1cil) y \u00a1ganadora del sorteo!", "_filename": "53IbEBdm54k.mp4"}