{"id": "R03Sko97IDE", "uploader": "RT en Espa\u00f1ol", "uploader_id": "ActualidadRT", "uploader_url": "http://www.youtube.com/user/ActualidadRT", "upload_date": "20140812", "license": "Standard YouTube License", "creator": null, "title": "La UE no quiere que Am\u00e9rica Latina le sustituya en el mercado ruso", "alt_title": null, "thumbnail": "https://i.ytimg.com/vi/R03Sko97IDE/hqdefault.jpg", "description": "La Uni\u00f3n Europea no quiere que \u00c1merica Latina le sustituya en el mercado ruso despu\u00e9s de las contrasanciones anunciadas por Mosc\u00fa. Los 28 intentar\u00e1n influir sobre los pa\u00edses de la regi\u00f3n para que no aumenten sus exportaciones a la Federaci\u00f3n Rusa.\n\nM\u00c1S INFORMACI\u00d3N: http://es.rt.com/zBA\n\n\u00a1Suscr\u00edbete a RT en espa\u00f1ol!\nhttp://www.youtube.com/user/ActualidadRT?sub_confirmation=1\n\nRT en Twitter: https://twitter.com/ActualidadRT\nRT en Facebook: https://www.facebook.com/ActualidadRT\nRT en Google+: https://plus.google.com/+RTenEspanol/posts\nRT en Vkontakte: http://vk.com/actualidadrt\n\nVea nuestra se\u00f1al en vivo: http://actualidad.rt.com/en_vivo\n\nRT EN ESPA\u00d1OL: DESDE RUSIA CON INFORMACI\u00d3N", "categories": ["News & Politics"], "tags": ["RT Actualidad", "rt", "russia today", "rt noticias", "rt espa\u00f1ol", "rt espanol", "rt spanish", "russia today espa\u00f1ol", "en vivo", "rusia today", "rusia", "Econom\u00eda", "Rusia", "Am\u00e9rica Latina", "Uni\u00f3n Europea", "Internacional", "Agricultura", "Moscow", "Ukraine", "Mauricio Ampuero", "productos de Occidente", "Occidente", "cierre temporal", "mercado nacional ruso", "productos alimenticios occidentales", "productores rusos", "productos prohibidos", "mercado", "productos", "alianza"], "subtitles": {}, "automatic_captions": {}, "duration": 389, "age_limit": 0, "annotations": null, "chapters": null, "webpage_url": "https://www.youtube.com/watch?v=R03Sko97IDE", "view_count": 117816, "like_count": 829, "dislike_count": 39, "average_rating": 4.82027626038, "formats": [{"ext": "m4a", "format_note": "DASH audio", "acodec": "mp4a.40.5", "abr": 48, "container": "m4a_dash", "format_id": "139", "url": "https://r7---sn-4g57knd6.googlevideo.com/videoplayback?id=474dd2928f7b2031&itag=139&source=youtube&requiressl=yes&pl=16&initcwndbps=4617500&ms=au&ei=APSKWb2YMIb6V93SmaAD&mn=sn-4g57knd6&mm=31&mv=m&ratebypass=yes&mime=audio/mp4&gir=yes&clen=2321344&lmt=1448276642515402&dur=389.537&signature=8A507DA8064E73EACF00F5937A027307BBACDFFE.510F3CDD890F6F20E47DBCFDB00966DD1A3B18E2&mt=1502278535&key=dg_yt0&ip=131.159.40.117&ipbits=0&expire=1502300256&sparams=ip,ipbits,expire,id,itag,source,requiressl,pl,initcwndbps,ms,ei,mn,mm,mv,ratebypass,mime,gir,clen,lmt,dur", "manifest_url": "https://manifest.googlevideo.com/api/manifest/dash/pl/16/as/fmp4_audio_clear%2Cfmp4_sd_hd_clear/source/youtube/expire/1502300256/signature/CFC070865FE941911CB62FD589D0A76FD5DC20C0.DF45A2D719457515B8283812977386B037E0486C/initcwndbps/4617500/itag/0/ipbits/0/ms/au/playback_host/r7---sn-4g57knd6.googlevideo.com/ei/APSKWb2YMIb6V93SmaAD/id/474dd2928f7b2031/mn/sn-4g57knd6/mm/31/hfr/1/mt/1502278535/mv/m/key/yt6/ip/131.159.40.117/requiressl/yes/sparams/as%2Cei%2Chfr%2Cid%2Cinitcwndbps%2Cip%2Cipbits%2Citag%2Cmm%2Cmn%2Cms%2Cmv%2Cpl%2Cplayback_host%2Crequiressl%2Csource%2Cexpire", "width": null, "height": null, "tbr": 49.447, "asr": 22050, "fps": null, "language": null, "filesize": 2321344, "vcodec": "none", "format": "139 - audio only (DASH audio)", "protocol": "https", "http_headers": {"User-Agent": "Mozilla/5.0 (X11; Linux x86_64; rv:10.0) Gecko/20150101 Firefox/47.0 (Chrome)", "Accept-Charset": "ISO-8859-1,utf-8;q=0.7,*;q=0.7", "Accept": "text/html,application/xhtml+xml,application/xml;q=0.9,*/*;q=0.8", "Accept-Encoding": "gzip, deflate", "Accept-Language": "en-us,en;q=0.5"}}, {"format_id": "249", "url": "https://r7---sn-4g57knd6.googlevideo.com/videoplayback?expire=1502300256&keepalive=yes&itag=249&signature=DA9CEC84BAC61FA0919F2269B74D7D0E532336BB.42E889579C29EEFF9B6E5B577E5526473AA1D4CA&requiressl=yes&ei=APSKWZ2nEY_UV6n7sOAL&mime=audio%2Fwebm&id=o-AHtIWCH8Vc4xwf2hwOY4Fw6VoAEjTLyFbmkKmkJehMIw&pl=16&ms=au&sparams=clen%2Cdur%2Cei%2Cgir%2Cid%2Cinitcwndbps%2Cip%2Cipbits%2Citag%2Ckeepalive%2Clmt%2Cmime%2Cmm%2Cmn%2Cms%2Cmv%2Cpl%2Crequiressl%2Csource%2Cexpire&mt=1502278535&mv=m&mm=31&ip=131.159.40.117&mn=sn-4g57knd6&key=yt6&gir=yes&ipbits=0&lmt=1408028535176094&dur=389.401&clen=2450291&source=youtube&initcwndbps=4617500&ratebypass=yes", "player_url": null, "ext": "webm", "format_note": "DASH audio", "acodec": "opus", "abr": 50, "filesize": 2450291, "tbr": 52.568, "fps": 1, "vcodec": "none", "format": "249 - audio only (DASH audio)", "protocol": "https", "http_headers": {"User-Agent": "Mozilla/5.0 (X11; Linux x86_64; rv:10.0) Gecko/20150101 Firefox/47.0 (Chrome)", "Accept-Charset": "ISO-8859-1,utf-8;q=0.7,*;q=0.7", "Accept": "text/html,application/xhtml+xml,application/xml;q=0.9,*/*;q=0.8", "Accept-Encoding": "gzip, deflate", "Accept-Language": "en-us,en;q=0.5"}}, {"format_id": "250", "url": "https://r7---sn-4g57knd6.googlevideo.com/videoplayback?expire=1502300256&keepalive=yes&itag=250&signature=3FFEEED97624C9E86407FE436849E05478C5B1C7.4D4D3C44F7126BABB60C4BBB77F238D382ED54DD&requiressl=yes&ei=APSKWZ2nEY_UV6n7sOAL&mime=audio%2Fwebm&id=o-AHtIWCH8Vc4xwf2hwOY4Fw6VoAEjTLyFbmkKmkJehMIw&pl=16&ms=au&sparams=clen%2Cdur%2Cei%2Cgir%2Cid%2Cinitcwndbps%2Cip%2Cipbits%2Citag%2Ckeepalive%2Clmt%2Cmime%2Cmm%2Cmn%2Cms%2Cmv%2Cpl%2Crequiressl%2Csource%2Cexpire&mt=1502278535&mv=m&mm=31&ip=131.159.40.117&mn=sn-4g57knd6&key=yt6&gir=yes&ipbits=0&lmt=1408028532188474&dur=389.401&clen=3129874&source=youtube&initcwndbps=4617500&ratebypass=yes", "player_url": null, "ext": "webm", "format_note": "DASH audio", "acodec": "opus", "abr": 70, "filesize": 3129874, "tbr": 72.954, "fps": 1, "vcodec": "none", "format": "250 - audio only (DASH audio)", "protocol": "https", "http_headers": {"User-Agent": "Mozilla/5.0 (X11; Linux x86_64; rv:10.0) Gecko/20150101 Firefox/47.0 (Chrome)", "Accept-Charset": "ISO-8859-1,utf-8;q=0.7,*;q=0.7", "Accept": "text/html,application/xhtml+xml,application/xml;q=0.9,*/*;q=0.8", "Accept-Encoding": "gzip, deflate", "Accept-Language": "en-us,en;q=0.5"}}, {"format_id": "171", "url": "https://r7---sn-4g57knd6.googlevideo.com/videoplayback?expire=1502300256&keepalive=yes&itag=171&signature=CFD10063FD57E7FFF67BE732B56B41C55F17FCF2.477B0609E917676C7571C7938B685FC6C902C086&requiressl=yes&ei=APSKWZ2nEY_UV6n7sOAL&mime=audio%2Fwebm&id=o-AHtIWCH8Vc4xwf2hwOY4Fw6VoAEjTLyFbmkKmkJehMIw&pl=16&ms=au&sparams=clen%2Cdur%2Cei%2Cgir%2Cid%2Cinitcwndbps%2Cip%2Cipbits%2Citag%2Ckeepalive%2Clmt%2Cmime%2Cmm%2Cmn%2Cms%2Cmv%2Cpl%2Crequiressl%2Csource%2Cexpire&mt=1502278535&mv=m&mm=31&ip=131.159.40.117&mn=sn-4g57knd6&key=yt6&gir=yes&ipbits=0&lmt=1408028532602206&dur=389.394&clen=3581477&source=youtube&initcwndbps=4617500&ratebypass=yes", "player_url": null, "ext": "webm", "acodec": "vorbis", "format_note": "DASH audio", "abr": 128, "filesize": 3581477, "tbr": 81.947, "fps": 1, "vcodec": "none", "format": "171 - audio only (DASH audio)", "protocol": "https", "http_headers": {"User-Agent": "Mozilla/5.0 (X11; Linux x86_64; rv:10.0) Gecko/20150101 Firefox/47.0 (Chrome)", "Accept-Charset": "ISO-8859-1,utf-8;q=0.7,*;q=0.7", "Accept": "text/html,application/xhtml+xml,application/xml;q=0.9,*/*;q=0.8", "Accept-Encoding": "gzip, deflate", "Accept-Language": "en-us,en;q=0.5"}}, {"ext": "m4a", "format_note": "DASH audio", "acodec": "mp4a.40.2", "abr": 128, "container": "m4a_dash", "format_id": "140", "url": "https://r7---sn-4g57knd6.googlevideo.com/videoplayback?id=474dd2928f7b2031&itag=140&source=youtube&requiressl=yes&pl=16&initcwndbps=4617500&ms=au&ei=APSKWb2YMIb6V93SmaAD&mn=sn-4g57knd6&mm=31&mv=m&ratebypass=yes&mime=audio/mp4&gir=yes&clen=6186165&lmt=1448276641350924&dur=389.468&signature=97B659CC52E4EF221DA30E34A33C63BDFC19E77A.0B8E7271DD5218711174442C042C65A8CDA20D59&mt=1502278535&key=dg_yt0&ip=131.159.40.117&ipbits=0&expire=1502300256&sparams=ip,ipbits,expire,id,itag,source,requiressl,pl,initcwndbps,ms,ei,mn,mm,mv,ratebypass,mime,gir,clen,lmt,dur", "manifest_url": "https://manifest.googlevideo.com/api/manifest/dash/pl/16/as/fmp4_audio_clear%2Cfmp4_sd_hd_clear/source/youtube/expire/1502300256/signature/CFC070865FE941911CB62FD589D0A76FD5DC20C0.DF45A2D719457515B8283812977386B037E0486C/initcwndbps/4617500/itag/0/ipbits/0/ms/au/playback_host/r7---sn-4g57knd6.googlevideo.com/ei/APSKWb2YMIb6V93SmaAD/id/474dd2928f7b2031/mn/sn-4g57knd6/mm/31/hfr/1/mt/1502278535/mv/m/key/yt6/ip/131.159.40.117/requiressl/yes/sparams/as%2Cei%2Chfr%2Cid%2Cinitcwndbps%2Cip%2Cipbits%2Citag%2Cmm%2Cmn%2Cms%2Cmv%2Cpl%2Cplayback_host%2Crequiressl%2Csource%2Cexpire", "width": null, "height": null, "tbr": 128.321, "asr": 44100, "fps": null, "language": null, "filesize": 6186165, "vcodec": "none", "format": "140 - audio only (DASH audio)", "protocol": "https", "http_headers": {"User-Agent": "Mozilla/5.0 (X11; Linux x86_64; rv:10.0) Gecko/20150101 Firefox/47.0 (Chrome)", "Accept-Charset": "ISO-8859-1,utf-8;q=0.7,*;q=0.7", "Accept": "text/html,application/xhtml+xml,application/xml;q=0.9,*/*;q=0.8", "Accept-Encoding": "gzip, deflate", "Accept-Language": "en-us,en;q=0.5"}}, {"format_id": "251", "url": "https://r7---sn-4g57knd6.googlevideo.com/videoplayback?expire=1502300256&keepalive=yes&itag=251&signature=7027009D6E1C2E8132A5B52D14CCC502E6CD98DB.B3D29A90ACA4622FA00868E87C6D068DC21CBF88&requiressl=yes&ei=APSKWZ2nEY_UV6n7sOAL&mime=audio%2Fwebm&id=o-AHtIWCH8Vc4xwf2hwOY4Fw6VoAEjTLyFbmkKmkJehMIw&pl=16&ms=au&sparams=clen%2Cdur%2Cei%2Cgir%2Cid%2Cinitcwndbps%2Cip%2Cipbits%2Citag%2Ckeepalive%2Clmt%2Cmime%2Cmm%2Cmn%2Cms%2Cmv%2Cpl%2Crequiressl%2Csource%2Cexpire&mt=1502278535&mv=m&mm=31&ip=131.159.40.117&mn=sn-4g57knd6&key=yt6&gir=yes&ipbits=0&lmt=1408028533351309&dur=389.401&clen=8927533&source=youtube&initcwndbps=4617500&ratebypass=yes", "player_url": null, "ext": "webm", "format_note": "DASH audio", "acodec": "opus", "abr": 160, "filesize": 8927533, "tbr": 207.367, "fps": 1, "vcodec": "none", "format": "251 - audio only (DASH audio)", "protocol": "https", "http_headers": {"User-Agent": "Mozilla/5.0 (X11; Linux x86_64; rv:10.0) Gecko/20150101 Firefox/47.0 (Chrome)", "Accept-Charset": "ISO-8859-1,utf-8;q=0.7,*;q=0.7", "Accept": "text/html,application/xhtml+xml,application/xml;q=0.9,*/*;q=0.8", "Accept-Encoding": "gzip, deflate", "Accept-Language": "en-us,en;q=0.5"}}, {"ext": "mp4", "height": 144, "format_note": "DASH video", "vcodec": "avc1.42c00c", "format_id": "160", "url": "https://r7---sn-4g57knd6.googlevideo.com/videoplayback?id=474dd2928f7b2031&itag=160&source=youtube&requiressl=yes&pl=16&initcwndbps=4617500&ms=au&ei=APSKWb2YMIb6V93SmaAD&mn=sn-4g57knd6&mm=31&mv=m&ratebypass=yes&mime=video/mp4&gir=yes&clen=5305358&lmt=1448276893347608&dur=389.440&signature=5288053F1227268AB26D9DEE1322FE60096D576D.B597A1753894B10BC0F902E912B765635406E3&mt=1502278535&key=dg_yt0&ip=131.159.40.117&ipbits=0&expire=1502300256&sparams=ip,ipbits,expire,id,itag,source,requiressl,pl,initcwndbps,ms,ei,mn,mm,mv,ratebypass,mime,gir,clen,lmt,dur", "manifest_url": "https://manifest.googlevideo.com/api/manifest/dash/pl/16/as/fmp4_audio_clear%2Cfmp4_sd_hd_clear/source/youtube/expire/1502300256/signature/CFC070865FE941911CB62FD589D0A76FD5DC20C0.DF45A2D719457515B8283812977386B037E0486C/initcwndbps/4617500/itag/0/ipbits/0/ms/au/playback_host/r7---sn-4g57knd6.googlevideo.com/ei/APSKWb2YMIb6V93SmaAD/id/474dd2928f7b2031/mn/sn-4g57knd6/mm/31/hfr/1/mt/1502278535/mv/m/key/yt6/ip/131.159.40.117/requiressl/yes/sparams/as%2Cei%2Chfr%2Cid%2Cinitcwndbps%2Cip%2Cipbits%2Citag%2Cmm%2Cmn%2Cms%2Cmv%2Cpl%2Cplayback_host%2Crequiressl%2Csource%2Cexpire", "width": 256, "tbr": 111.443, "asr": null, "fps": 13, "language": null, "filesize": 5305358, "acodec": "none", "format": "160 - 256x144 (DASH video)", "protocol": "https", "http_headers": {"User-Agent": "Mozilla/5.0 (X11; Linux x86_64; rv:10.0) Gecko/20150101 Firefox/47.0 (Chrome)", "Accept-Charset": "ISO-8859-1,utf-8;q=0.7,*;q=0.7", "Accept": "text/html,application/xhtml+xml,application/xml;q=0.9,*/*;q=0.8", "Accept-Encoding": "gzip, deflate", "Accept-Language": "en-us,en;q=0.5"}}, {"ext": "mp4", "height": 240, "format_note": "DASH video", "vcodec": "avc1.4d4015", "format_id": "133", "url": "https://r7---sn-4g57knd6.googlevideo.com/videoplayback?id=474dd2928f7b2031&itag=133&source=youtube&requiressl=yes&pl=16&initcwndbps=4617500&ms=au&ei=APSKWb2YMIb6V93SmaAD&mn=sn-4g57knd6&mm=31&mv=m&ratebypass=yes&mime=video/mp4&gir=yes&clen=11883596&lmt=1448276893135316&dur=389.400&signature=0B9CEE40E86E5FD4A73B6650635C889BA318B928.8761C33F72438FEDF686BA02A15441A67FB011E6&mt=1502278535&key=dg_yt0&ip=131.159.40.117&ipbits=0&expire=1502300256&sparams=ip,ipbits,expire,id,itag,source,requiressl,pl,initcwndbps,ms,ei,mn,mm,mv,ratebypass,mime,gir,clen,lmt,dur", "manifest_url": "https://manifest.googlevideo.com/api/manifest/dash/pl/16/as/fmp4_audio_clear%2Cfmp4_sd_hd_clear/source/youtube/expire/1502300256/signature/CFC070865FE941911CB62FD589D0A76FD5DC20C0.DF45A2D719457515B8283812977386B037E0486C/initcwndbps/4617500/itag/0/ipbits/0/ms/au/playback_host/r7---sn-4g57knd6.googlevideo.com/ei/APSKWb2YMIb6V93SmaAD/id/474dd2928f7b2031/mn/sn-4g57knd6/mm/31/hfr/1/mt/1502278535/mv/m/key/yt6/ip/131.159.40.117/requiressl/yes/sparams/as%2Cei%2Chfr%2Cid%2Cinitcwndbps%2Cip%2Cipbits%2Citag%2Cmm%2Cmn%2Cms%2Cmv%2Cpl%2Cplayback_host%2Crequiressl%2Csource%2Cexpire", "width": 426, "tbr": 252.595, "asr": null, "fps": 25, "language": null, "filesize": 11883596, "acodec": "none", "format": "133 - 426x240 (DASH video)", "protocol": "https", "http_headers": {"User-Agent": "Mozilla/5.0 (X11; Linux x86_64; rv:10.0) Gecko/20150101 Firefox/47.0 (Chrome)", "Accept-Charset": "ISO-8859-1,utf-8;q=0.7,*;q=0.7", "Accept": "text/html,application/xhtml+xml,application/xml;q=0.9,*/*;q=0.8", "Accept-Encoding": "gzip, deflate", "Accept-Language": "en-us,en;q=0.5"}}, {"ext": "mp4", "height": 360, "format_note": "DASH video", "vcodec": "avc1.4d401e", "format_id": "134", "url": "https://r7---sn-4g57knd6.googlevideo.com/videoplayback?id=474dd2928f7b2031&itag=134&source=youtube&requiressl=yes&pl=16&initcwndbps=4617500&ms=au&ei=APSKWb2YMIb6V93SmaAD&mn=sn-4g57knd6&mm=31&mv=m&ratebypass=yes&mime=video/mp4&gir=yes&clen=16537828&lmt=1448276893351904&dur=389.400&signature=5738C671473B4B81CC010709F8100BCD9B2BB12C.41B035E7C8E0C76514362979506F9870633A0688&mt=1502278535&key=dg_yt0&ip=131.159.40.117&ipbits=0&expire=1502300256&sparams=ip,ipbits,expire,id,itag,source,requiressl,pl,initcwndbps,ms,ei,mn,mm,mv,ratebypass,mime,gir,clen,lmt,dur", "manifest_url": "https://manifest.googlevideo.com/api/manifest/dash/pl/16/as/fmp4_audio_clear%2Cfmp4_sd_hd_clear/source/youtube/expire/1502300256/signature/CFC070865FE941911CB62FD589D0A76FD5DC20C0.DF45A2D719457515B8283812977386B037E0486C/initcwndbps/4617500/itag/0/ipbits/0/ms/au/playback_host/r7---sn-4g57knd6.googlevideo.com/ei/APSKWb2YMIb6V93SmaAD/id/474dd2928f7b2031/mn/sn-4g57knd6/mm/31/hfr/1/mt/1502278535/mv/m/key/yt6/ip/131.159.40.117/requiressl/yes/sparams/as%2Cei%2Chfr%2Cid%2Cinitcwndbps%2Cip%2Cipbits%2Citag%2Cmm%2Cmn%2Cms%2Cmv%2Cpl%2Cplayback_host%2Crequiressl%2Csource%2Cexpire", "width": 640, "tbr": 602.343, "asr": null, "fps": 25, "language": null, "filesize": 16537828, "acodec": "none", "format": "134 - 640x360 (DASH video)", "protocol": "https", "http_headers": {"User-Agent": "Mozilla/5.0 (X11; Linux x86_64; rv:10.0) Gecko/20150101 Firefox/47.0 (Chrome)", "Accept-Charset": "ISO-8859-1,utf-8;q=0.7,*;q=0.7", "Accept": "text/html,application/xhtml+xml,application/xml;q=0.9,*/*;q=0.8", "Accept-Encoding": "gzip, deflate", "Accept-Language": "en-us,en;q=0.5"}}, {"ext": "mp4", "height": 480, "format_note": "DASH video", "vcodec": "avc1.4d401e", "format_id": "135", "url": "https://r7---sn-4g57knd6.googlevideo.com/videoplayback?id=474dd2928f7b2031&itag=135&source=youtube&requiressl=yes&pl=16&initcwndbps=4617500&ms=au&ei=APSKWb2YMIb6V93SmaAD&mn=sn-4g57knd6&mm=31&mv=m&ratebypass=yes&mime=video/mp4&gir=yes&clen=34013186&lmt=1448276894422648&dur=389.400&signature=7D8E991D6EAC916D33CC83140CE5C2BCF14A487C.6F48B2A6B1A67E37883979FD8108019F8C2FD4F9&mt=1502278535&key=dg_yt0&ip=131.159.40.117&ipbits=0&expire=1502300256&sparams=ip,ipbits,expire,id,itag,source,requiressl,pl,initcwndbps,ms,ei,mn,mm,mv,ratebypass,mime,gir,clen,lmt,dur", "manifest_url": "https://manifest.googlevideo.com/api/manifest/dash/pl/16/as/fmp4_audio_clear%2Cfmp4_sd_hd_clear/source/youtube/expire/1502300256/signature/CFC070865FE941911CB62FD589D0A76FD5DC20C0.DF45A2D719457515B8283812977386B037E0486C/initcwndbps/4617500/itag/0/ipbits/0/ms/au/playback_host/r7---sn-4g57knd6.googlevideo.com/ei/APSKWb2YMIb6V93SmaAD/id/474dd2928f7b2031/mn/sn-4g57knd6/mm/31/hfr/1/mt/1502278535/mv/m/key/yt6/ip/131.159.40.117/requiressl/yes/sparams/as%2Cei%2Chfr%2Cid%2Cinitcwndbps%2Cip%2Cipbits%2Citag%2Cmm%2Cmn%2Cms%2Cmv%2Cpl%2Cplayback_host%2Crequiressl%2Csource%2Cexpire", "width": 854, "tbr": 1105.154, "asr": null, "fps": 25, "language": null, "filesize": 34013186, "acodec": "none", "format": "135 - 854x480 (DASH video)", "protocol": "https", "http_headers": {"User-Agent": "Mozilla/5.0 (X11; Linux x86_64; rv:10.0) Gecko/20150101 Firefox/47.0 (Chrome)", "Accept-Charset": "ISO-8859-1,utf-8;q=0.7,*;q=0.7", "Accept": "text/html,application/xhtml+xml,application/xml;q=0.9,*/*;q=0.8", "Accept-Encoding": "gzip, deflate", "Accept-Language": "en-us,en;q=0.5"}}, {"ext": "mp4", "height": 720, "format_note": "DASH video", "vcodec": "avc1.4d401f", "format_id": "136", "url": "https://r7---sn-4g57knd6.googlevideo.com/videoplayback?id=474dd2928f7b2031&itag=136&source=youtube&requiressl=yes&pl=16&initcwndbps=4617500&ms=au&ei=APSKWb2YMIb6V93SmaAD&mn=sn-4g57knd6&mm=31&mv=m&ratebypass=yes&mime=video/mp4&gir=yes&clen=60402579&lmt=1448276895673763&dur=389.400&signature=231623DFC0DC05BAA7B66C085C568362618FC71B.91F1C61CAF102F68EA107759BE0A7DE9B47B78F6&mt=1502278535&key=dg_yt0&ip=131.159.40.117&ipbits=0&expire=1502300256&sparams=ip,ipbits,expire,id,itag,source,requiressl,pl,initcwndbps,ms,ei,mn,mm,mv,ratebypass,mime,gir,clen,lmt,dur", "manifest_url": "https://manifest.googlevideo.com/api/manifest/dash/pl/16/as/fmp4_audio_clear%2Cfmp4_sd_hd_clear/source/youtube/expire/1502300256/signature/CFC070865FE941911CB62FD589D0A76FD5DC20C0.DF45A2D719457515B8283812977386B037E0486C/initcwndbps/4617500/itag/0/ipbits/0/ms/au/playback_host/r7---sn-4g57knd6.googlevideo.com/ei/APSKWb2YMIb6V93SmaAD/id/474dd2928f7b2031/mn/sn-4g57knd6/mm/31/hfr/1/mt/1502278535/mv/m/key/yt6/ip/131.159.40.117/requiressl/yes/sparams/as%2Cei%2Chfr%2Cid%2Cinitcwndbps%2Cip%2Cipbits%2Citag%2Cmm%2Cmn%2Cms%2Cmv%2Cpl%2Cplayback_host%2Crequiressl%2Csource%2Cexpire", "width": 1280, "tbr": 2202.337, "asr": null, "fps": 25, "language": null, "filesize": 60402579, "acodec": "none", "format": "136 - 1280x720 (DASH video)", "protocol": "https", "http_headers": {"User-Agent": "Mozilla/5.0 (X11; Linux x86_64; rv:10.0) Gecko/20150101 Firefox/47.0 (Chrome)", "Accept-Charset": "ISO-8859-1,utf-8;q=0.7,*;q=0.7", "Accept": "text/html,application/xhtml+xml,application/xml;q=0.9,*/*;q=0.8", "Accept-Encoding": "gzip, deflate", "Accept-Language": "en-us,en;q=0.5"}}, {"format_id": "17", "url": "https://r7---sn-4g57knd6.googlevideo.com/videoplayback?expire=1502300256&itag=17&signature=47C24B842E60133350A8DC9DF51ABA92AD4A4FFA.7207D82510162EFD1E105754FB727C1E2D5C2444&requiressl=yes&ei=APSKWZ2nEY_UV6n7sOAL&mime=video%2F3gpp&id=o-AHtIWCH8Vc4xwf2hwOY4Fw6VoAEjTLyFbmkKmkJehMIw&pl=16&ms=au&sparams=clen%2Cdur%2Cei%2Cgir%2Cid%2Cinitcwndbps%2Cip%2Cipbits%2Citag%2Clmt%2Cmime%2Cmm%2Cmn%2Cms%2Cmv%2Cpl%2Crequiressl%2Csource%2Cexpire&mt=1502278535&mv=m&mm=31&ip=131.159.40.117&mn=sn-4g57knd6&key=yt6&gir=yes&ipbits=0&lmt=1407859201080391&dur=389.630&clen=3979037&source=youtube&initcwndbps=4617500&ratebypass=yes", "player_url": null, "ext": "3gp", "width": 176, "height": 144, "acodec": "mp4a.40.2", "abr": 24, "vcodec": "mp4v.20.3", "resolution": "176x144", "format_note": "small", "format": "17 - 176x144 (small)", "protocol": "https", "http_headers": {"User-Agent": "Mozilla/5.0 (X11; Linux x86_64; rv:10.0) Gecko/20150101 Firefox/47.0 (Chrome)", "Accept-Charset": "ISO-8859-1,utf-8;q=0.7,*;q=0.7", "Accept": "text/html,application/xhtml+xml,application/xml;q=0.9,*/*;q=0.8", "Accept-Encoding": "gzip, deflate", "Accept-Language": "en-us,en;q=0.5"}}, {"format_id": "36", "url": "https://r7---sn-4g57knd6.googlevideo.com/videoplayback?expire=1502300256&itag=36&signature=2DB08DB39D364F202A8C0D9DB65A6FF0F580314C.0E8BB6051AB30DB13F2E4FB77AD339AB4D7904ED&requiressl=yes&ei=APSKWZ2nEY_UV6n7sOAL&mime=video%2F3gpp&id=o-AHtIWCH8Vc4xwf2hwOY4Fw6VoAEjTLyFbmkKmkJehMIw&pl=16&ms=au&sparams=clen%2Cdur%2Cei%2Cgir%2Cid%2Cinitcwndbps%2Cip%2Cipbits%2Citag%2Clmt%2Cmime%2Cmm%2Cmn%2Cms%2Cmv%2Cpl%2Crequiressl%2Csource%2Cexpire&mt=1502278535&mv=m&mm=31&ip=131.159.40.117&mn=sn-4g57knd6&key=yt6&gir=yes&ipbits=0&lmt=1407859253888748&dur=389.584&clen=11044063&source=youtube&initcwndbps=4617500&ratebypass=yes", "player_url": null, "ext": "3gp", "width": 320, "acodec": "mp4a.40.2", "vcodec": "mp4v.20.3", "resolution": "320x180", "height": 180, "format_note": "small", "format": "36 - 320x180 (small)", "protocol": "https", "http_headers": {"User-Agent": "Mozilla/5.0 (X11; Linux x86_64; rv:10.0) Gecko/20150101 Firefox/47.0 (Chrome)", "Accept-Charset": "ISO-8859-1,utf-8;q=0.7,*;q=0.7", "Accept": "text/html,application/xhtml+xml,application/xml;q=0.9,*/*;q=0.8", "Accept-Encoding": "gzip, deflate", "Accept-Language": "en-us,en;q=0.5"}}, {"format_id": "43", "url": "https://r7---sn-4g57knd6.googlevideo.com/videoplayback?expire=1502300256&itag=43&signature=CC717C67E8600126EE36C3FE96134466378CE262.D195820308F09E7E8C8625D47E82FE8775C3059D&requiressl=yes&ei=APSKWZ2nEY_UV6n7sOAL&mime=video%2Fwebm&id=o-AHtIWCH8Vc4xwf2hwOY4Fw6VoAEjTLyFbmkKmkJehMIw&pl=16&ms=au&sparams=clen%2Cdur%2Cei%2Cgir%2Cid%2Cinitcwndbps%2Cip%2Cipbits%2Citag%2Clmt%2Cmime%2Cmm%2Cmn%2Cms%2Cmv%2Cpl%2Cratebypass%2Crequiressl%2Csource%2Cexpire&mt=1502278535&mv=m&mm=31&ip=131.159.40.117&mn=sn-4g57knd6&key=yt6&gir=yes&ipbits=0&ratebypass=yes&lmt=1407862138202225&dur=0.000&clen=38662365&source=youtube&initcwndbps=4617500", "player_url": null, "ext": "webm", "width": 640, "height": 360, "acodec": "vorbis", "abr": 128, "vcodec": "vp8.0", "resolution": "640x360", "format_note": "medium", "format": "43 - 640x360 (medium)", "protocol": "https", "http_headers": {"User-Agent": "Mozilla/5.0 (X11; Linux x86_64; rv:10.0) Gecko/20150101 Firefox/47.0 (Chrome)", "Accept-Charset": "ISO-8859-1,utf-8;q=0.7,*;q=0.7", "Accept": "text/html,application/xhtml+xml,application/xml;q=0.9,*/*;q=0.8", "Accept-Encoding": "gzip, deflate", "Accept-Language": "en-us,en;q=0.5"}}, {"format_id": "18", "url": "https://r7---sn-4g57knd6.googlevideo.com/videoplayback?expire=1502300256&itag=18&signature=101AD98641D030740547951E263BF1E7DC9B9607.41B0454A995F757F3DCB1DCBF8CF365B50F98E15&requiressl=yes&ei=APSKWZ2nEY_UV6n7sOAL&mime=video%2Fmp4&id=o-AHtIWCH8Vc4xwf2hwOY4Fw6VoAEjTLyFbmkKmkJehMIw&pl=16&ms=au&sparams=clen%2Cdur%2Cei%2Cgir%2Cid%2Cinitcwndbps%2Cip%2Cipbits%2Citag%2Clmt%2Cmime%2Cmm%2Cmn%2Cms%2Cmv%2Cpl%2Cratebypass%2Crequiressl%2Csource%2Cexpire&mt=1502278535&mv=m&mm=31&ip=131.159.40.117&mn=sn-4g57knd6&key=yt6&gir=yes&ipbits=0&ratebypass=yes&lmt=1448276643210293&dur=389.468&clen=29792260&source=youtube&initcwndbps=4617500", "player_url": null, "ext": "mp4", "width": 640, "height": 360, "acodec": "mp4a.40.2", "abr": 96, "vcodec": "avc1.42001E", "resolution": "640x360", "format_note": "medium", "format": "18 - 640x360 (medium)", "protocol": "https", "http_headers": {"User-Agent": "Mozilla/5.0 (X11; Linux x86_64; rv:10.0) Gecko/20150101 Firefox/47.0 (Chrome)", "Accept-Charset": "ISO-8859-1,utf-8;q=0.7,*;q=0.7", "Accept": "text/html,application/xhtml+xml,application/xml;q=0.9,*/*;q=0.8", "Accept-Encoding": "gzip, deflate", "Accept-Language": "en-us,en;q=0.5"}}, {"format_id": "22", "url": "https://r7---sn-4g57knd6.googlevideo.com/videoplayback?mime=video%2Fmp4&expire=1502300256&ipbits=0&mt=1502278535&ratebypass=yes&itag=22&signature=8BF716512255C7F4D2354182DB82E6F3C9366FE4.17DE051008BD417EF44988823600D7FDC910797E&lmt=1471712668491356&requiressl=yes&ei=APSKWZ2nEY_UV6n7sOAL&dur=389.468&id=o-AHtIWCH8Vc4xwf2hwOY4Fw6VoAEjTLyFbmkKmkJehMIw&pl=16&ms=au&sparams=dur%2Cei%2Cid%2Cinitcwndbps%2Cip%2Cipbits%2Citag%2Clmt%2Cmime%2Cmm%2Cmn%2Cms%2Cmv%2Cpl%2Cratebypass%2Crequiressl%2Csource%2Cexpire&source=youtube&initcwndbps=4617500&mv=m&mm=31&ip=131.159.40.117&mn=sn-4g57knd6&key=yt6", "player_url": null, "ext": "mp4", "width": 1280, "height": 720, "acodec": "mp4a.40.2", "abr": 192, "vcodec": "avc1.64001F", "resolution": "1280x720", "format_note": "hd720", "format": "22 - 1280x720 (hd720)", "protocol": "https", "http_headers": {"User-Agent": "Mozilla/5.0 (X11; Linux x86_64; rv:10.0) Gecko/20150101 Firefox/47.0 (Chrome)", "Accept-Charset": "ISO-8859-1,utf-8;q=0.7,*;q=0.7", "Accept": "text/html,application/xhtml+xml,application/xml;q=0.9,*/*;q=0.8", "Accept-Encoding": "gzip, deflate", "Accept-Language": "en-us,en;q=0.5"}}], "is_live": null, "start_time": null, "end_time": null, "series": null, "season_number": null, "episode_number": null, "extractor": "youtube", "webpage_url_basename": "R03Sko97IDE", "extractor_key": "Youtube", "playlist": null, "playlist_index": null, "thumbnails": [{"url": "https://i.ytimg.com/vi/R03Sko97IDE/hqdefault.jpg", "id": "0"}], "display_id": "R03Sko97IDE", "ext": "mp4", "height": 720, "format_note": "DASH video", "vcodec": "avc1.4d401f", "format_id": "136", "url": "https://r7---sn-4g57knd6.googlevideo.com/videoplayback?id=474dd2928f7b2031&itag=136&source=youtube&requiressl=yes&pl=16&initcwndbps=4617500&ms=au&ei=APSKWb2YMIb6V93SmaAD&mn=sn-4g57knd6&mm=31&mv=m&ratebypass=yes&mime=video/mp4&gir=yes&clen=60402579&lmt=1448276895673763&dur=389.400&signature=231623DFC0DC05BAA7B66C085C568362618FC71B.91F1C61CAF102F68EA107759BE0A7DE9B47B78F6&mt=1502278535&key=dg_yt0&ip=131.159.40.117&ipbits=0&expire=1502300256&sparams=ip,ipbits,expire,id,itag,source,requiressl,pl,initcwndbps,ms,ei,mn,mm,mv,ratebypass,mime,gir,clen,lmt,dur", "manifest_url": "https://manifest.googlevideo.com/api/manifest/dash/pl/16/as/fmp4_audio_clear%2Cfmp4_sd_hd_clear/source/youtube/expire/1502300256/signature/CFC070865FE941911CB62FD589D0A76FD5DC20C0.DF45A2D719457515B8283812977386B037E0486C/initcwndbps/4617500/itag/0/ipbits/0/ms/au/playback_host/r7---sn-4g57knd6.googlevideo.com/ei/APSKWb2YMIb6V93SmaAD/id/474dd2928f7b2031/mn/sn-4g57knd6/mm/31/hfr/1/mt/1502278535/mv/m/key/yt6/ip/131.159.40.117/requiressl/yes/sparams/as%2Cei%2Chfr%2Cid%2Cinitcwndbps%2Cip%2Cipbits%2Citag%2Cmm%2Cmn%2Cms%2Cmv%2Cpl%2Cplayback_host%2Crequiressl%2Csource%2Cexpire", "width": 1280, "tbr": 2202.337, "asr": null, "fps": 25, "language": null, "filesize": 60402579, "acodec": "none", "format": "136 - 1280x720 (DASH video)", "protocol": "https", "http_headers": {"User-Agent": "Mozilla/5.0 (X11; Linux x86_64; rv:10.0) Gecko/20150101 Firefox/47.0 (Chrome)", "Accept-Charset": "ISO-8859-1,utf-8;q=0.7,*;q=0.7", "Accept": "text/html,application/xhtml+xml,application/xml;q=0.9,*/*;q=0.8", "Accept-Encoding": "gzip, deflate", "Accept-Language": "en-us,en;q=0.5"}, "fulltitle": "La UE no quiere que Am\u00e9rica Latina le sustituya en el mercado ruso", "_filename": "R03Sko97IDE.mp4"}