{"id": "4j2ALxYvbS8", "uploader": "ABC News", "uploader_id": null, "uploader_url": null, "upload_date": null, "license": null, "creator": null, "title": "Trainer Struggles to Lose Weight", "alt_title": null, "thumbnail": "https://i.ytimg.com/vi/4j2ALxYvbS8/default.jpg", "description": "", "categories": null, "tags": [], "subtitles": {}, "automatic_captions": {}, "duration": 208, "age_limit": 0, "annotations": null, "chapters": null, "webpage_url": "https://www.youtube.com/watch?v=4j2ALxYvbS8", "view_count": 91820, "like_count": null, "dislike_count": null, "average_rating": 4.76811599731, "formats": [{"ext": "m4a", "format_note": "DASH audio", "acodec": "mp4a.40.5", "abr": 48, "container": "m4a_dash", "format_id": "139", "url": "https://r8---sn-4g57knl7.googlevideo.com/videoplayback?id=e23d802f162f6d2f&itag=139&source=youtube&requiressl=yes&ei=y7GJWdiNHMWkVKS7sOgB&mm=31&ms=au&mv=m&initcwndbps=4462500&pl=16&mn=sn-4g57knl7&ratebypass=yes&mime=audio/mp4&gir=yes&clen=1235085&lmt=1392612155461560&dur=207.586&key=dg_yt0&mt=1502196071&signature=532BB09FCDAB53332F3BABAC351CD11B6114A81F.4C3295D903E5756390D4BB06C008681AE2C5017E&ip=131.159.40.117&ipbits=0&expire=1502217771&sparams=ip,ipbits,expire,id,itag,source,requiressl,ei,mm,ms,mv,initcwndbps,pl,mn,ratebypass,mime,gir,clen,lmt,dur", "manifest_url": "https://manifest.googlevideo.com/api/manifest/dash/ei/y7GJWdiNHMWkVKS7sOgB/itag/0/playback_host/r8---sn-4g57knl7.googlevideo.com/requiressl/yes/sparams/as%2Cei%2Chfr%2Cid%2Cinitcwndbps%2Cip%2Cipbits%2Citag%2Cmm%2Cmn%2Cms%2Cmv%2Cpl%2Cplayback_host%2Crequiressl%2Csource%2Cexpire/key/yt6/ip/131.159.40.117/mm/31/ipbits/0/hfr/1/mt/1502196071/ms/au/signature/CAD859EEB0C60CAD11CDAF9A7210C4FFCD0AF1D9.DCF1802EFD0409C3B5FCBCBE0F9CCDCE47B62013/source/youtube/as/fmp4_audio_clear%2Cfmp4_sd_hd_clear/mv/m/initcwndbps/4462500/id/e23d802f162f6d2f/pl/16/mn/sn-4g57knl7/expire/1502217771", "width": null, "height": null, "tbr": 48.411, "asr": 22050, "fps": null, "language": null, "filesize": 1235085, "vcodec": "none", "format": "139 - audio only (DASH audio)", "protocol": "https", "http_headers": {"User-Agent": "Mozilla/5.0 (X11; Linux x86_64; rv:10.0) Gecko/20150101 Firefox/47.0 (Chrome)", "Accept-Charset": "ISO-8859-1,utf-8;q=0.7,*;q=0.7", "Accept": "text/html,application/xhtml+xml,application/xml;q=0.9,*/*;q=0.8", "Accept-Encoding": "gzip, deflate", "Accept-Language": "en-us,en;q=0.5"}}, {"format_id": "171", "url": "https://r8---sn-4g57knl7.googlevideo.com/videoplayback?expire=1502217771&ipbits=0&gir=yes&clen=2176941&requiressl=yes&mime=audio%2Fwebm&lmt=1401777420645948&itag=171&keepalive=yes&dur=207.469&source=youtube&pl=16&id=o-AFC_28bz0Uk9nHdIpJXqDw3Z_3atr69G0ZhfgLVgBSUI&ei=yrGJWea_NonoVdyGiqgO&ms=au&mt=1502196071&mv=m&signature=631FE4D6A0899A001AE266A2ECACA96881A3194C.4701964FE01645A343ABF4EEA7368A9B3FB25836&mm=31&mn=sn-4g57knl7&ip=131.159.40.117&key=yt6&initcwndbps=4462500&sparams=clen%2Cdur%2Cei%2Cgir%2Cid%2Cinitcwndbps%2Cip%2Cipbits%2Citag%2Ckeepalive%2Clmt%2Cmime%2Cmm%2Cmn%2Cms%2Cmv%2Cpl%2Crequiressl%2Csource%2Cexpire&ratebypass=yes", "player_url": null, "ext": "webm", "acodec": "vorbis", "format_note": "DASH audio", "abr": 128, "filesize": 2176941, "tbr": 90.559, "fps": 1, "vcodec": "none", "format": "171 - audio only (DASH audio)", "protocol": "https", "http_headers": {"User-Agent": "Mozilla/5.0 (X11; Linux x86_64; rv:10.0) Gecko/20150101 Firefox/47.0 (Chrome)", "Accept-Charset": "ISO-8859-1,utf-8;q=0.7,*;q=0.7", "Accept": "text/html,application/xhtml+xml,application/xml;q=0.9,*/*;q=0.8", "Accept-Encoding": "gzip, deflate", "Accept-Language": "en-us,en;q=0.5"}}, {"ext": "m4a", "format_note": "DASH audio", "acodec": "mp4a.40.2", "abr": 128, "container": "m4a_dash", "format_id": "140", "url": "https://r8---sn-4g57knl7.googlevideo.com/videoplayback?id=e23d802f162f6d2f&itag=140&source=youtube&requiressl=yes&ei=y7GJWdiNHMWkVKS7sOgB&mm=31&ms=au&mv=m&initcwndbps=4462500&pl=16&mn=sn-4g57knl7&ratebypass=yes&mime=audio/mp4&gir=yes&clen=3296801&lmt=1392612158462810&dur=207.539&key=dg_yt0&mt=1502196071&signature=1018271EB16622C1494079C434D28F6F0D810B1A.76E2DD778FFA2A1724E44EB57B623F018D4D5A52&ip=131.159.40.117&ipbits=0&expire=1502217771&sparams=ip,ipbits,expire,id,itag,source,requiressl,ei,mm,ms,mv,initcwndbps,pl,mn,ratebypass,mime,gir,clen,lmt,dur", "manifest_url": "https://manifest.googlevideo.com/api/manifest/dash/ei/y7GJWdiNHMWkVKS7sOgB/itag/0/playback_host/r8---sn-4g57knl7.googlevideo.com/requiressl/yes/sparams/as%2Cei%2Chfr%2Cid%2Cinitcwndbps%2Cip%2Cipbits%2Citag%2Cmm%2Cmn%2Cms%2Cmv%2Cpl%2Cplayback_host%2Crequiressl%2Csource%2Cexpire/key/yt6/ip/131.159.40.117/mm/31/ipbits/0/hfr/1/mt/1502196071/ms/au/signature/CAD859EEB0C60CAD11CDAF9A7210C4FFCD0AF1D9.DCF1802EFD0409C3B5FCBCBE0F9CCDCE47B62013/source/youtube/as/fmp4_audio_clear%2Cfmp4_sd_hd_clear/mv/m/initcwndbps/4462500/id/e23d802f162f6d2f/pl/16/mn/sn-4g57knl7/expire/1502217771", "width": null, "height": null, "tbr": 127.743, "asr": 44100, "fps": null, "language": null, "filesize": 3296801, "vcodec": "none", "format": "140 - audio only (DASH audio)", "protocol": "https", "http_headers": {"User-Agent": "Mozilla/5.0 (X11; Linux x86_64; rv:10.0) Gecko/20150101 Firefox/47.0 (Chrome)", "Accept-Charset": "ISO-8859-1,utf-8;q=0.7,*;q=0.7", "Accept": "text/html,application/xhtml+xml,application/xml;q=0.9,*/*;q=0.8", "Accept-Encoding": "gzip, deflate", "Accept-Language": "en-us,en;q=0.5"}}, {"ext": "mp4", "height": 144, "format_note": "DASH video", "vcodec": "avc1.4d400c", "format_id": "160", "url": "https://r8---sn-4g57knl7.googlevideo.com/videoplayback?id=e23d802f162f6d2f&itag=160&source=youtube&requiressl=yes&ei=y7GJWdiNHMWkVKS7sOgB&mm=31&ms=au&mv=m&initcwndbps=4462500&pl=16&mn=sn-4g57knl7&ratebypass=yes&mime=video/mp4&gir=yes&clen=2926636&lmt=1392612147499663&dur=207.375&key=dg_yt0&mt=1502196071&signature=9BDED4DF116A7C89CAB9C409584F697EA11D58B7.50CFB5AFFED66192AA7123F22C7FDA395E0B4748&ip=131.159.40.117&ipbits=0&expire=1502217771&sparams=ip,ipbits,expire,id,itag,source,requiressl,ei,mm,ms,mv,initcwndbps,pl,mn,ratebypass,mime,gir,clen,lmt,dur", "manifest_url": "https://manifest.googlevideo.com/api/manifest/dash/ei/y7GJWdiNHMWkVKS7sOgB/itag/0/playback_host/r8---sn-4g57knl7.googlevideo.com/requiressl/yes/sparams/as%2Cei%2Chfr%2Cid%2Cinitcwndbps%2Cip%2Cipbits%2Citag%2Cmm%2Cmn%2Cms%2Cmv%2Cpl%2Cplayback_host%2Crequiressl%2Csource%2Cexpire/key/yt6/ip/131.159.40.117/mm/31/ipbits/0/hfr/1/mt/1502196071/ms/au/signature/CAD859EEB0C60CAD11CDAF9A7210C4FFCD0AF1D9.DCF1802EFD0409C3B5FCBCBE0F9CCDCE47B62013/source/youtube/as/fmp4_audio_clear%2Cfmp4_sd_hd_clear/mv/m/initcwndbps/4462500/id/e23d802f162f6d2f/pl/16/mn/sn-4g57knl7/expire/1502217771", "width": 256, "tbr": 117.098, "asr": null, "fps": 15, "language": null, "filesize": 2926636, "acodec": "none", "format": "160 - 256x144 (DASH video)", "protocol": "https", "http_headers": {"User-Agent": "Mozilla/5.0 (X11; Linux x86_64; rv:10.0) Gecko/20150101 Firefox/47.0 (Chrome)", "Accept-Charset": "ISO-8859-1,utf-8;q=0.7,*;q=0.7", "Accept": "text/html,application/xhtml+xml,application/xml;q=0.9,*/*;q=0.8", "Accept-Encoding": "gzip, deflate", "Accept-Language": "en-us,en;q=0.5"}}, {"ext": "mp4", "height": 240, "format_note": "DASH video", "vcodec": "avc1.4d4015", "format_id": "133", "url": "https://r8---sn-4g57knl7.googlevideo.com/videoplayback?id=e23d802f162f6d2f&itag=133&source=youtube&requiressl=yes&ei=y7GJWdiNHMWkVKS7sOgB&mm=31&ms=au&mv=m&initcwndbps=4462500&pl=16&mn=sn-4g57knl7&ratebypass=yes&mime=video/mp4&gir=yes&clen=6342686&lmt=1392612152452502&dur=207.375&key=dg_yt0&mt=1502196071&signature=0AA9E71910593E47E7191D62F74AD3D96325A29A.499CE8F15C372CD5B520A7FB0DC5B345542B11FD&ip=131.159.40.117&ipbits=0&expire=1502217771&sparams=ip,ipbits,expire,id,itag,source,requiressl,ei,mm,ms,mv,initcwndbps,pl,mn,ratebypass,mime,gir,clen,lmt,dur", "manifest_url": "https://manifest.googlevideo.com/api/manifest/dash/ei/y7GJWdiNHMWkVKS7sOgB/itag/0/playback_host/r8---sn-4g57knl7.googlevideo.com/requiressl/yes/sparams/as%2Cei%2Chfr%2Cid%2Cinitcwndbps%2Cip%2Cipbits%2Citag%2Cmm%2Cmn%2Cms%2Cmv%2Cpl%2Cplayback_host%2Crequiressl%2Csource%2Cexpire/key/yt6/ip/131.159.40.117/mm/31/ipbits/0/hfr/1/mt/1502196071/ms/au/signature/CAD859EEB0C60CAD11CDAF9A7210C4FFCD0AF1D9.DCF1802EFD0409C3B5FCBCBE0F9CCDCE47B62013/source/youtube/as/fmp4_audio_clear%2Cfmp4_sd_hd_clear/mv/m/initcwndbps/4462500/id/e23d802f162f6d2f/pl/16/mn/sn-4g57knl7/expire/1502217771", "width": 426, "tbr": 261.596, "asr": null, "fps": 30, "language": null, "filesize": 6342686, "acodec": "none", "format": "133 - 426x240 (DASH video)", "protocol": "https", "http_headers": {"User-Agent": "Mozilla/5.0 (X11; Linux x86_64; rv:10.0) Gecko/20150101 Firefox/47.0 (Chrome)", "Accept-Charset": "ISO-8859-1,utf-8;q=0.7,*;q=0.7", "Accept": "text/html,application/xhtml+xml,application/xml;q=0.9,*/*;q=0.8", "Accept-Encoding": "gzip, deflate", "Accept-Language": "en-us,en;q=0.5"}}, {"ext": "mp4", "height": 360, "format_note": "DASH video", "vcodec": "avc1.4d401e", "format_id": "134", "url": "https://r8---sn-4g57knl7.googlevideo.com/videoplayback?id=e23d802f162f6d2f&itag=134&source=youtube&requiressl=yes&ei=y7GJWdiNHMWkVKS7sOgB&mm=31&ms=au&mv=m&initcwndbps=4462500&pl=16&mn=sn-4g57knl7&ratebypass=yes&mime=video/mp4&gir=yes&clen=8304762&lmt=1392612155458086&dur=207.375&key=dg_yt0&mt=1502196071&signature=67085095EBA3EF739C6F3AB9CB22B708468C3797.575AA864428777B51B3277B2AD751E64EB595488&ip=131.159.40.117&ipbits=0&expire=1502217771&sparams=ip,ipbits,expire,id,itag,source,requiressl,ei,mm,ms,mv,initcwndbps,pl,mn,ratebypass,mime,gir,clen,lmt,dur", "manifest_url": "https://manifest.googlevideo.com/api/manifest/dash/ei/y7GJWdiNHMWkVKS7sOgB/itag/0/playback_host/r8---sn-4g57knl7.googlevideo.com/requiressl/yes/sparams/as%2Cei%2Chfr%2Cid%2Cinitcwndbps%2Cip%2Cipbits%2Citag%2Cmm%2Cmn%2Cms%2Cmv%2Cpl%2Cplayback_host%2Crequiressl%2Csource%2Cexpire/key/yt6/ip/131.159.40.117/mm/31/ipbits/0/hfr/1/mt/1502196071/ms/au/signature/CAD859EEB0C60CAD11CDAF9A7210C4FFCD0AF1D9.DCF1802EFD0409C3B5FCBCBE0F9CCDCE47B62013/source/youtube/as/fmp4_audio_clear%2Cfmp4_sd_hd_clear/mv/m/initcwndbps/4462500/id/e23d802f162f6d2f/pl/16/mn/sn-4g57knl7/expire/1502217771", "width": 640, "tbr": 606.973, "asr": null, "fps": 30, "language": null, "filesize": 8304762, "acodec": "none", "format": "134 - 640x360 (DASH video)", "protocol": "https", "http_headers": {"User-Agent": "Mozilla/5.0 (X11; Linux x86_64; rv:10.0) Gecko/20150101 Firefox/47.0 (Chrome)", "Accept-Charset": "ISO-8859-1,utf-8;q=0.7,*;q=0.7", "Accept": "text/html,application/xhtml+xml,application/xml;q=0.9,*/*;q=0.8", "Accept-Encoding": "gzip, deflate", "Accept-Language": "en-us,en;q=0.5"}}, {"ext": "mp4", "height": 480, "format_note": "DASH video", "vcodec": "avc1.4d401f", "format_id": "135", "url": "https://r8---sn-4g57knl7.googlevideo.com/videoplayback?id=e23d802f162f6d2f&itag=135&source=youtube&requiressl=yes&ei=y7GJWdiNHMWkVKS7sOgB&mm=31&ms=au&mv=m&initcwndbps=4462500&pl=16&mn=sn-4g57knl7&ratebypass=yes&mime=video/mp4&gir=yes&clen=16748746&lmt=1392612174442067&dur=207.375&key=dg_yt0&mt=1502196071&signature=8481A31704A43E8887671D882DFD098F6D5EC4FF.0162AF9243CF1B1F52181B34D24DB68DF649D34E&ip=131.159.40.117&ipbits=0&expire=1502217771&sparams=ip,ipbits,expire,id,itag,source,requiressl,ei,mm,ms,mv,initcwndbps,pl,mn,ratebypass,mime,gir,clen,lmt,dur", "manifest_url": "https://manifest.googlevideo.com/api/manifest/dash/ei/y7GJWdiNHMWkVKS7sOgB/itag/0/playback_host/r8---sn-4g57knl7.googlevideo.com/requiressl/yes/sparams/as%2Cei%2Chfr%2Cid%2Cinitcwndbps%2Cip%2Cipbits%2Citag%2Cmm%2Cmn%2Cms%2Cmv%2Cpl%2Cplayback_host%2Crequiressl%2Csource%2Cexpire/key/yt6/ip/131.159.40.117/mm/31/ipbits/0/hfr/1/mt/1502196071/ms/au/signature/CAD859EEB0C60CAD11CDAF9A7210C4FFCD0AF1D9.DCF1802EFD0409C3B5FCBCBE0F9CCDCE47B62013/source/youtube/as/fmp4_audio_clear%2Cfmp4_sd_hd_clear/mv/m/initcwndbps/4462500/id/e23d802f162f6d2f/pl/16/mn/sn-4g57knl7/expire/1502217771", "width": 854, "tbr": 1106.411, "asr": null, "fps": 30, "language": null, "filesize": 16748746, "acodec": "none", "format": "135 - 854x480 (DASH video)", "protocol": "https", "http_headers": {"User-Agent": "Mozilla/5.0 (X11; Linux x86_64; rv:10.0) Gecko/20150101 Firefox/47.0 (Chrome)", "Accept-Charset": "ISO-8859-1,utf-8;q=0.7,*;q=0.7", "Accept": "text/html,application/xhtml+xml,application/xml;q=0.9,*/*;q=0.8", "Accept-Encoding": "gzip, deflate", "Accept-Language": "en-us,en;q=0.5"}}, {"ext": "mp4", "height": 720, "format_note": "DASH video", "vcodec": "avc1.4d401f", "format_id": "136", "url": "https://r8---sn-4g57knl7.googlevideo.com/videoplayback?id=e23d802f162f6d2f&itag=136&source=youtube&requiressl=yes&ei=y7GJWdiNHMWkVKS7sOgB&mm=31&ms=au&mv=m&initcwndbps=4462500&pl=16&mn=sn-4g57knl7&ratebypass=yes&mime=video/mp4&gir=yes&clen=32991742&lmt=1392612174424372&dur=207.375&key=dg_yt0&mt=1502196071&signature=2C8EBF122C22EBE27363D03152DF1C047DF0229F.4A2927BE17754092AB7F0069A828AEDEF2A23011&ip=131.159.40.117&ipbits=0&expire=1502217771&sparams=ip,ipbits,expire,id,itag,source,requiressl,ei,mm,ms,mv,initcwndbps,pl,mn,ratebypass,mime,gir,clen,lmt,dur", "manifest_url": "https://manifest.googlevideo.com/api/manifest/dash/ei/y7GJWdiNHMWkVKS7sOgB/itag/0/playback_host/r8---sn-4g57knl7.googlevideo.com/requiressl/yes/sparams/as%2Cei%2Chfr%2Cid%2Cinitcwndbps%2Cip%2Cipbits%2Citag%2Cmm%2Cmn%2Cms%2Cmv%2Cpl%2Cplayback_host%2Crequiressl%2Csource%2Cexpire/key/yt6/ip/131.159.40.117/mm/31/ipbits/0/hfr/1/mt/1502196071/ms/au/signature/CAD859EEB0C60CAD11CDAF9A7210C4FFCD0AF1D9.DCF1802EFD0409C3B5FCBCBE0F9CCDCE47B62013/source/youtube/as/fmp4_audio_clear%2Cfmp4_sd_hd_clear/mv/m/initcwndbps/4462500/id/e23d802f162f6d2f/pl/16/mn/sn-4g57knl7/expire/1502217771", "width": 1280, "tbr": 2045.685, "asr": null, "fps": 30, "language": null, "filesize": 32991742, "acodec": "none", "format": "136 - 1280x720 (DASH video)", "protocol": "https", "http_headers": {"User-Agent": "Mozilla/5.0 (X11; Linux x86_64; rv:10.0) Gecko/20150101 Firefox/47.0 (Chrome)", "Accept-Charset": "ISO-8859-1,utf-8;q=0.7,*;q=0.7", "Accept": "text/html,application/xhtml+xml,application/xml;q=0.9,*/*;q=0.8", "Accept-Encoding": "gzip, deflate", "Accept-Language": "en-us,en;q=0.5"}}, {"format_id": "17", "url": "https://r8---sn-4g57knl7.googlevideo.com/videoplayback?expire=1502217771&ipbits=0&gir=yes&clen=2163560&requiressl=yes&mime=video%2F3gpp&lmt=1392612211606786&itag=17&dur=207.725&source=youtube&pl=16&id=o-AFC_28bz0Uk9nHdIpJXqDw3Z_3atr69G0ZhfgLVgBSUI&ei=yrGJWea_NonoVdyGiqgO&ms=au&mt=1502196071&mv=m&signature=0BED371326F1827A5E92CB5B8349B6BDEB93348B.058189B7BE78FEF5ADB8A3AE1773AB6569584846&sparams=clen%2Cdur%2Cei%2Cgir%2Cid%2Cinitcwndbps%2Cip%2Cipbits%2Citag%2Clmt%2Cmime%2Cmm%2Cmn%2Cms%2Cmv%2Cpl%2Crequiressl%2Csource%2Cexpire&mn=sn-4g57knl7&ip=131.159.40.117&key=yt6&initcwndbps=4462500&mm=31&ratebypass=yes", "player_url": null, "ext": "3gp", "width": 176, "height": 144, "acodec": "mp4a.40.2", "abr": 24, "vcodec": "mp4v.20.3", "resolution": "176x144", "format_note": "small", "format": "17 - 176x144 (small)", "protocol": "https", "http_headers": {"User-Agent": "Mozilla/5.0 (X11; Linux x86_64; rv:10.0) Gecko/20150101 Firefox/47.0 (Chrome)", "Accept-Charset": "ISO-8859-1,utf-8;q=0.7,*;q=0.7", "Accept": "text/html,application/xhtml+xml,application/xml;q=0.9,*/*;q=0.8", "Accept-Encoding": "gzip, deflate", "Accept-Language": "en-us,en;q=0.5"}}, {"format_id": "36", "url": "https://r8---sn-4g57knl7.googlevideo.com/videoplayback?expire=1502217771&ipbits=0&gir=yes&clen=5950720&requiressl=yes&mime=video%2F3gpp&lmt=1426280077568243&itag=36&dur=207.586&source=youtube&pl=16&id=o-AFC_28bz0Uk9nHdIpJXqDw3Z_3atr69G0ZhfgLVgBSUI&ei=yrGJWea_NonoVdyGiqgO&ms=au&mt=1502196071&mv=m&signature=103D613C06E80404A4ECA8FDF8EF950B1A406751.9A63526CDD52467FC85CB422F873471E320E0200&sparams=clen%2Cdur%2Cei%2Cgir%2Cid%2Cinitcwndbps%2Cip%2Cipbits%2Citag%2Clmt%2Cmime%2Cmm%2Cmn%2Cms%2Cmv%2Cpl%2Crequiressl%2Csource%2Cexpire&mn=sn-4g57knl7&ip=131.159.40.117&key=yt6&initcwndbps=4462500&mm=31&ratebypass=yes", "player_url": null, "ext": "3gp", "width": 320, "acodec": "mp4a.40.2", "vcodec": "mp4v.20.3", "resolution": "320x180", "height": 180, "format_note": "small", "format": "36 - 320x180 (small)", "protocol": "https", "http_headers": {"User-Agent": "Mozilla/5.0 (X11; Linux x86_64; rv:10.0) Gecko/20150101 Firefox/47.0 (Chrome)", "Accept-Charset": "ISO-8859-1,utf-8;q=0.7,*;q=0.7", "Accept": "text/html,application/xhtml+xml,application/xml;q=0.9,*/*;q=0.8", "Accept-Encoding": "gzip, deflate", "Accept-Language": "en-us,en;q=0.5"}}, {"format_id": "43", "url": "https://r8---sn-4g57knl7.googlevideo.com/videoplayback?expire=1502217771&ipbits=0&ratebypass=yes&gir=yes&clen=17917082&requiressl=yes&mime=video%2Fwebm&lmt=1298938957731483&itag=43&dur=0.000&source=youtube&pl=16&id=o-AFC_28bz0Uk9nHdIpJXqDw3Z_3atr69G0ZhfgLVgBSUI&ei=yrGJWea_NonoVdyGiqgO&ms=au&mt=1502196071&mv=m&signature=836530D95C90D24F296B185C76DAC3036CA01182.6D1566D12CB77CC7D604194E16CFD94A226C3F71&mm=31&mn=sn-4g57knl7&ip=131.159.40.117&key=yt6&initcwndbps=4462500&sparams=clen%2Cdur%2Cei%2Cgir%2Cid%2Cinitcwndbps%2Cip%2Cipbits%2Citag%2Clmt%2Cmime%2Cmm%2Cmn%2Cms%2Cmv%2Cpl%2Cratebypass%2Crequiressl%2Csource%2Cexpire", "player_url": null, "ext": "webm", "width": 640, "height": 360, "acodec": "vorbis", "abr": 128, "vcodec": "vp8.0", "resolution": "640x360", "format_note": "medium", "format": "43 - 640x360 (medium)", "protocol": "https", "http_headers": {"User-Agent": "Mozilla/5.0 (X11; Linux x86_64; rv:10.0) Gecko/20150101 Firefox/47.0 (Chrome)", "Accept-Charset": "ISO-8859-1,utf-8;q=0.7,*;q=0.7", "Accept": "text/html,application/xhtml+xml,application/xml;q=0.9,*/*;q=0.8", "Accept-Encoding": "gzip, deflate", "Accept-Language": "en-us,en;q=0.5"}}, {"format_id": "18", "url": "https://r8---sn-4g57knl7.googlevideo.com/videoplayback?expire=1502217771&ipbits=0&ratebypass=yes&gir=yes&clen=14204823&requiressl=yes&mime=video%2Fmp4&lmt=1392612196570962&itag=18&dur=207.539&source=youtube&pl=16&id=o-AFC_28bz0Uk9nHdIpJXqDw3Z_3atr69G0ZhfgLVgBSUI&ei=yrGJWea_NonoVdyGiqgO&ms=au&mt=1502196071&mv=m&signature=82FD065667B87D87E5EA5D9197DF2DD420722A7A.E416B77C411D1855307DA3B0A2E43664B885C9B6&mm=31&mn=sn-4g57knl7&ip=131.159.40.117&key=yt6&initcwndbps=4462500&sparams=clen%2Cdur%2Cei%2Cgir%2Cid%2Cinitcwndbps%2Cip%2Cipbits%2Citag%2Clmt%2Cmime%2Cmm%2Cmn%2Cms%2Cmv%2Cpl%2Cratebypass%2Crequiressl%2Csource%2Cexpire", "player_url": null, "ext": "mp4", "width": 640, "height": 360, "acodec": "mp4a.40.2", "abr": 96, "vcodec": "avc1.42001E", "resolution": "640x360", "format_note": "medium", "format": "18 - 640x360 (medium)", "protocol": "https", "http_headers": {"User-Agent": "Mozilla/5.0 (X11; Linux x86_64; rv:10.0) Gecko/20150101 Firefox/47.0 (Chrome)", "Accept-Charset": "ISO-8859-1,utf-8;q=0.7,*;q=0.7", "Accept": "text/html,application/xhtml+xml,application/xml;q=0.9,*/*;q=0.8", "Accept-Encoding": "gzip, deflate", "Accept-Language": "en-us,en;q=0.5"}}, {"format_id": "22", "url": "https://r8---sn-4g57knl7.googlevideo.com/videoplayback?dur=207.539&expire=1502217771&source=youtube&pl=16&id=o-AFC_28bz0Uk9nHdIpJXqDw3Z_3atr69G0ZhfgLVgBSUI&ei=yrGJWea_NonoVdyGiqgO&ms=au&mime=video%2Fmp4&mv=m&ipbits=0&ratebypass=yes&signature=ADE084FAD4222C53609F74F562EC1503854E470D.75405AF8F34005FC6D6268C495BBF786E319D182&sparams=dur%2Cei%2Cid%2Cinitcwndbps%2Cip%2Cipbits%2Citag%2Clmt%2Cmime%2Cmm%2Cmn%2Cms%2Cmv%2Cpl%2Cratebypass%2Crequiressl%2Csource%2Cexpire&mn=sn-4g57knl7&requiressl=yes&ip=131.159.40.117&key=yt6&mt=1502196071&lmt=1471825079638809&itag=22&initcwndbps=4462500&mm=31", "player_url": null, "ext": "mp4", "width": 1280, "height": 720, "acodec": "mp4a.40.2", "abr": 192, "vcodec": "avc1.64001F", "resolution": "1280x720", "format_note": "hd720", "format": "22 - 1280x720 (hd720)", "protocol": "https", "http_headers": {"User-Agent": "Mozilla/5.0 (X11; Linux x86_64; rv:10.0) Gecko/20150101 Firefox/47.0 (Chrome)", "Accept-Charset": "ISO-8859-1,utf-8;q=0.7,*;q=0.7", "Accept": "text/html,application/xhtml+xml,application/xml;q=0.9,*/*;q=0.8", "Accept-Encoding": "gzip, deflate", "Accept-Language": "en-us,en;q=0.5"}}], "is_live": null, "start_time": null, "end_time": null, "series": null, "season_number": null, "episode_number": null, "extractor": "youtube", "webpage_url_basename": "4j2ALxYvbS8", "extractor_key": "Youtube", "playlist": null, "playlist_index": null, "thumbnails": [{"url": "https://i.ytimg.com/vi/4j2ALxYvbS8/default.jpg", "id": "0"}], "display_id": "4j2ALxYvbS8", "ext": "mp4", "height": 720, "format_note": "DASH video", "vcodec": "avc1.4d401f", "format_id": "136", "url": "https://r8---sn-4g57knl7.googlevideo.com/videoplayback?id=e23d802f162f6d2f&itag=136&source=youtube&requiressl=yes&ei=y7GJWdiNHMWkVKS7sOgB&mm=31&ms=au&mv=m&initcwndbps=4462500&pl=16&mn=sn-4g57knl7&ratebypass=yes&mime=video/mp4&gir=yes&clen=32991742&lmt=1392612174424372&dur=207.375&key=dg_yt0&mt=1502196071&signature=2C8EBF122C22EBE27363D03152DF1C047DF0229F.4A2927BE17754092AB7F0069A828AEDEF2A23011&ip=131.159.40.117&ipbits=0&expire=1502217771&sparams=ip,ipbits,expire,id,itag,source,requiressl,ei,mm,ms,mv,initcwndbps,pl,mn,ratebypass,mime,gir,clen,lmt,dur", "manifest_url": "https://manifest.googlevideo.com/api/manifest/dash/ei/y7GJWdiNHMWkVKS7sOgB/itag/0/playback_host/r8---sn-4g57knl7.googlevideo.com/requiressl/yes/sparams/as%2Cei%2Chfr%2Cid%2Cinitcwndbps%2Cip%2Cipbits%2Citag%2Cmm%2Cmn%2Cms%2Cmv%2Cpl%2Cplayback_host%2Crequiressl%2Csource%2Cexpire/key/yt6/ip/131.159.40.117/mm/31/ipbits/0/hfr/1/mt/1502196071/ms/au/signature/CAD859EEB0C60CAD11CDAF9A7210C4FFCD0AF1D9.DCF1802EFD0409C3B5FCBCBE0F9CCDCE47B62013/source/youtube/as/fmp4_audio_clear%2Cfmp4_sd_hd_clear/mv/m/initcwndbps/4462500/id/e23d802f162f6d2f/pl/16/mn/sn-4g57knl7/expire/1502217771", "width": 1280, "tbr": 2045.685, "asr": null, "fps": 30, "language": null, "filesize": 32991742, "acodec": "none", "format": "136 - 1280x720 (DASH video)", "protocol": "https", "http_headers": {"User-Agent": "Mozilla/5.0 (X11; Linux x86_64; rv:10.0) Gecko/20150101 Firefox/47.0 (Chrome)", "Accept-Charset": "ISO-8859-1,utf-8;q=0.7,*;q=0.7", "Accept": "text/html,application/xhtml+xml,application/xml;q=0.9,*/*;q=0.8", "Accept-Encoding": "gzip, deflate", "Accept-Language": "en-us,en;q=0.5"}, "fulltitle": "Trainer Struggles to Lose Weight", "_filename": "4j2ALxYvbS8.mp4"}