{"id": "GZtz6sgFJUE", "uploader": "Al Aan Arabic Television \u062a\u0644\u0641\u0632\u064a\u0648\u0646 \u0627\u0644\u0622\u0646", "uploader_id": "alaantube", "uploader_url": "http://www.youtube.com/user/alaantube", "upload_date": "20140119", "license": "Standard YouTube License", "creator": null, "title": "\u0623\u062e\u0628\u0627\u0631 \u0627\u0644\u0622\u0646 - \u0627\u0633\u062a\u0641\u062a\u0627\u0621 \u062a\u0644\u0641\u0632\u064a\u0648\u0646 \u0627\u0644\u0622\u0646 \u0639\u0646 \u0639\u0645\u0644\u064a\u0627\u062a \u0642\u0637\u0639 \u0627\u0644\u0631\u0623\u0633", "alt_title": null, "thumbnail": "https://i.ytimg.com/vi/GZtz6sgFJUE/maxresdefault.jpg", "description": "http://www.alaan.tv\nhttp://akhbar.alaan.tv\n\u0628\u0639\u062f \u0642\u062a\u0644 \u0645\u062d\u0645\u062f \u0645\u0631\u0648\u0634 \u0648\u0647\u0648 \u0627\u062d\u062f \u0627\u0644\u062b\u0648\u0627\u0631 \u0627\u0644\u0633\u0648\u0631\u064a\u064a\u0646 \u0645\u0646 \u062d\u0644\u0628 \u0648\u0627\u0644\u0630\u064a \u062a\u0645 \u0642\u0637\u0639 \u0631\u0623\u0633\u0647 \u0645\u0646 \u0642\u0628\u0644 \u062f\u0627\u0639\u0634 \u0639\u0646 \u0637\u0631\u064a\u0642 \u0627\u0644\u062e\u0637\u0623 \u0644\u064a\u0628\u064a\u0627 #\u062f\u0627\u0639\u0634 #\u0633\u0648\u0631\u064a\u0627 \u0627\u0644\u0639\u0631\u0627\u0642", "categories": ["News & Politics"], "tags": ["\u0635\u062d\u064a", "\u0633\u0648\u0631\u064a\u0627", "\u0641\u064a\u0636\u0627\u0646", "\u0639\u0631\u0641\u062a\u064a", "\u0633\u0631\u064a\u0639", "\u062e\u0648\u0627\u0637\u0631", "\u062a\u063a\u064a\u064a\u0631", "\u0642\u0646\u0627\u0629", "\u0642\u0645\u0629", "\u0627\u0643\u0633\u0628\u0631\u0633", "\u0645\u0647\u0627", "\u0644\u064a\u0628\u064a\u0627", "\u0627\u0644\u0639\u0646\u0641", "\u0646\u0628\u064a", "\u0646\u0648\u0646", "\u0645\u0633\u0627\u062c\u062f", "\u0627\u0644\u0627\u0646", "\u0633\u062a\u062f\u064a\u0648", "\u0627\u0644\u0623\u0646", "\u0627\u0646\u0628\u064a\u0627\u0621", "\u0627\u0628\u062a\u0633\u0627\u0645\u0629", "\u0627\u064a\u0627\u0645", "\u0627\u062e\u0628\u0627\u0631", "\u0639\u0646\u0648\u0627\u0646", "\u0634\u0644\u062a\u0646\u0627", "\u0633\u0639\u0648\u062f\u064a\u0627\u062a", "\u0646\u0628\u0636", "\u0627\u064a\u0631\u0627\u0646", "\u0646\u0641\u0633\u0643", "\u0627\u0644\u0622\u0646", "\u0627\u0644\u0639\u0631\u0628", "\u062a\u0644\u0641\u0632\u064a\u0648\u0646", "\u0628\u064a\u062a\u064a", "\u0642\u0635\u0635", "\u0627\u0644\u064a\u0648\u0645", "\u0647\u064a\u0641\u0627", "\u0623\u062e\u0628\u0627\u0631", "\u0627\u0644\u0639\u0631\u0627\u0642"], "subtitles": {}, "automatic_captions": {}, "duration": 429, "age_limit": 0, "annotations": null, "chapters": null, "webpage_url": "https://www.youtube.com/watch?v=GZtz6sgFJUE", "view_count": 307330, "like_count": 152, "dislike_count": 146, "average_rating": 3.04026842117, "formats": [{"ext": "m4a", "format_note": "DASH audio", "acodec": "mp4a.40.5", "abr": 48, "container": "m4a_dash", "format_id": "139", "url": "https://r1---sn-xjpm-q0nl.googlevideo.com/videoplayback?id=199b73eac8052541&itag=139&source=youtube&requiressl=yes&mn=sn-xjpm-q0nl&mm=31&mv=u&pl=21&ms=au&ei=7XCLWaXXBIfnWKXNppgE&ratebypass=yes&mime=audio/mp4&gir=yes&clen=2589620&lmt=1428054503146214&dur=429.150&signature=1DFF2B8372FB313E659170E3A22FD3CE6367AFFB.73371BEC8AFC14F4124D1705C36D3F77D54D2993&key=dg_yt0&mt=1502310212&ip=131.159.40.117&ipbits=0&expire=1502332237&sparams=ip,ipbits,expire,id,itag,source,requiressl,mn,mm,mv,pl,ms,ei,ratebypass,mime,gir,clen,lmt,dur", "manifest_url": "https://manifest.googlevideo.com/api/manifest/dash/mn/sn-xjpm-q0nl/expire/1502332237/mm/31/signature/C9FFA6A31A01446761C460B4E05460684104CF7D.841166A6EF07C23D0016D4811C885C7F028974F7/sparams/as%2Cei%2Chfr%2Cid%2Cip%2Cipbits%2Citag%2Cmm%2Cmn%2Cms%2Cmv%2Cpl%2Cplayback_host%2Crequiressl%2Csource%2Cexpire/id/199b73eac8052541/key/yt6/ip/131.159.40.117/mt/1502310212/source/youtube/hfr/1/playback_host/r1---sn-xjpm-q0nl.googlevideo.com/mv/u/as/fmp4_audio_clear%2Cfmp4_sd_hd_clear/itag/0/pl/21/ipbits/0/requiressl/yes/ms/au/ei/7XCLWaXXBIfnWKXNppgE", "width": null, "height": null, "tbr": 49.381, "asr": 22050, "fps": null, "language": null, "filesize": 2589620, "vcodec": "none", "format": "139 - audio only (DASH audio)", "protocol": "https", "http_headers": {"User-Agent": "Mozilla/5.0 (X11; Linux x86_64; rv:10.0) Gecko/20150101 Firefox/47.0 (Chrome)", "Accept-Charset": "ISO-8859-1,utf-8;q=0.7,*;q=0.7", "Accept": "text/html,application/xhtml+xml,application/xml;q=0.9,*/*;q=0.8", "Accept-Encoding": "gzip, deflate", "Accept-Language": "en-us,en;q=0.5"}}, {"format_id": "171", "url": "https://r1---sn-xjpm-q0nl.googlevideo.com/videoplayback?itag=171&key=yt6&mime=audio%2Fwebm&id=o-ANXFqMsEPPedgQfdullF4FS0ZX5GlK2JB4yU9du-T8xe&signature=D43F57828439AA6A30D070348492FA3D9257D049.92B6BDA6C7295313942D4E19D8017D39C546AE7D&ms=au&mv=u&mt=1502310212&pl=21&expire=1502332236&mn=sn-xjpm-q0nl&mm=31&ip=131.159.40.117&gir=yes&requiressl=yes&ei=7HCLWdngI83PWcyDk4AL&keepalive=yes&source=youtube&ipbits=0&lmt=1397992105314401&sparams=clen%2Cdur%2Cei%2Cgir%2Cid%2Cip%2Cipbits%2Citag%2Ckeepalive%2Clmt%2Cmime%2Cmm%2Cmn%2Cms%2Cmv%2Cpl%2Crequiressl%2Csource%2Cexpire&dur=429.031&clen=4547140&ratebypass=yes", "player_url": null, "ext": "webm", "acodec": "vorbis", "format_note": "DASH audio", "abr": 128, "filesize": 4547140, "tbr": 95.057, "fps": 1, "vcodec": "none", "format": "171 - audio only (DASH audio)", "protocol": "https", "http_headers": {"User-Agent": "Mozilla/5.0 (X11; Linux x86_64; rv:10.0) Gecko/20150101 Firefox/47.0 (Chrome)", "Accept-Charset": "ISO-8859-1,utf-8;q=0.7,*;q=0.7", "Accept": "text/html,application/xhtml+xml,application/xml;q=0.9,*/*;q=0.8", "Accept-Encoding": "gzip, deflate", "Accept-Language": "en-us,en;q=0.5"}}, {"ext": "m4a", "format_note": "DASH audio", "acodec": "mp4a.40.2", "abr": 128, "container": "m4a_dash", "format_id": "140", "url": "https://r1---sn-xjpm-q0nl.googlevideo.com/videoplayback?id=199b73eac8052541&itag=140&source=youtube&requiressl=yes&mn=sn-xjpm-q0nl&mm=31&mv=u&pl=21&ms=au&ei=7XCLWaXXBIfnWKXNppgE&ratebypass=yes&mime=audio/mp4&gir=yes&clen=6889424&lmt=1428054501683480&dur=429.104&signature=0F513B5C6150290B191D6EEE8E89F6CA33EB5AEA.72D971018B986179312E452FD619D9E92A2A2A2A&key=dg_yt0&mt=1502310212&ip=131.159.40.117&ipbits=0&expire=1502332237&sparams=ip,ipbits,expire,id,itag,source,requiressl,mn,mm,mv,pl,ms,ei,ratebypass,mime,gir,clen,lmt,dur", "manifest_url": "https://manifest.googlevideo.com/api/manifest/dash/mn/sn-xjpm-q0nl/expire/1502332237/mm/31/signature/C9FFA6A31A01446761C460B4E05460684104CF7D.841166A6EF07C23D0016D4811C885C7F028974F7/sparams/as%2Cei%2Chfr%2Cid%2Cip%2Cipbits%2Citag%2Cmm%2Cmn%2Cms%2Cmv%2Cpl%2Cplayback_host%2Crequiressl%2Csource%2Cexpire/id/199b73eac8052541/key/yt6/ip/131.159.40.117/mt/1502310212/source/youtube/hfr/1/playback_host/r1---sn-xjpm-q0nl.googlevideo.com/mv/u/as/fmp4_audio_clear%2Cfmp4_sd_hd_clear/itag/0/pl/21/ipbits/0/requiressl/yes/ms/au/ei/7XCLWaXXBIfnWKXNppgE", "width": null, "height": null, "tbr": 129.422, "asr": 44100, "fps": null, "language": null, "filesize": 6889424, "vcodec": "none", "format": "140 - audio only (DASH audio)", "protocol": "https", "http_headers": {"User-Agent": "Mozilla/5.0 (X11; Linux x86_64; rv:10.0) Gecko/20150101 Firefox/47.0 (Chrome)", "Accept-Charset": "ISO-8859-1,utf-8;q=0.7,*;q=0.7", "Accept": "text/html,application/xhtml+xml,application/xml;q=0.9,*/*;q=0.8", "Accept-Encoding": "gzip, deflate", "Accept-Language": "en-us,en;q=0.5"}}, {"ext": "mp4", "height": 144, "format_note": "DASH video", "vcodec": "avc1.4d400c", "format_id": "160", "url": "https://r1---sn-xjpm-q0nl.googlevideo.com/videoplayback?id=199b73eac8052541&itag=160&source=youtube&requiressl=yes&mn=sn-xjpm-q0nl&mm=31&mv=u&pl=21&ms=au&ei=7XCLWaXXBIfnWKXNppgE&ratebypass=yes&mime=video/mp4&gir=yes&clen=5865231&lmt=1428054581186190&dur=429.000&signature=6139E68B9CA5CFCF4F7DA504CC76408FD88A2D95.7052F099C837E8428DD60B9321026F17D25BAF88&key=dg_yt0&mt=1502310212&ip=131.159.40.117&ipbits=0&expire=1502332237&sparams=ip,ipbits,expire,id,itag,source,requiressl,mn,mm,mv,pl,ms,ei,ratebypass,mime,gir,clen,lmt,dur", "manifest_url": "https://manifest.googlevideo.com/api/manifest/dash/mn/sn-xjpm-q0nl/expire/1502332237/mm/31/signature/C9FFA6A31A01446761C460B4E05460684104CF7D.841166A6EF07C23D0016D4811C885C7F028974F7/sparams/as%2Cei%2Chfr%2Cid%2Cip%2Cipbits%2Citag%2Cmm%2Cmn%2Cms%2Cmv%2Cpl%2Cplayback_host%2Crequiressl%2Csource%2Cexpire/id/199b73eac8052541/key/yt6/ip/131.159.40.117/mt/1502310212/source/youtube/hfr/1/playback_host/r1---sn-xjpm-q0nl.googlevideo.com/mv/u/as/fmp4_audio_clear%2Cfmp4_sd_hd_clear/itag/0/pl/21/ipbits/0/requiressl/yes/ms/au/ei/7XCLWaXXBIfnWKXNppgE", "width": 256, "tbr": 112.83, "asr": null, "fps": 13, "language": null, "filesize": 5865231, "acodec": "none", "format": "160 - 256x144 (DASH video)", "protocol": "https", "http_headers": {"User-Agent": "Mozilla/5.0 (X11; Linux x86_64; rv:10.0) Gecko/20150101 Firefox/47.0 (Chrome)", "Accept-Charset": "ISO-8859-1,utf-8;q=0.7,*;q=0.7", "Accept": "text/html,application/xhtml+xml,application/xml;q=0.9,*/*;q=0.8", "Accept-Encoding": "gzip, deflate", "Accept-Language": "en-us,en;q=0.5"}}, {"ext": "mp4", "height": 240, "format_note": "DASH video", "vcodec": "avc1.4d4015", "format_id": "133", "url": "https://r1---sn-xjpm-q0nl.googlevideo.com/videoplayback?id=199b73eac8052541&itag=133&source=youtube&requiressl=yes&mn=sn-xjpm-q0nl&mm=31&mv=u&pl=21&ms=au&ei=7XCLWaXXBIfnWKXNppgE&ratebypass=yes&mime=video/mp4&gir=yes&clen=13069486&lmt=1428054566991596&dur=429.040&signature=0AB12881CBEEB09B011FBB70C588BBAAF35A7EC1.026A387651EC93AC558191C5CBCC7B35AF8BD462&key=dg_yt0&mt=1502310212&ip=131.159.40.117&ipbits=0&expire=1502332237&sparams=ip,ipbits,expire,id,itag,source,requiressl,mn,mm,mv,pl,ms,ei,ratebypass,mime,gir,clen,lmt,dur", "manifest_url": "https://manifest.googlevideo.com/api/manifest/dash/mn/sn-xjpm-q0nl/expire/1502332237/mm/31/signature/C9FFA6A31A01446761C460B4E05460684104CF7D.841166A6EF07C23D0016D4811C885C7F028974F7/sparams/as%2Cei%2Chfr%2Cid%2Cip%2Cipbits%2Citag%2Cmm%2Cmn%2Cms%2Cmv%2Cpl%2Cplayback_host%2Crequiressl%2Csource%2Cexpire/id/199b73eac8052541/key/yt6/ip/131.159.40.117/mt/1502310212/source/youtube/hfr/1/playback_host/r1---sn-xjpm-q0nl.googlevideo.com/mv/u/as/fmp4_audio_clear%2Cfmp4_sd_hd_clear/itag/0/pl/21/ipbits/0/requiressl/yes/ms/au/ei/7XCLWaXXBIfnWKXNppgE", "width": 426, "tbr": 247.265, "asr": null, "fps": 25, "language": null, "filesize": 13069486, "acodec": "none", "format": "133 - 426x240 (DASH video)", "protocol": "https", "http_headers": {"User-Agent": "Mozilla/5.0 (X11; Linux x86_64; rv:10.0) Gecko/20150101 Firefox/47.0 (Chrome)", "Accept-Charset": "ISO-8859-1,utf-8;q=0.7,*;q=0.7", "Accept": "text/html,application/xhtml+xml,application/xml;q=0.9,*/*;q=0.8", "Accept-Encoding": "gzip, deflate", "Accept-Language": "en-us,en;q=0.5"}}, {"ext": "mp4", "height": 360, "format_note": "DASH video", "vcodec": "avc1.4d401e", "format_id": "134", "url": "https://r1---sn-xjpm-q0nl.googlevideo.com/videoplayback?id=199b73eac8052541&itag=134&source=youtube&requiressl=yes&mn=sn-xjpm-q0nl&mm=31&mv=u&pl=21&ms=au&ei=7XCLWaXXBIfnWKXNppgE&ratebypass=yes&mime=video/mp4&gir=yes&clen=13211628&lmt=1428054580837811&dur=429.040&signature=286DCF4BB1C247CF9A900F81B3C92B7D76B0E61B.455081C0BA29E90550E87CE7C7EE6EA25DD278F8&key=dg_yt0&mt=1502310212&ip=131.159.40.117&ipbits=0&expire=1502332237&sparams=ip,ipbits,expire,id,itag,source,requiressl,mn,mm,mv,pl,ms,ei,ratebypass,mime,gir,clen,lmt,dur", "manifest_url": "https://manifest.googlevideo.com/api/manifest/dash/mn/sn-xjpm-q0nl/expire/1502332237/mm/31/signature/C9FFA6A31A01446761C460B4E05460684104CF7D.841166A6EF07C23D0016D4811C885C7F028974F7/sparams/as%2Cei%2Chfr%2Cid%2Cip%2Cipbits%2Citag%2Cmm%2Cmn%2Cms%2Cmv%2Cpl%2Cplayback_host%2Crequiressl%2Csource%2Cexpire/id/199b73eac8052541/key/yt6/ip/131.159.40.117/mt/1502310212/source/youtube/hfr/1/playback_host/r1---sn-xjpm-q0nl.googlevideo.com/mv/u/as/fmp4_audio_clear%2Cfmp4_sd_hd_clear/itag/0/pl/21/ipbits/0/requiressl/yes/ms/au/ei/7XCLWaXXBIfnWKXNppgE", "width": 640, "tbr": 344.297, "asr": null, "fps": 25, "language": null, "filesize": 13211628, "acodec": "none", "format": "134 - 640x360 (DASH video)", "protocol": "https", "http_headers": {"User-Agent": "Mozilla/5.0 (X11; Linux x86_64; rv:10.0) Gecko/20150101 Firefox/47.0 (Chrome)", "Accept-Charset": "ISO-8859-1,utf-8;q=0.7,*;q=0.7", "Accept": "text/html,application/xhtml+xml,application/xml;q=0.9,*/*;q=0.8", "Accept-Encoding": "gzip, deflate", "Accept-Language": "en-us,en;q=0.5"}}, {"ext": "mp4", "height": 480, "format_note": "DASH video", "vcodec": "avc1.4d401e", "format_id": "135", "url": "https://r1---sn-xjpm-q0nl.googlevideo.com/videoplayback?id=199b73eac8052541&itag=135&source=youtube&requiressl=yes&mn=sn-xjpm-q0nl&mm=31&mv=u&pl=21&ms=au&ei=7XCLWaXXBIfnWKXNppgE&ratebypass=yes&mime=video/mp4&gir=yes&clen=27486965&lmt=1428054601327628&dur=429.040&signature=68148296440C76D427CDCECF9FB53A6F6526D223.9A6E920BD8A95F7D279CBA25F67F7919960D3050&key=dg_yt0&mt=1502310212&ip=131.159.40.117&ipbits=0&expire=1502332237&sparams=ip,ipbits,expire,id,itag,source,requiressl,mn,mm,mv,pl,ms,ei,ratebypass,mime,gir,clen,lmt,dur", "manifest_url": "https://manifest.googlevideo.com/api/manifest/dash/mn/sn-xjpm-q0nl/expire/1502332237/mm/31/signature/C9FFA6A31A01446761C460B4E05460684104CF7D.841166A6EF07C23D0016D4811C885C7F028974F7/sparams/as%2Cei%2Chfr%2Cid%2Cip%2Cipbits%2Citag%2Cmm%2Cmn%2Cms%2Cmv%2Cpl%2Cplayback_host%2Crequiressl%2Csource%2Cexpire/id/199b73eac8052541/key/yt6/ip/131.159.40.117/mt/1502310212/source/youtube/hfr/1/playback_host/r1---sn-xjpm-q0nl.googlevideo.com/mv/u/as/fmp4_audio_clear%2Cfmp4_sd_hd_clear/itag/0/pl/21/ipbits/0/requiressl/yes/ms/au/ei/7XCLWaXXBIfnWKXNppgE", "width": 854, "tbr": 710.326, "asr": null, "fps": 25, "language": null, "filesize": 27486965, "acodec": "none", "format": "135 - 854x480 (DASH video)", "protocol": "https", "http_headers": {"User-Agent": "Mozilla/5.0 (X11; Linux x86_64; rv:10.0) Gecko/20150101 Firefox/47.0 (Chrome)", "Accept-Charset": "ISO-8859-1,utf-8;q=0.7,*;q=0.7", "Accept": "text/html,application/xhtml+xml,application/xml;q=0.9,*/*;q=0.8", "Accept-Encoding": "gzip, deflate", "Accept-Language": "en-us,en;q=0.5"}}, {"ext": "mp4", "height": 720, "format_note": "DASH video", "vcodec": "avc1.4d401f", "format_id": "136", "url": "https://r1---sn-xjpm-q0nl.googlevideo.com/videoplayback?id=199b73eac8052541&itag=136&source=youtube&requiressl=yes&mn=sn-xjpm-q0nl&mm=31&mv=u&pl=21&ms=au&ei=7XCLWaXXBIfnWKXNppgE&ratebypass=yes&mime=video/mp4&gir=yes&clen=55926047&lmt=1428054738470961&dur=429.040&signature=8925FBF5FA6604AA706EA757F232D833D36C6129.5076D4B069932C4B2F4F37562A0725EA9CAAB38D&key=dg_yt0&mt=1502310212&ip=131.159.40.117&ipbits=0&expire=1502332237&sparams=ip,ipbits,expire,id,itag,source,requiressl,mn,mm,mv,pl,ms,ei,ratebypass,mime,gir,clen,lmt,dur", "manifest_url": "https://manifest.googlevideo.com/api/manifest/dash/mn/sn-xjpm-q0nl/expire/1502332237/mm/31/signature/C9FFA6A31A01446761C460B4E05460684104CF7D.841166A6EF07C23D0016D4811C885C7F028974F7/sparams/as%2Cei%2Chfr%2Cid%2Cip%2Cipbits%2Citag%2Cmm%2Cmn%2Cms%2Cmv%2Cpl%2Cplayback_host%2Crequiressl%2Csource%2Cexpire/id/199b73eac8052541/key/yt6/ip/131.159.40.117/mt/1502310212/source/youtube/hfr/1/playback_host/r1---sn-xjpm-q0nl.googlevideo.com/mv/u/as/fmp4_audio_clear%2Cfmp4_sd_hd_clear/itag/0/pl/21/ipbits/0/requiressl/yes/ms/au/ei/7XCLWaXXBIfnWKXNppgE", "width": 1280, "tbr": 1411.618, "asr": null, "fps": 25, "language": null, "filesize": 55926047, "acodec": "none", "format": "136 - 1280x720 (DASH video)", "protocol": "https", "http_headers": {"User-Agent": "Mozilla/5.0 (X11; Linux x86_64; rv:10.0) Gecko/20150101 Firefox/47.0 (Chrome)", "Accept-Charset": "ISO-8859-1,utf-8;q=0.7,*;q=0.7", "Accept": "text/html,application/xhtml+xml,application/xml;q=0.9,*/*;q=0.8", "Accept-Encoding": "gzip, deflate", "Accept-Language": "en-us,en;q=0.5"}}, {"format_id": "17", "url": "https://r1---sn-xjpm-q0nl.googlevideo.com/videoplayback?key=yt6&ei=7HCLWdngI83PWcyDk4AL&source=youtube&mm=31&ipbits=0&lmt=1390358172443701&itag=17&sparams=clen%2Cdur%2Cei%2Cgir%2Cid%2Cip%2Cipbits%2Citag%2Clmt%2Cmime%2Cmm%2Cmn%2Cms%2Cmv%2Cpl%2Crequiressl%2Csource%2Cexpire&mime=video%2F3gpp&requiressl=yes&id=o-ANXFqMsEPPedgQfdullF4FS0ZX5GlK2JB4yU9du-T8xe&signature=4F075C8F5C4913EB13C5A1BB3E14FA17BAD5F541.E36DFF75DA9C5B5F526F7B7E876929C6013E37A2&ms=au&mv=u&mt=1502310212&pl=21&expire=1502332236&dur=429.383&mn=sn-xjpm-q0nl&clen=4433610&ip=131.159.40.117&gir=yes&ratebypass=yes", "player_url": null, "ext": "3gp", "width": 176, "height": 144, "acodec": "mp4a.40.2", "abr": 24, "vcodec": "mp4v.20.3", "resolution": "176x144", "format_note": "small", "format": "17 - 176x144 (small)", "protocol": "https", "http_headers": {"User-Agent": "Mozilla/5.0 (X11; Linux x86_64; rv:10.0) Gecko/20150101 Firefox/47.0 (Chrome)", "Accept-Charset": "ISO-8859-1,utf-8;q=0.7,*;q=0.7", "Accept": "text/html,application/xhtml+xml,application/xml;q=0.9,*/*;q=0.8", "Accept-Encoding": "gzip, deflate", "Accept-Language": "en-us,en;q=0.5"}}, {"format_id": "36", "url": "https://r1---sn-xjpm-q0nl.googlevideo.com/videoplayback?key=yt6&ei=7HCLWdngI83PWcyDk4AL&source=youtube&mm=31&ipbits=0&lmt=1390358162943212&itag=36&sparams=clen%2Cdur%2Cei%2Cgir%2Cid%2Cip%2Cipbits%2Citag%2Clmt%2Cmime%2Cmm%2Cmn%2Cms%2Cmv%2Cpl%2Crequiressl%2Csource%2Cexpire&mime=video%2F3gpp&requiressl=yes&id=o-ANXFqMsEPPedgQfdullF4FS0ZX5GlK2JB4yU9du-T8xe&signature=63C56FF7B007142875FB23A5132710505E633889.159382C66C07A2380E515B2858EC56B22540C7BB&ms=au&mv=u&mt=1502310212&pl=21&expire=1502332236&dur=429.244&mn=sn-xjpm-q0nl&clen=12235938&ip=131.159.40.117&gir=yes&ratebypass=yes", "player_url": null, "ext": "3gp", "width": 320, "acodec": "mp4a.40.2", "vcodec": "mp4v.20.3", "resolution": "320x180", "height": 180, "format_note": "small", "format": "36 - 320x180 (small)", "protocol": "https", "http_headers": {"User-Agent": "Mozilla/5.0 (X11; Linux x86_64; rv:10.0) Gecko/20150101 Firefox/47.0 (Chrome)", "Accept-Charset": "ISO-8859-1,utf-8;q=0.7,*;q=0.7", "Accept": "text/html,application/xhtml+xml,application/xml;q=0.9,*/*;q=0.8", "Accept-Encoding": "gzip, deflate", "Accept-Language": "en-us,en;q=0.5"}}, {"format_id": "43", "url": "https://r1---sn-xjpm-q0nl.googlevideo.com/videoplayback?itag=43&key=yt6&mime=video%2Fwebm&id=o-ANXFqMsEPPedgQfdullF4FS0ZX5GlK2JB4yU9du-T8xe&signature=D5FC26284024015ACBF6001C3E5019CE2F4C2E8E.D39BBB10E9DADFC8DFF37831CF6C92A0DBB8883D&ms=au&mv=u&mt=1502310212&pl=21&expire=1502332236&mn=sn-xjpm-q0nl&mm=31&ip=131.159.40.117&gir=yes&requiressl=yes&ei=7HCLWdngI83PWcyDk4AL&source=youtube&ipbits=0&lmt=1390154417810640&sparams=clen%2Cdur%2Cei%2Cgir%2Cid%2Cip%2Cipbits%2Citag%2Clmt%2Cmime%2Cmm%2Cmn%2Cms%2Cmv%2Cpl%2Cratebypass%2Crequiressl%2Csource%2Cexpire&dur=0.000&clen=33833528&ratebypass=yes", "player_url": null, "ext": "webm", "width": 640, "height": 360, "acodec": "vorbis", "abr": 128, "vcodec": "vp8.0", "resolution": "640x360", "format_note": "medium", "format": "43 - 640x360 (medium)", "protocol": "https", "http_headers": {"User-Agent": "Mozilla/5.0 (X11; Linux x86_64; rv:10.0) Gecko/20150101 Firefox/47.0 (Chrome)", "Accept-Charset": "ISO-8859-1,utf-8;q=0.7,*;q=0.7", "Accept": "text/html,application/xhtml+xml,application/xml;q=0.9,*/*;q=0.8", "Accept-Encoding": "gzip, deflate", "Accept-Language": "en-us,en;q=0.5"}}, {"format_id": "18", "url": "https://r1---sn-xjpm-q0nl.googlevideo.com/videoplayback?itag=18&key=yt6&mime=video%2Fmp4&id=o-ANXFqMsEPPedgQfdullF4FS0ZX5GlK2JB4yU9du-T8xe&signature=D63AE39711081A221D9ADF7C8AD580CC3826CC48.2A49E980DA01DFD04F188EE48EEE61FC2A627ED7&ms=au&mv=u&mt=1502310212&pl=21&expire=1502332236&mn=sn-xjpm-q0nl&mm=31&ip=131.159.40.117&gir=yes&requiressl=yes&ei=7HCLWdngI83PWcyDk4AL&source=youtube&ipbits=0&lmt=1428054558917588&sparams=clen%2Cdur%2Cei%2Cgir%2Cid%2Cip%2Cipbits%2Citag%2Clmt%2Cmime%2Cmm%2Cmn%2Cms%2Cmv%2Cpl%2Cratebypass%2Crequiressl%2Csource%2Cexpire&dur=429.104&clen=22121190&ratebypass=yes", "player_url": null, "ext": "mp4", "width": 640, "height": 360, "acodec": "mp4a.40.2", "abr": 96, "vcodec": "avc1.42001E", "resolution": "640x360", "format_note": "medium", "format": "18 - 640x360 (medium)", "protocol": "https", "http_headers": {"User-Agent": "Mozilla/5.0 (X11; Linux x86_64; rv:10.0) Gecko/20150101 Firefox/47.0 (Chrome)", "Accept-Charset": "ISO-8859-1,utf-8;q=0.7,*;q=0.7", "Accept": "text/html,application/xhtml+xml,application/xml;q=0.9,*/*;q=0.8", "Accept-Encoding": "gzip, deflate", "Accept-Language": "en-us,en;q=0.5"}}, {"format_id": "22", "url": "https://r1---sn-xjpm-q0nl.googlevideo.com/videoplayback?sparams=dur%2Cei%2Cid%2Cip%2Cipbits%2Citag%2Clmt%2Cmime%2Cmm%2Cmn%2Cms%2Cmv%2Cpl%2Cratebypass%2Crequiressl%2Csource%2Cexpire&id=o-ANXFqMsEPPedgQfdullF4FS0ZX5GlK2JB4yU9du-T8xe&requiressl=yes&key=yt6&expire=1502332236&ms=au&ei=7HCLWdngI83PWcyDk4AL&signature=BE891636078A5DFC88BA6A2D4AD0B3148C276420.574E4257C9A4C9E80B4D3B6F8A1790D2078BA6B9&mv=u&source=youtube&pl=21&itag=22&dur=429.104&ipbits=0&lmt=1472892444351725&mn=sn-xjpm-q0nl&mm=31&ip=131.159.40.117&ratebypass=yes&mt=1502310212&mime=video%2Fmp4", "player_url": null, "ext": "mp4", "width": 1280, "height": 720, "acodec": "mp4a.40.2", "abr": 192, "vcodec": "avc1.64001F", "resolution": "1280x720", "format_note": "hd720", "format": "22 - 1280x720 (hd720)", "protocol": "https", "http_headers": {"User-Agent": "Mozilla/5.0 (X11; Linux x86_64; rv:10.0) Gecko/20150101 Firefox/47.0 (Chrome)", "Accept-Charset": "ISO-8859-1,utf-8;q=0.7,*;q=0.7", "Accept": "text/html,application/xhtml+xml,application/xml;q=0.9,*/*;q=0.8", "Accept-Encoding": "gzip, deflate", "Accept-Language": "en-us,en;q=0.5"}}], "is_live": null, "start_time": null, "end_time": null, "series": null, "season_number": null, "episode_number": null, "extractor": "youtube", "webpage_url_basename": "GZtz6sgFJUE", "extractor_key": "Youtube", "playlist": null, "playlist_index": null, "thumbnails": [{"url": "https://i.ytimg.com/vi/GZtz6sgFJUE/maxresdefault.jpg", "id": "0"}], "display_id": "GZtz6sgFJUE", "ext": "mp4", "height": 720, "format_note": "DASH video", "vcodec": "avc1.4d401f", "format_id": "136", "url": "https://r1---sn-xjpm-q0nl.googlevideo.com/videoplayback?id=199b73eac8052541&itag=136&source=youtube&requiressl=yes&mn=sn-xjpm-q0nl&mm=31&mv=u&pl=21&ms=au&ei=7XCLWaXXBIfnWKXNppgE&ratebypass=yes&mime=video/mp4&gir=yes&clen=55926047&lmt=1428054738470961&dur=429.040&signature=8925FBF5FA6604AA706EA757F232D833D36C6129.5076D4B069932C4B2F4F37562A0725EA9CAAB38D&key=dg_yt0&mt=1502310212&ip=131.159.40.117&ipbits=0&expire=1502332237&sparams=ip,ipbits,expire,id,itag,source,requiressl,mn,mm,mv,pl,ms,ei,ratebypass,mime,gir,clen,lmt,dur", "manifest_url": "https://manifest.googlevideo.com/api/manifest/dash/mn/sn-xjpm-q0nl/expire/1502332237/mm/31/signature/C9FFA6A31A01446761C460B4E05460684104CF7D.841166A6EF07C23D0016D4811C885C7F028974F7/sparams/as%2Cei%2Chfr%2Cid%2Cip%2Cipbits%2Citag%2Cmm%2Cmn%2Cms%2Cmv%2Cpl%2Cplayback_host%2Crequiressl%2Csource%2Cexpire/id/199b73eac8052541/key/yt6/ip/131.159.40.117/mt/1502310212/source/youtube/hfr/1/playback_host/r1---sn-xjpm-q0nl.googlevideo.com/mv/u/as/fmp4_audio_clear%2Cfmp4_sd_hd_clear/itag/0/pl/21/ipbits/0/requiressl/yes/ms/au/ei/7XCLWaXXBIfnWKXNppgE", "width": 1280, "tbr": 1411.618, "asr": null, "fps": 25, "language": null, "filesize": 55926047, "acodec": "none", "format": "136 - 1280x720 (DASH video)", "protocol": "https", "http_headers": {"User-Agent": "Mozilla/5.0 (X11; Linux x86_64; rv:10.0) Gecko/20150101 Firefox/47.0 (Chrome)", "Accept-Charset": "ISO-8859-1,utf-8;q=0.7,*;q=0.7", "Accept": "text/html,application/xhtml+xml,application/xml;q=0.9,*/*;q=0.8", "Accept-Encoding": "gzip, deflate", "Accept-Language": "en-us,en;q=0.5"}, "fulltitle": "\u0623\u062e\u0628\u0627\u0631 \u0627\u0644\u0622\u0646 - \u0627\u0633\u062a\u0641\u062a\u0627\u0621 \u062a\u0644\u0641\u0632\u064a\u0648\u0646 \u0627\u0644\u0622\u0646 \u0639\u0646 \u0639\u0645\u0644\u064a\u0627\u062a \u0642\u0637\u0639 \u0627\u0644\u0631\u0623\u0633", "_filename": "GZtz6sgFJUE.mp4"}