{"id": "9P9v4-aKfss", "uploader": "Bloomberg", "uploader_id": "Bloomberg", "uploader_url": "http://www.youtube.com/user/Bloomberg", "upload_date": "20141106", "license": "Standard YouTube License", "creator": null, "title": "Gold Prices: Will They Dip Below $1000?", "alt_title": null, "thumbnail": "https://i.ytimg.com/vi/9P9v4-aKfss/hqdefault.jpg", "description": "Nov. 6 (Bloomberg) -- Bloomberg\u2019s Ryan Chilcote reports on dropping gold prices and how production could be impacted. He speaks with Jonathan Ferro on Bloomberg Television\u2019s \u201cOn The Move.\u201d (Source: Bloomberg)\n\n-- Subscribe to Bloomberg on YouTube: http://www.youtube.com/Bloomberg\n\nBloomberg Television offers extensive coverage and analysis of international business news and stories of global importance. It is available in more than 310 million households worldwide and reaches the most affluent and influential viewers in terms of household income, asset value and education levels. With production hubs in London, New York and Hong Kong, the network provides 24-hour continuous coverage of the people, companies and ideas that move the markets.", "categories": ["News & Politics"], "tags": ["Bloomberg", "Gold", "Commodities", "Commodity", "Randgold", "Markets", "Metals", "Investment", "Trading"], "subtitles": {}, "automatic_captions": {}, "duration": 207, "age_limit": 0, "annotations": null, "chapters": null, "webpage_url": "https://www.youtube.com/watch?v=9P9v4-aKfss", "view_count": 3046, "like_count": 8, "dislike_count": 0, "average_rating": 5.0, "formats": [{"ext": "m4a", "format_note": "DASH audio", "acodec": "mp4a.40.5", "abr": 48, "container": "m4a_dash", "format_id": "139", "url": "https://r2---sn-4g5ednld.googlevideo.com/videoplayback?id=f4ff6fe3e68a7ecb&itag=139&source=youtube&requiressl=yes&mn=sn-4g5ednld&initcwndbps=4040000&mv=m&ms=au&mm=31&pl=16&ei=u4mJWcvGDIL2V4qOjbgJ&ratebypass=yes&mime=audio/mp4&gir=yes&clen=1248407&lmt=1415513808940974&dur=206.842&signature=96B7F018F80E541A446FAD5A84B1910544F6490F.6800AA4C93DF6E2CB8382C2B58F5E2FF7F91810C&key=dg_yt0&mt=1502185727&ip=131.159.40.117&ipbits=0&expire=1502207515&sparams=ip,ipbits,expire,id,itag,source,requiressl,mn,initcwndbps,mv,ms,mm,pl,ei,ratebypass,mime,gir,clen,lmt,dur", "manifest_url": "https://manifest.googlevideo.com/api/manifest/dash/requiressl/yes/mn/sn-4g5ednld/ip/131.159.40.117/initcwndbps/4040000/mv/m/signature/DB6BFAE5E6D806F7EF5F4C06F25818340F3571DC.435572AF3E79B0B8F33A4540B5ECEDC89F707E56/playback_host/r2---sn-4g5ednld.googlevideo.com/ms/au/key/yt6/hfr/1/ipbits/0/mm/31/pl/16/id/f4ff6fe3e68a7ecb/sparams/as%2Cei%2Chfr%2Cid%2Cinitcwndbps%2Cip%2Cipbits%2Citag%2Cmm%2Cmn%2Cms%2Cmv%2Cpl%2Cplayback_host%2Crequiressl%2Csource%2Cexpire/expire/1502207515/as/fmp4_audio_clear%2Cfmp4_sd_hd_clear/mt/1502185727/itag/0/source/youtube/ei/u4mJWcvGDIL2V4qOjbgJ", "width": null, "height": null, "tbr": 49.136, "asr": 22050, "fps": null, "language": null, "filesize": 1248407, "vcodec": "none", "format": "139 - audio only (DASH audio)", "protocol": "https", "http_headers": {"User-Agent": "Mozilla/5.0 (X11; Linux x86_64; rv:10.0) Gecko/20150101 Firefox/47.0 (Chrome)", "Accept-Charset": "ISO-8859-1,utf-8;q=0.7,*;q=0.7", "Accept": "text/html,application/xhtml+xml,application/xml;q=0.9,*/*;q=0.8", "Accept-Encoding": "gzip, deflate", "Accept-Language": "en-us,en;q=0.5"}}, {"format_id": "249", "url": "https://r2---sn-4g5ednld.googlevideo.com/videoplayback?clen=1317663&lmt=1415344774707689&dur=206.721&mv=m&pl=16&ipbits=0&ms=au&ei=uomJWdfYKJiGVp2SuqAK&source=youtube&mn=sn-4g5ednld&keepalive=yes&mm=31&id=o-AFFMqUGUuJQkh8mb4WO7SiIuZEm2bSWwzsiGDikFSh78&itag=249&mt=1502185727&expire=1502207514&signature=0A988A07B1A855A87E594BE487A70200631FDCD5.3E37C00719D312D68F3A8856C16F2969E02BAC0D&sparams=clen%2Cdur%2Cei%2Cgir%2Cid%2Cinitcwndbps%2Cip%2Cipbits%2Citag%2Ckeepalive%2Clmt%2Cmime%2Cmm%2Cmn%2Cms%2Cmv%2Cpl%2Crequiressl%2Csource%2Cexpire&initcwndbps=4040000&requiressl=yes&key=yt6&gir=yes&mime=audio%2Fwebm&ip=131.159.40.117&ratebypass=yes", "player_url": null, "ext": "webm", "format_note": "DASH audio", "acodec": "opus", "abr": 50, "filesize": 1317663, "tbr": 52.007, "vcodec": "none", "format": "249 - audio only (DASH audio)", "protocol": "https", "http_headers": {"User-Agent": "Mozilla/5.0 (X11; Linux x86_64; rv:10.0) Gecko/20150101 Firefox/47.0 (Chrome)", "Accept-Charset": "ISO-8859-1,utf-8;q=0.7,*;q=0.7", "Accept": "text/html,application/xhtml+xml,application/xml;q=0.9,*/*;q=0.8", "Accept-Encoding": "gzip, deflate", "Accept-Language": "en-us,en;q=0.5"}}, {"format_id": "250", "url": "https://r2---sn-4g5ednld.googlevideo.com/videoplayback?clen=1746022&lmt=1415344773431620&dur=206.721&mv=m&pl=16&ipbits=0&ms=au&ei=uomJWdfYKJiGVp2SuqAK&source=youtube&mn=sn-4g5ednld&keepalive=yes&mm=31&id=o-AFFMqUGUuJQkh8mb4WO7SiIuZEm2bSWwzsiGDikFSh78&itag=250&mt=1502185727&expire=1502207514&signature=075C35BBACC24F0646762736F47E5632A1BBB316.7FDB9501B77DA0F99378A01D1E64AE5EA6F6420D&sparams=clen%2Cdur%2Cei%2Cgir%2Cid%2Cinitcwndbps%2Cip%2Cipbits%2Citag%2Ckeepalive%2Clmt%2Cmime%2Cmm%2Cmn%2Cms%2Cmv%2Cpl%2Crequiressl%2Csource%2Cexpire&initcwndbps=4040000&requiressl=yes&key=yt6&gir=yes&mime=audio%2Fwebm&ip=131.159.40.117&ratebypass=yes", "player_url": null, "ext": "webm", "format_note": "DASH audio", "acodec": "opus", "abr": 70, "filesize": 1746022, "tbr": 71.596, "vcodec": "none", "format": "250 - audio only (DASH audio)", "protocol": "https", "http_headers": {"User-Agent": "Mozilla/5.0 (X11; Linux x86_64; rv:10.0) Gecko/20150101 Firefox/47.0 (Chrome)", "Accept-Charset": "ISO-8859-1,utf-8;q=0.7,*;q=0.7", "Accept": "text/html,application/xhtml+xml,application/xml;q=0.9,*/*;q=0.8", "Accept-Encoding": "gzip, deflate", "Accept-Language": "en-us,en;q=0.5"}}, {"format_id": "171", "url": "https://r2---sn-4g5ednld.googlevideo.com/videoplayback?clen=2207610&lmt=1415344773356482&dur=206.705&mv=m&pl=16&ipbits=0&ms=au&ei=uomJWdfYKJiGVp2SuqAK&source=youtube&mn=sn-4g5ednld&keepalive=yes&mm=31&id=o-AFFMqUGUuJQkh8mb4WO7SiIuZEm2bSWwzsiGDikFSh78&itag=171&mt=1502185727&expire=1502207514&signature=77B99DE93D894C4E1F94F505E8AD84E6BCFE8C6C.A1145D683E63977EC833B501458387448A294E50&sparams=clen%2Cdur%2Cei%2Cgir%2Cid%2Cinitcwndbps%2Cip%2Cipbits%2Citag%2Ckeepalive%2Clmt%2Cmime%2Cmm%2Cmn%2Cms%2Cmv%2Cpl%2Crequiressl%2Csource%2Cexpire&initcwndbps=4040000&requiressl=yes&key=yt6&gir=yes&mime=audio%2Fwebm&ip=131.159.40.117&ratebypass=yes", "player_url": null, "ext": "webm", "acodec": "vorbis", "format_note": "DASH audio", "abr": 128, "filesize": 2207610, "tbr": 89.588, "vcodec": "none", "format": "171 - audio only (DASH audio)", "protocol": "https", "http_headers": {"User-Agent": "Mozilla/5.0 (X11; Linux x86_64; rv:10.0) Gecko/20150101 Firefox/47.0 (Chrome)", "Accept-Charset": "ISO-8859-1,utf-8;q=0.7,*;q=0.7", "Accept": "text/html,application/xhtml+xml,application/xml;q=0.9,*/*;q=0.8", "Accept-Encoding": "gzip, deflate", "Accept-Language": "en-us,en;q=0.5"}}, {"ext": "m4a", "format_note": "DASH audio", "acodec": "mp4a.40.2", "abr": 128, "container": "m4a_dash", "format_id": "140", "url": "https://r2---sn-4g5ednld.googlevideo.com/videoplayback?id=f4ff6fe3e68a7ecb&itag=140&source=youtube&requiressl=yes&mn=sn-4g5ednld&initcwndbps=4040000&mv=m&ms=au&mm=31&pl=16&ei=u4mJWcvGDIL2V4qOjbgJ&ratebypass=yes&mime=audio/mp4&gir=yes&clen=3320176&lmt=1415513814289348&dur=206.773&signature=4A380AF137CE834C7E0481F3FE8D6107A91D6FA5.7503257DF7308A0A0CADED8458C842E08A886631&key=dg_yt0&mt=1502185727&ip=131.159.40.117&ipbits=0&expire=1502207515&sparams=ip,ipbits,expire,id,itag,source,requiressl,mn,initcwndbps,mv,ms,mm,pl,ei,ratebypass,mime,gir,clen,lmt,dur", "manifest_url": "https://manifest.googlevideo.com/api/manifest/dash/requiressl/yes/mn/sn-4g5ednld/ip/131.159.40.117/initcwndbps/4040000/mv/m/signature/DB6BFAE5E6D806F7EF5F4C06F25818340F3571DC.435572AF3E79B0B8F33A4540B5ECEDC89F707E56/playback_host/r2---sn-4g5ednld.googlevideo.com/ms/au/key/yt6/hfr/1/ipbits/0/mm/31/pl/16/id/f4ff6fe3e68a7ecb/sparams/as%2Cei%2Chfr%2Cid%2Cinitcwndbps%2Cip%2Cipbits%2Citag%2Cmm%2Cmn%2Cms%2Cmv%2Cpl%2Cplayback_host%2Crequiressl%2Csource%2Cexpire/expire/1502207515/as/fmp4_audio_clear%2Cfmp4_sd_hd_clear/mt/1502185727/itag/0/source/youtube/ei/u4mJWcvGDIL2V4qOjbgJ", "width": null, "height": null, "tbr": 129.442, "asr": 44100, "fps": null, "language": null, "filesize": 3320176, "vcodec": "none", "format": "140 - audio only (DASH audio)", "protocol": "https", "http_headers": {"User-Agent": "Mozilla/5.0 (X11; Linux x86_64; rv:10.0) Gecko/20150101 Firefox/47.0 (Chrome)", "Accept-Charset": "ISO-8859-1,utf-8;q=0.7,*;q=0.7", "Accept": "text/html,application/xhtml+xml,application/xml;q=0.9,*/*;q=0.8", "Accept-Encoding": "gzip, deflate", "Accept-Language": "en-us,en;q=0.5"}}, {"format_id": "251", "url": "https://r2---sn-4g5ednld.googlevideo.com/videoplayback?clen=5421033&lmt=1415344774052390&dur=206.721&mv=m&pl=16&ipbits=0&ms=au&ei=uomJWdfYKJiGVp2SuqAK&source=youtube&mn=sn-4g5ednld&keepalive=yes&mm=31&id=o-AFFMqUGUuJQkh8mb4WO7SiIuZEm2bSWwzsiGDikFSh78&itag=251&mt=1502185727&expire=1502207514&signature=4C4A359B81B23984D2E318BB006207E77EA371E5.2114C2EBBE7F4EDF5565090788C665ECF1E722FC&sparams=clen%2Cdur%2Cei%2Cgir%2Cid%2Cinitcwndbps%2Cip%2Cipbits%2Citag%2Ckeepalive%2Clmt%2Cmime%2Cmm%2Cmn%2Cms%2Cmv%2Cpl%2Crequiressl%2Csource%2Cexpire&initcwndbps=4040000&requiressl=yes&key=yt6&gir=yes&mime=audio%2Fwebm&ip=131.159.40.117&ratebypass=yes", "player_url": null, "ext": "webm", "format_note": "DASH audio", "acodec": "opus", "abr": 160, "filesize": 5421033, "tbr": 220.416, "vcodec": "none", "format": "251 - audio only (DASH audio)", "protocol": "https", "http_headers": {"User-Agent": "Mozilla/5.0 (X11; Linux x86_64; rv:10.0) Gecko/20150101 Firefox/47.0 (Chrome)", "Accept-Charset": "ISO-8859-1,utf-8;q=0.7,*;q=0.7", "Accept": "text/html,application/xhtml+xml,application/xml;q=0.9,*/*;q=0.8", "Accept-Encoding": "gzip, deflate", "Accept-Language": "en-us,en;q=0.5"}}, {"ext": "mp4", "height": 144, "format_note": "DASH video", "vcodec": "avc1.4d400c", "format_id": "160", "url": "https://r2---sn-4g5ednld.googlevideo.com/videoplayback?id=f4ff6fe3e68a7ecb&itag=160&source=youtube&requiressl=yes&mn=sn-4g5ednld&initcwndbps=4040000&mv=m&ms=au&mm=31&pl=16&ei=u4mJWcvGDIL2V4qOjbgJ&ratebypass=yes&mime=video/mp4&gir=yes&clen=2738767&lmt=1415513824274751&dur=206.739&signature=1C32B1642589117C51696D0BA1AA5EF1A4E17DEA.56D16849FCB5BC8A140F0A8410A900FBF5A93480&key=dg_yt0&mt=1502185727&ip=131.159.40.117&ipbits=0&expire=1502207515&sparams=ip,ipbits,expire,id,itag,source,requiressl,mn,initcwndbps,mv,ms,mm,pl,ei,ratebypass,mime,gir,clen,lmt,dur", "manifest_url": "https://manifest.googlevideo.com/api/manifest/dash/requiressl/yes/mn/sn-4g5ednld/ip/131.159.40.117/initcwndbps/4040000/mv/m/signature/DB6BFAE5E6D806F7EF5F4C06F25818340F3571DC.435572AF3E79B0B8F33A4540B5ECEDC89F707E56/playback_host/r2---sn-4g5ednld.googlevideo.com/ms/au/key/yt6/hfr/1/ipbits/0/mm/31/pl/16/id/f4ff6fe3e68a7ecb/sparams/as%2Cei%2Chfr%2Cid%2Cinitcwndbps%2Cip%2Cipbits%2Citag%2Cmm%2Cmn%2Cms%2Cmv%2Cpl%2Cplayback_host%2Crequiressl%2Csource%2Cexpire/expire/1502207515/as/fmp4_audio_clear%2Cfmp4_sd_hd_clear/mt/1502185727/itag/0/source/youtube/ei/u4mJWcvGDIL2V4qOjbgJ", "width": 256, "tbr": 110.636, "asr": null, "fps": 15, "language": null, "filesize": 2738767, "acodec": "none", "format": "160 - 256x144 (DASH video)", "protocol": "https", "http_headers": {"User-Agent": "Mozilla/5.0 (X11; Linux x86_64; rv:10.0) Gecko/20150101 Firefox/47.0 (Chrome)", "Accept-Charset": "ISO-8859-1,utf-8;q=0.7,*;q=0.7", "Accept": "text/html,application/xhtml+xml,application/xml;q=0.9,*/*;q=0.8", "Accept-Encoding": "gzip, deflate", "Accept-Language": "en-us,en;q=0.5"}}, {"ext": "mp4", "height": 240, "format_note": "DASH video", "vcodec": "avc1.4d4015", "format_id": "133", "url": "https://r2---sn-4g5ednld.googlevideo.com/videoplayback?id=f4ff6fe3e68a7ecb&itag=133&source=youtube&requiressl=yes&mn=sn-4g5ednld&initcwndbps=4040000&mv=m&ms=au&mm=31&pl=16&ei=u4mJWcvGDIL2V4qOjbgJ&ratebypass=yes&mime=video/mp4&gir=yes&clen=6316880&lmt=1415513812799624&dur=206.673&signature=357F9937B659C0510F99DE7D9D4FD02C16700778.48FCBE2F3CA797B528E4900C0DF6AEDE20962CEF&key=dg_yt0&mt=1502185727&ip=131.159.40.117&ipbits=0&expire=1502207515&sparams=ip,ipbits,expire,id,itag,source,requiressl,mn,initcwndbps,mv,ms,mm,pl,ei,ratebypass,mime,gir,clen,lmt,dur", "manifest_url": "https://manifest.googlevideo.com/api/manifest/dash/requiressl/yes/mn/sn-4g5ednld/ip/131.159.40.117/initcwndbps/4040000/mv/m/signature/DB6BFAE5E6D806F7EF5F4C06F25818340F3571DC.435572AF3E79B0B8F33A4540B5ECEDC89F707E56/playback_host/r2---sn-4g5ednld.googlevideo.com/ms/au/key/yt6/hfr/1/ipbits/0/mm/31/pl/16/id/f4ff6fe3e68a7ecb/sparams/as%2Cei%2Chfr%2Cid%2Cinitcwndbps%2Cip%2Cipbits%2Citag%2Cmm%2Cmn%2Cms%2Cmv%2Cpl%2Cplayback_host%2Crequiressl%2Csource%2Cexpire/expire/1502207515/as/fmp4_audio_clear%2Cfmp4_sd_hd_clear/mt/1502185727/itag/0/source/youtube/ei/u4mJWcvGDIL2V4qOjbgJ", "width": 426, "tbr": 247.888, "asr": null, "fps": 30, "language": null, "filesize": 6316880, "acodec": "none", "format": "133 - 426x240 (DASH video)", "protocol": "https", "http_headers": {"User-Agent": "Mozilla/5.0 (X11; Linux x86_64; rv:10.0) Gecko/20150101 Firefox/47.0 (Chrome)", "Accept-Charset": "ISO-8859-1,utf-8;q=0.7,*;q=0.7", "Accept": "text/html,application/xhtml+xml,application/xml;q=0.9,*/*;q=0.8", "Accept-Encoding": "gzip, deflate", "Accept-Language": "en-us,en;q=0.5"}}, {"ext": "mp4", "height": 360, "format_note": "DASH video", "vcodec": "avc1.4d401e", "format_id": "134", "url": "https://r2---sn-4g5ednld.googlevideo.com/videoplayback?id=f4ff6fe3e68a7ecb&itag=134&source=youtube&requiressl=yes&mn=sn-4g5ednld&initcwndbps=4040000&mv=m&ms=au&mm=31&pl=16&ei=u4mJWcvGDIL2V4qOjbgJ&ratebypass=yes&mime=video/mp4&gir=yes&clen=6568711&lmt=1415513843223566&dur=206.673&signature=25D407F52F716E5E417EC1E66FB6C6A15A4CFF53.5091A05CE4FF6B3A618ADAA9F96C2E48701CF6AD&key=dg_yt0&mt=1502185727&ip=131.159.40.117&ipbits=0&expire=1502207515&sparams=ip,ipbits,expire,id,itag,source,requiressl,mn,initcwndbps,mv,ms,mm,pl,ei,ratebypass,mime,gir,clen,lmt,dur", "manifest_url": "https://manifest.googlevideo.com/api/manifest/dash/requiressl/yes/mn/sn-4g5ednld/ip/131.159.40.117/initcwndbps/4040000/mv/m/signature/DB6BFAE5E6D806F7EF5F4C06F25818340F3571DC.435572AF3E79B0B8F33A4540B5ECEDC89F707E56/playback_host/r2---sn-4g5ednld.googlevideo.com/ms/au/key/yt6/hfr/1/ipbits/0/mm/31/pl/16/id/f4ff6fe3e68a7ecb/sparams/as%2Cei%2Chfr%2Cid%2Cinitcwndbps%2Cip%2Cipbits%2Citag%2Cmm%2Cmn%2Cms%2Cmv%2Cpl%2Cplayback_host%2Crequiressl%2Csource%2Cexpire/expire/1502207515/as/fmp4_audio_clear%2Cfmp4_sd_hd_clear/mt/1502185727/itag/0/source/youtube/ei/u4mJWcvGDIL2V4qOjbgJ", "width": 640, "tbr": 530.015, "asr": null, "fps": 30, "language": null, "filesize": 6568711, "acodec": "none", "format": "134 - 640x360 (DASH video)", "protocol": "https", "http_headers": {"User-Agent": "Mozilla/5.0 (X11; Linux x86_64; rv:10.0) Gecko/20150101 Firefox/47.0 (Chrome)", "Accept-Charset": "ISO-8859-1,utf-8;q=0.7,*;q=0.7", "Accept": "text/html,application/xhtml+xml,application/xml;q=0.9,*/*;q=0.8", "Accept-Encoding": "gzip, deflate", "Accept-Language": "en-us,en;q=0.5"}}, {"ext": "mp4", "height": 480, "format_note": "DASH video", "vcodec": "avc1.4d401f", "format_id": "135", "url": "https://r2---sn-4g5ednld.googlevideo.com/videoplayback?id=f4ff6fe3e68a7ecb&itag=135&source=youtube&requiressl=yes&mn=sn-4g5ednld&initcwndbps=4040000&mv=m&ms=au&mm=31&pl=16&ei=u4mJWcvGDIL2V4qOjbgJ&ratebypass=yes&mime=video/mp4&gir=yes&clen=13762362&lmt=1415513834405186&dur=206.673&signature=1E3A11A4324460E3DFE01CC2EC6F8026022366DA.738008485A4DABF0BEB0F69A346F928E4CED3A6A&key=dg_yt0&mt=1502185727&ip=131.159.40.117&ipbits=0&expire=1502207515&sparams=ip,ipbits,expire,id,itag,source,requiressl,mn,initcwndbps,mv,ms,mm,pl,ei,ratebypass,mime,gir,clen,lmt,dur", "manifest_url": "https://manifest.googlevideo.com/api/manifest/dash/requiressl/yes/mn/sn-4g5ednld/ip/131.159.40.117/initcwndbps/4040000/mv/m/signature/DB6BFAE5E6D806F7EF5F4C06F25818340F3571DC.435572AF3E79B0B8F33A4540B5ECEDC89F707E56/playback_host/r2---sn-4g5ednld.googlevideo.com/ms/au/key/yt6/hfr/1/ipbits/0/mm/31/pl/16/id/f4ff6fe3e68a7ecb/sparams/as%2Cei%2Chfr%2Cid%2Cinitcwndbps%2Cip%2Cipbits%2Citag%2Cmm%2Cmn%2Cms%2Cmv%2Cpl%2Cplayback_host%2Crequiressl%2Csource%2Cexpire/expire/1502207515/as/fmp4_audio_clear%2Cfmp4_sd_hd_clear/mt/1502185727/itag/0/source/youtube/ei/u4mJWcvGDIL2V4qOjbgJ", "width": 854, "tbr": 965.335, "asr": null, "fps": 30, "language": null, "filesize": 13762362, "acodec": "none", "format": "135 - 854x480 (DASH video)", "protocol": "https", "http_headers": {"User-Agent": "Mozilla/5.0 (X11; Linux x86_64; rv:10.0) Gecko/20150101 Firefox/47.0 (Chrome)", "Accept-Charset": "ISO-8859-1,utf-8;q=0.7,*;q=0.7", "Accept": "text/html,application/xhtml+xml,application/xml;q=0.9,*/*;q=0.8", "Accept-Encoding": "gzip, deflate", "Accept-Language": "en-us,en;q=0.5"}}, {"ext": "mp4", "height": 720, "format_note": "DASH video", "vcodec": "avc1.4d401f", "format_id": "136", "url": "https://r2---sn-4g5ednld.googlevideo.com/videoplayback?id=f4ff6fe3e68a7ecb&itag=136&source=youtube&requiressl=yes&mn=sn-4g5ednld&initcwndbps=4040000&mv=m&ms=au&mm=31&pl=16&ei=u4mJWcvGDIL2V4qOjbgJ&ratebypass=yes&mime=video/mp4&gir=yes&clen=27328814&lmt=1415513866588036&dur=206.673&signature=97AF597FE7F880B52B44AB3FC1028EFE65B06A57.5CB32224853F4F43F577DBCC2F985A841A48237E&key=dg_yt0&mt=1502185727&ip=131.159.40.117&ipbits=0&expire=1502207515&sparams=ip,ipbits,expire,id,itag,source,requiressl,mn,initcwndbps,mv,ms,mm,pl,ei,ratebypass,mime,gir,clen,lmt,dur", "manifest_url": "https://manifest.googlevideo.com/api/manifest/dash/requiressl/yes/mn/sn-4g5ednld/ip/131.159.40.117/initcwndbps/4040000/mv/m/signature/DB6BFAE5E6D806F7EF5F4C06F25818340F3571DC.435572AF3E79B0B8F33A4540B5ECEDC89F707E56/playback_host/r2---sn-4g5ednld.googlevideo.com/ms/au/key/yt6/hfr/1/ipbits/0/mm/31/pl/16/id/f4ff6fe3e68a7ecb/sparams/as%2Cei%2Chfr%2Cid%2Cinitcwndbps%2Cip%2Cipbits%2Citag%2Cmm%2Cmn%2Cms%2Cmv%2Cpl%2Cplayback_host%2Crequiressl%2Csource%2Cexpire/expire/1502207515/as/fmp4_audio_clear%2Cfmp4_sd_hd_clear/mt/1502185727/itag/0/source/youtube/ei/u4mJWcvGDIL2V4qOjbgJ", "width": 1280, "tbr": 1865.026, "asr": null, "fps": 30, "language": null, "filesize": 27328814, "acodec": "none", "format": "136 - 1280x720 (DASH video)", "protocol": "https", "http_headers": {"User-Agent": "Mozilla/5.0 (X11; Linux x86_64; rv:10.0) Gecko/20150101 Firefox/47.0 (Chrome)", "Accept-Charset": "ISO-8859-1,utf-8;q=0.7,*;q=0.7", "Accept": "text/html,application/xhtml+xml,application/xml;q=0.9,*/*;q=0.8", "Accept-Encoding": "gzip, deflate", "Accept-Language": "en-us,en;q=0.5"}}, {"format_id": "17", "url": "https://r2---sn-4g5ednld.googlevideo.com/videoplayback?clen=2111534&lmt=1415295477080456&dur=206.936&mv=m&pl=16&ipbits=0&ms=au&ei=uomJWdfYKJiGVp2SuqAK&source=youtube&expire=1502207514&mm=31&id=o-AFFMqUGUuJQkh8mb4WO7SiIuZEm2bSWwzsiGDikFSh78&itag=17&mt=1502185727&mn=sn-4g5ednld&signature=20CDA023930714616F1E9BD355E205A19F02F3AE.92BA336246A3B2C34C2ACC3E7B4B38F0D37B89BC&sparams=clen%2Cdur%2Cei%2Cgir%2Cid%2Cinitcwndbps%2Cip%2Cipbits%2Citag%2Clmt%2Cmime%2Cmm%2Cmn%2Cms%2Cmv%2Cpl%2Crequiressl%2Csource%2Cexpire&initcwndbps=4040000&requiressl=yes&key=yt6&gir=yes&mime=video%2F3gpp&ip=131.159.40.117&ratebypass=yes", "player_url": null, "ext": "3gp", "width": 176, "height": 144, "acodec": "mp4a.40.2", "abr": 24, "vcodec": "mp4v.20.3", "resolution": "176x144", "format_note": "small", "format": "17 - 176x144 (small)", "protocol": "https", "http_headers": {"User-Agent": "Mozilla/5.0 (X11; Linux x86_64; rv:10.0) Gecko/20150101 Firefox/47.0 (Chrome)", "Accept-Charset": "ISO-8859-1,utf-8;q=0.7,*;q=0.7", "Accept": "text/html,application/xhtml+xml,application/xml;q=0.9,*/*;q=0.8", "Accept-Encoding": "gzip, deflate", "Accept-Language": "en-us,en;q=0.5"}}, {"format_id": "36", "url": "https://r2---sn-4g5ednld.googlevideo.com/videoplayback?clen=5837615&lmt=1415295525958946&dur=206.889&mv=m&pl=16&ipbits=0&ms=au&ei=uomJWdfYKJiGVp2SuqAK&source=youtube&expire=1502207514&mm=31&id=o-AFFMqUGUuJQkh8mb4WO7SiIuZEm2bSWwzsiGDikFSh78&itag=36&mt=1502185727&mn=sn-4g5ednld&signature=0557B93988BABA1A75049FEACB3384AA0B94760F.BA09BAB54E5ADF57BE43CE47C2C8D252DA31AC9A&sparams=clen%2Cdur%2Cei%2Cgir%2Cid%2Cinitcwndbps%2Cip%2Cipbits%2Citag%2Clmt%2Cmime%2Cmm%2Cmn%2Cms%2Cmv%2Cpl%2Crequiressl%2Csource%2Cexpire&initcwndbps=4040000&requiressl=yes&key=yt6&gir=yes&mime=video%2F3gpp&ip=131.159.40.117&ratebypass=yes", "player_url": null, "ext": "3gp", "width": 320, "acodec": "mp4a.40.2", "vcodec": "mp4v.20.3", "resolution": "320x180", "height": 180, "format_note": "small", "format": "36 - 320x180 (small)", "protocol": "https", "http_headers": {"User-Agent": "Mozilla/5.0 (X11; Linux x86_64; rv:10.0) Gecko/20150101 Firefox/47.0 (Chrome)", "Accept-Charset": "ISO-8859-1,utf-8;q=0.7,*;q=0.7", "Accept": "text/html,application/xhtml+xml,application/xml;q=0.9,*/*;q=0.8", "Accept-Encoding": "gzip, deflate", "Accept-Language": "en-us,en;q=0.5"}}, {"format_id": "43", "url": "https://r2---sn-4g5ednld.googlevideo.com/videoplayback?clen=17195612&ratebypass=yes&lmt=1415885418719239&dur=0.000&mv=m&pl=16&ipbits=0&ms=au&ei=uomJWdfYKJiGVp2SuqAK&source=youtube&expire=1502207514&mm=31&id=o-AFFMqUGUuJQkh8mb4WO7SiIuZEm2bSWwzsiGDikFSh78&itag=43&mt=1502185727&mn=sn-4g5ednld&signature=1E23FFDA269FF3E6362A1A7268E5B26E0E04896B.C8428B1274B13478D870E531958995C38CE81502&sparams=clen%2Cdur%2Cei%2Cgir%2Cid%2Cinitcwndbps%2Cip%2Cipbits%2Citag%2Clmt%2Cmime%2Cmm%2Cmn%2Cms%2Cmv%2Cpl%2Cratebypass%2Crequiressl%2Csource%2Cexpire&initcwndbps=4040000&requiressl=yes&key=yt6&gir=yes&mime=video%2Fwebm&ip=131.159.40.117", "player_url": null, "ext": "webm", "width": 640, "height": 360, "acodec": "vorbis", "abr": 128, "vcodec": "vp8.0", "resolution": "640x360", "format_note": "medium", "format": "43 - 640x360 (medium)", "protocol": "https", "http_headers": {"User-Agent": "Mozilla/5.0 (X11; Linux x86_64; rv:10.0) Gecko/20150101 Firefox/47.0 (Chrome)", "Accept-Charset": "ISO-8859-1,utf-8;q=0.7,*;q=0.7", "Accept": "text/html,application/xhtml+xml,application/xml;q=0.9,*/*;q=0.8", "Accept-Encoding": "gzip, deflate", "Accept-Language": "en-us,en;q=0.5"}}, {"format_id": "18", "url": "https://r2---sn-4g5ednld.googlevideo.com/videoplayback?clen=12375823&ratebypass=yes&lmt=1415513819084094&dur=206.773&mv=m&pl=16&ipbits=0&ms=au&ei=uomJWdfYKJiGVp2SuqAK&source=youtube&expire=1502207514&mm=31&id=o-AFFMqUGUuJQkh8mb4WO7SiIuZEm2bSWwzsiGDikFSh78&itag=18&mt=1502185727&mn=sn-4g5ednld&signature=0B9E97EA6CF4271F026CE13B916E1D10E9088A57.24E942E9678C4B8CCE66E2DBD7CF89C05F625D50&sparams=clen%2Cdur%2Cei%2Cgir%2Cid%2Cinitcwndbps%2Cip%2Cipbits%2Citag%2Clmt%2Cmime%2Cmm%2Cmn%2Cms%2Cmv%2Cpl%2Cratebypass%2Crequiressl%2Csource%2Cexpire&initcwndbps=4040000&requiressl=yes&key=yt6&gir=yes&mime=video%2Fmp4&ip=131.159.40.117", "player_url": null, "ext": "mp4", "width": 640, "height": 360, "acodec": "mp4a.40.2", "abr": 96, "vcodec": "avc1.42001E", "resolution": "640x360", "format_note": "medium", "format": "18 - 640x360 (medium)", "protocol": "https", "http_headers": {"User-Agent": "Mozilla/5.0 (X11; Linux x86_64; rv:10.0) Gecko/20150101 Firefox/47.0 (Chrome)", "Accept-Charset": "ISO-8859-1,utf-8;q=0.7,*;q=0.7", "Accept": "text/html,application/xhtml+xml,application/xml;q=0.9,*/*;q=0.8", "Accept-Encoding": "gzip, deflate", "Accept-Language": "en-us,en;q=0.5"}}, {"format_id": "22", "url": "https://r2---sn-4g5ednld.googlevideo.com/videoplayback?itag=22&mm=31&mt=1502185727&mn=sn-4g5ednld&ratebypass=yes&signature=5BE77A38D4F861E40AE2121385B33797DF896B2E.803579DFAE7454D95687FB50735CC41878DE4887&lmt=1471711186508003&sparams=dur%2Cei%2Cid%2Cinitcwndbps%2Cip%2Cipbits%2Citag%2Clmt%2Cmime%2Cmm%2Cmn%2Cms%2Cmv%2Cpl%2Cratebypass%2Crequiressl%2Csource%2Cexpire&mv=m&pl=16&ipbits=0&initcwndbps=4040000&requiressl=yes&ms=au&ei=uomJWdfYKJiGVp2SuqAK&source=youtube&dur=206.773&expire=1502207514&key=yt6&mime=video%2Fmp4&ip=131.159.40.117&id=o-AFFMqUGUuJQkh8mb4WO7SiIuZEm2bSWwzsiGDikFSh78", "player_url": null, "ext": "mp4", "width": 1280, "height": 720, "acodec": "mp4a.40.2", "abr": 192, "vcodec": "avc1.64001F", "resolution": "1280x720", "format_note": "hd720", "format": "22 - 1280x720 (hd720)", "protocol": "https", "http_headers": {"User-Agent": "Mozilla/5.0 (X11; Linux x86_64; rv:10.0) Gecko/20150101 Firefox/47.0 (Chrome)", "Accept-Charset": "ISO-8859-1,utf-8;q=0.7,*;q=0.7", "Accept": "text/html,application/xhtml+xml,application/xml;q=0.9,*/*;q=0.8", "Accept-Encoding": "gzip, deflate", "Accept-Language": "en-us,en;q=0.5"}}], "is_live": null, "start_time": null, "end_time": null, "series": null, "season_number": null, "episode_number": null, "extractor": "youtube", "webpage_url_basename": "9P9v4-aKfss", "extractor_key": "Youtube", "playlist": null, "playlist_index": null, "thumbnails": [{"url": "https://i.ytimg.com/vi/9P9v4-aKfss/hqdefault.jpg", "id": "0"}], "display_id": "9P9v4-aKfss", "ext": "mp4", "height": 720, "format_note": "DASH video", "vcodec": "avc1.4d401f", "format_id": "136", "url": "https://r2---sn-4g5ednld.googlevideo.com/videoplayback?id=f4ff6fe3e68a7ecb&itag=136&source=youtube&requiressl=yes&mn=sn-4g5ednld&initcwndbps=4040000&mv=m&ms=au&mm=31&pl=16&ei=u4mJWcvGDIL2V4qOjbgJ&ratebypass=yes&mime=video/mp4&gir=yes&clen=27328814&lmt=1415513866588036&dur=206.673&signature=97AF597FE7F880B52B44AB3FC1028EFE65B06A57.5CB32224853F4F43F577DBCC2F985A841A48237E&key=dg_yt0&mt=1502185727&ip=131.159.40.117&ipbits=0&expire=1502207515&sparams=ip,ipbits,expire,id,itag,source,requiressl,mn,initcwndbps,mv,ms,mm,pl,ei,ratebypass,mime,gir,clen,lmt,dur", "manifest_url": "https://manifest.googlevideo.com/api/manifest/dash/requiressl/yes/mn/sn-4g5ednld/ip/131.159.40.117/initcwndbps/4040000/mv/m/signature/DB6BFAE5E6D806F7EF5F4C06F25818340F3571DC.435572AF3E79B0B8F33A4540B5ECEDC89F707E56/playback_host/r2---sn-4g5ednld.googlevideo.com/ms/au/key/yt6/hfr/1/ipbits/0/mm/31/pl/16/id/f4ff6fe3e68a7ecb/sparams/as%2Cei%2Chfr%2Cid%2Cinitcwndbps%2Cip%2Cipbits%2Citag%2Cmm%2Cmn%2Cms%2Cmv%2Cpl%2Cplayback_host%2Crequiressl%2Csource%2Cexpire/expire/1502207515/as/fmp4_audio_clear%2Cfmp4_sd_hd_clear/mt/1502185727/itag/0/source/youtube/ei/u4mJWcvGDIL2V4qOjbgJ", "width": 1280, "tbr": 1865.026, "asr": null, "fps": 30, "language": null, "filesize": 27328814, "acodec": "none", "format": "136 - 1280x720 (DASH video)", "protocol": "https", "http_headers": {"User-Agent": "Mozilla/5.0 (X11; Linux x86_64; rv:10.0) Gecko/20150101 Firefox/47.0 (Chrome)", "Accept-Charset": "ISO-8859-1,utf-8;q=0.7,*;q=0.7", "Accept": "text/html,application/xhtml+xml,application/xml;q=0.9,*/*;q=0.8", "Accept-Encoding": "gzip, deflate", "Accept-Language": "en-us,en;q=0.5"}, "fulltitle": "Gold Prices: Will They Dip Below $1000?", "_filename": "9P9v4-aKfss.mp4"}