{"id": "OiS5rleK-F0", "uploader": "TheRaymondTune", "uploader_id": "TheRaymondTune", "uploader_url": "http://www.youtube.com/user/TheRaymondTune", "upload_date": "20111206", "license": "Standard YouTube License", "creator": null, "title": "Nasa's Biggest find yet? Earth's Twin Discovered?", "alt_title": null, "thumbnail": "https://i.ytimg.com/vi/OiS5rleK-F0/maxresdefault.jpg", "description": "Dec 6, 2011\n\nNew planet may be able to support life.\n\n\"Copyright Disclaimer Under Section 107 of the Copyright Act 1976, allowance is made for \"fair use\" for purposes such as criticism, comment, news reporting, teaching, scholarship, and research. Fair use is a use permitted by copyright statute that might otherwise be infringing. Non-profit, educational or personal use tips the balance in favour of fair use.\"\n\nEarth's Twin Discovered? (29/11/2011)- http://www.youtube.com/watch?v=AuiddTx3aXs\n\nNASA's Kepler Mission Announces Latest Planetary Discovery- http://www.youtube.com/watch?v=en5OObU0ryU\n\n'We are a universe crowded with life': NASA astronomers discover ANOTHER blue planet... and there could be life there- http://www.dailymail.co.uk/sciencetech/article-2070388/Exoplanet-Kepler-22b-N...\n\nMeet the New Possibly Earthlike Planet: Kepler-22b- http://www.theatlanticwire.com/technology/2011/12/meet-new-possibly-earthlike...\n\nKepler 22-b: Earth-like planet confirmed- http://www.bbc.co.uk/news/science-environment-16040655\n\nKepler-22b- http://kepler.nasa.gov/Mission/discoveries/kepler22b/\n\nKepler-22b- http://en.wikipedia.org/wiki/Kepler-22b", "categories": ["Science & Technology"], "tags": ["Earth", "NASA", "Space", "Discovered", "Earths", "Twin", "Life", "In", "Find", "New", "Planets", "Outside", "Solar", "System", "Universe", "Extraterrestrials"], "subtitles": {}, "automatic_captions": {}, "duration": 221, "age_limit": 0, "annotations": null, "chapters": null, "webpage_url": "https://www.youtube.com/watch?v=OiS5rleK-F0", "view_count": 436174, "like_count": 1747, "dislike_count": 86, "average_rating": 4.8123292923, "formats": [{"ext": "m4a", "format_note": "DASH audio", "acodec": "mp4a.40.5", "abr": 48, "container": "m4a_dash", "format_id": "139", "url": "https://r5---sn-4g5edn7l.googlevideo.com/videoplayback?id=3a24b9ae578af85d&itag=139&source=youtube&requiressl=yes&ei=ZGiLWaSaNMHcWZL7n5AK&ms=au&mv=m&pl=16&mm=31&mn=sn-4g5edn7l&initcwndbps=3098750&ratebypass=yes&mime=audio/mp4&gir=yes&clen=1315582&lmt=1433675276014083&dur=220.821&signature=019BD58BDC47BCC86FB7A250435A20C8DDAC7C5F.538F698A91BCAE429FAFB98A458F6EDAE8760B36&mt=1502308309&key=dg_yt0&ip=131.159.40.117&ipbits=0&expire=1502330052&sparams=ip,ipbits,expire,id,itag,source,requiressl,ei,ms,mv,pl,mm,mn,initcwndbps,ratebypass,mime,gir,clen,lmt,dur", "manifest_url": "https://manifest.googlevideo.com/api/manifest/dash/requiressl/yes/signature/1135337E51EEF2C91A995903C0626D488C104A80.3472551F44A4A0325F714A79D659649926DF6528/itag/0/as/fmp4_audio_clear%2Cfmp4_sd_hd_clear/id/3a24b9ae578af85d/ei/ZGiLWaSaNMHcWZL7n5AK/ms/au/mt/1502308309/expire/1502330052/mv/m/pl/16/sparams/as%2Cei%2Chfr%2Cid%2Cinitcwndbps%2Cip%2Cipbits%2Citag%2Cmm%2Cmn%2Cms%2Cmv%2Cpl%2Cplayback_host%2Crequiressl%2Csource%2Cexpire/playback_host/r5---sn-4g5edn7l.googlevideo.com/hfr/1/mm/31/mn/sn-4g5edn7l/ipbits/0/source/youtube/ip/131.159.40.117/key/yt6/initcwndbps/3098750", "width": null, "height": null, "tbr": 49.261, "asr": 22050, "fps": null, "language": null, "filesize": 1315582, "vcodec": "none", "format": "139 - audio only (DASH audio)", "protocol": "https", "http_headers": {"User-Agent": "Mozilla/5.0 (X11; Linux x86_64; rv:10.0) Gecko/20150101 Firefox/47.0 (Chrome)", "Accept-Charset": "ISO-8859-1,utf-8;q=0.7,*;q=0.7", "Accept": "text/html,application/xhtml+xml,application/xml;q=0.9,*/*;q=0.8", "Accept-Encoding": "gzip, deflate", "Accept-Language": "en-us,en;q=0.5"}}, {"format_id": "171", "url": "https://r5---sn-4g5e6n7d.googlevideo.com/videoplayback?keepalive=yes&dur=220.687&pl=16&source=youtube&ms=au&id=o-AFNU0XWqOcknwoEyhpX6j6pAwXxx_n_P5phwBMiF0v5k&ei=ZGiLWf3WFc-yWcbOjeAL&mv=m&mt=1502308309&gir=yes&sparams=clen%2Cdur%2Cei%2Cgir%2Cid%2Cinitcwndbps%2Cip%2Cipbits%2Citag%2Ckeepalive%2Clmt%2Cmime%2Cmm%2Cmn%2Cms%2Cmv%2Cpl%2Crequiressl%2Csource%2Cexpire&mn=sn-4g5e6n7d&signature=58A4A17D6296BE06CB7743DA1AE641EB42B4484B.23475CD2113E321DE7C589A8DFEFA7C56948245C&mm=31&ip=131.159.40.117&key=yt6&lmt=1392797055319759&itag=171&expire=1502330052&ipbits=0&requiressl=yes&clen=2207405&mime=audio%2Fwebm&initcwndbps=3098750&ratebypass=yes", "player_url": null, "ext": "webm", "acodec": "vorbis", "format_note": "DASH audio", "abr": 128, "filesize": 2207405, "tbr": 84.706, "fps": 1, "vcodec": "none", "format": "171 - audio only (DASH audio)", "protocol": "https", "http_headers": {"User-Agent": "Mozilla/5.0 (X11; Linux x86_64; rv:10.0) Gecko/20150101 Firefox/47.0 (Chrome)", "Accept-Charset": "ISO-8859-1,utf-8;q=0.7,*;q=0.7", "Accept": "text/html,application/xhtml+xml,application/xml;q=0.9,*/*;q=0.8", "Accept-Encoding": "gzip, deflate", "Accept-Language": "en-us,en;q=0.5"}}, {"ext": "m4a", "format_note": "DASH audio", "acodec": "mp4a.40.2", "abr": 128, "container": "m4a_dash", "format_id": "140", "url": "https://r5---sn-4g5edn7l.googlevideo.com/videoplayback?id=3a24b9ae578af85d&itag=140&source=youtube&requiressl=yes&ei=ZGiLWaSaNMHcWZL7n5AK&ms=au&mv=m&pl=16&mm=31&mn=sn-4g5edn7l&initcwndbps=3098750&ratebypass=yes&mime=audio/mp4&gir=yes&clen=3506712&lmt=1433675267399696&dur=220.752&signature=692A5CC59133AD9AC0BBD372CD8F84B0EB7E9DE0.7B410CE5742F2869B5BF8BB659E6A6A0961DD554&mt=1502308309&key=dg_yt0&ip=131.159.40.117&ipbits=0&expire=1502330052&sparams=ip,ipbits,expire,id,itag,source,requiressl,ei,ms,mv,pl,mm,mn,initcwndbps,ratebypass,mime,gir,clen,lmt,dur", "manifest_url": "https://manifest.googlevideo.com/api/manifest/dash/requiressl/yes/signature/1135337E51EEF2C91A995903C0626D488C104A80.3472551F44A4A0325F714A79D659649926DF6528/itag/0/as/fmp4_audio_clear%2Cfmp4_sd_hd_clear/id/3a24b9ae578af85d/ei/ZGiLWaSaNMHcWZL7n5AK/ms/au/mt/1502308309/expire/1502330052/mv/m/pl/16/sparams/as%2Cei%2Chfr%2Cid%2Cinitcwndbps%2Cip%2Cipbits%2Citag%2Cmm%2Cmn%2Cms%2Cmv%2Cpl%2Cplayback_host%2Crequiressl%2Csource%2Cexpire/playback_host/r5---sn-4g5edn7l.googlevideo.com/hfr/1/mm/31/mn/sn-4g5edn7l/ipbits/0/source/youtube/ip/131.159.40.117/key/yt6/initcwndbps/3098750", "width": null, "height": null, "tbr": 127.864, "asr": 44100, "fps": null, "language": null, "filesize": 3506712, "vcodec": "none", "format": "140 - audio only (DASH audio)", "protocol": "https", "http_headers": {"User-Agent": "Mozilla/5.0 (X11; Linux x86_64; rv:10.0) Gecko/20150101 Firefox/47.0 (Chrome)", "Accept-Charset": "ISO-8859-1,utf-8;q=0.7,*;q=0.7", "Accept": "text/html,application/xhtml+xml,application/xml;q=0.9,*/*;q=0.8", "Accept-Encoding": "gzip, deflate", "Accept-Language": "en-us,en;q=0.5"}}, {"ext": "mp4", "height": 144, "format_note": "DASH video", "vcodec": "avc1.4d400c", "format_id": "160", "url": "https://r5---sn-4g5edn7l.googlevideo.com/videoplayback?id=3a24b9ae578af85d&itag=160&source=youtube&requiressl=yes&ei=ZGiLWaSaNMHcWZL7n5AK&ms=au&mv=m&pl=16&mm=31&mn=sn-4g5edn7l&initcwndbps=3098750&ratebypass=yes&mime=video/mp4&gir=yes&clen=3011283&lmt=1433675424665954&dur=220.687&signature=7BBBCB7C58CD7180D8BA60867FED88584FFFE01D.52CD7F94F97B68D62B16A2352E976F156A883AEA&mt=1502308309&key=dg_yt0&ip=131.159.40.117&ipbits=0&expire=1502330052&sparams=ip,ipbits,expire,id,itag,source,requiressl,ei,ms,mv,pl,mm,mn,initcwndbps,ratebypass,mime,gir,clen,lmt,dur", "manifest_url": "https://manifest.googlevideo.com/api/manifest/dash/requiressl/yes/signature/1135337E51EEF2C91A995903C0626D488C104A80.3472551F44A4A0325F714A79D659649926DF6528/itag/0/as/fmp4_audio_clear%2Cfmp4_sd_hd_clear/id/3a24b9ae578af85d/ei/ZGiLWaSaNMHcWZL7n5AK/ms/au/mt/1502308309/expire/1502330052/mv/m/pl/16/sparams/as%2Cei%2Chfr%2Cid%2Cinitcwndbps%2Cip%2Cipbits%2Citag%2Cmm%2Cmn%2Cms%2Cmv%2Cpl%2Cplayback_host%2Crequiressl%2Csource%2Cexpire/playback_host/r5---sn-4g5edn7l.googlevideo.com/hfr/1/mm/31/mn/sn-4g5edn7l/ipbits/0/source/youtube/ip/131.159.40.117/key/yt6/initcwndbps/3098750", "width": 256, "tbr": 110.852, "asr": null, "fps": 15, "language": null, "filesize": 3011283, "acodec": "none", "format": "160 - 256x144 (DASH video)", "protocol": "https", "http_headers": {"User-Agent": "Mozilla/5.0 (X11; Linux x86_64; rv:10.0) Gecko/20150101 Firefox/47.0 (Chrome)", "Accept-Charset": "ISO-8859-1,utf-8;q=0.7,*;q=0.7", "Accept": "text/html,application/xhtml+xml,application/xml;q=0.9,*/*;q=0.8", "Accept-Encoding": "gzip, deflate", "Accept-Language": "en-us,en;q=0.5"}}, {"ext": "mp4", "height": 240, "format_note": "DASH video", "vcodec": "avc1.4d4015", "format_id": "133", "url": "https://r5---sn-4g5edn7l.googlevideo.com/videoplayback?id=3a24b9ae578af85d&itag=133&source=youtube&requiressl=yes&ei=ZGiLWaSaNMHcWZL7n5AK&ms=au&mv=m&pl=16&mm=31&mn=sn-4g5edn7l&initcwndbps=3098750&ratebypass=yes&mime=video/mp4&gir=yes&clen=6757537&lmt=1433675460372575&dur=220.687&signature=76A9F33E70AC38125C131AB38A110AF9571F6D32.4F56E7BD6EE8F543A93B12C09D2EB76E2E59DC2D&mt=1502308309&key=dg_yt0&ip=131.159.40.117&ipbits=0&expire=1502330052&sparams=ip,ipbits,expire,id,itag,source,requiressl,ei,ms,mv,pl,mm,mn,initcwndbps,ratebypass,mime,gir,clen,lmt,dur", "manifest_url": "https://manifest.googlevideo.com/api/manifest/dash/requiressl/yes/signature/1135337E51EEF2C91A995903C0626D488C104A80.3472551F44A4A0325F714A79D659649926DF6528/itag/0/as/fmp4_audio_clear%2Cfmp4_sd_hd_clear/id/3a24b9ae578af85d/ei/ZGiLWaSaNMHcWZL7n5AK/ms/au/mt/1502308309/expire/1502330052/mv/m/pl/16/sparams/as%2Cei%2Chfr%2Cid%2Cinitcwndbps%2Cip%2Cipbits%2Citag%2Cmm%2Cmn%2Cms%2Cmv%2Cpl%2Cplayback_host%2Crequiressl%2Csource%2Cexpire/playback_host/r5---sn-4g5edn7l.googlevideo.com/hfr/1/mm/31/mn/sn-4g5edn7l/ipbits/0/source/youtube/ip/131.159.40.117/key/yt6/initcwndbps/3098750", "width": 426, "tbr": 261.01, "asr": null, "fps": 30, "language": null, "filesize": 6757537, "acodec": "none", "format": "133 - 426x240 (DASH video)", "protocol": "https", "http_headers": {"User-Agent": "Mozilla/5.0 (X11; Linux x86_64; rv:10.0) Gecko/20150101 Firefox/47.0 (Chrome)", "Accept-Charset": "ISO-8859-1,utf-8;q=0.7,*;q=0.7", "Accept": "text/html,application/xhtml+xml,application/xml;q=0.9,*/*;q=0.8", "Accept-Encoding": "gzip, deflate", "Accept-Language": "en-us,en;q=0.5"}}, {"ext": "mp4", "height": 360, "format_note": "DASH video", "vcodec": "avc1.4d401e", "format_id": "134", "url": "https://r5---sn-4g5edn7l.googlevideo.com/videoplayback?id=3a24b9ae578af85d&itag=134&source=youtube&requiressl=yes&ei=ZGiLWaSaNMHcWZL7n5AK&ms=au&mv=m&pl=16&mm=31&mn=sn-4g5edn7l&initcwndbps=3098750&ratebypass=yes&mime=video/mp4&gir=yes&clen=6785408&lmt=1433675432570747&dur=220.687&signature=2C37266C39EC9D5F65CBA793CBC164767DD9A75E.32429966C1EA176C0BFE20CE08C5B728AA824CCA&mt=1502308309&key=dg_yt0&ip=131.159.40.117&ipbits=0&expire=1502330052&sparams=ip,ipbits,expire,id,itag,source,requiressl,ei,ms,mv,pl,mm,mn,initcwndbps,ratebypass,mime,gir,clen,lmt,dur", "manifest_url": "https://manifest.googlevideo.com/api/manifest/dash/requiressl/yes/signature/1135337E51EEF2C91A995903C0626D488C104A80.3472551F44A4A0325F714A79D659649926DF6528/itag/0/as/fmp4_audio_clear%2Cfmp4_sd_hd_clear/id/3a24b9ae578af85d/ei/ZGiLWaSaNMHcWZL7n5AK/ms/au/mt/1502308309/expire/1502330052/mv/m/pl/16/sparams/as%2Cei%2Chfr%2Cid%2Cinitcwndbps%2Cip%2Cipbits%2Citag%2Cmm%2Cmn%2Cms%2Cmv%2Cpl%2Cplayback_host%2Crequiressl%2Csource%2Cexpire/playback_host/r5---sn-4g5edn7l.googlevideo.com/hfr/1/mm/31/mn/sn-4g5edn7l/ipbits/0/source/youtube/ip/131.159.40.117/key/yt6/initcwndbps/3098750", "width": 640, "tbr": 366.107, "asr": null, "fps": 30, "language": null, "filesize": 6785408, "acodec": "none", "format": "134 - 640x360 (DASH video)", "protocol": "https", "http_headers": {"User-Agent": "Mozilla/5.0 (X11; Linux x86_64; rv:10.0) Gecko/20150101 Firefox/47.0 (Chrome)", "Accept-Charset": "ISO-8859-1,utf-8;q=0.7,*;q=0.7", "Accept": "text/html,application/xhtml+xml,application/xml;q=0.9,*/*;q=0.8", "Accept-Encoding": "gzip, deflate", "Accept-Language": "en-us,en;q=0.5"}}, {"ext": "mp4", "height": 480, "format_note": "DASH video", "vcodec": "avc1.4d401f", "format_id": "135", "url": "https://r5---sn-4g5edn7l.googlevideo.com/videoplayback?id=3a24b9ae578af85d&itag=135&source=youtube&requiressl=yes&ei=ZGiLWaSaNMHcWZL7n5AK&ms=au&mv=m&pl=16&mm=31&mn=sn-4g5edn7l&initcwndbps=3098750&ratebypass=yes&mime=video/mp4&gir=yes&clen=14524639&lmt=1433675471356617&dur=220.687&signature=58FD5D40F374F7FDFC5E14D029554EADB73CA8E1.72B46679F6B82ED091A502520ECFDBD1445D053B&mt=1502308309&key=dg_yt0&ip=131.159.40.117&ipbits=0&expire=1502330052&sparams=ip,ipbits,expire,id,itag,source,requiressl,ei,ms,mv,pl,mm,mn,initcwndbps,ratebypass,mime,gir,clen,lmt,dur", "manifest_url": "https://manifest.googlevideo.com/api/manifest/dash/requiressl/yes/signature/1135337E51EEF2C91A995903C0626D488C104A80.3472551F44A4A0325F714A79D659649926DF6528/itag/0/as/fmp4_audio_clear%2Cfmp4_sd_hd_clear/id/3a24b9ae578af85d/ei/ZGiLWaSaNMHcWZL7n5AK/ms/au/mt/1502308309/expire/1502330052/mv/m/pl/16/sparams/as%2Cei%2Chfr%2Cid%2Cinitcwndbps%2Cip%2Cipbits%2Citag%2Cmm%2Cmn%2Cms%2Cmv%2Cpl%2Cplayback_host%2Crequiressl%2Csource%2Cexpire/playback_host/r5---sn-4g5edn7l.googlevideo.com/hfr/1/mm/31/mn/sn-4g5edn7l/ipbits/0/source/youtube/ip/131.159.40.117/key/yt6/initcwndbps/3098750", "width": 854, "tbr": 758.921, "asr": null, "fps": 30, "language": null, "filesize": 14524639, "acodec": "none", "format": "135 - 854x480 (DASH video)", "protocol": "https", "http_headers": {"User-Agent": "Mozilla/5.0 (X11; Linux x86_64; rv:10.0) Gecko/20150101 Firefox/47.0 (Chrome)", "Accept-Charset": "ISO-8859-1,utf-8;q=0.7,*;q=0.7", "Accept": "text/html,application/xhtml+xml,application/xml;q=0.9,*/*;q=0.8", "Accept-Encoding": "gzip, deflate", "Accept-Language": "en-us,en;q=0.5"}}, {"ext": "mp4", "height": 720, "format_note": "DASH video", "vcodec": "avc1.4d401f", "format_id": "136", "url": "https://r5---sn-4g5edn7l.googlevideo.com/videoplayback?id=3a24b9ae578af85d&itag=136&source=youtube&requiressl=yes&ei=ZGiLWaSaNMHcWZL7n5AK&ms=au&mv=m&pl=16&mm=31&mn=sn-4g5edn7l&initcwndbps=3098750&ratebypass=yes&mime=video/mp4&gir=yes&clen=28360369&lmt=1433675526507269&dur=220.687&signature=4CA830E884779863B5E1ED7E9B0E2B6BF498A0D0.6504425CA8D7AAD02BD4DC9CFC38957F5F40CB4F&mt=1502308309&key=dg_yt0&ip=131.159.40.117&ipbits=0&expire=1502330052&sparams=ip,ipbits,expire,id,itag,source,requiressl,ei,ms,mv,pl,mm,mn,initcwndbps,ratebypass,mime,gir,clen,lmt,dur", "manifest_url": "https://manifest.googlevideo.com/api/manifest/dash/requiressl/yes/signature/1135337E51EEF2C91A995903C0626D488C104A80.3472551F44A4A0325F714A79D659649926DF6528/itag/0/as/fmp4_audio_clear%2Cfmp4_sd_hd_clear/id/3a24b9ae578af85d/ei/ZGiLWaSaNMHcWZL7n5AK/ms/au/mt/1502308309/expire/1502330052/mv/m/pl/16/sparams/as%2Cei%2Chfr%2Cid%2Cinitcwndbps%2Cip%2Cipbits%2Citag%2Cmm%2Cmn%2Cms%2Cmv%2Cpl%2Cplayback_host%2Crequiressl%2Csource%2Cexpire/playback_host/r5---sn-4g5edn7l.googlevideo.com/hfr/1/mm/31/mn/sn-4g5edn7l/ipbits/0/source/youtube/ip/131.159.40.117/key/yt6/initcwndbps/3098750", "width": 1280, "tbr": 1536.329, "asr": null, "fps": 30, "language": null, "filesize": 28360369, "acodec": "none", "format": "136 - 1280x720 (DASH video)", "protocol": "https", "http_headers": {"User-Agent": "Mozilla/5.0 (X11; Linux x86_64; rv:10.0) Gecko/20150101 Firefox/47.0 (Chrome)", "Accept-Charset": "ISO-8859-1,utf-8;q=0.7,*;q=0.7", "Accept": "text/html,application/xhtml+xml,application/xml;q=0.9,*/*;q=0.8", "Accept-Encoding": "gzip, deflate", "Accept-Language": "en-us,en;q=0.5"}}, {"format_id": "17", "url": "https://r5---sn-4g5e6n7d.googlevideo.com/videoplayback?lmt=1386952172938419&dur=221.053&pl=16&source=youtube&ms=au&id=o-AFNU0XWqOcknwoEyhpX6j6pAwXxx_n_P5phwBMiF0v5k&ei=ZGiLWf3WFc-yWcbOjeAL&mv=m&mt=1502308309&gir=yes&mn=sn-4g5e6n7d&signature=8CA7C98E125F38AFF0CEBDB5D1774B7C34BCD010.6568B514C79BB06C46808FF708A61F4F1CB623DF&sparams=clen%2Cdur%2Cei%2Cgir%2Cid%2Cinitcwndbps%2Cip%2Cipbits%2Citag%2Clmt%2Cmime%2Cmm%2Cmn%2Cms%2Cmv%2Cpl%2Crequiressl%2Csource%2Cexpire&ip=131.159.40.117&key=yt6&mm=31&itag=17&expire=1502330052&ipbits=0&requiressl=yes&clen=2272883&mime=video%2F3gpp&initcwndbps=3098750&ratebypass=yes", "player_url": null, "ext": "3gp", "width": 176, "height": 144, "acodec": "mp4a.40.2", "abr": 24, "vcodec": "mp4v.20.3", "resolution": "176x144", "format_note": "small", "format": "17 - 176x144 (small)", "protocol": "https", "http_headers": {"User-Agent": "Mozilla/5.0 (X11; Linux x86_64; rv:10.0) Gecko/20150101 Firefox/47.0 (Chrome)", "Accept-Charset": "ISO-8859-1,utf-8;q=0.7,*;q=0.7", "Accept": "text/html,application/xhtml+xml,application/xml;q=0.9,*/*;q=0.8", "Accept-Encoding": "gzip, deflate", "Accept-Language": "en-us,en;q=0.5"}}, {"format_id": "36", "url": "https://r5---sn-4g5e6n7d.googlevideo.com/videoplayback?lmt=1428968224965959&dur=220.868&pl=16&source=youtube&ms=au&id=o-AFNU0XWqOcknwoEyhpX6j6pAwXxx_n_P5phwBMiF0v5k&ei=ZGiLWf3WFc-yWcbOjeAL&mv=m&mt=1502308309&gir=yes&mn=sn-4g5e6n7d&signature=E38EE50D097D9BB71E48E121BB48F178547BABAC.8C0E4F38573826DAA94134ADC17EBFE4C2338BD1&sparams=clen%2Cdur%2Cei%2Cgir%2Cid%2Cinitcwndbps%2Cip%2Cipbits%2Citag%2Clmt%2Cmime%2Cmm%2Cmn%2Cms%2Cmv%2Cpl%2Crequiressl%2Csource%2Cexpire&ip=131.159.40.117&key=yt6&mm=31&itag=36&expire=1502330052&ipbits=0&requiressl=yes&clen=6265636&mime=video%2F3gpp&initcwndbps=3098750&ratebypass=yes", "player_url": null, "ext": "3gp", "width": 320, "acodec": "mp4a.40.2", "vcodec": "mp4v.20.3", "resolution": "320x180", "height": 180, "format_note": "small", "format": "36 - 320x180 (small)", "protocol": "https", "http_headers": {"User-Agent": "Mozilla/5.0 (X11; Linux x86_64; rv:10.0) Gecko/20150101 Firefox/47.0 (Chrome)", "Accept-Charset": "ISO-8859-1,utf-8;q=0.7,*;q=0.7", "Accept": "text/html,application/xhtml+xml,application/xml;q=0.9,*/*;q=0.8", "Accept-Encoding": "gzip, deflate", "Accept-Language": "en-us,en;q=0.5"}}, {"format_id": "43", "url": "https://r5---sn-4g5e6n7d.googlevideo.com/videoplayback?dur=0.000&pl=16&source=youtube&ms=au&id=o-AFNU0XWqOcknwoEyhpX6j6pAwXxx_n_P5phwBMiF0v5k&ei=ZGiLWf3WFc-yWcbOjeAL&mv=m&mt=1502308309&gir=yes&sparams=clen%2Cdur%2Cei%2Cgir%2Cid%2Cinitcwndbps%2Cip%2Cipbits%2Citag%2Clmt%2Cmime%2Cmm%2Cmn%2Cms%2Cmv%2Cpl%2Cratebypass%2Crequiressl%2Csource%2Cexpire&mn=sn-4g5e6n7d&signature=C1FE1A310634FA9FEBBF8DB3C5ADE278C2631234.288537446C68CA69E368D54811DCB5944C05D471&mm=31&ip=131.159.40.117&key=yt6&lmt=1323239070861650&itag=43&expire=1502330052&ipbits=0&ratebypass=yes&requiressl=yes&clen=16122329&mime=video%2Fwebm&initcwndbps=3098750", "player_url": null, "ext": "webm", "width": 640, "height": 360, "acodec": "vorbis", "abr": 128, "vcodec": "vp8.0", "resolution": "640x360", "format_note": "medium", "format": "43 - 640x360 (medium)", "protocol": "https", "http_headers": {"User-Agent": "Mozilla/5.0 (X11; Linux x86_64; rv:10.0) Gecko/20150101 Firefox/47.0 (Chrome)", "Accept-Charset": "ISO-8859-1,utf-8;q=0.7,*;q=0.7", "Accept": "text/html,application/xhtml+xml,application/xml;q=0.9,*/*;q=0.8", "Accept-Encoding": "gzip, deflate", "Accept-Language": "en-us,en;q=0.5"}}, {"format_id": "18", "url": "https://r5---sn-4g5e6n7d.googlevideo.com/videoplayback?dur=220.752&pl=16&source=youtube&ms=au&id=o-AFNU0XWqOcknwoEyhpX6j6pAwXxx_n_P5phwBMiF0v5k&ei=ZGiLWf3WFc-yWcbOjeAL&mv=m&mt=1502308309&gir=yes&sparams=clen%2Cdur%2Cei%2Cgir%2Cid%2Cinitcwndbps%2Cip%2Cipbits%2Citag%2Clmt%2Cmime%2Cmm%2Cmn%2Cms%2Cmv%2Cpl%2Cratebypass%2Crequiressl%2Csource%2Cexpire&mn=sn-4g5e6n7d&signature=A0457A320151D8B23223A1060F9719C33FEF8484.A304384E55A9BFA17DC3A07A2D4C29420C8796CA&mm=31&ip=131.159.40.117&key=yt6&lmt=1433675454377737&itag=18&expire=1502330052&ipbits=0&ratebypass=yes&requiressl=yes&clen=12335703&mime=video%2Fmp4&initcwndbps=3098750", "player_url": null, "ext": "mp4", "width": 640, "height": 360, "acodec": "mp4a.40.2", "abr": 96, "vcodec": "avc1.42001E", "resolution": "640x360", "format_note": "medium", "format": "18 - 640x360 (medium)", "protocol": "https", "http_headers": {"User-Agent": "Mozilla/5.0 (X11; Linux x86_64; rv:10.0) Gecko/20150101 Firefox/47.0 (Chrome)", "Accept-Charset": "ISO-8859-1,utf-8;q=0.7,*;q=0.7", "Accept": "text/html,application/xhtml+xml,application/xml;q=0.9,*/*;q=0.8", "Accept-Encoding": "gzip, deflate", "Accept-Language": "en-us,en;q=0.5"}}, {"format_id": "22", "url": "https://r5---sn-4g5e6n7d.googlevideo.com/videoplayback?expire=1502330052&lmt=1471197861496688&dur=220.752&pl=16&source=youtube&ms=au&id=o-AFNU0XWqOcknwoEyhpX6j6pAwXxx_n_P5phwBMiF0v5k&ei=ZGiLWf3WFc-yWcbOjeAL&mv=m&mt=1502308309&ipbits=0&ratebypass=yes&mn=sn-4g5e6n7d&signature=1C45CF08B68913DF8408A62A30ABFA08FDAD2287.8CB5D7AE104EFF8CEFE66BED5B07A46CA3F56195&sparams=dur%2Cei%2Cid%2Cinitcwndbps%2Cip%2Cipbits%2Citag%2Clmt%2Cmime%2Cmm%2Cmn%2Cms%2Cmv%2Cpl%2Cratebypass%2Crequiressl%2Csource%2Cexpire&requiressl=yes&ip=131.159.40.117&key=yt6&mm=31&itag=22&initcwndbps=3098750&mime=video%2Fmp4", "player_url": null, "ext": "mp4", "width": 1280, "height": 720, "acodec": "mp4a.40.2", "abr": 192, "vcodec": "avc1.64001F", "resolution": "1280x720", "format_note": "hd720", "format": "22 - 1280x720 (hd720)", "protocol": "https", "http_headers": {"User-Agent": "Mozilla/5.0 (X11; Linux x86_64; rv:10.0) Gecko/20150101 Firefox/47.0 (Chrome)", "Accept-Charset": "ISO-8859-1,utf-8;q=0.7,*;q=0.7", "Accept": "text/html,application/xhtml+xml,application/xml;q=0.9,*/*;q=0.8", "Accept-Encoding": "gzip, deflate", "Accept-Language": "en-us,en;q=0.5"}}], "is_live": null, "start_time": null, "end_time": null, "series": null, "season_number": null, "episode_number": null, "extractor": "youtube", "webpage_url_basename": "OiS5rleK-F0", "extractor_key": "Youtube", "playlist": null, "playlist_index": null, "thumbnails": [{"url": "https://i.ytimg.com/vi/OiS5rleK-F0/maxresdefault.jpg", "id": "0"}], "display_id": "OiS5rleK-F0", "ext": "mp4", "height": 720, "format_note": "DASH video", "vcodec": "avc1.4d401f", "format_id": "136", "url": "https://r5---sn-4g5edn7l.googlevideo.com/videoplayback?id=3a24b9ae578af85d&itag=136&source=youtube&requiressl=yes&ei=ZGiLWaSaNMHcWZL7n5AK&ms=au&mv=m&pl=16&mm=31&mn=sn-4g5edn7l&initcwndbps=3098750&ratebypass=yes&mime=video/mp4&gir=yes&clen=28360369&lmt=1433675526507269&dur=220.687&signature=4CA830E884779863B5E1ED7E9B0E2B6BF498A0D0.6504425CA8D7AAD02BD4DC9CFC38957F5F40CB4F&mt=1502308309&key=dg_yt0&ip=131.159.40.117&ipbits=0&expire=1502330052&sparams=ip,ipbits,expire,id,itag,source,requiressl,ei,ms,mv,pl,mm,mn,initcwndbps,ratebypass,mime,gir,clen,lmt,dur", "manifest_url": "https://manifest.googlevideo.com/api/manifest/dash/requiressl/yes/signature/1135337E51EEF2C91A995903C0626D488C104A80.3472551F44A4A0325F714A79D659649926DF6528/itag/0/as/fmp4_audio_clear%2Cfmp4_sd_hd_clear/id/3a24b9ae578af85d/ei/ZGiLWaSaNMHcWZL7n5AK/ms/au/mt/1502308309/expire/1502330052/mv/m/pl/16/sparams/as%2Cei%2Chfr%2Cid%2Cinitcwndbps%2Cip%2Cipbits%2Citag%2Cmm%2Cmn%2Cms%2Cmv%2Cpl%2Cplayback_host%2Crequiressl%2Csource%2Cexpire/playback_host/r5---sn-4g5edn7l.googlevideo.com/hfr/1/mm/31/mn/sn-4g5edn7l/ipbits/0/source/youtube/ip/131.159.40.117/key/yt6/initcwndbps/3098750", "width": 1280, "tbr": 1536.329, "asr": null, "fps": 30, "language": null, "filesize": 28360369, "acodec": "none", "format": "136 - 1280x720 (DASH video)", "protocol": "https", "http_headers": {"User-Agent": "Mozilla/5.0 (X11; Linux x86_64; rv:10.0) Gecko/20150101 Firefox/47.0 (Chrome)", "Accept-Charset": "ISO-8859-1,utf-8;q=0.7,*;q=0.7", "Accept": "text/html,application/xhtml+xml,application/xml;q=0.9,*/*;q=0.8", "Accept-Encoding": "gzip, deflate", "Accept-Language": "en-us,en;q=0.5"}, "fulltitle": "Nasa's Biggest find yet? Earth's Twin Discovered?", "_filename": "OiS5rleK-F0.mp4"}