{"id": "zc_QA9odRII", "uploader": "1TV Kabul \u062a\u0644\u0648\u06cc\u0632\u06cc\u0648\u0646 \u06cc\u06a9", "uploader_id": "1TVKabul", "uploader_url": "http://www.youtube.com/user/1TVKabul", "upload_date": "20140221", "license": "Standard YouTube License", "creator": null, "title": "1TV Farsi Short News 11:00 AM 21.2.2014 \u062e\u0628\u0631\u0647\u0627\u06cc \u0641\u0627\u0631\u0633\u06cc", "alt_title": null, "thumbnail": "https://i.ytimg.com/vi/zc_QA9odRII/hqdefault.jpg", "description": "\u062e\u0628\u0631\u0647\u0627\u06cc \u0641\u0627\u0631\u0633\u06cc \u0633\u0631 \u0633\u0627\u0639\u062a 11:00 \u062c\u0645\u0639\u0647 2 \u062d\u0648\u062a \u0633\u0627\u0644 1392 \u062e\u0648\u0631\u0634\u06cc\u062f\u06cc", "categories": ["News & Politics"], "tags": ["Kabul", "1tv", "1 tv", "1tv media", "channel 1", "entertainment", "afghan music", "afghan show", "afghani show", "Dari"], "subtitles": {}, "automatic_captions": {}, "duration": 261, "age_limit": 0, "annotations": null, "chapters": [{"start_time": 660.0, "end_time": 261, "title": "\u062e\u0628\u0631\u0647\u0627\u06cc \u0641\u0627\u0631\u0633\u06cc \u0633\u0631 \u0633\u0627\u0639\u062a \u062c\u0645\u0639\u0647 2 \u062d\u0648\u062a \u0633\u0627\u0644 1392 \u062e\u0648\u0631\u0634\u06cc\u062f\u06cc"}], "webpage_url": "https://www.youtube.com/watch?v=zc_QA9odRII", "view_count": 1307, "like_count": 1, "dislike_count": 1, "average_rating": 3.0, "formats": [{"ext": "m4a", "format_note": "DASH audio", "acodec": "mp4a.40.5", "abr": 48, "container": "m4a_dash", "format_id": "139", "url": "https://r6---sn-4g5e6n7d.googlevideo.com/videoplayback?id=cdcfd003da1d4482&itag=139&source=youtube&requiressl=yes&mn=sn-4g5e6n7d&pl=16&mm=31&mv=m&ei=fsuKWZC1B4KDcdaQvagG&initcwndbps=4532500&ms=au&ratebypass=yes&mime=audio/mp4&gir=yes&clen=1553845&lmt=1393154323032430&dur=261.178&mt=1502268099&key=dg_yt0&signature=159BFFDD4C0F4207C71FBDE65B4283A5A83AC6B2.03E1661FAF0ED1C388075CE6FB4E81475DC40572&ip=131.159.40.117&ipbits=0&expire=1502289886&sparams=ip,ipbits,expire,id,itag,source,requiressl,mn,pl,mm,mv,ei,initcwndbps,ms,ratebypass,mime,gir,clen,lmt,dur", "manifest_url": "https://manifest.googlevideo.com/api/manifest/dash/requiressl/yes/as/fmp4_audio_clear%2Cfmp4_sd_hd_clear/id/cdcfd003da1d4482/mn/sn-4g5e6n7d/pl/16/playback_host/r6---sn-4g5e6n7d.googlevideo.com/mm/31/mv/m/ei/fsuKWZC1B4KDcdaQvagG/ip/131.159.40.117/initcwndbps/4532500/sparams/as%2Cei%2Chfr%2Cid%2Cinitcwndbps%2Cip%2Cipbits%2Citag%2Cmm%2Cmn%2Cms%2Cmv%2Cpl%2Cplayback_host%2Crequiressl%2Csource%2Cexpire/mt/1502268099/itag/0/key/yt6/source/youtube/ms/au/expire/1502289886/hfr/1/signature/301BB7C2F8369FF92764316CD561F38D2404581E.DCB89C122DA4FF97C335DF5EEC99A45A74184406/ipbits/0", "width": null, "height": null, "tbr": 48.523, "asr": 22050, "fps": null, "language": null, "filesize": 1553845, "vcodec": "none", "format": "139 - audio only (DASH audio)", "protocol": "https", "http_headers": {"User-Agent": "Mozilla/5.0 (X11; Linux x86_64; rv:10.0) Gecko/20150101 Firefox/47.0 (Chrome)", "Accept-Charset": "ISO-8859-1,utf-8;q=0.7,*;q=0.7", "Accept": "text/html,application/xhtml+xml,application/xml;q=0.9,*/*;q=0.8", "Accept-Encoding": "gzip, deflate", "Accept-Language": "en-us,en;q=0.5"}}, {"ext": "m4a", "format_note": "DASH audio", "acodec": "mp4a.40.2", "abr": 128, "container": "m4a_dash", "format_id": "140", "url": "https://r6---sn-4g5e6n7d.googlevideo.com/videoplayback?id=cdcfd003da1d4482&itag=140&source=youtube&requiressl=yes&mn=sn-4g5e6n7d&pl=16&mm=31&mv=m&ei=fsuKWZC1B4KDcdaQvagG&initcwndbps=4532500&ms=au&ratebypass=yes&mime=audio/mp4&gir=yes&clen=4147647&lmt=1393154315770769&dur=261.108&mt=1502268099&key=dg_yt0&signature=20B28C94A804C48D1824D9DB2946E7A9ED5F9FD6.9253EAF0C62BFCD5BA211FC40A969EE700E1A324&ip=131.159.40.117&ipbits=0&expire=1502289886&sparams=ip,ipbits,expire,id,itag,source,requiressl,mn,pl,mm,mv,ei,initcwndbps,ms,ratebypass,mime,gir,clen,lmt,dur", "manifest_url": "https://manifest.googlevideo.com/api/manifest/dash/requiressl/yes/as/fmp4_audio_clear%2Cfmp4_sd_hd_clear/id/cdcfd003da1d4482/mn/sn-4g5e6n7d/pl/16/playback_host/r6---sn-4g5e6n7d.googlevideo.com/mm/31/mv/m/ei/fsuKWZC1B4KDcdaQvagG/ip/131.159.40.117/initcwndbps/4532500/sparams/as%2Cei%2Chfr%2Cid%2Cinitcwndbps%2Cip%2Cipbits%2Citag%2Cmm%2Cmn%2Cms%2Cmv%2Cpl%2Cplayback_host%2Crequiressl%2Csource%2Cexpire/mt/1502268099/itag/0/key/yt6/source/youtube/ms/au/expire/1502289886/hfr/1/signature/301BB7C2F8369FF92764316CD561F38D2404581E.DCB89C122DA4FF97C335DF5EEC99A45A74184406/ipbits/0", "width": null, "height": null, "tbr": 128.101, "asr": 44100, "fps": null, "language": null, "filesize": 4147647, "vcodec": "none", "format": "140 - audio only (DASH audio)", "protocol": "https", "http_headers": {"User-Agent": "Mozilla/5.0 (X11; Linux x86_64; rv:10.0) Gecko/20150101 Firefox/47.0 (Chrome)", "Accept-Charset": "ISO-8859-1,utf-8;q=0.7,*;q=0.7", "Accept": "text/html,application/xhtml+xml,application/xml;q=0.9,*/*;q=0.8", "Accept-Encoding": "gzip, deflate", "Accept-Language": "en-us,en;q=0.5"}}, {"ext": "mp4", "height": 144, "format_note": "DASH video", "vcodec": "avc1.4d400c", "format_id": "160", "url": "https://r6---sn-4g5e6n7d.googlevideo.com/videoplayback?id=cdcfd003da1d4482&itag=160&source=youtube&requiressl=yes&mn=sn-4g5e6n7d&pl=16&mm=31&mv=m&ei=fsuKWZC1B4KDcdaQvagG&initcwndbps=4532500&ms=au&ratebypass=yes&mime=video/mp4&gir=yes&clen=3652945&lmt=1393154474921959&dur=261.001&mt=1502268099&key=dg_yt0&signature=5068D4C15138407F36FC2F68EF62D9663F0A0024.393296D5B459316BA520A88304D6648842F27C35&ip=131.159.40.117&ipbits=0&expire=1502289886&sparams=ip,ipbits,expire,id,itag,source,requiressl,mn,pl,mm,mv,ei,initcwndbps,ms,ratebypass,mime,gir,clen,lmt,dur", "manifest_url": "https://manifest.googlevideo.com/api/manifest/dash/requiressl/yes/as/fmp4_audio_clear%2Cfmp4_sd_hd_clear/id/cdcfd003da1d4482/mn/sn-4g5e6n7d/pl/16/playback_host/r6---sn-4g5e6n7d.googlevideo.com/mm/31/mv/m/ei/fsuKWZC1B4KDcdaQvagG/ip/131.159.40.117/initcwndbps/4532500/sparams/as%2Cei%2Chfr%2Cid%2Cinitcwndbps%2Cip%2Cipbits%2Citag%2Cmm%2Cmn%2Cms%2Cmv%2Cpl%2Cplayback_host%2Crequiressl%2Csource%2Cexpire/mt/1502268099/itag/0/key/yt6/source/youtube/ms/au/expire/1502289886/hfr/1/signature/301BB7C2F8369FF92764316CD561F38D2404581E.DCB89C122DA4FF97C335DF5EEC99A45A74184406/ipbits/0", "width": 192, "tbr": 117.659, "asr": null, "fps": 15, "language": null, "filesize": 3652945, "acodec": "none", "format": "160 - 192x144 (DASH video)", "protocol": "https", "http_headers": {"User-Agent": "Mozilla/5.0 (X11; Linux x86_64; rv:10.0) Gecko/20150101 Firefox/47.0 (Chrome)", "Accept-Charset": "ISO-8859-1,utf-8;q=0.7,*;q=0.7", "Accept": "text/html,application/xhtml+xml,application/xml;q=0.9,*/*;q=0.8", "Accept-Encoding": "gzip, deflate", "Accept-Language": "en-us,en;q=0.5"}}, {"ext": "mp4", "height": 240, "format_note": "DASH video", "vcodec": "avc1.4d400d", "format_id": "133", "url": "https://r6---sn-4g5e6n7d.googlevideo.com/videoplayback?id=cdcfd003da1d4482&itag=133&source=youtube&requiressl=yes&mn=sn-4g5e6n7d&pl=16&mm=31&mv=m&ei=fsuKWZC1B4KDcdaQvagG&initcwndbps=4532500&ms=au&ratebypass=yes&mime=video/mp4&gir=yes&clen=8099448&lmt=1393154467216818&dur=261.001&mt=1502268099&key=dg_yt0&signature=4D6DB0EBC905037D1651CB63B5E64BF13C903057.808F84FFA6953AB80DF8F4A7535F5A8D4E78A8B5&ip=131.159.40.117&ipbits=0&expire=1502289886&sparams=ip,ipbits,expire,id,itag,source,requiressl,mn,pl,mm,mv,ei,initcwndbps,ms,ratebypass,mime,gir,clen,lmt,dur", "manifest_url": "https://manifest.googlevideo.com/api/manifest/dash/requiressl/yes/as/fmp4_audio_clear%2Cfmp4_sd_hd_clear/id/cdcfd003da1d4482/mn/sn-4g5e6n7d/pl/16/playback_host/r6---sn-4g5e6n7d.googlevideo.com/mm/31/mv/m/ei/fsuKWZC1B4KDcdaQvagG/ip/131.159.40.117/initcwndbps/4532500/sparams/as%2Cei%2Chfr%2Cid%2Cinitcwndbps%2Cip%2Cipbits%2Citag%2Cmm%2Cmn%2Cms%2Cmv%2Cpl%2Cplayback_host%2Crequiressl%2Csource%2Cexpire/mt/1502268099/itag/0/key/yt6/source/youtube/ms/au/expire/1502289886/hfr/1/signature/301BB7C2F8369FF92764316CD561F38D2404581E.DCB89C122DA4FF97C335DF5EEC99A45A74184406/ipbits/0", "width": 320, "tbr": 256.943, "asr": null, "fps": 25, "language": null, "filesize": 8099448, "acodec": "none", "format": "133 - 320x240 (DASH video)", "protocol": "https", "http_headers": {"User-Agent": "Mozilla/5.0 (X11; Linux x86_64; rv:10.0) Gecko/20150101 Firefox/47.0 (Chrome)", "Accept-Charset": "ISO-8859-1,utf-8;q=0.7,*;q=0.7", "Accept": "text/html,application/xhtml+xml,application/xml;q=0.9,*/*;q=0.8", "Accept-Encoding": "gzip, deflate", "Accept-Language": "en-us,en;q=0.5"}}, {"ext": "mp4", "height": 360, "format_note": "DASH video", "vcodec": "avc1.4d4015", "format_id": "134", "url": "https://r6---sn-4g5e6n7d.googlevideo.com/videoplayback?id=cdcfd003da1d4482&itag=134&source=youtube&requiressl=yes&mn=sn-4g5e6n7d&pl=16&mm=31&mv=m&ei=fsuKWZC1B4KDcdaQvagG&initcwndbps=4532500&ms=au&ratebypass=yes&mime=video/mp4&gir=yes&clen=8561970&lmt=1393154464196939&dur=261.001&mt=1502268099&key=dg_yt0&signature=66549695F2BA13F2CC8E91C611E1BFE8C434BFE7.B339CD36CBA0A42E881872C7333D8075D9256F&ip=131.159.40.117&ipbits=0&expire=1502289886&sparams=ip,ipbits,expire,id,itag,source,requiressl,mn,pl,mm,mv,ei,initcwndbps,ms,ratebypass,mime,gir,clen,lmt,dur", "manifest_url": "https://manifest.googlevideo.com/api/manifest/dash/requiressl/yes/as/fmp4_audio_clear%2Cfmp4_sd_hd_clear/id/cdcfd003da1d4482/mn/sn-4g5e6n7d/pl/16/playback_host/r6---sn-4g5e6n7d.googlevideo.com/mm/31/mv/m/ei/fsuKWZC1B4KDcdaQvagG/ip/131.159.40.117/initcwndbps/4532500/sparams/as%2Cei%2Chfr%2Cid%2Cinitcwndbps%2Cip%2Cipbits%2Citag%2Cmm%2Cmn%2Cms%2Cmv%2Cpl%2Cplayback_host%2Crequiressl%2Csource%2Cexpire/mt/1502268099/itag/0/key/yt6/source/youtube/ms/au/expire/1502289886/hfr/1/signature/301BB7C2F8369FF92764316CD561F38D2404581E.DCB89C122DA4FF97C335DF5EEC99A45A74184406/ipbits/0", "width": 480, "tbr": 411.869, "asr": null, "fps": 25, "language": null, "filesize": 8561970, "acodec": "none", "format": "134 - 480x360 (DASH video)", "protocol": "https", "http_headers": {"User-Agent": "Mozilla/5.0 (X11; Linux x86_64; rv:10.0) Gecko/20150101 Firefox/47.0 (Chrome)", "Accept-Charset": "ISO-8859-1,utf-8;q=0.7,*;q=0.7", "Accept": "text/html,application/xhtml+xml,application/xml;q=0.9,*/*;q=0.8", "Accept-Encoding": "gzip, deflate", "Accept-Language": "en-us,en;q=0.5"}}, {"ext": "mp4", "height": 480, "format_note": "DASH video", "vcodec": "avc1.4d401e", "format_id": "135", "url": "https://r6---sn-4g5e6n7d.googlevideo.com/videoplayback?id=cdcfd003da1d4482&itag=135&source=youtube&requiressl=yes&mn=sn-4g5e6n7d&pl=16&mm=31&mv=m&ei=fsuKWZC1B4KDcdaQvagG&initcwndbps=4532500&ms=au&ratebypass=yes&mime=video/mp4&gir=yes&clen=17942821&lmt=1393154472300307&dur=261.001&mt=1502268099&key=dg_yt0&signature=90201E92CF6FA3933AAF3B133AB3BA8914BDE9A4.1D19CD5015529A2BF5E0346405ABA00E477DE8A6&ip=131.159.40.117&ipbits=0&expire=1502289886&sparams=ip,ipbits,expire,id,itag,source,requiressl,mn,pl,mm,mv,ei,initcwndbps,ms,ratebypass,mime,gir,clen,lmt,dur", "manifest_url": "https://manifest.googlevideo.com/api/manifest/dash/requiressl/yes/as/fmp4_audio_clear%2Cfmp4_sd_hd_clear/id/cdcfd003da1d4482/mn/sn-4g5e6n7d/pl/16/playback_host/r6---sn-4g5e6n7d.googlevideo.com/mm/31/mv/m/ei/fsuKWZC1B4KDcdaQvagG/ip/131.159.40.117/initcwndbps/4532500/sparams/as%2Cei%2Chfr%2Cid%2Cinitcwndbps%2Cip%2Cipbits%2Citag%2Cmm%2Cmn%2Cms%2Cmv%2Cpl%2Cplayback_host%2Crequiressl%2Csource%2Cexpire/mt/1502268099/itag/0/key/yt6/source/youtube/ms/au/expire/1502289886/hfr/1/signature/301BB7C2F8369FF92764316CD561F38D2404581E.DCB89C122DA4FF97C335DF5EEC99A45A74184406/ipbits/0", "width": 640, "tbr": 1018.902, "asr": null, "fps": 25, "language": null, "filesize": 17942821, "acodec": "none", "format": "135 - 640x480 (DASH video)", "protocol": "https", "http_headers": {"User-Agent": "Mozilla/5.0 (X11; Linux x86_64; rv:10.0) Gecko/20150101 Firefox/47.0 (Chrome)", "Accept-Charset": "ISO-8859-1,utf-8;q=0.7,*;q=0.7", "Accept": "text/html,application/xhtml+xml,application/xml;q=0.9,*/*;q=0.8", "Accept-Encoding": "gzip, deflate", "Accept-Language": "en-us,en;q=0.5"}}, {"format_id": "17", "url": "https://r6---sn-4g5e6n7d.googlevideo.com/videoplayback?sparams=clen%2Cdur%2Cei%2Cgir%2Cid%2Cinitcwndbps%2Cip%2Cipbits%2Citag%2Clmt%2Cmime%2Cmm%2Cmn%2Cms%2Cmv%2Cpcm2%2Cpl%2Crequiressl%2Csource%2Cexpire&source=youtube&clen=2714096&pcm2=yes&signature=7D0B068EB24215A80FF438D3F487E6BAD14B167D.BF62D106E3F929502ABAEEB7357987DFF9EC678E&lmt=1393154383861629&key=yt6&itag=17&ipbits=0&mn=sn-4g5e6n7d&mm=31&pl=16&mime=video%2F3gpp&id=o-AJaKPYQnh3UYHLsLkgDUOZSrxm6QL3agbIO0HBhNIArK&gir=yes&mt=1502268099&ms=au&requiressl=yes&ip=131.159.40.117&initcwndbps=4532500&ei=fcuKWfeAIdGucIGYhdAL&mv=m&dur=261.410&expire=1502289885&ratebypass=yes", "player_url": null, "ext": "3gp", "width": 176, "height": 144, "acodec": "mp4a.40.2", "abr": 24, "vcodec": "mp4v.20.3", "resolution": "176x144", "format_note": "small", "format": "17 - 176x144 (small)", "protocol": "https", "http_headers": {"User-Agent": "Mozilla/5.0 (X11; Linux x86_64; rv:10.0) Gecko/20150101 Firefox/47.0 (Chrome)", "Accept-Charset": "ISO-8859-1,utf-8;q=0.7,*;q=0.7", "Accept": "text/html,application/xhtml+xml,application/xml;q=0.9,*/*;q=0.8", "Accept-Encoding": "gzip, deflate", "Accept-Language": "en-us,en;q=0.5"}}, {"format_id": "36", "url": "https://r6---sn-4g5e6n7d.googlevideo.com/videoplayback?sparams=clen%2Cdur%2Cei%2Cgir%2Cid%2Cinitcwndbps%2Cip%2Cipbits%2Citag%2Clmt%2Cmime%2Cmm%2Cmn%2Cms%2Cmv%2Cpcm2%2Cpl%2Crequiressl%2Csource%2Cexpire&source=youtube&clen=7570509&pcm2=yes&signature=752A403E551FD31C2317D531308DBB6331332206.28C41C75B45B35112085C0E92A73377AA5457DA0&lmt=1393154424323057&key=yt6&itag=36&ipbits=0&mn=sn-4g5e6n7d&mm=31&pl=16&mime=video%2F3gpp&id=o-AJaKPYQnh3UYHLsLkgDUOZSrxm6QL3agbIO0HBhNIArK&gir=yes&mt=1502268099&ms=au&requiressl=yes&ip=131.159.40.117&initcwndbps=4532500&ei=fcuKWfeAIdGucIGYhdAL&mv=m&dur=261.224&expire=1502289885&ratebypass=yes", "player_url": null, "ext": "3gp", "width": 320, "acodec": "mp4a.40.2", "vcodec": "mp4v.20.3", "resolution": "320x240", "height": 240, "format_note": "small", "format": "36 - 320x240 (small)", "protocol": "https", "http_headers": {"User-Agent": "Mozilla/5.0 (X11; Linux x86_64; rv:10.0) Gecko/20150101 Firefox/47.0 (Chrome)", "Accept-Charset": "ISO-8859-1,utf-8;q=0.7,*;q=0.7", "Accept": "text/html,application/xhtml+xml,application/xml;q=0.9,*/*;q=0.8", "Accept-Encoding": "gzip, deflate", "Accept-Language": "en-us,en;q=0.5"}}, {"format_id": "18", "url": "https://r6---sn-4g5e6n7d.googlevideo.com/videoplayback?sparams=clen%2Cdur%2Cei%2Cgir%2Cid%2Cinitcwndbps%2Cip%2Cipbits%2Citag%2Clmt%2Cmime%2Cmm%2Cmn%2Cms%2Cmv%2Cpcm2%2Cpl%2Cratebypass%2Crequiressl%2Csource%2Cexpire&source=youtube&clen=12195345&pcm2=yes&signature=CB1B85C94DAD8821936C3CC03051B99A2F20B775.26083D45FE98E8583E2153819D943EF8F65586A2&ratebypass=yes&lmt=1393154504001374&key=yt6&itag=18&ipbits=0&mn=sn-4g5e6n7d&mm=31&pl=16&mime=video%2Fmp4&id=o-AJaKPYQnh3UYHLsLkgDUOZSrxm6QL3agbIO0HBhNIArK&gir=yes&mt=1502268099&ms=au&requiressl=yes&ip=131.159.40.117&initcwndbps=4532500&ei=fcuKWfeAIdGucIGYhdAL&mv=m&dur=261.108&expire=1502289885", "player_url": null, "ext": "mp4", "width": 480, "height": 360, "acodec": "mp4a.40.2", "abr": 96, "vcodec": "avc1.42001E", "resolution": "480x360", "format_note": "medium", "format": "18 - 480x360 (medium)", "protocol": "https", "http_headers": {"User-Agent": "Mozilla/5.0 (X11; Linux x86_64; rv:10.0) Gecko/20150101 Firefox/47.0 (Chrome)", "Accept-Charset": "ISO-8859-1,utf-8;q=0.7,*;q=0.7", "Accept": "text/html,application/xhtml+xml,application/xml;q=0.9,*/*;q=0.8", "Accept-Encoding": "gzip, deflate", "Accept-Language": "en-us,en;q=0.5"}}, {"format_id": "43", "url": "https://r6---sn-4g5e6n7d.googlevideo.com/videoplayback?sparams=clen%2Cdur%2Cei%2Cgir%2Cid%2Cinitcwndbps%2Cip%2Cipbits%2Citag%2Clmt%2Cmime%2Cmm%2Cmn%2Cms%2Cmv%2Cpcm2%2Cpl%2Cratebypass%2Crequiressl%2Csource%2Cexpire&source=youtube&clen=12642851&pcm2=yes&signature=69A29F05D07ED4AE388A09B2A73CA44DDED6D1EA.5FA641B92C12AE03048F71BF00DA68A738237E34&ratebypass=yes&lmt=1392971925632694&key=yt6&itag=43&ipbits=0&mn=sn-4g5e6n7d&mm=31&pl=16&mime=video%2Fwebm&id=o-AJaKPYQnh3UYHLsLkgDUOZSrxm6QL3agbIO0HBhNIArK&gir=yes&mt=1502268099&ms=au&requiressl=yes&ip=131.159.40.117&initcwndbps=4532500&ei=fcuKWfeAIdGucIGYhdAL&mv=m&dur=0.000&expire=1502289885", "player_url": null, "ext": "webm", "width": 640, "height": 360, "acodec": "vorbis", "abr": 128, "vcodec": "vp8.0", "resolution": "640x360", "format_note": "medium", "format": "43 - 640x360 (medium)", "protocol": "https", "http_headers": {"User-Agent": "Mozilla/5.0 (X11; Linux x86_64; rv:10.0) Gecko/20150101 Firefox/47.0 (Chrome)", "Accept-Charset": "ISO-8859-1,utf-8;q=0.7,*;q=0.7", "Accept": "text/html,application/xhtml+xml,application/xml;q=0.9,*/*;q=0.8", "Accept-Encoding": "gzip, deflate", "Accept-Language": "en-us,en;q=0.5"}}], "is_live": null, "start_time": null, "end_time": null, "series": null, "season_number": null, "episode_number": null, "extractor": "youtube", "webpage_url_basename": "zc_QA9odRII", "extractor_key": "Youtube", "playlist": null, "playlist_index": null, "thumbnails": [{"url": "https://i.ytimg.com/vi/zc_QA9odRII/hqdefault.jpg", "id": "0"}], "display_id": "zc_QA9odRII", "ext": "mp4", "height": 480, "format_note": "DASH video", "vcodec": "avc1.4d401e", "format_id": "135", "url": "https://r6---sn-4g5e6n7d.googlevideo.com/videoplayback?id=cdcfd003da1d4482&itag=135&source=youtube&requiressl=yes&mn=sn-4g5e6n7d&pl=16&mm=31&mv=m&ei=fsuKWZC1B4KDcdaQvagG&initcwndbps=4532500&ms=au&ratebypass=yes&mime=video/mp4&gir=yes&clen=17942821&lmt=1393154472300307&dur=261.001&mt=1502268099&key=dg_yt0&signature=90201E92CF6FA3933AAF3B133AB3BA8914BDE9A4.1D19CD5015529A2BF5E0346405ABA00E477DE8A6&ip=131.159.40.117&ipbits=0&expire=1502289886&sparams=ip,ipbits,expire,id,itag,source,requiressl,mn,pl,mm,mv,ei,initcwndbps,ms,ratebypass,mime,gir,clen,lmt,dur", "manifest_url": "https://manifest.googlevideo.com/api/manifest/dash/requiressl/yes/as/fmp4_audio_clear%2Cfmp4_sd_hd_clear/id/cdcfd003da1d4482/mn/sn-4g5e6n7d/pl/16/playback_host/r6---sn-4g5e6n7d.googlevideo.com/mm/31/mv/m/ei/fsuKWZC1B4KDcdaQvagG/ip/131.159.40.117/initcwndbps/4532500/sparams/as%2Cei%2Chfr%2Cid%2Cinitcwndbps%2Cip%2Cipbits%2Citag%2Cmm%2Cmn%2Cms%2Cmv%2Cpl%2Cplayback_host%2Crequiressl%2Csource%2Cexpire/mt/1502268099/itag/0/key/yt6/source/youtube/ms/au/expire/1502289886/hfr/1/signature/301BB7C2F8369FF92764316CD561F38D2404581E.DCB89C122DA4FF97C335DF5EEC99A45A74184406/ipbits/0", "width": 640, "tbr": 1018.902, "asr": null, "fps": 25, "language": null, "filesize": 17942821, "acodec": "none", "format": "135 - 640x480 (DASH video)", "protocol": "https", "http_headers": {"User-Agent": "Mozilla/5.0 (X11; Linux x86_64; rv:10.0) Gecko/20150101 Firefox/47.0 (Chrome)", "Accept-Charset": "ISO-8859-1,utf-8;q=0.7,*;q=0.7", "Accept": "text/html,application/xhtml+xml,application/xml;q=0.9,*/*;q=0.8", "Accept-Encoding": "gzip, deflate", "Accept-Language": "en-us,en;q=0.5"}, "fulltitle": "1TV Farsi Short News 11:00 AM 21.2.2014 \u062e\u0628\u0631\u0647\u0627\u06cc \u0641\u0627\u0631\u0633\u06cc", "_filename": "zc_QA9odRII.mp4"}