{"id": "vOJztGgaiaY", "uploader": "Namsem Bilan", "uploader_id": "namsembilan9", "uploader_url": "http://www.youtube.com/user/namsembilan9", "upload_date": "20150406", "license": "Standard YouTube License", "creator": null, "title": "Tips Awet Muda Dengan Manfaat Daun Jambu Biji - \"Cantik Alami & Awet Muda Anti Keriput\"", "alt_title": null, "thumbnail": "https://i.ytimg.com/vi/vOJztGgaiaY/hqdefault.jpg", "description": "Tips Awet Muda Dengan Manfaat Daun Jambu Biji - \"Cantik Alami & Awet Muda Anti Keriput\" - Daun jambu biji mengandung antioksidan yang menghancurkan radikal bebas yang merusak kulit , sehingga akan melindungi kulit dari penuaan, serta meningkatkan warna kulit dan tekstur\nBahan :\n- 10 Lembar Daun Jambu Biji\n- 2 Gelas Air Putih\nCara Membuat :\n- Rebus Daun Jambu Biji dalam 2 Gelas air\n- Biarkan Sampai Mendidih & Air Tersisa 50 %\n- Saring Air Daun Jambu Biji & Ambil Airnya\nCara Penggunaan : Terapkan pada kulit untuk membasuh muka, Diamkan 10 sampai 15 menit, Kemudian Bilas dengan air, dan lakukan secara teratur setiap hari\n\nCara Alami Mengobati Gangguan \"Kelenjar Getah Bening\" Dengan \"Manfaat Daun Ciplukan\" : http://youtu.be/DI2YLLswaOw\nTips Awet Muda Dengan Manfaat Daun Jambu Biji - \"Cantik Alami & Awet Muda Anti Keriput\" : http://youtu.be/vOJztGgaiaY\n\"Obat Rambut Rontok Herbal\", Cara Ampuh Mengobati Rambut Rontok Dengan \"Manfaat Daun Jambu Biji\" : http://youtu.be/-b6fcafizXE\n\"Obat Kolesterol Herbal\", Cara Alami Mengobati Kolesterol Dengan \"Manfaat Daun Jambu Biji\" : http://youtu.be/xQP9_DD2rKI\n\"Obat Herbal Kulit Gatal\", Cara Mengobati Kulit Gatal Dengan \"Manfaat Daun Jambu Biji\" : http://youtu.be/kfK8GeJfOEg\n\"Obat Herbal\" Penyakit Jantung & Tekanan Darah Dengan Ramuan Alami \"Manfaat Daun Jambu Biji\" : http://youtu.be/7ldRaSfe2K4\n\"Obat Herbal Diare / Mencret\", Cara Alami Mengobati Diare Dengan \"Manfaat Daun Jambu Biji\" : http://youtu.be/hKDMnMd3Qu4\n\"Obat Diabetes Herbal\" - Cara Mengobati Diabetes Dengan Manfaat Daun Jambu Biji : http://youtu.be/XdRjI5oTrjc\nCara Cepat Alami Hilangkan Jerawat & Flek Hitam Di Wajah Dengan Manfaat Daun Jambu Biji : http://youtu.be/k56BPvRB4PI\nObat Sakit Gigi Herbal : Cara Alami Mengobati Sakit Gigi Dengan \"Manfaat Daun Sirih\" : http://youtu.be/YhjCyzCJZSI\nObat Mimisan Herbal : Cara Cepat Alami Mengobati Mimisan Dengan \"Manfaat Daun Sirih\" : http://youtu.be/kddSTjaQ-fQ\nObat Keputihan Herbal : Cara Alami Mengobati Keputihan Dengan \"Manfaat Daun Sirih\" : http://youtu.be/aywlbGLZLo0\nObat Jerawat Herbal : Cara Cepat Alami Menghilangkan Jerawat & Flek Hitam Dengan \"Manfaat Daun Sirih\" : http://youtu.be/OelKWDnEMl8\nObat Diabetes Herbal : Cara Alami Mengobati Diabetes Dengan \"Manfaat Daun Sirih\" : http://youtu.be/HqSrqw0Rg7g\n5 Langkah Mudah Cara Mencegah Penuaan Dini Pada Kulit - \"Tips Rahasia Awet Muda\" : http://youtu.be/bVzwi4cecDs\n\n\"Manfaat Daun Jambu Biji Untuk Kecantikan\"\n\"Hilangkan Penuaan DIni Dengan Daun Jambu Biji\"\n\"15 Hilangkan Penuaan Dini Dengan Cepat\"\n\"Cara Hilangkan Penuaan DIni secara alami\"\n\"Cara Hilangkan Kulit Keriput Secara Alami\"\n\"Cara Hilangkan Penuaan DIni Cepat dan Efektif\"\n\"Obat Awet Muda Herbal\"\n-------------------------------------------------------------------------------------\nHome Whats On ! Beauty\n\"Beauty Center\", \"Klinik Kecantikan\", \"Pusat Kecantikan\",  \"Perawatan Kulit\", \"Cara Merawat Kulit\", \"Cara Memutihkan Kulit\", \"Cara membuat Masker Alami\", \"Cara Memutihkan Kulit\", \"Cara memutihkan Wajah\", \"Cara Alami Merawat Kulit dan Wajah\", \"Kosmetik Herbal Alami\", \"Tips Cantik Alami\", \"Cantik Ala Kaun Sosialita\" \"Kaum Sosialita\" \"Cara Cantik\"\n\"Tips Cantik Natural\", \"Tutorial Kecantikan Alami\", \"Rahasia Kecantikan Artis\", \"Rahasia Awet Muda\", \"Rahasia Wajah Putih\", \"Rahasia Perawatan Kecantikan\", \"Cara Mencerahkan Wajah\", \"Cara  memutihkan Wajah\", \"Cara Canti Alami\" \"Cara MErawat Tubuh\" \"Cara Diet Sehat\" \"Cara Diet Alami\"  \"Tutorial Kecantikan\" \"Rahasia Awet Muda,\" \"Tips Awet Muda\"\n\"Lotion Herbal\" \"Facial Alami\" \"Facial Herbal\" \"Lotion Alami\" \"Cara Tampil Cantik\" \"Obat Herbal\" \"Rahasia Kecantikan Wanita\" \"Wanita Karir\" \"Wanita Cantik\" \"Cara Menghilangkan Jerawat Membandel\" \"Cara Menghilangkan BEkas Jerawat\" \"Cara Menghilangkan Flek Hitam\" \"Cara MEnghilangkan Noda Hitam\" \"Noda Hitam Membandel\" \"Kosmetik Herbal\" \"Total Tips & Trik\"\n\"Perawatan kulit\", \"natural\", \"alami\", \"kulit kering\", \"madu\", \"scrub wajah\", \"sel kulit mati\" \"Obat Awet Muda\" \"Tampil Lebih Muda\" \"Wajah Putih\" \"Agar Wajah Putih\" \"Semir Rambut Alami\" \"Cara Memerahkan Bibir\" \"Cara Membuat Masker Dari Buah Buahan\" \"Cantik Tanpa Noda Hitam\" \"Cara Tampil Cantik\"\n\"Kulit Cantik\" \"Cara Make Up\" \"Cantik Ala Artis\" \"Cantik Dan Sehat\" \"Cara Tampil Cantik Natural\" \"Cantik Sepanjang Hari\" \"Awet Muda\" \"Cara Mengobati Uban\" \"Cara Menghilangkan Uban\" \"Uban Di Rambut\" \"Rambut Beruban\" \"Cara Merawat Rambut\" \"Toner Rambut\"\nMakeup Natural, Tips Dapur, Foto Unik & Lucu, Kisah Inspirasi, Ultah Selebriti, Gaya Selebriti\nButik Kosmetik, Cantik Mempesona, Eyeliner, Kesehatan Mata, Make Up And Cosmetics, Make Up Dan Kosmetik, Make Up Mata, Make Up Tutorial, Make Up Wajah, Makeup Natural\nCream Walet,| Pemutih Badan, | Cream Pemutih Wajah, | Suntik Putih, | Suplemen Pemutih,\n-------------------------------------------------------------------------------------", "categories": ["Howto & Style"], "tags": ["Tips", "Awet", "Muda", "Dengan", "Manfaat", "Daun", "Jambu", "Biji", "Cantik Alami & Awet Muda Anti Keriput", "Obat Herbal", "Manfaat Daun Jambu Biji", "Tips Rahasia Awet Muda", "Obat Kanker", "Eyeliner", "Make Up Mata", "Make Up Tutorial", "Make Up Wajah", "Makeup Natural Cream Walet", "| Pemutih Badan", "| Cream Pemutih Wajah", "| Suntik Putih", "| Suplemen Pemutih", "Anemia (Disease Or Medical Condition)", "Daun Jambu Biji", "Cantik dan sehat"], "subtitles": {}, "automatic_captions": {}, "duration": 187, "age_limit": 0, "annotations": null, "chapters": null, "webpage_url": "https://www.youtube.com/watch?v=vOJztGgaiaY", "view_count": 226325, "like_count": 459, "dislike_count": 85, "average_rating": 4.375, "formats": [{"ext": "m4a", "format_note": "DASH audio", "acodec": "mp4a.40.5", "abr": 48, "container": "m4a_dash", "format_id": "139", "url": "https://r12---sn-4g57knk7.googlevideo.com/videoplayback?id=bce273b4681a89a6&itag=139&source=youtube&requiressl=yes&ei=OuOJWZvZIM2VV_XTh-AP&pl=16&mm=31&initcwndbps=4267500&ms=au&mn=sn-4g57knk7&mv=m&ratebypass=yes&mime=audio/mp4&gir=yes&clen=1118085&lmt=1440832469828741&dur=187.477&mt=1502208714&signature=4C0131814F21125A213338B7E29AFDB7CFA1F1C1.54509A92EE20010867E4FA9A33BBAD62834EEAB9&key=dg_yt0&ip=131.159.40.117&ipbits=0&expire=1502230426&sparams=ip,ipbits,expire,id,itag,source,requiressl,ei,pl,mm,initcwndbps,ms,mn,mv,ratebypass,mime,gir,clen,lmt,dur", "manifest_url": "https://manifest.googlevideo.com/api/manifest/dash/mt/1502208714/ei/OuOJWZvZIM2VV_XTh-AP/requiressl/yes/as/fmp4_audio_clear%2Cfmp4_sd_hd_clear/ip/131.159.40.117/signature/89C66AAEC2DB21BB4309A492502C94B0C7BDD857.C3CD4C8F5A17CE31A7FCB555DB49CB52EA8801A7/pl/16/ipbits/0/mm/31/hfr/1/initcwndbps/4267500/itag/0/ms/au/playback_host/r12---sn-4g57knk7.googlevideo.com/mn/sn-4g57knk7/mv/m/id/bce273b4681a89a6/source/youtube/key/yt6/expire/1502230426/sparams/as%2Cei%2Chfr%2Cid%2Cinitcwndbps%2Cip%2Cipbits%2Citag%2Cmm%2Cmn%2Cms%2Cmv%2Cpl%2Cplayback_host%2Crequiressl%2Csource%2Cexpire", "width": null, "height": null, "tbr": 49.165, "asr": 22050, "fps": null, "language": null, "filesize": 1118085, "vcodec": "none", "format": "139 - audio only (DASH audio)", "protocol": "https", "http_headers": {"User-Agent": "Mozilla/5.0 (X11; Linux x86_64; rv:10.0) Gecko/20150101 Firefox/47.0 (Chrome)", "Accept-Charset": "ISO-8859-1,utf-8;q=0.7,*;q=0.7", "Accept": "text/html,application/xhtml+xml,application/xml;q=0.9,*/*;q=0.8", "Accept-Encoding": "gzip, deflate", "Accept-Language": "en-us,en;q=0.5"}}, {"format_id": "249", "url": "https://r12---sn-4g57knk7.googlevideo.com/videoplayback?dur=187.341&ipbits=0&lmt=1428388493998046&expire=1502230426&signature=61488A86C12C2DE35881E762707186B9EB38F5F5.C373D6DB72CE5B5F01441DE71342E5BDB3B90F07&itag=249&clen=1184157&key=yt6&mime=audio%2Fwebm&gir=yes&keepalive=yes&ei=OeOJWbjMOsOGVuCcr_gB&initcwndbps=4267500&source=youtube&mn=sn-4g57knk7&mm=31&pl=16&id=o-AA72qBLI8l1KQob0YRwaPiup98BQO1ubzRPJIkm404aM&requiressl=yes&ip=131.159.40.117&sparams=clen%2Cdur%2Cei%2Cgir%2Cid%2Cinitcwndbps%2Cip%2Cipbits%2Citag%2Ckeepalive%2Clmt%2Cmime%2Cmm%2Cmn%2Cms%2Cmv%2Cpl%2Crequiressl%2Csource%2Cexpire&mv=m&mt=1502208714&ms=au&ratebypass=yes", "player_url": null, "ext": "webm", "format_note": "DASH audio", "acodec": "opus", "abr": 50, "filesize": 1184157, "tbr": 54.119, "vcodec": "none", "format": "249 - audio only (DASH audio)", "protocol": "https", "http_headers": {"User-Agent": "Mozilla/5.0 (X11; Linux x86_64; rv:10.0) Gecko/20150101 Firefox/47.0 (Chrome)", "Accept-Charset": "ISO-8859-1,utf-8;q=0.7,*;q=0.7", "Accept": "text/html,application/xhtml+xml,application/xml;q=0.9,*/*;q=0.8", "Accept-Encoding": "gzip, deflate", "Accept-Language": "en-us,en;q=0.5"}}, {"format_id": "250", "url": "https://r12---sn-4g57knk7.googlevideo.com/videoplayback?dur=187.341&ipbits=0&lmt=1428388490736368&expire=1502230426&signature=B27A624B8D0098E9EE4D004F449E614E2362BE0C.E40F8461E2A538DB8E31D976EAA14CFB13603559&itag=250&clen=1541645&key=yt6&mime=audio%2Fwebm&gir=yes&keepalive=yes&ei=OeOJWbjMOsOGVuCcr_gB&initcwndbps=4267500&source=youtube&mn=sn-4g57knk7&mm=31&pl=16&id=o-AA72qBLI8l1KQob0YRwaPiup98BQO1ubzRPJIkm404aM&requiressl=yes&ip=131.159.40.117&sparams=clen%2Cdur%2Cei%2Cgir%2Cid%2Cinitcwndbps%2Cip%2Cipbits%2Citag%2Ckeepalive%2Clmt%2Cmime%2Cmm%2Cmn%2Cms%2Cmv%2Cpl%2Crequiressl%2Csource%2Cexpire&mv=m&mt=1502208714&ms=au&ratebypass=yes", "player_url": null, "ext": "webm", "format_note": "DASH audio", "acodec": "opus", "abr": 70, "filesize": 1541645, "tbr": 72.691, "vcodec": "none", "format": "250 - audio only (DASH audio)", "protocol": "https", "http_headers": {"User-Agent": "Mozilla/5.0 (X11; Linux x86_64; rv:10.0) Gecko/20150101 Firefox/47.0 (Chrome)", "Accept-Charset": "ISO-8859-1,utf-8;q=0.7,*;q=0.7", "Accept": "text/html,application/xhtml+xml,application/xml;q=0.9,*/*;q=0.8", "Accept-Encoding": "gzip, deflate", "Accept-Language": "en-us,en;q=0.5"}}, {"ext": "m4a", "format_note": "DASH audio", "acodec": "mp4a.40.2", "abr": 128, "container": "m4a_dash", "format_id": "140", "url": "https://r12---sn-4g57knk7.googlevideo.com/videoplayback?id=bce273b4681a89a6&itag=140&source=youtube&requiressl=yes&ei=OuOJWZvZIM2VV_XTh-AP&pl=16&mm=31&initcwndbps=4267500&ms=au&mn=sn-4g57knk7&mv=m&ratebypass=yes&mime=audio/mp4&gir=yes&clen=2977283&lmt=1440832469678011&dur=187.385&mt=1502208714&signature=2BB7C82B612D45A1F0AD46BA30E58EE6C6B8984C.3390D3E27BB3E61FA5939FA1ED1E1E20190D1FBB&key=dg_yt0&ip=131.159.40.117&ipbits=0&expire=1502230426&sparams=ip,ipbits,expire,id,itag,source,requiressl,ei,pl,mm,initcwndbps,ms,mn,mv,ratebypass,mime,gir,clen,lmt,dur", "manifest_url": "https://manifest.googlevideo.com/api/manifest/dash/mt/1502208714/ei/OuOJWZvZIM2VV_XTh-AP/requiressl/yes/as/fmp4_audio_clear%2Cfmp4_sd_hd_clear/ip/131.159.40.117/signature/89C66AAEC2DB21BB4309A492502C94B0C7BDD857.C3CD4C8F5A17CE31A7FCB555DB49CB52EA8801A7/pl/16/ipbits/0/mm/31/hfr/1/initcwndbps/4267500/itag/0/ms/au/playback_host/r12---sn-4g57knk7.googlevideo.com/mn/sn-4g57knk7/mv/m/id/bce273b4681a89a6/source/youtube/key/yt6/expire/1502230426/sparams/as%2Cei%2Chfr%2Cid%2Cinitcwndbps%2Cip%2Cipbits%2Citag%2Cmm%2Cmn%2Cms%2Cmv%2Cpl%2Cplayback_host%2Crequiressl%2Csource%2Cexpire", "width": null, "height": null, "tbr": 127.974, "asr": 44100, "fps": null, "language": null, "filesize": 2977283, "vcodec": "none", "format": "140 - audio only (DASH audio)", "protocol": "https", "http_headers": {"User-Agent": "Mozilla/5.0 (X11; Linux x86_64; rv:10.0) Gecko/20150101 Firefox/47.0 (Chrome)", "Accept-Charset": "ISO-8859-1,utf-8;q=0.7,*;q=0.7", "Accept": "text/html,application/xhtml+xml,application/xml;q=0.9,*/*;q=0.8", "Accept-Encoding": "gzip, deflate", "Accept-Language": "en-us,en;q=0.5"}}, {"format_id": "171", "url": "https://r12---sn-4g57knk7.googlevideo.com/videoplayback?dur=187.331&ipbits=0&lmt=1428388490325937&expire=1502230426&signature=1764E0BDD6B3ECEFCCEA7F6FAE5C144032989E4E.4E4CEFAA45E05644FB953D0E7B407997E226761A&itag=171&clen=2942003&key=yt6&mime=audio%2Fwebm&gir=yes&keepalive=yes&ei=OeOJWbjMOsOGVuCcr_gB&initcwndbps=4267500&source=youtube&mn=sn-4g57knk7&mm=31&pl=16&id=o-AA72qBLI8l1KQob0YRwaPiup98BQO1ubzRPJIkm404aM&requiressl=yes&ip=131.159.40.117&sparams=clen%2Cdur%2Cei%2Cgir%2Cid%2Cinitcwndbps%2Cip%2Cipbits%2Citag%2Ckeepalive%2Clmt%2Cmime%2Cmm%2Cmn%2Cms%2Cmv%2Cpl%2Crequiressl%2Csource%2Cexpire&mv=m&mt=1502208714&ms=au&ratebypass=yes", "player_url": null, "ext": "webm", "acodec": "vorbis", "format_note": "DASH audio", "abr": 128, "filesize": 2942003, "tbr": 137.441, "vcodec": "none", "format": "171 - audio only (DASH audio)", "protocol": "https", "http_headers": {"User-Agent": "Mozilla/5.0 (X11; Linux x86_64; rv:10.0) Gecko/20150101 Firefox/47.0 (Chrome)", "Accept-Charset": "ISO-8859-1,utf-8;q=0.7,*;q=0.7", "Accept": "text/html,application/xhtml+xml,application/xml;q=0.9,*/*;q=0.8", "Accept-Encoding": "gzip, deflate", "Accept-Language": "en-us,en;q=0.5"}}, {"format_id": "251", "url": "https://r12---sn-4g57knk7.googlevideo.com/videoplayback?dur=187.341&ipbits=0&lmt=1428388483014483&expire=1502230426&signature=6653BF6F1EEA397E7C9E6593D1F67438801EFB63.77DEB26BEA85E80DBBBA7F9FF6568F6F69F953CC&itag=251&clen=3773036&key=yt6&mime=audio%2Fwebm&gir=yes&keepalive=yes&ei=OeOJWbjMOsOGVuCcr_gB&initcwndbps=4267500&source=youtube&mn=sn-4g57knk7&mm=31&pl=16&id=o-AA72qBLI8l1KQob0YRwaPiup98BQO1ubzRPJIkm404aM&requiressl=yes&ip=131.159.40.117&sparams=clen%2Cdur%2Cei%2Cgir%2Cid%2Cinitcwndbps%2Cip%2Cipbits%2Citag%2Ckeepalive%2Clmt%2Cmime%2Cmm%2Cmn%2Cms%2Cmv%2Cpl%2Crequiressl%2Csource%2Cexpire&mv=m&mt=1502208714&ms=au&ratebypass=yes", "player_url": null, "ext": "webm", "format_note": "DASH audio", "acodec": "opus", "abr": 160, "filesize": 3773036, "tbr": 175.807, "vcodec": "none", "format": "251 - audio only (DASH audio)", "protocol": "https", "http_headers": {"User-Agent": "Mozilla/5.0 (X11; Linux x86_64; rv:10.0) Gecko/20150101 Firefox/47.0 (Chrome)", "Accept-Charset": "ISO-8859-1,utf-8;q=0.7,*;q=0.7", "Accept": "text/html,application/xhtml+xml,application/xml;q=0.9,*/*;q=0.8", "Accept-Encoding": "gzip, deflate", "Accept-Language": "en-us,en;q=0.5"}}, {"ext": "mp4", "height": 144, "format_note": "DASH video", "vcodec": "avc1.4d400c", "format_id": "160", "url": "https://r12---sn-4g57knk7.googlevideo.com/videoplayback?id=bce273b4681a89a6&itag=160&source=youtube&requiressl=yes&ei=OuOJWZvZIM2VV_XTh-AP&pl=16&mm=31&initcwndbps=4267500&ms=au&mn=sn-4g57knk7&mv=m&ratebypass=yes&mime=video/mp4&gir=yes&clen=2557928&lmt=1440832672431741&dur=187.333&mt=1502208714&signature=25454CA93DE3852BFA162054A507FFDA491442F8.0B9B191CCC88E0C251997E17F18AF6951399DEC9&key=dg_yt0&ip=131.159.40.117&ipbits=0&expire=1502230426&sparams=ip,ipbits,expire,id,itag,source,requiressl,ei,pl,mm,initcwndbps,ms,mn,mv,ratebypass,mime,gir,clen,lmt,dur", "manifest_url": "https://manifest.googlevideo.com/api/manifest/dash/mt/1502208714/ei/OuOJWZvZIM2VV_XTh-AP/requiressl/yes/as/fmp4_audio_clear%2Cfmp4_sd_hd_clear/ip/131.159.40.117/signature/89C66AAEC2DB21BB4309A492502C94B0C7BDD857.C3CD4C8F5A17CE31A7FCB555DB49CB52EA8801A7/pl/16/ipbits/0/mm/31/hfr/1/initcwndbps/4267500/itag/0/ms/au/playback_host/r12---sn-4g57knk7.googlevideo.com/mn/sn-4g57knk7/mv/m/id/bce273b4681a89a6/source/youtube/key/yt6/expire/1502230426/sparams/as%2Cei%2Chfr%2Cid%2Cinitcwndbps%2Cip%2Cipbits%2Citag%2Cmm%2Cmn%2Cms%2Cmv%2Cpl%2Cplayback_host%2Crequiressl%2Csource%2Cexpire", "width": 256, "tbr": 110.994, "asr": null, "fps": 15, "language": null, "filesize": 2557928, "acodec": "none", "format": "160 - 256x144 (DASH video)", "protocol": "https", "http_headers": {"User-Agent": "Mozilla/5.0 (X11; Linux x86_64; rv:10.0) Gecko/20150101 Firefox/47.0 (Chrome)", "Accept-Charset": "ISO-8859-1,utf-8;q=0.7,*;q=0.7", "Accept": "text/html,application/xhtml+xml,application/xml;q=0.9,*/*;q=0.8", "Accept-Encoding": "gzip, deflate", "Accept-Language": "en-us,en;q=0.5"}}, {"format_id": "278", "url": "https://r12---sn-4g57knk7.googlevideo.com/videoplayback?dur=187.266&ipbits=0&lmt=1428388587664904&expire=1502230426&signature=97AC84297A4CB067DA0FC012E2434457CE6B33FB.B234562D754C1E3F778623CF423096213B34C0B4&itag=278&clen=2188653&key=yt6&mime=video%2Fwebm&gir=yes&keepalive=yes&ei=OeOJWbjMOsOGVuCcr_gB&initcwndbps=4267500&source=youtube&mn=sn-4g57knk7&mm=31&pl=16&id=o-AA72qBLI8l1KQob0YRwaPiup98BQO1ubzRPJIkm404aM&requiressl=yes&ip=131.159.40.117&sparams=clen%2Cdur%2Cei%2Cgir%2Cid%2Cinitcwndbps%2Cip%2Cipbits%2Citag%2Ckeepalive%2Clmt%2Cmime%2Cmm%2Cmn%2Cms%2Cmv%2Cpl%2Crequiressl%2Csource%2Cexpire&mv=m&mt=1502208714&ms=au&ratebypass=yes", "player_url": null, "ext": "webm", "height": 144, "format_note": "144p", "container": "webm", "vcodec": "vp9", "filesize": 2188653, "tbr": 131.014, "width": 256, "fps": 15, "acodec": "none", "format": "278 - 256x144 (144p)", "protocol": "https", "http_headers": {"User-Agent": "Mozilla/5.0 (X11; Linux x86_64; rv:10.0) Gecko/20150101 Firefox/47.0 (Chrome)", "Accept-Charset": "ISO-8859-1,utf-8;q=0.7,*;q=0.7", "Accept": "text/html,application/xhtml+xml,application/xml;q=0.9,*/*;q=0.8", "Accept-Encoding": "gzip, deflate", "Accept-Language": "en-us,en;q=0.5"}}, {"format_id": "242", "url": "https://r12---sn-4g57knk7.googlevideo.com/videoplayback?dur=187.300&ipbits=0&lmt=1428388541441042&expire=1502230426&signature=325880296AF19EBCAE414B904F972EA6540C7AA7.46964ACB439845D2FA7D0DA4B5340BA1BE92AC5A&itag=242&clen=3535634&key=yt6&mime=video%2Fwebm&gir=yes&keepalive=yes&ei=OeOJWbjMOsOGVuCcr_gB&initcwndbps=4267500&source=youtube&mn=sn-4g57knk7&mm=31&pl=16&id=o-AA72qBLI8l1KQob0YRwaPiup98BQO1ubzRPJIkm404aM&requiressl=yes&ip=131.159.40.117&sparams=clen%2Cdur%2Cei%2Cgir%2Cid%2Cinitcwndbps%2Cip%2Cipbits%2Citag%2Ckeepalive%2Clmt%2Cmime%2Cmm%2Cmn%2Cms%2Cmv%2Cpl%2Crequiressl%2Csource%2Cexpire&mv=m&mt=1502208714&ms=au&ratebypass=yes", "player_url": null, "ext": "webm", "height": 240, "format_note": "240p", "vcodec": "vp9", "filesize": 3535634, "tbr": 209.421, "width": 426, "fps": 30, "acodec": "none", "format": "242 - 426x240 (240p)", "protocol": "https", "http_headers": {"User-Agent": "Mozilla/5.0 (X11; Linux x86_64; rv:10.0) Gecko/20150101 Firefox/47.0 (Chrome)", "Accept-Charset": "ISO-8859-1,utf-8;q=0.7,*;q=0.7", "Accept": "text/html,application/xhtml+xml,application/xml;q=0.9,*/*;q=0.8", "Accept-Encoding": "gzip, deflate", "Accept-Language": "en-us,en;q=0.5"}}, {"ext": "mp4", "height": 240, "format_note": "DASH video", "vcodec": "avc1.4d4015", "format_id": "133", "url": "https://r12---sn-4g57knk7.googlevideo.com/videoplayback?id=bce273b4681a89a6&itag=133&source=youtube&requiressl=yes&ei=OuOJWZvZIM2VV_XTh-AP&pl=16&mm=31&initcwndbps=4267500&ms=au&mn=sn-4g57knk7&mv=m&ratebypass=yes&mime=video/mp4&gir=yes&clen=5723245&lmt=1440832672887512&dur=187.333&mt=1502208714&signature=2C16FC0D81809CDED6514D97DCA706396AC48B84.29F3C7429F768749B4E28741A429B7985F5A16CB&key=dg_yt0&ip=131.159.40.117&ipbits=0&expire=1502230426&sparams=ip,ipbits,expire,id,itag,source,requiressl,ei,pl,mm,initcwndbps,ms,mn,mv,ratebypass,mime,gir,clen,lmt,dur", "manifest_url": "https://manifest.googlevideo.com/api/manifest/dash/mt/1502208714/ei/OuOJWZvZIM2VV_XTh-AP/requiressl/yes/as/fmp4_audio_clear%2Cfmp4_sd_hd_clear/ip/131.159.40.117/signature/89C66AAEC2DB21BB4309A492502C94B0C7BDD857.C3CD4C8F5A17CE31A7FCB555DB49CB52EA8801A7/pl/16/ipbits/0/mm/31/hfr/1/initcwndbps/4267500/itag/0/ms/au/playback_host/r12---sn-4g57knk7.googlevideo.com/mn/sn-4g57knk7/mv/m/id/bce273b4681a89a6/source/youtube/key/yt6/expire/1502230426/sparams/as%2Cei%2Chfr%2Cid%2Cinitcwndbps%2Cip%2Cipbits%2Citag%2Cmm%2Cmn%2Cms%2Cmv%2Cpl%2Cplayback_host%2Crequiressl%2Csource%2Cexpire", "width": 426, "tbr": 248.261, "asr": null, "fps": 30, "language": null, "filesize": 5723245, "acodec": "none", "format": "133 - 426x240 (DASH video)", "protocol": "https", "http_headers": {"User-Agent": "Mozilla/5.0 (X11; Linux x86_64; rv:10.0) Gecko/20150101 Firefox/47.0 (Chrome)", "Accept-Charset": "ISO-8859-1,utf-8;q=0.7,*;q=0.7", "Accept": "text/html,application/xhtml+xml,application/xml;q=0.9,*/*;q=0.8", "Accept-Encoding": "gzip, deflate", "Accept-Language": "en-us,en;q=0.5"}}, {"format_id": "243", "url": "https://r12---sn-4g57knk7.googlevideo.com/videoplayback?dur=187.300&ipbits=0&lmt=1428388551831096&expire=1502230426&signature=7159E8B94456B2C7B1392B4891C22E58C417D59D.661AE8EBE22BED53921C77C29D7277B0F53C152D&itag=243&clen=6863607&key=yt6&mime=video%2Fwebm&gir=yes&keepalive=yes&ei=OeOJWbjMOsOGVuCcr_gB&initcwndbps=4267500&source=youtube&mn=sn-4g57knk7&mm=31&pl=16&id=o-AA72qBLI8l1KQob0YRwaPiup98BQO1ubzRPJIkm404aM&requiressl=yes&ip=131.159.40.117&sparams=clen%2Cdur%2Cei%2Cgir%2Cid%2Cinitcwndbps%2Cip%2Cipbits%2Citag%2Ckeepalive%2Clmt%2Cmime%2Cmm%2Cmn%2Cms%2Cmv%2Cpl%2Crequiressl%2Csource%2Cexpire&mv=m&mt=1502208714&ms=au&ratebypass=yes", "player_url": null, "ext": "webm", "height": 360, "format_note": "360p", "vcodec": "vp9", "filesize": 6863607, "tbr": 423.395, "width": 640, "fps": 30, "acodec": "none", "format": "243 - 640x360 (360p)", "protocol": "https", "http_headers": {"User-Agent": "Mozilla/5.0 (X11; Linux x86_64; rv:10.0) Gecko/20150101 Firefox/47.0 (Chrome)", "Accept-Charset": "ISO-8859-1,utf-8;q=0.7,*;q=0.7", "Accept": "text/html,application/xhtml+xml,application/xml;q=0.9,*/*;q=0.8", "Accept-Encoding": "gzip, deflate", "Accept-Language": "en-us,en;q=0.5"}}, {"ext": "mp4", "height": 360, "format_note": "DASH video", "vcodec": "avc1.4d401e", "format_id": "134", "url": "https://r12---sn-4g57knk7.googlevideo.com/videoplayback?id=bce273b4681a89a6&itag=134&source=youtube&requiressl=yes&ei=OuOJWZvZIM2VV_XTh-AP&pl=16&mm=31&initcwndbps=4267500&ms=au&mn=sn-4g57knk7&mv=m&ratebypass=yes&mime=video/mp4&gir=yes&clen=6904213&lmt=1440832672699632&dur=187.333&mt=1502208714&signature=895A9567948A1F57B5C50A1770A5B4954FAA7474.6A35B0A002BC05AD57CADBCFAB36E2DDC7C3176E&key=dg_yt0&ip=131.159.40.117&ipbits=0&expire=1502230426&sparams=ip,ipbits,expire,id,itag,source,requiressl,ei,pl,mm,initcwndbps,ms,mn,mv,ratebypass,mime,gir,clen,lmt,dur", "manifest_url": "https://manifest.googlevideo.com/api/manifest/dash/mt/1502208714/ei/OuOJWZvZIM2VV_XTh-AP/requiressl/yes/as/fmp4_audio_clear%2Cfmp4_sd_hd_clear/ip/131.159.40.117/signature/89C66AAEC2DB21BB4309A492502C94B0C7BDD857.C3CD4C8F5A17CE31A7FCB555DB49CB52EA8801A7/pl/16/ipbits/0/mm/31/hfr/1/initcwndbps/4267500/itag/0/ms/au/playback_host/r12---sn-4g57knk7.googlevideo.com/mn/sn-4g57knk7/mv/m/id/bce273b4681a89a6/source/youtube/key/yt6/expire/1502230426/sparams/as%2Cei%2Chfr%2Cid%2Cinitcwndbps%2Cip%2Cipbits%2Citag%2Cmm%2Cmn%2Cms%2Cmv%2Cpl%2Cplayback_host%2Crequiressl%2Csource%2Cexpire", "width": 640, "tbr": 475.084, "asr": null, "fps": 30, "language": null, "filesize": 6904213, "acodec": "none", "format": "134 - 640x360 (DASH video)", "protocol": "https", "http_headers": {"User-Agent": "Mozilla/5.0 (X11; Linux x86_64; rv:10.0) Gecko/20150101 Firefox/47.0 (Chrome)", "Accept-Charset": "ISO-8859-1,utf-8;q=0.7,*;q=0.7", "Accept": "text/html,application/xhtml+xml,application/xml;q=0.9,*/*;q=0.8", "Accept-Encoding": "gzip, deflate", "Accept-Language": "en-us,en;q=0.5"}}, {"format_id": "244", "url": "https://r12---sn-4g57knk7.googlevideo.com/videoplayback?dur=187.300&ipbits=0&lmt=1428388640136763&expire=1502230426&signature=7793C0A8FD07C3B316EE6AC8FAE3C7D633373CBB.9118EAD797C88B079C8007C0D169BB6FA7607D6D&itag=244&clen=11532232&key=yt6&mime=video%2Fwebm&gir=yes&keepalive=yes&ei=OeOJWbjMOsOGVuCcr_gB&initcwndbps=4267500&source=youtube&mn=sn-4g57knk7&mm=31&pl=16&id=o-AA72qBLI8l1KQob0YRwaPiup98BQO1ubzRPJIkm404aM&requiressl=yes&ip=131.159.40.117&sparams=clen%2Cdur%2Cei%2Cgir%2Cid%2Cinitcwndbps%2Cip%2Cipbits%2Citag%2Ckeepalive%2Clmt%2Cmime%2Cmm%2Cmn%2Cms%2Cmv%2Cpl%2Crequiressl%2Csource%2Cexpire&mv=m&mt=1502208714&ms=au&ratebypass=yes", "player_url": null, "ext": "webm", "height": 480, "format_note": "480p", "vcodec": "vp9", "filesize": 11532232, "tbr": 749.685, "width": 854, "fps": 30, "acodec": "none", "format": "244 - 854x480 (480p)", "protocol": "https", "http_headers": {"User-Agent": "Mozilla/5.0 (X11; Linux x86_64; rv:10.0) Gecko/20150101 Firefox/47.0 (Chrome)", "Accept-Charset": "ISO-8859-1,utf-8;q=0.7,*;q=0.7", "Accept": "text/html,application/xhtml+xml,application/xml;q=0.9,*/*;q=0.8", "Accept-Encoding": "gzip, deflate", "Accept-Language": "en-us,en;q=0.5"}}, {"ext": "mp4", "height": 480, "format_note": "DASH video", "vcodec": "avc1.4d401f", "format_id": "135", "url": "https://r12---sn-4g57knk7.googlevideo.com/videoplayback?id=bce273b4681a89a6&itag=135&source=youtube&requiressl=yes&ei=OuOJWZvZIM2VV_XTh-AP&pl=16&mm=31&initcwndbps=4267500&ms=au&mn=sn-4g57knk7&mv=m&ratebypass=yes&mime=video/mp4&gir=yes&clen=14075463&lmt=1440832673020261&dur=187.333&mt=1502208714&signature=89C9725D8965B3DD94F99B60880EDF3E086B107D.8CCFE4ADFE84BBAEE21F2428A85A1FDB714CDD21&key=dg_yt0&ip=131.159.40.117&ipbits=0&expire=1502230426&sparams=ip,ipbits,expire,id,itag,source,requiressl,ei,pl,mm,initcwndbps,ms,mn,mv,ratebypass,mime,gir,clen,lmt,dur", "manifest_url": "https://manifest.googlevideo.com/api/manifest/dash/mt/1502208714/ei/OuOJWZvZIM2VV_XTh-AP/requiressl/yes/as/fmp4_audio_clear%2Cfmp4_sd_hd_clear/ip/131.159.40.117/signature/89C66AAEC2DB21BB4309A492502C94B0C7BDD857.C3CD4C8F5A17CE31A7FCB555DB49CB52EA8801A7/pl/16/ipbits/0/mm/31/hfr/1/initcwndbps/4267500/itag/0/ms/au/playback_host/r12---sn-4g57knk7.googlevideo.com/mn/sn-4g57knk7/mv/m/id/bce273b4681a89a6/source/youtube/key/yt6/expire/1502230426/sparams/as%2Cei%2Chfr%2Cid%2Cinitcwndbps%2Cip%2Cipbits%2Citag%2Cmm%2Cmn%2Cms%2Cmv%2Cpl%2Cplayback_host%2Crequiressl%2Csource%2Cexpire", "width": 854, "tbr": 1015.797, "asr": null, "fps": 30, "language": null, "filesize": 14075463, "acodec": "none", "format": "135 - 854x480 (DASH video)", "protocol": "https", "http_headers": {"User-Agent": "Mozilla/5.0 (X11; Linux x86_64; rv:10.0) Gecko/20150101 Firefox/47.0 (Chrome)", "Accept-Charset": "ISO-8859-1,utf-8;q=0.7,*;q=0.7", "Accept": "text/html,application/xhtml+xml,application/xml;q=0.9,*/*;q=0.8", "Accept-Encoding": "gzip, deflate", "Accept-Language": "en-us,en;q=0.5"}}, {"format_id": "247", "url": "https://r12---sn-4g57knk7.googlevideo.com/videoplayback?dur=187.300&ipbits=0&lmt=1428388673612577&expire=1502230426&signature=66C0B90E1338768F4A063AE73E1B061C3FB29661.41CCA0769888B11F746F4F6394BD0529B05BA792&itag=247&clen=25535967&key=yt6&mime=video%2Fwebm&gir=yes&keepalive=yes&ei=OeOJWbjMOsOGVuCcr_gB&initcwndbps=4267500&source=youtube&mn=sn-4g57knk7&mm=31&pl=16&id=o-AA72qBLI8l1KQob0YRwaPiup98BQO1ubzRPJIkm404aM&requiressl=yes&ip=131.159.40.117&sparams=clen%2Cdur%2Cei%2Cgir%2Cid%2Cinitcwndbps%2Cip%2Cipbits%2Citag%2Ckeepalive%2Clmt%2Cmime%2Cmm%2Cmn%2Cms%2Cmv%2Cpl%2Crequiressl%2Csource%2Cexpire&mv=m&mt=1502208714&ms=au&ratebypass=yes", "player_url": null, "ext": "webm", "height": 720, "format_note": "720p", "vcodec": "vp9", "filesize": 25535967, "tbr": 1667.787, "width": 1280, "fps": 30, "acodec": "none", "format": "247 - 1280x720 (720p)", "protocol": "https", "http_headers": {"User-Agent": "Mozilla/5.0 (X11; Linux x86_64; rv:10.0) Gecko/20150101 Firefox/47.0 (Chrome)", "Accept-Charset": "ISO-8859-1,utf-8;q=0.7,*;q=0.7", "Accept": "text/html,application/xhtml+xml,application/xml;q=0.9,*/*;q=0.8", "Accept-Encoding": "gzip, deflate", "Accept-Language": "en-us,en;q=0.5"}}, {"ext": "mp4", "height": 720, "format_note": "DASH video", "vcodec": "avc1.4d401f", "format_id": "136", "url": "https://r12---sn-4g57knk7.googlevideo.com/videoplayback?id=bce273b4681a89a6&itag=136&source=youtube&requiressl=yes&ei=OuOJWZvZIM2VV_XTh-AP&pl=16&mm=31&initcwndbps=4267500&ms=au&mn=sn-4g57knk7&mv=m&ratebypass=yes&mime=video/mp4&gir=yes&clen=27758735&lmt=1440832678038658&dur=187.333&mt=1502208714&signature=7C2975CB329907080418E2EB9FD5554830179A.758DD4696E9E1E294D7C9BAF43B31FAB51784853&key=dg_yt0&ip=131.159.40.117&ipbits=0&expire=1502230426&sparams=ip,ipbits,expire,id,itag,source,requiressl,ei,pl,mm,initcwndbps,ms,mn,mv,ratebypass,mime,gir,clen,lmt,dur", "manifest_url": "https://manifest.googlevideo.com/api/manifest/dash/mt/1502208714/ei/OuOJWZvZIM2VV_XTh-AP/requiressl/yes/as/fmp4_audio_clear%2Cfmp4_sd_hd_clear/ip/131.159.40.117/signature/89C66AAEC2DB21BB4309A492502C94B0C7BDD857.C3CD4C8F5A17CE31A7FCB555DB49CB52EA8801A7/pl/16/ipbits/0/mm/31/hfr/1/initcwndbps/4267500/itag/0/ms/au/playback_host/r12---sn-4g57knk7.googlevideo.com/mn/sn-4g57knk7/mv/m/id/bce273b4681a89a6/source/youtube/key/yt6/expire/1502230426/sparams/as%2Cei%2Chfr%2Cid%2Cinitcwndbps%2Cip%2Cipbits%2Citag%2Cmm%2Cmn%2Cms%2Cmv%2Cpl%2Cplayback_host%2Crequiressl%2Csource%2Cexpire", "width": 1280, "tbr": 1963.655, "asr": null, "fps": 30, "language": null, "filesize": 27758735, "acodec": "none", "format": "136 - 1280x720 (DASH video)", "protocol": "https", "http_headers": {"User-Agent": "Mozilla/5.0 (X11; Linux x86_64; rv:10.0) Gecko/20150101 Firefox/47.0 (Chrome)", "Accept-Charset": "ISO-8859-1,utf-8;q=0.7,*;q=0.7", "Accept": "text/html,application/xhtml+xml,application/xml;q=0.9,*/*;q=0.8", "Accept-Encoding": "gzip, deflate", "Accept-Language": "en-us,en;q=0.5"}}, {"format_id": "17", "url": "https://r12---sn-4g57knk7.googlevideo.com/videoplayback?dur=187.524&ipbits=0&lmt=1428304184003160&expire=1502230426&signature=E0AE458D45DBCF0AE8478AFA9444EF265D9058CB.46F4E5C0B778DA43334852C0E777CDE61425A3D3&itag=17&clen=1927826&key=yt6&mime=video%2F3gpp&gir=yes&ei=OeOJWbjMOsOGVuCcr_gB&initcwndbps=4267500&source=youtube&mn=sn-4g57knk7&mm=31&pl=16&id=o-AA72qBLI8l1KQob0YRwaPiup98BQO1ubzRPJIkm404aM&requiressl=yes&ip=131.159.40.117&sparams=clen%2Cdur%2Cei%2Cgir%2Cid%2Cinitcwndbps%2Cip%2Cipbits%2Citag%2Clmt%2Cmime%2Cmm%2Cmn%2Cms%2Cmv%2Cpl%2Crequiressl%2Csource%2Cexpire&mv=m&mt=1502208714&ms=au&ratebypass=yes", "player_url": null, "ext": "3gp", "width": 176, "height": 144, "acodec": "mp4a.40.2", "abr": 24, "vcodec": "mp4v.20.3", "resolution": "176x144", "format_note": "small", "format": "17 - 176x144 (small)", "protocol": "https", "http_headers": {"User-Agent": "Mozilla/5.0 (X11; Linux x86_64; rv:10.0) Gecko/20150101 Firefox/47.0 (Chrome)", "Accept-Charset": "ISO-8859-1,utf-8;q=0.7,*;q=0.7", "Accept": "text/html,application/xhtml+xml,application/xml;q=0.9,*/*;q=0.8", "Accept-Encoding": "gzip, deflate", "Accept-Language": "en-us,en;q=0.5"}}, {"format_id": "36", "url": "https://r12---sn-4g57knk7.googlevideo.com/videoplayback?dur=187.524&ipbits=0&lmt=1428304202627373&expire=1502230426&signature=83604961A32550E21558371604581A3B9C377B7F.25BED3C03E3EC34D90CDF49DA53337739C747486&itag=36&clen=5342286&key=yt6&mime=video%2F3gpp&gir=yes&ei=OeOJWbjMOsOGVuCcr_gB&initcwndbps=4267500&source=youtube&mn=sn-4g57knk7&mm=31&pl=16&id=o-AA72qBLI8l1KQob0YRwaPiup98BQO1ubzRPJIkm404aM&requiressl=yes&ip=131.159.40.117&sparams=clen%2Cdur%2Cei%2Cgir%2Cid%2Cinitcwndbps%2Cip%2Cipbits%2Citag%2Clmt%2Cmime%2Cmm%2Cmn%2Cms%2Cmv%2Cpl%2Crequiressl%2Csource%2Cexpire&mv=m&mt=1502208714&ms=au&ratebypass=yes", "player_url": null, "ext": "3gp", "width": 320, "acodec": "mp4a.40.2", "vcodec": "mp4v.20.3", "resolution": "320x180", "height": 180, "format_note": "small", "format": "36 - 320x180 (small)", "protocol": "https", "http_headers": {"User-Agent": "Mozilla/5.0 (X11; Linux x86_64; rv:10.0) Gecko/20150101 Firefox/47.0 (Chrome)", "Accept-Charset": "ISO-8859-1,utf-8;q=0.7,*;q=0.7", "Accept": "text/html,application/xhtml+xml,application/xml;q=0.9,*/*;q=0.8", "Accept-Encoding": "gzip, deflate", "Accept-Language": "en-us,en;q=0.5"}}, {"format_id": "43", "url": "https://r12---sn-4g57knk7.googlevideo.com/videoplayback?dur=0.000&ipbits=0&lmt=1428305061537711&expire=1502230426&ratebypass=yes&signature=2AD601E3CEBC91882CEFA782BFD77D06298744B9.5C5A146D0E718B8060667036C604407837717410&itag=43&clen=18289229&key=yt6&mime=video%2Fwebm&gir=yes&ei=OeOJWbjMOsOGVuCcr_gB&initcwndbps=4267500&source=youtube&mn=sn-4g57knk7&mm=31&pl=16&id=o-AA72qBLI8l1KQob0YRwaPiup98BQO1ubzRPJIkm404aM&requiressl=yes&ip=131.159.40.117&sparams=clen%2Cdur%2Cei%2Cgir%2Cid%2Cinitcwndbps%2Cip%2Cipbits%2Citag%2Clmt%2Cmime%2Cmm%2Cmn%2Cms%2Cmv%2Cpl%2Cratebypass%2Crequiressl%2Csource%2Cexpire&mv=m&mt=1502208714&ms=au", "player_url": null, "ext": "webm", "width": 640, "height": 360, "acodec": "vorbis", "abr": 128, "vcodec": "vp8.0", "resolution": "640x360", "format_note": "medium", "format": "43 - 640x360 (medium)", "protocol": "https", "http_headers": {"User-Agent": "Mozilla/5.0 (X11; Linux x86_64; rv:10.0) Gecko/20150101 Firefox/47.0 (Chrome)", "Accept-Charset": "ISO-8859-1,utf-8;q=0.7,*;q=0.7", "Accept": "text/html,application/xhtml+xml,application/xml;q=0.9,*/*;q=0.8", "Accept-Encoding": "gzip, deflate", "Accept-Language": "en-us,en;q=0.5"}}, {"format_id": "18", "url": "https://r12---sn-4g57knk7.googlevideo.com/videoplayback?dur=187.385&ipbits=0&lmt=1440832527530123&expire=1502230426&ratebypass=yes&signature=DB7D1E6B7B14AA41457449B82750109FC5B02406.685D01809453185AA421CA0523AFE542D26F1507&itag=18&clen=13087981&key=yt6&mime=video%2Fmp4&gir=yes&ei=OeOJWbjMOsOGVuCcr_gB&initcwndbps=4267500&source=youtube&mn=sn-4g57knk7&mm=31&pl=16&id=o-AA72qBLI8l1KQob0YRwaPiup98BQO1ubzRPJIkm404aM&requiressl=yes&ip=131.159.40.117&sparams=clen%2Cdur%2Cei%2Cgir%2Cid%2Cinitcwndbps%2Cip%2Cipbits%2Citag%2Clmt%2Cmime%2Cmm%2Cmn%2Cms%2Cmv%2Cpl%2Cratebypass%2Crequiressl%2Csource%2Cexpire&mv=m&mt=1502208714&ms=au", "player_url": null, "ext": "mp4", "width": 640, "height": 360, "acodec": "mp4a.40.2", "abr": 96, "vcodec": "avc1.42001E", "resolution": "640x360", "format_note": "medium", "format": "18 - 640x360 (medium)", "protocol": "https", "http_headers": {"User-Agent": "Mozilla/5.0 (X11; Linux x86_64; rv:10.0) Gecko/20150101 Firefox/47.0 (Chrome)", "Accept-Charset": "ISO-8859-1,utf-8;q=0.7,*;q=0.7", "Accept": "text/html,application/xhtml+xml,application/xml;q=0.9,*/*;q=0.8", "Accept-Encoding": "gzip, deflate", "Accept-Language": "en-us,en;q=0.5"}}, {"format_id": "22", "url": "https://r12---sn-4g57knk7.googlevideo.com/videoplayback?dur=187.385&ipbits=0&lmt=1471554745416433&expire=1502230426&ratebypass=yes&ei=OeOJWbjMOsOGVuCcr_gB&signature=8C1D820780224AD1754FB2CE142B83729E33E4CE.D833324FB0A385E5608616FC9A0CE80B38125492&initcwndbps=4267500&source=youtube&mn=sn-4g57knk7&mm=31&pl=16&id=o-AA72qBLI8l1KQob0YRwaPiup98BQO1ubzRPJIkm404aM&ms=au&itag=22&requiressl=yes&ip=131.159.40.117&sparams=dur%2Cei%2Cid%2Cinitcwndbps%2Cip%2Cipbits%2Citag%2Clmt%2Cmime%2Cmm%2Cmn%2Cms%2Cmv%2Cpl%2Cratebypass%2Crequiressl%2Csource%2Cexpire&mv=m&mt=1502208714&key=yt6&mime=video%2Fmp4", "player_url": null, "ext": "mp4", "width": 1280, "height": 720, "acodec": "mp4a.40.2", "abr": 192, "vcodec": "avc1.64001F", "resolution": "1280x720", "format_note": "hd720", "format": "22 - 1280x720 (hd720)", "protocol": "https", "http_headers": {"User-Agent": "Mozilla/5.0 (X11; Linux x86_64; rv:10.0) Gecko/20150101 Firefox/47.0 (Chrome)", "Accept-Charset": "ISO-8859-1,utf-8;q=0.7,*;q=0.7", "Accept": "text/html,application/xhtml+xml,application/xml;q=0.9,*/*;q=0.8", "Accept-Encoding": "gzip, deflate", "Accept-Language": "en-us,en;q=0.5"}}], "is_live": null, "start_time": null, "end_time": null, "series": null, "season_number": null, "episode_number": null, "extractor": "youtube", "webpage_url_basename": "vOJztGgaiaY", "extractor_key": "Youtube", "playlist": null, "playlist_index": null, "thumbnails": [{"url": "https://i.ytimg.com/vi/vOJztGgaiaY/hqdefault.jpg", "id": "0"}], "display_id": "vOJztGgaiaY", "ext": "mp4", "height": 720, "format_note": "DASH video", "vcodec": "avc1.4d401f", "format_id": "136", "url": "https://r12---sn-4g57knk7.googlevideo.com/videoplayback?id=bce273b4681a89a6&itag=136&source=youtube&requiressl=yes&ei=OuOJWZvZIM2VV_XTh-AP&pl=16&mm=31&initcwndbps=4267500&ms=au&mn=sn-4g57knk7&mv=m&ratebypass=yes&mime=video/mp4&gir=yes&clen=27758735&lmt=1440832678038658&dur=187.333&mt=1502208714&signature=7C2975CB329907080418E2EB9FD5554830179A.758DD4696E9E1E294D7C9BAF43B31FAB51784853&key=dg_yt0&ip=131.159.40.117&ipbits=0&expire=1502230426&sparams=ip,ipbits,expire,id,itag,source,requiressl,ei,pl,mm,initcwndbps,ms,mn,mv,ratebypass,mime,gir,clen,lmt,dur", "manifest_url": "https://manifest.googlevideo.com/api/manifest/dash/mt/1502208714/ei/OuOJWZvZIM2VV_XTh-AP/requiressl/yes/as/fmp4_audio_clear%2Cfmp4_sd_hd_clear/ip/131.159.40.117/signature/89C66AAEC2DB21BB4309A492502C94B0C7BDD857.C3CD4C8F5A17CE31A7FCB555DB49CB52EA8801A7/pl/16/ipbits/0/mm/31/hfr/1/initcwndbps/4267500/itag/0/ms/au/playback_host/r12---sn-4g57knk7.googlevideo.com/mn/sn-4g57knk7/mv/m/id/bce273b4681a89a6/source/youtube/key/yt6/expire/1502230426/sparams/as%2Cei%2Chfr%2Cid%2Cinitcwndbps%2Cip%2Cipbits%2Citag%2Cmm%2Cmn%2Cms%2Cmv%2Cpl%2Cplayback_host%2Crequiressl%2Csource%2Cexpire", "width": 1280, "tbr": 1963.655, "asr": null, "fps": 30, "language": null, "filesize": 27758735, "acodec": "none", "format": "136 - 1280x720 (DASH video)", "protocol": "https", "http_headers": {"User-Agent": "Mozilla/5.0 (X11; Linux x86_64; rv:10.0) Gecko/20150101 Firefox/47.0 (Chrome)", "Accept-Charset": "ISO-8859-1,utf-8;q=0.7,*;q=0.7", "Accept": "text/html,application/xhtml+xml,application/xml;q=0.9,*/*;q=0.8", "Accept-Encoding": "gzip, deflate", "Accept-Language": "en-us,en;q=0.5"}, "fulltitle": "Tips Awet Muda Dengan Manfaat Daun Jambu Biji - \"Cantik Alami & Awet Muda Anti Keriput\"", "_filename": "vOJztGgaiaY.mp4"}