{"id": "eOqzJV7q7SQ", "uploader": "hummiemd", "uploader_id": "hummiemd", "uploader_url": "http://www.youtube.com/user/hummiemd", "upload_date": "20090603", "license": "Standard YouTube License", "creator": null, "title": "5 Minute Full Makeup Face Routine", "alt_title": null, "thumbnail": "https://i.ytimg.com/vi/eOqzJV7q7SQ/maxresdefault.jpg", "description": "In which I share one of my 5 minute full makeup face routines with you all!\n\nProducts and brushes used:\n\nStila Illuminating Tinted Moisturizer SPF 15 in shade 01\nStila Illuminating Powder Foundation SPF 12 in 60 watts\nEveryday Minerals Flat kabuki brush\nBenefit Creaseless Cream Shadow/Liner in Prenup\nBenefit Talent Brush\nLacrosse Eyelash curler\nBenefit Badgal Blue mascara\nBenefit Colorplump in Yoo Hoo\nStila It gloss in Inviting\nClinique True Bronze Pressed Powder Bronzer in Sunswept\nClinique Blushing Blush Powder Blush in Breathless Berry\nStila # 21 brush\n\n\nAs always, thank you for watching!\n\nRate! Comment! Subscribe!\nFollow me: http://twitter.com/hummiemd", "categories": ["Howto & Style"], "tags": ["five", "minute", "full", "makeup", "face", "routine", "foundation", "pink", "eyeshadow", "hummiemd"], "subtitles": {}, "automatic_captions": {}, "duration": 437, "age_limit": 0, "annotations": null, "chapters": null, "webpage_url": "https://www.youtube.com/watch?v=eOqzJV7q7SQ", "view_count": 476141, "like_count": 382, "dislike_count": 157, "average_rating": 3.83487939835, "formats": [{"ext": "m4a", "format_note": "DASH audio", "acodec": "mp4a.40.5", "abr": 48, "container": "m4a_dash", "format_id": "139", "url": "https://r3---sn-4g5e6nes.googlevideo.com/videoplayback?id=78eab3255eeaed24&itag=139&source=youtube&requiressl=yes&ei=iJ6JWcvcNNWLVue0gsgL&ms=au&mv=m&initcwndbps=4702500&pl=16&mm=31&mn=sn-4g5e6nes&ratebypass=yes&mime=audio/mp4&gir=yes&clen=2599044&lmt=1386471129842032&dur=436.953&signature=8770F500E1248484FA9B9DDCAB75DD15AEBF9B32.7299C828661C7F5ED629A86066688C5D2C3A2F83&mt=1502191151&key=dg_yt0&ip=131.159.40.117&ipbits=0&expire=1502212841&sparams=ip,ipbits,expire,id,itag,source,requiressl,ei,ms,mv,initcwndbps,pl,mm,mn,ratebypass,mime,gir,clen,lmt,dur", "manifest_url": "https://manifest.googlevideo.com/api/manifest/dash/id/78eab3255eeaed24/ipbits/0/sparams/as%2Cei%2Chfr%2Cid%2Cinitcwndbps%2Cip%2Cipbits%2Citag%2Cmm%2Cmn%2Cms%2Cmv%2Cpl%2Cplayback_host%2Crequiressl%2Csource%2Cexpire/signature/010DAB47A7CB545B6311347EB922074602E7ACA4.026F69DC8A51A244AA7FF912D5511FCD70E0D9DA/requiressl/yes/ei/iJ6JWcvcNNWLVue0gsgL/ms/au/source/youtube/expire/1502212841/mv/m/initcwndbps/4702500/hfr/1/mt/1502191151/itag/0/pl/16/ip/131.159.40.117/mm/31/mn/sn-4g5e6nes/key/yt6/playback_host/r3---sn-4g5e6nes.googlevideo.com/as/fmp4_audio_clear%2Cfmp4_sd_hd_clear", "width": null, "height": null, "tbr": 48.559, "asr": 22050, "fps": null, "language": null, "filesize": 2599044, "vcodec": "none", "format": "139 - audio only (DASH audio)", "protocol": "https", "http_headers": {"User-Agent": "Mozilla/5.0 (X11; Linux x86_64; rv:10.0) Gecko/20150101 Firefox/47.0 (Chrome)", "Accept-Charset": "ISO-8859-1,utf-8;q=0.7,*;q=0.7", "Accept": "text/html,application/xhtml+xml,application/xml;q=0.9,*/*;q=0.8", "Accept-Encoding": "gzip, deflate", "Accept-Language": "en-us,en;q=0.5"}}, {"ext": "m4a", "format_note": "DASH audio", "acodec": "mp4a.40.2", "abr": 128, "container": "m4a_dash", "format_id": "140", "url": "https://r3---sn-4g5e6nes.googlevideo.com/videoplayback?id=78eab3255eeaed24&itag=140&source=youtube&requiressl=yes&ei=iJ6JWcvcNNWLVue0gsgL&ms=au&mv=m&initcwndbps=4702500&pl=16&mm=31&mn=sn-4g5e6nes&ratebypass=yes&mime=audio/mp4&gir=yes&clen=6939242&lmt=1386471129840953&dur=436.883&signature=3B70BF7ECCE7EF9308D89A852A689C0B5AD6B672.9582A00C533CB3E49C0116B218168507BF165CFF&mt=1502191151&key=dg_yt0&ip=131.159.40.117&ipbits=0&expire=1502212841&sparams=ip,ipbits,expire,id,itag,source,requiressl,ei,ms,mv,initcwndbps,pl,mm,mn,ratebypass,mime,gir,clen,lmt,dur", "manifest_url": "https://manifest.googlevideo.com/api/manifest/dash/id/78eab3255eeaed24/ipbits/0/sparams/as%2Cei%2Chfr%2Cid%2Cinitcwndbps%2Cip%2Cipbits%2Citag%2Cmm%2Cmn%2Cms%2Cmv%2Cpl%2Cplayback_host%2Crequiressl%2Csource%2Cexpire/signature/010DAB47A7CB545B6311347EB922074602E7ACA4.026F69DC8A51A244AA7FF912D5511FCD70E0D9DA/requiressl/yes/ei/iJ6JWcvcNNWLVue0gsgL/ms/au/source/youtube/expire/1502212841/mv/m/initcwndbps/4702500/hfr/1/mt/1502191151/itag/0/pl/16/ip/131.159.40.117/mm/31/mn/sn-4g5e6nes/key/yt6/playback_host/r3---sn-4g5e6nes.googlevideo.com/as/fmp4_audio_clear%2Cfmp4_sd_hd_clear", "width": null, "height": null, "tbr": 128.139, "asr": 44100, "fps": null, "language": null, "filesize": 6939242, "vcodec": "none", "format": "140 - audio only (DASH audio)", "protocol": "https", "http_headers": {"User-Agent": "Mozilla/5.0 (X11; Linux x86_64; rv:10.0) Gecko/20150101 Firefox/47.0 (Chrome)", "Accept-Charset": "ISO-8859-1,utf-8;q=0.7,*;q=0.7", "Accept": "text/html,application/xhtml+xml,application/xml;q=0.9,*/*;q=0.8", "Accept-Encoding": "gzip, deflate", "Accept-Language": "en-us,en;q=0.5"}}, {"format_id": "171", "url": "https://r3---sn-4g5e6nes.googlevideo.com/videoplayback?signature=545C5C437BBC4B09A0641563459BDAAF508FACF5.935645E136E706AE28A513F2B7DACD443E9BFD12&requiressl=yes&initcwndbps=4702500&mime=audio%2Fwebm&gir=yes&key=yt6&ipbits=0&dur=436.827&expire=1502212840&lmt=1396648540603973&pl=16&ei=iJ6JWY-yE4b0VZfLsdgP&itag=171&source=youtube&mm=31&mn=sn-4g5e6nes&id=o-AOJ20GeQeu0D27rzQrI58Gle98fbThx2kVJfSJb-VSdC&keepalive=yes&clen=6099633&ip=131.159.40.117&mt=1502191151&sparams=clen%2Cdur%2Cei%2Cgir%2Cid%2Cinitcwndbps%2Cip%2Cipbits%2Citag%2Ckeepalive%2Clmt%2Cmime%2Cmm%2Cmn%2Cms%2Cmv%2Cpl%2Crequiressl%2Csource%2Cexpire&mv=m&ms=au&ratebypass=yes", "player_url": null, "ext": "webm", "acodec": "vorbis", "format_note": "DASH audio", "abr": 128, "filesize": 6099633, "tbr": 132.366, "fps": 1, "vcodec": "none", "format": "171 - audio only (DASH audio)", "protocol": "https", "http_headers": {"User-Agent": "Mozilla/5.0 (X11; Linux x86_64; rv:10.0) Gecko/20150101 Firefox/47.0 (Chrome)", "Accept-Charset": "ISO-8859-1,utf-8;q=0.7,*;q=0.7", "Accept": "text/html,application/xhtml+xml,application/xml;q=0.9,*/*;q=0.8", "Accept-Encoding": "gzip, deflate", "Accept-Language": "en-us,en;q=0.5"}}, {"ext": "mp4", "height": 144, "format_note": "DASH video", "vcodec": "avc1.4d400c", "format_id": "160", "url": "https://r3---sn-4g5e6nes.googlevideo.com/videoplayback?id=78eab3255eeaed24&itag=160&source=youtube&requiressl=yes&ei=iJ6JWcvcNNWLVue0gsgL&ms=au&mv=m&initcwndbps=4702500&pl=16&mm=31&mn=sn-4g5e6nes&ratebypass=yes&mime=video/mp4&gir=yes&clen=6176566&lmt=1386471124175747&dur=436.803&signature=4F0174AF57A9682D19CF5318A00805185BB50A00.391090122C30F456312941BB47F29905B962ED9C&mt=1502191151&key=dg_yt0&ip=131.159.40.117&ipbits=0&expire=1502212841&sparams=ip,ipbits,expire,id,itag,source,requiressl,ei,ms,mv,initcwndbps,pl,mm,mn,ratebypass,mime,gir,clen,lmt,dur", "manifest_url": "https://manifest.googlevideo.com/api/manifest/dash/id/78eab3255eeaed24/ipbits/0/sparams/as%2Cei%2Chfr%2Cid%2Cinitcwndbps%2Cip%2Cipbits%2Citag%2Cmm%2Cmn%2Cms%2Cmv%2Cpl%2Cplayback_host%2Crequiressl%2Csource%2Cexpire/signature/010DAB47A7CB545B6311347EB922074602E7ACA4.026F69DC8A51A244AA7FF912D5511FCD70E0D9DA/requiressl/yes/ei/iJ6JWcvcNNWLVue0gsgL/ms/au/source/youtube/expire/1502212841/mv/m/initcwndbps/4702500/hfr/1/mt/1502191151/itag/0/pl/16/ip/131.159.40.117/mm/31/mn/sn-4g5e6nes/key/yt6/playback_host/r3---sn-4g5e6nes.googlevideo.com/as/fmp4_audio_clear%2Cfmp4_sd_hd_clear", "width": 256, "tbr": 122.461, "asr": null, "fps": 15, "language": null, "filesize": 6176566, "acodec": "none", "format": "160 - 256x144 (DASH video)", "protocol": "https", "http_headers": {"User-Agent": "Mozilla/5.0 (X11; Linux x86_64; rv:10.0) Gecko/20150101 Firefox/47.0 (Chrome)", "Accept-Charset": "ISO-8859-1,utf-8;q=0.7,*;q=0.7", "Accept": "text/html,application/xhtml+xml,application/xml;q=0.9,*/*;q=0.8", "Accept-Encoding": "gzip, deflate", "Accept-Language": "en-us,en;q=0.5"}}, {"ext": "mp4", "height": 240, "format_note": "DASH video", "vcodec": "avc1.4d4015", "format_id": "133", "url": "https://r3---sn-4g5e6nes.googlevideo.com/videoplayback?id=78eab3255eeaed24&itag=133&source=youtube&requiressl=yes&ei=iJ6JWcvcNNWLVue0gsgL&ms=au&mv=m&initcwndbps=4702500&pl=16&mm=31&mn=sn-4g5e6nes&ratebypass=yes&mime=video/mp4&gir=yes&clen=13347139&lmt=1386471124478089&dur=436.803&signature=7BE20D1519F65A6DD13D422404A60679E02B7E10.270AD47D4113A2D1CAF27495AA581DF861AA4D88&mt=1502191151&key=dg_yt0&ip=131.159.40.117&ipbits=0&expire=1502212841&sparams=ip,ipbits,expire,id,itag,source,requiressl,ei,ms,mv,initcwndbps,pl,mm,mn,ratebypass,mime,gir,clen,lmt,dur", "manifest_url": "https://manifest.googlevideo.com/api/manifest/dash/id/78eab3255eeaed24/ipbits/0/sparams/as%2Cei%2Chfr%2Cid%2Cinitcwndbps%2Cip%2Cipbits%2Citag%2Cmm%2Cmn%2Cms%2Cmv%2Cpl%2Cplayback_host%2Crequiressl%2Csource%2Cexpire/signature/010DAB47A7CB545B6311347EB922074602E7ACA4.026F69DC8A51A244AA7FF912D5511FCD70E0D9DA/requiressl/yes/ei/iJ6JWcvcNNWLVue0gsgL/ms/au/source/youtube/expire/1502212841/mv/m/initcwndbps/4702500/hfr/1/mt/1502191151/itag/0/pl/16/ip/131.159.40.117/mm/31/mn/sn-4g5e6nes/key/yt6/playback_host/r3---sn-4g5e6nes.googlevideo.com/as/fmp4_audio_clear%2Cfmp4_sd_hd_clear", "width": 426, "tbr": 247.945, "asr": null, "fps": 30, "language": null, "filesize": 13347139, "acodec": "none", "format": "133 - 426x240 (DASH video)", "protocol": "https", "http_headers": {"User-Agent": "Mozilla/5.0 (X11; Linux x86_64; rv:10.0) Gecko/20150101 Firefox/47.0 (Chrome)", "Accept-Charset": "ISO-8859-1,utf-8;q=0.7,*;q=0.7", "Accept": "text/html,application/xhtml+xml,application/xml;q=0.9,*/*;q=0.8", "Accept-Encoding": "gzip, deflate", "Accept-Language": "en-us,en;q=0.5"}}, {"ext": "mp4", "height": 360, "format_note": "DASH video", "vcodec": "avc1.4d401e", "format_id": "134", "url": "https://r3---sn-4g5e6nes.googlevideo.com/videoplayback?id=78eab3255eeaed24&itag=134&source=youtube&requiressl=yes&ei=iJ6JWcvcNNWLVue0gsgL&ms=au&mv=m&initcwndbps=4702500&pl=16&mm=31&mn=sn-4g5e6nes&ratebypass=yes&mime=video/mp4&gir=yes&clen=13863462&lmt=1386471132026256&dur=436.803&signature=9A358C30F17A3CF7C48A9A83C70509F3127BD545.67C72C5B3940AB6E273401ED1BA2875458E8931C&mt=1502191151&key=dg_yt0&ip=131.159.40.117&ipbits=0&expire=1502212841&sparams=ip,ipbits,expire,id,itag,source,requiressl,ei,ms,mv,initcwndbps,pl,mm,mn,ratebypass,mime,gir,clen,lmt,dur", "manifest_url": "https://manifest.googlevideo.com/api/manifest/dash/id/78eab3255eeaed24/ipbits/0/sparams/as%2Cei%2Chfr%2Cid%2Cinitcwndbps%2Cip%2Cipbits%2Citag%2Cmm%2Cmn%2Cms%2Cmv%2Cpl%2Cplayback_host%2Crequiressl%2Csource%2Cexpire/signature/010DAB47A7CB545B6311347EB922074602E7ACA4.026F69DC8A51A244AA7FF912D5511FCD70E0D9DA/requiressl/yes/ei/iJ6JWcvcNNWLVue0gsgL/ms/au/source/youtube/expire/1502212841/mv/m/initcwndbps/4702500/hfr/1/mt/1502191151/itag/0/pl/16/ip/131.159.40.117/mm/31/mn/sn-4g5e6nes/key/yt6/playback_host/r3---sn-4g5e6nes.googlevideo.com/as/fmp4_audio_clear%2Cfmp4_sd_hd_clear", "width": 640, "tbr": 410.432, "asr": null, "fps": 30, "language": null, "filesize": 13863462, "acodec": "none", "format": "134 - 640x360 (DASH video)", "protocol": "https", "http_headers": {"User-Agent": "Mozilla/5.0 (X11; Linux x86_64; rv:10.0) Gecko/20150101 Firefox/47.0 (Chrome)", "Accept-Charset": "ISO-8859-1,utf-8;q=0.7,*;q=0.7", "Accept": "text/html,application/xhtml+xml,application/xml;q=0.9,*/*;q=0.8", "Accept-Encoding": "gzip, deflate", "Accept-Language": "en-us,en;q=0.5"}}, {"ext": "mp4", "height": 480, "format_note": "DASH video", "vcodec": "avc1.4d401f", "format_id": "135", "url": "https://r3---sn-4g5e6nes.googlevideo.com/videoplayback?id=78eab3255eeaed24&itag=135&source=youtube&requiressl=yes&ei=iJ6JWcvcNNWLVue0gsgL&ms=au&mv=m&initcwndbps=4702500&pl=16&mm=31&mn=sn-4g5e6nes&ratebypass=yes&mime=video/mp4&gir=yes&clen=28706033&lmt=1386471139586224&dur=436.803&signature=7A3B3F8518A439673AD79B11CD0D351ED4B8DB5B.5EFA562EB1A885C14D77277C9A4874127F320380&mt=1502191151&key=dg_yt0&ip=131.159.40.117&ipbits=0&expire=1502212841&sparams=ip,ipbits,expire,id,itag,source,requiressl,ei,ms,mv,initcwndbps,pl,mm,mn,ratebypass,mime,gir,clen,lmt,dur", "manifest_url": "https://manifest.googlevideo.com/api/manifest/dash/id/78eab3255eeaed24/ipbits/0/sparams/as%2Cei%2Chfr%2Cid%2Cinitcwndbps%2Cip%2Cipbits%2Citag%2Cmm%2Cmn%2Cms%2Cmv%2Cpl%2Cplayback_host%2Crequiressl%2Csource%2Cexpire/signature/010DAB47A7CB545B6311347EB922074602E7ACA4.026F69DC8A51A244AA7FF912D5511FCD70E0D9DA/requiressl/yes/ei/iJ6JWcvcNNWLVue0gsgL/ms/au/source/youtube/expire/1502212841/mv/m/initcwndbps/4702500/hfr/1/mt/1502191151/itag/0/pl/16/ip/131.159.40.117/mm/31/mn/sn-4g5e6nes/key/yt6/playback_host/r3---sn-4g5e6nes.googlevideo.com/as/fmp4_audio_clear%2Cfmp4_sd_hd_clear", "width": 854, "tbr": 869.81, "asr": null, "fps": 30, "language": null, "filesize": 28706033, "acodec": "none", "format": "135 - 854x480 (DASH video)", "protocol": "https", "http_headers": {"User-Agent": "Mozilla/5.0 (X11; Linux x86_64; rv:10.0) Gecko/20150101 Firefox/47.0 (Chrome)", "Accept-Charset": "ISO-8859-1,utf-8;q=0.7,*;q=0.7", "Accept": "text/html,application/xhtml+xml,application/xml;q=0.9,*/*;q=0.8", "Accept-Encoding": "gzip, deflate", "Accept-Language": "en-us,en;q=0.5"}}, {"ext": "mp4", "height": 720, "format_note": "DASH video", "vcodec": "avc1.4d401f", "format_id": "136", "url": "https://r3---sn-4g5e6nes.googlevideo.com/videoplayback?id=78eab3255eeaed24&itag=136&source=youtube&requiressl=yes&ei=iJ6JWcvcNNWLVue0gsgL&ms=au&mv=m&initcwndbps=4702500&pl=16&mm=31&mn=sn-4g5e6nes&ratebypass=yes&mime=video/mp4&gir=yes&clen=64055374&lmt=1386471162046426&dur=436.803&signature=7C332D9EC7F7A550B4F4C86E982ED69B74995E5E.728DFEB7FC476B81C2AF6A34F3398ED28D755C82&mt=1502191151&key=dg_yt0&ip=131.159.40.117&ipbits=0&expire=1502212841&sparams=ip,ipbits,expire,id,itag,source,requiressl,ei,ms,mv,initcwndbps,pl,mm,mn,ratebypass,mime,gir,clen,lmt,dur", "manifest_url": "https://manifest.googlevideo.com/api/manifest/dash/id/78eab3255eeaed24/ipbits/0/sparams/as%2Cei%2Chfr%2Cid%2Cinitcwndbps%2Cip%2Cipbits%2Citag%2Cmm%2Cmn%2Cms%2Cmv%2Cpl%2Cplayback_host%2Crequiressl%2Csource%2Cexpire/signature/010DAB47A7CB545B6311347EB922074602E7ACA4.026F69DC8A51A244AA7FF912D5511FCD70E0D9DA/requiressl/yes/ei/iJ6JWcvcNNWLVue0gsgL/ms/au/source/youtube/expire/1502212841/mv/m/initcwndbps/4702500/hfr/1/mt/1502191151/itag/0/pl/16/ip/131.159.40.117/mm/31/mn/sn-4g5e6nes/key/yt6/playback_host/r3---sn-4g5e6nes.googlevideo.com/as/fmp4_audio_clear%2Cfmp4_sd_hd_clear", "width": 1280, "tbr": 2116.409, "asr": null, "fps": 30, "language": null, "filesize": 64055374, "acodec": "none", "format": "136 - 1280x720 (DASH video)", "protocol": "https", "http_headers": {"User-Agent": "Mozilla/5.0 (X11; Linux x86_64; rv:10.0) Gecko/20150101 Firefox/47.0 (Chrome)", "Accept-Charset": "ISO-8859-1,utf-8;q=0.7,*;q=0.7", "Accept": "text/html,application/xhtml+xml,application/xml;q=0.9,*/*;q=0.8", "Accept-Encoding": "gzip, deflate", "Accept-Language": "en-us,en;q=0.5"}}, {"format_id": "17", "url": "https://r3---sn-4g5e6nes.googlevideo.com/videoplayback?signature=7B585B2A6E01E8895FF6AED3CBE31BCE90AC2FF1.CF08D4C9D5B44A859E45A76C1A7EA7BE884CB195&requiressl=yes&initcwndbps=4702500&mime=video%2F3gpp&gir=yes&key=yt6&ipbits=0&dur=437.231&expire=1502212840&lmt=1386471293622419&pl=16&ei=iJ6JWY-yE4b0VZfLsdgP&itag=17&source=youtube&mm=31&mn=sn-4g5e6nes&id=o-AOJ20GeQeu0D27rzQrI58Gle98fbThx2kVJfSJb-VSdC&clen=4468893&ip=131.159.40.117&mt=1502191151&sparams=clen%2Cdur%2Cei%2Cgir%2Cid%2Cinitcwndbps%2Cip%2Cipbits%2Citag%2Clmt%2Cmime%2Cmm%2Cmn%2Cms%2Cmv%2Cpl%2Crequiressl%2Csource%2Cexpire&mv=m&ms=au&ratebypass=yes", "player_url": null, "ext": "3gp", "width": 176, "height": 144, "acodec": "mp4a.40.2", "abr": 24, "vcodec": "mp4v.20.3", "resolution": "176x144", "format_note": "small", "format": "17 - 176x144 (small)", "protocol": "https", "http_headers": {"User-Agent": "Mozilla/5.0 (X11; Linux x86_64; rv:10.0) Gecko/20150101 Firefox/47.0 (Chrome)", "Accept-Charset": "ISO-8859-1,utf-8;q=0.7,*;q=0.7", "Accept": "text/html,application/xhtml+xml,application/xml;q=0.9,*/*;q=0.8", "Accept-Encoding": "gzip, deflate", "Accept-Language": "en-us,en;q=0.5"}}, {"format_id": "36", "url": "https://r3---sn-4g5e6nes.googlevideo.com/videoplayback?signature=246D1F0F6C19E7BCB74D01C131AA3AC3C794F2D0.6085EE62494E87ECC2B52A2043ED8EB8A4FF18F0&requiressl=yes&initcwndbps=4702500&mime=video%2F3gpp&gir=yes&key=yt6&ipbits=0&dur=437.045&expire=1502212840&lmt=1426974598331820&pl=16&ei=iJ6JWY-yE4b0VZfLsdgP&itag=36&source=youtube&mm=31&mn=sn-4g5e6nes&id=o-AOJ20GeQeu0D27rzQrI58Gle98fbThx2kVJfSJb-VSdC&clen=12362679&ip=131.159.40.117&mt=1502191151&sparams=clen%2Cdur%2Cei%2Cgir%2Cid%2Cinitcwndbps%2Cip%2Cipbits%2Citag%2Clmt%2Cmime%2Cmm%2Cmn%2Cms%2Cmv%2Cpl%2Crequiressl%2Csource%2Cexpire&mv=m&ms=au&ratebypass=yes", "player_url": null, "ext": "3gp", "width": 320, "acodec": "mp4a.40.2", "vcodec": "mp4v.20.3", "resolution": "320x180", "height": 180, "format_note": "small", "format": "36 - 320x180 (small)", "protocol": "https", "http_headers": {"User-Agent": "Mozilla/5.0 (X11; Linux x86_64; rv:10.0) Gecko/20150101 Firefox/47.0 (Chrome)", "Accept-Charset": "ISO-8859-1,utf-8;q=0.7,*;q=0.7", "Accept": "text/html,application/xhtml+xml,application/xml;q=0.9,*/*;q=0.8", "Accept-Encoding": "gzip, deflate", "Accept-Language": "en-us,en;q=0.5"}}, {"format_id": "43", "url": "https://r3---sn-4g5e6nes.googlevideo.com/videoplayback?ratebypass=yes&signature=D55E1C273C659E82BC6DD58641FAED598C4CF479.829003F5B464ABA5C878C07927C17A0C2F0060F2&requiressl=yes&initcwndbps=4702500&mime=video%2Fwebm&gir=yes&key=yt6&ipbits=0&dur=0.000&expire=1502212840&lmt=1298711091595435&pl=16&ei=iJ6JWY-yE4b0VZfLsdgP&itag=43&source=youtube&mm=31&mn=sn-4g5e6nes&id=o-AOJ20GeQeu0D27rzQrI58Gle98fbThx2kVJfSJb-VSdC&clen=29163749&ip=131.159.40.117&mt=1502191151&sparams=clen%2Cdur%2Cei%2Cgir%2Cid%2Cinitcwndbps%2Cip%2Cipbits%2Citag%2Clmt%2Cmime%2Cmm%2Cmn%2Cms%2Cmv%2Cpl%2Cratebypass%2Crequiressl%2Csource%2Cexpire&mv=m&ms=au", "player_url": null, "ext": "webm", "width": 640, "height": 360, "acodec": "vorbis", "abr": 128, "vcodec": "vp8.0", "resolution": "640x360", "format_note": "medium", "format": "43 - 640x360 (medium)", "protocol": "https", "http_headers": {"User-Agent": "Mozilla/5.0 (X11; Linux x86_64; rv:10.0) Gecko/20150101 Firefox/47.0 (Chrome)", "Accept-Charset": "ISO-8859-1,utf-8;q=0.7,*;q=0.7", "Accept": "text/html,application/xhtml+xml,application/xml;q=0.9,*/*;q=0.8", "Accept-Encoding": "gzip, deflate", "Accept-Language": "en-us,en;q=0.5"}}, {"format_id": "18", "url": "https://r3---sn-4g5e6nes.googlevideo.com/videoplayback?ratebypass=yes&signature=21B6FAE27352F1081C63E77EF57700E11E246403.39E873589D87701CD4F64CCF322F68A45EA7448D&requiressl=yes&initcwndbps=4702500&mime=video%2Fmp4&gir=yes&key=yt6&ipbits=0&dur=436.883&expire=1502212840&lmt=1386471201647440&pl=16&ei=iJ6JWY-yE4b0VZfLsdgP&itag=18&source=youtube&mm=31&mn=sn-4g5e6nes&id=o-AOJ20GeQeu0D27rzQrI58Gle98fbThx2kVJfSJb-VSdC&clen=26131800&ip=131.159.40.117&mt=1502191151&sparams=clen%2Cdur%2Cei%2Cgir%2Cid%2Cinitcwndbps%2Cip%2Cipbits%2Citag%2Clmt%2Cmime%2Cmm%2Cmn%2Cms%2Cmv%2Cpl%2Cratebypass%2Crequiressl%2Csource%2Cexpire&mv=m&ms=au", "player_url": null, "ext": "mp4", "width": 640, "height": 360, "acodec": "mp4a.40.2", "abr": 96, "vcodec": "avc1.42001E", "resolution": "640x360", "format_note": "medium", "format": "18 - 640x360 (medium)", "protocol": "https", "http_headers": {"User-Agent": "Mozilla/5.0 (X11; Linux x86_64; rv:10.0) Gecko/20150101 Firefox/47.0 (Chrome)", "Accept-Charset": "ISO-8859-1,utf-8;q=0.7,*;q=0.7", "Accept": "text/html,application/xhtml+xml,application/xml;q=0.9,*/*;q=0.8", "Accept-Encoding": "gzip, deflate", "Accept-Language": "en-us,en;q=0.5"}}, {"format_id": "22", "url": "https://r3---sn-4g5e6nes.googlevideo.com/videoplayback?pl=16&ratebypass=yes&ei=iJ6JWY-yE4b0VZfLsdgP&itag=22&requiressl=yes&initcwndbps=4702500&source=youtube&signature=A70B6876C0EC3881CBBA67853A18FEC518247D53.DAD66E5B24DCB7177EDEDC322B4693ECB3A8A7BF&mime=video%2Fmp4&key=yt6&mm=31&ipbits=0&dur=436.883&mn=sn-4g5e6nes&id=o-AOJ20GeQeu0D27rzQrI58Gle98fbThx2kVJfSJb-VSdC&expire=1502212840&ip=131.159.40.117&lmt=1470957417985468&mt=1502191151&sparams=dur%2Cei%2Cid%2Cinitcwndbps%2Cip%2Cipbits%2Citag%2Clmt%2Cmime%2Cmm%2Cmn%2Cms%2Cmv%2Cpl%2Cratebypass%2Crequiressl%2Csource%2Cexpire&mv=m&ms=au", "player_url": null, "ext": "mp4", "width": 1280, "height": 720, "acodec": "mp4a.40.2", "abr": 192, "vcodec": "avc1.64001F", "resolution": "1280x720", "format_note": "hd720", "format": "22 - 1280x720 (hd720)", "protocol": "https", "http_headers": {"User-Agent": "Mozilla/5.0 (X11; Linux x86_64; rv:10.0) Gecko/20150101 Firefox/47.0 (Chrome)", "Accept-Charset": "ISO-8859-1,utf-8;q=0.7,*;q=0.7", "Accept": "text/html,application/xhtml+xml,application/xml;q=0.9,*/*;q=0.8", "Accept-Encoding": "gzip, deflate", "Accept-Language": "en-us,en;q=0.5"}}], "is_live": null, "start_time": null, "end_time": null, "series": null, "season_number": null, "episode_number": null, "extractor": "youtube", "webpage_url_basename": "eOqzJV7q7SQ", "extractor_key": "Youtube", "playlist": null, "playlist_index": null, "thumbnails": [{"url": "https://i.ytimg.com/vi/eOqzJV7q7SQ/maxresdefault.jpg", "id": "0"}], "display_id": "eOqzJV7q7SQ", "ext": "mp4", "height": 720, "format_note": "DASH video", "vcodec": "avc1.4d401f", "format_id": "136", "url": "https://r3---sn-4g5e6nes.googlevideo.com/videoplayback?id=78eab3255eeaed24&itag=136&source=youtube&requiressl=yes&ei=iJ6JWcvcNNWLVue0gsgL&ms=au&mv=m&initcwndbps=4702500&pl=16&mm=31&mn=sn-4g5e6nes&ratebypass=yes&mime=video/mp4&gir=yes&clen=64055374&lmt=1386471162046426&dur=436.803&signature=7C332D9EC7F7A550B4F4C86E982ED69B74995E5E.728DFEB7FC476B81C2AF6A34F3398ED28D755C82&mt=1502191151&key=dg_yt0&ip=131.159.40.117&ipbits=0&expire=1502212841&sparams=ip,ipbits,expire,id,itag,source,requiressl,ei,ms,mv,initcwndbps,pl,mm,mn,ratebypass,mime,gir,clen,lmt,dur", "manifest_url": "https://manifest.googlevideo.com/api/manifest/dash/id/78eab3255eeaed24/ipbits/0/sparams/as%2Cei%2Chfr%2Cid%2Cinitcwndbps%2Cip%2Cipbits%2Citag%2Cmm%2Cmn%2Cms%2Cmv%2Cpl%2Cplayback_host%2Crequiressl%2Csource%2Cexpire/signature/010DAB47A7CB545B6311347EB922074602E7ACA4.026F69DC8A51A244AA7FF912D5511FCD70E0D9DA/requiressl/yes/ei/iJ6JWcvcNNWLVue0gsgL/ms/au/source/youtube/expire/1502212841/mv/m/initcwndbps/4702500/hfr/1/mt/1502191151/itag/0/pl/16/ip/131.159.40.117/mm/31/mn/sn-4g5e6nes/key/yt6/playback_host/r3---sn-4g5e6nes.googlevideo.com/as/fmp4_audio_clear%2Cfmp4_sd_hd_clear", "width": 1280, "tbr": 2116.409, "asr": null, "fps": 30, "language": null, "filesize": 64055374, "acodec": "none", "format": "136 - 1280x720 (DASH video)", "protocol": "https", "http_headers": {"User-Agent": "Mozilla/5.0 (X11; Linux x86_64; rv:10.0) Gecko/20150101 Firefox/47.0 (Chrome)", "Accept-Charset": "ISO-8859-1,utf-8;q=0.7,*;q=0.7", "Accept": "text/html,application/xhtml+xml,application/xml;q=0.9,*/*;q=0.8", "Accept-Encoding": "gzip, deflate", "Accept-Language": "en-us,en;q=0.5"}, "fulltitle": "5 Minute Full Makeup Face Routine", "_filename": "eOqzJV7q7SQ.mp4"}