{"id": "k9ptMDYq2yI", "uploader": "RT en Espa\u00f1ol", "uploader_id": "ActualidadRT", "uploader_url": "http://www.youtube.com/user/ActualidadRT", "upload_date": "20130227", "license": "Standard YouTube License", "creator": null, "title": "Ir\u00e1n: Israel debe responder por la posesi\u00f3n de armas nucleares", "alt_title": null, "thumbnail": "https://i.ytimg.com/vi/k9ptMDYq2yI/maxresdefault.jpg", "description": "Ellos deben responder ante la comunidad internacional. La comunidad internacional y el OIEA deber\u00edan seriamente decidirse a desarmar al r\u00e9gimen y detener la propagaci\u00f3n de las armas nucleares\", declar\u00f3 Jalili este mi\u00e9rcoles en una conferencia al t\u00e9rmino de dos d\u00edas de conversaciones en Kazajist\u00e1n entre Ir\u00e1n y el 'sexteto' de mediadores internacionales.\n\n\"Ayer la contraparte en respuesta a Ir\u00e1n ofreci\u00f3 algunas propuestas que incluyen algunos de los puntos que Ir\u00e1n propuso en Mosc\u00fa , agreg\u00f3 Jalili.\n\nLEER MAS: http://actualidad.rt.com/actualidad/view/87663-iran-israel-debe-responder-posesion-armas-nucleares\n\n\u00a1Suscr\u00edbete a \"ActualidadRT\"! http://www.youtube.com/subscription_center?add_user=ActualidadRT\nSiganos en http://twitter.com/ActualidadRT\nhttp://www.facebook.com/ActualidadRT y https://plus.google.com/b/117205813728682314068/117205813728682314068/posts\nRT en vivo: http://actualidad.rt.com/mas/envivo/\n\nRT EN ESPA\u00d1OL: DESDE RUSIA CON INFORMACI\u00d3", "categories": ["News & Politics"], "tags": ["RT Actualidad", "noticias", "noticias internacionales", "russia today", "rt espanol", "rt tv", "rt", "rt spanish", "Iran", "Sexteto", "Israel", "Kazajistan", "armas nucleares", "Rusia", "Teheran", "Energ\u00eda At\u00f3mica", "reuni\u00f3n", "Rep\u00fablica Isl\u00e1mica", "Ahmadineyad", "armas", "armamento", "Mahmud Ahmadineyad", "Ahmadinejad", "Ir\u00e1n", "pais persa", "Kerry", "EE.UU.", "EEUU", "Gobierno", "Alemania", "China", "nuclear", "programa nuclear", "diplomacia", "Supremo Consejo", "Seguridad Nacional", "oiea", "OIEA", "Moscu", "Moscow", "Russia", "Lavrov", "canciller"], "subtitles": {}, "automatic_captions": {}, "duration": 224, "age_limit": 0, "annotations": null, "chapters": null, "webpage_url": "https://www.youtube.com/watch?v=k9ptMDYq2yI", "view_count": 3619, "like_count": 33, "dislike_count": 2, "average_rating": 4.77142858505, "formats": [{"ext": "m4a", "format_note": "DASH audio", "acodec": "mp4a.40.5", "abr": 48, "container": "m4a_dash", "format_id": "139", "url": "https://r8---sn-4g57knke.googlevideo.com/videoplayback?id=93da6d30362adb22&itag=139&source=youtube&requiressl=yes&mm=31&mn=sn-4g57knke&mv=m&initcwndbps=3892500&ms=au&pl=16&ei=2CuLWcLQJovsW9Pvp4AF&ratebypass=yes&mime=audio/mp4&gir=yes&clen=1331855&lmt=1387424447974048&dur=223.840&key=dg_yt0&signature=7DFBB9C879C185FFCB160387E5B327F10D4EEFFE.1F09465A00170DDE36AD15227DAC83AFAFB91D8D&mt=1502292749&beids=[9466592]&ip=131.159.40.117&ipbits=0&expire=1502314552&sparams=ip,ipbits,expire,id,itag,source,requiressl,mm,mn,mv,initcwndbps,ms,pl,ei,ratebypass,mime,gir,clen,lmt,dur", "manifest_url": "https://manifest.googlevideo.com/api/manifest/dash/mm/31/mn/sn-4g57knke/ip/131.159.40.117/key/yt6/signature/0B5A54B7E058C9A46C1D0A227D702BC55D837433.088EEE974C480834D2B8B12186858F20D2AEFB87/as/fmp4_audio_clear%2Cfmp4_sd_hd_clear/mt/1502292749/mv/m/initcwndbps/3892500/ipbits/0/ms/au/pl/16/id/93da6d30362adb22/source/youtube/itag/0/playback_host/r8---sn-4g57knke.googlevideo.com/expire/1502314552/hfr/1/beids/%5B9466592%5D/requiressl/yes/sparams/as%2Cei%2Chfr%2Cid%2Cinitcwndbps%2Cip%2Cipbits%2Citag%2Cmm%2Cmn%2Cms%2Cmv%2Cpl%2Cplayback_host%2Crequiressl%2Csource%2Cexpire/ei/2CuLWcLQJovsW9Pvp4AF", "width": null, "height": null, "tbr": 48.585, "asr": 22050, "fps": null, "language": null, "filesize": 1331855, "vcodec": "none", "format": "139 - audio only (DASH audio)", "protocol": "https", "http_headers": {"User-Agent": "Mozilla/5.0 (X11; Linux x86_64; rv:10.0) Gecko/20150101 Firefox/47.0 (Chrome)", "Accept-Charset": "ISO-8859-1,utf-8;q=0.7,*;q=0.7", "Accept": "text/html,application/xhtml+xml,application/xml;q=0.9,*/*;q=0.8", "Accept-Encoding": "gzip, deflate", "Accept-Language": "en-us,en;q=0.5"}}, {"format_id": "249", "url": "https://r8---sn-4g57knke.googlevideo.com/videoplayback?itag=249&key=yt6&mime=audio%2Fwebm&id=o-AP9Ya5Gi5B9z1gjgdfOf67Of8wVnlO0A3uDeYT1UbK3a&signature=9ECCDB91D3BBC6D5EE9086424BB8F09915B1A15C.B33C485DD423465D5E101E28BF53BECCF660047C&ms=au&mv=m&mt=1502292749&pl=16&expire=1502314552&mn=sn-4g57knke&mm=31&ip=131.159.40.117&gir=yes&requiressl=yes&ei=2CuLWbWZB83PWeXPsqgJ&keepalive=yes&initcwndbps=3892500&source=youtube&ipbits=0&lmt=1425253521666343&sparams=clen%2Cdur%2Cei%2Cgir%2Cid%2Cinitcwndbps%2Cip%2Cipbits%2Citag%2Ckeepalive%2Clmt%2Cmime%2Cmm%2Cmn%2Cms%2Cmv%2Cpl%2Crequiressl%2Csource%2Cexpire&beids=%5B9466592%5D&dur=223.721&clen=1427786&ratebypass=yes", "player_url": null, "ext": "webm", "format_note": "DASH audio", "acodec": "opus", "abr": 50, "filesize": 1427786, "tbr": 52.777, "vcodec": "none", "format": "249 - audio only (DASH audio)", "protocol": "https", "http_headers": {"User-Agent": "Mozilla/5.0 (X11; Linux x86_64; rv:10.0) Gecko/20150101 Firefox/47.0 (Chrome)", "Accept-Charset": "ISO-8859-1,utf-8;q=0.7,*;q=0.7", "Accept": "text/html,application/xhtml+xml,application/xml;q=0.9,*/*;q=0.8", "Accept-Encoding": "gzip, deflate", "Accept-Language": "en-us,en;q=0.5"}}, {"format_id": "250", "url": "https://r8---sn-4g57knke.googlevideo.com/videoplayback?itag=250&key=yt6&mime=audio%2Fwebm&id=o-AP9Ya5Gi5B9z1gjgdfOf67Of8wVnlO0A3uDeYT1UbK3a&signature=01225FFA84BCCD08FD2168EA69249EC961FE1A8F.AA08EB5C1F37055228604FD9EA74CF68055C568E&ms=au&mv=m&mt=1502292749&pl=16&expire=1502314552&mn=sn-4g57knke&mm=31&ip=131.159.40.117&gir=yes&requiressl=yes&ei=2CuLWbWZB83PWeXPsqgJ&keepalive=yes&initcwndbps=3892500&source=youtube&ipbits=0&lmt=1425253516874993&sparams=clen%2Cdur%2Cei%2Cgir%2Cid%2Cinitcwndbps%2Cip%2Cipbits%2Citag%2Ckeepalive%2Clmt%2Cmime%2Cmm%2Cmn%2Cms%2Cmv%2Cpl%2Crequiressl%2Csource%2Cexpire&beids=%5B9466592%5D&dur=223.721&clen=1794813&ratebypass=yes", "player_url": null, "ext": "webm", "format_note": "DASH audio", "acodec": "opus", "abr": 70, "filesize": 1794813, "tbr": 71.408, "vcodec": "none", "format": "250 - audio only (DASH audio)", "protocol": "https", "http_headers": {"User-Agent": "Mozilla/5.0 (X11; Linux x86_64; rv:10.0) Gecko/20150101 Firefox/47.0 (Chrome)", "Accept-Charset": "ISO-8859-1,utf-8;q=0.7,*;q=0.7", "Accept": "text/html,application/xhtml+xml,application/xml;q=0.9,*/*;q=0.8", "Accept-Encoding": "gzip, deflate", "Accept-Language": "en-us,en;q=0.5"}}, {"format_id": "171", "url": "https://r8---sn-4g57knke.googlevideo.com/videoplayback?itag=171&key=yt6&mime=audio%2Fwebm&id=o-AP9Ya5Gi5B9z1gjgdfOf67Of8wVnlO0A3uDeYT1UbK3a&signature=8A7B157B67F1F008A8A572A5992EDBA91C9A4CAC.20DC038269152F9BD72DE8BA864526997B7B5627&ms=au&mv=m&mt=1502292749&pl=16&expire=1502314552&mn=sn-4g57knke&mm=31&ip=131.159.40.117&gir=yes&requiressl=yes&ei=2CuLWbWZB83PWeXPsqgJ&keepalive=yes&initcwndbps=3892500&source=youtube&ipbits=0&lmt=1425253523673266&sparams=clen%2Cdur%2Cei%2Cgir%2Cid%2Cinitcwndbps%2Cip%2Cipbits%2Citag%2Ckeepalive%2Clmt%2Cmime%2Cmm%2Cmn%2Cms%2Cmv%2Cpl%2Crequiressl%2Csource%2Cexpire&beids=%5B9466592%5D&dur=223.714&clen=2433745&ratebypass=yes", "player_url": null, "ext": "webm", "acodec": "vorbis", "format_note": "DASH audio", "abr": 128, "filesize": 2433745, "tbr": 97.255, "vcodec": "none", "format": "171 - audio only (DASH audio)", "protocol": "https", "http_headers": {"User-Agent": "Mozilla/5.0 (X11; Linux x86_64; rv:10.0) Gecko/20150101 Firefox/47.0 (Chrome)", "Accept-Charset": "ISO-8859-1,utf-8;q=0.7,*;q=0.7", "Accept": "text/html,application/xhtml+xml,application/xml;q=0.9,*/*;q=0.8", "Accept-Encoding": "gzip, deflate", "Accept-Language": "en-us,en;q=0.5"}}, {"ext": "m4a", "format_note": "DASH audio", "acodec": "mp4a.40.2", "abr": 128, "container": "m4a_dash", "format_id": "140", "url": "https://r8---sn-4g57knke.googlevideo.com/videoplayback?id=93da6d30362adb22&itag=140&source=youtube&requiressl=yes&mm=31&mn=sn-4g57knke&mv=m&initcwndbps=3892500&ms=au&pl=16&ei=2CuLWcLQJovsW9Pvp4AF&ratebypass=yes&mime=audio/mp4&gir=yes&clen=3554620&lmt=1387424447949409&dur=223.770&key=dg_yt0&signature=2FF2F14FE9801200CA159D6E80D9E5C68048407A.2AC4A620E16BE57111E22DA9EF4B3D1477104778&mt=1502292749&beids=[9466592]&ip=131.159.40.117&ipbits=0&expire=1502314552&sparams=ip,ipbits,expire,id,itag,source,requiressl,mm,mn,mv,initcwndbps,ms,pl,ei,ratebypass,mime,gir,clen,lmt,dur", "manifest_url": "https://manifest.googlevideo.com/api/manifest/dash/mm/31/mn/sn-4g57knke/ip/131.159.40.117/key/yt6/signature/0B5A54B7E058C9A46C1D0A227D702BC55D837433.088EEE974C480834D2B8B12186858F20D2AEFB87/as/fmp4_audio_clear%2Cfmp4_sd_hd_clear/mt/1502292749/mv/m/initcwndbps/3892500/ipbits/0/ms/au/pl/16/id/93da6d30362adb22/source/youtube/itag/0/playback_host/r8---sn-4g57knke.googlevideo.com/expire/1502314552/hfr/1/beids/%5B9466592%5D/requiressl/yes/sparams/as%2Cei%2Chfr%2Cid%2Cinitcwndbps%2Cip%2Cipbits%2Citag%2Cmm%2Cmn%2Cms%2Cmv%2Cpl%2Cplayback_host%2Crequiressl%2Csource%2Cexpire/ei/2CuLWcLQJovsW9Pvp4AF", "width": null, "height": null, "tbr": 127.992, "asr": 44100, "fps": null, "language": null, "filesize": 3554620, "vcodec": "none", "format": "140 - audio only (DASH audio)", "protocol": "https", "http_headers": {"User-Agent": "Mozilla/5.0 (X11; Linux x86_64; rv:10.0) Gecko/20150101 Firefox/47.0 (Chrome)", "Accept-Charset": "ISO-8859-1,utf-8;q=0.7,*;q=0.7", "Accept": "text/html,application/xhtml+xml,application/xml;q=0.9,*/*;q=0.8", "Accept-Encoding": "gzip, deflate", "Accept-Language": "en-us,en;q=0.5"}}, {"format_id": "251", "url": "https://r8---sn-4g57knke.googlevideo.com/videoplayback?itag=251&key=yt6&mime=audio%2Fwebm&id=o-AP9Ya5Gi5B9z1gjgdfOf67Of8wVnlO0A3uDeYT1UbK3a&signature=B9AC24CBC4D1A2DD4458AFC1D0E88315237A41DD.18BC04BB2E9069EC02D182F476BCCB0A70CD32DE&ms=au&mv=m&mt=1502292749&pl=16&expire=1502314552&mn=sn-4g57knke&mm=31&ip=131.159.40.117&gir=yes&requiressl=yes&ei=2CuLWbWZB83PWeXPsqgJ&keepalive=yes&initcwndbps=3892500&source=youtube&ipbits=0&lmt=1425253518428750&sparams=clen%2Cdur%2Cei%2Cgir%2Cid%2Cinitcwndbps%2Cip%2Cipbits%2Citag%2Ckeepalive%2Clmt%2Cmime%2Cmm%2Cmn%2Cms%2Cmv%2Cpl%2Crequiressl%2Csource%2Cexpire&beids=%5B9466592%5D&dur=223.721&clen=4007380&ratebypass=yes", "player_url": null, "ext": "webm", "format_note": "DASH audio", "acodec": "opus", "abr": 160, "filesize": 4007380, "tbr": 154.718, "vcodec": "none", "format": "251 - audio only (DASH audio)", "protocol": "https", "http_headers": {"User-Agent": "Mozilla/5.0 (X11; Linux x86_64; rv:10.0) Gecko/20150101 Firefox/47.0 (Chrome)", "Accept-Charset": "ISO-8859-1,utf-8;q=0.7,*;q=0.7", "Accept": "text/html,application/xhtml+xml,application/xml;q=0.9,*/*;q=0.8", "Accept-Encoding": "gzip, deflate", "Accept-Language": "en-us,en;q=0.5"}}, {"format_id": "278", "url": "https://r8---sn-4g57knke.googlevideo.com/videoplayback?itag=278&key=yt6&mime=video%2Fwebm&id=o-AP9Ya5Gi5B9z1gjgdfOf67Of8wVnlO0A3uDeYT1UbK3a&signature=5F1CC1437B92F65AD3DAB6E7301A4FD05BF1D4A0.03F2F957596B02E3877120280A5CDBF50BA4E124&ms=au&mv=m&mt=1502292749&pl=16&expire=1502314552&mn=sn-4g57knke&mm=31&ip=131.159.40.117&gir=yes&requiressl=yes&ei=2CuLWbWZB83PWeXPsqgJ&keepalive=yes&initcwndbps=3892500&source=youtube&ipbits=0&lmt=1425253617055384&sparams=clen%2Cdur%2Cei%2Cgir%2Cid%2Cinitcwndbps%2Cip%2Cipbits%2Citag%2Ckeepalive%2Clmt%2Cmime%2Cmm%2Cmn%2Cms%2Cmv%2Cpl%2Crequiressl%2Csource%2Cexpire&beids=%5B9466592%5D&dur=223.720&clen=2441484&ratebypass=yes", "player_url": null, "ext": "webm", "height": 144, "format_note": "144p", "container": "webm", "vcodec": "vp9", "filesize": 2441484, "tbr": 102.842, "width": 256, "fps": 13, "acodec": "none", "format": "278 - 256x144 (144p)", "protocol": "https", "http_headers": {"User-Agent": "Mozilla/5.0 (X11; Linux x86_64; rv:10.0) Gecko/20150101 Firefox/47.0 (Chrome)", "Accept-Charset": "ISO-8859-1,utf-8;q=0.7,*;q=0.7", "Accept": "text/html,application/xhtml+xml,application/xml;q=0.9,*/*;q=0.8", "Accept-Encoding": "gzip, deflate", "Accept-Language": "en-us,en;q=0.5"}}, {"ext": "mp4", "height": 144, "format_note": "DASH video", "vcodec": "avc1.4d400c", "format_id": "160", "url": "https://r8---sn-4g57knke.googlevideo.com/videoplayback?id=93da6d30362adb22&itag=160&source=youtube&requiressl=yes&mm=31&mn=sn-4g57knke&mv=m&initcwndbps=3892500&ms=au&pl=16&ei=2CuLWcLQJovsW9Pvp4AF&ratebypass=yes&mime=video/mp4&gir=yes&clen=3107707&lmt=1387424445847112&dur=223.680&key=dg_yt0&signature=1D060D055CD1A37B1A3A506BA5D347AAE4A59353.6464FBF0ABBBB219A5C95A4EE1C45B651DA7894D&mt=1502292749&beids=[9466592]&ip=131.159.40.117&ipbits=0&expire=1502314552&sparams=ip,ipbits,expire,id,itag,source,requiressl,mm,mn,mv,initcwndbps,ms,pl,ei,ratebypass,mime,gir,clen,lmt,dur", "manifest_url": "https://manifest.googlevideo.com/api/manifest/dash/mm/31/mn/sn-4g57knke/ip/131.159.40.117/key/yt6/signature/0B5A54B7E058C9A46C1D0A227D702BC55D837433.088EEE974C480834D2B8B12186858F20D2AEFB87/as/fmp4_audio_clear%2Cfmp4_sd_hd_clear/mt/1502292749/mv/m/initcwndbps/3892500/ipbits/0/ms/au/pl/16/id/93da6d30362adb22/source/youtube/itag/0/playback_host/r8---sn-4g57knke.googlevideo.com/expire/1502314552/hfr/1/beids/%5B9466592%5D/requiressl/yes/sparams/as%2Cei%2Chfr%2Cid%2Cinitcwndbps%2Cip%2Cipbits%2Citag%2Cmm%2Cmn%2Cms%2Cmv%2Cpl%2Cplayback_host%2Crequiressl%2Csource%2Cexpire/ei/2CuLWcLQJovsW9Pvp4AF", "width": 256, "tbr": 118.196, "asr": null, "fps": 15, "language": null, "filesize": 3107707, "acodec": "none", "format": "160 - 256x144 (DASH video)", "protocol": "https", "http_headers": {"User-Agent": "Mozilla/5.0 (X11; Linux x86_64; rv:10.0) Gecko/20150101 Firefox/47.0 (Chrome)", "Accept-Charset": "ISO-8859-1,utf-8;q=0.7,*;q=0.7", "Accept": "text/html,application/xhtml+xml,application/xml;q=0.9,*/*;q=0.8", "Accept-Encoding": "gzip, deflate", "Accept-Language": "en-us,en;q=0.5"}}, {"format_id": "242", "url": "https://r8---sn-4g57knke.googlevideo.com/videoplayback?itag=242&key=yt6&mime=video%2Fwebm&id=o-AP9Ya5Gi5B9z1gjgdfOf67Of8wVnlO0A3uDeYT1UbK3a&signature=98589587E0691F92D3D352DBA63452BF9CC66CAF.3AF211AB32CA37A8CDEC8594572DAEFBB86D835F&ms=au&mv=m&mt=1502292749&pl=16&expire=1502314552&mn=sn-4g57knke&mm=31&ip=131.159.40.117&gir=yes&requiressl=yes&ei=2CuLWbWZB83PWeXPsqgJ&keepalive=yes&initcwndbps=3892500&source=youtube&ipbits=0&lmt=1425253585854407&sparams=clen%2Cdur%2Cei%2Cgir%2Cid%2Cinitcwndbps%2Cip%2Cipbits%2Citag%2Ckeepalive%2Clmt%2Cmime%2Cmm%2Cmn%2Cms%2Cmv%2Cpl%2Crequiressl%2Csource%2Cexpire&beids=%5B9466592%5D&dur=223.680&clen=4142718&ratebypass=yes", "player_url": null, "ext": "webm", "height": 240, "format_note": "240p", "vcodec": "vp9", "filesize": 4142718, "tbr": 225.925, "width": 426, "fps": 25, "acodec": "none", "format": "242 - 426x240 (240p)", "protocol": "https", "http_headers": {"User-Agent": "Mozilla/5.0 (X11; Linux x86_64; rv:10.0) Gecko/20150101 Firefox/47.0 (Chrome)", "Accept-Charset": "ISO-8859-1,utf-8;q=0.7,*;q=0.7", "Accept": "text/html,application/xhtml+xml,application/xml;q=0.9,*/*;q=0.8", "Accept-Encoding": "gzip, deflate", "Accept-Language": "en-us,en;q=0.5"}}, {"ext": "mp4", "height": 240, "format_note": "DASH video", "vcodec": "avc1.4d4015", "format_id": "133", "url": "https://r8---sn-4g57knke.googlevideo.com/videoplayback?id=93da6d30362adb22&itag=133&source=youtube&requiressl=yes&mm=31&mn=sn-4g57knke&mv=m&initcwndbps=3892500&ms=au&pl=16&ei=2CuLWcLQJovsW9Pvp4AF&ratebypass=yes&mime=video/mp4&gir=yes&clen=6869524&lmt=1387424447951445&dur=223.680&key=dg_yt0&signature=3BBE095B5C3D2DB777B94B06E9AE9478715E5E69.11AC760215E2991927AFC2DC651A7E45590674E0&mt=1502292749&beids=[9466592]&ip=131.159.40.117&ipbits=0&expire=1502314552&sparams=ip,ipbits,expire,id,itag,source,requiressl,mm,mn,mv,initcwndbps,ms,pl,ei,ratebypass,mime,gir,clen,lmt,dur", "manifest_url": "https://manifest.googlevideo.com/api/manifest/dash/mm/31/mn/sn-4g57knke/ip/131.159.40.117/key/yt6/signature/0B5A54B7E058C9A46C1D0A227D702BC55D837433.088EEE974C480834D2B8B12186858F20D2AEFB87/as/fmp4_audio_clear%2Cfmp4_sd_hd_clear/mt/1502292749/mv/m/initcwndbps/3892500/ipbits/0/ms/au/pl/16/id/93da6d30362adb22/source/youtube/itag/0/playback_host/r8---sn-4g57knke.googlevideo.com/expire/1502314552/hfr/1/beids/%5B9466592%5D/requiressl/yes/sparams/as%2Cei%2Chfr%2Cid%2Cinitcwndbps%2Cip%2Cipbits%2Citag%2Cmm%2Cmn%2Cms%2Cmv%2Cpl%2Cplayback_host%2Crequiressl%2Csource%2Cexpire/ei/2CuLWcLQJovsW9Pvp4AF", "width": 426, "tbr": 255.562, "asr": null, "fps": 25, "language": null, "filesize": 6869524, "acodec": "none", "format": "133 - 426x240 (DASH video)", "protocol": "https", "http_headers": {"User-Agent": "Mozilla/5.0 (X11; Linux x86_64; rv:10.0) Gecko/20150101 Firefox/47.0 (Chrome)", "Accept-Charset": "ISO-8859-1,utf-8;q=0.7,*;q=0.7", "Accept": "text/html,application/xhtml+xml,application/xml;q=0.9,*/*;q=0.8", "Accept-Encoding": "gzip, deflate", "Accept-Language": "en-us,en;q=0.5"}}, {"format_id": "243", "url": "https://r8---sn-4g57knke.googlevideo.com/videoplayback?itag=243&key=yt6&mime=video%2Fwebm&id=o-AP9Ya5Gi5B9z1gjgdfOf67Of8wVnlO0A3uDeYT1UbK3a&signature=385B3BC2E9A2E53D3BA427FF92C5B3FD9CC4CFB8.23C69B37AAF5CBBD8EE8314DACBC41F0D1C9B943&ms=au&mv=m&mt=1502292749&pl=16&expire=1502314552&mn=sn-4g57knke&mm=31&ip=131.159.40.117&gir=yes&requiressl=yes&ei=2CuLWbWZB83PWeXPsqgJ&keepalive=yes&initcwndbps=3892500&source=youtube&ipbits=0&lmt=1425253606452961&sparams=clen%2Cdur%2Cei%2Cgir%2Cid%2Cinitcwndbps%2Cip%2Cipbits%2Citag%2Ckeepalive%2Clmt%2Cmime%2Cmm%2Cmn%2Cms%2Cmv%2Cpl%2Crequiressl%2Csource%2Cexpire&beids=%5B9466592%5D&dur=223.680&clen=7673643&ratebypass=yes", "player_url": null, "ext": "webm", "height": 360, "format_note": "360p", "vcodec": "vp9", "filesize": 7673643, "tbr": 409.619, "width": 640, "fps": 25, "acodec": "none", "format": "243 - 640x360 (360p)", "protocol": "https", "http_headers": {"User-Agent": "Mozilla/5.0 (X11; Linux x86_64; rv:10.0) Gecko/20150101 Firefox/47.0 (Chrome)", "Accept-Charset": "ISO-8859-1,utf-8;q=0.7,*;q=0.7", "Accept": "text/html,application/xhtml+xml,application/xml;q=0.9,*/*;q=0.8", "Accept-Encoding": "gzip, deflate", "Accept-Language": "en-us,en;q=0.5"}}, {"ext": "mp4", "height": 360, "format_note": "DASH video", "vcodec": "avc1.4d401e", "format_id": "134", "url": "https://r8---sn-4g57knke.googlevideo.com/videoplayback?id=93da6d30362adb22&itag=134&source=youtube&requiressl=yes&mm=31&mn=sn-4g57knke&mv=m&initcwndbps=3892500&ms=au&pl=16&ei=2CuLWcLQJovsW9Pvp4AF&ratebypass=yes&mime=video/mp4&gir=yes&clen=7683868&lmt=1387424457613459&dur=223.680&key=dg_yt0&signature=31C377F8E1FF662F66C2440A30457AAD8F009BCD.38317191A960642C0EB01153FF3630AF9094A5B6&mt=1502292749&beids=[9466592]&ip=131.159.40.117&ipbits=0&expire=1502314552&sparams=ip,ipbits,expire,id,itag,source,requiressl,mm,mn,mv,initcwndbps,ms,pl,ei,ratebypass,mime,gir,clen,lmt,dur", "manifest_url": "https://manifest.googlevideo.com/api/manifest/dash/mm/31/mn/sn-4g57knke/ip/131.159.40.117/key/yt6/signature/0B5A54B7E058C9A46C1D0A227D702BC55D837433.088EEE974C480834D2B8B12186858F20D2AEFB87/as/fmp4_audio_clear%2Cfmp4_sd_hd_clear/mt/1502292749/mv/m/initcwndbps/3892500/ipbits/0/ms/au/pl/16/id/93da6d30362adb22/source/youtube/itag/0/playback_host/r8---sn-4g57knke.googlevideo.com/expire/1502314552/hfr/1/beids/%5B9466592%5D/requiressl/yes/sparams/as%2Cei%2Chfr%2Cid%2Cinitcwndbps%2Cip%2Cipbits%2Citag%2Cmm%2Cmn%2Cms%2Cmv%2Cpl%2Cplayback_host%2Crequiressl%2Csource%2Cexpire/ei/2CuLWcLQJovsW9Pvp4AF", "width": 640, "tbr": 446.488, "asr": null, "fps": 25, "language": null, "filesize": 7683868, "acodec": "none", "format": "134 - 640x360 (DASH video)", "protocol": "https", "http_headers": {"User-Agent": "Mozilla/5.0 (X11; Linux x86_64; rv:10.0) Gecko/20150101 Firefox/47.0 (Chrome)", "Accept-Charset": "ISO-8859-1,utf-8;q=0.7,*;q=0.7", "Accept": "text/html,application/xhtml+xml,application/xml;q=0.9,*/*;q=0.8", "Accept-Encoding": "gzip, deflate", "Accept-Language": "en-us,en;q=0.5"}}, {"format_id": "244", "url": "https://r8---sn-4g57knke.googlevideo.com/videoplayback?itag=244&key=yt6&mime=video%2Fwebm&id=o-AP9Ya5Gi5B9z1gjgdfOf67Of8wVnlO0A3uDeYT1UbK3a&signature=08EC0DAC8B3E92E3FAF8FD343F6A58EB94CF7FBA.A4D275E85B9EB3815F5221CC41564F7418D524BD&ms=au&mv=m&mt=1502292749&pl=16&expire=1502314552&mn=sn-4g57knke&mm=31&ip=131.159.40.117&gir=yes&requiressl=yes&ei=2CuLWbWZB83PWeXPsqgJ&keepalive=yes&initcwndbps=3892500&source=youtube&ipbits=0&lmt=1425253603288408&sparams=clen%2Cdur%2Cei%2Cgir%2Cid%2Cinitcwndbps%2Cip%2Cipbits%2Citag%2Ckeepalive%2Clmt%2Cmime%2Cmm%2Cmn%2Cms%2Cmv%2Cpl%2Crequiressl%2Csource%2Cexpire&beids=%5B9466592%5D&dur=223.680&clen=12764086&ratebypass=yes", "player_url": null, "ext": "webm", "height": 480, "format_note": "480p", "vcodec": "vp9", "filesize": 12764086, "tbr": 727.551, "width": 854, "fps": 25, "acodec": "none", "format": "244 - 854x480 (480p)", "protocol": "https", "http_headers": {"User-Agent": "Mozilla/5.0 (X11; Linux x86_64; rv:10.0) Gecko/20150101 Firefox/47.0 (Chrome)", "Accept-Charset": "ISO-8859-1,utf-8;q=0.7,*;q=0.7", "Accept": "text/html,application/xhtml+xml,application/xml;q=0.9,*/*;q=0.8", "Accept-Encoding": "gzip, deflate", "Accept-Language": "en-us,en;q=0.5"}}, {"ext": "mp4", "height": 480, "format_note": "DASH video", "vcodec": "avc1.4d401e", "format_id": "135", "url": "https://r8---sn-4g57knke.googlevideo.com/videoplayback?id=93da6d30362adb22&itag=135&source=youtube&requiressl=yes&mm=31&mn=sn-4g57knke&mv=m&initcwndbps=3892500&ms=au&pl=16&ei=2CuLWcLQJovsW9Pvp4AF&ratebypass=yes&mime=video/mp4&gir=yes&clen=15249573&lmt=1387424466186411&dur=223.680&key=dg_yt0&signature=6429CAF3520F5C3BA9D86064EEB90729251AD35B.69D61E3611F91D290E72EDEBC89A5A0370A3467D&mt=1502292749&beids=[9466592]&ip=131.159.40.117&ipbits=0&expire=1502314552&sparams=ip,ipbits,expire,id,itag,source,requiressl,mm,mn,mv,initcwndbps,ms,pl,ei,ratebypass,mime,gir,clen,lmt,dur", "manifest_url": "https://manifest.googlevideo.com/api/manifest/dash/mm/31/mn/sn-4g57knke/ip/131.159.40.117/key/yt6/signature/0B5A54B7E058C9A46C1D0A227D702BC55D837433.088EEE974C480834D2B8B12186858F20D2AEFB87/as/fmp4_audio_clear%2Cfmp4_sd_hd_clear/mt/1502292749/mv/m/initcwndbps/3892500/ipbits/0/ms/au/pl/16/id/93da6d30362adb22/source/youtube/itag/0/playback_host/r8---sn-4g57knke.googlevideo.com/expire/1502314552/hfr/1/beids/%5B9466592%5D/requiressl/yes/sparams/as%2Cei%2Chfr%2Cid%2Cinitcwndbps%2Cip%2Cipbits%2Citag%2Cmm%2Cmn%2Cms%2Cmv%2Cpl%2Cplayback_host%2Crequiressl%2Csource%2Cexpire/ei/2CuLWcLQJovsW9Pvp4AF", "width": 854, "tbr": 816.958, "asr": null, "fps": 25, "language": null, "filesize": 15249573, "acodec": "none", "format": "135 - 854x480 (DASH video)", "protocol": "https", "http_headers": {"User-Agent": "Mozilla/5.0 (X11; Linux x86_64; rv:10.0) Gecko/20150101 Firefox/47.0 (Chrome)", "Accept-Charset": "ISO-8859-1,utf-8;q=0.7,*;q=0.7", "Accept": "text/html,application/xhtml+xml,application/xml;q=0.9,*/*;q=0.8", "Accept-Encoding": "gzip, deflate", "Accept-Language": "en-us,en;q=0.5"}}, {"format_id": "247", "url": "https://r8---sn-4g57knke.googlevideo.com/videoplayback?itag=247&key=yt6&mime=video%2Fwebm&id=o-AP9Ya5Gi5B9z1gjgdfOf67Of8wVnlO0A3uDeYT1UbK3a&signature=CD234008EFBB5FF1F7D37DD1E50D0EE59912C360.6B2BB9A18E24927A87D8FB5E3F04D765F72F59C9&ms=au&mv=m&mt=1502292749&pl=16&expire=1502314552&mn=sn-4g57knke&mm=31&ip=131.159.40.117&gir=yes&requiressl=yes&ei=2CuLWbWZB83PWeXPsqgJ&keepalive=yes&initcwndbps=3892500&source=youtube&ipbits=0&lmt=1425253679779688&sparams=clen%2Cdur%2Cei%2Cgir%2Cid%2Cinitcwndbps%2Cip%2Cipbits%2Citag%2Ckeepalive%2Clmt%2Cmime%2Cmm%2Cmn%2Cms%2Cmv%2Cpl%2Crequiressl%2Csource%2Cexpire&beids=%5B9466592%5D&dur=223.680&clen=26787061&ratebypass=yes", "player_url": null, "ext": "webm", "height": 720, "format_note": "720p", "vcodec": "vp9", "filesize": 26787061, "tbr": 1564.962, "width": 1280, "fps": 25, "acodec": "none", "format": "247 - 1280x720 (720p)", "protocol": "https", "http_headers": {"User-Agent": "Mozilla/5.0 (X11; Linux x86_64; rv:10.0) Gecko/20150101 Firefox/47.0 (Chrome)", "Accept-Charset": "ISO-8859-1,utf-8;q=0.7,*;q=0.7", "Accept": "text/html,application/xhtml+xml,application/xml;q=0.9,*/*;q=0.8", "Accept-Encoding": "gzip, deflate", "Accept-Language": "en-us,en;q=0.5"}}, {"ext": "mp4", "height": 720, "format_note": "DASH video", "vcodec": "avc1.4d401f", "format_id": "136", "url": "https://r8---sn-4g57knke.googlevideo.com/videoplayback?id=93da6d30362adb22&itag=136&source=youtube&requiressl=yes&mm=31&mn=sn-4g57knke&mv=m&initcwndbps=3892500&ms=au&pl=16&ei=2CuLWcLQJovsW9Pvp4AF&ratebypass=yes&mime=video/mp4&gir=yes&clen=31190601&lmt=1387424481267738&dur=223.680&key=dg_yt0&signature=152624B8B4606CB0402132E4F568C1171BE1788E.782037B9F7A4EB3BFC4D35290DC9C22404671826&mt=1502292749&beids=[9466592]&ip=131.159.40.117&ipbits=0&expire=1502314552&sparams=ip,ipbits,expire,id,itag,source,requiressl,mm,mn,mv,initcwndbps,ms,pl,ei,ratebypass,mime,gir,clen,lmt,dur", "manifest_url": "https://manifest.googlevideo.com/api/manifest/dash/mm/31/mn/sn-4g57knke/ip/131.159.40.117/key/yt6/signature/0B5A54B7E058C9A46C1D0A227D702BC55D837433.088EEE974C480834D2B8B12186858F20D2AEFB87/as/fmp4_audio_clear%2Cfmp4_sd_hd_clear/mt/1502292749/mv/m/initcwndbps/3892500/ipbits/0/ms/au/pl/16/id/93da6d30362adb22/source/youtube/itag/0/playback_host/r8---sn-4g57knke.googlevideo.com/expire/1502314552/hfr/1/beids/%5B9466592%5D/requiressl/yes/sparams/as%2Cei%2Chfr%2Cid%2Cinitcwndbps%2Cip%2Cipbits%2Citag%2Cmm%2Cmn%2Cms%2Cmv%2Cpl%2Cplayback_host%2Crequiressl%2Csource%2Cexpire/ei/2CuLWcLQJovsW9Pvp4AF", "width": 1280, "tbr": 1662.165, "asr": null, "fps": 25, "language": null, "filesize": 31190601, "acodec": "none", "format": "136 - 1280x720 (DASH video)", "protocol": "https", "http_headers": {"User-Agent": "Mozilla/5.0 (X11; Linux x86_64; rv:10.0) Gecko/20150101 Firefox/47.0 (Chrome)", "Accept-Charset": "ISO-8859-1,utf-8;q=0.7,*;q=0.7", "Accept": "text/html,application/xhtml+xml,application/xml;q=0.9,*/*;q=0.8", "Accept-Encoding": "gzip, deflate", "Accept-Language": "en-us,en;q=0.5"}}, {"format_id": "17", "url": "https://r8---sn-4g57knke.googlevideo.com/videoplayback?itag=17&key=yt6&mime=video%2F3gpp&id=o-AP9Ya5Gi5B9z1gjgdfOf67Of8wVnlO0A3uDeYT1UbK3a&signature=369F4182C27F774BA275B92E12E27FF46AF1523B.1AD37CCD4E244491ECA1D4CB3D939A11DA103D15&ms=au&mv=m&mt=1502292749&pl=16&expire=1502314552&mn=sn-4g57knke&mm=31&ip=131.159.40.117&gir=yes&requiressl=yes&ei=2CuLWbWZB83PWeXPsqgJ&initcwndbps=3892500&source=youtube&ipbits=0&lmt=1387424517366887&sparams=clen%2Cdur%2Cei%2Cgir%2Cid%2Cinitcwndbps%2Cip%2Cipbits%2Citag%2Clmt%2Cmime%2Cmm%2Cmn%2Cms%2Cmv%2Cpl%2Crequiressl%2Csource%2Cexpire&beids=%5B9466592%5D&dur=224.072&clen=2310714&ratebypass=yes", "player_url": null, "ext": "3gp", "width": 176, "height": 144, "acodec": "mp4a.40.2", "abr": 24, "vcodec": "mp4v.20.3", "resolution": "176x144", "format_note": "small", "format": "17 - 176x144 (small)", "protocol": "https", "http_headers": {"User-Agent": "Mozilla/5.0 (X11; Linux x86_64; rv:10.0) Gecko/20150101 Firefox/47.0 (Chrome)", "Accept-Charset": "ISO-8859-1,utf-8;q=0.7,*;q=0.7", "Accept": "text/html,application/xhtml+xml,application/xml;q=0.9,*/*;q=0.8", "Accept-Encoding": "gzip, deflate", "Accept-Language": "en-us,en;q=0.5"}}, {"format_id": "36", "url": "https://r8---sn-4g57knke.googlevideo.com/videoplayback?itag=36&key=yt6&mime=video%2F3gpp&id=o-AP9Ya5Gi5B9z1gjgdfOf67Of8wVnlO0A3uDeYT1UbK3a&signature=6BEEAEF470834CD8A8165E1D58E5B5498FA9E1D7.8BB03A42659F4204E85A3204C25B3A0171DFD60E&ms=au&mv=m&mt=1502292749&pl=16&expire=1502314552&mn=sn-4g57knke&mm=31&ip=131.159.40.117&gir=yes&requiressl=yes&ei=2CuLWbWZB83PWeXPsqgJ&initcwndbps=3892500&source=youtube&ipbits=0&lmt=1387424512371161&sparams=clen%2Cdur%2Cei%2Cgir%2Cid%2Cinitcwndbps%2Cip%2Cipbits%2Citag%2Clmt%2Cmime%2Cmm%2Cmn%2Cms%2Cmv%2Cpl%2Crequiressl%2Csource%2Cexpire&beids=%5B9466592%5D&dur=223.933&clen=6316885&ratebypass=yes", "player_url": null, "ext": "3gp", "width": 320, "acodec": "mp4a.40.2", "vcodec": "mp4v.20.3", "resolution": "320x180", "height": 180, "format_note": "small", "format": "36 - 320x180 (small)", "protocol": "https", "http_headers": {"User-Agent": "Mozilla/5.0 (X11; Linux x86_64; rv:10.0) Gecko/20150101 Firefox/47.0 (Chrome)", "Accept-Charset": "ISO-8859-1,utf-8;q=0.7,*;q=0.7", "Accept": "text/html,application/xhtml+xml,application/xml;q=0.9,*/*;q=0.8", "Accept-Encoding": "gzip, deflate", "Accept-Language": "en-us,en;q=0.5"}}, {"format_id": "43", "url": "https://r8---sn-4g57knke.googlevideo.com/videoplayback?itag=43&key=yt6&mime=video%2Fwebm&id=o-AP9Ya5Gi5B9z1gjgdfOf67Of8wVnlO0A3uDeYT1UbK3a&signature=25559D91738918CB7B798F24CC41187863F76551.29A96CD266C3DEE1A4041094FD60A67BDEB33B6E&ms=au&mv=m&mt=1502292749&pl=16&expire=1502314552&mn=sn-4g57knke&mm=31&ip=131.159.40.117&gir=yes&requiressl=yes&ei=2CuLWbWZB83PWeXPsqgJ&initcwndbps=3892500&source=youtube&ipbits=0&lmt=1361986097816246&sparams=clen%2Cdur%2Cei%2Cgir%2Cid%2Cinitcwndbps%2Cip%2Cipbits%2Citag%2Clmt%2Cmime%2Cmm%2Cmn%2Cms%2Cmv%2Cpl%2Cratebypass%2Crequiressl%2Csource%2Cexpire&beids=%5B9466592%5D&dur=0.000&clen=17107415&ratebypass=yes", "player_url": null, "ext": "webm", "width": 640, "height": 360, "acodec": "vorbis", "abr": 128, "vcodec": "vp8.0", "resolution": "640x360", "format_note": "medium", "format": "43 - 640x360 (medium)", "protocol": "https", "http_headers": {"User-Agent": "Mozilla/5.0 (X11; Linux x86_64; rv:10.0) Gecko/20150101 Firefox/47.0 (Chrome)", "Accept-Charset": "ISO-8859-1,utf-8;q=0.7,*;q=0.7", "Accept": "text/html,application/xhtml+xml,application/xml;q=0.9,*/*;q=0.8", "Accept-Encoding": "gzip, deflate", "Accept-Language": "en-us,en;q=0.5"}}, {"format_id": "18", "url": "https://r8---sn-4g57knke.googlevideo.com/videoplayback?itag=18&key=yt6&mime=video%2Fmp4&id=o-AP9Ya5Gi5B9z1gjgdfOf67Of8wVnlO0A3uDeYT1UbK3a&signature=592B63EDDD4E6C2282486030E9FB697F005F9E46.6839098E40EB8F777CC9D806F1AD481C045A8952&ms=au&mv=m&mt=1502292749&pl=16&expire=1502314552&mn=sn-4g57knke&mm=31&ip=131.159.40.117&gir=yes&requiressl=yes&ei=2CuLWbWZB83PWeXPsqgJ&initcwndbps=3892500&source=youtube&ipbits=0&lmt=1387424471555406&sparams=clen%2Cdur%2Cei%2Cgir%2Cid%2Cinitcwndbps%2Cip%2Cipbits%2Citag%2Clmt%2Cmime%2Cmm%2Cmn%2Cms%2Cmv%2Cpl%2Cratebypass%2Crequiressl%2Csource%2Cexpire&beids=%5B9466592%5D&dur=223.770&clen=13535358&ratebypass=yes", "player_url": null, "ext": "mp4", "width": 640, "height": 360, "acodec": "mp4a.40.2", "abr": 96, "vcodec": "avc1.42001E", "resolution": "640x360", "format_note": "medium", "format": "18 - 640x360 (medium)", "protocol": "https", "http_headers": {"User-Agent": "Mozilla/5.0 (X11; Linux x86_64; rv:10.0) Gecko/20150101 Firefox/47.0 (Chrome)", "Accept-Charset": "ISO-8859-1,utf-8;q=0.7,*;q=0.7", "Accept": "text/html,application/xhtml+xml,application/xml;q=0.9,*/*;q=0.8", "Accept-Encoding": "gzip, deflate", "Accept-Language": "en-us,en;q=0.5"}}, {"format_id": "22", "url": "https://r8---sn-4g57knke.googlevideo.com/videoplayback?requiressl=yes&ei=2CuLWbWZB83PWeXPsqgJ&initcwndbps=3892500&source=youtube&ipbits=0&lmt=1472122861145628&itag=22&sparams=dur%2Cei%2Cid%2Cinitcwndbps%2Cip%2Cipbits%2Citag%2Clmt%2Cmime%2Cmm%2Cmn%2Cms%2Cmv%2Cpl%2Cratebypass%2Crequiressl%2Csource%2Cexpire&mime=video%2Fmp4&beids=%5B9466592%5D&id=o-AP9Ya5Gi5B9z1gjgdfOf67Of8wVnlO0A3uDeYT1UbK3a&key=yt6&signature=4D4DC8BDEA697D83772525323D5EAF23E09AE0FA.8668A2A5159BAB42DB73BAEAFC26448A670763CF&ms=au&mv=m&mt=1502292749&pl=16&expire=1502314552&dur=223.770&mn=sn-4g57knke&mm=31&ip=131.159.40.117&ratebypass=yes", "player_url": null, "ext": "mp4", "width": 1280, "height": 720, "acodec": "mp4a.40.2", "abr": 192, "vcodec": "avc1.64001F", "resolution": "1280x720", "format_note": "hd720", "format": "22 - 1280x720 (hd720)", "protocol": "https", "http_headers": {"User-Agent": "Mozilla/5.0 (X11; Linux x86_64; rv:10.0) Gecko/20150101 Firefox/47.0 (Chrome)", "Accept-Charset": "ISO-8859-1,utf-8;q=0.7,*;q=0.7", "Accept": "text/html,application/xhtml+xml,application/xml;q=0.9,*/*;q=0.8", "Accept-Encoding": "gzip, deflate", "Accept-Language": "en-us,en;q=0.5"}}], "is_live": null, "start_time": null, "end_time": null, "series": null, "season_number": null, "episode_number": null, "extractor": "youtube", "webpage_url_basename": "k9ptMDYq2yI", "extractor_key": "Youtube", "playlist": null, "playlist_index": null, "thumbnails": [{"url": "https://i.ytimg.com/vi/k9ptMDYq2yI/maxresdefault.jpg", "id": "0"}], "display_id": "k9ptMDYq2yI", "ext": "mp4", "height": 720, "format_note": "DASH video", "vcodec": "avc1.4d401f", "format_id": "136", "url": "https://r8---sn-4g57knke.googlevideo.com/videoplayback?id=93da6d30362adb22&itag=136&source=youtube&requiressl=yes&mm=31&mn=sn-4g57knke&mv=m&initcwndbps=3892500&ms=au&pl=16&ei=2CuLWcLQJovsW9Pvp4AF&ratebypass=yes&mime=video/mp4&gir=yes&clen=31190601&lmt=1387424481267738&dur=223.680&key=dg_yt0&signature=152624B8B4606CB0402132E4F568C1171BE1788E.782037B9F7A4EB3BFC4D35290DC9C22404671826&mt=1502292749&beids=[9466592]&ip=131.159.40.117&ipbits=0&expire=1502314552&sparams=ip,ipbits,expire,id,itag,source,requiressl,mm,mn,mv,initcwndbps,ms,pl,ei,ratebypass,mime,gir,clen,lmt,dur", "manifest_url": "https://manifest.googlevideo.com/api/manifest/dash/mm/31/mn/sn-4g57knke/ip/131.159.40.117/key/yt6/signature/0B5A54B7E058C9A46C1D0A227D702BC55D837433.088EEE974C480834D2B8B12186858F20D2AEFB87/as/fmp4_audio_clear%2Cfmp4_sd_hd_clear/mt/1502292749/mv/m/initcwndbps/3892500/ipbits/0/ms/au/pl/16/id/93da6d30362adb22/source/youtube/itag/0/playback_host/r8---sn-4g57knke.googlevideo.com/expire/1502314552/hfr/1/beids/%5B9466592%5D/requiressl/yes/sparams/as%2Cei%2Chfr%2Cid%2Cinitcwndbps%2Cip%2Cipbits%2Citag%2Cmm%2Cmn%2Cms%2Cmv%2Cpl%2Cplayback_host%2Crequiressl%2Csource%2Cexpire/ei/2CuLWcLQJovsW9Pvp4AF", "width": 1280, "tbr": 1662.165, "asr": null, "fps": 25, "language": null, "filesize": 31190601, "acodec": "none", "format": "136 - 1280x720 (DASH video)", "protocol": "https", "http_headers": {"User-Agent": "Mozilla/5.0 (X11; Linux x86_64; rv:10.0) Gecko/20150101 Firefox/47.0 (Chrome)", "Accept-Charset": "ISO-8859-1,utf-8;q=0.7,*;q=0.7", "Accept": "text/html,application/xhtml+xml,application/xml;q=0.9,*/*;q=0.8", "Accept-Encoding": "gzip, deflate", "Accept-Language": "en-us,en;q=0.5"}, "fulltitle": "Ir\u00e1n: Israel debe responder por la posesi\u00f3n de armas nucleares", "_filename": "k9ptMDYq2yI.mp4"}