{"id": "uPXMOO1EiN0", "uploader": "dennisguillaume1993", "uploader_id": "dennisguilaume1993", "uploader_url": "http://www.youtube.com/user/dennisguilaume1993", "upload_date": "20091218", "license": "Standard YouTube License", "creator": null, "title": "Weer + afsluiting laatste NOS 8 uur JOURNAAL met Philip Freriks", "alt_title": null, "thumbnail": "https://i.ytimg.com/vi/uPXMOO1EiN0/maxresdefault.jpg", "description": "NOS JOURNAAL van 20:00 uur op vrijdag 18 december 2009. Philip Freriks' laatste NOS Journaal presentatie. Nooit meer de bekende kreet uit de mond van Philip \"En ik wens U nog een heel prettige avond\".", "categories": ["People & Blogs"], "tags": ["NOS", "uur", "JOURNAAL", "met", "Philip", "Freriks"], "subtitles": {}, "automatic_captions": {}, "duration": 302, "age_limit": 0, "annotations": null, "chapters": [{"start_time": 1200.0, "end_time": 302, "title": "NOS JOURNAAL van uur op vrijdag 18 december 2009. Philip Freriks' laatste NOS Journaal presentatie. Nooit meer de bekende kreet uit de mond van Philip \"En ik wens U nog een heel prettige avond\"."}], "webpage_url": "https://www.youtube.com/watch?v=uPXMOO1EiN0", "view_count": 21443, "like_count": 36, "dislike_count": 2, "average_rating": 4.78947353363, "formats": [{"ext": "m4a", "format_note": "DASH audio", "acodec": "mp4a.40.5", "abr": 48, "container": "m4a_dash", "format_id": "139", "url": "https://r17---sn-4g57kned.googlevideo.com/videoplayback?id=b8f5cc38ed4488dd&itag=139&source=youtube&requiressl=yes&pl=16&ei=86KJWYC6PMKOV5PStYgD&mm=31&ms=au&initcwndbps=4503750&mv=m&mn=sn-4g57kned&ratebypass=yes&mime=audio/mp4&gir=yes&clen=1794604&lmt=1452164444154084&dur=301.580&signature=19A235AFD74211E7B2CCBD44F850D7EEF48DC870.013CC56D012D03D37F2549B39D299E2063A5A133&mt=1502192248&key=dg_yt0&ip=131.159.40.117&ipbits=0&expire=1502213972&sparams=ip,ipbits,expire,id,itag,source,requiressl,pl,ei,mm,ms,initcwndbps,mv,mn,ratebypass,mime,gir,clen,lmt,dur", "manifest_url": "https://manifest.googlevideo.com/api/manifest/dash/requiressl/yes/expire/1502213972/source/youtube/signature/76FC7145C762B1C45A59589912057DCC9116DC37.8D06907A6601E66236CC3F88FD5E6CC8AFCA99F8/pl/16/ei/86KJWYC6PMKOV5PStYgD/hfr/1/ipbits/0/mm/31/itag/0/ms/au/initcwndbps/4503750/mv/m/ip/131.159.40.117/playback_host/r17---sn-4g57kned.googlevideo.com/mt/1502192248/key/yt6/id/b8f5cc38ed4488dd/mn/sn-4g57kned/sparams/as%2Cei%2Chfr%2Cid%2Cinitcwndbps%2Cip%2Cipbits%2Citag%2Cmm%2Cmn%2Cms%2Cmv%2Cpl%2Cplayback_host%2Crequiressl%2Csource%2Cexpire/as/fmp4_audio_clear%2Cfmp4_sd_hd_clear", "width": null, "height": null, "tbr": 48.639, "asr": 22050, "fps": null, "language": null, "filesize": 1794604, "vcodec": "none", "format": "139 - audio only (DASH audio)", "protocol": "https", "http_headers": {"User-Agent": "Mozilla/5.0 (X11; Linux x86_64; rv:10.0) Gecko/20150101 Firefox/47.0 (Chrome)", "Accept-Charset": "ISO-8859-1,utf-8;q=0.7,*;q=0.7", "Accept": "text/html,application/xhtml+xml,application/xml;q=0.9,*/*;q=0.8", "Accept-Encoding": "gzip, deflate", "Accept-Language": "en-us,en;q=0.5"}}, {"format_id": "249", "url": "https://r17---sn-4g57kned.googlevideo.com/videoplayback?gir=yes&key=yt6&mn=sn-4g57kned&mm=31&ms=au&ei=86KJWYSkJJO-VtuZpNgF&pl=16&mv=m&mt=1502192248&clen=1910131&signature=82769011BA51FEBDEAC302D38BCB736E5E31A9D2.72B2EC65F5B4B385EA1BB63D16A21911E89890F8&keepalive=yes&ip=131.159.40.117&requiressl=yes&lmt=1412770811295055&itag=249&id=o-ACYpaUGVF1vpwXOLkOLRWkZJRqm2CaCAapVdGeJbEWmK&dur=301.481&source=youtube&sparams=clen%2Cdur%2Cei%2Cgir%2Cid%2Cinitcwndbps%2Cip%2Cipbits%2Citag%2Ckeepalive%2Clmt%2Cmime%2Cmm%2Cmn%2Cms%2Cmv%2Cpl%2Crequiressl%2Csource%2Cexpire&mime=audio%2Fwebm&ipbits=0&initcwndbps=4503750&expire=1502213971&ratebypass=yes", "player_url": null, "ext": "webm", "format_note": "DASH audio", "acodec": "opus", "abr": 50, "filesize": 1910131, "tbr": 52.483, "vcodec": "none", "format": "249 - audio only (DASH audio)", "protocol": "https", "http_headers": {"User-Agent": "Mozilla/5.0 (X11; Linux x86_64; rv:10.0) Gecko/20150101 Firefox/47.0 (Chrome)", "Accept-Charset": "ISO-8859-1,utf-8;q=0.7,*;q=0.7", "Accept": "text/html,application/xhtml+xml,application/xml;q=0.9,*/*;q=0.8", "Accept-Encoding": "gzip, deflate", "Accept-Language": "en-us,en;q=0.5"}}, {"format_id": "250", "url": "https://r17---sn-4g57kned.googlevideo.com/videoplayback?gir=yes&key=yt6&mn=sn-4g57kned&mm=31&ms=au&ei=86KJWYSkJJO-VtuZpNgF&pl=16&mv=m&mt=1502192248&clen=2279479&signature=BF8BBC8A6A9620793E5E04D1B0BEDAE009E3E4ED.7E1B0881F5A46B90113EC616E5C67244DE27F5B3&keepalive=yes&ip=131.159.40.117&requiressl=yes&lmt=1412770811168669&itag=250&id=o-ACYpaUGVF1vpwXOLkOLRWkZJRqm2CaCAapVdGeJbEWmK&dur=301.481&source=youtube&sparams=clen%2Cdur%2Cei%2Cgir%2Cid%2Cinitcwndbps%2Cip%2Cipbits%2Citag%2Ckeepalive%2Clmt%2Cmime%2Cmm%2Cmn%2Cms%2Cmv%2Cpl%2Crequiressl%2Csource%2Cexpire&mime=audio%2Fwebm&ipbits=0&initcwndbps=4503750&expire=1502213971&ratebypass=yes", "player_url": null, "ext": "webm", "format_note": "DASH audio", "acodec": "opus", "abr": 70, "filesize": 2279479, "tbr": 69.72, "vcodec": "none", "format": "250 - audio only (DASH audio)", "protocol": "https", "http_headers": {"User-Agent": "Mozilla/5.0 (X11; Linux x86_64; rv:10.0) Gecko/20150101 Firefox/47.0 (Chrome)", "Accept-Charset": "ISO-8859-1,utf-8;q=0.7,*;q=0.7", "Accept": "text/html,application/xhtml+xml,application/xml;q=0.9,*/*;q=0.8", "Accept-Encoding": "gzip, deflate", "Accept-Language": "en-us,en;q=0.5"}}, {"format_id": "171", "url": "https://r17---sn-4g57kned.googlevideo.com/videoplayback?gir=yes&key=yt6&mn=sn-4g57kned&mm=31&ms=au&ei=86KJWYSkJJO-VtuZpNgF&pl=16&mv=m&mt=1502192248&clen=3581935&signature=A94354E6C0702E24983EAA0AA03F0B7B526F8B1E.22F0A04165EC1EB40F553D8DEC76B7BBE3781275&keepalive=yes&ip=131.159.40.117&requiressl=yes&lmt=1412770811686821&itag=171&id=o-ACYpaUGVF1vpwXOLkOLRWkZJRqm2CaCAapVdGeJbEWmK&dur=301.457&source=youtube&sparams=clen%2Cdur%2Cei%2Cgir%2Cid%2Cinitcwndbps%2Cip%2Cipbits%2Citag%2Ckeepalive%2Clmt%2Cmime%2Cmm%2Cmn%2Cms%2Cmv%2Cpl%2Crequiressl%2Csource%2Cexpire&mime=audio%2Fwebm&ipbits=0&initcwndbps=4503750&expire=1502213971&ratebypass=yes", "player_url": null, "ext": "webm", "acodec": "vorbis", "format_note": "DASH audio", "abr": 128, "filesize": 3581935, "tbr": 107.978, "vcodec": "none", "format": "171 - audio only (DASH audio)", "protocol": "https", "http_headers": {"User-Agent": "Mozilla/5.0 (X11; Linux x86_64; rv:10.0) Gecko/20150101 Firefox/47.0 (Chrome)", "Accept-Charset": "ISO-8859-1,utf-8;q=0.7,*;q=0.7", "Accept": "text/html,application/xhtml+xml,application/xml;q=0.9,*/*;q=0.8", "Accept-Encoding": "gzip, deflate", "Accept-Language": "en-us,en;q=0.5"}}, {"ext": "m4a", "format_note": "DASH audio", "acodec": "mp4a.40.2", "abr": 128, "container": "m4a_dash", "format_id": "140", "url": "https://r17---sn-4g57kned.googlevideo.com/videoplayback?id=b8f5cc38ed4488dd&itag=140&source=youtube&requiressl=yes&pl=16&ei=86KJWYC6PMKOV5PStYgD&mm=31&ms=au&initcwndbps=4503750&mv=m&mn=sn-4g57kned&ratebypass=yes&mime=audio/mp4&gir=yes&clen=4789705&lmt=1452164444855692&dur=301.534&signature=9287B6D319034843E90EC207190D7715C3C126FD.56A3AE2A26EC8BA546AD079F32812EAFDED1E145&mt=1502192248&key=dg_yt0&ip=131.159.40.117&ipbits=0&expire=1502213972&sparams=ip,ipbits,expire,id,itag,source,requiressl,pl,ei,mm,ms,initcwndbps,mv,mn,ratebypass,mime,gir,clen,lmt,dur", "manifest_url": "https://manifest.googlevideo.com/api/manifest/dash/requiressl/yes/expire/1502213972/source/youtube/signature/76FC7145C762B1C45A59589912057DCC9116DC37.8D06907A6601E66236CC3F88FD5E6CC8AFCA99F8/pl/16/ei/86KJWYC6PMKOV5PStYgD/hfr/1/ipbits/0/mm/31/itag/0/ms/au/initcwndbps/4503750/mv/m/ip/131.159.40.117/playback_host/r17---sn-4g57kned.googlevideo.com/mt/1502192248/key/yt6/id/b8f5cc38ed4488dd/mn/sn-4g57kned/sparams/as%2Cei%2Chfr%2Cid%2Cinitcwndbps%2Cip%2Cipbits%2Citag%2Cmm%2Cmn%2Cms%2Cmv%2Cpl%2Cplayback_host%2Crequiressl%2Csource%2Cexpire/as/fmp4_audio_clear%2Cfmp4_sd_hd_clear", "width": null, "height": null, "tbr": 127.996, "asr": 44100, "fps": null, "language": null, "filesize": 4789705, "vcodec": "none", "format": "140 - audio only (DASH audio)", "protocol": "https", "http_headers": {"User-Agent": "Mozilla/5.0 (X11; Linux x86_64; rv:10.0) Gecko/20150101 Firefox/47.0 (Chrome)", "Accept-Charset": "ISO-8859-1,utf-8;q=0.7,*;q=0.7", "Accept": "text/html,application/xhtml+xml,application/xml;q=0.9,*/*;q=0.8", "Accept-Encoding": "gzip, deflate", "Accept-Language": "en-us,en;q=0.5"}}, {"format_id": "251", "url": "https://r17---sn-4g57kned.googlevideo.com/videoplayback?gir=yes&key=yt6&mn=sn-4g57kned&mm=31&ms=au&ei=86KJWYSkJJO-VtuZpNgF&pl=16&mv=m&mt=1502192248&clen=6288343&signature=36EF6D2E2A8650470CB90E4C5936781290514E78.320F3BC3982E4FFDAD3B4C584D6E1252AB309872&keepalive=yes&ip=131.159.40.117&requiressl=yes&lmt=1412770811289743&itag=251&id=o-ACYpaUGVF1vpwXOLkOLRWkZJRqm2CaCAapVdGeJbEWmK&dur=301.481&source=youtube&sparams=clen%2Cdur%2Cei%2Cgir%2Cid%2Cinitcwndbps%2Cip%2Cipbits%2Citag%2Ckeepalive%2Clmt%2Cmime%2Cmm%2Cmn%2Cms%2Cmv%2Cpl%2Crequiressl%2Csource%2Cexpire&mime=audio%2Fwebm&ipbits=0&initcwndbps=4503750&expire=1502213971&ratebypass=yes", "player_url": null, "ext": "webm", "format_note": "DASH audio", "acodec": "opus", "abr": 160, "filesize": 6288343, "tbr": 180.987, "vcodec": "none", "format": "251 - audio only (DASH audio)", "protocol": "https", "http_headers": {"User-Agent": "Mozilla/5.0 (X11; Linux x86_64; rv:10.0) Gecko/20150101 Firefox/47.0 (Chrome)", "Accept-Charset": "ISO-8859-1,utf-8;q=0.7,*;q=0.7", "Accept": "text/html,application/xhtml+xml,application/xml;q=0.9,*/*;q=0.8", "Accept-Encoding": "gzip, deflate", "Accept-Language": "en-us,en;q=0.5"}}, {"ext": "mp4", "height": 144, "format_note": "DASH video", "vcodec": "avc1.4d400c", "format_id": "160", "url": "https://r17---sn-4g57kned.googlevideo.com/videoplayback?id=b8f5cc38ed4488dd&itag=160&source=youtube&requiressl=yes&pl=16&ei=86KJWYC6PMKOV5PStYgD&mm=31&ms=au&initcwndbps=4503750&mv=m&mn=sn-4g57kned&ratebypass=yes&mime=video/mp4&gir=yes&clen=4140148&lmt=1452164776083851&dur=301.400&signature=20444F11FB86B5C73A1B3CE38C1E8B902E69D518.5B85232DFC8FE7ED950E37D776BF4E2D17C096DB&mt=1502192248&key=dg_yt0&ip=131.159.40.117&ipbits=0&expire=1502213972&sparams=ip,ipbits,expire,id,itag,source,requiressl,pl,ei,mm,ms,initcwndbps,mv,mn,ratebypass,mime,gir,clen,lmt,dur", "manifest_url": "https://manifest.googlevideo.com/api/manifest/dash/requiressl/yes/expire/1502213972/source/youtube/signature/76FC7145C762B1C45A59589912057DCC9116DC37.8D06907A6601E66236CC3F88FD5E6CC8AFCA99F8/pl/16/ei/86KJWYC6PMKOV5PStYgD/hfr/1/ipbits/0/mm/31/itag/0/ms/au/initcwndbps/4503750/mv/m/ip/131.159.40.117/playback_host/r17---sn-4g57kned.googlevideo.com/mt/1502192248/key/yt6/id/b8f5cc38ed4488dd/mn/sn-4g57kned/sparams/as%2Cei%2Chfr%2Cid%2Cinitcwndbps%2Cip%2Cipbits%2Citag%2Cmm%2Cmn%2Cms%2Cmv%2Cpl%2Cplayback_host%2Crequiressl%2Csource%2Cexpire/as/fmp4_audio_clear%2Cfmp4_sd_hd_clear", "width": 256, "tbr": 111.932, "asr": null, "fps": 25, "language": null, "filesize": 4140148, "acodec": "none", "format": "160 - 256x144 (DASH video)", "protocol": "https", "http_headers": {"User-Agent": "Mozilla/5.0 (X11; Linux x86_64; rv:10.0) Gecko/20150101 Firefox/47.0 (Chrome)", "Accept-Charset": "ISO-8859-1,utf-8;q=0.7,*;q=0.7", "Accept": "text/html,application/xhtml+xml,application/xml;q=0.9,*/*;q=0.8", "Accept-Encoding": "gzip, deflate", "Accept-Language": "en-us,en;q=0.5"}}, {"ext": "mp4", "height": 240, "format_note": "DASH video", "vcodec": "avc1.4d4015", "format_id": "133", "url": "https://r17---sn-4g57kned.googlevideo.com/videoplayback?id=b8f5cc38ed4488dd&itag=133&source=youtube&requiressl=yes&pl=16&ei=86KJWYC6PMKOV5PStYgD&mm=31&ms=au&initcwndbps=4503750&mv=m&mn=sn-4g57kned&ratebypass=yes&mime=video/mp4&gir=yes&clen=9281625&lmt=1452164776157459&dur=301.400&signature=8C0FE25EBD447E0A39532405F0FB495EE5E394A3.3A178E3443402C88FEBE7756100582B50F17ED4D&mt=1502192248&key=dg_yt0&ip=131.159.40.117&ipbits=0&expire=1502213972&sparams=ip,ipbits,expire,id,itag,source,requiressl,pl,ei,mm,ms,initcwndbps,mv,mn,ratebypass,mime,gir,clen,lmt,dur", "manifest_url": "https://manifest.googlevideo.com/api/manifest/dash/requiressl/yes/expire/1502213972/source/youtube/signature/76FC7145C762B1C45A59589912057DCC9116DC37.8D06907A6601E66236CC3F88FD5E6CC8AFCA99F8/pl/16/ei/86KJWYC6PMKOV5PStYgD/hfr/1/ipbits/0/mm/31/itag/0/ms/au/initcwndbps/4503750/mv/m/ip/131.159.40.117/playback_host/r17---sn-4g57kned.googlevideo.com/mt/1502192248/key/yt6/id/b8f5cc38ed4488dd/mn/sn-4g57kned/sparams/as%2Cei%2Chfr%2Cid%2Cinitcwndbps%2Cip%2Cipbits%2Citag%2Cmm%2Cmn%2Cms%2Cmv%2Cpl%2Cplayback_host%2Crequiressl%2Csource%2Cexpire/as/fmp4_audio_clear%2Cfmp4_sd_hd_clear", "width": 426, "tbr": 260.27, "asr": null, "fps": 25, "language": null, "filesize": 9281625, "acodec": "none", "format": "133 - 426x240 (DASH video)", "protocol": "https", "http_headers": {"User-Agent": "Mozilla/5.0 (X11; Linux x86_64; rv:10.0) Gecko/20150101 Firefox/47.0 (Chrome)", "Accept-Charset": "ISO-8859-1,utf-8;q=0.7,*;q=0.7", "Accept": "text/html,application/xhtml+xml,application/xml;q=0.9,*/*;q=0.8", "Accept-Encoding": "gzip, deflate", "Accept-Language": "en-us,en;q=0.5"}}, {"ext": "mp4", "height": 360, "format_note": "DASH video", "vcodec": "avc1.4d401e", "format_id": "134", "url": "https://r17---sn-4g57kned.googlevideo.com/videoplayback?id=b8f5cc38ed4488dd&itag=134&source=youtube&requiressl=yes&pl=16&ei=86KJWYC6PMKOV5PStYgD&mm=31&ms=au&initcwndbps=4503750&mv=m&mn=sn-4g57kned&ratebypass=yes&mime=video/mp4&gir=yes&clen=10324614&lmt=1452164776041426&dur=301.400&signature=69D1F9F9AC4E8BB59F2131B034FE46E5FCB26982.9473C47A5182B715FE8A4F28BAA00EF741EF9CD1&mt=1502192248&key=dg_yt0&ip=131.159.40.117&ipbits=0&expire=1502213972&sparams=ip,ipbits,expire,id,itag,source,requiressl,pl,ei,mm,ms,initcwndbps,mv,mn,ratebypass,mime,gir,clen,lmt,dur", "manifest_url": "https://manifest.googlevideo.com/api/manifest/dash/requiressl/yes/expire/1502213972/source/youtube/signature/76FC7145C762B1C45A59589912057DCC9116DC37.8D06907A6601E66236CC3F88FD5E6CC8AFCA99F8/pl/16/ei/86KJWYC6PMKOV5PStYgD/hfr/1/ipbits/0/mm/31/itag/0/ms/au/initcwndbps/4503750/mv/m/ip/131.159.40.117/playback_host/r17---sn-4g57kned.googlevideo.com/mt/1502192248/key/yt6/id/b8f5cc38ed4488dd/mn/sn-4g57kned/sparams/as%2Cei%2Chfr%2Cid%2Cinitcwndbps%2Cip%2Cipbits%2Citag%2Cmm%2Cmn%2Cms%2Cmv%2Cpl%2Cplayback_host%2Crequiressl%2Csource%2Cexpire/as/fmp4_audio_clear%2Cfmp4_sd_hd_clear", "width": 640, "tbr": 603.131, "asr": null, "fps": 25, "language": null, "filesize": 10324614, "acodec": "none", "format": "134 - 640x360 (DASH video)", "protocol": "https", "http_headers": {"User-Agent": "Mozilla/5.0 (X11; Linux x86_64; rv:10.0) Gecko/20150101 Firefox/47.0 (Chrome)", "Accept-Charset": "ISO-8859-1,utf-8;q=0.7,*;q=0.7", "Accept": "text/html,application/xhtml+xml,application/xml;q=0.9,*/*;q=0.8", "Accept-Encoding": "gzip, deflate", "Accept-Language": "en-us,en;q=0.5"}}, {"ext": "mp4", "height": 480, "format_note": "DASH video", "vcodec": "avc1.4d401e", "format_id": "135", "url": "https://r17---sn-4g57kned.googlevideo.com/videoplayback?id=b8f5cc38ed4488dd&itag=135&source=youtube&requiressl=yes&pl=16&ei=86KJWYC6PMKOV5PStYgD&mm=31&ms=au&initcwndbps=4503750&mv=m&mn=sn-4g57kned&ratebypass=yes&mime=video/mp4&gir=yes&clen=20956059&lmt=1452164776221542&dur=301.400&signature=5FB1208D28E1A23EBA821122EC32DE83ECAB73C6.652DB003D9E7A79F1DAB0DEBD3D391CF36B7380B&mt=1502192248&key=dg_yt0&ip=131.159.40.117&ipbits=0&expire=1502213972&sparams=ip,ipbits,expire,id,itag,source,requiressl,pl,ei,mm,ms,initcwndbps,mv,mn,ratebypass,mime,gir,clen,lmt,dur", "manifest_url": "https://manifest.googlevideo.com/api/manifest/dash/requiressl/yes/expire/1502213972/source/youtube/signature/76FC7145C762B1C45A59589912057DCC9116DC37.8D06907A6601E66236CC3F88FD5E6CC8AFCA99F8/pl/16/ei/86KJWYC6PMKOV5PStYgD/hfr/1/ipbits/0/mm/31/itag/0/ms/au/initcwndbps/4503750/mv/m/ip/131.159.40.117/playback_host/r17---sn-4g57kned.googlevideo.com/mt/1502192248/key/yt6/id/b8f5cc38ed4488dd/mn/sn-4g57kned/sparams/as%2Cei%2Chfr%2Cid%2Cinitcwndbps%2Cip%2Cipbits%2Citag%2Cmm%2Cmn%2Cms%2Cmv%2Cpl%2Cplayback_host%2Crequiressl%2Csource%2Cexpire/as/fmp4_audio_clear%2Cfmp4_sd_hd_clear", "width": 854, "tbr": 1103.268, "asr": null, "fps": 25, "language": null, "filesize": 20956059, "acodec": "none", "format": "135 - 854x480 (DASH video)", "protocol": "https", "http_headers": {"User-Agent": "Mozilla/5.0 (X11; Linux x86_64; rv:10.0) Gecko/20150101 Firefox/47.0 (Chrome)", "Accept-Charset": "ISO-8859-1,utf-8;q=0.7,*;q=0.7", "Accept": "text/html,application/xhtml+xml,application/xml;q=0.9,*/*;q=0.8", "Accept-Encoding": "gzip, deflate", "Accept-Language": "en-us,en;q=0.5"}}, {"ext": "mp4", "height": 720, "format_note": "DASH video", "vcodec": "avc1.4d401f", "format_id": "136", "url": "https://r17---sn-4g57kned.googlevideo.com/videoplayback?id=b8f5cc38ed4488dd&itag=136&source=youtube&requiressl=yes&pl=16&ei=86KJWYC6PMKOV5PStYgD&mm=31&ms=au&initcwndbps=4503750&mv=m&mn=sn-4g57kned&ratebypass=yes&mime=video/mp4&gir=yes&clen=41546616&lmt=1452164777765244&dur=301.400&signature=515B0188204255C65557619C71CEE55B0BA57058.643509E0AE54C1566ED1D9B3DC8B1BF31CF6339C&mt=1502192248&key=dg_yt0&ip=131.159.40.117&ipbits=0&expire=1502213972&sparams=ip,ipbits,expire,id,itag,source,requiressl,pl,ei,mm,ms,initcwndbps,mv,mn,ratebypass,mime,gir,clen,lmt,dur", "manifest_url": "https://manifest.googlevideo.com/api/manifest/dash/requiressl/yes/expire/1502213972/source/youtube/signature/76FC7145C762B1C45A59589912057DCC9116DC37.8D06907A6601E66236CC3F88FD5E6CC8AFCA99F8/pl/16/ei/86KJWYC6PMKOV5PStYgD/hfr/1/ipbits/0/mm/31/itag/0/ms/au/initcwndbps/4503750/mv/m/ip/131.159.40.117/playback_host/r17---sn-4g57kned.googlevideo.com/mt/1502192248/key/yt6/id/b8f5cc38ed4488dd/mn/sn-4g57kned/sparams/as%2Cei%2Chfr%2Cid%2Cinitcwndbps%2Cip%2Cipbits%2Citag%2Cmm%2Cmn%2Cms%2Cmv%2Cpl%2Cplayback_host%2Crequiressl%2Csource%2Cexpire/as/fmp4_audio_clear%2Cfmp4_sd_hd_clear", "width": 1280, "tbr": 2199.856, "asr": null, "fps": 25, "language": null, "filesize": 41546616, "acodec": "none", "format": "136 - 1280x720 (DASH video)", "protocol": "https", "http_headers": {"User-Agent": "Mozilla/5.0 (X11; Linux x86_64; rv:10.0) Gecko/20150101 Firefox/47.0 (Chrome)", "Accept-Charset": "ISO-8859-1,utf-8;q=0.7,*;q=0.7", "Accept": "text/html,application/xhtml+xml,application/xml;q=0.9,*/*;q=0.8", "Accept-Encoding": "gzip, deflate", "Accept-Language": "en-us,en;q=0.5"}}, {"format_id": "17", "url": "https://r17---sn-4g57kned.googlevideo.com/videoplayback?gir=yes&key=yt6&mn=sn-4g57kned&mm=31&ms=au&ei=86KJWYSkJJO-VtuZpNgF&pl=16&mv=m&mt=1502192248&clen=3336903&signature=3188CE4E03EA1E46581AA49373C34D7ABA820265.B856EA4860B64018C527CF3FC96951F740681475&ip=131.159.40.117&requiressl=yes&lmt=1261189582186782&itag=17&id=o-ACYpaUGVF1vpwXOLkOLRWkZJRqm2CaCAapVdGeJbEWmK&dur=301.952&source=youtube&sparams=clen%2Cdur%2Cei%2Cgir%2Cid%2Cinitcwndbps%2Cip%2Cipbits%2Citag%2Clmt%2Cmime%2Cmm%2Cmn%2Cms%2Cmv%2Cpl%2Crequiressl%2Csource%2Cexpire&mime=video%2F3gpp&ipbits=0&initcwndbps=4503750&expire=1502213971&ratebypass=yes", "player_url": null, "ext": "3gp", "width": 176, "height": 144, "acodec": "mp4a.40.2", "abr": 24, "vcodec": "mp4v.20.3", "resolution": "176x144", "format_note": "small", "format": "17 - 176x144 (small)", "protocol": "https", "http_headers": {"User-Agent": "Mozilla/5.0 (X11; Linux x86_64; rv:10.0) Gecko/20150101 Firefox/47.0 (Chrome)", "Accept-Charset": "ISO-8859-1,utf-8;q=0.7,*;q=0.7", "Accept": "text/html,application/xhtml+xml,application/xml;q=0.9,*/*;q=0.8", "Accept-Encoding": "gzip, deflate", "Accept-Language": "en-us,en;q=0.5"}}, {"format_id": "36", "url": "https://r17---sn-4g57kned.googlevideo.com/videoplayback?gir=yes&key=yt6&mn=sn-4g57kned&mm=31&ms=au&ei=86KJWYSkJJO-VtuZpNgF&pl=16&mv=m&mt=1502192248&clen=8552430&signature=B24EB7573FEDAC67770BF5518F39197F652668CC.92FF271D3C0E9D4D8442BBD0BE4A3D2590CA49AB&ip=131.159.40.117&requiressl=yes&lmt=1427574280945894&itag=36&id=o-ACYpaUGVF1vpwXOLkOLRWkZJRqm2CaCAapVdGeJbEWmK&dur=301.580&source=youtube&sparams=clen%2Cdur%2Cei%2Cgir%2Cid%2Cinitcwndbps%2Cip%2Cipbits%2Citag%2Clmt%2Cmime%2Cmm%2Cmn%2Cms%2Cmv%2Cpl%2Crequiressl%2Csource%2Cexpire&mime=video%2F3gpp&ipbits=0&initcwndbps=4503750&expire=1502213971&ratebypass=yes", "player_url": null, "ext": "3gp", "width": 320, "acodec": "mp4a.40.2", "vcodec": "mp4v.20.3", "resolution": "320x180", "height": 180, "format_note": "small", "format": "36 - 320x180 (small)", "protocol": "https", "http_headers": {"User-Agent": "Mozilla/5.0 (X11; Linux x86_64; rv:10.0) Gecko/20150101 Firefox/47.0 (Chrome)", "Accept-Charset": "ISO-8859-1,utf-8;q=0.7,*;q=0.7", "Accept": "text/html,application/xhtml+xml,application/xml;q=0.9,*/*;q=0.8", "Accept-Encoding": "gzip, deflate", "Accept-Language": "en-us,en;q=0.5"}}, {"format_id": "43", "url": "https://r17---sn-4g57kned.googlevideo.com/videoplayback?gir=yes&key=yt6&mn=sn-4g57kned&mm=31&ms=au&ei=86KJWYSkJJO-VtuZpNgF&pl=16&mv=m&mt=1502192248&clen=19271681&signature=33CEA30611E9014F4224235B2675092579FF4BE0.414D780AA6FA788A7E547183A691EB76CE12621C&ip=131.159.40.117&requiressl=yes&lmt=1297971629842461&itag=43&id=o-ACYpaUGVF1vpwXOLkOLRWkZJRqm2CaCAapVdGeJbEWmK&dur=0.000&source=youtube&sparams=clen%2Cdur%2Cei%2Cgir%2Cid%2Cinitcwndbps%2Cip%2Cipbits%2Citag%2Clmt%2Cmime%2Cmm%2Cmn%2Cms%2Cmv%2Cpl%2Cratebypass%2Crequiressl%2Csource%2Cexpire&mime=video%2Fwebm&ratebypass=yes&ipbits=0&initcwndbps=4503750&expire=1502213971", "player_url": null, "ext": "webm", "width": 640, "height": 360, "acodec": "vorbis", "abr": 128, "vcodec": "vp8.0", "resolution": "640x360", "format_note": "medium", "format": "43 - 640x360 (medium)", "protocol": "https", "http_headers": {"User-Agent": "Mozilla/5.0 (X11; Linux x86_64; rv:10.0) Gecko/20150101 Firefox/47.0 (Chrome)", "Accept-Charset": "ISO-8859-1,utf-8;q=0.7,*;q=0.7", "Accept": "text/html,application/xhtml+xml,application/xml;q=0.9,*/*;q=0.8", "Accept-Encoding": "gzip, deflate", "Accept-Language": "en-us,en;q=0.5"}}, {"format_id": "18", "url": "https://r17---sn-4g57kned.googlevideo.com/videoplayback?gir=yes&key=yt6&mn=sn-4g57kned&mm=31&ms=au&ei=86KJWYSkJJO-VtuZpNgF&pl=16&mv=m&mt=1502192248&clen=17163667&signature=200072259560AB0D9AA6EEFCB7C6F3F1440077F0.4AFD5756BCD1F96911B459FEB26B0E14851044C7&ip=131.159.40.117&requiressl=yes&lmt=1452164536362614&itag=18&id=o-ACYpaUGVF1vpwXOLkOLRWkZJRqm2CaCAapVdGeJbEWmK&dur=301.534&source=youtube&sparams=clen%2Cdur%2Cei%2Cgir%2Cid%2Cinitcwndbps%2Cip%2Cipbits%2Citag%2Clmt%2Cmime%2Cmm%2Cmn%2Cms%2Cmv%2Cpl%2Cratebypass%2Crequiressl%2Csource%2Cexpire&mime=video%2Fmp4&ratebypass=yes&ipbits=0&initcwndbps=4503750&expire=1502213971", "player_url": null, "ext": "mp4", "width": 640, "height": 360, "acodec": "mp4a.40.2", "abr": 96, "vcodec": "avc1.42001E", "resolution": "640x360", "format_note": "medium", "format": "18 - 640x360 (medium)", "protocol": "https", "http_headers": {"User-Agent": "Mozilla/5.0 (X11; Linux x86_64; rv:10.0) Gecko/20150101 Firefox/47.0 (Chrome)", "Accept-Charset": "ISO-8859-1,utf-8;q=0.7,*;q=0.7", "Accept": "text/html,application/xhtml+xml,application/xml;q=0.9,*/*;q=0.8", "Accept-Encoding": "gzip, deflate", "Accept-Language": "en-us,en;q=0.5"}}, {"format_id": "22", "url": "https://r17---sn-4g57kned.googlevideo.com/videoplayback?ip=131.159.40.117&requiressl=yes&mt=1502192248&lmt=1473244357128428&itag=22&id=o-ACYpaUGVF1vpwXOLkOLRWkZJRqm2CaCAapVdGeJbEWmK&expire=1502213971&dur=301.534&sparams=dur%2Cei%2Cid%2Cinitcwndbps%2Cip%2Cipbits%2Citag%2Clmt%2Cmime%2Cmm%2Cmn%2Cms%2Cmv%2Cpl%2Cratebypass%2Crequiressl%2Csource%2Cexpire&source=youtube&mime=video%2Fmp4&key=yt6&mn=sn-4g57kned&mm=31&ms=au&ratebypass=yes&ipbits=0&pl=16&mv=m&ei=86KJWYSkJJO-VtuZpNgF&initcwndbps=4503750&signature=364019A6C82D3797D7558C2867A004CA47CB0161.89195CE798DF3B83C57E02069BC21EDBE0AEBD1E", "player_url": null, "ext": "mp4", "width": 1280, "height": 720, "acodec": "mp4a.40.2", "abr": 192, "vcodec": "avc1.64001F", "resolution": "1280x720", "format_note": "hd720", "format": "22 - 1280x720 (hd720)", "protocol": "https", "http_headers": {"User-Agent": "Mozilla/5.0 (X11; Linux x86_64; rv:10.0) Gecko/20150101 Firefox/47.0 (Chrome)", "Accept-Charset": "ISO-8859-1,utf-8;q=0.7,*;q=0.7", "Accept": "text/html,application/xhtml+xml,application/xml;q=0.9,*/*;q=0.8", "Accept-Encoding": "gzip, deflate", "Accept-Language": "en-us,en;q=0.5"}}], "is_live": null, "start_time": null, "end_time": null, "series": null, "season_number": null, "episode_number": null, "extractor": "youtube", "webpage_url_basename": "uPXMOO1EiN0", "extractor_key": "Youtube", "playlist": null, "playlist_index": null, "thumbnails": [{"url": "https://i.ytimg.com/vi/uPXMOO1EiN0/maxresdefault.jpg", "id": "0"}], "display_id": "uPXMOO1EiN0", "ext": "mp4", "height": 720, "format_note": "DASH video", "vcodec": "avc1.4d401f", "format_id": "136", "url": "https://r17---sn-4g57kned.googlevideo.com/videoplayback?id=b8f5cc38ed4488dd&itag=136&source=youtube&requiressl=yes&pl=16&ei=86KJWYC6PMKOV5PStYgD&mm=31&ms=au&initcwndbps=4503750&mv=m&mn=sn-4g57kned&ratebypass=yes&mime=video/mp4&gir=yes&clen=41546616&lmt=1452164777765244&dur=301.400&signature=515B0188204255C65557619C71CEE55B0BA57058.643509E0AE54C1566ED1D9B3DC8B1BF31CF6339C&mt=1502192248&key=dg_yt0&ip=131.159.40.117&ipbits=0&expire=1502213972&sparams=ip,ipbits,expire,id,itag,source,requiressl,pl,ei,mm,ms,initcwndbps,mv,mn,ratebypass,mime,gir,clen,lmt,dur", "manifest_url": "https://manifest.googlevideo.com/api/manifest/dash/requiressl/yes/expire/1502213972/source/youtube/signature/76FC7145C762B1C45A59589912057DCC9116DC37.8D06907A6601E66236CC3F88FD5E6CC8AFCA99F8/pl/16/ei/86KJWYC6PMKOV5PStYgD/hfr/1/ipbits/0/mm/31/itag/0/ms/au/initcwndbps/4503750/mv/m/ip/131.159.40.117/playback_host/r17---sn-4g57kned.googlevideo.com/mt/1502192248/key/yt6/id/b8f5cc38ed4488dd/mn/sn-4g57kned/sparams/as%2Cei%2Chfr%2Cid%2Cinitcwndbps%2Cip%2Cipbits%2Citag%2Cmm%2Cmn%2Cms%2Cmv%2Cpl%2Cplayback_host%2Crequiressl%2Csource%2Cexpire/as/fmp4_audio_clear%2Cfmp4_sd_hd_clear", "width": 1280, "tbr": 2199.856, "asr": null, "fps": 25, "language": null, "filesize": 41546616, "acodec": "none", "format": "136 - 1280x720 (DASH video)", "protocol": "https", "http_headers": {"User-Agent": "Mozilla/5.0 (X11; Linux x86_64; rv:10.0) Gecko/20150101 Firefox/47.0 (Chrome)", "Accept-Charset": "ISO-8859-1,utf-8;q=0.7,*;q=0.7", "Accept": "text/html,application/xhtml+xml,application/xml;q=0.9,*/*;q=0.8", "Accept-Encoding": "gzip, deflate", "Accept-Language": "en-us,en;q=0.5"}, "fulltitle": "Weer + afsluiting laatste NOS 8 uur JOURNAAL met Philip Freriks", "_filename": "uPXMOO1EiN0.mp4"}