{"id": "2fUBAzRHK-Y", "uploader": "\u0424\u0430\u043a\u0442\u0438 ICTV", "uploader_id": "FaktyICTVchannel", "uploader_url": "http://www.youtube.com/user/FaktyICTVchannel", "upload_date": "20140422", "license": "Standard YouTube License", "creator": null, "title": "\u0414\u0436\u0435\u043c\u0438\u043b\u0435\u0432 \u043d\u0435\u0441\u043c\u043e\u0442\u0440\u044f \u043d\u0430 \u0437\u0430\u043f\u0440\u0435\u0442 \u043e\u043a\u043a\u0443\u043f\u0430\u043d\u0442\u043e\u0432 \u0432\u0435\u0440\u043d\u0435\u0442\u0441\u044f \u0432 \u041a\u0440\u044b\u043c", "alt_title": null, "thumbnail": "https://i.ytimg.com/vi/2fUBAzRHK-Y/hqdefault.jpg", "description": "\u0412\u0441\u0435 \u0433\u043b\u0430\u0432\u043d\u044b\u0435 \u043d\u043e\u0432\u043e\u0441\u0442\u0438 \u043c\u0438\u0440\u0430 \u0438 \u0423\u043a\u0440\u0430\u0438\u043d\u044b \u0437\u0434\u0435\u0441\u044c: http://fakty.ictv.ua/ua\n\n\u041f\u043e\u0434\u043f\u0438\u0441\u044b\u0432\u0430\u0439\u0442\u0435\u0441\u044c \u043d\u0430 \u043a\u0430\u043d\u0430\u043b: http://www.youtube.com/channel/UCG26bSkEjJc7SqGsxoHNnbA?sub_confirmation=1\n\u0424\u0430\u043a\u0442\u044b \u043e\u0442 ICTV \u043d\u0430 Facebook - https://www.facebook.com/Fakty.ICTV\nICTV \u0412\u043a\u043e\u043d\u0442\u0430\u043a\u0442\u0435 - http://vk.com/fakty_ictv\nTwitter ICTV - https://twitter.com/ICTV_Fakty\nICTV ONLINE http://ictv.ua/ua/index/online", "categories": ["News & Politics"], "tags": ["\u0414\u0436\u0435\u043c\u0456\u043b\u044c\u043e\u0432", "\u0414\u0436\u0435\u043c\u0438\u043b\u0435\u0432", "\u041a\u0440\u0438\u043c", "\u041a\u0440\u044b\u043c", "\u0444\u0430\u043a\u0442\u0438 ictv", "\u0444\u0430\u043a\u0442\u044b ictv", "\u043d\u043e\u0432\u043e\u0441\u0442\u0438 ictv", "\u043d\u043e\u0432\u043e\u0441\u0442\u0438 \u0437\u0430 \u0441\u0435\u0433\u043e\u0434\u043d\u044f", "\u0441\u0432\u0456\u0436\u0456 \u043d\u043e\u0432\u0438\u043d\u0438", "\u043d\u043e\u0432\u0438\u043d\u0438 \u0443\u043a\u0440\u0430\u0457\u043d\u0438", "fakty ictv", "fakty", "fakty.itcv.ua", "\u043d\u043e\u0432\u043e\u0441\u0442\u0438 \u0434\u043d\u044f", "\u0441\u0432\u0435\u0436\u0438\u0435 \u043d\u043e\u0432\u043e\u0441\u0442\u0438", "\u043d\u043e\u0432\u043e\u0441\u0442\u0438 \u043c\u0438\u0440", "\u043d\u043e\u0432\u0438\u043d \u0434\u043d\u044f", "\u043d\u043e\u0432\u043e\u0441\u0442\u0438", "\u043e\u0441\u0442\u0430\u043d\u043d\u0456 \u043d\u043e\u0432\u0438\u043d\u0438", "\u043f\u043e\u0441\u043b\u0435\u0434\u043d\u0438\u0435 \u0444\u0430\u043a\u0442\u044b", "afrns", "\u043e\u043d\u043b\u0430\u0439\u043d \u043d\u043e\u0432\u043e\u0441\u0442\u0438 \u0443\u043a\u0440\u0430\u0438\u043d\u044b", "\u043d\u043e\u0432\u043e\u0441\u0442\u0438 \u043e\u043d\u043b\u0430\u0439\u043d \u0443\u043a\u0440\u0430\u0438\u043d\u0430"], "subtitles": {}, "automatic_captions": {}, "duration": 130, "age_limit": 0, "annotations": null, "chapters": null, "webpage_url": "https://www.youtube.com/watch?v=2fUBAzRHK-Y", "view_count": 3868, "like_count": 6, "dislike_count": 32, "average_rating": 1.63157892227, "formats": [{"ext": "m4a", "format_note": "DASH audio", "acodec": "mp4a.40.5", "abr": 48, "container": "m4a_dash", "format_id": "139", "url": "https://r3---sn-4g5edne7.googlevideo.com/videoplayback?id=d9f5010334472be6&itag=139&source=youtube&requiressl=yes&pl=16&ms=au&initcwndbps=3937500&mv=m&mn=sn-4g5edne7&mm=31&ei=Ky2LWaqaIMGnWPq8v6gI&ratebypass=yes&mime=audio/mp4&gir=yes&clen=787657&lmt=1405125875771416&dur=130.449&signature=0F2BC64531CE3DE6D795CAF58DEDEA46CDD01EE6.980A16D78F46CBE911CAF0C5F26D5E329F382306&key=dg_yt0&mt=1502293162&ip=131.159.40.117&ipbits=0&expire=1502314891&sparams=ip,ipbits,expire,id,itag,source,requiressl,pl,ms,initcwndbps,mv,mn,mm,ei,ratebypass,mime,gir,clen,lmt,dur", "manifest_url": "https://manifest.googlevideo.com/api/manifest/dash/pl/16/expire/1502314891/id/d9f5010334472be6/signature/D4B6A7FD54A988CCD8E3E5B792A14A0FD767DD67.131DD41BDFFD57C0727820E164CFCC77800EB8CA/key/yt6/ms/au/as/fmp4_audio_clear%2Cfmp4_sd_hd_clear/ipbits/0/initcwndbps/3937500/mv/m/sparams/as%2Cei%2Chfr%2Cid%2Cinitcwndbps%2Cip%2Cipbits%2Citag%2Cmm%2Cmn%2Cms%2Cmv%2Cpl%2Cplayback_host%2Crequiressl%2Csource%2Cexpire/source/youtube/itag/0/mn/sn-4g5edne7/mm/31/ip/131.159.40.117/mt/1502293162/ei/Ky2LWaqaIMGnWPq8v6gI/hfr/1/playback_host/r3---sn-4g5edne7.googlevideo.com/requiressl/yes", "width": null, "height": null, "tbr": 49.209, "asr": 22050, "fps": null, "language": null, "filesize": 787657, "vcodec": "none", "format": "139 - audio only (DASH audio)", "protocol": "https", "http_headers": {"User-Agent": "Mozilla/5.0 (X11; Linux x86_64; rv:10.0) Gecko/20150101 Firefox/47.0 (Chrome)", "Accept-Charset": "ISO-8859-1,utf-8;q=0.7,*;q=0.7", "Accept": "text/html,application/xhtml+xml,application/xml;q=0.9,*/*;q=0.8", "Accept-Encoding": "gzip, deflate", "Accept-Language": "en-us,en;q=0.5"}}, {"format_id": "171", "url": "https://r3---sn-4g5edne7.googlevideo.com/videoplayback?signature=490A57BAFAA047CCCB4A40291CF990108C49A53E.D4265C039C21C57E012568A8014172A46E1180AF&pl=16&id=o-ABJf1AdGyvo2p6Ak91RSoEn9w9qd-Wtwj1V93OXJCkXE&mn=sn-4g5edne7&mm=31&ms=au&mv=m&sparams=clen%2Cdur%2Cei%2Cgir%2Cid%2Cinitcwndbps%2Cip%2Cipbits%2Citag%2Ckeepalive%2Clmt%2Cmime%2Cmm%2Cmn%2Cms%2Cmv%2Cpl%2Crequiressl%2Csource%2Cexpire&mt=1502293162&requiressl=yes&ip=131.159.40.117&ei=Ki2LWYGwO821WP3QixA&keepalive=yes&source=youtube&initcwndbps=3937500&itag=171&clen=1523540&key=yt6&gir=yes&mime=audio%2Fwebm&lmt=1398229629960631&expire=1502314891&dur=130.315&ipbits=0&ratebypass=yes", "player_url": null, "ext": "webm", "acodec": "vorbis", "format_note": "DASH audio", "abr": 128, "filesize": 1523540, "tbr": 102.5, "fps": 1, "vcodec": "none", "format": "171 - audio only (DASH audio)", "protocol": "https", "http_headers": {"User-Agent": "Mozilla/5.0 (X11; Linux x86_64; rv:10.0) Gecko/20150101 Firefox/47.0 (Chrome)", "Accept-Charset": "ISO-8859-1,utf-8;q=0.7,*;q=0.7", "Accept": "text/html,application/xhtml+xml,application/xml;q=0.9,*/*;q=0.8", "Accept-Encoding": "gzip, deflate", "Accept-Language": "en-us,en;q=0.5"}}, {"ext": "m4a", "format_note": "DASH audio", "acodec": "mp4a.40.2", "abr": 128, "container": "m4a_dash", "format_id": "140", "url": "https://r3---sn-4g5edne7.googlevideo.com/videoplayback?id=d9f5010334472be6&itag=140&source=youtube&requiressl=yes&pl=16&ms=au&initcwndbps=3937500&mv=m&mn=sn-4g5edne7&mm=31&ei=Ky2LWaqaIMGnWPq8v6gI&ratebypass=yes&mime=audio/mp4&gir=yes&clen=2094300&lmt=1405125869168441&dur=130.380&signature=3ADADB7A65E09A0DC39E08EF3FDF5BD2A2FACD51.732FA59CB0572B144FE3AEE424A23BECD28E32A0&key=dg_yt0&mt=1502293162&ip=131.159.40.117&ipbits=0&expire=1502314891&sparams=ip,ipbits,expire,id,itag,source,requiressl,pl,ms,initcwndbps,mv,mn,mm,ei,ratebypass,mime,gir,clen,lmt,dur", "manifest_url": "https://manifest.googlevideo.com/api/manifest/dash/pl/16/expire/1502314891/id/d9f5010334472be6/signature/D4B6A7FD54A988CCD8E3E5B792A14A0FD767DD67.131DD41BDFFD57C0727820E164CFCC77800EB8CA/key/yt6/ms/au/as/fmp4_audio_clear%2Cfmp4_sd_hd_clear/ipbits/0/initcwndbps/3937500/mv/m/sparams/as%2Cei%2Chfr%2Cid%2Cinitcwndbps%2Cip%2Cipbits%2Citag%2Cmm%2Cmn%2Cms%2Cmv%2Cpl%2Cplayback_host%2Crequiressl%2Csource%2Cexpire/source/youtube/itag/0/mn/sn-4g5edne7/mm/31/ip/131.159.40.117/mt/1502293162/ei/Ky2LWaqaIMGnWPq8v6gI/hfr/1/playback_host/r3---sn-4g5edne7.googlevideo.com/requiressl/yes", "width": null, "height": null, "tbr": 138.602, "asr": 44100, "fps": null, "language": null, "filesize": 2094300, "vcodec": "none", "format": "140 - audio only (DASH audio)", "protocol": "https", "http_headers": {"User-Agent": "Mozilla/5.0 (X11; Linux x86_64; rv:10.0) Gecko/20150101 Firefox/47.0 (Chrome)", "Accept-Charset": "ISO-8859-1,utf-8;q=0.7,*;q=0.7", "Accept": "text/html,application/xhtml+xml,application/xml;q=0.9,*/*;q=0.8", "Accept-Encoding": "gzip, deflate", "Accept-Language": "en-us,en;q=0.5"}}, {"ext": "mp4", "height": 144, "format_note": "DASH video", "vcodec": "avc1.4d400c", "format_id": "160", "url": "https://r3---sn-4g5edne7.googlevideo.com/videoplayback?id=d9f5010334472be6&itag=160&source=youtube&requiressl=yes&pl=16&ms=au&initcwndbps=3937500&mv=m&mn=sn-4g5edne7&mm=31&ei=Ky2LWaqaIMGnWPq8v6gI&ratebypass=yes&mime=video/mp4&gir=yes&clen=1794077&lmt=1405125876383818&dur=130.241&signature=558542CBF3970C52565FDC3A6DC244A080488AEB.1C32C611EB9CF8627FC33FC484D58EDBCF80A9AF&key=dg_yt0&mt=1502293162&ip=131.159.40.117&ipbits=0&expire=1502314891&sparams=ip,ipbits,expire,id,itag,source,requiressl,pl,ms,initcwndbps,mv,mn,mm,ei,ratebypass,mime,gir,clen,lmt,dur", "manifest_url": "https://manifest.googlevideo.com/api/manifest/dash/pl/16/expire/1502314891/id/d9f5010334472be6/signature/D4B6A7FD54A988CCD8E3E5B792A14A0FD767DD67.131DD41BDFFD57C0727820E164CFCC77800EB8CA/key/yt6/ms/au/as/fmp4_audio_clear%2Cfmp4_sd_hd_clear/ipbits/0/initcwndbps/3937500/mv/m/sparams/as%2Cei%2Chfr%2Cid%2Cinitcwndbps%2Cip%2Cipbits%2Citag%2Cmm%2Cmn%2Cms%2Cmv%2Cpl%2Cplayback_host%2Crequiressl%2Csource%2Cexpire/source/youtube/itag/0/mn/sn-4g5edne7/mm/31/ip/131.159.40.117/mt/1502293162/ei/Ky2LWaqaIMGnWPq8v6gI/hfr/1/playback_host/r3---sn-4g5edne7.googlevideo.com/requiressl/yes", "width": 192, "tbr": 111.477, "asr": null, "fps": 13, "language": null, "filesize": 1794077, "acodec": "none", "format": "160 - 192x144 (DASH video)", "protocol": "https", "http_headers": {"User-Agent": "Mozilla/5.0 (X11; Linux x86_64; rv:10.0) Gecko/20150101 Firefox/47.0 (Chrome)", "Accept-Charset": "ISO-8859-1,utf-8;q=0.7,*;q=0.7", "Accept": "text/html,application/xhtml+xml,application/xml;q=0.9,*/*;q=0.8", "Accept-Encoding": "gzip, deflate", "Accept-Language": "en-us,en;q=0.5"}}, {"ext": "mp4", "height": 240, "format_note": "DASH video", "vcodec": "avc1.4d400d", "format_id": "133", "url": "https://r3---sn-4g5edne7.googlevideo.com/videoplayback?id=d9f5010334472be6&itag=133&source=youtube&requiressl=yes&pl=16&ms=au&initcwndbps=3937500&mv=m&mn=sn-4g5edne7&mm=31&ei=Ky2LWaqaIMGnWPq8v6gI&ratebypass=yes&mime=video/mp4&gir=yes&clen=3973777&lmt=1405125921988542&dur=130.241&signature=33DC83F9969061EA6C30ADD6554D551E8CB1433D.70FFA00837C2BF2D6AEC4E53BAD0EBBCBBE23942&key=dg_yt0&mt=1502293162&ip=131.159.40.117&ipbits=0&expire=1502314891&sparams=ip,ipbits,expire,id,itag,source,requiressl,pl,ms,initcwndbps,mv,mn,mm,ei,ratebypass,mime,gir,clen,lmt,dur", "manifest_url": "https://manifest.googlevideo.com/api/manifest/dash/pl/16/expire/1502314891/id/d9f5010334472be6/signature/D4B6A7FD54A988CCD8E3E5B792A14A0FD767DD67.131DD41BDFFD57C0727820E164CFCC77800EB8CA/key/yt6/ms/au/as/fmp4_audio_clear%2Cfmp4_sd_hd_clear/ipbits/0/initcwndbps/3937500/mv/m/sparams/as%2Cei%2Chfr%2Cid%2Cinitcwndbps%2Cip%2Cipbits%2Citag%2Cmm%2Cmn%2Cms%2Cmv%2Cpl%2Cplayback_host%2Crequiressl%2Csource%2Cexpire/source/youtube/itag/0/mn/sn-4g5edne7/mm/31/ip/131.159.40.117/mt/1502293162/ei/Ky2LWaqaIMGnWPq8v6gI/hfr/1/playback_host/r3---sn-4g5edne7.googlevideo.com/requiressl/yes", "width": 320, "tbr": 246.53, "asr": null, "fps": 25, "language": null, "filesize": 3973777, "acodec": "none", "format": "133 - 320x240 (DASH video)", "protocol": "https", "http_headers": {"User-Agent": "Mozilla/5.0 (X11; Linux x86_64; rv:10.0) Gecko/20150101 Firefox/47.0 (Chrome)", "Accept-Charset": "ISO-8859-1,utf-8;q=0.7,*;q=0.7", "Accept": "text/html,application/xhtml+xml,application/xml;q=0.9,*/*;q=0.8", "Accept-Encoding": "gzip, deflate", "Accept-Language": "en-us,en;q=0.5"}}, {"ext": "mp4", "height": 360, "format_note": "DASH video", "vcodec": "avc1.4d4015", "format_id": "134", "url": "https://r3---sn-4g5edne7.googlevideo.com/videoplayback?id=d9f5010334472be6&itag=134&source=youtube&requiressl=yes&pl=16&ms=au&initcwndbps=3937500&mv=m&mn=sn-4g5edne7&mm=31&ei=Ky2LWaqaIMGnWPq8v6gI&ratebypass=yes&mime=video/mp4&gir=yes&clen=3895069&lmt=1405125886138729&dur=130.241&signature=6D19939B987A7EC38C087B0B7C639D07B0B70166.522AABF5516A97BA79C427F8DDD05F717DFD1D9A&key=dg_yt0&mt=1502293162&ip=131.159.40.117&ipbits=0&expire=1502314891&sparams=ip,ipbits,expire,id,itag,source,requiressl,pl,ms,initcwndbps,mv,mn,mm,ei,ratebypass,mime,gir,clen,lmt,dur", "manifest_url": "https://manifest.googlevideo.com/api/manifest/dash/pl/16/expire/1502314891/id/d9f5010334472be6/signature/D4B6A7FD54A988CCD8E3E5B792A14A0FD767DD67.131DD41BDFFD57C0727820E164CFCC77800EB8CA/key/yt6/ms/au/as/fmp4_audio_clear%2Cfmp4_sd_hd_clear/ipbits/0/initcwndbps/3937500/mv/m/sparams/as%2Cei%2Chfr%2Cid%2Cinitcwndbps%2Cip%2Cipbits%2Citag%2Cmm%2Cmn%2Cms%2Cmv%2Cpl%2Cplayback_host%2Crequiressl%2Csource%2Cexpire/source/youtube/itag/0/mn/sn-4g5edne7/mm/31/ip/131.159.40.117/mt/1502293162/ei/Ky2LWaqaIMGnWPq8v6gI/hfr/1/playback_host/r3---sn-4g5edne7.googlevideo.com/requiressl/yes", "width": 480, "tbr": 358.194, "asr": null, "fps": 25, "language": null, "filesize": 3895069, "acodec": "none", "format": "134 - 480x360 (DASH video)", "protocol": "https", "http_headers": {"User-Agent": "Mozilla/5.0 (X11; Linux x86_64; rv:10.0) Gecko/20150101 Firefox/47.0 (Chrome)", "Accept-Charset": "ISO-8859-1,utf-8;q=0.7,*;q=0.7", "Accept": "text/html,application/xhtml+xml,application/xml;q=0.9,*/*;q=0.8", "Accept-Encoding": "gzip, deflate", "Accept-Language": "en-us,en;q=0.5"}}, {"ext": "mp4", "height": 480, "format_note": "DASH video", "vcodec": "avc1.4d401e", "format_id": "135", "url": "https://r3---sn-4g5edne7.googlevideo.com/videoplayback?id=d9f5010334472be6&itag=135&source=youtube&requiressl=yes&pl=16&ms=au&initcwndbps=3937500&mv=m&mn=sn-4g5edne7&mm=31&ei=Ky2LWaqaIMGnWPq8v6gI&ratebypass=yes&mime=video/mp4&gir=yes&clen=8249420&lmt=1405125894424386&dur=130.241&signature=886043245C2D4D158AE0D78AC2F192A9007C3349.1E8502C6B812498744461A9651194C5F8037CA62&key=dg_yt0&mt=1502293162&ip=131.159.40.117&ipbits=0&expire=1502314891&sparams=ip,ipbits,expire,id,itag,source,requiressl,pl,ms,initcwndbps,mv,mn,mm,ei,ratebypass,mime,gir,clen,lmt,dur", "manifest_url": "https://manifest.googlevideo.com/api/manifest/dash/pl/16/expire/1502314891/id/d9f5010334472be6/signature/D4B6A7FD54A988CCD8E3E5B792A14A0FD767DD67.131DD41BDFFD57C0727820E164CFCC77800EB8CA/key/yt6/ms/au/as/fmp4_audio_clear%2Cfmp4_sd_hd_clear/ipbits/0/initcwndbps/3937500/mv/m/sparams/as%2Cei%2Chfr%2Cid%2Cinitcwndbps%2Cip%2Cipbits%2Citag%2Cmm%2Cmn%2Cms%2Cmv%2Cpl%2Cplayback_host%2Crequiressl%2Csource%2Cexpire/source/youtube/itag/0/mn/sn-4g5edne7/mm/31/ip/131.159.40.117/mt/1502293162/ei/Ky2LWaqaIMGnWPq8v6gI/hfr/1/playback_host/r3---sn-4g5edne7.googlevideo.com/requiressl/yes", "width": 640, "tbr": 659.468, "asr": null, "fps": 25, "language": null, "filesize": 8249420, "acodec": "none", "format": "135 - 640x480 (DASH video)", "protocol": "https", "http_headers": {"User-Agent": "Mozilla/5.0 (X11; Linux x86_64; rv:10.0) Gecko/20150101 Firefox/47.0 (Chrome)", "Accept-Charset": "ISO-8859-1,utf-8;q=0.7,*;q=0.7", "Accept": "text/html,application/xhtml+xml,application/xml;q=0.9,*/*;q=0.8", "Accept-Encoding": "gzip, deflate", "Accept-Language": "en-us,en;q=0.5"}}, {"format_id": "17", "url": "https://r3---sn-4g5edne7.googlevideo.com/videoplayback?signature=55B52254F29116DEC85F99C2B0D984BE11080056.3428D679CDE5FC13C72DCDA3D2CDC2F84BA92E02&pl=16&id=o-ABJf1AdGyvo2p6Ak91RSoEn9w9qd-Wtwj1V93OXJCkXE&mn=sn-4g5edne7&mm=31&ms=au&mv=m&sparams=clen%2Cdur%2Cei%2Cgir%2Cid%2Cinitcwndbps%2Cip%2Cipbits%2Citag%2Clmt%2Cmime%2Cmm%2Cmn%2Cms%2Cmv%2Cpl%2Crequiressl%2Csource%2Cexpire&mt=1502293162&requiressl=yes&ip=131.159.40.117&ei=Ki2LWYGwO821WP3QixA&source=youtube&initcwndbps=3937500&itag=17&clen=1333622&key=yt6&gir=yes&mime=video%2F3gpp&lmt=1398188247012287&expire=1502314891&dur=130.542&ipbits=0&ratebypass=yes", "player_url": null, "ext": "3gp", "width": 176, "height": 144, "acodec": "mp4a.40.2", "abr": 24, "vcodec": "mp4v.20.3", "resolution": "176x144", "format_note": "small", "format": "17 - 176x144 (small)", "protocol": "https", "http_headers": {"User-Agent": "Mozilla/5.0 (X11; Linux x86_64; rv:10.0) Gecko/20150101 Firefox/47.0 (Chrome)", "Accept-Charset": "ISO-8859-1,utf-8;q=0.7,*;q=0.7", "Accept": "text/html,application/xhtml+xml,application/xml;q=0.9,*/*;q=0.8", "Accept-Encoding": "gzip, deflate", "Accept-Language": "en-us,en;q=0.5"}}, {"format_id": "36", "url": "https://r3---sn-4g5edne7.googlevideo.com/videoplayback?signature=6E2FBEB197210849A587C2D293BCF54BC3EFFE24.27B6C628555CFA6016953F72FCD0AD9D67F8C7B6&pl=16&id=o-ABJf1AdGyvo2p6Ak91RSoEn9w9qd-Wtwj1V93OXJCkXE&mn=sn-4g5edne7&mm=31&ms=au&mv=m&sparams=clen%2Cdur%2Cei%2Cgir%2Cid%2Cinitcwndbps%2Cip%2Cipbits%2Citag%2Clmt%2Cmime%2Cmm%2Cmn%2Cms%2Cmv%2Cpl%2Crequiressl%2Csource%2Cexpire&mt=1502293162&requiressl=yes&ip=131.159.40.117&ei=Ki2LWYGwO821WP3QixA&source=youtube&initcwndbps=3937500&itag=36&clen=3670714&key=yt6&gir=yes&mime=video%2F3gpp&lmt=1398188249011359&expire=1502314891&dur=130.496&ipbits=0&ratebypass=yes", "player_url": null, "ext": "3gp", "width": 320, "acodec": "mp4a.40.2", "vcodec": "mp4v.20.3", "resolution": "320x240", "height": 240, "format_note": "small", "format": "36 - 320x240 (small)", "protocol": "https", "http_headers": {"User-Agent": "Mozilla/5.0 (X11; Linux x86_64; rv:10.0) Gecko/20150101 Firefox/47.0 (Chrome)", "Accept-Charset": "ISO-8859-1,utf-8;q=0.7,*;q=0.7", "Accept": "text/html,application/xhtml+xml,application/xml;q=0.9,*/*;q=0.8", "Accept-Encoding": "gzip, deflate", "Accept-Language": "en-us,en;q=0.5"}}, {"format_id": "18", "url": "https://r3---sn-4g5edne7.googlevideo.com/videoplayback?signature=21FC4E6FB679707205B401E4A07636514ED9AC98.2AB29093F13B3A93DD2B09ADE084C10A3BA9B36D&pl=16&id=o-ABJf1AdGyvo2p6Ak91RSoEn9w9qd-Wtwj1V93OXJCkXE&mn=sn-4g5edne7&mm=31&ms=au&mv=m&sparams=clen%2Cdur%2Cei%2Cgir%2Cid%2Cinitcwndbps%2Cip%2Cipbits%2Citag%2Clmt%2Cmime%2Cmm%2Cmn%2Cms%2Cmv%2Cpl%2Cratebypass%2Crequiressl%2Csource%2Cexpire&mt=1502293162&requiressl=yes&ip=131.159.40.117&ei=Ki2LWYGwO821WP3QixA&source=youtube&initcwndbps=3937500&itag=18&clen=6534262&key=yt6&gir=yes&mime=video%2Fmp4&lmt=1405126006875067&expire=1502314891&ratebypass=yes&dur=130.380&ipbits=0", "player_url": null, "ext": "mp4", "width": 480, "height": 360, "acodec": "mp4a.40.2", "abr": 96, "vcodec": "avc1.42001E", "resolution": "480x360", "format_note": "medium", "format": "18 - 480x360 (medium)", "protocol": "https", "http_headers": {"User-Agent": "Mozilla/5.0 (X11; Linux x86_64; rv:10.0) Gecko/20150101 Firefox/47.0 (Chrome)", "Accept-Charset": "ISO-8859-1,utf-8;q=0.7,*;q=0.7", "Accept": "text/html,application/xhtml+xml,application/xml;q=0.9,*/*;q=0.8", "Accept-Encoding": "gzip, deflate", "Accept-Language": "en-us,en;q=0.5"}}, {"format_id": "43", "url": "https://r3---sn-4g5edne7.googlevideo.com/videoplayback?signature=D8B210D141C63DFBBB167C48A25FB620F60B4992.07BC31FC88FD9EDC7F8477ED64431C193A795A3E&pl=16&id=o-ABJf1AdGyvo2p6Ak91RSoEn9w9qd-Wtwj1V93OXJCkXE&mn=sn-4g5edne7&mm=31&ms=au&mv=m&sparams=clen%2Cdur%2Cei%2Cgir%2Cid%2Cinitcwndbps%2Cip%2Cipbits%2Citag%2Clmt%2Cmime%2Cmm%2Cmn%2Cms%2Cmv%2Cpl%2Cratebypass%2Crequiressl%2Csource%2Cexpire&mt=1502293162&requiressl=yes&ip=131.159.40.117&ei=Ki2LWYGwO821WP3QixA&source=youtube&initcwndbps=3937500&itag=43&clen=9176803&key=yt6&gir=yes&mime=video%2Fwebm&lmt=1398190661739333&expire=1502314891&ratebypass=yes&dur=0.000&ipbits=0", "player_url": null, "ext": "webm", "width": 640, "height": 360, "acodec": "vorbis", "abr": 128, "vcodec": "vp8.0", "resolution": "640x360", "format_note": "medium", "format": "43 - 640x360 (medium)", "protocol": "https", "http_headers": {"User-Agent": "Mozilla/5.0 (X11; Linux x86_64; rv:10.0) Gecko/20150101 Firefox/47.0 (Chrome)", "Accept-Charset": "ISO-8859-1,utf-8;q=0.7,*;q=0.7", "Accept": "text/html,application/xhtml+xml,application/xml;q=0.9,*/*;q=0.8", "Accept-Encoding": "gzip, deflate", "Accept-Language": "en-us,en;q=0.5"}}], "is_live": null, "start_time": null, "end_time": null, "series": null, "season_number": null, "episode_number": null, "extractor": "youtube", "webpage_url_basename": "2fUBAzRHK-Y", "extractor_key": "Youtube", "playlist": null, "playlist_index": null, "thumbnails": [{"url": "https://i.ytimg.com/vi/2fUBAzRHK-Y/hqdefault.jpg", "id": "0"}], "display_id": "2fUBAzRHK-Y", "ext": "mp4", "height": 480, "format_note": "DASH video", "vcodec": "avc1.4d401e", "format_id": "135", "url": "https://r3---sn-4g5edne7.googlevideo.com/videoplayback?id=d9f5010334472be6&itag=135&source=youtube&requiressl=yes&pl=16&ms=au&initcwndbps=3937500&mv=m&mn=sn-4g5edne7&mm=31&ei=Ky2LWaqaIMGnWPq8v6gI&ratebypass=yes&mime=video/mp4&gir=yes&clen=8249420&lmt=1405125894424386&dur=130.241&signature=886043245C2D4D158AE0D78AC2F192A9007C3349.1E8502C6B812498744461A9651194C5F8037CA62&key=dg_yt0&mt=1502293162&ip=131.159.40.117&ipbits=0&expire=1502314891&sparams=ip,ipbits,expire,id,itag,source,requiressl,pl,ms,initcwndbps,mv,mn,mm,ei,ratebypass,mime,gir,clen,lmt,dur", "manifest_url": "https://manifest.googlevideo.com/api/manifest/dash/pl/16/expire/1502314891/id/d9f5010334472be6/signature/D4B6A7FD54A988CCD8E3E5B792A14A0FD767DD67.131DD41BDFFD57C0727820E164CFCC77800EB8CA/key/yt6/ms/au/as/fmp4_audio_clear%2Cfmp4_sd_hd_clear/ipbits/0/initcwndbps/3937500/mv/m/sparams/as%2Cei%2Chfr%2Cid%2Cinitcwndbps%2Cip%2Cipbits%2Citag%2Cmm%2Cmn%2Cms%2Cmv%2Cpl%2Cplayback_host%2Crequiressl%2Csource%2Cexpire/source/youtube/itag/0/mn/sn-4g5edne7/mm/31/ip/131.159.40.117/mt/1502293162/ei/Ky2LWaqaIMGnWPq8v6gI/hfr/1/playback_host/r3---sn-4g5edne7.googlevideo.com/requiressl/yes", "width": 640, "tbr": 659.468, "asr": null, "fps": 25, "language": null, "filesize": 8249420, "acodec": "none", "format": "135 - 640x480 (DASH video)", "protocol": "https", "http_headers": {"User-Agent": "Mozilla/5.0 (X11; Linux x86_64; rv:10.0) Gecko/20150101 Firefox/47.0 (Chrome)", "Accept-Charset": "ISO-8859-1,utf-8;q=0.7,*;q=0.7", "Accept": "text/html,application/xhtml+xml,application/xml;q=0.9,*/*;q=0.8", "Accept-Encoding": "gzip, deflate", "Accept-Language": "en-us,en;q=0.5"}, "fulltitle": "\u0414\u0436\u0435\u043c\u0438\u043b\u0435\u0432 \u043d\u0435\u0441\u043c\u043e\u0442\u0440\u044f \u043d\u0430 \u0437\u0430\u043f\u0440\u0435\u0442 \u043e\u043a\u043a\u0443\u043f\u0430\u043d\u0442\u043e\u0432 \u0432\u0435\u0440\u043d\u0435\u0442\u0441\u044f \u0432 \u041a\u0440\u044b\u043c", "_filename": "2fUBAzRHK-Y.mp4"}