{"id": "khk-tGSoE14", "uploader": "Congressman Jared Polis", "uploader_id": "JaredPolis31275", "uploader_url": "http://www.youtube.com/user/JaredPolis31275", "upload_date": "20120510", "license": "Standard YouTube License", "creator": null, "title": "CNN Marriage Equality Interview", "alt_title": null, "thumbnail": "https://i.ytimg.com/vi/khk-tGSoE14/hqdefault.jpg", "description": "Congressman Polis spoke to CNN to about President Obama's historic endorsement of marriage equality.", "categories": ["News & Politics"], "tags": ["Marriage Equality", "Congress", "LGBT"], "subtitles": {}, "automatic_captions": {}, "duration": 200, "age_limit": 0, "annotations": null, "chapters": null, "webpage_url": "https://www.youtube.com/watch?v=khk-tGSoE14", "view_count": 3835, "like_count": 36, "dislike_count": 3, "average_rating": 4.69230747223, "formats": [{"ext": "m4a", "format_note": "DASH audio", "acodec": "mp4a.40.5", "abr": 48, "container": "m4a_dash", "format_id": "139", "url": "https://r1---sn-4g5e6n7r.googlevideo.com/videoplayback?id=92193eb464a8135e&itag=139&source=youtube&requiressl=yes&pl=16&mm=31&mn=sn-4g5e6n7r&ei=a3OJWeWaDMXyVYSEk4gP&initcwndbps=4466250&ms=au&mv=m&ratebypass=yes&mime=audio/mp4&gir=yes&clen=1207579&lmt=1407164344285459&dur=200.063&mt=1502180131&signature=4C5E8FDC51A130186A5CA64F3536EA3CE560FB7B.2B60C3E182A059ABD00CC98202EDA09026926D47&key=dg_yt0&ip=131.159.40.117&ipbits=0&expire=1502201803&sparams=ip,ipbits,expire,id,itag,source,requiressl,pl,mm,mn,ei,initcwndbps,ms,mv,ratebypass,mime,gir,clen,lmt,dur", "manifest_url": "https://manifest.googlevideo.com/api/manifest/dash/mt/1502180131/signature/770038E63CB7BF80177124B83D3A7070B6555C2A.A98E163FA312EA9CD33A03F80D2F0FDC462E3C37/pl/16/ipbits/0/mm/31/hfr/1/source/youtube/mn/sn-4g5e6n7r/sparams/as%2Cei%2Chfr%2Cid%2Cinitcwndbps%2Cip%2Cipbits%2Citag%2Cmm%2Cmn%2Cms%2Cmv%2Cpl%2Cplayback_host%2Crequiressl%2Csource%2Cexpire/as/fmp4_audio_clear%2Cfmp4_sd_hd_clear/id/92193eb464a8135e/key/yt6/ei/a3OJWeWaDMXyVYSEk4gP/expire/1502201803/initcwndbps/4466250/requiressl/yes/ip/131.159.40.117/itag/0/ms/au/playback_host/r1---sn-4g5e6n7r.googlevideo.com/mv/m", "width": null, "height": null, "tbr": 49.164, "asr": 22050, "fps": null, "language": null, "filesize": 1207579, "vcodec": "none", "format": "139 - audio only (DASH audio)", "protocol": "https", "http_headers": {"User-Agent": "Mozilla/5.0 (X11; Linux x86_64; rv:10.0) Gecko/20150101 Firefox/47.0 (Chrome)", "Accept-Charset": "ISO-8859-1,utf-8;q=0.7,*;q=0.7", "Accept": "text/html,application/xhtml+xml,application/xml;q=0.9,*/*;q=0.8", "Accept-Encoding": "gzip, deflate", "Accept-Language": "en-us,en;q=0.5"}}, {"format_id": "249", "url": "https://r1---sn-4g5e6n7r.googlevideo.com/videoplayback?mt=1502180131&dur=199.921&mv=m&ms=au&ip=131.159.40.117&clen=1246726&initcwndbps=4466250&mm=31&ipbits=0&mn=sn-4g5e6n7r&gir=yes&expire=1502201802&ei=anOJWdKSL53WVbGmougJ&itag=249&sparams=clen%2Cdur%2Cei%2Cgir%2Cid%2Cinitcwndbps%2Cip%2Cipbits%2Citag%2Ckeepalive%2Clmt%2Cmime%2Cmm%2Cmn%2Cms%2Cmv%2Cpl%2Crequiressl%2Csource%2Cexpire&id=o-AES9_F5gr21UQEpyjpOCxG4AK4DCYNhMqI_Dg-LlP7D4&signature=0A4946E5DDCE6C383F19711B0694A8CDDBEBE346.2AA81F7C0F2AE41F3DBE46575BF2E0723612D4EF&source=youtube&mime=audio%2Fwebm&pl=16&key=yt6&lmt=1427655968731624&requiressl=yes&keepalive=yes&ratebypass=yes", "player_url": null, "ext": "webm", "format_note": "DASH audio", "acodec": "opus", "abr": 50, "filesize": 1246726, "tbr": 50.928, "vcodec": "none", "format": "249 - audio only (DASH audio)", "protocol": "https", "http_headers": {"User-Agent": "Mozilla/5.0 (X11; Linux x86_64; rv:10.0) Gecko/20150101 Firefox/47.0 (Chrome)", "Accept-Charset": "ISO-8859-1,utf-8;q=0.7,*;q=0.7", "Accept": "text/html,application/xhtml+xml,application/xml;q=0.9,*/*;q=0.8", "Accept-Encoding": "gzip, deflate", "Accept-Language": "en-us,en;q=0.5"}}, {"format_id": "250", "url": "https://r1---sn-4g5e6n7r.googlevideo.com/videoplayback?mt=1502180131&dur=199.921&mv=m&ms=au&ip=131.159.40.117&clen=1615794&initcwndbps=4466250&mm=31&ipbits=0&mn=sn-4g5e6n7r&gir=yes&expire=1502201802&ei=anOJWdKSL53WVbGmougJ&itag=250&sparams=clen%2Cdur%2Cei%2Cgir%2Cid%2Cinitcwndbps%2Cip%2Cipbits%2Citag%2Ckeepalive%2Clmt%2Cmime%2Cmm%2Cmn%2Cms%2Cmv%2Cpl%2Crequiressl%2Csource%2Cexpire&id=o-AES9_F5gr21UQEpyjpOCxG4AK4DCYNhMqI_Dg-LlP7D4&signature=42EDF1EEC1E40F5A0B29BEFD6B3B806A12CC158A.3F2018F3A0F1353805BE2D07BE102536709DF43B&source=youtube&mime=audio%2Fwebm&pl=16&key=yt6&lmt=1427655967278703&requiressl=yes&keepalive=yes&ratebypass=yes", "player_url": null, "ext": "webm", "format_note": "DASH audio", "acodec": "opus", "abr": 70, "filesize": 1615794, "tbr": 69.047, "vcodec": "none", "format": "250 - audio only (DASH audio)", "protocol": "https", "http_headers": {"User-Agent": "Mozilla/5.0 (X11; Linux x86_64; rv:10.0) Gecko/20150101 Firefox/47.0 (Chrome)", "Accept-Charset": "ISO-8859-1,utf-8;q=0.7,*;q=0.7", "Accept": "text/html,application/xhtml+xml,application/xml;q=0.9,*/*;q=0.8", "Accept-Encoding": "gzip, deflate", "Accept-Language": "en-us,en;q=0.5"}}, {"format_id": "171", "url": "https://r1---sn-4g5e6n7r.googlevideo.com/videoplayback?mt=1502180131&dur=199.905&mv=m&ms=au&ip=131.159.40.117&clen=1828927&initcwndbps=4466250&mm=31&ipbits=0&mn=sn-4g5e6n7r&gir=yes&expire=1502201802&ei=anOJWdKSL53WVbGmougJ&itag=171&sparams=clen%2Cdur%2Cei%2Cgir%2Cid%2Cinitcwndbps%2Cip%2Cipbits%2Citag%2Ckeepalive%2Clmt%2Cmime%2Cmm%2Cmn%2Cms%2Cmv%2Cpl%2Crequiressl%2Csource%2Cexpire&id=o-AES9_F5gr21UQEpyjpOCxG4AK4DCYNhMqI_Dg-LlP7D4&signature=3A5C6A44E27DDEEA7EE5B69FFA793E5AD09DE94E.08C1C1CF28AEEE4ABA5181B1B127256A31E9BA7D&source=youtube&mime=audio%2Fwebm&pl=16&key=yt6&lmt=1427655970785848&requiressl=yes&keepalive=yes&ratebypass=yes", "player_url": null, "ext": "webm", "acodec": "vorbis", "format_note": "DASH audio", "abr": 128, "filesize": 1828927, "tbr": 76.021, "vcodec": "none", "format": "171 - audio only (DASH audio)", "protocol": "https", "http_headers": {"User-Agent": "Mozilla/5.0 (X11; Linux x86_64; rv:10.0) Gecko/20150101 Firefox/47.0 (Chrome)", "Accept-Charset": "ISO-8859-1,utf-8;q=0.7,*;q=0.7", "Accept": "text/html,application/xhtml+xml,application/xml;q=0.9,*/*;q=0.8", "Accept-Encoding": "gzip, deflate", "Accept-Language": "en-us,en;q=0.5"}}, {"ext": "m4a", "format_note": "DASH audio", "acodec": "mp4a.40.2", "abr": 128, "container": "m4a_dash", "format_id": "140", "url": "https://r1---sn-4g5e6n7r.googlevideo.com/videoplayback?id=92193eb464a8135e&itag=140&source=youtube&requiressl=yes&pl=16&mm=31&mn=sn-4g5e6n7r&ei=a3OJWeWaDMXyVYSEk4gP&initcwndbps=4466250&ms=au&mv=m&ratebypass=yes&mime=audio/mp4&gir=yes&clen=3210919&lmt=1407164342723210&dur=199.969&mt=1502180131&signature=06258F88FC737E38B2F14BE81637D1013380AF33.51F03DFD0B8EF9D96A688DECA07AD84160B8CA3D&key=dg_yt0&ip=131.159.40.117&ipbits=0&expire=1502201803&sparams=ip,ipbits,expire,id,itag,source,requiressl,pl,mm,mn,ei,initcwndbps,ms,mv,ratebypass,mime,gir,clen,lmt,dur", "manifest_url": "https://manifest.googlevideo.com/api/manifest/dash/mt/1502180131/signature/770038E63CB7BF80177124B83D3A7070B6555C2A.A98E163FA312EA9CD33A03F80D2F0FDC462E3C37/pl/16/ipbits/0/mm/31/hfr/1/source/youtube/mn/sn-4g5e6n7r/sparams/as%2Cei%2Chfr%2Cid%2Cinitcwndbps%2Cip%2Cipbits%2Citag%2Cmm%2Cmn%2Cms%2Cmv%2Cpl%2Cplayback_host%2Crequiressl%2Csource%2Cexpire/as/fmp4_audio_clear%2Cfmp4_sd_hd_clear/id/92193eb464a8135e/key/yt6/ei/a3OJWeWaDMXyVYSEk4gP/expire/1502201803/initcwndbps/4466250/requiressl/yes/ip/131.159.40.117/itag/0/ms/au/playback_host/r1---sn-4g5e6n7r.googlevideo.com/mv/m", "width": null, "height": null, "tbr": 129.2, "asr": 44100, "fps": null, "language": null, "filesize": 3210919, "vcodec": "none", "format": "140 - audio only (DASH audio)", "protocol": "https", "http_headers": {"User-Agent": "Mozilla/5.0 (X11; Linux x86_64; rv:10.0) Gecko/20150101 Firefox/47.0 (Chrome)", "Accept-Charset": "ISO-8859-1,utf-8;q=0.7,*;q=0.7", "Accept": "text/html,application/xhtml+xml,application/xml;q=0.9,*/*;q=0.8", "Accept-Encoding": "gzip, deflate", "Accept-Language": "en-us,en;q=0.5"}}, {"format_id": "251", "url": "https://r1---sn-4g5e6n7r.googlevideo.com/videoplayback?mt=1502180131&dur=199.921&mv=m&ms=au&ip=131.159.40.117&clen=3750894&initcwndbps=4466250&mm=31&ipbits=0&mn=sn-4g5e6n7r&gir=yes&expire=1502201802&ei=anOJWdKSL53WVbGmougJ&itag=251&sparams=clen%2Cdur%2Cei%2Cgir%2Cid%2Cinitcwndbps%2Cip%2Cipbits%2Citag%2Ckeepalive%2Clmt%2Cmime%2Cmm%2Cmn%2Cms%2Cmv%2Cpl%2Crequiressl%2Csource%2Cexpire&id=o-AES9_F5gr21UQEpyjpOCxG4AK4DCYNhMqI_Dg-LlP7D4&signature=75F97A30314CE12473D20A7DA2D1D754EABBFB92.3C2797FC6676E4304FBB41A4F404792BD337B5A8&source=youtube&mime=audio%2Fwebm&pl=16&key=yt6&lmt=1427655970194539&requiressl=yes&keepalive=yes&ratebypass=yes", "player_url": null, "ext": "webm", "format_note": "DASH audio", "acodec": "opus", "abr": 160, "filesize": 3750894, "tbr": 156.016, "vcodec": "none", "format": "251 - audio only (DASH audio)", "protocol": "https", "http_headers": {"User-Agent": "Mozilla/5.0 (X11; Linux x86_64; rv:10.0) Gecko/20150101 Firefox/47.0 (Chrome)", "Accept-Charset": "ISO-8859-1,utf-8;q=0.7,*;q=0.7", "Accept": "text/html,application/xhtml+xml,application/xml;q=0.9,*/*;q=0.8", "Accept-Encoding": "gzip, deflate", "Accept-Language": "en-us,en;q=0.5"}}, {"format_id": "278", "url": "https://r1---sn-4g5e6n7r.googlevideo.com/videoplayback?mt=1502180131&dur=199.799&mv=m&ms=au&ip=131.159.40.117&clen=2304617&initcwndbps=4466250&mm=31&ipbits=0&mn=sn-4g5e6n7r&gir=yes&expire=1502201802&ei=anOJWdKSL53WVbGmougJ&itag=278&sparams=clen%2Cdur%2Cei%2Cgir%2Cid%2Cinitcwndbps%2Cip%2Cipbits%2Citag%2Ckeepalive%2Clmt%2Cmime%2Cmm%2Cmn%2Cms%2Cmv%2Cpl%2Crequiressl%2Csource%2Cexpire&id=o-AES9_F5gr21UQEpyjpOCxG4AK4DCYNhMqI_Dg-LlP7D4&signature=B0ADF77B2AEBE774452F3EF8A42CBDD42C1B5FBE.59D13BCAA0199667EBCCF33D8BAA56B0D15521CF&source=youtube&mime=video%2Fwebm&pl=16&key=yt6&lmt=1427656083159878&requiressl=yes&keepalive=yes&ratebypass=yes", "player_url": null, "ext": "webm", "height": 144, "format_note": "144p", "container": "webm", "vcodec": "vp9", "filesize": 2304617, "tbr": 102.055, "width": 256, "fps": 15, "acodec": "none", "format": "278 - 256x144 (144p)", "protocol": "https", "http_headers": {"User-Agent": "Mozilla/5.0 (X11; Linux x86_64; rv:10.0) Gecko/20150101 Firefox/47.0 (Chrome)", "Accept-Charset": "ISO-8859-1,utf-8;q=0.7,*;q=0.7", "Accept": "text/html,application/xhtml+xml,application/xml;q=0.9,*/*;q=0.8", "Accept-Encoding": "gzip, deflate", "Accept-Language": "en-us,en;q=0.5"}}, {"ext": "mp4", "height": 144, "format_note": "DASH video", "vcodec": "avc1.4d400c", "format_id": "160", "url": "https://r1---sn-4g5e6n7r.googlevideo.com/videoplayback?id=92193eb464a8135e&itag=160&source=youtube&requiressl=yes&pl=16&mm=31&mn=sn-4g5e6n7r&ei=a3OJWeWaDMXyVYSEk4gP&initcwndbps=4466250&ms=au&mv=m&ratebypass=yes&mime=video/mp4&gir=yes&clen=2627847&lmt=1407165052626264&dur=199.866&mt=1502180131&signature=0606D838639D55AB43319F5E0E01D17A0FCE1121.7AD1CFB92D8EFD31F6E8555519488B6431C36BF3&key=dg_yt0&ip=131.159.40.117&ipbits=0&expire=1502201803&sparams=ip,ipbits,expire,id,itag,source,requiressl,pl,mm,mn,ei,initcwndbps,ms,mv,ratebypass,mime,gir,clen,lmt,dur", "manifest_url": "https://manifest.googlevideo.com/api/manifest/dash/mt/1502180131/signature/770038E63CB7BF80177124B83D3A7070B6555C2A.A98E163FA312EA9CD33A03F80D2F0FDC462E3C37/pl/16/ipbits/0/mm/31/hfr/1/source/youtube/mn/sn-4g5e6n7r/sparams/as%2Cei%2Chfr%2Cid%2Cinitcwndbps%2Cip%2Cipbits%2Citag%2Cmm%2Cmn%2Cms%2Cmv%2Cpl%2Cplayback_host%2Crequiressl%2Csource%2Cexpire/as/fmp4_audio_clear%2Cfmp4_sd_hd_clear/id/92193eb464a8135e/key/yt6/ei/a3OJWeWaDMXyVYSEk4gP/expire/1502201803/initcwndbps/4466250/requiressl/yes/ip/131.159.40.117/itag/0/ms/au/playback_host/r1---sn-4g5e6n7r.googlevideo.com/mv/m", "width": 256, "tbr": 112.196, "asr": null, "fps": 15, "language": null, "filesize": 2627847, "acodec": "none", "format": "160 - 256x144 (DASH video)", "protocol": "https", "http_headers": {"User-Agent": "Mozilla/5.0 (X11; Linux x86_64; rv:10.0) Gecko/20150101 Firefox/47.0 (Chrome)", "Accept-Charset": "ISO-8859-1,utf-8;q=0.7,*;q=0.7", "Accept": "text/html,application/xhtml+xml,application/xml;q=0.9,*/*;q=0.8", "Accept-Encoding": "gzip, deflate", "Accept-Language": "en-us,en;q=0.5"}}, {"format_id": "242", "url": "https://r1---sn-4g5e6n7r.googlevideo.com/videoplayback?mt=1502180131&dur=199.832&mv=m&ms=au&ip=131.159.40.117&clen=3039097&initcwndbps=4466250&mm=31&ipbits=0&mn=sn-4g5e6n7r&gir=yes&expire=1502201802&ei=anOJWdKSL53WVbGmougJ&itag=242&sparams=clen%2Cdur%2Cei%2Cgir%2Cid%2Cinitcwndbps%2Cip%2Cipbits%2Citag%2Ckeepalive%2Clmt%2Cmime%2Cmm%2Cmn%2Cms%2Cmv%2Cpl%2Crequiressl%2Csource%2Cexpire&id=o-AES9_F5gr21UQEpyjpOCxG4AK4DCYNhMqI_Dg-LlP7D4&signature=3D36028F1A3344151E9483BB20AAFCEE8FB7602B.776CA143A8239B437069E4AC334A447D9B925A48&source=youtube&mime=video%2Fwebm&pl=16&key=yt6&lmt=1427656039407660&requiressl=yes&keepalive=yes&ratebypass=yes", "player_url": null, "ext": "webm", "height": 240, "format_note": "240p", "vcodec": "vp9", "filesize": 3039097, "tbr": 210.217, "width": 426, "fps": 30, "acodec": "none", "format": "242 - 426x240 (240p)", "protocol": "https", "http_headers": {"User-Agent": "Mozilla/5.0 (X11; Linux x86_64; rv:10.0) Gecko/20150101 Firefox/47.0 (Chrome)", "Accept-Charset": "ISO-8859-1,utf-8;q=0.7,*;q=0.7", "Accept": "text/html,application/xhtml+xml,application/xml;q=0.9,*/*;q=0.8", "Accept-Encoding": "gzip, deflate", "Accept-Language": "en-us,en;q=0.5"}}, {"ext": "mp4", "height": 240, "format_note": "DASH video", "vcodec": "avc1.4d4015", "format_id": "133", "url": "https://r1---sn-4g5e6n7r.googlevideo.com/videoplayback?id=92193eb464a8135e&itag=133&source=youtube&requiressl=yes&pl=16&mm=31&mn=sn-4g5e6n7r&ei=a3OJWeWaDMXyVYSEk4gP&initcwndbps=4466250&ms=au&mv=m&ratebypass=yes&mime=video/mp4&gir=yes&clen=6099762&lmt=1407165058305174&dur=199.866&mt=1502180131&signature=90540750B6B9E532F8ABEEF78E858C35D431FE0F.1F940A50852901679E7C86A8BE851B14E2F5C9D9&key=dg_yt0&ip=131.159.40.117&ipbits=0&expire=1502201803&sparams=ip,ipbits,expire,id,itag,source,requiressl,pl,mm,mn,ei,initcwndbps,ms,mv,ratebypass,mime,gir,clen,lmt,dur", "manifest_url": "https://manifest.googlevideo.com/api/manifest/dash/mt/1502180131/signature/770038E63CB7BF80177124B83D3A7070B6555C2A.A98E163FA312EA9CD33A03F80D2F0FDC462E3C37/pl/16/ipbits/0/mm/31/hfr/1/source/youtube/mn/sn-4g5e6n7r/sparams/as%2Cei%2Chfr%2Cid%2Cinitcwndbps%2Cip%2Cipbits%2Citag%2Cmm%2Cmn%2Cms%2Cmv%2Cpl%2Cplayback_host%2Crequiressl%2Csource%2Cexpire/as/fmp4_audio_clear%2Cfmp4_sd_hd_clear/id/92193eb464a8135e/key/yt6/ei/a3OJWeWaDMXyVYSEk4gP/expire/1502201803/initcwndbps/4466250/requiressl/yes/ip/131.159.40.117/itag/0/ms/au/playback_host/r1---sn-4g5e6n7r.googlevideo.com/mv/m", "width": 426, "tbr": 246.679, "asr": null, "fps": 30, "language": null, "filesize": 6099762, "acodec": "none", "format": "133 - 426x240 (DASH video)", "protocol": "https", "http_headers": {"User-Agent": "Mozilla/5.0 (X11; Linux x86_64; rv:10.0) Gecko/20150101 Firefox/47.0 (Chrome)", "Accept-Charset": "ISO-8859-1,utf-8;q=0.7,*;q=0.7", "Accept": "text/html,application/xhtml+xml,application/xml;q=0.9,*/*;q=0.8", "Accept-Encoding": "gzip, deflate", "Accept-Language": "en-us,en;q=0.5"}}, {"ext": "mp4", "height": 360, "format_note": "DASH video", "vcodec": "avc1.4d401e", "format_id": "134", "url": "https://r1---sn-4g5e6n7r.googlevideo.com/videoplayback?id=92193eb464a8135e&itag=134&source=youtube&requiressl=yes&pl=16&mm=31&mn=sn-4g5e6n7r&ei=a3OJWeWaDMXyVYSEk4gP&initcwndbps=4466250&ms=au&mv=m&ratebypass=yes&mime=video/mp4&gir=yes&clen=6151810&lmt=1407165137207676&dur=199.866&mt=1502180131&signature=55C4B99747980B4D329E758DBF628D929A539483.26F5F8D1D473601866FBBEF8D11420A5672C5330&key=dg_yt0&ip=131.159.40.117&ipbits=0&expire=1502201803&sparams=ip,ipbits,expire,id,itag,source,requiressl,pl,mm,mn,ei,initcwndbps,ms,mv,ratebypass,mime,gir,clen,lmt,dur", "manifest_url": "https://manifest.googlevideo.com/api/manifest/dash/mt/1502180131/signature/770038E63CB7BF80177124B83D3A7070B6555C2A.A98E163FA312EA9CD33A03F80D2F0FDC462E3C37/pl/16/ipbits/0/mm/31/hfr/1/source/youtube/mn/sn-4g5e6n7r/sparams/as%2Cei%2Chfr%2Cid%2Cinitcwndbps%2Cip%2Cipbits%2Citag%2Cmm%2Cmn%2Cms%2Cmv%2Cpl%2Cplayback_host%2Crequiressl%2Csource%2Cexpire/as/fmp4_audio_clear%2Cfmp4_sd_hd_clear/id/92193eb464a8135e/key/yt6/ei/a3OJWeWaDMXyVYSEk4gP/expire/1502201803/initcwndbps/4466250/requiressl/yes/ip/131.159.40.117/itag/0/ms/au/playback_host/r1---sn-4g5e6n7r.googlevideo.com/mv/m", "width": 640, "tbr": 274.373, "asr": null, "fps": 30, "language": null, "filesize": 6151810, "acodec": "none", "format": "134 - 640x360 (DASH video)", "protocol": "https", "http_headers": {"User-Agent": "Mozilla/5.0 (X11; Linux x86_64; rv:10.0) Gecko/20150101 Firefox/47.0 (Chrome)", "Accept-Charset": "ISO-8859-1,utf-8;q=0.7,*;q=0.7", "Accept": "text/html,application/xhtml+xml,application/xml;q=0.9,*/*;q=0.8", "Accept-Encoding": "gzip, deflate", "Accept-Language": "en-us,en;q=0.5"}}, {"format_id": "243", "url": "https://r1---sn-4g5e6n7r.googlevideo.com/videoplayback?mt=1502180131&dur=199.832&mv=m&ms=au&ip=131.159.40.117&clen=5687017&initcwndbps=4466250&mm=31&ipbits=0&mn=sn-4g5e6n7r&gir=yes&expire=1502201802&ei=anOJWdKSL53WVbGmougJ&itag=243&sparams=clen%2Cdur%2Cei%2Cgir%2Cid%2Cinitcwndbps%2Cip%2Cipbits%2Citag%2Ckeepalive%2Clmt%2Cmime%2Cmm%2Cmn%2Cms%2Cmv%2Cpl%2Crequiressl%2Csource%2Cexpire&id=o-AES9_F5gr21UQEpyjpOCxG4AK4DCYNhMqI_Dg-LlP7D4&signature=34F8F76E604B903FD889291316437E6389483D1A.06DB18A2D246DCD82F1DEC0A33388CCFC25BB683&source=youtube&mime=video%2Fwebm&pl=16&key=yt6&lmt=1427656095027553&requiressl=yes&keepalive=yes&ratebypass=yes", "player_url": null, "ext": "webm", "height": 360, "format_note": "360p", "vcodec": "vp9", "filesize": 5687017, "tbr": 390.693, "width": 640, "fps": 30, "acodec": "none", "format": "243 - 640x360 (360p)", "protocol": "https", "http_headers": {"User-Agent": "Mozilla/5.0 (X11; Linux x86_64; rv:10.0) Gecko/20150101 Firefox/47.0 (Chrome)", "Accept-Charset": "ISO-8859-1,utf-8;q=0.7,*;q=0.7", "Accept": "text/html,application/xhtml+xml,application/xml;q=0.9,*/*;q=0.8", "Accept-Encoding": "gzip, deflate", "Accept-Language": "en-us,en;q=0.5"}}, {"format_id": "244", "url": "https://r1---sn-4g5e6n7r.googlevideo.com/videoplayback?mt=1502180131&dur=199.832&mv=m&ms=au&ip=131.159.40.117&clen=10428782&initcwndbps=4466250&mm=31&ipbits=0&mn=sn-4g5e6n7r&gir=yes&expire=1502201802&ei=anOJWdKSL53WVbGmougJ&itag=244&sparams=clen%2Cdur%2Cei%2Cgir%2Cid%2Cinitcwndbps%2Cip%2Cipbits%2Citag%2Ckeepalive%2Clmt%2Cmime%2Cmm%2Cmn%2Cms%2Cmv%2Cpl%2Crequiressl%2Csource%2Cexpire&id=o-AES9_F5gr21UQEpyjpOCxG4AK4DCYNhMqI_Dg-LlP7D4&signature=296C1175244FA39D13DD283C63897D48C4358D10.884643661245A306E9F19A4C1AF015D074CF3FF2&source=youtube&mime=video%2Fwebm&pl=16&key=yt6&lmt=1427656137039076&requiressl=yes&keepalive=yes&ratebypass=yes", "player_url": null, "ext": "webm", "height": 480, "format_note": "480p", "vcodec": "vp9", "filesize": 10428782, "tbr": 713.798, "width": 854, "fps": 30, "acodec": "none", "format": "244 - 854x480 (480p)", "protocol": "https", "http_headers": {"User-Agent": "Mozilla/5.0 (X11; Linux x86_64; rv:10.0) Gecko/20150101 Firefox/47.0 (Chrome)", "Accept-Charset": "ISO-8859-1,utf-8;q=0.7,*;q=0.7", "Accept": "text/html,application/xhtml+xml,application/xml;q=0.9,*/*;q=0.8", "Accept-Encoding": "gzip, deflate", "Accept-Language": "en-us,en;q=0.5"}}, {"ext": "mp4", "height": 480, "format_note": "DASH video", "vcodec": "avc1.4d401f", "format_id": "135", "url": "https://r1---sn-4g5e6n7r.googlevideo.com/videoplayback?id=92193eb464a8135e&itag=135&source=youtube&requiressl=yes&pl=16&mm=31&mn=sn-4g5e6n7r&ei=a3OJWeWaDMXyVYSEk4gP&initcwndbps=4466250&ms=au&mv=m&ratebypass=yes&mime=video/mp4&gir=yes&clen=12912736&lmt=1407165085393251&dur=199.866&mt=1502180131&signature=74018697318474DED12B379CB68BC8E16D6FC5D4.8AA5288BB849E4B1B98B3A77FDBD6DD65C10A0D4&key=dg_yt0&ip=131.159.40.117&ipbits=0&expire=1502201803&sparams=ip,ipbits,expire,id,itag,source,requiressl,pl,mm,mn,ei,initcwndbps,ms,mv,ratebypass,mime,gir,clen,lmt,dur", "manifest_url": "https://manifest.googlevideo.com/api/manifest/dash/mt/1502180131/signature/770038E63CB7BF80177124B83D3A7070B6555C2A.A98E163FA312EA9CD33A03F80D2F0FDC462E3C37/pl/16/ipbits/0/mm/31/hfr/1/source/youtube/mn/sn-4g5e6n7r/sparams/as%2Cei%2Chfr%2Cid%2Cinitcwndbps%2Cip%2Cipbits%2Citag%2Cmm%2Cmn%2Cms%2Cmv%2Cpl%2Cplayback_host%2Crequiressl%2Csource%2Cexpire/as/fmp4_audio_clear%2Cfmp4_sd_hd_clear/id/92193eb464a8135e/key/yt6/ei/a3OJWeWaDMXyVYSEk4gP/expire/1502201803/initcwndbps/4466250/requiressl/yes/ip/131.159.40.117/itag/0/ms/au/playback_host/r1---sn-4g5e6n7r.googlevideo.com/mv/m", "width": 854, "tbr": 739.527, "asr": null, "fps": 30, "language": null, "filesize": 12912736, "acodec": "none", "format": "135 - 854x480 (DASH video)", "protocol": "https", "http_headers": {"User-Agent": "Mozilla/5.0 (X11; Linux x86_64; rv:10.0) Gecko/20150101 Firefox/47.0 (Chrome)", "Accept-Charset": "ISO-8859-1,utf-8;q=0.7,*;q=0.7", "Accept": "text/html,application/xhtml+xml,application/xml;q=0.9,*/*;q=0.8", "Accept-Encoding": "gzip, deflate", "Accept-Language": "en-us,en;q=0.5"}}, {"format_id": "17", "url": "https://r1---sn-4g5e6n7r.googlevideo.com/videoplayback?mt=1502180131&dur=200.202&mv=m&ms=au&ip=131.159.40.117&clen=2048171&initcwndbps=4466250&mm=31&ipbits=0&mn=sn-4g5e6n7r&gir=yes&expire=1502201802&ei=anOJWdKSL53WVbGmougJ&itag=17&sparams=clen%2Cdur%2Cei%2Cgir%2Cid%2Cinitcwndbps%2Cip%2Cipbits%2Citag%2Clmt%2Cmime%2Cmm%2Cmn%2Cms%2Cmv%2Cpl%2Crequiressl%2Csource%2Cexpire&id=o-AES9_F5gr21UQEpyjpOCxG4AK4DCYNhMqI_Dg-LlP7D4&signature=C6D82AA07B52805E558FB6D324583D015514EFD0.344CDB94352DD9BB046DFAD40FB02A870D4ED011&source=youtube&mime=video%2F3gpp&pl=16&key=yt6&lmt=1336661641130525&requiressl=yes&ratebypass=yes", "player_url": null, "ext": "3gp", "width": 176, "height": 144, "acodec": "mp4a.40.2", "abr": 24, "vcodec": "mp4v.20.3", "resolution": "176x144", "format_note": "small", "format": "17 - 176x144 (small)", "protocol": "https", "http_headers": {"User-Agent": "Mozilla/5.0 (X11; Linux x86_64; rv:10.0) Gecko/20150101 Firefox/47.0 (Chrome)", "Accept-Charset": "ISO-8859-1,utf-8;q=0.7,*;q=0.7", "Accept": "text/html,application/xhtml+xml,application/xml;q=0.9,*/*;q=0.8", "Accept-Encoding": "gzip, deflate", "Accept-Language": "en-us,en;q=0.5"}}, {"format_id": "36", "url": "https://r1---sn-4g5e6n7r.googlevideo.com/videoplayback?mt=1502180131&dur=200.063&mv=m&ms=au&ip=131.159.40.117&clen=5640092&initcwndbps=4466250&mm=31&ipbits=0&mn=sn-4g5e6n7r&gir=yes&expire=1502201802&ei=anOJWdKSL53WVbGmougJ&itag=36&sparams=clen%2Cdur%2Cei%2Cgir%2Cid%2Cinitcwndbps%2Cip%2Cipbits%2Citag%2Clmt%2Cmime%2Cmm%2Cmn%2Cms%2Cmv%2Cpl%2Crequiressl%2Csource%2Cexpire&id=o-AES9_F5gr21UQEpyjpOCxG4AK4DCYNhMqI_Dg-LlP7D4&signature=808314BE3AF5F46E416E163C5206043500D24315.2BBB0E378B510E8431C07DF3AFF6A688587EA98A&source=youtube&mime=video%2F3gpp&pl=16&key=yt6&lmt=1428480252568097&requiressl=yes&ratebypass=yes", "player_url": null, "ext": "3gp", "width": 320, "acodec": "mp4a.40.2", "vcodec": "mp4v.20.3", "resolution": "320x180", "height": 180, "format_note": "small", "format": "36 - 320x180 (small)", "protocol": "https", "http_headers": {"User-Agent": "Mozilla/5.0 (X11; Linux x86_64; rv:10.0) Gecko/20150101 Firefox/47.0 (Chrome)", "Accept-Charset": "ISO-8859-1,utf-8;q=0.7,*;q=0.7", "Accept": "text/html,application/xhtml+xml,application/xml;q=0.9,*/*;q=0.8", "Accept-Encoding": "gzip, deflate", "Accept-Language": "en-us,en;q=0.5"}}, {"format_id": "43", "url": "https://r1---sn-4g5e6n7r.googlevideo.com/videoplayback?mt=1502180131&dur=0.000&mv=m&ms=au&ip=131.159.40.117&clen=11997002&initcwndbps=4466250&mm=31&ipbits=0&mn=sn-4g5e6n7r&gir=yes&expire=1502201802&ei=anOJWdKSL53WVbGmougJ&itag=43&sparams=clen%2Cdur%2Cei%2Cgir%2Cid%2Cinitcwndbps%2Cip%2Cipbits%2Citag%2Clmt%2Cmime%2Cmm%2Cmn%2Cms%2Cmv%2Cpl%2Cratebypass%2Crequiressl%2Csource%2Cexpire&id=o-AES9_F5gr21UQEpyjpOCxG4AK4DCYNhMqI_Dg-LlP7D4&ratebypass=yes&signature=1CF44D845BCA0991D0193C4C08C9790DAAD39D38.1A238891E9D8B6CF9AD5C918ADF857BC0BA66D55&source=youtube&mime=video%2Fwebm&pl=16&key=yt6&lmt=1336662249590788&requiressl=yes", "player_url": null, "ext": "webm", "width": 640, "height": 360, "acodec": "vorbis", "abr": 128, "vcodec": "vp8.0", "resolution": "640x360", "format_note": "medium", "format": "43 - 640x360 (medium)", "protocol": "https", "http_headers": {"User-Agent": "Mozilla/5.0 (X11; Linux x86_64; rv:10.0) Gecko/20150101 Firefox/47.0 (Chrome)", "Accept-Charset": "ISO-8859-1,utf-8;q=0.7,*;q=0.7", "Accept": "text/html,application/xhtml+xml,application/xml;q=0.9,*/*;q=0.8", "Accept-Encoding": "gzip, deflate", "Accept-Language": "en-us,en;q=0.5"}}, {"format_id": "18", "url": "https://r1---sn-4g5e6n7r.googlevideo.com/videoplayback?mt=1502180131&dur=199.993&mv=m&ms=au&ip=131.159.40.117&clen=11826586&initcwndbps=4466250&mm=31&ipbits=0&mn=sn-4g5e6n7r&gir=yes&expire=1502201802&ei=anOJWdKSL53WVbGmougJ&itag=18&sparams=clen%2Cdur%2Cei%2Cgir%2Cid%2Cinitcwndbps%2Cip%2Cipbits%2Citag%2Clmt%2Cmime%2Cmm%2Cmn%2Cms%2Cmv%2Cpl%2Cratebypass%2Crequiressl%2Csource%2Cexpire&id=o-AES9_F5gr21UQEpyjpOCxG4AK4DCYNhMqI_Dg-LlP7D4&ratebypass=yes&signature=01111DD0B928E415F12AEFDA01803ED9CAED6D8D.ABC59FFB05769A9B0F8C28014A3BE935E917C683&source=youtube&mime=video%2Fmp4&pl=16&key=yt6&lmt=1336661590848666&requiressl=yes", "player_url": null, "ext": "mp4", "width": 640, "height": 360, "acodec": "mp4a.40.2", "abr": 96, "vcodec": "avc1.42001E", "resolution": "640x360", "format_note": "medium", "format": "18 - 640x360 (medium)", "protocol": "https", "http_headers": {"User-Agent": "Mozilla/5.0 (X11; Linux x86_64; rv:10.0) Gecko/20150101 Firefox/47.0 (Chrome)", "Accept-Charset": "ISO-8859-1,utf-8;q=0.7,*;q=0.7", "Accept": "text/html,application/xhtml+xml,application/xml;q=0.9,*/*;q=0.8", "Accept-Encoding": "gzip, deflate", "Accept-Language": "en-us,en;q=0.5"}}], "is_live": null, "start_time": null, "end_time": null, "series": null, "season_number": null, "episode_number": null, "extractor": "youtube", "webpage_url_basename": "khk-tGSoE14", "extractor_key": "Youtube", "playlist": null, "playlist_index": null, "thumbnails": [{"url": "https://i.ytimg.com/vi/khk-tGSoE14/hqdefault.jpg", "id": "0"}], "display_id": "khk-tGSoE14", "ext": "mp4", "height": 480, "format_note": "DASH video", "vcodec": "avc1.4d401f", "format_id": "135", "url": "https://r1---sn-4g5e6n7r.googlevideo.com/videoplayback?id=92193eb464a8135e&itag=135&source=youtube&requiressl=yes&pl=16&mm=31&mn=sn-4g5e6n7r&ei=a3OJWeWaDMXyVYSEk4gP&initcwndbps=4466250&ms=au&mv=m&ratebypass=yes&mime=video/mp4&gir=yes&clen=12912736&lmt=1407165085393251&dur=199.866&mt=1502180131&signature=74018697318474DED12B379CB68BC8E16D6FC5D4.8AA5288BB849E4B1B98B3A77FDBD6DD65C10A0D4&key=dg_yt0&ip=131.159.40.117&ipbits=0&expire=1502201803&sparams=ip,ipbits,expire,id,itag,source,requiressl,pl,mm,mn,ei,initcwndbps,ms,mv,ratebypass,mime,gir,clen,lmt,dur", "manifest_url": "https://manifest.googlevideo.com/api/manifest/dash/mt/1502180131/signature/770038E63CB7BF80177124B83D3A7070B6555C2A.A98E163FA312EA9CD33A03F80D2F0FDC462E3C37/pl/16/ipbits/0/mm/31/hfr/1/source/youtube/mn/sn-4g5e6n7r/sparams/as%2Cei%2Chfr%2Cid%2Cinitcwndbps%2Cip%2Cipbits%2Citag%2Cmm%2Cmn%2Cms%2Cmv%2Cpl%2Cplayback_host%2Crequiressl%2Csource%2Cexpire/as/fmp4_audio_clear%2Cfmp4_sd_hd_clear/id/92193eb464a8135e/key/yt6/ei/a3OJWeWaDMXyVYSEk4gP/expire/1502201803/initcwndbps/4466250/requiressl/yes/ip/131.159.40.117/itag/0/ms/au/playback_host/r1---sn-4g5e6n7r.googlevideo.com/mv/m", "width": 854, "tbr": 739.527, "asr": null, "fps": 30, "language": null, "filesize": 12912736, "acodec": "none", "format": "135 - 854x480 (DASH video)", "protocol": "https", "http_headers": {"User-Agent": "Mozilla/5.0 (X11; Linux x86_64; rv:10.0) Gecko/20150101 Firefox/47.0 (Chrome)", "Accept-Charset": "ISO-8859-1,utf-8;q=0.7,*;q=0.7", "Accept": "text/html,application/xhtml+xml,application/xml;q=0.9,*/*;q=0.8", "Accept-Encoding": "gzip, deflate", "Accept-Language": "en-us,en;q=0.5"}, "fulltitle": "CNN Marriage Equality Interview", "_filename": "khk-tGSoE14.mp4"}