{"id": "duNlE7wADiY", "uploader": "Karla Diaz Mua", "uploader_id": "KarlaLovesMakeup11", "uploader_url": "http://www.youtube.com/user/KarlaLovesMakeup11", "upload_date": "20121216", "license": "Standard YouTube License", "creator": null, "title": "Higiene e hidrataci\u00f3n diaria de la piel (previo al maquillaje)", "alt_title": null, "thumbnail": "https://i.ytimg.com/vi/duNlE7wADiY/hqdefault.jpg", "description": "Hola a tod@s:\n\nComo futura cosmetologa debo preocuparme de limpiar e hidratar mi piel diariamente, y de transmitirles esto a Ustedes. De esta manera mantendremos una piel luminosa y lozana, y la protegeremos antes de aplicar productos de tipo decorativo, que en este caso ser\u00edan los productos de maquillaje :)\n\nEspero les haya servido este video, si les gusto dedito para arriba :)\n\nSuscr\u00edbanse que se vienen mas videos entretes y en donde les ense\u00f1o como yo hago los diferentes looks de maquillaje :)\n\n\nMe pueden encontrar tambien en Instragram:\nkarlalovesmakeup11\n\nMUACK! XD", "categories": ["Howto & Style"], "tags": ["Limpieza", "Higiene", "Piel", "Rostro", "Fontbote", "Leche Virginal", "Hidratacion", "Crema", "Leche de Limpieza", "Skin", "Moisturize", "Moisturized", "Moisturizing Cream", "Crema humectante"], "subtitles": {}, "automatic_captions": {}, "duration": 417, "age_limit": 0, "annotations": null, "chapters": null, "webpage_url": "https://www.youtube.com/watch?v=duNlE7wADiY", "view_count": 1282, "like_count": 44, "dislike_count": 0, "average_rating": 5.0, "formats": [{"ext": "m4a", "format_note": "DASH audio", "acodec": "mp4a.40.5", "abr": 48, "container": "m4a_dash", "format_id": "139", "url": "https://r2---sn-xjpm-q0ns.googlevideo.com/videoplayback?id=76e36513bc000e26&itag=139&source=youtube&requiressl=yes&mn=sn-xjpm-q0ns&mm=31&mv=u&pl=16&ms=au&ei=lWqKWfmbHIex1gKX2IG4Bw&ratebypass=yes&mime=audio/mp4&gir=yes&clen=2481122&lmt=1392397351529864&dur=417.123&key=dg_yt0&mt=1502243084&signature=0D72692F8E714C530789C26AE03600BA7A9D43DD.95EC1F8F60A5956F4E593DBE5F7F1E827C21504B&ip=131.159.40.117&ipbits=0&expire=1502265077&sparams=ip,ipbits,expire,id,itag,source,requiressl,mn,mm,mv,pl,ms,ei,ratebypass,mime,gir,clen,lmt,dur", "manifest_url": "https://manifest.googlevideo.com/api/manifest/dash/ip/131.159.40.117/key/yt6/ipbits/0/mn/sn-xjpm-q0ns/expire/1502265077/hfr/1/mm/31/playback_host/r2---sn-xjpm-q0ns.googlevideo.com/mv/u/pl/16/mt/1502243084/sparams/as%2Cei%2Chfr%2Cid%2Cip%2Cipbits%2Citag%2Cmm%2Cmn%2Cms%2Cmv%2Cpl%2Cplayback_host%2Crequiressl%2Csource%2Cexpire/ms/au/id/76e36513bc000e26/ei/lWqKWfmbHIex1gKX2IG4Bw/itag/0/as/fmp4_audio_clear%2Cfmp4_sd_hd_clear/signature/A0C03A64A33C66F63BAD4571668AF4F81AADDDD9.764173E55F85904FEB62BC7BC4C296290445A2CD/requiressl/yes/source/youtube", "width": null, "height": null, "tbr": 48.811, "asr": 22050, "fps": null, "language": null, "filesize": 2481122, "vcodec": "none", "format": "139 - audio only (DASH audio)", "protocol": "https", "http_headers": {"User-Agent": "Mozilla/5.0 (X11; Linux x86_64; rv:10.0) Gecko/20150101 Firefox/47.0 (Chrome)", "Accept-Charset": "ISO-8859-1,utf-8;q=0.7,*;q=0.7", "Accept": "text/html,application/xhtml+xml,application/xml;q=0.9,*/*;q=0.8", "Accept-Encoding": "gzip, deflate", "Accept-Language": "en-us,en;q=0.5"}}, {"format_id": "249", "url": "https://r2---sn-xjpm-q0ns.googlevideo.com/videoplayback?ei=lGqKWdXcL4qHcpSHneAH&ms=au&mt=1502243084&mv=u&requiressl=yes&gir=yes&clen=2760580&mn=sn-xjpm-q0ns&source=youtube&id=o-ABYxziCc-YvuMqdGPmO88GRUjYySePXnUHWCom1bUFNP&dur=416.981&expire=1502265077&key=yt6&ip=131.159.40.117&lmt=1426622453207792&signature=072D3C76B7F69FFAE1885D2B9BCB8AB2DC6BE51C.0710B6429EC25B9ADA944A77CC7000E25D3AB85C&mm=31&ipbits=0&sparams=clen%2Cdur%2Cei%2Cgir%2Cid%2Cip%2Cipbits%2Citag%2Ckeepalive%2Clmt%2Cmime%2Cmm%2Cmn%2Cms%2Cmv%2Cpl%2Crequiressl%2Csource%2Cexpire&keepalive=yes&mime=audio%2Fwebm&pl=16&itag=249&ratebypass=yes", "player_url": null, "ext": "webm", "format_note": "DASH audio", "acodec": "opus", "abr": 50, "filesize": 2760580, "tbr": 57.374, "vcodec": "none", "format": "249 - audio only (DASH audio)", "protocol": "https", "http_headers": {"User-Agent": "Mozilla/5.0 (X11; Linux x86_64; rv:10.0) Gecko/20150101 Firefox/47.0 (Chrome)", "Accept-Charset": "ISO-8859-1,utf-8;q=0.7,*;q=0.7", "Accept": "text/html,application/xhtml+xml,application/xml;q=0.9,*/*;q=0.8", "Accept-Encoding": "gzip, deflate", "Accept-Language": "en-us,en;q=0.5"}}, {"format_id": "250", "url": "https://r2---sn-xjpm-q0ns.googlevideo.com/videoplayback?ei=lGqKWdXcL4qHcpSHneAH&ms=au&mt=1502243084&mv=u&requiressl=yes&gir=yes&clen=3709295&mn=sn-xjpm-q0ns&source=youtube&id=o-ABYxziCc-YvuMqdGPmO88GRUjYySePXnUHWCom1bUFNP&dur=416.981&expire=1502265077&key=yt6&ip=131.159.40.117&lmt=1426622445393811&signature=94A4619529D456953017BAFB65342F4C4C9ED598.5AEF6B4A7F0091A02B15D3FBBB58BF760ADBCDD5&mm=31&ipbits=0&sparams=clen%2Cdur%2Cei%2Cgir%2Cid%2Cip%2Cipbits%2Citag%2Ckeepalive%2Clmt%2Cmime%2Cmm%2Cmn%2Cms%2Cmv%2Cpl%2Crequiressl%2Csource%2Cexpire&keepalive=yes&mime=audio%2Fwebm&pl=16&itag=250&ratebypass=yes", "player_url": null, "ext": "webm", "format_note": "DASH audio", "acodec": "opus", "abr": 70, "filesize": 3709295, "tbr": 79.576, "vcodec": "none", "format": "250 - audio only (DASH audio)", "protocol": "https", "http_headers": {"User-Agent": "Mozilla/5.0 (X11; Linux x86_64; rv:10.0) Gecko/20150101 Firefox/47.0 (Chrome)", "Accept-Charset": "ISO-8859-1,utf-8;q=0.7,*;q=0.7", "Accept": "text/html,application/xhtml+xml,application/xml;q=0.9,*/*;q=0.8", "Accept-Encoding": "gzip, deflate", "Accept-Language": "en-us,en;q=0.5"}}, {"ext": "m4a", "format_note": "DASH audio", "acodec": "mp4a.40.2", "abr": 128, "container": "m4a_dash", "format_id": "140", "url": "https://r2---sn-xjpm-q0ns.googlevideo.com/videoplayback?id=76e36513bc000e26&itag=140&source=youtube&requiressl=yes&mn=sn-xjpm-q0ns&mm=31&mv=u&pl=16&ms=au&ei=lWqKWfmbHIex1gKX2IG4Bw&ratebypass=yes&mime=audio/mp4&gir=yes&clen=6623934&lmt=1392397347533179&dur=417.030&key=dg_yt0&mt=1502243084&signature=66BEBB391B427487E8551E3495158791C9CD95FD.07DBCE49B01485AE6F147EF24792B675BC85008F&ip=131.159.40.117&ipbits=0&expire=1502265077&sparams=ip,ipbits,expire,id,itag,source,requiressl,mn,mm,mv,pl,ms,ei,ratebypass,mime,gir,clen,lmt,dur", "manifest_url": "https://manifest.googlevideo.com/api/manifest/dash/ip/131.159.40.117/key/yt6/ipbits/0/mn/sn-xjpm-q0ns/expire/1502265077/hfr/1/mm/31/playback_host/r2---sn-xjpm-q0ns.googlevideo.com/mv/u/pl/16/mt/1502243084/sparams/as%2Cei%2Chfr%2Cid%2Cip%2Cipbits%2Citag%2Cmm%2Cmn%2Cms%2Cmv%2Cpl%2Cplayback_host%2Crequiressl%2Csource%2Cexpire/ms/au/id/76e36513bc000e26/ei/lWqKWfmbHIex1gKX2IG4Bw/itag/0/as/fmp4_audio_clear%2Cfmp4_sd_hd_clear/signature/A0C03A64A33C66F63BAD4571668AF4F81AADDDD9.764173E55F85904FEB62BC7BC4C296290445A2CD/requiressl/yes/source/youtube", "width": null, "height": null, "tbr": 128.318, "asr": 44100, "fps": null, "language": null, "filesize": 6623934, "vcodec": "none", "format": "140 - audio only (DASH audio)", "protocol": "https", "http_headers": {"User-Agent": "Mozilla/5.0 (X11; Linux x86_64; rv:10.0) Gecko/20150101 Firefox/47.0 (Chrome)", "Accept-Charset": "ISO-8859-1,utf-8;q=0.7,*;q=0.7", "Accept": "text/html,application/xhtml+xml,application/xml;q=0.9,*/*;q=0.8", "Accept-Encoding": "gzip, deflate", "Accept-Language": "en-us,en;q=0.5"}}, {"format_id": "171", "url": "https://r2---sn-xjpm-q0ns.googlevideo.com/videoplayback?ei=lGqKWdXcL4qHcpSHneAH&ms=au&mt=1502243084&mv=u&requiressl=yes&gir=yes&clen=6439289&mn=sn-xjpm-q0ns&source=youtube&id=o-ABYxziCc-YvuMqdGPmO88GRUjYySePXnUHWCom1bUFNP&dur=416.971&expire=1502265077&key=yt6&ip=131.159.40.117&lmt=1426622447786225&signature=C6E60827312611D5AA3A2A2F15918081F0D3FB4F.D72E9F962B075CD9EA6D1967EEB14563D9C3BCCD&mm=31&ipbits=0&sparams=clen%2Cdur%2Cei%2Cgir%2Cid%2Cip%2Cipbits%2Citag%2Ckeepalive%2Clmt%2Cmime%2Cmm%2Cmn%2Cms%2Cmv%2Cpl%2Crequiressl%2Csource%2Cexpire&keepalive=yes&mime=audio%2Fwebm&pl=16&itag=171&ratebypass=yes", "player_url": null, "ext": "webm", "acodec": "vorbis", "format_note": "DASH audio", "abr": 128, "filesize": 6439289, "tbr": 128.376, "vcodec": "none", "format": "171 - audio only (DASH audio)", "protocol": "https", "http_headers": {"User-Agent": "Mozilla/5.0 (X11; Linux x86_64; rv:10.0) Gecko/20150101 Firefox/47.0 (Chrome)", "Accept-Charset": "ISO-8859-1,utf-8;q=0.7,*;q=0.7", "Accept": "text/html,application/xhtml+xml,application/xml;q=0.9,*/*;q=0.8", "Accept-Encoding": "gzip, deflate", "Accept-Language": "en-us,en;q=0.5"}}, {"format_id": "251", "url": "https://r2---sn-xjpm-q0ns.googlevideo.com/videoplayback?ei=lGqKWdXcL4qHcpSHneAH&ms=au&mt=1502243084&mv=u&requiressl=yes&gir=yes&clen=8911219&mn=sn-xjpm-q0ns&source=youtube&id=o-ABYxziCc-YvuMqdGPmO88GRUjYySePXnUHWCom1bUFNP&dur=416.981&expire=1502265077&key=yt6&ip=131.159.40.117&lmt=1426622469773001&signature=7EC1A0C4DCBF0B4F86128D8AA741980F63C7A970.860C29A58ED1BE0BD60CDFD54748AA0FC85E7E69&mm=31&ipbits=0&sparams=clen%2Cdur%2Cei%2Cgir%2Cid%2Cip%2Cipbits%2Citag%2Ckeepalive%2Clmt%2Cmime%2Cmm%2Cmn%2Cms%2Cmv%2Cpl%2Crequiressl%2Csource%2Cexpire&keepalive=yes&mime=audio%2Fwebm&pl=16&itag=251&ratebypass=yes", "player_url": null, "ext": "webm", "format_note": "DASH audio", "acodec": "opus", "abr": 160, "filesize": 8911219, "tbr": 183.504, "vcodec": "none", "format": "251 - audio only (DASH audio)", "protocol": "https", "http_headers": {"User-Agent": "Mozilla/5.0 (X11; Linux x86_64; rv:10.0) Gecko/20150101 Firefox/47.0 (Chrome)", "Accept-Charset": "ISO-8859-1,utf-8;q=0.7,*;q=0.7", "Accept": "text/html,application/xhtml+xml,application/xml;q=0.9,*/*;q=0.8", "Accept-Encoding": "gzip, deflate", "Accept-Language": "en-us,en;q=0.5"}}, {"format_id": "278", "url": "https://r2---sn-xjpm-q0ns.googlevideo.com/videoplayback?ei=lGqKWdXcL4qHcpSHneAH&ms=au&mt=1502243084&mv=u&requiressl=yes&gir=yes&clen=4720231&mn=sn-xjpm-q0ns&source=youtube&id=o-ABYxziCc-YvuMqdGPmO88GRUjYySePXnUHWCom1bUFNP&dur=416.950&expire=1502265077&key=yt6&ip=131.159.40.117&lmt=1426622491985580&signature=4CF1A2DEC296DC776F09C77F154431B886CFC698.CC06749C7992D7EED2E383527156C984E5C3E402&mm=31&ipbits=0&sparams=clen%2Cdur%2Cei%2Cgir%2Cid%2Cip%2Cipbits%2Citag%2Ckeepalive%2Clmt%2Cmime%2Cmm%2Cmn%2Cms%2Cmv%2Cpl%2Crequiressl%2Csource%2Cexpire&keepalive=yes&mime=video%2Fwebm&pl=16&itag=278&ratebypass=yes", "player_url": null, "ext": "webm", "height": 144, "format_note": "144p", "container": "webm", "vcodec": "vp9", "filesize": 4720231, "tbr": 97.835, "width": 256, "fps": 15, "acodec": "none", "format": "278 - 256x144 (144p)", "protocol": "https", "http_headers": {"User-Agent": "Mozilla/5.0 (X11; Linux x86_64; rv:10.0) Gecko/20150101 Firefox/47.0 (Chrome)", "Accept-Charset": "ISO-8859-1,utf-8;q=0.7,*;q=0.7", "Accept": "text/html,application/xhtml+xml,application/xml;q=0.9,*/*;q=0.8", "Accept-Encoding": "gzip, deflate", "Accept-Language": "en-us,en;q=0.5"}}, {"ext": "mp4", "height": 144, "format_note": "DASH video", "vcodec": "avc1.4d400c", "format_id": "160", "url": "https://r2---sn-xjpm-q0ns.googlevideo.com/videoplayback?id=76e36513bc000e26&itag=160&source=youtube&requiressl=yes&mn=sn-xjpm-q0ns&mm=31&mv=u&pl=16&ms=au&ei=lWqKWfmbHIex1gKX2IG4Bw&ratebypass=yes&mime=video/mp4&gir=yes&clen=5860731&lmt=1392397348536755&dur=416.951&key=dg_yt0&mt=1502243084&signature=7739ECD606355E0B3FF470A62858CE3A0451A79C.441D13175C02FFBB2A3FD5BC1C34CFF7FF60C354&ip=131.159.40.117&ipbits=0&expire=1502265077&sparams=ip,ipbits,expire,id,itag,source,requiressl,mn,mm,mv,pl,ms,ei,ratebypass,mime,gir,clen,lmt,dur", "manifest_url": "https://manifest.googlevideo.com/api/manifest/dash/ip/131.159.40.117/key/yt6/ipbits/0/mn/sn-xjpm-q0ns/expire/1502265077/hfr/1/mm/31/playback_host/r2---sn-xjpm-q0ns.googlevideo.com/mv/u/pl/16/mt/1502243084/sparams/as%2Cei%2Chfr%2Cid%2Cip%2Cipbits%2Citag%2Cmm%2Cmn%2Cms%2Cmv%2Cpl%2Cplayback_host%2Crequiressl%2Csource%2Cexpire/ms/au/id/76e36513bc000e26/ei/lWqKWfmbHIex1gKX2IG4Bw/itag/0/as/fmp4_audio_clear%2Cfmp4_sd_hd_clear/signature/A0C03A64A33C66F63BAD4571668AF4F81AADDDD9.764173E55F85904FEB62BC7BC4C296290445A2CD/requiressl/yes/source/youtube", "width": 256, "tbr": 121.192, "asr": null, "fps": 15, "language": null, "filesize": 5860731, "acodec": "none", "format": "160 - 256x144 (DASH video)", "protocol": "https", "http_headers": {"User-Agent": "Mozilla/5.0 (X11; Linux x86_64; rv:10.0) Gecko/20150101 Firefox/47.0 (Chrome)", "Accept-Charset": "ISO-8859-1,utf-8;q=0.7,*;q=0.7", "Accept": "text/html,application/xhtml+xml,application/xml;q=0.9,*/*;q=0.8", "Accept-Encoding": "gzip, deflate", "Accept-Language": "en-us,en;q=0.5"}}, {"format_id": "242", "url": "https://r2---sn-xjpm-q0ns.googlevideo.com/videoplayback?ei=lGqKWdXcL4qHcpSHneAH&ms=au&mt=1502243084&mv=u&requiressl=yes&gir=yes&clen=9419579&mn=sn-xjpm-q0ns&source=youtube&id=o-ABYxziCc-YvuMqdGPmO88GRUjYySePXnUHWCom1bUFNP&dur=416.950&expire=1502265077&key=yt6&ip=131.159.40.117&lmt=1426622471057876&signature=015653F7AA1831DF221FCC1FEA18479CDE8BB4D5.4AEFC483D23F1216CEA963CA38ADF1661F07A7E7&mm=31&ipbits=0&sparams=clen%2Cdur%2Cei%2Cgir%2Cid%2Cip%2Cipbits%2Citag%2Ckeepalive%2Clmt%2Cmime%2Cmm%2Cmn%2Cms%2Cmv%2Cpl%2Crequiressl%2Csource%2Cexpire&keepalive=yes&mime=video%2Fwebm&pl=16&itag=242&ratebypass=yes", "player_url": null, "ext": "webm", "height": 240, "format_note": "240p", "vcodec": "vp9", "filesize": 9419579, "tbr": 237.762, "width": 426, "fps": 30, "acodec": "none", "format": "242 - 426x240 (240p)", "protocol": "https", "http_headers": {"User-Agent": "Mozilla/5.0 (X11; Linux x86_64; rv:10.0) Gecko/20150101 Firefox/47.0 (Chrome)", "Accept-Charset": "ISO-8859-1,utf-8;q=0.7,*;q=0.7", "Accept": "text/html,application/xhtml+xml,application/xml;q=0.9,*/*;q=0.8", "Accept-Encoding": "gzip, deflate", "Accept-Language": "en-us,en;q=0.5"}}, {"ext": "mp4", "height": 240, "format_note": "DASH video", "vcodec": "avc1.4d4015", "format_id": "133", "url": "https://r2---sn-xjpm-q0ns.googlevideo.com/videoplayback?id=76e36513bc000e26&itag=133&source=youtube&requiressl=yes&mn=sn-xjpm-q0ns&mm=31&mv=u&pl=16&ms=au&ei=lWqKWfmbHIex1gKX2IG4Bw&ratebypass=yes&mime=video/mp4&gir=yes&clen=12742420&lmt=1392397352538440&dur=416.951&key=dg_yt0&mt=1502243084&signature=10852D64766B7DF4589A3E2B2F6E9D20FCC81506.1BB583750028841BE0BFAC99A44AEF9625437F3B&ip=131.159.40.117&ipbits=0&expire=1502265077&sparams=ip,ipbits,expire,id,itag,source,requiressl,mn,mm,mv,pl,ms,ei,ratebypass,mime,gir,clen,lmt,dur", "manifest_url": "https://manifest.googlevideo.com/api/manifest/dash/ip/131.159.40.117/key/yt6/ipbits/0/mn/sn-xjpm-q0ns/expire/1502265077/hfr/1/mm/31/playback_host/r2---sn-xjpm-q0ns.googlevideo.com/mv/u/pl/16/mt/1502243084/sparams/as%2Cei%2Chfr%2Cid%2Cip%2Cipbits%2Citag%2Cmm%2Cmn%2Cms%2Cmv%2Cpl%2Cplayback_host%2Crequiressl%2Csource%2Cexpire/ms/au/id/76e36513bc000e26/ei/lWqKWfmbHIex1gKX2IG4Bw/itag/0/as/fmp4_audio_clear%2Cfmp4_sd_hd_clear/signature/A0C03A64A33C66F63BAD4571668AF4F81AADDDD9.764173E55F85904FEB62BC7BC4C296290445A2CD/requiressl/yes/source/youtube", "width": 426, "tbr": 250.625, "asr": null, "fps": 30, "language": null, "filesize": 12742420, "acodec": "none", "format": "133 - 426x240 (DASH video)", "protocol": "https", "http_headers": {"User-Agent": "Mozilla/5.0 (X11; Linux x86_64; rv:10.0) Gecko/20150101 Firefox/47.0 (Chrome)", "Accept-Charset": "ISO-8859-1,utf-8;q=0.7,*;q=0.7", "Accept": "text/html,application/xhtml+xml,application/xml;q=0.9,*/*;q=0.8", "Accept-Encoding": "gzip, deflate", "Accept-Language": "en-us,en;q=0.5"}}, {"ext": "mp4", "height": 360, "format_note": "DASH video", "vcodec": "avc1.4d401e", "format_id": "134", "url": "https://r2---sn-xjpm-q0ns.googlevideo.com/videoplayback?id=76e36513bc000e26&itag=134&source=youtube&requiressl=yes&mn=sn-xjpm-q0ns&mm=31&mv=u&pl=16&ms=au&ei=lWqKWfmbHIex1gKX2IG4Bw&ratebypass=yes&mime=video/mp4&gir=yes&clen=13807497&lmt=1392397360580290&dur=416.951&key=dg_yt0&mt=1502243084&signature=21BEB449475139EF6DF6B442659FE94EBFA541C6.68E8FA86AA5C011BBBA6E8819AE510503AD92E7B&ip=131.159.40.117&ipbits=0&expire=1502265077&sparams=ip,ipbits,expire,id,itag,source,requiressl,mn,mm,mv,pl,ms,ei,ratebypass,mime,gir,clen,lmt,dur", "manifest_url": "https://manifest.googlevideo.com/api/manifest/dash/ip/131.159.40.117/key/yt6/ipbits/0/mn/sn-xjpm-q0ns/expire/1502265077/hfr/1/mm/31/playback_host/r2---sn-xjpm-q0ns.googlevideo.com/mv/u/pl/16/mt/1502243084/sparams/as%2Cei%2Chfr%2Cid%2Cip%2Cipbits%2Citag%2Cmm%2Cmn%2Cms%2Cmv%2Cpl%2Cplayback_host%2Crequiressl%2Csource%2Cexpire/ms/au/id/76e36513bc000e26/ei/lWqKWfmbHIex1gKX2IG4Bw/itag/0/as/fmp4_audio_clear%2Cfmp4_sd_hd_clear/signature/A0C03A64A33C66F63BAD4571668AF4F81AADDDD9.764173E55F85904FEB62BC7BC4C296290445A2CD/requiressl/yes/source/youtube", "width": 640, "tbr": 394.314, "asr": null, "fps": 30, "language": null, "filesize": 13807497, "acodec": "none", "format": "134 - 640x360 (DASH video)", "protocol": "https", "http_headers": {"User-Agent": "Mozilla/5.0 (X11; Linux x86_64; rv:10.0) Gecko/20150101 Firefox/47.0 (Chrome)", "Accept-Charset": "ISO-8859-1,utf-8;q=0.7,*;q=0.7", "Accept": "text/html,application/xhtml+xml,application/xml;q=0.9,*/*;q=0.8", "Accept-Encoding": "gzip, deflate", "Accept-Language": "en-us,en;q=0.5"}}, {"format_id": "243", "url": "https://r2---sn-xjpm-q0ns.googlevideo.com/videoplayback?ei=lGqKWdXcL4qHcpSHneAH&ms=au&mt=1502243084&mv=u&requiressl=yes&gir=yes&clen=17623724&mn=sn-xjpm-q0ns&source=youtube&id=o-ABYxziCc-YvuMqdGPmO88GRUjYySePXnUHWCom1bUFNP&dur=416.950&expire=1502265077&key=yt6&ip=131.159.40.117&lmt=1426622515668590&signature=6B3DDF7E34FA5A93F9521310677D1E279133A68D.7BF13D25BD759AF537C77B4ED7E5F3F4C073BC20&mm=31&ipbits=0&sparams=clen%2Cdur%2Cei%2Cgir%2Cid%2Cip%2Cipbits%2Citag%2Ckeepalive%2Clmt%2Cmime%2Cmm%2Cmn%2Cms%2Cmv%2Cpl%2Crequiressl%2Csource%2Cexpire&keepalive=yes&mime=video%2Fwebm&pl=16&itag=243&ratebypass=yes", "player_url": null, "ext": "webm", "height": 360, "format_note": "360p", "vcodec": "vp9", "filesize": 17623724, "tbr": 462.159, "width": 640, "fps": 30, "acodec": "none", "format": "243 - 640x360 (360p)", "protocol": "https", "http_headers": {"User-Agent": "Mozilla/5.0 (X11; Linux x86_64; rv:10.0) Gecko/20150101 Firefox/47.0 (Chrome)", "Accept-Charset": "ISO-8859-1,utf-8;q=0.7,*;q=0.7", "Accept": "text/html,application/xhtml+xml,application/xml;q=0.9,*/*;q=0.8", "Accept-Encoding": "gzip, deflate", "Accept-Language": "en-us,en;q=0.5"}}, {"format_id": "244", "url": "https://r2---sn-xjpm-q0ns.googlevideo.com/videoplayback?ei=lGqKWdXcL4qHcpSHneAH&ms=au&mt=1502243084&mv=u&requiressl=yes&gir=yes&clen=30548327&mn=sn-xjpm-q0ns&source=youtube&id=o-ABYxziCc-YvuMqdGPmO88GRUjYySePXnUHWCom1bUFNP&dur=416.950&expire=1502265077&key=yt6&ip=131.159.40.117&lmt=1426622538157196&signature=1853AA8D7E61C840A94A9D5DE0943538043FF566.73C4F74C1FC4127909410A4846289FCE40367B68&mm=31&ipbits=0&sparams=clen%2Cdur%2Cei%2Cgir%2Cid%2Cip%2Cipbits%2Citag%2Ckeepalive%2Clmt%2Cmime%2Cmm%2Cmn%2Cms%2Cmv%2Cpl%2Crequiressl%2Csource%2Cexpire&keepalive=yes&mime=video%2Fwebm&pl=16&itag=244&ratebypass=yes", "player_url": null, "ext": "webm", "height": 480, "format_note": "480p", "vcodec": "vp9", "filesize": 30548327, "tbr": 840.651, "width": 854, "fps": 30, "acodec": "none", "format": "244 - 854x480 (480p)", "protocol": "https", "http_headers": {"User-Agent": "Mozilla/5.0 (X11; Linux x86_64; rv:10.0) Gecko/20150101 Firefox/47.0 (Chrome)", "Accept-Charset": "ISO-8859-1,utf-8;q=0.7,*;q=0.7", "Accept": "text/html,application/xhtml+xml,application/xml;q=0.9,*/*;q=0.8", "Accept-Encoding": "gzip, deflate", "Accept-Language": "en-us,en;q=0.5"}}, {"ext": "mp4", "height": 480, "format_note": "DASH video", "vcodec": "avc1.4d401f", "format_id": "135", "url": "https://r2---sn-xjpm-q0ns.googlevideo.com/videoplayback?id=76e36513bc000e26&itag=135&source=youtube&requiressl=yes&mn=sn-xjpm-q0ns&mm=31&mv=u&pl=16&ms=au&ei=lWqKWfmbHIex1gKX2IG4Bw&ratebypass=yes&mime=video/mp4&gir=yes&clen=33609675&lmt=1392397360609257&dur=416.951&key=dg_yt0&mt=1502243084&signature=75B0156AF096DA7C7EBE1CB8A35416C206FF7164.27F477FE0813BB3F50E237605D2C62888681ECBB&ip=131.159.40.117&ipbits=0&expire=1502265077&sparams=ip,ipbits,expire,id,itag,source,requiressl,mn,mm,mv,pl,ms,ei,ratebypass,mime,gir,clen,lmt,dur", "manifest_url": "https://manifest.googlevideo.com/api/manifest/dash/ip/131.159.40.117/key/yt6/ipbits/0/mn/sn-xjpm-q0ns/expire/1502265077/hfr/1/mm/31/playback_host/r2---sn-xjpm-q0ns.googlevideo.com/mv/u/pl/16/mt/1502243084/sparams/as%2Cei%2Chfr%2Cid%2Cip%2Cipbits%2Citag%2Cmm%2Cmn%2Cms%2Cmv%2Cpl%2Cplayback_host%2Crequiressl%2Csource%2Cexpire/ms/au/id/76e36513bc000e26/ei/lWqKWfmbHIex1gKX2IG4Bw/itag/0/as/fmp4_audio_clear%2Cfmp4_sd_hd_clear/signature/A0C03A64A33C66F63BAD4571668AF4F81AADDDD9.764173E55F85904FEB62BC7BC4C296290445A2CD/requiressl/yes/source/youtube", "width": 854, "tbr": 861.463, "asr": null, "fps": 30, "language": null, "filesize": 33609675, "acodec": "none", "format": "135 - 854x480 (DASH video)", "protocol": "https", "http_headers": {"User-Agent": "Mozilla/5.0 (X11; Linux x86_64; rv:10.0) Gecko/20150101 Firefox/47.0 (Chrome)", "Accept-Charset": "ISO-8859-1,utf-8;q=0.7,*;q=0.7", "Accept": "text/html,application/xhtml+xml,application/xml;q=0.9,*/*;q=0.8", "Accept-Encoding": "gzip, deflate", "Accept-Language": "en-us,en;q=0.5"}}, {"format_id": "17", "url": "https://r2---sn-xjpm-q0ns.googlevideo.com/videoplayback?ei=lGqKWdXcL4qHcpSHneAH&ms=au&mt=1502243084&mv=u&signature=D3316D02E1E2A2F6525009F588E67FB5534E6063.772DCF788BDC1EE4C1E033FADB8DE606CFCF39A4&requiressl=yes&mm=31&gir=yes&ipbits=0&clen=4268208&mn=sn-xjpm-q0ns&mime=video%2F3gpp&itag=17&source=youtube&id=o-ABYxziCc-YvuMqdGPmO88GRUjYySePXnUHWCom1bUFNP&sparams=clen%2Cdur%2Cei%2Cgir%2Cid%2Cip%2Cipbits%2Citag%2Clmt%2Cmime%2Cmm%2Cmn%2Cms%2Cmv%2Cpl%2Crequiressl%2Csource%2Cexpire&dur=417.309&pl=16&expire=1502265077&key=yt6&ip=131.159.40.117&lmt=1392397470715329&ratebypass=yes", "player_url": null, "ext": "3gp", "width": 176, "height": 144, "acodec": "mp4a.40.2", "abr": 24, "vcodec": "mp4v.20.3", "resolution": "176x144", "format_note": "small", "format": "17 - 176x144 (small)", "protocol": "https", "http_headers": {"User-Agent": "Mozilla/5.0 (X11; Linux x86_64; rv:10.0) Gecko/20150101 Firefox/47.0 (Chrome)", "Accept-Charset": "ISO-8859-1,utf-8;q=0.7,*;q=0.7", "Accept": "text/html,application/xhtml+xml,application/xml;q=0.9,*/*;q=0.8", "Accept-Encoding": "gzip, deflate", "Accept-Language": "en-us,en;q=0.5"}}, {"format_id": "36", "url": "https://r2---sn-xjpm-q0ns.googlevideo.com/videoplayback?ei=lGqKWdXcL4qHcpSHneAH&ms=au&mt=1502243084&mv=u&signature=61BBB54E85045B2555F9EF43964C6A95FDC433B4.D3B4EACD5E7F4707C0122136F96623A0C4938A73&requiressl=yes&mm=31&gir=yes&ipbits=0&clen=11809844&mn=sn-xjpm-q0ns&mime=video%2F3gpp&itag=36&source=youtube&id=o-ABYxziCc-YvuMqdGPmO88GRUjYySePXnUHWCom1bUFNP&sparams=clen%2Cdur%2Cei%2Cgir%2Cid%2Cip%2Cipbits%2Citag%2Clmt%2Cmime%2Cmm%2Cmn%2Cms%2Cmv%2Cpl%2Crequiressl%2Csource%2Cexpire&dur=417.169&pl=16&expire=1502265077&key=yt6&ip=131.159.40.117&lmt=1392397443676826&ratebypass=yes", "player_url": null, "ext": "3gp", "width": 320, "acodec": "mp4a.40.2", "vcodec": "mp4v.20.3", "resolution": "320x180", "height": 180, "format_note": "small", "format": "36 - 320x180 (small)", "protocol": "https", "http_headers": {"User-Agent": "Mozilla/5.0 (X11; Linux x86_64; rv:10.0) Gecko/20150101 Firefox/47.0 (Chrome)", "Accept-Charset": "ISO-8859-1,utf-8;q=0.7,*;q=0.7", "Accept": "text/html,application/xhtml+xml,application/xml;q=0.9,*/*;q=0.8", "Accept-Encoding": "gzip, deflate", "Accept-Language": "en-us,en;q=0.5"}}, {"format_id": "43", "url": "https://r2---sn-xjpm-q0ns.googlevideo.com/videoplayback?ei=lGqKWdXcL4qHcpSHneAH&ms=au&mt=1502243084&mv=u&requiressl=yes&ratebypass=yes&gir=yes&clen=38956636&mn=sn-xjpm-q0ns&source=youtube&id=o-ABYxziCc-YvuMqdGPmO88GRUjYySePXnUHWCom1bUFNP&dur=0.000&expire=1502265077&key=yt6&ip=131.159.40.117&lmt=1355697486693664&signature=B4B930518E4C3D6A1ABC9641A36C14F55441D73C.324544EB46817419F8CF08629279EB99379EE7EC&mm=31&ipbits=0&sparams=clen%2Cdur%2Cei%2Cgir%2Cid%2Cip%2Cipbits%2Citag%2Clmt%2Cmime%2Cmm%2Cmn%2Cms%2Cmv%2Cpl%2Cratebypass%2Crequiressl%2Csource%2Cexpire&mime=video%2Fwebm&pl=16&itag=43", "player_url": null, "ext": "webm", "width": 640, "height": 360, "acodec": "vorbis", "abr": 128, "vcodec": "vp8.0", "resolution": "640x360", "format_note": "medium", "format": "43 - 640x360 (medium)", "protocol": "https", "http_headers": {"User-Agent": "Mozilla/5.0 (X11; Linux x86_64; rv:10.0) Gecko/20150101 Firefox/47.0 (Chrome)", "Accept-Charset": "ISO-8859-1,utf-8;q=0.7,*;q=0.7", "Accept": "text/html,application/xhtml+xml,application/xml;q=0.9,*/*;q=0.8", "Accept-Encoding": "gzip, deflate", "Accept-Language": "en-us,en;q=0.5"}}, {"format_id": "18", "url": "https://r2---sn-xjpm-q0ns.googlevideo.com/videoplayback?ei=lGqKWdXcL4qHcpSHneAH&ms=au&mt=1502243084&mv=u&requiressl=yes&ratebypass=yes&gir=yes&clen=26024200&mn=sn-xjpm-q0ns&source=youtube&id=o-ABYxziCc-YvuMqdGPmO88GRUjYySePXnUHWCom1bUFNP&dur=417.030&expire=1502265077&key=yt6&ip=131.159.40.117&lmt=1392397395611004&signature=39927B6DA9599142825D4F03FBAE49A6F92A76F8.9739F970CE8C9785D7ED31AA093739FF989B82FD&mm=31&ipbits=0&sparams=clen%2Cdur%2Cei%2Cgir%2Cid%2Cip%2Cipbits%2Citag%2Clmt%2Cmime%2Cmm%2Cmn%2Cms%2Cmv%2Cpl%2Cratebypass%2Crequiressl%2Csource%2Cexpire&mime=video%2Fmp4&pl=16&itag=18", "player_url": null, "ext": "mp4", "width": 640, "height": 360, "acodec": "mp4a.40.2", "abr": 96, "vcodec": "avc1.42001E", "resolution": "640x360", "format_note": "medium", "format": "18 - 640x360 (medium)", "protocol": "https", "http_headers": {"User-Agent": "Mozilla/5.0 (X11; Linux x86_64; rv:10.0) Gecko/20150101 Firefox/47.0 (Chrome)", "Accept-Charset": "ISO-8859-1,utf-8;q=0.7,*;q=0.7", "Accept": "text/html,application/xhtml+xml,application/xml;q=0.9,*/*;q=0.8", "Accept-Encoding": "gzip, deflate", "Accept-Language": "en-us,en;q=0.5"}}], "is_live": null, "start_time": null, "end_time": null, "series": null, "season_number": null, "episode_number": null, "extractor": "youtube", "webpage_url_basename": "duNlE7wADiY", "extractor_key": "Youtube", "playlist": null, "playlist_index": null, "thumbnails": [{"url": "https://i.ytimg.com/vi/duNlE7wADiY/hqdefault.jpg", "id": "0"}], "display_id": "duNlE7wADiY", "ext": "mp4", "height": 480, "format_note": "DASH video", "vcodec": "avc1.4d401f", "format_id": "135", "url": "https://r2---sn-xjpm-q0ns.googlevideo.com/videoplayback?id=76e36513bc000e26&itag=135&source=youtube&requiressl=yes&mn=sn-xjpm-q0ns&mm=31&mv=u&pl=16&ms=au&ei=lWqKWfmbHIex1gKX2IG4Bw&ratebypass=yes&mime=video/mp4&gir=yes&clen=33609675&lmt=1392397360609257&dur=416.951&key=dg_yt0&mt=1502243084&signature=75B0156AF096DA7C7EBE1CB8A35416C206FF7164.27F477FE0813BB3F50E237605D2C62888681ECBB&ip=131.159.40.117&ipbits=0&expire=1502265077&sparams=ip,ipbits,expire,id,itag,source,requiressl,mn,mm,mv,pl,ms,ei,ratebypass,mime,gir,clen,lmt,dur", "manifest_url": "https://manifest.googlevideo.com/api/manifest/dash/ip/131.159.40.117/key/yt6/ipbits/0/mn/sn-xjpm-q0ns/expire/1502265077/hfr/1/mm/31/playback_host/r2---sn-xjpm-q0ns.googlevideo.com/mv/u/pl/16/mt/1502243084/sparams/as%2Cei%2Chfr%2Cid%2Cip%2Cipbits%2Citag%2Cmm%2Cmn%2Cms%2Cmv%2Cpl%2Cplayback_host%2Crequiressl%2Csource%2Cexpire/ms/au/id/76e36513bc000e26/ei/lWqKWfmbHIex1gKX2IG4Bw/itag/0/as/fmp4_audio_clear%2Cfmp4_sd_hd_clear/signature/A0C03A64A33C66F63BAD4571668AF4F81AADDDD9.764173E55F85904FEB62BC7BC4C296290445A2CD/requiressl/yes/source/youtube", "width": 854, "tbr": 861.463, "asr": null, "fps": 30, "language": null, "filesize": 33609675, "acodec": "none", "format": "135 - 854x480 (DASH video)", "protocol": "https", "http_headers": {"User-Agent": "Mozilla/5.0 (X11; Linux x86_64; rv:10.0) Gecko/20150101 Firefox/47.0 (Chrome)", "Accept-Charset": "ISO-8859-1,utf-8;q=0.7,*;q=0.7", "Accept": "text/html,application/xhtml+xml,application/xml;q=0.9,*/*;q=0.8", "Accept-Encoding": "gzip, deflate", "Accept-Language": "en-us,en;q=0.5"}, "fulltitle": "Higiene e hidrataci\u00f3n diaria de la piel (previo al maquillaje)", "_filename": "duNlE7wADiY.mp4"}