{"id": "CCCj29_HbXA", "uploader": "Chatka_Poranka", "uploader_id": "ChatkaPoranka", "uploader_url": "http://www.youtube.com/user/ChatkaPoranka", "upload_date": "20150722", "license": "Standard YouTube License", "creator": null, "title": "Poranek Info 20.07.2015- skr\u00f3t", "alt_title": null, "thumbnail": "https://i.ytimg.com/vi/CCCj29_HbXA/hqdefault.jpg", "description": "ZAKAZ KOPIOWANIA NAGRANIA !\nPoranek prowadz\u0105: Igor Soko\u0142owski & Agata Bia\u0142y- Cholewi\u0144ska\nPogoda: Marzena S\u0142upkowska", "categories": ["Film & Animation"], "tags": [], "subtitles": {}, "automatic_captions": {}, "duration": 451, "age_limit": 0, "annotations": null, "chapters": null, "webpage_url": "https://www.youtube.com/watch?v=CCCj29_HbXA", "view_count": 8656, "like_count": 7, "dislike_count": 0, "average_rating": 5.0, "formats": [{"ext": "m4a", "format_note": "DASH audio", "acodec": "mp4a.40.5", "abr": 48, "container": "m4a_dash", "format_id": "139", "url": "https://r1---sn-xjpm-q0ns.googlevideo.com/videoplayback?id=0820a3dbdfc76d70&itag=139&source=youtube&requiressl=yes&mn=sn-xjpm-q0ns&mm=31&pl=16&mv=m&initcwndbps=2325000&ms=au&ei=4pSKWf5WwpVb79eIuAw&ratebypass=yes&mime=audio/mp4&gir=yes&clen=2683594&lmt=1438146389876922&dur=450.838&key=dg_yt0&mt=1502254186&signature=6F74C4985A72A9736F6E8FAA2AE5D09F35D90597.8F08E3B85F957D9E935FE4E71A0797FEEBD169B1&ip=131.159.40.117&ipbits=0&expire=1502275906&sparams=ip,ipbits,expire,id,itag,source,requiressl,mn,mm,pl,mv,initcwndbps,ms,ei,ratebypass,mime,gir,clen,lmt,dur", "manifest_url": "https://manifest.googlevideo.com/api/manifest/dash/playback_host/r1---sn-xjpm-q0ns.googlevideo.com/as/fmp4_audio_clear%2Cfmp4_sd_hd_clear/key/yt6/ipbits/0/mn/sn-xjpm-q0ns/expire/1502275906/ip/131.159.40.117/mm/31/itag/0/pl/16/hfr/1/sparams/as%2Cei%2Chfr%2Cid%2Cinitcwndbps%2Cip%2Cipbits%2Citag%2Cmm%2Cmn%2Cms%2Cmv%2Cpl%2Cplayback_host%2Crequiressl%2Csource%2Cexpire/mv/m/initcwndbps/2325000/source/youtube/ms/au/ei/4pSKWf5WwpVb79eIuAw/requiressl/yes/mt/1502254186/signature/3308735DB9DAB262087992179555FE6187F89B12.556D7C14DBCFF8D9CB07B4220A394036807839B5/id/0820a3dbdfc76d70", "width": null, "height": null, "tbr": 49.45, "asr": 22050, "fps": null, "language": null, "filesize": 2683594, "vcodec": "none", "format": "139 - audio only (DASH audio)", "protocol": "https", "http_headers": {"User-Agent": "Mozilla/5.0 (X11; Linux x86_64; rv:10.0) Gecko/20150101 Firefox/47.0 (Chrome)", "Accept-Charset": "ISO-8859-1,utf-8;q=0.7,*;q=0.7", "Accept": "text/html,application/xhtml+xml,application/xml;q=0.9,*/*;q=0.8", "Accept-Encoding": "gzip, deflate", "Accept-Language": "en-us,en;q=0.5"}}, {"format_id": "249", "url": "https://r1---sn-xjpm-q0ns.googlevideo.com/videoplayback?dur=450.721&ei=4ZSKWfKFJY6hWob3r-gE&initcwndbps=2325000&expire=1502275905&id=o-AIv2ophTV14xSITfUhgjukyRHgY5Nml5cj5CpZbRqc-i&mime=audio%2Fwebm&pl=16&mm=31&mn=sn-xjpm-q0ns&ipbits=0&ip=131.159.40.117&requiressl=yes&ms=au&mt=1502254186&gir=yes&signature=B83F64EC16F7CD9FBF10552044248C336029D1E7.B5D722A4AA8284C75199980A68A91D38984EEED9&keepalive=yes&itag=249&key=yt6&lmt=1437545926147978&sparams=clen%2Cdur%2Cei%2Cgir%2Cid%2Cinitcwndbps%2Cip%2Cipbits%2Citag%2Ckeepalive%2Clmt%2Cmime%2Cmm%2Cmn%2Cms%2Cmv%2Cpl%2Crequiressl%2Csource%2Cexpire&mv=m&clen=2930356&source=youtube&ratebypass=yes", "player_url": null, "ext": "webm", "format_note": "DASH audio", "acodec": "opus", "abr": 50, "filesize": 2930356, "tbr": 59.671, "vcodec": "none", "format": "249 - audio only (DASH audio)", "protocol": "https", "http_headers": {"User-Agent": "Mozilla/5.0 (X11; Linux x86_64; rv:10.0) Gecko/20150101 Firefox/47.0 (Chrome)", "Accept-Charset": "ISO-8859-1,utf-8;q=0.7,*;q=0.7", "Accept": "text/html,application/xhtml+xml,application/xml;q=0.9,*/*;q=0.8", "Accept-Encoding": "gzip, deflate", "Accept-Language": "en-us,en;q=0.5"}}, {"format_id": "250", "url": "https://r1---sn-xjpm-q0ns.googlevideo.com/videoplayback?dur=450.721&ei=4ZSKWfKFJY6hWob3r-gE&initcwndbps=2325000&expire=1502275905&id=o-AIv2ophTV14xSITfUhgjukyRHgY5Nml5cj5CpZbRqc-i&mime=audio%2Fwebm&pl=16&mm=31&mn=sn-xjpm-q0ns&ipbits=0&ip=131.159.40.117&requiressl=yes&ms=au&mt=1502254186&gir=yes&signature=16558A6D0B081FE5C1E44169FD42FF54BDF38625.D08BF126B2A06C654A77301CF164BB578C8027C9&keepalive=yes&itag=250&key=yt6&lmt=1437545921993852&sparams=clen%2Cdur%2Cei%2Cgir%2Cid%2Cinitcwndbps%2Cip%2Cipbits%2Citag%2Ckeepalive%2Clmt%2Cmime%2Cmm%2Cmn%2Cms%2Cmv%2Cpl%2Crequiressl%2Csource%2Cexpire&mv=m&clen=4040360&source=youtube&ratebypass=yes", "player_url": null, "ext": "webm", "format_note": "DASH audio", "acodec": "opus", "abr": 70, "filesize": 4040360, "tbr": 85.326, "vcodec": "none", "format": "250 - audio only (DASH audio)", "protocol": "https", "http_headers": {"User-Agent": "Mozilla/5.0 (X11; Linux x86_64; rv:10.0) Gecko/20150101 Firefox/47.0 (Chrome)", "Accept-Charset": "ISO-8859-1,utf-8;q=0.7,*;q=0.7", "Accept": "text/html,application/xhtml+xml,application/xml;q=0.9,*/*;q=0.8", "Accept-Encoding": "gzip, deflate", "Accept-Language": "en-us,en;q=0.5"}}, {"format_id": "171", "url": "https://r1---sn-xjpm-q0ns.googlevideo.com/videoplayback?dur=450.715&ei=4ZSKWfKFJY6hWob3r-gE&initcwndbps=2325000&expire=1502275905&id=o-AIv2ophTV14xSITfUhgjukyRHgY5Nml5cj5CpZbRqc-i&mime=audio%2Fwebm&pl=16&mm=31&mn=sn-xjpm-q0ns&ipbits=0&ip=131.159.40.117&requiressl=yes&ms=au&mt=1502254186&gir=yes&signature=D3912EBE8C489C79BFD35C139F4DFAEBE43C77B9.57F13EA1FE4B2177F7C6F2644F109FF53654C6C2&keepalive=yes&itag=171&key=yt6&lmt=1437546169861420&sparams=clen%2Cdur%2Cei%2Cgir%2Cid%2Cinitcwndbps%2Cip%2Cipbits%2Citag%2Ckeepalive%2Clmt%2Cmime%2Cmm%2Cmn%2Cms%2Cmv%2Cpl%2Crequiressl%2Csource%2Cexpire&mv=m&clen=5507665&source=youtube&ratebypass=yes", "player_url": null, "ext": "webm", "acodec": "vorbis", "format_note": "DASH audio", "abr": 128, "filesize": 5507665, "tbr": 106.261, "vcodec": "none", "format": "171 - audio only (DASH audio)", "protocol": "https", "http_headers": {"User-Agent": "Mozilla/5.0 (X11; Linux x86_64; rv:10.0) Gecko/20150101 Firefox/47.0 (Chrome)", "Accept-Charset": "ISO-8859-1,utf-8;q=0.7,*;q=0.7", "Accept": "text/html,application/xhtml+xml,application/xml;q=0.9,*/*;q=0.8", "Accept-Encoding": "gzip, deflate", "Accept-Language": "en-us,en;q=0.5"}}, {"ext": "m4a", "format_note": "DASH audio", "acodec": "mp4a.40.2", "abr": 128, "container": "m4a_dash", "format_id": "140", "url": "https://r1---sn-xjpm-q0ns.googlevideo.com/videoplayback?id=0820a3dbdfc76d70&itag=140&source=youtube&requiressl=yes&mn=sn-xjpm-q0ns&mm=31&pl=16&mv=m&initcwndbps=2325000&ms=au&ei=4pSKWf5WwpVb79eIuAw&ratebypass=yes&mime=audio/mp4&gir=yes&clen=7159840&lmt=1438146386760888&dur=450.768&key=dg_yt0&mt=1502254186&signature=47B1D5C25D404D3133903ED584A874BED2E1347E.59597AE374E88793CACDCED9A33B95BC7B935AFC&ip=131.159.40.117&ipbits=0&expire=1502275906&sparams=ip,ipbits,expire,id,itag,source,requiressl,mn,mm,pl,mv,initcwndbps,ms,ei,ratebypass,mime,gir,clen,lmt,dur", "manifest_url": "https://manifest.googlevideo.com/api/manifest/dash/playback_host/r1---sn-xjpm-q0ns.googlevideo.com/as/fmp4_audio_clear%2Cfmp4_sd_hd_clear/key/yt6/ipbits/0/mn/sn-xjpm-q0ns/expire/1502275906/ip/131.159.40.117/mm/31/itag/0/pl/16/hfr/1/sparams/as%2Cei%2Chfr%2Cid%2Cinitcwndbps%2Cip%2Cipbits%2Citag%2Cmm%2Cmn%2Cms%2Cmv%2Cpl%2Cplayback_host%2Crequiressl%2Csource%2Cexpire/mv/m/initcwndbps/2325000/source/youtube/ms/au/ei/4pSKWf5WwpVb79eIuAw/requiressl/yes/mt/1502254186/signature/3308735DB9DAB262087992179555FE6187F89B12.556D7C14DBCFF8D9CB07B4220A394036807839B5/id/0820a3dbdfc76d70", "width": null, "height": null, "tbr": 128.32, "asr": 44100, "fps": null, "language": null, "filesize": 7159840, "vcodec": "none", "format": "140 - audio only (DASH audio)", "protocol": "https", "http_headers": {"User-Agent": "Mozilla/5.0 (X11; Linux x86_64; rv:10.0) Gecko/20150101 Firefox/47.0 (Chrome)", "Accept-Charset": "ISO-8859-1,utf-8;q=0.7,*;q=0.7", "Accept": "text/html,application/xhtml+xml,application/xml;q=0.9,*/*;q=0.8", "Accept-Encoding": "gzip, deflate", "Accept-Language": "en-us,en;q=0.5"}}, {"format_id": "251", "url": "https://r1---sn-xjpm-q0ns.googlevideo.com/videoplayback?dur=450.721&ei=4ZSKWfKFJY6hWob3r-gE&initcwndbps=2325000&expire=1502275905&id=o-AIv2ophTV14xSITfUhgjukyRHgY5Nml5cj5CpZbRqc-i&mime=audio%2Fwebm&pl=16&mm=31&mn=sn-xjpm-q0ns&ipbits=0&ip=131.159.40.117&requiressl=yes&ms=au&mt=1502254186&gir=yes&signature=72D61A5E00512A63EF051A699D6959F020BDA415.1C15185A617A027DA541062C6B044E70683FF6CB&keepalive=yes&itag=251&key=yt6&lmt=1437545929832909&sparams=clen%2Cdur%2Cei%2Cgir%2Cid%2Cinitcwndbps%2Cip%2Cipbits%2Citag%2Ckeepalive%2Clmt%2Cmime%2Cmm%2Cmn%2Cms%2Cmv%2Cpl%2Crequiressl%2Csource%2Cexpire&mv=m&clen=7816718&source=youtube&ratebypass=yes", "player_url": null, "ext": "webm", "format_note": "DASH audio", "acodec": "opus", "abr": 160, "filesize": 7816718, "tbr": 159.768, "vcodec": "none", "format": "251 - audio only (DASH audio)", "protocol": "https", "http_headers": {"User-Agent": "Mozilla/5.0 (X11; Linux x86_64; rv:10.0) Gecko/20150101 Firefox/47.0 (Chrome)", "Accept-Charset": "ISO-8859-1,utf-8;q=0.7,*;q=0.7", "Accept": "text/html,application/xhtml+xml,application/xml;q=0.9,*/*;q=0.8", "Accept-Encoding": "gzip, deflate", "Accept-Language": "en-us,en;q=0.5"}}, {"ext": "mp4", "height": 144, "format_note": "DASH video", "vcodec": "avc1.4d400c", "format_id": "160", "url": "https://r1---sn-xjpm-q0ns.googlevideo.com/videoplayback?id=0820a3dbdfc76d70&itag=160&source=youtube&requiressl=yes&mn=sn-xjpm-q0ns&mm=31&pl=16&mv=m&initcwndbps=2325000&ms=au&ei=4pSKWf5WwpVb79eIuAw&ratebypass=yes&mime=video/mp4&gir=yes&clen=6136235&lmt=1438146610468406&dur=450.720&key=dg_yt0&mt=1502254186&signature=974A5BABE36E6FBC9C52A42C4E30F685387C2D15.051903F4714641DC187B7DDA4D8FAB2EB2C1C544&ip=131.159.40.117&ipbits=0&expire=1502275906&sparams=ip,ipbits,expire,id,itag,source,requiressl,mn,mm,pl,mv,initcwndbps,ms,ei,ratebypass,mime,gir,clen,lmt,dur", "manifest_url": "https://manifest.googlevideo.com/api/manifest/dash/playback_host/r1---sn-xjpm-q0ns.googlevideo.com/as/fmp4_audio_clear%2Cfmp4_sd_hd_clear/key/yt6/ipbits/0/mn/sn-xjpm-q0ns/expire/1502275906/ip/131.159.40.117/mm/31/itag/0/pl/16/hfr/1/sparams/as%2Cei%2Chfr%2Cid%2Cinitcwndbps%2Cip%2Cipbits%2Citag%2Cmm%2Cmn%2Cms%2Cmv%2Cpl%2Cplayback_host%2Crequiressl%2Csource%2Cexpire/mv/m/initcwndbps/2325000/source/youtube/ms/au/ei/4pSKWf5WwpVb79eIuAw/requiressl/yes/mt/1502254186/signature/3308735DB9DAB262087992179555FE6187F89B12.556D7C14DBCFF8D9CB07B4220A394036807839B5/id/0820a3dbdfc76d70", "width": 256, "tbr": 111.585, "asr": null, "fps": 13, "language": null, "filesize": 6136235, "acodec": "none", "format": "160 - 256x144 (DASH video)", "protocol": "https", "http_headers": {"User-Agent": "Mozilla/5.0 (X11; Linux x86_64; rv:10.0) Gecko/20150101 Firefox/47.0 (Chrome)", "Accept-Charset": "ISO-8859-1,utf-8;q=0.7,*;q=0.7", "Accept": "text/html,application/xhtml+xml,application/xml;q=0.9,*/*;q=0.8", "Accept-Encoding": "gzip, deflate", "Accept-Language": "en-us,en;q=0.5"}}, {"format_id": "278", "url": "https://r1---sn-xjpm-q0ns.googlevideo.com/videoplayback?dur=450.640&ei=4ZSKWfKFJY6hWob3r-gE&initcwndbps=2325000&expire=1502275905&id=o-AIv2ophTV14xSITfUhgjukyRHgY5Nml5cj5CpZbRqc-i&mime=video%2Fwebm&pl=16&mm=31&mn=sn-xjpm-q0ns&ipbits=0&ip=131.159.40.117&requiressl=yes&ms=au&mt=1502254186&gir=yes&signature=B3A923CCB16A1758A3688E143C86159D7014D52A.243D08AA64EBA3A83A6E647932825F1FE0E27A8F&keepalive=yes&itag=278&key=yt6&lmt=1437546042629377&sparams=clen%2Cdur%2Cei%2Cgir%2Cid%2Cinitcwndbps%2Cip%2Cipbits%2Citag%2Ckeepalive%2Clmt%2Cmime%2Cmm%2Cmn%2Cms%2Cmv%2Cpl%2Crequiressl%2Csource%2Cexpire&mv=m&clen=5340923&source=youtube&ratebypass=yes", "player_url": null, "ext": "webm", "height": 144, "format_note": "144p", "container": "webm", "vcodec": "vp9", "filesize": 5340923, "tbr": 119.742, "width": 256, "fps": 13, "acodec": "none", "format": "278 - 256x144 (144p)", "protocol": "https", "http_headers": {"User-Agent": "Mozilla/5.0 (X11; Linux x86_64; rv:10.0) Gecko/20150101 Firefox/47.0 (Chrome)", "Accept-Charset": "ISO-8859-1,utf-8;q=0.7,*;q=0.7", "Accept": "text/html,application/xhtml+xml,application/xml;q=0.9,*/*;q=0.8", "Accept-Encoding": "gzip, deflate", "Accept-Language": "en-us,en;q=0.5"}}, {"ext": "mp4", "height": 240, "format_note": "DASH video", "vcodec": "avc1.4d4015", "format_id": "133", "url": "https://r1---sn-xjpm-q0ns.googlevideo.com/videoplayback?id=0820a3dbdfc76d70&itag=133&source=youtube&requiressl=yes&mn=sn-xjpm-q0ns&mm=31&pl=16&mv=m&initcwndbps=2325000&ms=au&ei=4pSKWf5WwpVb79eIuAw&ratebypass=yes&mime=video/mp4&gir=yes&clen=13737293&lmt=1438146613984713&dur=450.720&key=dg_yt0&mt=1502254186&signature=5D42BFED996F932B3FB5C88ACA999F796CBF98EE.62E322C8B69615F6B85B8244817712B4F245A69D&ip=131.159.40.117&ipbits=0&expire=1502275906&sparams=ip,ipbits,expire,id,itag,source,requiressl,mn,mm,pl,mv,initcwndbps,ms,ei,ratebypass,mime,gir,clen,lmt,dur", "manifest_url": "https://manifest.googlevideo.com/api/manifest/dash/playback_host/r1---sn-xjpm-q0ns.googlevideo.com/as/fmp4_audio_clear%2Cfmp4_sd_hd_clear/key/yt6/ipbits/0/mn/sn-xjpm-q0ns/expire/1502275906/ip/131.159.40.117/mm/31/itag/0/pl/16/hfr/1/sparams/as%2Cei%2Chfr%2Cid%2Cinitcwndbps%2Cip%2Cipbits%2Citag%2Cmm%2Cmn%2Cms%2Cmv%2Cpl%2Cplayback_host%2Crequiressl%2Csource%2Cexpire/mv/m/initcwndbps/2325000/source/youtube/ms/au/ei/4pSKWf5WwpVb79eIuAw/requiressl/yes/mt/1502254186/signature/3308735DB9DAB262087992179555FE6187F89B12.556D7C14DBCFF8D9CB07B4220A394036807839B5/id/0820a3dbdfc76d70", "width": 426, "tbr": 249.053, "asr": null, "fps": 25, "language": null, "filesize": 13737293, "acodec": "none", "format": "133 - 426x240 (DASH video)", "protocol": "https", "http_headers": {"User-Agent": "Mozilla/5.0 (X11; Linux x86_64; rv:10.0) Gecko/20150101 Firefox/47.0 (Chrome)", "Accept-Charset": "ISO-8859-1,utf-8;q=0.7,*;q=0.7", "Accept": "text/html,application/xhtml+xml,application/xml;q=0.9,*/*;q=0.8", "Accept-Encoding": "gzip, deflate", "Accept-Language": "en-us,en;q=0.5"}}, {"format_id": "242", "url": "https://r1---sn-xjpm-q0ns.googlevideo.com/videoplayback?dur=450.680&ei=4ZSKWfKFJY6hWob3r-gE&initcwndbps=2325000&expire=1502275905&id=o-AIv2ophTV14xSITfUhgjukyRHgY5Nml5cj5CpZbRqc-i&mime=video%2Fwebm&pl=16&mm=31&mn=sn-xjpm-q0ns&ipbits=0&ip=131.159.40.117&requiressl=yes&ms=au&mt=1502254186&gir=yes&signature=37F631EF35F2E2F43E9E842010D9D1C8E4CB8BB1.50C45E4E7C71ABEC50FD033AEE349E75694CCF7C&keepalive=yes&itag=242&key=yt6&lmt=1437545976102337&sparams=clen%2Cdur%2Cei%2Cgir%2Cid%2Cinitcwndbps%2Cip%2Cipbits%2Citag%2Ckeepalive%2Clmt%2Cmime%2Cmm%2Cmn%2Cms%2Cmv%2Cpl%2Crequiressl%2Csource%2Cexpire&mv=m&clen=10557577&source=youtube&ratebypass=yes", "player_url": null, "ext": "webm", "height": 240, "format_note": "240p", "vcodec": "vp9", "filesize": 10557577, "tbr": 261.695, "width": 426, "fps": 25, "acodec": "none", "format": "242 - 426x240 (240p)", "protocol": "https", "http_headers": {"User-Agent": "Mozilla/5.0 (X11; Linux x86_64; rv:10.0) Gecko/20150101 Firefox/47.0 (Chrome)", "Accept-Charset": "ISO-8859-1,utf-8;q=0.7,*;q=0.7", "Accept": "text/html,application/xhtml+xml,application/xml;q=0.9,*/*;q=0.8", "Accept-Encoding": "gzip, deflate", "Accept-Language": "en-us,en;q=0.5"}}, {"format_id": "243", "url": "https://r1---sn-xjpm-q0ns.googlevideo.com/videoplayback?dur=450.680&ei=4ZSKWfKFJY6hWob3r-gE&initcwndbps=2325000&expire=1502275905&id=o-AIv2ophTV14xSITfUhgjukyRHgY5Nml5cj5CpZbRqc-i&mime=video%2Fwebm&pl=16&mm=31&mn=sn-xjpm-q0ns&ipbits=0&ip=131.159.40.117&requiressl=yes&ms=au&mt=1502254186&gir=yes&signature=C0B40E3E9F03A5DF53CBF8344BB12C2B1E54564A.E261673CA0E0439D3586858D03F985FB775FA326&keepalive=yes&itag=243&key=yt6&lmt=1437546035781489&sparams=clen%2Cdur%2Cei%2Cgir%2Cid%2Cinitcwndbps%2Cip%2Cipbits%2Citag%2Ckeepalive%2Clmt%2Cmime%2Cmm%2Cmn%2Cms%2Cmv%2Cpl%2Crequiressl%2Csource%2Cexpire&mv=m&clen=18550964&source=youtube&ratebypass=yes", "player_url": null, "ext": "webm", "height": 360, "format_note": "360p", "vcodec": "vp9", "filesize": 18550964, "tbr": 453.395, "width": 640, "fps": 25, "acodec": "none", "format": "243 - 640x360 (360p)", "protocol": "https", "http_headers": {"User-Agent": "Mozilla/5.0 (X11; Linux x86_64; rv:10.0) Gecko/20150101 Firefox/47.0 (Chrome)", "Accept-Charset": "ISO-8859-1,utf-8;q=0.7,*;q=0.7", "Accept": "text/html,application/xhtml+xml,application/xml;q=0.9,*/*;q=0.8", "Accept-Encoding": "gzip, deflate", "Accept-Language": "en-us,en;q=0.5"}}, {"ext": "mp4", "height": 360, "format_note": "DASH video", "vcodec": "avc1.4d401e", "format_id": "134", "url": "https://r1---sn-xjpm-q0ns.googlevideo.com/videoplayback?id=0820a3dbdfc76d70&itag=134&source=youtube&requiressl=yes&mn=sn-xjpm-q0ns&mm=31&pl=16&mv=m&initcwndbps=2325000&ms=au&ei=4pSKWf5WwpVb79eIuAw&ratebypass=yes&mime=video/mp4&gir=yes&clen=21570499&lmt=1438146609279317&dur=450.720&key=dg_yt0&mt=1502254186&signature=382ADB06EDA095370AA5915CE399C35AD2CB031E.805A7970F81A38609BFB5EA7A4AA1358D77B96DE&ip=131.159.40.117&ipbits=0&expire=1502275906&sparams=ip,ipbits,expire,id,itag,source,requiressl,mn,mm,pl,mv,initcwndbps,ms,ei,ratebypass,mime,gir,clen,lmt,dur", "manifest_url": "https://manifest.googlevideo.com/api/manifest/dash/playback_host/r1---sn-xjpm-q0ns.googlevideo.com/as/fmp4_audio_clear%2Cfmp4_sd_hd_clear/key/yt6/ipbits/0/mn/sn-xjpm-q0ns/expire/1502275906/ip/131.159.40.117/mm/31/itag/0/pl/16/hfr/1/sparams/as%2Cei%2Chfr%2Cid%2Cinitcwndbps%2Cip%2Cipbits%2Citag%2Cmm%2Cmn%2Cms%2Cmv%2Cpl%2Cplayback_host%2Crequiressl%2Csource%2Cexpire/mv/m/initcwndbps/2325000/source/youtube/ms/au/ei/4pSKWf5WwpVb79eIuAw/requiressl/yes/mt/1502254186/signature/3308735DB9DAB262087992179555FE6187F89B12.556D7C14DBCFF8D9CB07B4220A394036807839B5/id/0820a3dbdfc76d70", "width": 640, "tbr": 612.589, "asr": null, "fps": 25, "language": null, "filesize": 21570499, "acodec": "none", "format": "134 - 640x360 (DASH video)", "protocol": "https", "http_headers": {"User-Agent": "Mozilla/5.0 (X11; Linux x86_64; rv:10.0) Gecko/20150101 Firefox/47.0 (Chrome)", "Accept-Charset": "ISO-8859-1,utf-8;q=0.7,*;q=0.7", "Accept": "text/html,application/xhtml+xml,application/xml;q=0.9,*/*;q=0.8", "Accept-Encoding": "gzip, deflate", "Accept-Language": "en-us,en;q=0.5"}}, {"format_id": "244", "url": "https://r1---sn-xjpm-q0ns.googlevideo.com/videoplayback?dur=450.680&ei=4ZSKWfKFJY6hWob3r-gE&initcwndbps=2325000&expire=1502275905&id=o-AIv2ophTV14xSITfUhgjukyRHgY5Nml5cj5CpZbRqc-i&mime=video%2Fwebm&pl=16&mm=31&mn=sn-xjpm-q0ns&ipbits=0&ip=131.159.40.117&requiressl=yes&ms=au&mt=1502254186&gir=yes&signature=233828729D480E4C1309D6BA38C88EBBBAC93148.974E016A7D987008DD601E06A676C10D673F088B&keepalive=yes&itag=244&key=yt6&lmt=1437546097024317&sparams=clen%2Cdur%2Cei%2Cgir%2Cid%2Cinitcwndbps%2Cip%2Cipbits%2Citag%2Ckeepalive%2Clmt%2Cmime%2Cmm%2Cmn%2Cms%2Cmv%2Cpl%2Crequiressl%2Csource%2Cexpire&mv=m&clen=34086436&source=youtube&ratebypass=yes", "player_url": null, "ext": "webm", "height": 480, "format_note": "480p", "vcodec": "vp9", "filesize": 34086436, "tbr": 874.951, "width": 854, "fps": 25, "acodec": "none", "format": "244 - 854x480 (480p)", "protocol": "https", "http_headers": {"User-Agent": "Mozilla/5.0 (X11; Linux x86_64; rv:10.0) Gecko/20150101 Firefox/47.0 (Chrome)", "Accept-Charset": "ISO-8859-1,utf-8;q=0.7,*;q=0.7", "Accept": "text/html,application/xhtml+xml,application/xml;q=0.9,*/*;q=0.8", "Accept-Encoding": "gzip, deflate", "Accept-Language": "en-us,en;q=0.5"}}, {"ext": "mp4", "height": 480, "format_note": "DASH video", "vcodec": "avc1.4d401e", "format_id": "135", "url": "https://r1---sn-xjpm-q0ns.googlevideo.com/videoplayback?id=0820a3dbdfc76d70&itag=135&source=youtube&requiressl=yes&mn=sn-xjpm-q0ns&mm=31&pl=16&mv=m&initcwndbps=2325000&ms=au&ei=4pSKWf5WwpVb79eIuAw&ratebypass=yes&mime=video/mp4&gir=yes&clen=44300749&lmt=1438146616029427&dur=450.720&key=dg_yt0&mt=1502254186&signature=2A69A4984E61AA42232607C605F7323DBB6E60E1.063D598409FED16A3AD4CCD9F69F0F50CCDB0EF3&ip=131.159.40.117&ipbits=0&expire=1502275906&sparams=ip,ipbits,expire,id,itag,source,requiressl,mn,mm,pl,mv,initcwndbps,ms,ei,ratebypass,mime,gir,clen,lmt,dur", "manifest_url": "https://manifest.googlevideo.com/api/manifest/dash/playback_host/r1---sn-xjpm-q0ns.googlevideo.com/as/fmp4_audio_clear%2Cfmp4_sd_hd_clear/key/yt6/ipbits/0/mn/sn-xjpm-q0ns/expire/1502275906/ip/131.159.40.117/mm/31/itag/0/pl/16/hfr/1/sparams/as%2Cei%2Chfr%2Cid%2Cinitcwndbps%2Cip%2Cipbits%2Citag%2Cmm%2Cmn%2Cms%2Cmv%2Cpl%2Cplayback_host%2Crequiressl%2Csource%2Cexpire/mv/m/initcwndbps/2325000/source/youtube/ms/au/ei/4pSKWf5WwpVb79eIuAw/requiressl/yes/mt/1502254186/signature/3308735DB9DAB262087992179555FE6187F89B12.556D7C14DBCFF8D9CB07B4220A394036807839B5/id/0820a3dbdfc76d70", "width": 854, "tbr": 1120.843, "asr": null, "fps": 25, "language": null, "filesize": 44300749, "acodec": "none", "format": "135 - 854x480 (DASH video)", "protocol": "https", "http_headers": {"User-Agent": "Mozilla/5.0 (X11; Linux x86_64; rv:10.0) Gecko/20150101 Firefox/47.0 (Chrome)", "Accept-Charset": "ISO-8859-1,utf-8;q=0.7,*;q=0.7", "Accept": "text/html,application/xhtml+xml,application/xml;q=0.9,*/*;q=0.8", "Accept-Encoding": "gzip, deflate", "Accept-Language": "en-us,en;q=0.5"}}, {"format_id": "17", "url": "https://r1---sn-xjpm-q0ns.googlevideo.com/videoplayback?dur=450.838&ei=4ZSKWfKFJY6hWob3r-gE&initcwndbps=2325000&expire=1502275905&id=o-AIv2ophTV14xSITfUhgjukyRHgY5Nml5cj5CpZbRqc-i&mime=video%2F3gpp&pl=16&mm=31&mn=sn-xjpm-q0ns&ipbits=0&ip=131.159.40.117&requiressl=yes&ms=au&mt=1502254186&gir=yes&signature=B0915993A2D4C1F7FDE25061C3E0E0CE31D0E3E8.0A2A8B916974B1ADE8A76C0F3B43322C88A5E68E&itag=17&key=yt6&lmt=1437545349130684&sparams=clen%2Cdur%2Cei%2Cgir%2Cid%2Cinitcwndbps%2Cip%2Cipbits%2Citag%2Clmt%2Cmime%2Cmm%2Cmn%2Cms%2Cmv%2Cpl%2Crequiressl%2Csource%2Cexpire&mv=m&clen=4575175&source=youtube&ratebypass=yes", "player_url": null, "ext": "3gp", "width": 176, "height": 144, "acodec": "mp4a.40.2", "abr": 24, "vcodec": "mp4v.20.3", "resolution": "176x144", "format_note": "small", "format": "17 - 176x144 (small)", "protocol": "https", "http_headers": {"User-Agent": "Mozilla/5.0 (X11; Linux x86_64; rv:10.0) Gecko/20150101 Firefox/47.0 (Chrome)", "Accept-Charset": "ISO-8859-1,utf-8;q=0.7,*;q=0.7", "Accept": "text/html,application/xhtml+xml,application/xml;q=0.9,*/*;q=0.8", "Accept-Encoding": "gzip, deflate", "Accept-Language": "en-us,en;q=0.5"}}, {"format_id": "36", "url": "https://r1---sn-xjpm-q0ns.googlevideo.com/videoplayback?dur=450.931&ei=4ZSKWfKFJY6hWob3r-gE&initcwndbps=2325000&expire=1502275905&id=o-AIv2ophTV14xSITfUhgjukyRHgY5Nml5cj5CpZbRqc-i&mime=video%2F3gpp&pl=16&mm=31&mn=sn-xjpm-q0ns&ipbits=0&ip=131.159.40.117&requiressl=yes&ms=au&mt=1502254186&gir=yes&signature=8DE4D7FD1A426D301DC5FCCE726404543F318DD0.DE6BB90251D678A991F71769446E52368C1893D7&itag=36&key=yt6&lmt=1437545486094780&sparams=clen%2Cdur%2Cei%2Cgir%2Cid%2Cinitcwndbps%2Cip%2Cipbits%2Citag%2Clmt%2Cmime%2Cmm%2Cmn%2Cms%2Cmv%2Cpl%2Crequiressl%2Csource%2Cexpire&mv=m&clen=12722316&source=youtube&ratebypass=yes", "player_url": null, "ext": "3gp", "width": 320, "acodec": "mp4a.40.2", "vcodec": "mp4v.20.3", "resolution": "320x180", "height": 180, "format_note": "small", "format": "36 - 320x180 (small)", "protocol": "https", "http_headers": {"User-Agent": "Mozilla/5.0 (X11; Linux x86_64; rv:10.0) Gecko/20150101 Firefox/47.0 (Chrome)", "Accept-Charset": "ISO-8859-1,utf-8;q=0.7,*;q=0.7", "Accept": "text/html,application/xhtml+xml,application/xml;q=0.9,*/*;q=0.8", "Accept-Encoding": "gzip, deflate", "Accept-Language": "en-us,en;q=0.5"}}, {"format_id": "43", "url": "https://r1---sn-xjpm-q0ns.googlevideo.com/videoplayback?dur=0.000&ei=4ZSKWfKFJY6hWob3r-gE&initcwndbps=2325000&expire=1502275905&id=o-AIv2ophTV14xSITfUhgjukyRHgY5Nml5cj5CpZbRqc-i&mime=video%2Fwebm&pl=16&mm=31&mn=sn-xjpm-q0ns&ipbits=0&ip=131.159.40.117&requiressl=yes&ms=au&mt=1502254186&gir=yes&ratebypass=yes&signature=E28D443E5375393B36B0E2EB830D3CE5619185EE.2AF3ECEEE7E2300BB7BD469DBCF7031D8323BABE&itag=43&key=yt6&lmt=1437545923608421&sparams=clen%2Cdur%2Cei%2Cgir%2Cid%2Cinitcwndbps%2Cip%2Cipbits%2Citag%2Clmt%2Cmime%2Cmm%2Cmn%2Cms%2Cmv%2Cpl%2Cratebypass%2Crequiressl%2Csource%2Cexpire&mv=m&clen=46637010&source=youtube", "player_url": null, "ext": "webm", "width": 640, "height": 360, "acodec": "vorbis", "abr": 128, "vcodec": "vp8.0", "resolution": "640x360", "format_note": "medium", "format": "43 - 640x360 (medium)", "protocol": "https", "http_headers": {"User-Agent": "Mozilla/5.0 (X11; Linux x86_64; rv:10.0) Gecko/20150101 Firefox/47.0 (Chrome)", "Accept-Charset": "ISO-8859-1,utf-8;q=0.7,*;q=0.7", "Accept": "text/html,application/xhtml+xml,application/xml;q=0.9,*/*;q=0.8", "Accept-Encoding": "gzip, deflate", "Accept-Language": "en-us,en;q=0.5"}}, {"format_id": "18", "url": "https://r1---sn-xjpm-q0ns.googlevideo.com/videoplayback?dur=450.768&ei=4ZSKWfKFJY6hWob3r-gE&initcwndbps=2325000&expire=1502275905&id=o-AIv2ophTV14xSITfUhgjukyRHgY5Nml5cj5CpZbRqc-i&mime=video%2Fmp4&pl=16&mm=31&mn=sn-xjpm-q0ns&ipbits=0&ip=131.159.40.117&requiressl=yes&ms=au&mt=1502254186&gir=yes&ratebypass=yes&signature=D3256F3AC8C471FEA8A1A5F4DE3461D4F81F3F13.7CB5560B46B0DD6EEB12AB43FF8314376F33D8DC&itag=18&key=yt6&lmt=1438146380605036&sparams=clen%2Cdur%2Cei%2Cgir%2Cid%2Cinitcwndbps%2Cip%2Cipbits%2Citag%2Clmt%2Cmime%2Cmm%2Cmn%2Cms%2Cmv%2Cpl%2Cratebypass%2Crequiressl%2Csource%2Cexpire&mv=m&clen=36236705&source=youtube", "player_url": null, "ext": "mp4", "width": 640, "height": 360, "acodec": "mp4a.40.2", "abr": 96, "vcodec": "avc1.42001E", "resolution": "640x360", "format_note": "medium", "format": "18 - 640x360 (medium)", "protocol": "https", "http_headers": {"User-Agent": "Mozilla/5.0 (X11; Linux x86_64; rv:10.0) Gecko/20150101 Firefox/47.0 (Chrome)", "Accept-Charset": "ISO-8859-1,utf-8;q=0.7,*;q=0.7", "Accept": "text/html,application/xhtml+xml,application/xml;q=0.9,*/*;q=0.8", "Accept-Encoding": "gzip, deflate", "Accept-Language": "en-us,en;q=0.5"}}], "is_live": null, "start_time": null, "end_time": null, "series": null, "season_number": null, "episode_number": null, "extractor": "youtube", "webpage_url_basename": "CCCj29_HbXA", "extractor_key": "Youtube", "playlist": null, "playlist_index": null, "thumbnails": [{"url": "https://i.ytimg.com/vi/CCCj29_HbXA/hqdefault.jpg", "id": "0"}], "display_id": "CCCj29_HbXA", "ext": "mp4", "height": 480, "format_note": "DASH video", "vcodec": "avc1.4d401e", "format_id": "135", "url": "https://r1---sn-xjpm-q0ns.googlevideo.com/videoplayback?id=0820a3dbdfc76d70&itag=135&source=youtube&requiressl=yes&mn=sn-xjpm-q0ns&mm=31&pl=16&mv=m&initcwndbps=2325000&ms=au&ei=4pSKWf5WwpVb79eIuAw&ratebypass=yes&mime=video/mp4&gir=yes&clen=44300749&lmt=1438146616029427&dur=450.720&key=dg_yt0&mt=1502254186&signature=2A69A4984E61AA42232607C605F7323DBB6E60E1.063D598409FED16A3AD4CCD9F69F0F50CCDB0EF3&ip=131.159.40.117&ipbits=0&expire=1502275906&sparams=ip,ipbits,expire,id,itag,source,requiressl,mn,mm,pl,mv,initcwndbps,ms,ei,ratebypass,mime,gir,clen,lmt,dur", "manifest_url": "https://manifest.googlevideo.com/api/manifest/dash/playback_host/r1---sn-xjpm-q0ns.googlevideo.com/as/fmp4_audio_clear%2Cfmp4_sd_hd_clear/key/yt6/ipbits/0/mn/sn-xjpm-q0ns/expire/1502275906/ip/131.159.40.117/mm/31/itag/0/pl/16/hfr/1/sparams/as%2Cei%2Chfr%2Cid%2Cinitcwndbps%2Cip%2Cipbits%2Citag%2Cmm%2Cmn%2Cms%2Cmv%2Cpl%2Cplayback_host%2Crequiressl%2Csource%2Cexpire/mv/m/initcwndbps/2325000/source/youtube/ms/au/ei/4pSKWf5WwpVb79eIuAw/requiressl/yes/mt/1502254186/signature/3308735DB9DAB262087992179555FE6187F89B12.556D7C14DBCFF8D9CB07B4220A394036807839B5/id/0820a3dbdfc76d70", "width": 854, "tbr": 1120.843, "asr": null, "fps": 25, "language": null, "filesize": 44300749, "acodec": "none", "format": "135 - 854x480 (DASH video)", "protocol": "https", "http_headers": {"User-Agent": "Mozilla/5.0 (X11; Linux x86_64; rv:10.0) Gecko/20150101 Firefox/47.0 (Chrome)", "Accept-Charset": "ISO-8859-1,utf-8;q=0.7,*;q=0.7", "Accept": "text/html,application/xhtml+xml,application/xml;q=0.9,*/*;q=0.8", "Accept-Encoding": "gzip, deflate", "Accept-Language": "en-us,en;q=0.5"}, "fulltitle": "Poranek Info 20.07.2015- skr\u00f3t", "_filename": "CCCj29_HbXA.mp4"}