{"id": "RpcntqWGzAg", "uploader": "AnaBermudezMUA", "uploader_id": "AnaBermudezMUA", "uploader_url": "http://www.youtube.com/user/AnaBermudezMUA", "upload_date": "20120807", "license": "Standard YouTube License", "creator": null, "title": "C\u00f3mo conservar una piel joven y sana... SIN CIRUGIA", "alt_title": null, "thumbnail": "https://i.ytimg.com/vi/RpcntqWGzAg/hqdefault.jpg", "description": "Si te gusto el video, compartelo con tus amigos :D\n\nSigueme en FB:\n\nhttps://www.facebook.com/pages/AnaBermudezMUA/241273842554941\n\nMail: correoanabermudezmua@gmail.com", "categories": ["Howto & Style"], "tags": ["ana bermudez mua", "ana bermudez", "como tener piel sana y joven", "sin cirugia", "piel joven", "piel sana"], "subtitles": {}, "automatic_captions": {}, "duration": 346, "age_limit": 0, "annotations": null, "chapters": null, "webpage_url": "https://www.youtube.com/watch?v=RpcntqWGzAg", "view_count": 6322, "like_count": 72, "dislike_count": 16, "average_rating": 4.27272748947, "formats": [{"ext": "m4a", "format_note": "DASH audio", "acodec": "mp4a.40.5", "abr": 48, "container": "m4a_dash", "format_id": "139", "url": "https://r20---sn-4g57kn67.googlevideo.com/videoplayback?id=469727b6a586cc08&itag=139&source=youtube&requiressl=yes&mn=sn-4g57kn67&mm=31&mv=m&initcwndbps=4472500&ms=au&ei=3-eKWe-7K9G-VPOWq_AD&pl=16&ratebypass=yes&mime=audio/mp4&gir=yes&clen=2059823&lmt=1386916699875335&dur=346.255&signature=7950E0C05E168DFAB923683DB2E93E2DEBE8E0C0.7EBD4E4FEE9411FC24814C46AC47C001DD447F48&mt=1502275480&key=dg_yt0&ip=131.159.40.117&ipbits=0&expire=1502297151&sparams=ip,ipbits,expire,id,itag,source,requiressl,mn,mm,mv,initcwndbps,ms,ei,pl,ratebypass,mime,gir,clen,lmt,dur", "manifest_url": "https://manifest.googlevideo.com/api/manifest/dash/sparams/as%2Cei%2Chfr%2Cid%2Cinitcwndbps%2Cip%2Cipbits%2Citag%2Cmm%2Cmn%2Cms%2Cmv%2Cpl%2Cplayback_host%2Crequiressl%2Csource%2Cexpire/mn/sn-4g57kn67/ip/131.159.40.117/source/youtube/mm/31/mv/m/hfr/1/as/fmp4_audio_clear%2Cfmp4_sd_hd_clear/ipbits/0/initcwndbps/4472500/id/469727b6a586cc08/signature/C5C4FE8C16A616C224D44EDE8D4488665560C805.62ED5CC99E797BB2FDBFEA7F13E1A6B07E949303/expire/1502297151/playback_host/r20---sn-4g57kn67.googlevideo.com/requiressl/yes/ms/au/ei/3-eKWe-7K9G-VPOWq_AD/itag/0/pl/16/mt/1502275480/key/yt6", "width": null, "height": null, "tbr": 48.576, "asr": 22050, "fps": null, "language": null, "filesize": 2059823, "vcodec": "none", "format": "139 - audio only (DASH audio)", "protocol": "https", "http_headers": {"User-Agent": "Mozilla/5.0 (X11; Linux x86_64; rv:10.0) Gecko/20150101 Firefox/47.0 (Chrome)", "Accept-Charset": "ISO-8859-1,utf-8;q=0.7,*;q=0.7", "Accept": "text/html,application/xhtml+xml,application/xml;q=0.9,*/*;q=0.8", "Accept-Encoding": "gzip, deflate", "Accept-Language": "en-us,en;q=0.5"}}, {"ext": "m4a", "format_note": "DASH audio", "acodec": "mp4a.40.2", "abr": 128, "container": "m4a_dash", "format_id": "140", "url": "https://r20---sn-4g57kn67.googlevideo.com/videoplayback?id=469727b6a586cc08&itag=140&source=youtube&requiressl=yes&mn=sn-4g57kn67&mm=31&mv=m&initcwndbps=4472500&ms=au&ei=3-eKWe-7K9G-VPOWq_AD&pl=16&ratebypass=yes&mime=audio/mp4&gir=yes&clen=5498846&lmt=1386916588726634&dur=346.186&signature=8CDE054CC905D2678B5315E4960038FFD7555C89.7DD5982C2C96FA72460F885AECD0A94C6BA88447&mt=1502275480&key=dg_yt0&ip=131.159.40.117&ipbits=0&expire=1502297151&sparams=ip,ipbits,expire,id,itag,source,requiressl,mn,mm,mv,initcwndbps,ms,ei,pl,ratebypass,mime,gir,clen,lmt,dur", "manifest_url": "https://manifest.googlevideo.com/api/manifest/dash/sparams/as%2Cei%2Chfr%2Cid%2Cinitcwndbps%2Cip%2Cipbits%2Citag%2Cmm%2Cmn%2Cms%2Cmv%2Cpl%2Cplayback_host%2Crequiressl%2Csource%2Cexpire/mn/sn-4g57kn67/ip/131.159.40.117/source/youtube/mm/31/mv/m/hfr/1/as/fmp4_audio_clear%2Cfmp4_sd_hd_clear/ipbits/0/initcwndbps/4472500/id/469727b6a586cc08/signature/C5C4FE8C16A616C224D44EDE8D4488665560C805.62ED5CC99E797BB2FDBFEA7F13E1A6B07E949303/expire/1502297151/playback_host/r20---sn-4g57kn67.googlevideo.com/requiressl/yes/ms/au/ei/3-eKWe-7K9G-VPOWq_AD/itag/0/pl/16/mt/1502275480/key/yt6", "width": null, "height": null, "tbr": 127.911, "asr": 44100, "fps": null, "language": null, "filesize": 5498846, "vcodec": "none", "format": "140 - audio only (DASH audio)", "protocol": "https", "http_headers": {"User-Agent": "Mozilla/5.0 (X11; Linux x86_64; rv:10.0) Gecko/20150101 Firefox/47.0 (Chrome)", "Accept-Charset": "ISO-8859-1,utf-8;q=0.7,*;q=0.7", "Accept": "text/html,application/xhtml+xml,application/xml;q=0.9,*/*;q=0.8", "Accept-Encoding": "gzip, deflate", "Accept-Language": "en-us,en;q=0.5"}}, {"ext": "mp4", "height": 144, "format_note": "DASH video", "vcodec": "avc1.4d400c", "format_id": "160", "url": "https://r20---sn-4g57kn67.googlevideo.com/videoplayback?id=469727b6a586cc08&itag=160&source=youtube&requiressl=yes&mn=sn-4g57kn67&mm=31&mv=m&initcwndbps=4472500&ms=au&ei=3-eKWe-7K9G-VPOWq_AD&pl=16&ratebypass=yes&mime=video/mp4&gir=yes&clen=4437332&lmt=1386916593044182&dur=346.067&signature=549F8C2F8EE455271F7005EEEA69F6EFDFAE23D0.220A4E9DE5852F09C67EDAC953F63DF37049050A&mt=1502275480&key=dg_yt0&ip=131.159.40.117&ipbits=0&expire=1502297151&sparams=ip,ipbits,expire,id,itag,source,requiressl,mn,mm,mv,initcwndbps,ms,ei,pl,ratebypass,mime,gir,clen,lmt,dur", "manifest_url": "https://manifest.googlevideo.com/api/manifest/dash/sparams/as%2Cei%2Chfr%2Cid%2Cinitcwndbps%2Cip%2Cipbits%2Citag%2Cmm%2Cmn%2Cms%2Cmv%2Cpl%2Cplayback_host%2Crequiressl%2Csource%2Cexpire/mn/sn-4g57kn67/ip/131.159.40.117/source/youtube/mm/31/mv/m/hfr/1/as/fmp4_audio_clear%2Cfmp4_sd_hd_clear/ipbits/0/initcwndbps/4472500/id/469727b6a586cc08/signature/C5C4FE8C16A616C224D44EDE8D4488665560C805.62ED5CC99E797BB2FDBFEA7F13E1A6B07E949303/expire/1502297151/playback_host/r20---sn-4g57kn67.googlevideo.com/requiressl/yes/ms/au/ei/3-eKWe-7K9G-VPOWq_AD/itag/0/pl/16/mt/1502275480/key/yt6", "width": 192, "tbr": 127.767, "asr": null, "fps": 15, "language": null, "filesize": 4437332, "acodec": "none", "format": "160 - 192x144 (DASH video)", "protocol": "https", "http_headers": {"User-Agent": "Mozilla/5.0 (X11; Linux x86_64; rv:10.0) Gecko/20150101 Firefox/47.0 (Chrome)", "Accept-Charset": "ISO-8859-1,utf-8;q=0.7,*;q=0.7", "Accept": "text/html,application/xhtml+xml,application/xml;q=0.9,*/*;q=0.8", "Accept-Encoding": "gzip, deflate", "Accept-Language": "en-us,en;q=0.5"}}, {"ext": "mp4", "height": 240, "format_note": "DASH video", "vcodec": "avc1.4d400d", "format_id": "133", "url": "https://r20---sn-4g57kn67.googlevideo.com/videoplayback?id=469727b6a586cc08&itag=133&source=youtube&requiressl=yes&mn=sn-4g57kn67&mm=31&mv=m&initcwndbps=4472500&ms=au&ei=3-eKWe-7K9G-VPOWq_AD&pl=16&ratebypass=yes&mime=video/mp4&gir=yes&clen=10495546&lmt=1386916590890037&dur=346.067&signature=080E4C92349D2E3D011977F039FF54473079DF9C.0813432C58749A16D2A05CC2C5E154EDAC74353F&mt=1502275480&key=dg_yt0&ip=131.159.40.117&ipbits=0&expire=1502297151&sparams=ip,ipbits,expire,id,itag,source,requiressl,mn,mm,mv,initcwndbps,ms,ei,pl,ratebypass,mime,gir,clen,lmt,dur", "manifest_url": "https://manifest.googlevideo.com/api/manifest/dash/sparams/as%2Cei%2Chfr%2Cid%2Cinitcwndbps%2Cip%2Cipbits%2Citag%2Cmm%2Cmn%2Cms%2Cmv%2Cpl%2Cplayback_host%2Crequiressl%2Csource%2Cexpire/mn/sn-4g57kn67/ip/131.159.40.117/source/youtube/mm/31/mv/m/hfr/1/as/fmp4_audio_clear%2Cfmp4_sd_hd_clear/ipbits/0/initcwndbps/4472500/id/469727b6a586cc08/signature/C5C4FE8C16A616C224D44EDE8D4488665560C805.62ED5CC99E797BB2FDBFEA7F13E1A6B07E949303/expire/1502297151/playback_host/r20---sn-4g57kn67.googlevideo.com/requiressl/yes/ms/au/ei/3-eKWe-7K9G-VPOWq_AD/itag/0/pl/16/mt/1502275480/key/yt6", "width": 320, "tbr": 261.135, "asr": null, "fps": 30, "language": null, "filesize": 10495546, "acodec": "none", "format": "133 - 320x240 (DASH video)", "protocol": "https", "http_headers": {"User-Agent": "Mozilla/5.0 (X11; Linux x86_64; rv:10.0) Gecko/20150101 Firefox/47.0 (Chrome)", "Accept-Charset": "ISO-8859-1,utf-8;q=0.7,*;q=0.7", "Accept": "text/html,application/xhtml+xml,application/xml;q=0.9,*/*;q=0.8", "Accept-Encoding": "gzip, deflate", "Accept-Language": "en-us,en;q=0.5"}}, {"ext": "mp4", "height": 360, "format_note": "DASH video", "vcodec": "avc1.4d401e", "format_id": "134", "url": "https://r20---sn-4g57kn67.googlevideo.com/videoplayback?id=469727b6a586cc08&itag=134&source=youtube&requiressl=yes&mn=sn-4g57kn67&mm=31&mv=m&initcwndbps=4472500&ms=au&ei=3-eKWe-7K9G-VPOWq_AD&pl=16&ratebypass=yes&mime=video/mp4&gir=yes&clen=21924871&lmt=1386916600573315&dur=346.067&signature=6895E874C4E48F1CED0E095E5EE851DD5D2150D5.74B81DAB6D3A4A84EBD654E9309EF5A2FB2B1318&mt=1502275480&key=dg_yt0&ip=131.159.40.117&ipbits=0&expire=1502297151&sparams=ip,ipbits,expire,id,itag,source,requiressl,mn,mm,mv,initcwndbps,ms,ei,pl,ratebypass,mime,gir,clen,lmt,dur", "manifest_url": "https://manifest.googlevideo.com/api/manifest/dash/sparams/as%2Cei%2Chfr%2Cid%2Cinitcwndbps%2Cip%2Cipbits%2Citag%2Cmm%2Cmn%2Cms%2Cmv%2Cpl%2Cplayback_host%2Crequiressl%2Csource%2Cexpire/mn/sn-4g57kn67/ip/131.159.40.117/source/youtube/mm/31/mv/m/hfr/1/as/fmp4_audio_clear%2Cfmp4_sd_hd_clear/ipbits/0/initcwndbps/4472500/id/469727b6a586cc08/signature/C5C4FE8C16A616C224D44EDE8D4488665560C805.62ED5CC99E797BB2FDBFEA7F13E1A6B07E949303/expire/1502297151/playback_host/r20---sn-4g57kn67.googlevideo.com/requiressl/yes/ms/au/ei/3-eKWe-7K9G-VPOWq_AD/itag/0/pl/16/mt/1502275480/key/yt6", "width": 480, "tbr": 615.925, "asr": null, "fps": 30, "language": null, "filesize": 21924871, "acodec": "none", "format": "134 - 480x360 (DASH video)", "protocol": "https", "http_headers": {"User-Agent": "Mozilla/5.0 (X11; Linux x86_64; rv:10.0) Gecko/20150101 Firefox/47.0 (Chrome)", "Accept-Charset": "ISO-8859-1,utf-8;q=0.7,*;q=0.7", "Accept": "text/html,application/xhtml+xml,application/xml;q=0.9,*/*;q=0.8", "Accept-Encoding": "gzip, deflate", "Accept-Language": "en-us,en;q=0.5"}}, {"ext": "mp4", "height": 480, "format_note": "DASH video", "vcodec": "avc1.4d401e", "format_id": "135", "url": "https://r20---sn-4g57kn67.googlevideo.com/videoplayback?id=469727b6a586cc08&itag=135&source=youtube&requiressl=yes&mn=sn-4g57kn67&mm=31&mv=m&initcwndbps=4472500&ms=au&ei=3-eKWe-7K9G-VPOWq_AD&pl=16&ratebypass=yes&mime=video/mp4&gir=yes&clen=45336053&lmt=1386916609206157&dur=346.067&signature=354824678DE54E8069687C9B2E69C77E30C0AF72.4DE7794CF3F61C5D98829373CD3E4F6087C72F49&mt=1502275480&key=dg_yt0&ip=131.159.40.117&ipbits=0&expire=1502297151&sparams=ip,ipbits,expire,id,itag,source,requiressl,mn,mm,mv,initcwndbps,ms,ei,pl,ratebypass,mime,gir,clen,lmt,dur", "manifest_url": "https://manifest.googlevideo.com/api/manifest/dash/sparams/as%2Cei%2Chfr%2Cid%2Cinitcwndbps%2Cip%2Cipbits%2Citag%2Cmm%2Cmn%2Cms%2Cmv%2Cpl%2Cplayback_host%2Crequiressl%2Csource%2Cexpire/mn/sn-4g57kn67/ip/131.159.40.117/source/youtube/mm/31/mv/m/hfr/1/as/fmp4_audio_clear%2Cfmp4_sd_hd_clear/ipbits/0/initcwndbps/4472500/id/469727b6a586cc08/signature/C5C4FE8C16A616C224D44EDE8D4488665560C805.62ED5CC99E797BB2FDBFEA7F13E1A6B07E949303/expire/1502297151/playback_host/r20---sn-4g57kn67.googlevideo.com/requiressl/yes/ms/au/ei/3-eKWe-7K9G-VPOWq_AD/itag/0/pl/16/mt/1502275480/key/yt6", "width": 640, "tbr": 1131.283, "asr": null, "fps": 30, "language": null, "filesize": 45336053, "acodec": "none", "format": "135 - 640x480 (DASH video)", "protocol": "https", "http_headers": {"User-Agent": "Mozilla/5.0 (X11; Linux x86_64; rv:10.0) Gecko/20150101 Firefox/47.0 (Chrome)", "Accept-Charset": "ISO-8859-1,utf-8;q=0.7,*;q=0.7", "Accept": "text/html,application/xhtml+xml,application/xml;q=0.9,*/*;q=0.8", "Accept-Encoding": "gzip, deflate", "Accept-Language": "en-us,en;q=0.5"}}, {"ext": "mp4", "height": 720, "format_note": "DASH video", "vcodec": "avc1.4d401f", "format_id": "136", "url": "https://r20---sn-4g57kn67.googlevideo.com/videoplayback?id=469727b6a586cc08&itag=136&source=youtube&requiressl=yes&mn=sn-4g57kn67&mm=31&mv=m&initcwndbps=4472500&ms=au&ei=3-eKWe-7K9G-VPOWq_AD&pl=16&ratebypass=yes&mime=video/mp4&gir=yes&clen=77005869&lmt=1386916636133802&dur=346.067&signature=463E8927DBBB967BFCC9422F7220FEC1AEA7CD1A.38B391633177A27A7FBEA0EEC5A0108D95DA935D&mt=1502275480&key=dg_yt0&ip=131.159.40.117&ipbits=0&expire=1502297151&sparams=ip,ipbits,expire,id,itag,source,requiressl,mn,mm,mv,initcwndbps,ms,ei,pl,ratebypass,mime,gir,clen,lmt,dur", "manifest_url": "https://manifest.googlevideo.com/api/manifest/dash/sparams/as%2Cei%2Chfr%2Cid%2Cinitcwndbps%2Cip%2Cipbits%2Citag%2Cmm%2Cmn%2Cms%2Cmv%2Cpl%2Cplayback_host%2Crequiressl%2Csource%2Cexpire/mn/sn-4g57kn67/ip/131.159.40.117/source/youtube/mm/31/mv/m/hfr/1/as/fmp4_audio_clear%2Cfmp4_sd_hd_clear/ipbits/0/initcwndbps/4472500/id/469727b6a586cc08/signature/C5C4FE8C16A616C224D44EDE8D4488665560C805.62ED5CC99E797BB2FDBFEA7F13E1A6B07E949303/expire/1502297151/playback_host/r20---sn-4g57kn67.googlevideo.com/requiressl/yes/ms/au/ei/3-eKWe-7K9G-VPOWq_AD/itag/0/pl/16/mt/1502275480/key/yt6", "width": 960, "tbr": 2274.406, "asr": null, "fps": 30, "language": null, "filesize": 77005869, "acodec": "none", "format": "136 - 960x720 (DASH video)", "protocol": "https", "http_headers": {"User-Agent": "Mozilla/5.0 (X11; Linux x86_64; rv:10.0) Gecko/20150101 Firefox/47.0 (Chrome)", "Accept-Charset": "ISO-8859-1,utf-8;q=0.7,*;q=0.7", "Accept": "text/html,application/xhtml+xml,application/xml;q=0.9,*/*;q=0.8", "Accept-Encoding": "gzip, deflate", "Accept-Language": "en-us,en;q=0.5"}}, {"format_id": "17", "url": "https://r5---sn-4g5e6nl7.googlevideo.com/videoplayback?requiressl=yes&signature=2679D5433C070711F8393AE29472258BAA776001.2C5CCB88CB3ACA766F1A496A26FF8320432CB3E9&pl=16&initcwndbps=4472500&expire=1502297151&itag=17&sparams=clen%2Cdur%2Cei%2Cgir%2Cid%2Cinitcwndbps%2Cip%2Cipbits%2Citag%2Clmt%2Cmime%2Cmm%2Cmn%2Cms%2Cmv%2Cpl%2Crequiressl%2Csource%2Cexpire&source=youtube&mime=video%2F3gpp&clen=3573490&lmt=1386917086499855&ms=au&mt=1502275480&mv=m&dur=346.488&mm=31&mn=sn-4g5e6nl7&gir=yes&id=o-AANy2ij-__Racqnp_J7j5o9ApKSIWMqH7eh0BUZ_Zutx&ei=3-eKWZbqBJPCVLG4uYgC&ipbits=0&ip=131.159.40.117&key=yt6&ratebypass=yes", "player_url": null, "ext": "3gp", "width": 176, "height": 144, "acodec": "mp4a.40.2", "abr": 24, "vcodec": "mp4v.20.3", "resolution": "176x144", "format_note": "small", "format": "17 - 176x144 (small)", "protocol": "https", "http_headers": {"User-Agent": "Mozilla/5.0 (X11; Linux x86_64; rv:10.0) Gecko/20150101 Firefox/47.0 (Chrome)", "Accept-Charset": "ISO-8859-1,utf-8;q=0.7,*;q=0.7", "Accept": "text/html,application/xhtml+xml,application/xml;q=0.9,*/*;q=0.8", "Accept-Encoding": "gzip, deflate", "Accept-Language": "en-us,en;q=0.5"}}, {"format_id": "36", "url": "https://r5---sn-4g5e6nl7.googlevideo.com/videoplayback?requiressl=yes&signature=1FCB47D88F42569FCB155F8E7806290068492DC6.9526B8EDEE896D66760ECA0698899CA69BC836D7&pl=16&initcwndbps=4472500&expire=1502297151&itag=36&sparams=clen%2Cdur%2Cei%2Cgir%2Cid%2Cinitcwndbps%2Cip%2Cipbits%2Citag%2Clmt%2Cmime%2Cmm%2Cmn%2Cms%2Cmv%2Cpl%2Crequiressl%2Csource%2Cexpire&source=youtube&mime=video%2F3gpp&clen=9778840&lmt=1386917098302273&ms=au&mt=1502275480&mv=m&dur=346.302&mm=31&mn=sn-4g5e6nl7&gir=yes&id=o-AANy2ij-__Racqnp_J7j5o9ApKSIWMqH7eh0BUZ_Zutx&ei=3-eKWZbqBJPCVLG4uYgC&ipbits=0&ip=131.159.40.117&key=yt6&ratebypass=yes", "player_url": null, "ext": "3gp", "width": 320, "acodec": "mp4a.40.2", "vcodec": "mp4v.20.3", "resolution": "320x240", "height": 240, "format_note": "small", "format": "36 - 320x240 (small)", "protocol": "https", "http_headers": {"User-Agent": "Mozilla/5.0 (X11; Linux x86_64; rv:10.0) Gecko/20150101 Firefox/47.0 (Chrome)", "Accept-Charset": "ISO-8859-1,utf-8;q=0.7,*;q=0.7", "Accept": "text/html,application/xhtml+xml,application/xml;q=0.9,*/*;q=0.8", "Accept-Encoding": "gzip, deflate", "Accept-Language": "en-us,en;q=0.5"}}, {"format_id": "18", "url": "https://r5---sn-4g5e6nl7.googlevideo.com/videoplayback?requiressl=yes&signature=50CE3F1BCF7185A367FDBF83AAB29CEB0B26F1BD.CFE3958DAB5EDB6E9C092934E7883B5033CA4235&pl=16&ratebypass=yes&initcwndbps=4472500&expire=1502297151&itag=18&sparams=clen%2Cdur%2Cei%2Cgir%2Cid%2Cinitcwndbps%2Cip%2Cipbits%2Citag%2Clmt%2Cmime%2Cmm%2Cmn%2Cms%2Cmv%2Cpl%2Cratebypass%2Crequiressl%2Csource%2Cexpire&source=youtube&mime=video%2Fmp4&clen=31956253&lmt=1386916880351308&ms=au&mt=1502275480&mv=m&dur=346.186&mm=31&mn=sn-4g5e6nl7&gir=yes&id=o-AANy2ij-__Racqnp_J7j5o9ApKSIWMqH7eh0BUZ_Zutx&ei=3-eKWZbqBJPCVLG4uYgC&ipbits=0&ip=131.159.40.117&key=yt6", "player_url": null, "ext": "mp4", "width": 480, "height": 360, "acodec": "mp4a.40.2", "abr": 96, "vcodec": "avc1.42001E", "resolution": "480x360", "format_note": "medium", "format": "18 - 480x360 (medium)", "protocol": "https", "http_headers": {"User-Agent": "Mozilla/5.0 (X11; Linux x86_64; rv:10.0) Gecko/20150101 Firefox/47.0 (Chrome)", "Accept-Charset": "ISO-8859-1,utf-8;q=0.7,*;q=0.7", "Accept": "text/html,application/xhtml+xml,application/xml;q=0.9,*/*;q=0.8", "Accept-Encoding": "gzip, deflate", "Accept-Language": "en-us,en;q=0.5"}}, {"format_id": "43", "url": "https://r5---sn-4g5e6nl7.googlevideo.com/videoplayback?requiressl=yes&signature=6182D627296C85140025259F099473BD0A7B2ABE.4C9438CE7F89A690E0289BF83684296911E190D1&pl=16&ratebypass=yes&initcwndbps=4472500&expire=1502297151&itag=43&sparams=clen%2Cdur%2Cei%2Cgir%2Cid%2Cinitcwndbps%2Cip%2Cipbits%2Citag%2Clmt%2Cmime%2Cmm%2Cmn%2Cms%2Cmv%2Cpl%2Cratebypass%2Crequiressl%2Csource%2Cexpire&source=youtube&mime=video%2Fwebm&clen=37821966&lmt=1347768374663261&ms=au&mt=1502275480&mv=m&dur=0.000&mm=31&mn=sn-4g5e6nl7&gir=yes&id=o-AANy2ij-__Racqnp_J7j5o9ApKSIWMqH7eh0BUZ_Zutx&ei=3-eKWZbqBJPCVLG4uYgC&ipbits=0&ip=131.159.40.117&key=yt6", "player_url": null, "ext": "webm", "width": 640, "height": 360, "acodec": "vorbis", "abr": 128, "vcodec": "vp8.0", "resolution": "640x360", "format_note": "medium", "format": "43 - 640x360 (medium)", "protocol": "https", "http_headers": {"User-Agent": "Mozilla/5.0 (X11; Linux x86_64; rv:10.0) Gecko/20150101 Firefox/47.0 (Chrome)", "Accept-Charset": "ISO-8859-1,utf-8;q=0.7,*;q=0.7", "Accept": "text/html,application/xhtml+xml,application/xml;q=0.9,*/*;q=0.8", "Accept-Encoding": "gzip, deflate", "Accept-Language": "en-us,en;q=0.5"}}, {"format_id": "22", "url": "https://r5---sn-4g5e6nl7.googlevideo.com/videoplayback?requiressl=yes&signature=05ECDD0A25A8180159BC9C9550E7DAD6B7801BBF.ABA6F886D645DEAA1D2310A4A20929A907F51A56&lmt=1471688626833641&ms=au&mt=1502275480&mv=m&pl=16&dur=346.186&mm=31&mn=sn-4g5e6nl7&ratebypass=yes&initcwndbps=4472500&expire=1502297151&itag=22&id=o-AANy2ij-__Racqnp_J7j5o9ApKSIWMqH7eh0BUZ_Zutx&ei=3-eKWZbqBJPCVLG4uYgC&sparams=dur%2Cei%2Cid%2Cinitcwndbps%2Cip%2Cipbits%2Citag%2Clmt%2Cmime%2Cmm%2Cmn%2Cms%2Cmv%2Cpl%2Cratebypass%2Crequiressl%2Csource%2Cexpire&mime=video%2Fmp4&source=youtube&ipbits=0&ip=131.159.40.117&key=yt6", "player_url": null, "ext": "mp4", "width": 960, "height": 720, "acodec": "mp4a.40.2", "abr": 192, "vcodec": "avc1.64001F", "resolution": "960x720", "format_note": "hd720", "format": "22 - 960x720 (hd720)", "protocol": "https", "http_headers": {"User-Agent": "Mozilla/5.0 (X11; Linux x86_64; rv:10.0) Gecko/20150101 Firefox/47.0 (Chrome)", "Accept-Charset": "ISO-8859-1,utf-8;q=0.7,*;q=0.7", "Accept": "text/html,application/xhtml+xml,application/xml;q=0.9,*/*;q=0.8", "Accept-Encoding": "gzip, deflate", "Accept-Language": "en-us,en;q=0.5"}}], "is_live": null, "start_time": null, "end_time": null, "series": null, "season_number": null, "episode_number": null, "extractor": "youtube", "webpage_url_basename": "RpcntqWGzAg", "extractor_key": "Youtube", "playlist": null, "playlist_index": null, "thumbnails": [{"url": "https://i.ytimg.com/vi/RpcntqWGzAg/hqdefault.jpg", "id": "0"}], "display_id": "RpcntqWGzAg", "ext": "mp4", "height": 720, "format_note": "DASH video", "vcodec": "avc1.4d401f", "format_id": "136", "url": "https://r20---sn-4g57kn67.googlevideo.com/videoplayback?id=469727b6a586cc08&itag=136&source=youtube&requiressl=yes&mn=sn-4g57kn67&mm=31&mv=m&initcwndbps=4472500&ms=au&ei=3-eKWe-7K9G-VPOWq_AD&pl=16&ratebypass=yes&mime=video/mp4&gir=yes&clen=77005869&lmt=1386916636133802&dur=346.067&signature=463E8927DBBB967BFCC9422F7220FEC1AEA7CD1A.38B391633177A27A7FBEA0EEC5A0108D95DA935D&mt=1502275480&key=dg_yt0&ip=131.159.40.117&ipbits=0&expire=1502297151&sparams=ip,ipbits,expire,id,itag,source,requiressl,mn,mm,mv,initcwndbps,ms,ei,pl,ratebypass,mime,gir,clen,lmt,dur", "manifest_url": "https://manifest.googlevideo.com/api/manifest/dash/sparams/as%2Cei%2Chfr%2Cid%2Cinitcwndbps%2Cip%2Cipbits%2Citag%2Cmm%2Cmn%2Cms%2Cmv%2Cpl%2Cplayback_host%2Crequiressl%2Csource%2Cexpire/mn/sn-4g57kn67/ip/131.159.40.117/source/youtube/mm/31/mv/m/hfr/1/as/fmp4_audio_clear%2Cfmp4_sd_hd_clear/ipbits/0/initcwndbps/4472500/id/469727b6a586cc08/signature/C5C4FE8C16A616C224D44EDE8D4488665560C805.62ED5CC99E797BB2FDBFEA7F13E1A6B07E949303/expire/1502297151/playback_host/r20---sn-4g57kn67.googlevideo.com/requiressl/yes/ms/au/ei/3-eKWe-7K9G-VPOWq_AD/itag/0/pl/16/mt/1502275480/key/yt6", "width": 960, "tbr": 2274.406, "asr": null, "fps": 30, "language": null, "filesize": 77005869, "acodec": "none", "format": "136 - 960x720 (DASH video)", "protocol": "https", "http_headers": {"User-Agent": "Mozilla/5.0 (X11; Linux x86_64; rv:10.0) Gecko/20150101 Firefox/47.0 (Chrome)", "Accept-Charset": "ISO-8859-1,utf-8;q=0.7,*;q=0.7", "Accept": "text/html,application/xhtml+xml,application/xml;q=0.9,*/*;q=0.8", "Accept-Encoding": "gzip, deflate", "Accept-Language": "en-us,en;q=0.5"}, "fulltitle": "C\u00f3mo conservar una piel joven y sana... SIN CIRUGIA", "_filename": "RpcntqWGzAg.mp4"}