{"id": "imUWpqT_KYI", "uploader": "Laura Acevedo", "uploader_id": "UC3UOrmUIxxCEP0r00xNrXgw", "uploader_url": "http://www.youtube.com/channel/UC3UOrmUIxxCEP0r00xNrXgw", "upload_date": "20141214", "license": "Standard YouTube License", "creator": null, "title": "4 errores de novato en el cuidado de la rosa\u0301cea", "alt_title": null, "thumbnail": "https://i.ytimg.com/vi/imUWpqT_KYI/hqdefault.jpg", "description": "M\u00e1s informaci\u00f3n en http://dominaturosacea.com/errores-cuidados-de-piel-rosacea/ No cometas estos errores tan comunes. Cuando acabamos de ser diagnosticados con ros\u00e1cea intentamos encontrar diferentes alternativas para remediar este nuevo problema de nuestra piel, pero a veces no sabemos bien como hacerlo y caemos en errores que pueden empeorar la situaci\u00f3n en vez de mejorarla. Cosas tan normales como lavarse la cara, hidratarse la piel y usar productos para pieles sensibles, pueden acabar perjudic\u00e1ndonos si no lo hacemos correctamente. Por eso hay que prestar especial atenci\u00f3n a c\u00f3mo y con qu\u00e9 cuidamos nuestra ros\u00e1cea. Este video trata de eso: De c\u00f3mo evitar estos errores y de las cosas que debes tener en cuenta para ello.\n\nLos 4 peores errores de novato son:\n\n1. Tratar inadecuadamente la capa protectora de la piel\n2. Lavar tu cara con productos inadecuados\n3. No realizar pruebas previas a los nuevos productos\n4. Usar demasiados productos nuevos al mismo tiempo\n\nSi quieres saber c\u00f3mo puedes cuidar y controlar tu ros\u00e1cea de forma natural, visita:\n\n\u2605 Mi blog: http://dominaturosacea.com/\n\u2605 Facebook: https://www.facebook.com/dominaturosacea\n\n\u2665 Si te gusta y te interesa, puedes suscr\u00edbirte a mi canal y darle a me gusta \u2665 :-)", "categories": ["Howto & Style"], "tags": ["ros\u00e1cea", "cuidados de la piel", "rosacea", "limpieza", "aceites", "remedios naturales para la rosacea", "hidratacion rosacea", "errores", "consejos rosacea", "tratamiento rosacea"], "subtitles": {}, "automatic_captions": {}, "duration": 239, "age_limit": 0, "annotations": null, "chapters": null, "webpage_url": "https://www.youtube.com/watch?v=imUWpqT_KYI", "view_count": 31901, "like_count": 262, "dislike_count": 12, "average_rating": 4.82481765747, "formats": [{"ext": "m4a", "format_note": "DASH audio", "acodec": "mp4a.40.5", "abr": 48, "container": "m4a_dash", "format_id": "139", "url": "https://r3---sn-xjpm-q0ns.googlevideo.com/videoplayback?id=8a6516a6a4ff2982&itag=139&source=youtube&requiressl=yes&ei=6WyKWbjICsXMcKbIjJgM&mm=31&mn=sn-xjpm-q0ns&ms=au&mv=u&pl=16&ratebypass=yes&mime=audio/mp4&gir=yes&clen=1442521&lmt=1418712294379994&dur=239.025&key=dg_yt0&signature=6F0D112C8F6EB16072761B4FB88E4F595802A3B1.17956128FBEE1DE9DA83C5956013AE58E5869939&mt=1502243568&ip=131.159.40.117&ipbits=0&expire=1502265673&sparams=ip,ipbits,expire,id,itag,source,requiressl,ei,mm,mn,ms,mv,pl,ratebypass,mime,gir,clen,lmt,dur", "manifest_url": "https://manifest.googlevideo.com/api/manifest/dash/ei/6WyKWbjICsXMcKbIjJgM/hfr/1/expire/1502265673/playback_host/r3---sn-xjpm-q0ns.googlevideo.com/key/yt6/signature/64AB9EF6028D2A630D2C0B18FF9B0F7D7B8C0317.2F1CEC4BB6AE6F9B6C68C1A5FFE6FF51701BAF03/itag/0/mm/31/ip/131.159.40.117/mn/sn-xjpm-q0ns/ipbits/0/ms/au/sparams/as%2Cei%2Chfr%2Cid%2Cip%2Cipbits%2Citag%2Cmm%2Cmn%2Cms%2Cmv%2Cpl%2Cplayback_host%2Crequiressl%2Csource%2Cexpire/source/youtube/as/fmp4_audio_clear%2Cfmp4_sd_hd_clear/mv/u/id/8a6516a6a4ff2982/pl/16/requiressl/yes/mt/1502243568", "width": null, "height": null, "tbr": 49.261, "asr": 22050, "fps": null, "language": null, "filesize": 1442521, "vcodec": "none", "format": "139 - audio only (DASH audio)", "protocol": "https", "http_headers": {"User-Agent": "Mozilla/5.0 (X11; Linux x86_64; rv:10.0) Gecko/20150101 Firefox/47.0 (Chrome)", "Accept-Charset": "ISO-8859-1,utf-8;q=0.7,*;q=0.7", "Accept": "text/html,application/xhtml+xml,application/xml;q=0.9,*/*;q=0.8", "Accept-Encoding": "gzip, deflate", "Accept-Language": "en-us,en;q=0.5"}}, {"format_id": "249", "url": "https://r3---sn-xjpm-q0ns.googlevideo.com/videoplayback?expire=1502265672&dur=238.921&ipbits=0&lmt=1421505320374450&itag=249&ei=6GyKWaPHJ4SacseIvfgJ&pl=16&source=youtube&clen=1473451&mn=sn-xjpm-q0ns&mm=31&keepalive=yes&id=o-AOwm6dehhOmgUUSWwAxU49S5gTYVoO3ZeYf_Twdkr4hA&mv=u&sparams=clen%2Cdur%2Cei%2Cgir%2Cid%2Cip%2Cipbits%2Citag%2Ckeepalive%2Clmt%2Cmime%2Cmm%2Cmn%2Cms%2Cmv%2Cpl%2Crequiressl%2Csource%2Cexpire&mt=1502243568&ms=au&ip=131.159.40.117&signature=2EE96B6A31D1A6530A4D4202202B4B2ED316784F.7DB7400D6EED34E2DBAD7251A61BA70049C279CB&key=yt6&gir=yes&mime=audio%2Fwebm&requiressl=yes&ratebypass=yes", "player_url": null, "ext": "webm", "format_note": "DASH audio", "acodec": "opus", "abr": 50, "filesize": 1473451, "tbr": 50.867, "vcodec": "none", "format": "249 - audio only (DASH audio)", "protocol": "https", "http_headers": {"User-Agent": "Mozilla/5.0 (X11; Linux x86_64; rv:10.0) Gecko/20150101 Firefox/47.0 (Chrome)", "Accept-Charset": "ISO-8859-1,utf-8;q=0.7,*;q=0.7", "Accept": "text/html,application/xhtml+xml,application/xml;q=0.9,*/*;q=0.8", "Accept-Encoding": "gzip, deflate", "Accept-Language": "en-us,en;q=0.5"}}, {"format_id": "250", "url": "https://r3---sn-xjpm-q0ns.googlevideo.com/videoplayback?expire=1502265672&dur=238.921&ipbits=0&lmt=1421505318981236&itag=250&ei=6GyKWaPHJ4SacseIvfgJ&pl=16&source=youtube&clen=2025841&mn=sn-xjpm-q0ns&mm=31&keepalive=yes&id=o-AOwm6dehhOmgUUSWwAxU49S5gTYVoO3ZeYf_Twdkr4hA&mv=u&sparams=clen%2Cdur%2Cei%2Cgir%2Cid%2Cip%2Cipbits%2Citag%2Ckeepalive%2Clmt%2Cmime%2Cmm%2Cmn%2Cms%2Cmv%2Cpl%2Crequiressl%2Csource%2Cexpire&mt=1502243568&ms=au&ip=131.159.40.117&signature=0303CA2419DCC63B7A264658EFCE01898623C188.B83B4D509B13B7E33EA92678D0096B324C1E9A10&key=yt6&gir=yes&mime=audio%2Fwebm&requiressl=yes&ratebypass=yes", "player_url": null, "ext": "webm", "format_note": "DASH audio", "acodec": "opus", "abr": 70, "filesize": 2025841, "tbr": 73.956, "vcodec": "none", "format": "250 - audio only (DASH audio)", "protocol": "https", "http_headers": {"User-Agent": "Mozilla/5.0 (X11; Linux x86_64; rv:10.0) Gecko/20150101 Firefox/47.0 (Chrome)", "Accept-Charset": "ISO-8859-1,utf-8;q=0.7,*;q=0.7", "Accept": "text/html,application/xhtml+xml,application/xml;q=0.9,*/*;q=0.8", "Accept-Encoding": "gzip, deflate", "Accept-Language": "en-us,en;q=0.5"}}, {"format_id": "171", "url": "https://r3---sn-xjpm-q0ns.googlevideo.com/videoplayback?expire=1502265672&dur=238.912&ipbits=0&lmt=1421505318957946&itag=171&ei=6GyKWaPHJ4SacseIvfgJ&pl=16&source=youtube&clen=2491957&mn=sn-xjpm-q0ns&mm=31&keepalive=yes&id=o-AOwm6dehhOmgUUSWwAxU49S5gTYVoO3ZeYf_Twdkr4hA&mv=u&sparams=clen%2Cdur%2Cei%2Cgir%2Cid%2Cip%2Cipbits%2Citag%2Ckeepalive%2Clmt%2Cmime%2Cmm%2Cmn%2Cms%2Cmv%2Cpl%2Crequiressl%2Csource%2Cexpire&mt=1502243568&ms=au&ip=131.159.40.117&signature=BADCEF5693D1649AEB27104936C6C47AAB4FA472.4D64FB23C210B0CA6F685A38F9788F438694B140&key=yt6&gir=yes&mime=audio%2Fwebm&requiressl=yes&ratebypass=yes", "player_url": null, "ext": "webm", "acodec": "vorbis", "format_note": "DASH audio", "abr": 128, "filesize": 2491957, "tbr": 91.718, "vcodec": "none", "format": "171 - audio only (DASH audio)", "protocol": "https", "http_headers": {"User-Agent": "Mozilla/5.0 (X11; Linux x86_64; rv:10.0) Gecko/20150101 Firefox/47.0 (Chrome)", "Accept-Charset": "ISO-8859-1,utf-8;q=0.7,*;q=0.7", "Accept": "text/html,application/xhtml+xml,application/xml;q=0.9,*/*;q=0.8", "Accept-Encoding": "gzip, deflate", "Accept-Language": "en-us,en;q=0.5"}}, {"ext": "m4a", "format_note": "DASH audio", "acodec": "mp4a.40.2", "abr": 128, "container": "m4a_dash", "format_id": "140", "url": "https://r3---sn-xjpm-q0ns.googlevideo.com/videoplayback?id=8a6516a6a4ff2982&itag=140&source=youtube&requiressl=yes&ei=6WyKWbjICsXMcKbIjJgM&mm=31&mn=sn-xjpm-q0ns&ms=au&mv=u&pl=16&ratebypass=yes&mime=audio/mp4&gir=yes&clen=3837184&lmt=1418712289611251&dur=238.979&key=dg_yt0&signature=5D548130A3A650DD05BCCBE0395B4E521AAC8BB6.0465B8B7CA573C7585D969B9350618303483DDE7&mt=1502243568&ip=131.159.40.117&ipbits=0&expire=1502265673&sparams=ip,ipbits,expire,id,itag,source,requiressl,ei,mm,mn,ms,mv,pl,ratebypass,mime,gir,clen,lmt,dur", "manifest_url": "https://manifest.googlevideo.com/api/manifest/dash/ei/6WyKWbjICsXMcKbIjJgM/hfr/1/expire/1502265673/playback_host/r3---sn-xjpm-q0ns.googlevideo.com/key/yt6/signature/64AB9EF6028D2A630D2C0B18FF9B0F7D7B8C0317.2F1CEC4BB6AE6F9B6C68C1A5FFE6FF51701BAF03/itag/0/mm/31/ip/131.159.40.117/mn/sn-xjpm-q0ns/ipbits/0/ms/au/sparams/as%2Cei%2Chfr%2Cid%2Cip%2Cipbits%2Citag%2Cmm%2Cmn%2Cms%2Cmv%2Cpl%2Cplayback_host%2Crequiressl%2Csource%2Cexpire/source/youtube/as/fmp4_audio_clear%2Cfmp4_sd_hd_clear/mv/u/id/8a6516a6a4ff2982/pl/16/requiressl/yes/mt/1502243568", "width": null, "height": null, "tbr": 129.255, "asr": 44100, "fps": null, "language": null, "filesize": 3837184, "vcodec": "none", "format": "140 - audio only (DASH audio)", "protocol": "https", "http_headers": {"User-Agent": "Mozilla/5.0 (X11; Linux x86_64; rv:10.0) Gecko/20150101 Firefox/47.0 (Chrome)", "Accept-Charset": "ISO-8859-1,utf-8;q=0.7,*;q=0.7", "Accept": "text/html,application/xhtml+xml,application/xml;q=0.9,*/*;q=0.8", "Accept-Encoding": "gzip, deflate", "Accept-Language": "en-us,en;q=0.5"}}, {"format_id": "251", "url": "https://r3---sn-xjpm-q0ns.googlevideo.com/videoplayback?expire=1502265672&dur=238.921&ipbits=0&lmt=1421505320316439&itag=251&ei=6GyKWaPHJ4SacseIvfgJ&pl=16&source=youtube&clen=4195500&mn=sn-xjpm-q0ns&mm=31&keepalive=yes&id=o-AOwm6dehhOmgUUSWwAxU49S5gTYVoO3ZeYf_Twdkr4hA&mv=u&sparams=clen%2Cdur%2Cei%2Cgir%2Cid%2Cip%2Cipbits%2Citag%2Ckeepalive%2Clmt%2Cmime%2Cmm%2Cmn%2Cms%2Cmv%2Cpl%2Crequiressl%2Csource%2Cexpire&mt=1502243568&ms=au&ip=131.159.40.117&signature=922DB106267962560B1CD684B3F5CA8531F89820.12482DEF859E59E399192DB2F045580828A53132&key=yt6&gir=yes&mime=audio%2Fwebm&requiressl=yes&ratebypass=yes", "player_url": null, "ext": "webm", "format_note": "DASH audio", "acodec": "opus", "abr": 160, "filesize": 4195500, "tbr": 148.009, "vcodec": "none", "format": "251 - audio only (DASH audio)", "protocol": "https", "http_headers": {"User-Agent": "Mozilla/5.0 (X11; Linux x86_64; rv:10.0) Gecko/20150101 Firefox/47.0 (Chrome)", "Accept-Charset": "ISO-8859-1,utf-8;q=0.7,*;q=0.7", "Accept": "text/html,application/xhtml+xml,application/xml;q=0.9,*/*;q=0.8", "Accept-Encoding": "gzip, deflate", "Accept-Language": "en-us,en;q=0.5"}}, {"ext": "mp4", "height": 144, "format_note": "DASH video", "vcodec": "avc1.4d400c", "format_id": "160", "url": "https://r3---sn-xjpm-q0ns.googlevideo.com/videoplayback?id=8a6516a6a4ff2982&itag=160&source=youtube&requiressl=yes&ei=6WyKWbjICsXMcKbIjJgM&mm=31&mn=sn-xjpm-q0ns&ms=au&mv=u&pl=16&ratebypass=yes&mime=video/mp4&gir=yes&clen=3282463&lmt=1418712324619168&dur=238.960&key=dg_yt0&signature=7155F182E95C5E9BE6C31D0CE2A86113FE059BC5.689C11E899641014F6FC721BA94917E45E00234F&mt=1502243568&ip=131.159.40.117&ipbits=0&expire=1502265673&sparams=ip,ipbits,expire,id,itag,source,requiressl,ei,mm,mn,ms,mv,pl,ratebypass,mime,gir,clen,lmt,dur", "manifest_url": "https://manifest.googlevideo.com/api/manifest/dash/ei/6WyKWbjICsXMcKbIjJgM/hfr/1/expire/1502265673/playback_host/r3---sn-xjpm-q0ns.googlevideo.com/key/yt6/signature/64AB9EF6028D2A630D2C0B18FF9B0F7D7B8C0317.2F1CEC4BB6AE6F9B6C68C1A5FFE6FF51701BAF03/itag/0/mm/31/ip/131.159.40.117/mn/sn-xjpm-q0ns/ipbits/0/ms/au/sparams/as%2Cei%2Chfr%2Cid%2Cip%2Cipbits%2Citag%2Cmm%2Cmn%2Cms%2Cmv%2Cpl%2Cplayback_host%2Crequiressl%2Csource%2Cexpire/source/youtube/as/fmp4_audio_clear%2Cfmp4_sd_hd_clear/mv/u/id/8a6516a6a4ff2982/pl/16/requiressl/yes/mt/1502243568", "width": 256, "tbr": 111.912, "asr": null, "fps": 13, "language": null, "filesize": 3282463, "acodec": "none", "format": "160 - 256x144 (DASH video)", "protocol": "https", "http_headers": {"User-Agent": "Mozilla/5.0 (X11; Linux x86_64; rv:10.0) Gecko/20150101 Firefox/47.0 (Chrome)", "Accept-Charset": "ISO-8859-1,utf-8;q=0.7,*;q=0.7", "Accept": "text/html,application/xhtml+xml,application/xml;q=0.9,*/*;q=0.8", "Accept-Encoding": "gzip, deflate", "Accept-Language": "en-us,en;q=0.5"}}, {"format_id": "278", "url": "https://r3---sn-xjpm-q0ns.googlevideo.com/videoplayback?expire=1502265672&dur=238.880&ipbits=0&lmt=1421505396213069&itag=278&ei=6GyKWaPHJ4SacseIvfgJ&pl=16&source=youtube&clen=2504880&mn=sn-xjpm-q0ns&mm=31&keepalive=yes&id=o-AOwm6dehhOmgUUSWwAxU49S5gTYVoO3ZeYf_Twdkr4hA&mv=u&sparams=clen%2Cdur%2Cei%2Cgir%2Cid%2Cip%2Cipbits%2Citag%2Ckeepalive%2Clmt%2Cmime%2Cmm%2Cmn%2Cms%2Cmv%2Cpl%2Crequiressl%2Csource%2Cexpire&mt=1502243568&ms=au&ip=131.159.40.117&signature=C10F45F600EF6E7443F73D12890CDFE24987AEA7.69B347D7525A194E2A44AB61CDB929951CC82EB3&key=yt6&gir=yes&mime=video%2Fwebm&requiressl=yes&ratebypass=yes", "player_url": null, "ext": "webm", "height": 144, "format_note": "144p", "container": "webm", "vcodec": "vp9", "filesize": 2504880, "tbr": 123.365, "width": 256, "fps": 13, "acodec": "none", "format": "278 - 256x144 (144p)", "protocol": "https", "http_headers": {"User-Agent": "Mozilla/5.0 (X11; Linux x86_64; rv:10.0) Gecko/20150101 Firefox/47.0 (Chrome)", "Accept-Charset": "ISO-8859-1,utf-8;q=0.7,*;q=0.7", "Accept": "text/html,application/xhtml+xml,application/xml;q=0.9,*/*;q=0.8", "Accept-Encoding": "gzip, deflate", "Accept-Language": "en-us,en;q=0.5"}}, {"ext": "mp4", "height": 240, "format_note": "DASH video", "vcodec": "avc1.4d4015", "format_id": "133", "url": "https://r3---sn-xjpm-q0ns.googlevideo.com/videoplayback?id=8a6516a6a4ff2982&itag=133&source=youtube&requiressl=yes&ei=6WyKWbjICsXMcKbIjJgM&mm=31&mn=sn-xjpm-q0ns&ms=au&mv=u&pl=16&ratebypass=yes&mime=video/mp4&gir=yes&clen=7316138&lmt=1418712298120998&dur=238.880&key=dg_yt0&signature=94314B24EC08439CD48C0167FFF4538F452455E4.7C9CC7292DC665A4746F14BA166A019047BDC9A1&mt=1502243568&ip=131.159.40.117&ipbits=0&expire=1502265673&sparams=ip,ipbits,expire,id,itag,source,requiressl,ei,mm,mn,ms,mv,pl,ratebypass,mime,gir,clen,lmt,dur", "manifest_url": "https://manifest.googlevideo.com/api/manifest/dash/ei/6WyKWbjICsXMcKbIjJgM/hfr/1/expire/1502265673/playback_host/r3---sn-xjpm-q0ns.googlevideo.com/key/yt6/signature/64AB9EF6028D2A630D2C0B18FF9B0F7D7B8C0317.2F1CEC4BB6AE6F9B6C68C1A5FFE6FF51701BAF03/itag/0/mm/31/ip/131.159.40.117/mn/sn-xjpm-q0ns/ipbits/0/ms/au/sparams/as%2Cei%2Chfr%2Cid%2Cip%2Cipbits%2Citag%2Cmm%2Cmn%2Cms%2Cmv%2Cpl%2Cplayback_host%2Crequiressl%2Csource%2Cexpire/source/youtube/as/fmp4_audio_clear%2Cfmp4_sd_hd_clear/mv/u/id/8a6516a6a4ff2982/pl/16/requiressl/yes/mt/1502243568", "width": 426, "tbr": 249.545, "asr": null, "fps": 25, "language": null, "filesize": 7316138, "acodec": "none", "format": "133 - 426x240 (DASH video)", "protocol": "https", "http_headers": {"User-Agent": "Mozilla/5.0 (X11; Linux x86_64; rv:10.0) Gecko/20150101 Firefox/47.0 (Chrome)", "Accept-Charset": "ISO-8859-1,utf-8;q=0.7,*;q=0.7", "Accept": "text/html,application/xhtml+xml,application/xml;q=0.9,*/*;q=0.8", "Accept-Encoding": "gzip, deflate", "Accept-Language": "en-us,en;q=0.5"}}, {"format_id": "242", "url": "https://r3---sn-xjpm-q0ns.googlevideo.com/videoplayback?expire=1502265672&dur=238.880&ipbits=0&lmt=1421505359388654&itag=242&ei=6GyKWaPHJ4SacseIvfgJ&pl=16&source=youtube&clen=3000644&mn=sn-xjpm-q0ns&mm=31&keepalive=yes&id=o-AOwm6dehhOmgUUSWwAxU49S5gTYVoO3ZeYf_Twdkr4hA&mv=u&sparams=clen%2Cdur%2Cei%2Cgir%2Cid%2Cip%2Cipbits%2Citag%2Ckeepalive%2Clmt%2Cmime%2Cmm%2Cmn%2Cms%2Cmv%2Cpl%2Crequiressl%2Csource%2Cexpire&mt=1502243568&ms=au&ip=131.159.40.117&signature=4778BDC485625553A0D0486BC62222C0E3E61A35.7104BA4B6C0AEEC8F4E15465AE01DEE004927988&key=yt6&gir=yes&mime=video%2Fwebm&requiressl=yes&ratebypass=yes", "player_url": null, "ext": "webm", "height": 240, "format_note": "240p", "vcodec": "vp9", "filesize": 3000644, "tbr": 287.845, "width": 426, "fps": 25, "acodec": "none", "format": "242 - 426x240 (240p)", "protocol": "https", "http_headers": {"User-Agent": "Mozilla/5.0 (X11; Linux x86_64; rv:10.0) Gecko/20150101 Firefox/47.0 (Chrome)", "Accept-Charset": "ISO-8859-1,utf-8;q=0.7,*;q=0.7", "Accept": "text/html,application/xhtml+xml,application/xml;q=0.9,*/*;q=0.8", "Accept-Encoding": "gzip, deflate", "Accept-Language": "en-us,en;q=0.5"}}, {"format_id": "243", "url": "https://r3---sn-xjpm-q0ns.googlevideo.com/videoplayback?expire=1502265672&dur=238.880&ipbits=0&lmt=1421505388463492&itag=243&ei=6GyKWaPHJ4SacseIvfgJ&pl=16&source=youtube&clen=5448025&mn=sn-xjpm-q0ns&mm=31&keepalive=yes&id=o-AOwm6dehhOmgUUSWwAxU49S5gTYVoO3ZeYf_Twdkr4hA&mv=u&sparams=clen%2Cdur%2Cei%2Cgir%2Cid%2Cip%2Cipbits%2Citag%2Ckeepalive%2Clmt%2Cmime%2Cmm%2Cmn%2Cms%2Cmv%2Cpl%2Crequiressl%2Csource%2Cexpire&mt=1502243568&ms=au&ip=131.159.40.117&signature=E3843A0DFAFF3C475405938C395ACCBFCC7503AA.864B49316433B546199D87F124AD8D795C7E30EF&key=yt6&gir=yes&mime=video%2Fwebm&requiressl=yes&ratebypass=yes", "player_url": null, "ext": "webm", "height": 360, "format_note": "360p", "vcodec": "vp9", "filesize": 5448025, "tbr": 523.656, "width": 640, "fps": 25, "acodec": "none", "format": "243 - 640x360 (360p)", "protocol": "https", "http_headers": {"User-Agent": "Mozilla/5.0 (X11; Linux x86_64; rv:10.0) Gecko/20150101 Firefox/47.0 (Chrome)", "Accept-Charset": "ISO-8859-1,utf-8;q=0.7,*;q=0.7", "Accept": "text/html,application/xhtml+xml,application/xml;q=0.9,*/*;q=0.8", "Accept-Encoding": "gzip, deflate", "Accept-Language": "en-us,en;q=0.5"}}, {"ext": "mp4", "height": 360, "format_note": "DASH video", "vcodec": "avc1.4d401e", "format_id": "134", "url": "https://r3---sn-xjpm-q0ns.googlevideo.com/videoplayback?id=8a6516a6a4ff2982&itag=134&source=youtube&requiressl=yes&ei=6WyKWbjICsXMcKbIjJgM&mm=31&mn=sn-xjpm-q0ns&ms=au&mv=u&pl=16&ratebypass=yes&mime=video/mp4&gir=yes&clen=7772474&lmt=1418712348613784&dur=238.880&key=dg_yt0&signature=22BD49E3F9E6BDBFB5687AD571E165BB64A221F9.7CA959A8C95CA6C7A4A4C78F1628D276794A6C5F&mt=1502243568&ip=131.159.40.117&ipbits=0&expire=1502265673&sparams=ip,ipbits,expire,id,itag,source,requiressl,ei,mm,mn,ms,mv,pl,ratebypass,mime,gir,clen,lmt,dur", "manifest_url": "https://manifest.googlevideo.com/api/manifest/dash/ei/6WyKWbjICsXMcKbIjJgM/hfr/1/expire/1502265673/playback_host/r3---sn-xjpm-q0ns.googlevideo.com/key/yt6/signature/64AB9EF6028D2A630D2C0B18FF9B0F7D7B8C0317.2F1CEC4BB6AE6F9B6C68C1A5FFE6FF51701BAF03/itag/0/mm/31/ip/131.159.40.117/mn/sn-xjpm-q0ns/ipbits/0/ms/au/sparams/as%2Cei%2Chfr%2Cid%2Cip%2Cipbits%2Citag%2Cmm%2Cmn%2Cms%2Cmv%2Cpl%2Cplayback_host%2Crequiressl%2Csource%2Cexpire/source/youtube/as/fmp4_audio_clear%2Cfmp4_sd_hd_clear/mv/u/id/8a6516a6a4ff2982/pl/16/requiressl/yes/mt/1502243568", "width": 640, "tbr": 558.125, "asr": null, "fps": 25, "language": null, "filesize": 7772474, "acodec": "none", "format": "134 - 640x360 (DASH video)", "protocol": "https", "http_headers": {"User-Agent": "Mozilla/5.0 (X11; Linux x86_64; rv:10.0) Gecko/20150101 Firefox/47.0 (Chrome)", "Accept-Charset": "ISO-8859-1,utf-8;q=0.7,*;q=0.7", "Accept": "text/html,application/xhtml+xml,application/xml;q=0.9,*/*;q=0.8", "Accept-Encoding": "gzip, deflate", "Accept-Language": "en-us,en;q=0.5"}}, {"format_id": "244", "url": "https://r3---sn-xjpm-q0ns.googlevideo.com/videoplayback?expire=1502265672&dur=238.880&ipbits=0&lmt=1421505413508957&itag=244&ei=6GyKWaPHJ4SacseIvfgJ&pl=16&source=youtube&clen=8961197&mn=sn-xjpm-q0ns&mm=31&keepalive=yes&id=o-AOwm6dehhOmgUUSWwAxU49S5gTYVoO3ZeYf_Twdkr4hA&mv=u&sparams=clen%2Cdur%2Cei%2Cgir%2Cid%2Cip%2Cipbits%2Citag%2Ckeepalive%2Clmt%2Cmime%2Cmm%2Cmn%2Cms%2Cmv%2Cpl%2Crequiressl%2Csource%2Cexpire&mt=1502243568&ms=au&ip=131.159.40.117&signature=C8E31C539380D21A0A6195888177F15FB2BC0BAB.2B9621AF08EA0BC3724AF4F18C4B61E606827EF0&key=yt6&gir=yes&mime=video%2Fwebm&requiressl=yes&ratebypass=yes", "player_url": null, "ext": "webm", "height": 480, "format_note": "480p", "vcodec": "vp9", "filesize": 8961197, "tbr": 866.688, "width": 854, "fps": 25, "acodec": "none", "format": "244 - 854x480 (480p)", "protocol": "https", "http_headers": {"User-Agent": "Mozilla/5.0 (X11; Linux x86_64; rv:10.0) Gecko/20150101 Firefox/47.0 (Chrome)", "Accept-Charset": "ISO-8859-1,utf-8;q=0.7,*;q=0.7", "Accept": "text/html,application/xhtml+xml,application/xml;q=0.9,*/*;q=0.8", "Accept-Encoding": "gzip, deflate", "Accept-Language": "en-us,en;q=0.5"}}, {"ext": "mp4", "height": 480, "format_note": "DASH video", "vcodec": "avc1.4d401e", "format_id": "135", "url": "https://r3---sn-xjpm-q0ns.googlevideo.com/videoplayback?id=8a6516a6a4ff2982&itag=135&source=youtube&requiressl=yes&ei=6WyKWbjICsXMcKbIjJgM&mm=31&mn=sn-xjpm-q0ns&ms=au&mv=u&pl=16&ratebypass=yes&mime=video/mp4&gir=yes&clen=16565480&lmt=1418712355535155&dur=238.880&key=dg_yt0&signature=5723EA0C41C4BB5080730DD679C4CAE810FCEFB8.128BB0E6F2B8FDF2E1047ABC33826CFF2A26D649&mt=1502243568&ip=131.159.40.117&ipbits=0&expire=1502265673&sparams=ip,ipbits,expire,id,itag,source,requiressl,ei,mm,mn,ms,mv,pl,ratebypass,mime,gir,clen,lmt,dur", "manifest_url": "https://manifest.googlevideo.com/api/manifest/dash/ei/6WyKWbjICsXMcKbIjJgM/hfr/1/expire/1502265673/playback_host/r3---sn-xjpm-q0ns.googlevideo.com/key/yt6/signature/64AB9EF6028D2A630D2C0B18FF9B0F7D7B8C0317.2F1CEC4BB6AE6F9B6C68C1A5FFE6FF51701BAF03/itag/0/mm/31/ip/131.159.40.117/mn/sn-xjpm-q0ns/ipbits/0/ms/au/sparams/as%2Cei%2Chfr%2Cid%2Cip%2Cipbits%2Citag%2Cmm%2Cmn%2Cms%2Cmv%2Cpl%2Cplayback_host%2Crequiressl%2Csource%2Cexpire/source/youtube/as/fmp4_audio_clear%2Cfmp4_sd_hd_clear/mv/u/id/8a6516a6a4ff2982/pl/16/requiressl/yes/mt/1502243568", "width": 854, "tbr": 1062.688, "asr": null, "fps": 25, "language": null, "filesize": 16565480, "acodec": "none", "format": "135 - 854x480 (DASH video)", "protocol": "https", "http_headers": {"User-Agent": "Mozilla/5.0 (X11; Linux x86_64; rv:10.0) Gecko/20150101 Firefox/47.0 (Chrome)", "Accept-Charset": "ISO-8859-1,utf-8;q=0.7,*;q=0.7", "Accept": "text/html,application/xhtml+xml,application/xml;q=0.9,*/*;q=0.8", "Accept-Encoding": "gzip, deflate", "Accept-Language": "en-us,en;q=0.5"}}, {"format_id": "247", "url": "https://r3---sn-xjpm-q0ns.googlevideo.com/videoplayback?expire=1502265672&dur=238.880&ipbits=0&lmt=1421505455936360&itag=247&ei=6GyKWaPHJ4SacseIvfgJ&pl=16&source=youtube&clen=19515952&mn=sn-xjpm-q0ns&mm=31&keepalive=yes&id=o-AOwm6dehhOmgUUSWwAxU49S5gTYVoO3ZeYf_Twdkr4hA&mv=u&sparams=clen%2Cdur%2Cei%2Cgir%2Cid%2Cip%2Cipbits%2Citag%2Ckeepalive%2Clmt%2Cmime%2Cmm%2Cmn%2Cms%2Cmv%2Cpl%2Crequiressl%2Csource%2Cexpire&mt=1502243568&ms=au&ip=131.159.40.117&signature=DC0D69177180ED86C749235017AB31BB487911A7.17F4265EFE4CA3C1AC17D4E54868AB0364FB8C5D&key=yt6&gir=yes&mime=video%2Fwebm&requiressl=yes&ratebypass=yes", "player_url": null, "ext": "webm", "height": 720, "format_note": "720p", "vcodec": "vp9", "filesize": 19515952, "tbr": 1609.637, "width": 1280, "fps": 25, "acodec": "none", "format": "247 - 1280x720 (720p)", "protocol": "https", "http_headers": {"User-Agent": "Mozilla/5.0 (X11; Linux x86_64; rv:10.0) Gecko/20150101 Firefox/47.0 (Chrome)", "Accept-Charset": "ISO-8859-1,utf-8;q=0.7,*;q=0.7", "Accept": "text/html,application/xhtml+xml,application/xml;q=0.9,*/*;q=0.8", "Accept-Encoding": "gzip, deflate", "Accept-Language": "en-us,en;q=0.5"}}, {"ext": "mp4", "height": 720, "format_note": "DASH video", "vcodec": "avc1.4d401f", "format_id": "136", "url": "https://r3---sn-xjpm-q0ns.googlevideo.com/videoplayback?id=8a6516a6a4ff2982&itag=136&source=youtube&requiressl=yes&ei=6WyKWbjICsXMcKbIjJgM&mm=31&mn=sn-xjpm-q0ns&ms=au&mv=u&pl=16&ratebypass=yes&mime=video/mp4&gir=yes&clen=31718636&lmt=1418712443285615&dur=238.880&key=dg_yt0&signature=995A9EF375F7DC36D9238FD1C948C52E007B7FF3.2235C91D800CA2DF33CF2E00489BA6F841CF1185&mt=1502243568&ip=131.159.40.117&ipbits=0&expire=1502265673&sparams=ip,ipbits,expire,id,itag,source,requiressl,ei,mm,mn,ms,mv,pl,ratebypass,mime,gir,clen,lmt,dur", "manifest_url": "https://manifest.googlevideo.com/api/manifest/dash/ei/6WyKWbjICsXMcKbIjJgM/hfr/1/expire/1502265673/playback_host/r3---sn-xjpm-q0ns.googlevideo.com/key/yt6/signature/64AB9EF6028D2A630D2C0B18FF9B0F7D7B8C0317.2F1CEC4BB6AE6F9B6C68C1A5FFE6FF51701BAF03/itag/0/mm/31/ip/131.159.40.117/mn/sn-xjpm-q0ns/ipbits/0/ms/au/sparams/as%2Cei%2Chfr%2Cid%2Cip%2Cipbits%2Citag%2Cmm%2Cmn%2Cms%2Cmv%2Cpl%2Cplayback_host%2Crequiressl%2Csource%2Cexpire/source/youtube/as/fmp4_audio_clear%2Cfmp4_sd_hd_clear/mv/u/id/8a6516a6a4ff2982/pl/16/requiressl/yes/mt/1502243568", "width": 1280, "tbr": 2196.376, "asr": null, "fps": 25, "language": null, "filesize": 31718636, "acodec": "none", "format": "136 - 1280x720 (DASH video)", "protocol": "https", "http_headers": {"User-Agent": "Mozilla/5.0 (X11; Linux x86_64; rv:10.0) Gecko/20150101 Firefox/47.0 (Chrome)", "Accept-Charset": "ISO-8859-1,utf-8;q=0.7,*;q=0.7", "Accept": "text/html,application/xhtml+xml,application/xml;q=0.9,*/*;q=0.8", "Accept-Encoding": "gzip, deflate", "Accept-Language": "en-us,en;q=0.5"}}, {"format_id": "17", "url": "https://r3---sn-xjpm-q0ns.googlevideo.com/videoplayback?expire=1502265672&clen=2456156&mn=sn-xjpm-q0ns&dur=239.165&ipbits=0&mm=31&id=o-AOwm6dehhOmgUUSWwAxU49S5gTYVoO3ZeYf_Twdkr4hA&mv=u&sparams=clen%2Cdur%2Cei%2Cgir%2Cid%2Cip%2Cipbits%2Citag%2Clmt%2Cmime%2Cmm%2Cmn%2Cms%2Cmv%2Cpl%2Crequiressl%2Csource%2Cexpire&mt=1502243568&ms=au&signature=6283020067B9448D5166B2F93F500FC7D7FAFA5A.97677CFFFAF504F4110BE658D7F5A7D06FEF2838&ip=131.159.40.117&lmt=1418584012955590&itag=17&ei=6GyKWaPHJ4SacseIvfgJ&pl=16&source=youtube&key=yt6&gir=yes&mime=video%2F3gpp&requiressl=yes&ratebypass=yes", "player_url": null, "ext": "3gp", "width": 176, "height": 144, "acodec": "mp4a.40.2", "abr": 24, "vcodec": "mp4v.20.3", "resolution": "176x144", "format_note": "small", "format": "17 - 176x144 (small)", "protocol": "https", "http_headers": {"User-Agent": "Mozilla/5.0 (X11; Linux x86_64; rv:10.0) Gecko/20150101 Firefox/47.0 (Chrome)", "Accept-Charset": "ISO-8859-1,utf-8;q=0.7,*;q=0.7", "Accept": "text/html,application/xhtml+xml,application/xml;q=0.9,*/*;q=0.8", "Accept-Encoding": "gzip, deflate", "Accept-Language": "en-us,en;q=0.5"}}, {"format_id": "36", "url": "https://r3---sn-xjpm-q0ns.googlevideo.com/videoplayback?expire=1502265672&clen=6735146&mn=sn-xjpm-q0ns&dur=239.119&ipbits=0&mm=31&id=o-AOwm6dehhOmgUUSWwAxU49S5gTYVoO3ZeYf_Twdkr4hA&mv=u&sparams=clen%2Cdur%2Cei%2Cgir%2Cid%2Cip%2Cipbits%2Citag%2Clmt%2Cmime%2Cmm%2Cmn%2Cms%2Cmv%2Cpl%2Crequiressl%2Csource%2Cexpire&mt=1502243568&ms=au&signature=3385AB8263B6EB5CE7FE9FB09FFB91F22B027703.35E2BE8D3A842FE835804F3364CDD8B790799412&ip=131.159.40.117&lmt=1418584048286700&itag=36&ei=6GyKWaPHJ4SacseIvfgJ&pl=16&source=youtube&key=yt6&gir=yes&mime=video%2F3gpp&requiressl=yes&ratebypass=yes", "player_url": null, "ext": "3gp", "width": 320, "acodec": "mp4a.40.2", "vcodec": "mp4v.20.3", "resolution": "320x180", "height": 180, "format_note": "small", "format": "36 - 320x180 (small)", "protocol": "https", "http_headers": {"User-Agent": "Mozilla/5.0 (X11; Linux x86_64; rv:10.0) Gecko/20150101 Firefox/47.0 (Chrome)", "Accept-Charset": "ISO-8859-1,utf-8;q=0.7,*;q=0.7", "Accept": "text/html,application/xhtml+xml,application/xml;q=0.9,*/*;q=0.8", "Accept-Encoding": "gzip, deflate", "Accept-Language": "en-us,en;q=0.5"}}, {"format_id": "43", "url": "https://r3---sn-xjpm-q0ns.googlevideo.com/videoplayback?expire=1502265672&dur=0.000&ipbits=0&lmt=1418584133973881&itag=43&ei=6GyKWaPHJ4SacseIvfgJ&pl=16&source=youtube&clen=14322317&mn=sn-xjpm-q0ns&mm=31&id=o-AOwm6dehhOmgUUSWwAxU49S5gTYVoO3ZeYf_Twdkr4hA&mv=u&sparams=clen%2Cdur%2Cei%2Cgir%2Cid%2Cip%2Cipbits%2Citag%2Clmt%2Cmime%2Cmm%2Cmn%2Cms%2Cmv%2Cpl%2Cratebypass%2Crequiressl%2Csource%2Cexpire&mt=1502243568&ms=au&ip=131.159.40.117&ratebypass=yes&signature=9215E707B481CAA91970C265CD519F25FF12171B.369E035E69339C1A02F7BB848059893AE08A9BE2&key=yt6&gir=yes&mime=video%2Fwebm&requiressl=yes", "player_url": null, "ext": "webm", "width": 640, "height": 360, "acodec": "vorbis", "abr": 128, "vcodec": "vp8.0", "resolution": "640x360", "format_note": "medium", "format": "43 - 640x360 (medium)", "protocol": "https", "http_headers": {"User-Agent": "Mozilla/5.0 (X11; Linux x86_64; rv:10.0) Gecko/20150101 Firefox/47.0 (Chrome)", "Accept-Charset": "ISO-8859-1,utf-8;q=0.7,*;q=0.7", "Accept": "text/html,application/xhtml+xml,application/xml;q=0.9,*/*;q=0.8", "Accept-Encoding": "gzip, deflate", "Accept-Language": "en-us,en;q=0.5"}}, {"format_id": "18", "url": "https://r3---sn-xjpm-q0ns.googlevideo.com/videoplayback?expire=1502265672&dur=238.979&ipbits=0&lmt=1418712300759028&itag=18&ei=6GyKWaPHJ4SacseIvfgJ&pl=16&source=youtube&clen=11737581&mn=sn-xjpm-q0ns&mm=31&id=o-AOwm6dehhOmgUUSWwAxU49S5gTYVoO3ZeYf_Twdkr4hA&mv=u&sparams=clen%2Cdur%2Cei%2Cgir%2Cid%2Cip%2Cipbits%2Citag%2Clmt%2Cmime%2Cmm%2Cmn%2Cms%2Cmv%2Cpl%2Cratebypass%2Crequiressl%2Csource%2Cexpire&mt=1502243568&ms=au&ip=131.159.40.117&ratebypass=yes&signature=C5A6882A3F3CF06845AF1E8013D731A60EBF97F4.5755C8B6EF86BF4BC8B1280B22B2B9B18A523A15&key=yt6&gir=yes&mime=video%2Fmp4&requiressl=yes", "player_url": null, "ext": "mp4", "width": 640, "height": 360, "acodec": "mp4a.40.2", "abr": 96, "vcodec": "avc1.42001E", "resolution": "640x360", "format_note": "medium", "format": "18 - 640x360 (medium)", "protocol": "https", "http_headers": {"User-Agent": "Mozilla/5.0 (X11; Linux x86_64; rv:10.0) Gecko/20150101 Firefox/47.0 (Chrome)", "Accept-Charset": "ISO-8859-1,utf-8;q=0.7,*;q=0.7", "Accept": "text/html,application/xhtml+xml,application/xml;q=0.9,*/*;q=0.8", "Accept-Encoding": "gzip, deflate", "Accept-Language": "en-us,en;q=0.5"}}, {"format_id": "22", "url": "https://r3---sn-xjpm-q0ns.googlevideo.com/videoplayback?expire=1502265672&ratebypass=yes&itag=22&mt=1502243568&ei=6GyKWaPHJ4SacseIvfgJ&mn=sn-xjpm-q0ns&dur=238.979&ipbits=0&mm=31&pl=16&id=o-AOwm6dehhOmgUUSWwAxU49S5gTYVoO3ZeYf_Twdkr4hA&mv=u&sparams=dur%2Cei%2Cid%2Cip%2Cipbits%2Citag%2Clmt%2Cmime%2Cmm%2Cmn%2Cms%2Cmv%2Cpl%2Cratebypass%2Crequiressl%2Csource%2Cexpire&source=youtube&ms=au&mime=video%2Fmp4&requiressl=yes&signature=AEF496BDF70434402C184C69A9112067CB3BFF37.0572F7A15602897F09C2B859DEF9D35C300965EE&ip=131.159.40.117&key=yt6&lmt=1472313859051052", "player_url": null, "ext": "mp4", "width": 1280, "height": 720, "acodec": "mp4a.40.2", "abr": 192, "vcodec": "avc1.64001F", "resolution": "1280x720", "format_note": "hd720", "format": "22 - 1280x720 (hd720)", "protocol": "https", "http_headers": {"User-Agent": "Mozilla/5.0 (X11; Linux x86_64; rv:10.0) Gecko/20150101 Firefox/47.0 (Chrome)", "Accept-Charset": "ISO-8859-1,utf-8;q=0.7,*;q=0.7", "Accept": "text/html,application/xhtml+xml,application/xml;q=0.9,*/*;q=0.8", "Accept-Encoding": "gzip, deflate", "Accept-Language": "en-us,en;q=0.5"}}], "is_live": null, "start_time": null, "end_time": null, "series": null, "season_number": null, "episode_number": null, "extractor": "youtube", "webpage_url_basename": "imUWpqT_KYI", "extractor_key": "Youtube", "playlist": null, "playlist_index": null, "thumbnails": [{"url": "https://i.ytimg.com/vi/imUWpqT_KYI/hqdefault.jpg", "id": "0"}], "display_id": "imUWpqT_KYI", "ext": "mp4", "height": 720, "format_note": "DASH video", "vcodec": "avc1.4d401f", "format_id": "136", "url": "https://r3---sn-xjpm-q0ns.googlevideo.com/videoplayback?id=8a6516a6a4ff2982&itag=136&source=youtube&requiressl=yes&ei=6WyKWbjICsXMcKbIjJgM&mm=31&mn=sn-xjpm-q0ns&ms=au&mv=u&pl=16&ratebypass=yes&mime=video/mp4&gir=yes&clen=31718636&lmt=1418712443285615&dur=238.880&key=dg_yt0&signature=995A9EF375F7DC36D9238FD1C948C52E007B7FF3.2235C91D800CA2DF33CF2E00489BA6F841CF1185&mt=1502243568&ip=131.159.40.117&ipbits=0&expire=1502265673&sparams=ip,ipbits,expire,id,itag,source,requiressl,ei,mm,mn,ms,mv,pl,ratebypass,mime,gir,clen,lmt,dur", "manifest_url": "https://manifest.googlevideo.com/api/manifest/dash/ei/6WyKWbjICsXMcKbIjJgM/hfr/1/expire/1502265673/playback_host/r3---sn-xjpm-q0ns.googlevideo.com/key/yt6/signature/64AB9EF6028D2A630D2C0B18FF9B0F7D7B8C0317.2F1CEC4BB6AE6F9B6C68C1A5FFE6FF51701BAF03/itag/0/mm/31/ip/131.159.40.117/mn/sn-xjpm-q0ns/ipbits/0/ms/au/sparams/as%2Cei%2Chfr%2Cid%2Cip%2Cipbits%2Citag%2Cmm%2Cmn%2Cms%2Cmv%2Cpl%2Cplayback_host%2Crequiressl%2Csource%2Cexpire/source/youtube/as/fmp4_audio_clear%2Cfmp4_sd_hd_clear/mv/u/id/8a6516a6a4ff2982/pl/16/requiressl/yes/mt/1502243568", "width": 1280, "tbr": 2196.376, "asr": null, "fps": 25, "language": null, "filesize": 31718636, "acodec": "none", "format": "136 - 1280x720 (DASH video)", "protocol": "https", "http_headers": {"User-Agent": "Mozilla/5.0 (X11; Linux x86_64; rv:10.0) Gecko/20150101 Firefox/47.0 (Chrome)", "Accept-Charset": "ISO-8859-1,utf-8;q=0.7,*;q=0.7", "Accept": "text/html,application/xhtml+xml,application/xml;q=0.9,*/*;q=0.8", "Accept-Encoding": "gzip, deflate", "Accept-Language": "en-us,en;q=0.5"}, "fulltitle": "4 errores de novato en el cuidado de la rosa\u0301cea", "_filename": "imUWpqT_KYI.mp4"}