{"id": "u1L10BSRzVs", "uploader": "TV Cultura Digital", "uploader_id": null, "uploader_url": null, "upload_date": null, "license": null, "creator": null, "title": "Astr\u00f4nomos confirmam a possiblidade de existencia de vida extraterrestre", "alt_title": null, "thumbnail": "https://i.ytimg.com/vi/u1L10BSRzVs/default.jpg", "description": "", "categories": null, "tags": [], "subtitles": {}, "automatic_captions": {}, "duration": 448, "age_limit": 0, "annotations": null, "chapters": null, "webpage_url": "https://www.youtube.com/watch?v=u1L10BSRzVs", "view_count": 2489, "like_count": null, "dislike_count": null, "average_rating": 5.0, "formats": [{"ext": "m4a", "format_note": "DASH audio", "acodec": "mp4a.40.5", "abr": 48, "container": "m4a_dash", "format_id": "139", "url": "https://r6---sn-4g5e6n7r.googlevideo.com/videoplayback?id=bb52f5d01491cd5b&itag=139&source=youtube&requiressl=yes&ei=L3SJWYXNN82ic6_wr9gM&ms=au&mv=m&pl=16&mm=31&mn=sn-4g5e6n7r&initcwndbps=4363750&ratebypass=yes&mime=audio/mp4&gir=yes&clen=2703813&lmt=1400874703697221&dur=448.051&signature=29B2B6BA215506FFDBA151EC4C2D118846CDFF3E.525511D030A305D3A48E751A75382152801A6CA2&mt=1502180317&key=dg_yt0&ip=131.159.40.117&ipbits=0&expire=1502201999&sparams=ip,ipbits,expire,id,itag,source,requiressl,ei,ms,mv,pl,mm,mn,initcwndbps,ratebypass,mime,gir,clen,lmt,dur", "manifest_url": "https://manifest.googlevideo.com/api/manifest/dash/requiressl/yes/signature/CE56FFD6DAD558FDA0FB4D039CA58CE7B273FA0C.04CFB08ACB03625EC3B74AF9BAACCA036E270BB5/itag/0/as/fmp4_audio_clear%2Cfmp4_sd_hd_clear/id/bb52f5d01491cd5b/ei/L3SJWYXNN82ic6_wr9gM/ms/au/mt/1502180317/expire/1502201999/mv/m/pl/16/playback_host/r6---sn-4g5e6n7r.googlevideo.com/hfr/1/mm/31/mn/sn-4g5e6n7r/ipbits/0/source/youtube/sparams/as%2Cei%2Chfr%2Cid%2Cinitcwndbps%2Cip%2Cipbits%2Citag%2Cmm%2Cmn%2Cms%2Cmv%2Cpl%2Cplayback_host%2Crequiressl%2Csource%2Cexpire/ip/131.159.40.117/key/yt6/initcwndbps/4363750", "width": null, "height": null, "tbr": 49.32, "asr": 22050, "fps": null, "language": null, "filesize": 2703813, "vcodec": "none", "format": "139 - audio only (DASH audio)", "protocol": "https", "http_headers": {"User-Agent": "Mozilla/5.0 (X11; Linux x86_64; rv:10.0) Gecko/20150101 Firefox/47.0 (Chrome)", "Accept-Charset": "ISO-8859-1,utf-8;q=0.7,*;q=0.7", "Accept": "text/html,application/xhtml+xml,application/xml;q=0.9,*/*;q=0.8", "Accept-Encoding": "gzip, deflate", "Accept-Language": "en-us,en;q=0.5"}}, {"ext": "m4a", "format_note": "DASH audio", "acodec": "mp4a.40.2", "abr": 128, "container": "m4a_dash", "format_id": "140", "url": "https://r6---sn-4g5e6n7r.googlevideo.com/videoplayback?id=bb52f5d01491cd5b&itag=140&source=youtube&requiressl=yes&ei=L3SJWYXNN82ic6_wr9gM&ms=au&mv=m&pl=16&mm=31&mn=sn-4g5e6n7r&initcwndbps=4363750&ratebypass=yes&mime=audio/mp4&gir=yes&clen=7192870&lmt=1400874700305283&dur=448.005&signature=8C91B4F4E49821D5FAE04270F2061124B42256B5.910D039D5108204E5964BC272A9DDD8EA373F225&mt=1502180317&key=dg_yt0&ip=131.159.40.117&ipbits=0&expire=1502201999&sparams=ip,ipbits,expire,id,itag,source,requiressl,ei,ms,mv,pl,mm,mn,initcwndbps,ratebypass,mime,gir,clen,lmt,dur", "manifest_url": "https://manifest.googlevideo.com/api/manifest/dash/requiressl/yes/signature/CE56FFD6DAD558FDA0FB4D039CA58CE7B273FA0C.04CFB08ACB03625EC3B74AF9BAACCA036E270BB5/itag/0/as/fmp4_audio_clear%2Cfmp4_sd_hd_clear/id/bb52f5d01491cd5b/ei/L3SJWYXNN82ic6_wr9gM/ms/au/mt/1502180317/expire/1502201999/mv/m/pl/16/playback_host/r6---sn-4g5e6n7r.googlevideo.com/hfr/1/mm/31/mn/sn-4g5e6n7r/ipbits/0/source/youtube/sparams/as%2Cei%2Chfr%2Cid%2Cinitcwndbps%2Cip%2Cipbits%2Citag%2Cmm%2Cmn%2Cms%2Cmv%2Cpl%2Cplayback_host%2Crequiressl%2Csource%2Cexpire/ip/131.159.40.117/key/yt6/initcwndbps/4363750", "width": null, "height": null, "tbr": 129.378, "asr": 44100, "fps": null, "language": null, "filesize": 7192870, "vcodec": "none", "format": "140 - audio only (DASH audio)", "protocol": "https", "http_headers": {"User-Agent": "Mozilla/5.0 (X11; Linux x86_64; rv:10.0) Gecko/20150101 Firefox/47.0 (Chrome)", "Accept-Charset": "ISO-8859-1,utf-8;q=0.7,*;q=0.7", "Accept": "text/html,application/xhtml+xml,application/xml;q=0.9,*/*;q=0.8", "Accept-Encoding": "gzip, deflate", "Accept-Language": "en-us,en;q=0.5"}}, {"ext": "mp4", "height": 144, "format_note": "DASH video", "vcodec": "avc1.42c00c", "format_id": "160", "url": "https://r6---sn-4g5e6n7r.googlevideo.com/videoplayback?id=bb52f5d01491cd5b&itag=160&source=youtube&requiressl=yes&ei=L3SJWYXNN82ic6_wr9gM&ms=au&mv=m&pl=16&mm=31&mn=sn-4g5e6n7r&initcwndbps=4363750&ratebypass=yes&mime=video/mp4&gir=yes&clen=6003054&lmt=1400874701400347&dur=447.947&signature=0974072BCA10B2F4E1908E159CEA489DF86D5914.0D8AE3A1DB3DFE61EAB7C50F12C2F704C728BD96&mt=1502180317&key=dg_yt0&ip=131.159.40.117&ipbits=0&expire=1502201999&sparams=ip,ipbits,expire,id,itag,source,requiressl,ei,ms,mv,pl,mm,mn,initcwndbps,ratebypass,mime,gir,clen,lmt,dur", "manifest_url": "https://manifest.googlevideo.com/api/manifest/dash/requiressl/yes/signature/CE56FFD6DAD558FDA0FB4D039CA58CE7B273FA0C.04CFB08ACB03625EC3B74AF9BAACCA036E270BB5/itag/0/as/fmp4_audio_clear%2Cfmp4_sd_hd_clear/id/bb52f5d01491cd5b/ei/L3SJWYXNN82ic6_wr9gM/ms/au/mt/1502180317/expire/1502201999/mv/m/pl/16/playback_host/r6---sn-4g5e6n7r.googlevideo.com/hfr/1/mm/31/mn/sn-4g5e6n7r/ipbits/0/source/youtube/sparams/as%2Cei%2Chfr%2Cid%2Cinitcwndbps%2Cip%2Cipbits%2Citag%2Cmm%2Cmn%2Cms%2Cmv%2Cpl%2Cplayback_host%2Crequiressl%2Csource%2Cexpire/ip/131.159.40.117/key/yt6/initcwndbps/4363750", "width": 256, "tbr": 111.416, "asr": null, "fps": 15, "language": null, "filesize": 6003054, "acodec": "none", "format": "160 - 256x144 (DASH video)", "protocol": "https", "http_headers": {"User-Agent": "Mozilla/5.0 (X11; Linux x86_64; rv:10.0) Gecko/20150101 Firefox/47.0 (Chrome)", "Accept-Charset": "ISO-8859-1,utf-8;q=0.7,*;q=0.7", "Accept": "text/html,application/xhtml+xml,application/xml;q=0.9,*/*;q=0.8", "Accept-Encoding": "gzip, deflate", "Accept-Language": "en-us,en;q=0.5"}}, {"ext": "mp4", "height": 240, "format_note": "DASH video", "vcodec": "avc1.4d4015", "format_id": "133", "url": "https://r6---sn-4g5e6n7r.googlevideo.com/videoplayback?id=bb52f5d01491cd5b&itag=133&source=youtube&requiressl=yes&ei=L3SJWYXNN82ic6_wr9gM&ms=au&mv=m&pl=16&mm=31&mn=sn-4g5e6n7r&initcwndbps=4363750&ratebypass=yes&mime=video/mp4&gir=yes&clen=13689534&lmt=1400874703691553&dur=447.947&signature=9694BA38B189A092C89E032285BC2BF7F52A6C91.3A1529E20438B50AE7CBAFCBB58BE2F23504C979&mt=1502180317&key=dg_yt0&ip=131.159.40.117&ipbits=0&expire=1502201999&sparams=ip,ipbits,expire,id,itag,source,requiressl,ei,ms,mv,pl,mm,mn,initcwndbps,ratebypass,mime,gir,clen,lmt,dur", "manifest_url": "https://manifest.googlevideo.com/api/manifest/dash/requiressl/yes/signature/CE56FFD6DAD558FDA0FB4D039CA58CE7B273FA0C.04CFB08ACB03625EC3B74AF9BAACCA036E270BB5/itag/0/as/fmp4_audio_clear%2Cfmp4_sd_hd_clear/id/bb52f5d01491cd5b/ei/L3SJWYXNN82ic6_wr9gM/ms/au/mt/1502180317/expire/1502201999/mv/m/pl/16/playback_host/r6---sn-4g5e6n7r.googlevideo.com/hfr/1/mm/31/mn/sn-4g5e6n7r/ipbits/0/source/youtube/sparams/as%2Cei%2Chfr%2Cid%2Cinitcwndbps%2Cip%2Cipbits%2Citag%2Cmm%2Cmn%2Cms%2Cmv%2Cpl%2Cplayback_host%2Crequiressl%2Csource%2Cexpire/ip/131.159.40.117/key/yt6/initcwndbps/4363750", "width": 426, "tbr": 251.612, "asr": null, "fps": 30, "language": null, "filesize": 13689534, "acodec": "none", "format": "133 - 426x240 (DASH video)", "protocol": "https", "http_headers": {"User-Agent": "Mozilla/5.0 (X11; Linux x86_64; rv:10.0) Gecko/20150101 Firefox/47.0 (Chrome)", "Accept-Charset": "ISO-8859-1,utf-8;q=0.7,*;q=0.7", "Accept": "text/html,application/xhtml+xml,application/xml;q=0.9,*/*;q=0.8", "Accept-Encoding": "gzip, deflate", "Accept-Language": "en-us,en;q=0.5"}}, {"ext": "mp4", "height": 360, "format_note": "DASH video", "vcodec": "avc1.4d401e", "format_id": "134", "url": "https://r6---sn-4g5e6n7r.googlevideo.com/videoplayback?id=bb52f5d01491cd5b&itag=134&source=youtube&requiressl=yes&ei=L3SJWYXNN82ic6_wr9gM&ms=au&mv=m&pl=16&mm=31&mn=sn-4g5e6n7r&initcwndbps=4363750&ratebypass=yes&mime=video/mp4&gir=yes&clen=22035484&lmt=1400874707186218&dur=447.947&signature=7B261C8C4F49BA02A1D20A6A55BCCECB444C2BA8.1A5D48E1D7400A80A6E2F3D4F37F2844F513C9E4&mt=1502180317&key=dg_yt0&ip=131.159.40.117&ipbits=0&expire=1502201999&sparams=ip,ipbits,expire,id,itag,source,requiressl,ei,ms,mv,pl,mm,mn,initcwndbps,ratebypass,mime,gir,clen,lmt,dur", "manifest_url": "https://manifest.googlevideo.com/api/manifest/dash/requiressl/yes/signature/CE56FFD6DAD558FDA0FB4D039CA58CE7B273FA0C.04CFB08ACB03625EC3B74AF9BAACCA036E270BB5/itag/0/as/fmp4_audio_clear%2Cfmp4_sd_hd_clear/id/bb52f5d01491cd5b/ei/L3SJWYXNN82ic6_wr9gM/ms/au/mt/1502180317/expire/1502201999/mv/m/pl/16/playback_host/r6---sn-4g5e6n7r.googlevideo.com/hfr/1/mm/31/mn/sn-4g5e6n7r/ipbits/0/source/youtube/sparams/as%2Cei%2Chfr%2Cid%2Cinitcwndbps%2Cip%2Cipbits%2Citag%2Cmm%2Cmn%2Cms%2Cmv%2Cpl%2Cplayback_host%2Crequiressl%2Csource%2Cexpire/ip/131.159.40.117/key/yt6/initcwndbps/4363750", "width": 640, "tbr": 609.099, "asr": null, "fps": 30, "language": null, "filesize": 22035484, "acodec": "none", "format": "134 - 640x360 (DASH video)", "protocol": "https", "http_headers": {"User-Agent": "Mozilla/5.0 (X11; Linux x86_64; rv:10.0) Gecko/20150101 Firefox/47.0 (Chrome)", "Accept-Charset": "ISO-8859-1,utf-8;q=0.7,*;q=0.7", "Accept": "text/html,application/xhtml+xml,application/xml;q=0.9,*/*;q=0.8", "Accept-Encoding": "gzip, deflate", "Accept-Language": "en-us,en;q=0.5"}}, {"ext": "mp4", "height": 480, "format_note": "DASH video", "vcodec": "avc1.4d401f", "format_id": "135", "url": "https://r6---sn-4g5e6n7r.googlevideo.com/videoplayback?id=bb52f5d01491cd5b&itag=135&source=youtube&requiressl=yes&ei=L3SJWYXNN82ic6_wr9gM&ms=au&mv=m&pl=16&mm=31&mn=sn-4g5e6n7r&initcwndbps=4363750&ratebypass=yes&mime=video/mp4&gir=yes&clen=43551716&lmt=1400874706691727&dur=447.947&signature=160E643A2CDA7E4E2087ACCA52985A6B4D06A6EC.1E318C76C6D3AC92184928A3E9F68A2CB925E656&mt=1502180317&key=dg_yt0&ip=131.159.40.117&ipbits=0&expire=1502201999&sparams=ip,ipbits,expire,id,itag,source,requiressl,ei,ms,mv,pl,mm,mn,initcwndbps,ratebypass,mime,gir,clen,lmt,dur", "manifest_url": "https://manifest.googlevideo.com/api/manifest/dash/requiressl/yes/signature/CE56FFD6DAD558FDA0FB4D039CA58CE7B273FA0C.04CFB08ACB03625EC3B74AF9BAACCA036E270BB5/itag/0/as/fmp4_audio_clear%2Cfmp4_sd_hd_clear/id/bb52f5d01491cd5b/ei/L3SJWYXNN82ic6_wr9gM/ms/au/mt/1502180317/expire/1502201999/mv/m/pl/16/playback_host/r6---sn-4g5e6n7r.googlevideo.com/hfr/1/mm/31/mn/sn-4g5e6n7r/ipbits/0/source/youtube/sparams/as%2Cei%2Chfr%2Cid%2Cinitcwndbps%2Cip%2Cipbits%2Citag%2Cmm%2Cmn%2Cms%2Cmv%2Cpl%2Cplayback_host%2Crequiressl%2Csource%2Cexpire/ip/131.159.40.117/key/yt6/initcwndbps/4363750", "width": 854, "tbr": 1112.578, "asr": null, "fps": 30, "language": null, "filesize": 43551716, "acodec": "none", "format": "135 - 854x480 (DASH video)", "protocol": "https", "http_headers": {"User-Agent": "Mozilla/5.0 (X11; Linux x86_64; rv:10.0) Gecko/20150101 Firefox/47.0 (Chrome)", "Accept-Charset": "ISO-8859-1,utf-8;q=0.7,*;q=0.7", "Accept": "text/html,application/xhtml+xml,application/xml;q=0.9,*/*;q=0.8", "Accept-Encoding": "gzip, deflate", "Accept-Language": "en-us,en;q=0.5"}}, {"ext": "mp4", "height": 720, "format_note": "DASH video", "vcodec": "avc1.4d401f", "format_id": "136", "url": "https://r6---sn-4g5e6n7r.googlevideo.com/videoplayback?id=bb52f5d01491cd5b&itag=136&source=youtube&requiressl=yes&ei=L3SJWYXNN82ic6_wr9gM&ms=au&mv=m&pl=16&mm=31&mn=sn-4g5e6n7r&initcwndbps=4363750&ratebypass=yes&mime=video/mp4&gir=yes&clen=90646934&lmt=1400874713499703&dur=447.947&signature=2329BE9156E7C6FF0AD72964F102F510B29016D7.1C0B77DEE5FDD976035DEF7D9A4455E6E8854529&mt=1502180317&key=dg_yt0&ip=131.159.40.117&ipbits=0&expire=1502201999&sparams=ip,ipbits,expire,id,itag,source,requiressl,ei,ms,mv,pl,mm,mn,initcwndbps,ratebypass,mime,gir,clen,lmt,dur", "manifest_url": "https://manifest.googlevideo.com/api/manifest/dash/requiressl/yes/signature/CE56FFD6DAD558FDA0FB4D039CA58CE7B273FA0C.04CFB08ACB03625EC3B74AF9BAACCA036E270BB5/itag/0/as/fmp4_audio_clear%2Cfmp4_sd_hd_clear/id/bb52f5d01491cd5b/ei/L3SJWYXNN82ic6_wr9gM/ms/au/mt/1502180317/expire/1502201999/mv/m/pl/16/playback_host/r6---sn-4g5e6n7r.googlevideo.com/hfr/1/mm/31/mn/sn-4g5e6n7r/ipbits/0/source/youtube/sparams/as%2Cei%2Chfr%2Cid%2Cinitcwndbps%2Cip%2Cipbits%2Citag%2Cmm%2Cmn%2Cms%2Cmv%2Cpl%2Cplayback_host%2Crequiressl%2Csource%2Cexpire/ip/131.159.40.117/key/yt6/initcwndbps/4363750", "width": 1280, "tbr": 2222.35, "asr": null, "fps": 30, "language": null, "filesize": 90646934, "acodec": "none", "format": "136 - 1280x720 (DASH video)", "protocol": "https", "http_headers": {"User-Agent": "Mozilla/5.0 (X11; Linux x86_64; rv:10.0) Gecko/20150101 Firefox/47.0 (Chrome)", "Accept-Charset": "ISO-8859-1,utf-8;q=0.7,*;q=0.7", "Accept": "text/html,application/xhtml+xml,application/xml;q=0.9,*/*;q=0.8", "Accept-Encoding": "gzip, deflate", "Accept-Language": "en-us,en;q=0.5"}}, {"format_id": "17", "url": "https://r6---sn-4g5edned.googlevideo.com/videoplayback?source=youtube&dur=448.191&id=o-ANz0pWGnK_raIHf7lC7QkXLdlWUjzPqCykNJ6AeZLTm8&itag=17&lmt=1400874734602400&requiressl=yes&ip=131.159.40.117&expire=1502201999&initcwndbps=4363750&ipbits=0&sparams=clen%2Cdur%2Cei%2Cgir%2Cid%2Cinitcwndbps%2Cip%2Cipbits%2Citag%2Clmt%2Cmime%2Cmm%2Cmn%2Cms%2Cmv%2Cpl%2Crequiressl%2Csource%2Cexpire&gir=yes&mime=video%2F3gpp&signature=362A880D4BE1C6CCB01ACB15C2B45D47F83E898A.919C681E40FFFFE3DC7B373C3D7D5AB972720FC3&clen=4614472&mt=1502180317&mv=m&pl=16&ei=L3SJWZ6fEsj_cIOooLAE&ms=au&mm=31&mn=sn-4g5edned&key=yt6&ratebypass=yes", "player_url": null, "ext": "3gp", "width": 176, "height": 144, "acodec": "mp4a.40.2", "abr": 24, "vcodec": "mp4v.20.3", "resolution": "176x144", "format_note": "small", "format": "17 - 176x144 (small)", "protocol": "https", "http_headers": {"User-Agent": "Mozilla/5.0 (X11; Linux x86_64; rv:10.0) Gecko/20150101 Firefox/47.0 (Chrome)", "Accept-Charset": "ISO-8859-1,utf-8;q=0.7,*;q=0.7", "Accept": "text/html,application/xhtml+xml,application/xml;q=0.9,*/*;q=0.8", "Accept-Encoding": "gzip, deflate", "Accept-Language": "en-us,en;q=0.5"}}, {"format_id": "36", "url": "https://r6---sn-4g5edned.googlevideo.com/videoplayback?source=youtube&dur=448.145&id=o-ANz0pWGnK_raIHf7lC7QkXLdlWUjzPqCykNJ6AeZLTm8&itag=36&lmt=1400874748715910&requiressl=yes&ip=131.159.40.117&expire=1502201999&initcwndbps=4363750&ipbits=0&sparams=clen%2Cdur%2Cei%2Cgir%2Cid%2Cinitcwndbps%2Cip%2Cipbits%2Citag%2Clmt%2Cmime%2Cmm%2Cmn%2Cms%2Cmv%2Cpl%2Crequiressl%2Csource%2Cexpire&gir=yes&mime=video%2F3gpp&signature=1B84DD2EE7916F9AABCD22C92B6E67B705CF1306.DD8D2486A95FEA9C7976C33C2676856AC3587F5E&clen=12643991&mt=1502180317&mv=m&pl=16&ei=L3SJWZ6fEsj_cIOooLAE&ms=au&mm=31&mn=sn-4g5edned&key=yt6&ratebypass=yes", "player_url": null, "ext": "3gp", "width": 320, "acodec": "mp4a.40.2", "vcodec": "mp4v.20.3", "resolution": "320x180", "height": 180, "format_note": "small", "format": "36 - 320x180 (small)", "protocol": "https", "http_headers": {"User-Agent": "Mozilla/5.0 (X11; Linux x86_64; rv:10.0) Gecko/20150101 Firefox/47.0 (Chrome)", "Accept-Charset": "ISO-8859-1,utf-8;q=0.7,*;q=0.7", "Accept": "text/html,application/xhtml+xml,application/xml;q=0.9,*/*;q=0.8", "Accept-Encoding": "gzip, deflate", "Accept-Language": "en-us,en;q=0.5"}}, {"format_id": "43", "url": "https://r6---sn-4g5edned.googlevideo.com/videoplayback?source=youtube&dur=0.000&id=o-ANz0pWGnK_raIHf7lC7QkXLdlWUjzPqCykNJ6AeZLTm8&itag=43&lmt=1401087802746078&requiressl=yes&ip=131.159.40.117&expire=1502201999&initcwndbps=4363750&ipbits=0&ratebypass=yes&mime=video%2Fwebm&gir=yes&sparams=clen%2Cdur%2Cei%2Cgir%2Cid%2Cinitcwndbps%2Cip%2Cipbits%2Citag%2Clmt%2Cmime%2Cmm%2Cmn%2Cms%2Cmv%2Cpl%2Cratebypass%2Crequiressl%2Csource%2Cexpire&signature=C89146498814C932B36B767F59EFF51C3B8F33B2.D7446727B70E9B321EDF2ECA14343692404E1310&clen=41399145&mt=1502180317&mv=m&pl=16&ei=L3SJWZ6fEsj_cIOooLAE&ms=au&mm=31&mn=sn-4g5edned&key=yt6", "player_url": null, "ext": "webm", "width": 640, "height": 360, "acodec": "vorbis", "abr": 128, "vcodec": "vp8.0", "resolution": "640x360", "format_note": "medium", "format": "43 - 640x360 (medium)", "protocol": "https", "http_headers": {"User-Agent": "Mozilla/5.0 (X11; Linux x86_64; rv:10.0) Gecko/20150101 Firefox/47.0 (Chrome)", "Accept-Charset": "ISO-8859-1,utf-8;q=0.7,*;q=0.7", "Accept": "text/html,application/xhtml+xml,application/xml;q=0.9,*/*;q=0.8", "Accept-Encoding": "gzip, deflate", "Accept-Language": "en-us,en;q=0.5"}}, {"format_id": "18", "url": "https://r6---sn-4g5edned.googlevideo.com/videoplayback?source=youtube&dur=448.005&id=o-ANz0pWGnK_raIHf7lC7QkXLdlWUjzPqCykNJ6AeZLTm8&itag=18&lmt=1400874677969112&requiressl=yes&ip=131.159.40.117&expire=1502201999&initcwndbps=4363750&ipbits=0&ratebypass=yes&mime=video%2Fmp4&gir=yes&sparams=clen%2Cdur%2Cei%2Cgir%2Cid%2Cinitcwndbps%2Cip%2Cipbits%2Citag%2Clmt%2Cmime%2Cmm%2Cmn%2Cms%2Cmv%2Cpl%2Cratebypass%2Crequiressl%2Csource%2Cexpire&signature=3A4CEAE579DCB4E6F8F37375704F30B4C6DFB669.DDFB87C6435FFC85ADF7FB563537785B2F3DFCDC&clen=29794577&mt=1502180317&mv=m&pl=16&ei=L3SJWZ6fEsj_cIOooLAE&ms=au&mm=31&mn=sn-4g5edned&key=yt6", "player_url": null, "ext": "mp4", "width": 640, "height": 360, "acodec": "mp4a.40.2", "abr": 96, "vcodec": "avc1.42001E", "resolution": "640x360", "format_note": "medium", "format": "18 - 640x360 (medium)", "protocol": "https", "http_headers": {"User-Agent": "Mozilla/5.0 (X11; Linux x86_64; rv:10.0) Gecko/20150101 Firefox/47.0 (Chrome)", "Accept-Charset": "ISO-8859-1,utf-8;q=0.7,*;q=0.7", "Accept": "text/html,application/xhtml+xml,application/xml;q=0.9,*/*;q=0.8", "Accept-Encoding": "gzip, deflate", "Accept-Language": "en-us,en;q=0.5"}}, {"format_id": "22", "url": "https://r6---sn-4g5edned.googlevideo.com/videoplayback?source=youtube&pl=16&dur=448.005&id=o-ANz0pWGnK_raIHf7lC7QkXLdlWUjzPqCykNJ6AeZLTm8&ei=L3SJWZ6fEsj_cIOooLAE&itag=22&lmt=1471662617097021&requiressl=yes&key=yt6&ip=131.159.40.117&signature=E15666EF44AA2320C507F84A94B99C9992047DB3.42584166B6A0989A37780D350A089B07F128FB94&mime=video%2Fmp4&expire=1502201999&mt=1502180317&mv=m&initcwndbps=4363750&ipbits=0&ratebypass=yes&ms=au&mm=31&mn=sn-4g5edned&sparams=dur%2Cei%2Cid%2Cinitcwndbps%2Cip%2Cipbits%2Citag%2Clmt%2Cmime%2Cmm%2Cmn%2Cms%2Cmv%2Cpl%2Cratebypass%2Crequiressl%2Csource%2Cexpire", "player_url": null, "ext": "mp4", "width": 1280, "height": 720, "acodec": "mp4a.40.2", "abr": 192, "vcodec": "avc1.64001F", "resolution": "1280x720", "format_note": "hd720", "format": "22 - 1280x720 (hd720)", "protocol": "https", "http_headers": {"User-Agent": "Mozilla/5.0 (X11; Linux x86_64; rv:10.0) Gecko/20150101 Firefox/47.0 (Chrome)", "Accept-Charset": "ISO-8859-1,utf-8;q=0.7,*;q=0.7", "Accept": "text/html,application/xhtml+xml,application/xml;q=0.9,*/*;q=0.8", "Accept-Encoding": "gzip, deflate", "Accept-Language": "en-us,en;q=0.5"}}], "is_live": null, "start_time": null, "end_time": null, "series": null, "season_number": null, "episode_number": null, "extractor": "youtube", "webpage_url_basename": "u1L10BSRzVs", "extractor_key": "Youtube", "playlist": null, "playlist_index": null, "thumbnails": [{"url": "https://i.ytimg.com/vi/u1L10BSRzVs/default.jpg", "id": "0"}], "display_id": "u1L10BSRzVs", "ext": "mp4", "height": 720, "format_note": "DASH video", "vcodec": "avc1.4d401f", "format_id": "136", "url": "https://r6---sn-4g5e6n7r.googlevideo.com/videoplayback?id=bb52f5d01491cd5b&itag=136&source=youtube&requiressl=yes&ei=L3SJWYXNN82ic6_wr9gM&ms=au&mv=m&pl=16&mm=31&mn=sn-4g5e6n7r&initcwndbps=4363750&ratebypass=yes&mime=video/mp4&gir=yes&clen=90646934&lmt=1400874713499703&dur=447.947&signature=2329BE9156E7C6FF0AD72964F102F510B29016D7.1C0B77DEE5FDD976035DEF7D9A4455E6E8854529&mt=1502180317&key=dg_yt0&ip=131.159.40.117&ipbits=0&expire=1502201999&sparams=ip,ipbits,expire,id,itag,source,requiressl,ei,ms,mv,pl,mm,mn,initcwndbps,ratebypass,mime,gir,clen,lmt,dur", "manifest_url": "https://manifest.googlevideo.com/api/manifest/dash/requiressl/yes/signature/CE56FFD6DAD558FDA0FB4D039CA58CE7B273FA0C.04CFB08ACB03625EC3B74AF9BAACCA036E270BB5/itag/0/as/fmp4_audio_clear%2Cfmp4_sd_hd_clear/id/bb52f5d01491cd5b/ei/L3SJWYXNN82ic6_wr9gM/ms/au/mt/1502180317/expire/1502201999/mv/m/pl/16/playback_host/r6---sn-4g5e6n7r.googlevideo.com/hfr/1/mm/31/mn/sn-4g5e6n7r/ipbits/0/source/youtube/sparams/as%2Cei%2Chfr%2Cid%2Cinitcwndbps%2Cip%2Cipbits%2Citag%2Cmm%2Cmn%2Cms%2Cmv%2Cpl%2Cplayback_host%2Crequiressl%2Csource%2Cexpire/ip/131.159.40.117/key/yt6/initcwndbps/4363750", "width": 1280, "tbr": 2222.35, "asr": null, "fps": 30, "language": null, "filesize": 90646934, "acodec": "none", "format": "136 - 1280x720 (DASH video)", "protocol": "https", "http_headers": {"User-Agent": "Mozilla/5.0 (X11; Linux x86_64; rv:10.0) Gecko/20150101 Firefox/47.0 (Chrome)", "Accept-Charset": "ISO-8859-1,utf-8;q=0.7,*;q=0.7", "Accept": "text/html,application/xhtml+xml,application/xml;q=0.9,*/*;q=0.8", "Accept-Encoding": "gzip, deflate", "Accept-Language": "en-us,en;q=0.5"}, "fulltitle": "Astr\u00f4nomos confirmam a possiblidade de existencia de vida extraterrestre", "_filename": "u1L10BSRzVs.mp4"}