{"id": "2JLZ-ycl710", "uploader": "Yasmany", "uploader_id": "Ydelreal", "uploader_url": "http://www.youtube.com/user/Ydelreal", "upload_date": "20140606", "license": "Standard YouTube License", "creator": null, "title": "Yasmany Responde - Yasmany", "alt_title": null, "thumbnail": "https://i.ytimg.com/vi/2JLZ-ycl710/maxresdefault.jpg", "description": "Yasmany Responde es una brillante idea que tuve donde les respondere las preguntas que me hacen por mis redes sociales para que el mensaje le llegue a muchas mas personas.\n\nAqu\u00ed hay m\u00e1s info para saber tu tipo de piel: http://yasmany.com/cual-es-tu-tipo-de-piel/\n------------------------------------------------------------\nVideo nuevo todos los MARTES!\n\nPARA VER MAS TIPS DE BELLEZA Y SALUD,  SUSCRIBETE ES GRATIS! http://bit.ly/1lMsdbY\n\nBLOG: www.yasmany.com\n------------------------------\u00ad---------\u00ad\u00ad\u00ad\u00ad\u00ad\u00ad\u00ad\u00ad\u00ad\u00ad-\u00ad\u00ad\u00ad\u00ad\u00ad\u00ad\u00ad\u00ad------------\u00ad---------\u00ad-\u00ad-\nFACEBOOK: http://facebook.com/holayasmany\nTWITTER: https://twitter.com/holayasmany\nINSTAGRAM: https://instagram.com/holayasmany\nMandame tu video-saludos holayasmany@gmail.com\n------------------------------\u00ad---------\u00ad\u00ad\u00ad\u00ad\u00ad\u00ad\u00ad\u00ad\u00ad\u00ad-\u00ad\u00ad\u00ad\u00ad\u00ad\u00ad\u00ad\u00ad------------\u00ad---------\u00ad-\u00ad-\nMAS TIPS PARA LA PIEL: http://bit.ly/1vYgXwl\nMAS TIPS PARA EL PELO: http://bit.ly/1wbTLYN\n------------------------------\u00ad---------\u00ad\u00ad\u00ad\u00ad\u00ad\u00ad\u00ad\u00ad\u00ad\u00ad-\u00ad\u00ad\u00ad\u00ad\u00ad\u00ad\u00ad\u00ad------------\u00ad---------\u00ad-\u00ad-\nAudio file(s) provided by http://www.audiomicro.com", "categories": ["Howto & Style"], "tags": ["yasmany responde", "yasmany", "canal de belleza", "tips de belleza", "consejos de belleza", "tips para la cara", "consejos para la cara", "cara", "rostro", "cutis", "piel", "consejos para la piel", "tips para la piel", "consejos para el rostro", "tips para el rostro", "consejos para el cutis", "tips para el cutis", "secretos de belleza", "trucos de belleza", "cuidado de la piel", "cuidar la piel", "rutina para la piel", "tips para el cabello", "tips para el pelo", "consejos para el cabello", "consejos para el pelo", "cabello", "pelo"], "subtitles": {}, "automatic_captions": {}, "duration": 349, "age_limit": 0, "annotations": null, "chapters": null, "webpage_url": "https://www.youtube.com/watch?v=2JLZ-ycl710", "view_count": 9294, "like_count": 376, "dislike_count": 11, "average_rating": 4.88630485535, "formats": [{"ext": "m4a", "format_note": "DASH audio", "acodec": "mp4a.40.5", "abr": 48, "container": "m4a_dash", "format_id": "139", "url": "https://r17---sn-4g57knez.googlevideo.com/videoplayback?id=d892d9fb2725ef5d&itag=139&source=youtube&requiressl=yes&mn=sn-4g57knez&mm=31&ei=EHeJWcSJCoTaVrLZrNgF&pl=16&mv=m&initcwndbps=4272500&ms=au&ratebypass=yes&mime=audio/mp4&gir=yes&clen=2105488&lmt=1402234159763034&dur=348.855&key=dg_yt0&signature=459C778FEA39F2ABAF289642E544F353099533D0.3922158B6D3341200ED49BF44A6C3DBB25F06426&mt=1502180996&ip=131.159.40.117&ipbits=0&expire=1502202736&sparams=ip,ipbits,expire,id,itag,source,requiressl,mn,mm,ei,pl,mv,initcwndbps,ms,ratebypass,mime,gir,clen,lmt,dur", "manifest_url": "https://manifest.googlevideo.com/api/manifest/dash/itag/0/mn/sn-4g57knez/playback_host/r17---sn-4g57knez.googlevideo.com/mm/31/key/yt6/hfr/1/ipbits/0/source/youtube/ei/EHeJWcSJCoTaVrLZrNgF/signature/03DA4F5AE6B0D0B85D23C9DD0C6BEE42FCE72A61.B7475D998B87EBE7E41B5D01DABAA5B2D355EE0A/pl/16/ip/131.159.40.117/sparams/as%2Cei%2Chfr%2Cid%2Cinitcwndbps%2Cip%2Cipbits%2Citag%2Cmm%2Cmn%2Cms%2Cmv%2Cpl%2Cplayback_host%2Crequiressl%2Csource%2Cexpire/id/d892d9fb2725ef5d/as/fmp4_audio_clear%2Cfmp4_sd_hd_clear/mv/m/requiressl/yes/mt/1502180996/initcwndbps/4272500/ms/au/expire/1502202736", "width": null, "height": null, "tbr": 49.397, "asr": 22050, "fps": null, "language": null, "filesize": 2105488, "vcodec": "none", "format": "139 - audio only (DASH audio)", "protocol": "https", "http_headers": {"User-Agent": "Mozilla/5.0 (X11; Linux x86_64; rv:10.0) Gecko/20150101 Firefox/47.0 (Chrome)", "Accept-Charset": "ISO-8859-1,utf-8;q=0.7,*;q=0.7", "Accept": "text/html,application/xhtml+xml,application/xml;q=0.9,*/*;q=0.8", "Accept-Encoding": "gzip, deflate", "Accept-Language": "en-us,en;q=0.5"}}, {"format_id": "171", "url": "https://r6---sn-4g5edne6.googlevideo.com/videoplayback?mn=sn-4g5edne6&source=youtube&clen=4810610&dur=348.749&lmt=1402209559015696&ei=D3eJWYG8LsPYVJ2djrAC&ms=au&ipbits=0&mv=m&pl=16&ip=131.159.40.117&id=o-APsEsg-MCmjBxJpo8AmbdGM3KWi-5pMrbZoaSQD0ZxUe&mm=31&expire=1502202735&itag=171&mt=1502180996&sparams=clen%2Cdur%2Cei%2Cgir%2Cid%2Cinitcwndbps%2Cip%2Cipbits%2Citag%2Ckeepalive%2Clmt%2Cmime%2Cmm%2Cmn%2Cms%2Cmv%2Cpl%2Crequiressl%2Csource%2Cexpire&signature=36C0BDEB7749F59487D758708098449687AED2DF.90D70D9A853CF8DEC4A1E310A260D5660BEFF4C3&requiressl=yes&initcwndbps=4272500&keepalive=yes&gir=yes&mime=audio%2Fwebm&key=yt6&ratebypass=yes", "player_url": null, "ext": "webm", "acodec": "vorbis", "format_note": "DASH audio", "abr": 128, "filesize": 4810610, "tbr": 125.947, "fps": 1, "vcodec": "none", "format": "171 - audio only (DASH audio)", "protocol": "https", "http_headers": {"User-Agent": "Mozilla/5.0 (X11; Linux x86_64; rv:10.0) Gecko/20150101 Firefox/47.0 (Chrome)", "Accept-Charset": "ISO-8859-1,utf-8;q=0.7,*;q=0.7", "Accept": "text/html,application/xhtml+xml,application/xml;q=0.9,*/*;q=0.8", "Accept-Encoding": "gzip, deflate", "Accept-Language": "en-us,en;q=0.5"}}, {"ext": "m4a", "format_note": "DASH audio", "acodec": "mp4a.40.2", "abr": 128, "container": "m4a_dash", "format_id": "140", "url": "https://r17---sn-4g57knez.googlevideo.com/videoplayback?id=d892d9fb2725ef5d&itag=140&source=youtube&requiressl=yes&mn=sn-4g57knez&mm=31&ei=EHeJWcSJCoTaVrLZrNgF&pl=16&mv=m&initcwndbps=4272500&ms=au&ratebypass=yes&mime=audio/mp4&gir=yes&clen=5600755&lmt=1402234160718879&dur=348.809&key=dg_yt0&signature=12FB0799793ED29768486490D1A4F8C6A26090D6.1B6A1B0942C8F428FEBB215EC8B84242A9805BCA&mt=1502180996&ip=131.159.40.117&ipbits=0&expire=1502202736&sparams=ip,ipbits,expire,id,itag,source,requiressl,mn,mm,ei,pl,mv,initcwndbps,ms,ratebypass,mime,gir,clen,lmt,dur", "manifest_url": "https://manifest.googlevideo.com/api/manifest/dash/itag/0/mn/sn-4g57knez/playback_host/r17---sn-4g57knez.googlevideo.com/mm/31/key/yt6/hfr/1/ipbits/0/source/youtube/ei/EHeJWcSJCoTaVrLZrNgF/signature/03DA4F5AE6B0D0B85D23C9DD0C6BEE42FCE72A61.B7475D998B87EBE7E41B5D01DABAA5B2D355EE0A/pl/16/ip/131.159.40.117/sparams/as%2Cei%2Chfr%2Cid%2Cinitcwndbps%2Cip%2Cipbits%2Citag%2Cmm%2Cmn%2Cms%2Cmv%2Cpl%2Cplayback_host%2Crequiressl%2Csource%2Cexpire/id/d892d9fb2725ef5d/as/fmp4_audio_clear%2Cfmp4_sd_hd_clear/mv/m/requiressl/yes/mt/1502180996/initcwndbps/4272500/ms/au/expire/1502202736", "width": null, "height": null, "tbr": 129.48, "asr": 44100, "fps": null, "language": null, "filesize": 5600755, "vcodec": "none", "format": "140 - audio only (DASH audio)", "protocol": "https", "http_headers": {"User-Agent": "Mozilla/5.0 (X11; Linux x86_64; rv:10.0) Gecko/20150101 Firefox/47.0 (Chrome)", "Accept-Charset": "ISO-8859-1,utf-8;q=0.7,*;q=0.7", "Accept": "text/html,application/xhtml+xml,application/xml;q=0.9,*/*;q=0.8", "Accept-Encoding": "gzip, deflate", "Accept-Language": "en-us,en;q=0.5"}}, {"ext": "mp4", "height": 144, "format_note": "DASH video", "vcodec": "avc1.4d400c", "format_id": "160", "url": "https://r17---sn-4g57knez.googlevideo.com/videoplayback?id=d892d9fb2725ef5d&itag=160&source=youtube&requiressl=yes&mn=sn-4g57knez&mm=31&ei=EHeJWcSJCoTaVrLZrNgF&pl=16&mv=m&initcwndbps=4272500&ms=au&ratebypass=yes&mime=video/mp4&gir=yes&clen=4298831&lmt=1402234809705280&dur=348.716&key=dg_yt0&signature=6BF4C54DF21D1A766FB05FC1F25153DB8E4FEADC.77ECF90829F82C3A0A49FA79E3B2A2CECDC67B99&mt=1502180996&ip=131.159.40.117&ipbits=0&expire=1502202736&sparams=ip,ipbits,expire,id,itag,source,requiressl,mn,mm,ei,pl,mv,initcwndbps,ms,ratebypass,mime,gir,clen,lmt,dur", "manifest_url": "https://manifest.googlevideo.com/api/manifest/dash/itag/0/mn/sn-4g57knez/playback_host/r17---sn-4g57knez.googlevideo.com/mm/31/key/yt6/hfr/1/ipbits/0/source/youtube/ei/EHeJWcSJCoTaVrLZrNgF/signature/03DA4F5AE6B0D0B85D23C9DD0C6BEE42FCE72A61.B7475D998B87EBE7E41B5D01DABAA5B2D355EE0A/pl/16/ip/131.159.40.117/sparams/as%2Cei%2Chfr%2Cid%2Cinitcwndbps%2Cip%2Cipbits%2Citag%2Cmm%2Cmn%2Cms%2Cmv%2Cpl%2Cplayback_host%2Crequiressl%2Csource%2Cexpire/id/d892d9fb2725ef5d/as/fmp4_audio_clear%2Cfmp4_sd_hd_clear/mv/m/requiressl/yes/mt/1502180996/initcwndbps/4272500/ms/au/expire/1502202736", "width": 256, "tbr": 122.937, "asr": null, "fps": 15, "language": null, "filesize": 4298831, "acodec": "none", "format": "160 - 256x144 (DASH video)", "protocol": "https", "http_headers": {"User-Agent": "Mozilla/5.0 (X11; Linux x86_64; rv:10.0) Gecko/20150101 Firefox/47.0 (Chrome)", "Accept-Charset": "ISO-8859-1,utf-8;q=0.7,*;q=0.7", "Accept": "text/html,application/xhtml+xml,application/xml;q=0.9,*/*;q=0.8", "Accept-Encoding": "gzip, deflate", "Accept-Language": "en-us,en;q=0.5"}}, {"ext": "mp4", "height": 360, "format_note": "DASH video", "vcodec": "avc1.4d401e", "format_id": "134", "url": "https://r17---sn-4g57knez.googlevideo.com/videoplayback?id=d892d9fb2725ef5d&itag=134&source=youtube&requiressl=yes&mn=sn-4g57knez&mm=31&ei=EHeJWcSJCoTaVrLZrNgF&pl=16&mv=m&initcwndbps=4272500&ms=au&ratebypass=yes&mime=video/mp4&gir=yes&clen=9247215&lmt=1402234823471398&dur=348.716&key=dg_yt0&signature=86661229E1158932F88743B64F1834BADB3F3EB6.13830C75EE8AE31D9D55CF15F82366C10467D920&mt=1502180996&ip=131.159.40.117&ipbits=0&expire=1502202736&sparams=ip,ipbits,expire,id,itag,source,requiressl,mn,mm,ei,pl,mv,initcwndbps,ms,ratebypass,mime,gir,clen,lmt,dur", "manifest_url": "https://manifest.googlevideo.com/api/manifest/dash/itag/0/mn/sn-4g57knez/playback_host/r17---sn-4g57knez.googlevideo.com/mm/31/key/yt6/hfr/1/ipbits/0/source/youtube/ei/EHeJWcSJCoTaVrLZrNgF/signature/03DA4F5AE6B0D0B85D23C9DD0C6BEE42FCE72A61.B7475D998B87EBE7E41B5D01DABAA5B2D355EE0A/pl/16/ip/131.159.40.117/sparams/as%2Cei%2Chfr%2Cid%2Cinitcwndbps%2Cip%2Cipbits%2Citag%2Cmm%2Cmn%2Cms%2Cmv%2Cpl%2Cplayback_host%2Crequiressl%2Csource%2Cexpire/id/d892d9fb2725ef5d/as/fmp4_audio_clear%2Cfmp4_sd_hd_clear/mv/m/requiressl/yes/mt/1502180996/initcwndbps/4272500/ms/au/expire/1502202736", "width": 640, "tbr": 284.403, "asr": null, "fps": 30, "language": null, "filesize": 9247215, "acodec": "none", "format": "134 - 640x360 (DASH video)", "protocol": "https", "http_headers": {"User-Agent": "Mozilla/5.0 (X11; Linux x86_64; rv:10.0) Gecko/20150101 Firefox/47.0 (Chrome)", "Accept-Charset": "ISO-8859-1,utf-8;q=0.7,*;q=0.7", "Accept": "text/html,application/xhtml+xml,application/xml;q=0.9,*/*;q=0.8", "Accept-Encoding": "gzip, deflate", "Accept-Language": "en-us,en;q=0.5"}}, {"ext": "mp4", "height": 240, "format_note": "DASH video", "vcodec": "avc1.4d4015", "format_id": "133", "url": "https://r17---sn-4g57knez.googlevideo.com/videoplayback?id=d892d9fb2725ef5d&itag=133&source=youtube&requiressl=yes&mn=sn-4g57knez&mm=31&ei=EHeJWcSJCoTaVrLZrNgF&pl=16&mv=m&initcwndbps=4272500&ms=au&ratebypass=yes&mime=video/mp4&gir=yes&clen=9897517&lmt=1402234820402774&dur=348.716&key=dg_yt0&signature=99102A9BF3BE6AF588AC73E9E99194B2525BA0A8.0C83CD7F908EC1A0A8A28FBE6DB95AAA11D8EAC5&mt=1502180996&ip=131.159.40.117&ipbits=0&expire=1502202736&sparams=ip,ipbits,expire,id,itag,source,requiressl,mn,mm,ei,pl,mv,initcwndbps,ms,ratebypass,mime,gir,clen,lmt,dur", "manifest_url": "https://manifest.googlevideo.com/api/manifest/dash/itag/0/mn/sn-4g57knez/playback_host/r17---sn-4g57knez.googlevideo.com/mm/31/key/yt6/hfr/1/ipbits/0/source/youtube/ei/EHeJWcSJCoTaVrLZrNgF/signature/03DA4F5AE6B0D0B85D23C9DD0C6BEE42FCE72A61.B7475D998B87EBE7E41B5D01DABAA5B2D355EE0A/pl/16/ip/131.159.40.117/sparams/as%2Cei%2Chfr%2Cid%2Cinitcwndbps%2Cip%2Cipbits%2Citag%2Cmm%2Cmn%2Cms%2Cmv%2Cpl%2Cplayback_host%2Crequiressl%2Csource%2Cexpire/id/d892d9fb2725ef5d/as/fmp4_audio_clear%2Cfmp4_sd_hd_clear/mv/m/requiressl/yes/mt/1502180996/initcwndbps/4272500/ms/au/expire/1502202736", "width": 426, "tbr": 307.417, "asr": null, "fps": 30, "language": null, "filesize": 9897517, "acodec": "none", "format": "133 - 426x240 (DASH video)", "protocol": "https", "http_headers": {"User-Agent": "Mozilla/5.0 (X11; Linux x86_64; rv:10.0) Gecko/20150101 Firefox/47.0 (Chrome)", "Accept-Charset": "ISO-8859-1,utf-8;q=0.7,*;q=0.7", "Accept": "text/html,application/xhtml+xml,application/xml;q=0.9,*/*;q=0.8", "Accept-Encoding": "gzip, deflate", "Accept-Language": "en-us,en;q=0.5"}}, {"ext": "mp4", "height": 480, "format_note": "DASH video", "vcodec": "avc1.4d401f", "format_id": "135", "url": "https://r17---sn-4g57knez.googlevideo.com/videoplayback?id=d892d9fb2725ef5d&itag=135&source=youtube&requiressl=yes&mn=sn-4g57knez&mm=31&ei=EHeJWcSJCoTaVrLZrNgF&pl=16&mv=m&initcwndbps=4272500&ms=au&ratebypass=yes&mime=video/mp4&gir=yes&clen=19449218&lmt=1402234938756447&dur=348.716&key=dg_yt0&signature=5632279E9D13D38A850CC64B86BFEFB6847BFA1E.32CB763BCA50022BBB8821A68A479ED86658313A&mt=1502180996&ip=131.159.40.117&ipbits=0&expire=1502202736&sparams=ip,ipbits,expire,id,itag,source,requiressl,mn,mm,ei,pl,mv,initcwndbps,ms,ratebypass,mime,gir,clen,lmt,dur", "manifest_url": "https://manifest.googlevideo.com/api/manifest/dash/itag/0/mn/sn-4g57knez/playback_host/r17---sn-4g57knez.googlevideo.com/mm/31/key/yt6/hfr/1/ipbits/0/source/youtube/ei/EHeJWcSJCoTaVrLZrNgF/signature/03DA4F5AE6B0D0B85D23C9DD0C6BEE42FCE72A61.B7475D998B87EBE7E41B5D01DABAA5B2D355EE0A/pl/16/ip/131.159.40.117/sparams/as%2Cei%2Chfr%2Cid%2Cinitcwndbps%2Cip%2Cipbits%2Citag%2Cmm%2Cmn%2Cms%2Cmv%2Cpl%2Cplayback_host%2Crequiressl%2Csource%2Cexpire/id/d892d9fb2725ef5d/as/fmp4_audio_clear%2Cfmp4_sd_hd_clear/mv/m/requiressl/yes/mt/1502180996/initcwndbps/4272500/ms/au/expire/1502202736", "width": 854, "tbr": 620.379, "asr": null, "fps": 30, "language": null, "filesize": 19449218, "acodec": "none", "format": "135 - 854x480 (DASH video)", "protocol": "https", "http_headers": {"User-Agent": "Mozilla/5.0 (X11; Linux x86_64; rv:10.0) Gecko/20150101 Firefox/47.0 (Chrome)", "Accept-Charset": "ISO-8859-1,utf-8;q=0.7,*;q=0.7", "Accept": "text/html,application/xhtml+xml,application/xml;q=0.9,*/*;q=0.8", "Accept-Encoding": "gzip, deflate", "Accept-Language": "en-us,en;q=0.5"}}, {"ext": "mp4", "height": 720, "format_note": "DASH video", "vcodec": "avc1.4d401f", "format_id": "136", "url": "https://r17---sn-4g57knez.googlevideo.com/videoplayback?id=d892d9fb2725ef5d&itag=136&source=youtube&requiressl=yes&mn=sn-4g57knez&mm=31&ei=EHeJWcSJCoTaVrLZrNgF&pl=16&mv=m&initcwndbps=4272500&ms=au&ratebypass=yes&mime=video/mp4&gir=yes&clen=39988126&lmt=1402234862807066&dur=348.716&key=dg_yt0&signature=055B0214D6006F49B7463BD3B3032A1524FBAB94.019EE8988F31A166092A06F7D3DB6A3FB200CABE&mt=1502180996&ip=131.159.40.117&ipbits=0&expire=1502202736&sparams=ip,ipbits,expire,id,itag,source,requiressl,mn,mm,ei,pl,mv,initcwndbps,ms,ratebypass,mime,gir,clen,lmt,dur", "manifest_url": "https://manifest.googlevideo.com/api/manifest/dash/itag/0/mn/sn-4g57knez/playback_host/r17---sn-4g57knez.googlevideo.com/mm/31/key/yt6/hfr/1/ipbits/0/source/youtube/ei/EHeJWcSJCoTaVrLZrNgF/signature/03DA4F5AE6B0D0B85D23C9DD0C6BEE42FCE72A61.B7475D998B87EBE7E41B5D01DABAA5B2D355EE0A/pl/16/ip/131.159.40.117/sparams/as%2Cei%2Chfr%2Cid%2Cinitcwndbps%2Cip%2Cipbits%2Citag%2Cmm%2Cmn%2Cms%2Cmv%2Cpl%2Cplayback_host%2Crequiressl%2Csource%2Cexpire/id/d892d9fb2725ef5d/as/fmp4_audio_clear%2Cfmp4_sd_hd_clear/mv/m/requiressl/yes/mt/1502180996/initcwndbps/4272500/ms/au/expire/1502202736", "width": 1280, "tbr": 1244.448, "asr": null, "fps": 30, "language": null, "filesize": 39988126, "acodec": "none", "format": "136 - 1280x720 (DASH video)", "protocol": "https", "http_headers": {"User-Agent": "Mozilla/5.0 (X11; Linux x86_64; rv:10.0) Gecko/20150101 Firefox/47.0 (Chrome)", "Accept-Charset": "ISO-8859-1,utf-8;q=0.7,*;q=0.7", "Accept": "text/html,application/xhtml+xml,application/xml;q=0.9,*/*;q=0.8", "Accept-Encoding": "gzip, deflate", "Accept-Language": "en-us,en;q=0.5"}}, {"format_id": "17", "url": "https://r6---sn-4g5edne6.googlevideo.com/videoplayback?source=youtube&clen=3567213&dur=348.995&lmt=1402072434083782&ei=D3eJWYG8LsPYVJ2djrAC&ms=au&ipbits=0&mv=m&pl=16&ip=131.159.40.117&id=o-APsEsg-MCmjBxJpo8AmbdGM3KWi-5pMrbZoaSQD0ZxUe&mm=31&expire=1502202735&itag=17&mt=1502180996&sparams=clen%2Cdur%2Cei%2Cgir%2Cid%2Cinitcwndbps%2Cip%2Cipbits%2Citag%2Clmt%2Cmime%2Cmm%2Cmn%2Cms%2Cmv%2Cpl%2Crequiressl%2Csource%2Cexpire&signature=29D581DE3B5A93AB19BF3EF66EBE7B5868B78CD4.14F5014DBF6F8F5116C24E4EDA1C77B274712B9A&requiressl=yes&initcwndbps=4272500&mn=sn-4g5edne6&gir=yes&mime=video%2F3gpp&key=yt6&ratebypass=yes", "player_url": null, "ext": "3gp", "width": 176, "height": 144, "acodec": "mp4a.40.2", "abr": 24, "vcodec": "mp4v.20.3", "resolution": "176x144", "format_note": "small", "format": "17 - 176x144 (small)", "protocol": "https", "http_headers": {"User-Agent": "Mozilla/5.0 (X11; Linux x86_64; rv:10.0) Gecko/20150101 Firefox/47.0 (Chrome)", "Accept-Charset": "ISO-8859-1,utf-8;q=0.7,*;q=0.7", "Accept": "text/html,application/xhtml+xml,application/xml;q=0.9,*/*;q=0.8", "Accept-Encoding": "gzip, deflate", "Accept-Language": "en-us,en;q=0.5"}}, {"format_id": "36", "url": "https://r6---sn-4g5edne6.googlevideo.com/videoplayback?source=youtube&clen=9890905&dur=348.949&lmt=1402072485665565&ei=D3eJWYG8LsPYVJ2djrAC&ms=au&ipbits=0&mv=m&pl=16&ip=131.159.40.117&id=o-APsEsg-MCmjBxJpo8AmbdGM3KWi-5pMrbZoaSQD0ZxUe&mm=31&expire=1502202735&itag=36&mt=1502180996&sparams=clen%2Cdur%2Cei%2Cgir%2Cid%2Cinitcwndbps%2Cip%2Cipbits%2Citag%2Clmt%2Cmime%2Cmm%2Cmn%2Cms%2Cmv%2Cpl%2Crequiressl%2Csource%2Cexpire&signature=57E5A0B0E5EBB6EF07224F400A47815817B29BB1.CA1A8F000F9341994B0D1ADC0A59F4BD83F3A8A9&requiressl=yes&initcwndbps=4272500&mn=sn-4g5edne6&gir=yes&mime=video%2F3gpp&key=yt6&ratebypass=yes", "player_url": null, "ext": "3gp", "width": 320, "acodec": "mp4a.40.2", "vcodec": "mp4v.20.3", "resolution": "320x180", "height": 180, "format_note": "small", "format": "36 - 320x180 (small)", "protocol": "https", "http_headers": {"User-Agent": "Mozilla/5.0 (X11; Linux x86_64; rv:10.0) Gecko/20150101 Firefox/47.0 (Chrome)", "Accept-Charset": "ISO-8859-1,utf-8;q=0.7,*;q=0.7", "Accept": "text/html,application/xhtml+xml,application/xml;q=0.9,*/*;q=0.8", "Accept-Encoding": "gzip, deflate", "Accept-Language": "en-us,en;q=0.5"}}, {"format_id": "43", "url": "https://r6---sn-4g5edne6.googlevideo.com/videoplayback?source=youtube&clen=25038192&ratebypass=yes&dur=0.000&lmt=1402099929446281&ei=D3eJWYG8LsPYVJ2djrAC&ms=au&ipbits=0&mv=m&pl=16&ip=131.159.40.117&id=o-APsEsg-MCmjBxJpo8AmbdGM3KWi-5pMrbZoaSQD0ZxUe&mm=31&expire=1502202735&itag=43&mt=1502180996&sparams=clen%2Cdur%2Cei%2Cgir%2Cid%2Cinitcwndbps%2Cip%2Cipbits%2Citag%2Clmt%2Cmime%2Cmm%2Cmn%2Cms%2Cmv%2Cpl%2Cratebypass%2Crequiressl%2Csource%2Cexpire&signature=2D6404E2A38A9457AE2C2F9B6FD205CCC0436667.B9154CEE20637D98B2D69974135A62437BC82500&requiressl=yes&initcwndbps=4272500&mn=sn-4g5edne6&gir=yes&mime=video%2Fwebm&key=yt6", "player_url": null, "ext": "webm", "width": 640, "height": 360, "acodec": "vorbis", "abr": 128, "vcodec": "vp8.0", "resolution": "640x360", "format_note": "medium", "format": "43 - 640x360 (medium)", "protocol": "https", "http_headers": {"User-Agent": "Mozilla/5.0 (X11; Linux x86_64; rv:10.0) Gecko/20150101 Firefox/47.0 (Chrome)", "Accept-Charset": "ISO-8859-1,utf-8;q=0.7,*;q=0.7", "Accept": "text/html,application/xhtml+xml,application/xml;q=0.9,*/*;q=0.8", "Accept-Encoding": "gzip, deflate", "Accept-Language": "en-us,en;q=0.5"}}, {"format_id": "18", "url": "https://r6---sn-4g5edne6.googlevideo.com/videoplayback?source=youtube&clen=17519038&ratebypass=yes&dur=348.810&lmt=1402234730788833&ei=D3eJWYG8LsPYVJ2djrAC&ms=au&ipbits=0&mv=m&pl=16&ip=131.159.40.117&id=o-APsEsg-MCmjBxJpo8AmbdGM3KWi-5pMrbZoaSQD0ZxUe&mm=31&expire=1502202735&itag=18&mt=1502180996&sparams=clen%2Cdur%2Cei%2Cgir%2Cid%2Cinitcwndbps%2Cip%2Cipbits%2Citag%2Clmt%2Cmime%2Cmm%2Cmn%2Cms%2Cmv%2Cpl%2Cratebypass%2Crequiressl%2Csource%2Cexpire&signature=969F67A3C0C446ABB9D731FDD4C516D396FEDFF4.D03D17F9173107574959E9067DD33A7B0DA7D8D1&requiressl=yes&initcwndbps=4272500&mn=sn-4g5edne6&gir=yes&mime=video%2Fmp4&key=yt6", "player_url": null, "ext": "mp4", "width": 640, "height": 360, "acodec": "mp4a.40.2", "abr": 96, "vcodec": "avc1.42001E", "resolution": "640x360", "format_note": "medium", "format": "18 - 640x360 (medium)", "protocol": "https", "http_headers": {"User-Agent": "Mozilla/5.0 (X11; Linux x86_64; rv:10.0) Gecko/20150101 Firefox/47.0 (Chrome)", "Accept-Charset": "ISO-8859-1,utf-8;q=0.7,*;q=0.7", "Accept": "text/html,application/xhtml+xml,application/xml;q=0.9,*/*;q=0.8", "Accept-Encoding": "gzip, deflate", "Accept-Language": "en-us,en;q=0.5"}}, {"format_id": "22", "url": "https://r6---sn-4g5edne6.googlevideo.com/videoplayback?itag=22&source=youtube&ratebypass=yes&mt=1502180996&sparams=dur%2Cei%2Cid%2Cinitcwndbps%2Cip%2Cipbits%2Citag%2Clmt%2Cmime%2Cmm%2Cmn%2Cms%2Cmv%2Cpl%2Cratebypass%2Crequiressl%2Csource%2Cexpire&dur=348.810&lmt=1471052108105086&signature=87E9CFE1BA43F95AA0AEE6923A6E57A91FEBE5AA.5E5C0525F17B44F0D52D8E04DB53DF8B7305CB79&ei=D3eJWYG8LsPYVJ2djrAC&requiressl=yes&ms=au&ipbits=0&initcwndbps=4272500&mv=m&pl=16&ip=131.159.40.117&mm=31&mn=sn-4g5edne6&id=o-APsEsg-MCmjBxJpo8AmbdGM3KWi-5pMrbZoaSQD0ZxUe&mime=video%2Fmp4&expire=1502202735&key=yt6", "player_url": null, "ext": "mp4", "width": 1280, "height": 720, "acodec": "mp4a.40.2", "abr": 192, "vcodec": "avc1.64001F", "resolution": "1280x720", "format_note": "hd720", "format": "22 - 1280x720 (hd720)", "protocol": "https", "http_headers": {"User-Agent": "Mozilla/5.0 (X11; Linux x86_64; rv:10.0) Gecko/20150101 Firefox/47.0 (Chrome)", "Accept-Charset": "ISO-8859-1,utf-8;q=0.7,*;q=0.7", "Accept": "text/html,application/xhtml+xml,application/xml;q=0.9,*/*;q=0.8", "Accept-Encoding": "gzip, deflate", "Accept-Language": "en-us,en;q=0.5"}}], "is_live": null, "start_time": null, "end_time": null, "series": null, "season_number": null, "episode_number": null, "extractor": "youtube", "webpage_url_basename": "2JLZ-ycl710", "extractor_key": "Youtube", "playlist": null, "playlist_index": null, "thumbnails": [{"url": "https://i.ytimg.com/vi/2JLZ-ycl710/maxresdefault.jpg", "id": "0"}], "display_id": "2JLZ-ycl710", "ext": "mp4", "height": 720, "format_note": "DASH video", "vcodec": "avc1.4d401f", "format_id": "136", "url": "https://r17---sn-4g57knez.googlevideo.com/videoplayback?id=d892d9fb2725ef5d&itag=136&source=youtube&requiressl=yes&mn=sn-4g57knez&mm=31&ei=EHeJWcSJCoTaVrLZrNgF&pl=16&mv=m&initcwndbps=4272500&ms=au&ratebypass=yes&mime=video/mp4&gir=yes&clen=39988126&lmt=1402234862807066&dur=348.716&key=dg_yt0&signature=055B0214D6006F49B7463BD3B3032A1524FBAB94.019EE8988F31A166092A06F7D3DB6A3FB200CABE&mt=1502180996&ip=131.159.40.117&ipbits=0&expire=1502202736&sparams=ip,ipbits,expire,id,itag,source,requiressl,mn,mm,ei,pl,mv,initcwndbps,ms,ratebypass,mime,gir,clen,lmt,dur", "manifest_url": "https://manifest.googlevideo.com/api/manifest/dash/itag/0/mn/sn-4g57knez/playback_host/r17---sn-4g57knez.googlevideo.com/mm/31/key/yt6/hfr/1/ipbits/0/source/youtube/ei/EHeJWcSJCoTaVrLZrNgF/signature/03DA4F5AE6B0D0B85D23C9DD0C6BEE42FCE72A61.B7475D998B87EBE7E41B5D01DABAA5B2D355EE0A/pl/16/ip/131.159.40.117/sparams/as%2Cei%2Chfr%2Cid%2Cinitcwndbps%2Cip%2Cipbits%2Citag%2Cmm%2Cmn%2Cms%2Cmv%2Cpl%2Cplayback_host%2Crequiressl%2Csource%2Cexpire/id/d892d9fb2725ef5d/as/fmp4_audio_clear%2Cfmp4_sd_hd_clear/mv/m/requiressl/yes/mt/1502180996/initcwndbps/4272500/ms/au/expire/1502202736", "width": 1280, "tbr": 1244.448, "asr": null, "fps": 30, "language": null, "filesize": 39988126, "acodec": "none", "format": "136 - 1280x720 (DASH video)", "protocol": "https", "http_headers": {"User-Agent": "Mozilla/5.0 (X11; Linux x86_64; rv:10.0) Gecko/20150101 Firefox/47.0 (Chrome)", "Accept-Charset": "ISO-8859-1,utf-8;q=0.7,*;q=0.7", "Accept": "text/html,application/xhtml+xml,application/xml;q=0.9,*/*;q=0.8", "Accept-Encoding": "gzip, deflate", "Accept-Language": "en-us,en;q=0.5"}, "fulltitle": "Yasmany Responde - Yasmany", "_filename": "2JLZ-ycl710.mp4"}