{"id": "FaQVnnWu4Yk", "uploader": "WISHTrendTV", "uploader_id": null, "uploader_url": null, "upload_date": null, "license": null, "creator": null, "title": "Eunice's Beauty Habit : 7 Morning Beauty Habits | Wishtrend", "alt_title": null, "thumbnail": "https://i.ytimg.com/vi/FaQVnnWu4Yk/default.jpg", "description": "", "categories": null, "tags": [], "subtitles": {}, "automatic_captions": {}, "duration": 459, "age_limit": 0, "annotations": null, "chapters": null, "webpage_url": "https://www.youtube.com/watch?v=FaQVnnWu4Yk", "view_count": 367737, "like_count": null, "dislike_count": null, "average_rating": 4.89060163498, "formats": [{"ext": "m4a", "format_note": "DASH audio", "acodec": "mp4a.40.5", "abr": 48, "container": "m4a_dash", "format_id": "139", "url": "https://r8---sn-xjpm-q0ns.googlevideo.com/videoplayback?id=15a4159e75aee189&itag=139&source=youtube&requiressl=yes&ei=6oGKWej5NI32WcnmqYAJ&ms=au&mv=u&pl=16&mm=31&mn=sn-xjpm-q0ns&ratebypass=yes&mime=audio/mp4&gir=yes&clen=2736234&lmt=1444537236468666&dur=458.872&signature=144331837C49A826243AC41155CFE9811C02D2DC.2493D4553E4DC0FA4AD32361E4709A5BC133B7AB&mt=1502249227&key=dg_yt0&ip=131.159.40.117&ipbits=0&expire=1502271050&sparams=ip,ipbits,expire,id,itag,source,requiressl,ei,ms,mv,pl,mm,mn,ratebypass,mime,gir,clen,lmt,dur", "manifest_url": "https://manifest.googlevideo.com/api/manifest/dash/requiressl/yes/signature/720B1C549BE5735B35FF9F25E21304BF307B1605.1C9E4E4E99139DBA4E5D49C18DCED125D257464B/itag/0/as/fmp4_audio_clear%2Cfmp4_sd_hd_clear/id/15a4159e75aee189/ei/6oGKWej5NI32WcnmqYAJ/ms/au/mt/1502249227/expire/1502271050/mv/u/pl/16/playback_host/r8---sn-xjpm-q0ns.googlevideo.com/hfr/1/mm/31/mn/sn-xjpm-q0ns/ipbits/0/source/youtube/sparams/as%2Cei%2Chfr%2Cid%2Cip%2Cipbits%2Citag%2Cmm%2Cmn%2Cms%2Cmv%2Cpl%2Cplayback_host%2Crequiressl%2Csource%2Cexpire/ip/131.159.40.117/key/yt6", "width": null, "height": null, "tbr": 49.628, "asr": 22050, "fps": null, "language": null, "filesize": 2736234, "vcodec": "none", "format": "139 - audio only (DASH audio)", "protocol": "https", "http_headers": {"User-Agent": "Mozilla/5.0 (X11; Linux x86_64; rv:10.0) Gecko/20150101 Firefox/47.0 (Chrome)", "Accept-Charset": "ISO-8859-1,utf-8;q=0.7,*;q=0.7", "Accept": "text/html,application/xhtml+xml,application/xml;q=0.9,*/*;q=0.8", "Accept-Encoding": "gzip, deflate", "Accept-Language": "en-us,en;q=0.5"}}, {"format_id": "249", "url": "https://r8---sn-xjpm-q0ns.googlevideo.com/videoplayback?key=yt6&ip=131.159.40.117&mn=sn-xjpm-q0ns&mm=31&signature=E402CD0200B27F71C56B14C4AF9935337A327428.C05326260DC227DC491F3C2E64364FC1398DACBD&ms=au&ei=6oGKWcfgFsKfWMWJpfgE&id=o-ALhW2qkPr9i1X--tXqAZJPkUknnBoCKIoJYlgiIzMjVi&mv=u&mt=1502249227&dur=458.761&keepalive=yes&lmt=1436511945874168&source=youtube&pl=16&itag=249&requiressl=yes&clen=2853999&mime=audio%2Fwebm&ipbits=0&sparams=clen%2Cdur%2Cei%2Cgir%2Cid%2Cip%2Cipbits%2Citag%2Ckeepalive%2Clmt%2Cmime%2Cmm%2Cmn%2Cms%2Cmv%2Cpl%2Crequiressl%2Csource%2Cexpire&expire=1502271050&gir=yes&ratebypass=yes", "player_url": null, "ext": "webm", "format_note": "DASH audio", "acodec": "opus", "abr": 50, "filesize": 2853999, "tbr": 53.305, "vcodec": "none", "format": "249 - audio only (DASH audio)", "protocol": "https", "http_headers": {"User-Agent": "Mozilla/5.0 (X11; Linux x86_64; rv:10.0) Gecko/20150101 Firefox/47.0 (Chrome)", "Accept-Charset": "ISO-8859-1,utf-8;q=0.7,*;q=0.7", "Accept": "text/html,application/xhtml+xml,application/xml;q=0.9,*/*;q=0.8", "Accept-Encoding": "gzip, deflate", "Accept-Language": "en-us,en;q=0.5"}}, {"format_id": "250", "url": "https://r8---sn-xjpm-q0ns.googlevideo.com/videoplayback?key=yt6&ip=131.159.40.117&mn=sn-xjpm-q0ns&mm=31&signature=56B3C1827F7918AE1A4ADADA27D3C0BBCB615631.312D056DF42FCB7EB913BA528115A05AF8DE9DC5&ms=au&ei=6oGKWcfgFsKfWMWJpfgE&id=o-ALhW2qkPr9i1X--tXqAZJPkUknnBoCKIoJYlgiIzMjVi&mv=u&mt=1502249227&dur=458.761&keepalive=yes&lmt=1436511970298439&source=youtube&pl=16&itag=250&requiressl=yes&clen=3599191&mime=audio%2Fwebm&ipbits=0&sparams=clen%2Cdur%2Cei%2Cgir%2Cid%2Cip%2Cipbits%2Citag%2Ckeepalive%2Clmt%2Cmime%2Cmm%2Cmn%2Cms%2Cmv%2Cpl%2Crequiressl%2Csource%2Cexpire&expire=1502271050&gir=yes&ratebypass=yes", "player_url": null, "ext": "webm", "format_note": "DASH audio", "acodec": "opus", "abr": 70, "filesize": 3599191, "tbr": 73.068, "vcodec": "none", "format": "250 - audio only (DASH audio)", "protocol": "https", "http_headers": {"User-Agent": "Mozilla/5.0 (X11; Linux x86_64; rv:10.0) Gecko/20150101 Firefox/47.0 (Chrome)", "Accept-Charset": "ISO-8859-1,utf-8;q=0.7,*;q=0.7", "Accept": "text/html,application/xhtml+xml,application/xml;q=0.9,*/*;q=0.8", "Accept-Encoding": "gzip, deflate", "Accept-Language": "en-us,en;q=0.5"}}, {"format_id": "171", "url": "https://r8---sn-xjpm-q0ns.googlevideo.com/videoplayback?key=yt6&ip=131.159.40.117&mn=sn-xjpm-q0ns&mm=31&signature=620E97DDFA77C355312CC82F8C3CCC0028E97E24.CC4707C210C4E6B61954A3DCC463F8D1326C7405&ms=au&ei=6oGKWcfgFsKfWMWJpfgE&id=o-ALhW2qkPr9i1X--tXqAZJPkUknnBoCKIoJYlgiIzMjVi&mv=u&mt=1502249227&dur=458.755&keepalive=yes&lmt=1436511968450586&source=youtube&pl=16&itag=171&requiressl=yes&clen=6145180&mime=audio%2Fwebm&ipbits=0&sparams=clen%2Cdur%2Cei%2Cgir%2Cid%2Cip%2Cipbits%2Citag%2Ckeepalive%2Clmt%2Cmime%2Cmm%2Cmn%2Cms%2Cmv%2Cpl%2Crequiressl%2Csource%2Cexpire&expire=1502271050&gir=yes&ratebypass=yes", "player_url": null, "ext": "webm", "acodec": "vorbis", "format_note": "DASH audio", "abr": 128, "filesize": 6145180, "tbr": 121.061, "vcodec": "none", "format": "171 - audio only (DASH audio)", "protocol": "https", "http_headers": {"User-Agent": "Mozilla/5.0 (X11; Linux x86_64; rv:10.0) Gecko/20150101 Firefox/47.0 (Chrome)", "Accept-Charset": "ISO-8859-1,utf-8;q=0.7,*;q=0.7", "Accept": "text/html,application/xhtml+xml,application/xml;q=0.9,*/*;q=0.8", "Accept-Encoding": "gzip, deflate", "Accept-Language": "en-us,en;q=0.5"}}, {"ext": "m4a", "format_note": "DASH audio", "acodec": "mp4a.40.2", "abr": 128, "container": "m4a_dash", "format_id": "140", "url": "https://r8---sn-xjpm-q0ns.googlevideo.com/videoplayback?id=15a4159e75aee189&itag=140&source=youtube&requiressl=yes&ei=6oGKWej5NI32WcnmqYAJ&ms=au&mv=u&pl=16&mm=31&mn=sn-xjpm-q0ns&ratebypass=yes&mime=audio/mp4&gir=yes&clen=7287348&lmt=1444537236393383&dur=458.803&signature=91A128FF1B7AAF67265847A302C39AE3E70E3E0A.2DE03A0E42CB67F9410A5B0DF468752D8C475209&mt=1502249227&key=dg_yt0&ip=131.159.40.117&ipbits=0&expire=1502271050&sparams=ip,ipbits,expire,id,itag,source,requiressl,ei,ms,mv,pl,mm,mn,ratebypass,mime,gir,clen,lmt,dur", "manifest_url": "https://manifest.googlevideo.com/api/manifest/dash/requiressl/yes/signature/720B1C549BE5735B35FF9F25E21304BF307B1605.1C9E4E4E99139DBA4E5D49C18DCED125D257464B/itag/0/as/fmp4_audio_clear%2Cfmp4_sd_hd_clear/id/15a4159e75aee189/ei/6oGKWej5NI32WcnmqYAJ/ms/au/mt/1502249227/expire/1502271050/mv/u/pl/16/playback_host/r8---sn-xjpm-q0ns.googlevideo.com/hfr/1/mm/31/mn/sn-xjpm-q0ns/ipbits/0/source/youtube/sparams/as%2Cei%2Chfr%2Cid%2Cip%2Cipbits%2Citag%2Cmm%2Cmn%2Cms%2Cmv%2Cpl%2Cplayback_host%2Crequiressl%2Csource%2Cexpire/ip/131.159.40.117/key/yt6", "width": null, "height": null, "tbr": 128.386, "asr": 44100, "fps": null, "language": null, "filesize": 7287348, "vcodec": "none", "format": "140 - audio only (DASH audio)", "protocol": "https", "http_headers": {"User-Agent": "Mozilla/5.0 (X11; Linux x86_64; rv:10.0) Gecko/20150101 Firefox/47.0 (Chrome)", "Accept-Charset": "ISO-8859-1,utf-8;q=0.7,*;q=0.7", "Accept": "text/html,application/xhtml+xml,application/xml;q=0.9,*/*;q=0.8", "Accept-Encoding": "gzip, deflate", "Accept-Language": "en-us,en;q=0.5"}}, {"format_id": "251", "url": "https://r8---sn-xjpm-q0ns.googlevideo.com/videoplayback?key=yt6&ip=131.159.40.117&mn=sn-xjpm-q0ns&mm=31&signature=BEC36EABB741F30C38E4304A53A841030E15ECA5.810DEC9367CAAA6DAC108C0A055A89C893BB9247&ms=au&ei=6oGKWcfgFsKfWMWJpfgE&id=o-ALhW2qkPr9i1X--tXqAZJPkUknnBoCKIoJYlgiIzMjVi&mv=u&mt=1502249227&dur=458.761&keepalive=yes&lmt=1436511938081551&source=youtube&pl=16&itag=251&requiressl=yes&clen=7408240&mime=audio%2Fwebm&ipbits=0&sparams=clen%2Cdur%2Cei%2Cgir%2Cid%2Cip%2Cipbits%2Citag%2Ckeepalive%2Clmt%2Cmime%2Cmm%2Cmn%2Cms%2Cmv%2Cpl%2Crequiressl%2Csource%2Cexpire&expire=1502271050&gir=yes&ratebypass=yes", "player_url": null, "ext": "webm", "format_note": "DASH audio", "acodec": "opus", "abr": 160, "filesize": 7408240, "tbr": 143.651, "vcodec": "none", "format": "251 - audio only (DASH audio)", "protocol": "https", "http_headers": {"User-Agent": "Mozilla/5.0 (X11; Linux x86_64; rv:10.0) Gecko/20150101 Firefox/47.0 (Chrome)", "Accept-Charset": "ISO-8859-1,utf-8;q=0.7,*;q=0.7", "Accept": "text/html,application/xhtml+xml,application/xml;q=0.9,*/*;q=0.8", "Accept-Encoding": "gzip, deflate", "Accept-Language": "en-us,en;q=0.5"}}, {"format_id": "278", "url": "https://r8---sn-xjpm-q0ns.googlevideo.com/videoplayback?key=yt6&ip=131.159.40.117&mn=sn-xjpm-q0ns&mm=31&signature=C84E3211D8769819ED009E311FDB2161D9E22FA9.C621AAE5C75BA3DB625F17A0DDE0C873ABCAB171&ms=au&ei=6oGKWcfgFsKfWMWJpfgE&id=o-ALhW2qkPr9i1X--tXqAZJPkUknnBoCKIoJYlgiIzMjVi&mv=u&mt=1502249227&dur=458.708&keepalive=yes&lmt=1436511969776699&source=youtube&pl=16&itag=278&requiressl=yes&clen=4176653&mime=video%2Fwebm&ipbits=0&sparams=clen%2Cdur%2Cei%2Cgir%2Cid%2Cip%2Cipbits%2Citag%2Ckeepalive%2Clmt%2Cmime%2Cmm%2Cmn%2Cms%2Cmv%2Cpl%2Crequiressl%2Csource%2Cexpire&expire=1502271050&gir=yes&ratebypass=yes", "player_url": null, "ext": "webm", "height": 144, "format_note": "144p", "container": "webm", "vcodec": "vp9", "filesize": 4176653, "tbr": 102.449, "width": 256, "fps": 12, "acodec": "none", "format": "278 - 256x144 (144p)", "protocol": "https", "http_headers": {"User-Agent": "Mozilla/5.0 (X11; Linux x86_64; rv:10.0) Gecko/20150101 Firefox/47.0 (Chrome)", "Accept-Charset": "ISO-8859-1,utf-8;q=0.7,*;q=0.7", "Accept": "text/html,application/xhtml+xml,application/xml;q=0.9,*/*;q=0.8", "Accept-Encoding": "gzip, deflate", "Accept-Language": "en-us,en;q=0.5"}}, {"ext": "mp4", "height": 144, "format_note": "DASH video", "vcodec": "avc1.42c00c", "format_id": "160", "url": "https://r8---sn-xjpm-q0ns.googlevideo.com/videoplayback?id=15a4159e75aee189&itag=160&source=youtube&requiressl=yes&ei=6oGKWej5NI32WcnmqYAJ&ms=au&mv=u&pl=16&mm=31&mn=sn-xjpm-q0ns&ratebypass=yes&mime=video/mp4&gir=yes&clen=6268185&lmt=1444537711308726&dur=458.791&signature=5636321C8D9399D8B31B96B4E91DD566A4075DA3.831B8B9021A9E116A500A4C43A8A3F8A0E3F4AE7&mt=1502249227&key=dg_yt0&ip=131.159.40.117&ipbits=0&expire=1502271050&sparams=ip,ipbits,expire,id,itag,source,requiressl,ei,ms,mv,pl,mm,mn,ratebypass,mime,gir,clen,lmt,dur", "manifest_url": "https://manifest.googlevideo.com/api/manifest/dash/requiressl/yes/signature/720B1C549BE5735B35FF9F25E21304BF307B1605.1C9E4E4E99139DBA4E5D49C18DCED125D257464B/itag/0/as/fmp4_audio_clear%2Cfmp4_sd_hd_clear/id/15a4159e75aee189/ei/6oGKWej5NI32WcnmqYAJ/ms/au/mt/1502249227/expire/1502271050/mv/u/pl/16/playback_host/r8---sn-xjpm-q0ns.googlevideo.com/hfr/1/mm/31/mn/sn-xjpm-q0ns/ipbits/0/source/youtube/sparams/as%2Cei%2Chfr%2Cid%2Cip%2Cipbits%2Citag%2Cmm%2Cmn%2Cms%2Cmv%2Cpl%2Cplayback_host%2Crequiressl%2Csource%2Cexpire/ip/131.159.40.117/key/yt6", "width": 256, "tbr": 111.743, "asr": null, "fps": 12, "language": null, "filesize": 6268185, "acodec": "none", "format": "160 - 256x144 (DASH video)", "protocol": "https", "http_headers": {"User-Agent": "Mozilla/5.0 (X11; Linux x86_64; rv:10.0) Gecko/20150101 Firefox/47.0 (Chrome)", "Accept-Charset": "ISO-8859-1,utf-8;q=0.7,*;q=0.7", "Accept": "text/html,application/xhtml+xml,application/xml;q=0.9,*/*;q=0.8", "Accept-Encoding": "gzip, deflate", "Accept-Language": "en-us,en;q=0.5"}}, {"format_id": "242", "url": "https://r8---sn-xjpm-q0ns.googlevideo.com/videoplayback?key=yt6&ip=131.159.40.117&mn=sn-xjpm-q0ns&mm=31&signature=55B23C6FC3D9B2A1C795436919E9E33044371F26.029F615FF4529D927E0245ADD25FE6BB89475D8E&ms=au&ei=6oGKWcfgFsKfWMWJpfgE&id=o-ALhW2qkPr9i1X--tXqAZJPkUknnBoCKIoJYlgiIzMjVi&mv=u&mt=1502249227&dur=458.708&keepalive=yes&lmt=1436511968988088&source=youtube&pl=16&itag=242&requiressl=yes&clen=7808780&mime=video%2Fwebm&ipbits=0&sparams=clen%2Cdur%2Cei%2Cgir%2Cid%2Cip%2Cipbits%2Citag%2Ckeepalive%2Clmt%2Cmime%2Cmm%2Cmn%2Cms%2Cmv%2Cpl%2Crequiressl%2Csource%2Cexpire&expire=1502271050&gir=yes&ratebypass=yes", "player_url": null, "ext": "webm", "height": 240, "format_note": "240p", "vcodec": "vp9", "filesize": 7808780, "tbr": 218.89, "width": 426, "fps": 24, "acodec": "none", "format": "242 - 426x240 (240p)", "protocol": "https", "http_headers": {"User-Agent": "Mozilla/5.0 (X11; Linux x86_64; rv:10.0) Gecko/20150101 Firefox/47.0 (Chrome)", "Accept-Charset": "ISO-8859-1,utf-8;q=0.7,*;q=0.7", "Accept": "text/html,application/xhtml+xml,application/xml;q=0.9,*/*;q=0.8", "Accept-Encoding": "gzip, deflate", "Accept-Language": "en-us,en;q=0.5"}}, {"ext": "mp4", "height": 240, "format_note": "DASH video", "vcodec": "avc1.4d4015", "format_id": "133", "url": "https://r8---sn-xjpm-q0ns.googlevideo.com/videoplayback?id=15a4159e75aee189&itag=133&source=youtube&requiressl=yes&ei=6oGKWej5NI32WcnmqYAJ&ms=au&mv=u&pl=16&mm=31&mn=sn-xjpm-q0ns&ratebypass=yes&mime=video/mp4&gir=yes&clen=14051695&lmt=1444537711693604&dur=458.749&signature=012C37D2C7D42D8E583BC0D052CF6A96B228D87C.01224BE72FDC34A849D5E7516A99B7BC95060869&mt=1502249227&key=dg_yt0&ip=131.159.40.117&ipbits=0&expire=1502271050&sparams=ip,ipbits,expire,id,itag,source,requiressl,ei,ms,mv,pl,mm,mn,ratebypass,mime,gir,clen,lmt,dur", "manifest_url": "https://manifest.googlevideo.com/api/manifest/dash/requiressl/yes/signature/720B1C549BE5735B35FF9F25E21304BF307B1605.1C9E4E4E99139DBA4E5D49C18DCED125D257464B/itag/0/as/fmp4_audio_clear%2Cfmp4_sd_hd_clear/id/15a4159e75aee189/ei/6oGKWej5NI32WcnmqYAJ/ms/au/mt/1502249227/expire/1502271050/mv/u/pl/16/playback_host/r8---sn-xjpm-q0ns.googlevideo.com/hfr/1/mm/31/mn/sn-xjpm-q0ns/ipbits/0/source/youtube/sparams/as%2Cei%2Chfr%2Cid%2Cip%2Cipbits%2Citag%2Cmm%2Cmn%2Cms%2Cmv%2Cpl%2Cplayback_host%2Crequiressl%2Csource%2Cexpire/ip/131.159.40.117/key/yt6", "width": 426, "tbr": 259.793, "asr": null, "fps": 24, "language": null, "filesize": 14051695, "acodec": "none", "format": "133 - 426x240 (DASH video)", "protocol": "https", "http_headers": {"User-Agent": "Mozilla/5.0 (X11; Linux x86_64; rv:10.0) Gecko/20150101 Firefox/47.0 (Chrome)", "Accept-Charset": "ISO-8859-1,utf-8;q=0.7,*;q=0.7", "Accept": "text/html,application/xhtml+xml,application/xml;q=0.9,*/*;q=0.8", "Accept-Encoding": "gzip, deflate", "Accept-Language": "en-us,en;q=0.5"}}, {"format_id": "243", "url": "https://r8---sn-xjpm-q0ns.googlevideo.com/videoplayback?key=yt6&ip=131.159.40.117&mn=sn-xjpm-q0ns&mm=31&signature=DE80135E9921C776E221516429CB5AB59688D911.3A8EF52D950BE90F178895FB3A132349FFBD7858&ms=au&ei=6oGKWcfgFsKfWMWJpfgE&id=o-ALhW2qkPr9i1X--tXqAZJPkUknnBoCKIoJYlgiIzMjVi&mv=u&mt=1502249227&dur=458.708&keepalive=yes&lmt=1436511985242097&source=youtube&pl=16&itag=243&requiressl=yes&clen=14191605&mime=video%2Fwebm&ipbits=0&sparams=clen%2Cdur%2Cei%2Cgir%2Cid%2Cip%2Cipbits%2Citag%2Ckeepalive%2Clmt%2Cmime%2Cmm%2Cmn%2Cms%2Cmv%2Cpl%2Crequiressl%2Csource%2Cexpire&expire=1502271050&gir=yes&ratebypass=yes", "player_url": null, "ext": "webm", "height": 360, "format_note": "360p", "vcodec": "vp9", "filesize": 14191605, "tbr": 421.221, "width": 640, "fps": 24, "acodec": "none", "format": "243 - 640x360 (360p)", "protocol": "https", "http_headers": {"User-Agent": "Mozilla/5.0 (X11; Linux x86_64; rv:10.0) Gecko/20150101 Firefox/47.0 (Chrome)", "Accept-Charset": "ISO-8859-1,utf-8;q=0.7,*;q=0.7", "Accept": "text/html,application/xhtml+xml,application/xml;q=0.9,*/*;q=0.8", "Accept-Encoding": "gzip, deflate", "Accept-Language": "en-us,en;q=0.5"}}, {"ext": "mp4", "height": 360, "format_note": "DASH video", "vcodec": "avc1.4d401e", "format_id": "134", "url": "https://r8---sn-xjpm-q0ns.googlevideo.com/videoplayback?id=15a4159e75aee189&itag=134&source=youtube&requiressl=yes&ei=6oGKWej5NI32WcnmqYAJ&ms=au&mv=u&pl=16&mm=31&mn=sn-xjpm-q0ns&ratebypass=yes&mime=video/mp4&gir=yes&clen=14424432&lmt=1444537712276534&dur=458.749&signature=995A279E90664E7C834BE15336ED3949E3C6A61E.4CE5A5978C23C6718ACFB7B4FDED4DDF2953B4&mt=1502249227&key=dg_yt0&ip=131.159.40.117&ipbits=0&expire=1502271050&sparams=ip,ipbits,expire,id,itag,source,requiressl,ei,ms,mv,pl,mm,mn,ratebypass,mime,gir,clen,lmt,dur", "manifest_url": "https://manifest.googlevideo.com/api/manifest/dash/requiressl/yes/signature/720B1C549BE5735B35FF9F25E21304BF307B1605.1C9E4E4E99139DBA4E5D49C18DCED125D257464B/itag/0/as/fmp4_audio_clear%2Cfmp4_sd_hd_clear/id/15a4159e75aee189/ei/6oGKWej5NI32WcnmqYAJ/ms/au/mt/1502249227/expire/1502271050/mv/u/pl/16/playback_host/r8---sn-xjpm-q0ns.googlevideo.com/hfr/1/mm/31/mn/sn-xjpm-q0ns/ipbits/0/source/youtube/sparams/as%2Cei%2Chfr%2Cid%2Cip%2Cipbits%2Citag%2Cmm%2Cmn%2Cms%2Cmv%2Cpl%2Cplayback_host%2Crequiressl%2Csource%2Cexpire/ip/131.159.40.117/key/yt6", "width": 640, "tbr": 566.799, "asr": null, "fps": 24, "language": null, "filesize": 14424432, "acodec": "none", "format": "134 - 640x360 (DASH video)", "protocol": "https", "http_headers": {"User-Agent": "Mozilla/5.0 (X11; Linux x86_64; rv:10.0) Gecko/20150101 Firefox/47.0 (Chrome)", "Accept-Charset": "ISO-8859-1,utf-8;q=0.7,*;q=0.7", "Accept": "text/html,application/xhtml+xml,application/xml;q=0.9,*/*;q=0.8", "Accept-Encoding": "gzip, deflate", "Accept-Language": "en-us,en;q=0.5"}}, {"format_id": "244", "url": "https://r8---sn-xjpm-q0ns.googlevideo.com/videoplayback?key=yt6&ip=131.159.40.117&mn=sn-xjpm-q0ns&mm=31&signature=6A6007899AE572697574FBDA6E5AA0D756951C25.A7ED3A23568FB13E5B24A9E6A4DA414D733D354C&ms=au&ei=6oGKWcfgFsKfWMWJpfgE&id=o-ALhW2qkPr9i1X--tXqAZJPkUknnBoCKIoJYlgiIzMjVi&mv=u&mt=1502249227&dur=458.708&keepalive=yes&lmt=1436512044277331&source=youtube&pl=16&itag=244&requiressl=yes&clen=22679702&mime=video%2Fwebm&ipbits=0&sparams=clen%2Cdur%2Cei%2Cgir%2Cid%2Cip%2Cipbits%2Citag%2Ckeepalive%2Clmt%2Cmime%2Cmm%2Cmn%2Cms%2Cmv%2Cpl%2Crequiressl%2Csource%2Cexpire&expire=1502271050&gir=yes&ratebypass=yes", "player_url": null, "ext": "webm", "height": 480, "format_note": "480p", "vcodec": "vp9", "filesize": 22679702, "tbr": 755.643, "width": 854, "fps": 24, "acodec": "none", "format": "244 - 854x480 (480p)", "protocol": "https", "http_headers": {"User-Agent": "Mozilla/5.0 (X11; Linux x86_64; rv:10.0) Gecko/20150101 Firefox/47.0 (Chrome)", "Accept-Charset": "ISO-8859-1,utf-8;q=0.7,*;q=0.7", "Accept": "text/html,application/xhtml+xml,application/xml;q=0.9,*/*;q=0.8", "Accept-Encoding": "gzip, deflate", "Accept-Language": "en-us,en;q=0.5"}}, {"ext": "mp4", "height": 480, "format_note": "DASH video", "vcodec": "avc1.4d401e", "format_id": "135", "url": "https://r8---sn-xjpm-q0ns.googlevideo.com/videoplayback?id=15a4159e75aee189&itag=135&source=youtube&requiressl=yes&ei=6oGKWej5NI32WcnmqYAJ&ms=au&mv=u&pl=16&mm=31&mn=sn-xjpm-q0ns&ratebypass=yes&mime=video/mp4&gir=yes&clen=30344492&lmt=1444537714927539&dur=458.749&signature=82FC54D4CF2E027A806804DC9B06D47A6D4FA302.4DB2A96CC9289A90F40A9055391997D558ED52A9&mt=1502249227&key=dg_yt0&ip=131.159.40.117&ipbits=0&expire=1502271050&sparams=ip,ipbits,expire,id,itag,source,requiressl,ei,ms,mv,pl,mm,mn,ratebypass,mime,gir,clen,lmt,dur", "manifest_url": "https://manifest.googlevideo.com/api/manifest/dash/requiressl/yes/signature/720B1C549BE5735B35FF9F25E21304BF307B1605.1C9E4E4E99139DBA4E5D49C18DCED125D257464B/itag/0/as/fmp4_audio_clear%2Cfmp4_sd_hd_clear/id/15a4159e75aee189/ei/6oGKWej5NI32WcnmqYAJ/ms/au/mt/1502249227/expire/1502271050/mv/u/pl/16/playback_host/r8---sn-xjpm-q0ns.googlevideo.com/hfr/1/mm/31/mn/sn-xjpm-q0ns/ipbits/0/source/youtube/sparams/as%2Cei%2Chfr%2Cid%2Cip%2Cipbits%2Citag%2Cmm%2Cmn%2Cms%2Cmv%2Cpl%2Cplayback_host%2Crequiressl%2Csource%2Cexpire/ip/131.159.40.117/key/yt6", "width": 854, "tbr": 1107.937, "asr": null, "fps": 24, "language": null, "filesize": 30344492, "acodec": "none", "format": "135 - 854x480 (DASH video)", "protocol": "https", "http_headers": {"User-Agent": "Mozilla/5.0 (X11; Linux x86_64; rv:10.0) Gecko/20150101 Firefox/47.0 (Chrome)", "Accept-Charset": "ISO-8859-1,utf-8;q=0.7,*;q=0.7", "Accept": "text/html,application/xhtml+xml,application/xml;q=0.9,*/*;q=0.8", "Accept-Encoding": "gzip, deflate", "Accept-Language": "en-us,en;q=0.5"}}, {"format_id": "247", "url": "https://r8---sn-xjpm-q0ns.googlevideo.com/videoplayback?key=yt6&ip=131.159.40.117&mn=sn-xjpm-q0ns&mm=31&signature=B8408FBE920BA61CEAF7E4DCE0B62341F5E1E70D.3B169CF426F0E93A86F9AE9DE5565F1AE28BBCB0&ms=au&ei=6oGKWcfgFsKfWMWJpfgE&id=o-ALhW2qkPr9i1X--tXqAZJPkUknnBoCKIoJYlgiIzMjVi&mv=u&mt=1502249227&dur=458.708&keepalive=yes&lmt=1436512080761491&source=youtube&pl=16&itag=247&requiressl=yes&clen=42664408&mime=video%2Fwebm&ipbits=0&sparams=clen%2Cdur%2Cei%2Cgir%2Cid%2Cip%2Cipbits%2Citag%2Ckeepalive%2Clmt%2Cmime%2Cmm%2Cmn%2Cms%2Cmv%2Cpl%2Crequiressl%2Csource%2Cexpire&expire=1502271050&gir=yes&ratebypass=yes", "player_url": null, "ext": "webm", "height": 720, "format_note": "720p", "vcodec": "vp9", "filesize": 42664408, "tbr": 1631.294, "width": 1280, "fps": 24, "acodec": "none", "format": "247 - 1280x720 (720p)", "protocol": "https", "http_headers": {"User-Agent": "Mozilla/5.0 (X11; Linux x86_64; rv:10.0) Gecko/20150101 Firefox/47.0 (Chrome)", "Accept-Charset": "ISO-8859-1,utf-8;q=0.7,*;q=0.7", "Accept": "text/html,application/xhtml+xml,application/xml;q=0.9,*/*;q=0.8", "Accept-Encoding": "gzip, deflate", "Accept-Language": "en-us,en;q=0.5"}}, {"ext": "mp4", "height": 720, "format_note": "DASH video", "vcodec": "avc1.4d401f", "format_id": "136", "url": "https://r8---sn-xjpm-q0ns.googlevideo.com/videoplayback?id=15a4159e75aee189&itag=136&source=youtube&requiressl=yes&ei=6oGKWej5NI32WcnmqYAJ&ms=au&mv=u&pl=16&mm=31&mn=sn-xjpm-q0ns&ratebypass=yes&mime=video/mp4&gir=yes&clen=60356832&lmt=1444537728473364&dur=458.749&signature=15DB35246617CCF0CA4C1927AAF4F3471B73EAE0.35E0D2DCAC95BBA05EF67B1649623AEEDA71431D&mt=1502249227&key=dg_yt0&ip=131.159.40.117&ipbits=0&expire=1502271050&sparams=ip,ipbits,expire,id,itag,source,requiressl,ei,ms,mv,pl,mm,mn,ratebypass,mime,gir,clen,lmt,dur", "manifest_url": "https://manifest.googlevideo.com/api/manifest/dash/requiressl/yes/signature/720B1C549BE5735B35FF9F25E21304BF307B1605.1C9E4E4E99139DBA4E5D49C18DCED125D257464B/itag/0/as/fmp4_audio_clear%2Cfmp4_sd_hd_clear/id/15a4159e75aee189/ei/6oGKWej5NI32WcnmqYAJ/ms/au/mt/1502249227/expire/1502271050/mv/u/pl/16/playback_host/r8---sn-xjpm-q0ns.googlevideo.com/hfr/1/mm/31/mn/sn-xjpm-q0ns/ipbits/0/source/youtube/sparams/as%2Cei%2Chfr%2Cid%2Cip%2Cipbits%2Citag%2Cmm%2Cmn%2Cms%2Cmv%2Cpl%2Cplayback_host%2Crequiressl%2Csource%2Cexpire/ip/131.159.40.117/key/yt6", "width": 1280, "tbr": 2003.173, "asr": null, "fps": 24, "language": null, "filesize": 60356832, "acodec": "none", "format": "136 - 1280x720 (DASH video)", "protocol": "https", "http_headers": {"User-Agent": "Mozilla/5.0 (X11; Linux x86_64; rv:10.0) Gecko/20150101 Firefox/47.0 (Chrome)", "Accept-Charset": "ISO-8859-1,utf-8;q=0.7,*;q=0.7", "Accept": "text/html,application/xhtml+xml,application/xml;q=0.9,*/*;q=0.8", "Accept-Encoding": "gzip, deflate", "Accept-Language": "en-us,en;q=0.5"}}, {"format_id": "248", "url": "https://r8---sn-xjpm-q0ns.googlevideo.com/videoplayback?key=yt6&ip=131.159.40.117&mn=sn-xjpm-q0ns&mm=31&signature=57804A778F13DBA7F39BBBD669ADD6381E4C5370.C09751818ADA3D640738ECAAC888B8A070E72A3C&ms=au&ei=6oGKWcfgFsKfWMWJpfgE&id=o-ALhW2qkPr9i1X--tXqAZJPkUknnBoCKIoJYlgiIzMjVi&mv=u&mt=1502249227&dur=458.708&keepalive=yes&lmt=1436512279453880&source=youtube&pl=16&itag=248&requiressl=yes&clen=75218800&mime=video%2Fwebm&ipbits=0&sparams=clen%2Cdur%2Cei%2Cgir%2Cid%2Cip%2Cipbits%2Citag%2Ckeepalive%2Clmt%2Cmime%2Cmm%2Cmn%2Cms%2Cmv%2Cpl%2Crequiressl%2Csource%2Cexpire&expire=1502271050&gir=yes&ratebypass=yes", "player_url": null, "ext": "webm", "height": 1080, "format_note": "1080p", "vcodec": "vp9", "filesize": 75218800, "tbr": 2795.417, "width": 1920, "fps": 24, "acodec": "none", "format": "248 - 1920x1080 (1080p)", "protocol": "https", "http_headers": {"User-Agent": "Mozilla/5.0 (X11; Linux x86_64; rv:10.0) Gecko/20150101 Firefox/47.0 (Chrome)", "Accept-Charset": "ISO-8859-1,utf-8;q=0.7,*;q=0.7", "Accept": "text/html,application/xhtml+xml,application/xml;q=0.9,*/*;q=0.8", "Accept-Encoding": "gzip, deflate", "Accept-Language": "en-us,en;q=0.5"}}, {"ext": "mp4", "height": 1080, "format_note": "DASH video", "vcodec": "avc1.640028", "format_id": "137", "url": "https://r8---sn-xjpm-q0ns.googlevideo.com/videoplayback?id=15a4159e75aee189&itag=137&source=youtube&requiressl=yes&ei=6oGKWej5NI32WcnmqYAJ&ms=au&mv=u&pl=16&mm=31&mn=sn-xjpm-q0ns&ratebypass=yes&mime=video/mp4&gir=yes&clen=113737472&lmt=1444537762833603&dur=458.749&signature=12839F57441BFABC06FC3326479C0F0648D9CD4A.6A3FF2BB6147270DA36EEF64F9174237A6FFD643&mt=1502249227&key=dg_yt0&ip=131.159.40.117&ipbits=0&expire=1502271050&sparams=ip,ipbits,expire,id,itag,source,requiressl,ei,ms,mv,pl,mm,mn,ratebypass,mime,gir,clen,lmt,dur", "manifest_url": "https://manifest.googlevideo.com/api/manifest/dash/requiressl/yes/signature/720B1C549BE5735B35FF9F25E21304BF307B1605.1C9E4E4E99139DBA4E5D49C18DCED125D257464B/itag/0/as/fmp4_audio_clear%2Cfmp4_sd_hd_clear/id/15a4159e75aee189/ei/6oGKWej5NI32WcnmqYAJ/ms/au/mt/1502249227/expire/1502271050/mv/u/pl/16/playback_host/r8---sn-xjpm-q0ns.googlevideo.com/hfr/1/mm/31/mn/sn-xjpm-q0ns/ipbits/0/source/youtube/sparams/as%2Cei%2Chfr%2Cid%2Cip%2Cipbits%2Citag%2Cmm%2Cmn%2Cms%2Cmv%2Cpl%2Cplayback_host%2Crequiressl%2Csource%2Cexpire/ip/131.159.40.117/key/yt6", "width": 1920, "tbr": 3387.937, "asr": null, "fps": 24, "language": null, "filesize": 113737472, "acodec": "none", "format": "137 - 1920x1080 (DASH video)", "protocol": "https", "http_headers": {"User-Agent": "Mozilla/5.0 (X11; Linux x86_64; rv:10.0) Gecko/20150101 Firefox/47.0 (Chrome)", "Accept-Charset": "ISO-8859-1,utf-8;q=0.7,*;q=0.7", "Accept": "text/html,application/xhtml+xml,application/xml;q=0.9,*/*;q=0.8", "Accept-Encoding": "gzip, deflate", "Accept-Language": "en-us,en;q=0.5"}}, {"format_id": "17", "url": "https://r8---sn-xjpm-q0ns.googlevideo.com/videoplayback?requiressl=yes&clen=4688428&key=yt6&ip=131.159.40.117&ipbits=0&mn=sn-xjpm-q0ns&mm=31&signature=14D818D4ED16C1426B8BE9503FAB0B4E1D9906DF.51C3323ACCF9D80A15A977F54F64CB1BC4913674&ms=au&ei=6oGKWcfgFsKfWMWJpfgE&id=o-ALhW2qkPr9i1X--tXqAZJPkUknnBoCKIoJYlgiIzMjVi&mv=u&mt=1502249227&expire=1502271050&dur=458.965&lmt=1436510061785328&source=youtube&mime=video%2F3gpp&pl=16&gir=yes&sparams=clen%2Cdur%2Cei%2Cgir%2Cid%2Cip%2Cipbits%2Citag%2Clmt%2Cmime%2Cmm%2Cmn%2Cms%2Cmv%2Cpl%2Crequiressl%2Csource%2Cexpire&itag=17&ratebypass=yes", "player_url": null, "ext": "3gp", "width": 176, "height": 144, "acodec": "mp4a.40.2", "abr": 24, "vcodec": "mp4v.20.3", "resolution": "176x144", "format_note": "small", "format": "17 - 176x144 (small)", "protocol": "https", "http_headers": {"User-Agent": "Mozilla/5.0 (X11; Linux x86_64; rv:10.0) Gecko/20150101 Firefox/47.0 (Chrome)", "Accept-Charset": "ISO-8859-1,utf-8;q=0.7,*;q=0.7", "Accept": "text/html,application/xhtml+xml,application/xml;q=0.9,*/*;q=0.8", "Accept-Encoding": "gzip, deflate", "Accept-Language": "en-us,en;q=0.5"}}, {"format_id": "36", "url": "https://r8---sn-xjpm-q0ns.googlevideo.com/videoplayback?requiressl=yes&clen=12961508&key=yt6&ip=131.159.40.117&ipbits=0&mn=sn-xjpm-q0ns&mm=31&signature=6A904C2CAD7C4D9B4453A00BD62A7598CBAC11A4.C4DB4E24888B18820A5753DE65145CB9F397B3BE&ms=au&ei=6oGKWcfgFsKfWMWJpfgE&id=o-ALhW2qkPr9i1X--tXqAZJPkUknnBoCKIoJYlgiIzMjVi&mv=u&mt=1502249227&expire=1502271050&dur=458.965&lmt=1436510134473751&source=youtube&mime=video%2F3gpp&pl=16&gir=yes&sparams=clen%2Cdur%2Cei%2Cgir%2Cid%2Cip%2Cipbits%2Citag%2Clmt%2Cmime%2Cmm%2Cmn%2Cms%2Cmv%2Cpl%2Crequiressl%2Csource%2Cexpire&itag=36&ratebypass=yes", "player_url": null, "ext": "3gp", "width": 320, "acodec": "mp4a.40.2", "vcodec": "mp4v.20.3", "resolution": "320x180", "height": 180, "format_note": "small", "format": "36 - 320x180 (small)", "protocol": "https", "http_headers": {"User-Agent": "Mozilla/5.0 (X11; Linux x86_64; rv:10.0) Gecko/20150101 Firefox/47.0 (Chrome)", "Accept-Charset": "ISO-8859-1,utf-8;q=0.7,*;q=0.7", "Accept": "text/html,application/xhtml+xml,application/xml;q=0.9,*/*;q=0.8", "Accept-Encoding": "gzip, deflate", "Accept-Language": "en-us,en;q=0.5"}}, {"format_id": "43", "url": "https://r8---sn-xjpm-q0ns.googlevideo.com/videoplayback?key=yt6&ip=131.159.40.117&mn=sn-xjpm-q0ns&mm=31&signature=AA674C33E77E9061C25CCD38139328DC3346DCB1.D4603F3906416857E4F347B3B6F3B1ABC7C16510&ms=au&ei=6oGKWcfgFsKfWMWJpfgE&id=o-ALhW2qkPr9i1X--tXqAZJPkUknnBoCKIoJYlgiIzMjVi&mv=u&mt=1502249227&dur=0.000&lmt=1436511885014261&source=youtube&pl=16&itag=43&requiressl=yes&clen=35062234&mime=video%2Fwebm&ratebypass=yes&ipbits=0&sparams=clen%2Cdur%2Cei%2Cgir%2Cid%2Cip%2Cipbits%2Citag%2Clmt%2Cmime%2Cmm%2Cmn%2Cms%2Cmv%2Cpl%2Cratebypass%2Crequiressl%2Csource%2Cexpire&expire=1502271050&gir=yes", "player_url": null, "ext": "webm", "width": 640, "height": 360, "acodec": "vorbis", "abr": 128, "vcodec": "vp8.0", "resolution": "640x360", "format_note": "medium", "format": "43 - 640x360 (medium)", "protocol": "https", "http_headers": {"User-Agent": "Mozilla/5.0 (X11; Linux x86_64; rv:10.0) Gecko/20150101 Firefox/47.0 (Chrome)", "Accept-Charset": "ISO-8859-1,utf-8;q=0.7,*;q=0.7", "Accept": "text/html,application/xhtml+xml,application/xml;q=0.9,*/*;q=0.8", "Accept-Encoding": "gzip, deflate", "Accept-Language": "en-us,en;q=0.5"}}, {"format_id": "18", "url": "https://r8---sn-xjpm-q0ns.googlevideo.com/videoplayback?key=yt6&ip=131.159.40.117&mn=sn-xjpm-q0ns&mm=31&signature=72B5BDBDA354AC50D3B7CEFC9F4097153E53BEF2.82977E97DF0B18D33BB0791BCB7EA650B2A7AE91&ms=au&ei=6oGKWcfgFsKfWMWJpfgE&id=o-ALhW2qkPr9i1X--tXqAZJPkUknnBoCKIoJYlgiIzMjVi&mv=u&mt=1502249227&dur=458.803&lmt=1444537514111785&source=youtube&pl=16&itag=18&requiressl=yes&clen=24243366&mime=video%2Fmp4&ratebypass=yes&ipbits=0&sparams=clen%2Cdur%2Cei%2Cgir%2Cid%2Cip%2Cipbits%2Citag%2Clmt%2Cmime%2Cmm%2Cmn%2Cms%2Cmv%2Cpl%2Cratebypass%2Crequiressl%2Csource%2Cexpire&expire=1502271050&gir=yes", "player_url": null, "ext": "mp4", "width": 640, "height": 360, "acodec": "mp4a.40.2", "abr": 96, "vcodec": "avc1.42001E", "resolution": "640x360", "format_note": "medium", "format": "18 - 640x360 (medium)", "protocol": "https", "http_headers": {"User-Agent": "Mozilla/5.0 (X11; Linux x86_64; rv:10.0) Gecko/20150101 Firefox/47.0 (Chrome)", "Accept-Charset": "ISO-8859-1,utf-8;q=0.7,*;q=0.7", "Accept": "text/html,application/xhtml+xml,application/xml;q=0.9,*/*;q=0.8", "Accept-Encoding": "gzip, deflate", "Accept-Language": "en-us,en;q=0.5"}}, {"format_id": "22", "url": "https://r8---sn-xjpm-q0ns.googlevideo.com/videoplayback?requiressl=yes&mv=u&key=yt6&mime=video%2Fmp4&ip=131.159.40.117&lmt=1471187171621497&ratebypass=yes&ipbits=0&mn=sn-xjpm-q0ns&mm=31&signature=CEEAB262FFCFE769B7F2C9006DA7DF235E1A96B2.855BEC6774F245F5A8C6C2343FC1879E945BCDA5&ms=au&ei=6oGKWcfgFsKfWMWJpfgE&id=o-ALhW2qkPr9i1X--tXqAZJPkUknnBoCKIoJYlgiIzMjVi&itag=22&mt=1502249227&expire=1502271050&dur=458.803&pl=16&sparams=dur%2Cei%2Cid%2Cip%2Cipbits%2Citag%2Clmt%2Cmime%2Cmm%2Cmn%2Cms%2Cmv%2Cpl%2Cratebypass%2Crequiressl%2Csource%2Cexpire&source=youtube", "player_url": null, "ext": "mp4", "width": 1280, "height": 720, "acodec": "mp4a.40.2", "abr": 192, "vcodec": "avc1.64001F", "resolution": "1280x720", "format_note": "hd720", "format": "22 - 1280x720 (hd720)", "protocol": "https", "http_headers": {"User-Agent": "Mozilla/5.0 (X11; Linux x86_64; rv:10.0) Gecko/20150101 Firefox/47.0 (Chrome)", "Accept-Charset": "ISO-8859-1,utf-8;q=0.7,*;q=0.7", "Accept": "text/html,application/xhtml+xml,application/xml;q=0.9,*/*;q=0.8", "Accept-Encoding": "gzip, deflate", "Accept-Language": "en-us,en;q=0.5"}}], "is_live": null, "start_time": null, "end_time": null, "series": null, "season_number": null, "episode_number": null, "extractor": "youtube", "webpage_url_basename": "FaQVnnWu4Yk", "extractor_key": "Youtube", "playlist": null, "playlist_index": null, "thumbnails": [{"url": "https://i.ytimg.com/vi/FaQVnnWu4Yk/default.jpg", "id": "0"}], "display_id": "FaQVnnWu4Yk", "ext": "mp4", "height": 1080, "format_note": "DASH video", "vcodec": "avc1.640028", "format_id": "137", "url": "https://r8---sn-xjpm-q0ns.googlevideo.com/videoplayback?id=15a4159e75aee189&itag=137&source=youtube&requiressl=yes&ei=6oGKWej5NI32WcnmqYAJ&ms=au&mv=u&pl=16&mm=31&mn=sn-xjpm-q0ns&ratebypass=yes&mime=video/mp4&gir=yes&clen=113737472&lmt=1444537762833603&dur=458.749&signature=12839F57441BFABC06FC3326479C0F0648D9CD4A.6A3FF2BB6147270DA36EEF64F9174237A6FFD643&mt=1502249227&key=dg_yt0&ip=131.159.40.117&ipbits=0&expire=1502271050&sparams=ip,ipbits,expire,id,itag,source,requiressl,ei,ms,mv,pl,mm,mn,ratebypass,mime,gir,clen,lmt,dur", "manifest_url": "https://manifest.googlevideo.com/api/manifest/dash/requiressl/yes/signature/720B1C549BE5735B35FF9F25E21304BF307B1605.1C9E4E4E99139DBA4E5D49C18DCED125D257464B/itag/0/as/fmp4_audio_clear%2Cfmp4_sd_hd_clear/id/15a4159e75aee189/ei/6oGKWej5NI32WcnmqYAJ/ms/au/mt/1502249227/expire/1502271050/mv/u/pl/16/playback_host/r8---sn-xjpm-q0ns.googlevideo.com/hfr/1/mm/31/mn/sn-xjpm-q0ns/ipbits/0/source/youtube/sparams/as%2Cei%2Chfr%2Cid%2Cip%2Cipbits%2Citag%2Cmm%2Cmn%2Cms%2Cmv%2Cpl%2Cplayback_host%2Crequiressl%2Csource%2Cexpire/ip/131.159.40.117/key/yt6", "width": 1920, "tbr": 3387.937, "asr": null, "fps": 24, "language": null, "filesize": 113737472, "acodec": "none", "format": "137 - 1920x1080 (DASH video)", "protocol": "https", "http_headers": {"User-Agent": "Mozilla/5.0 (X11; Linux x86_64; rv:10.0) Gecko/20150101 Firefox/47.0 (Chrome)", "Accept-Charset": "ISO-8859-1,utf-8;q=0.7,*;q=0.7", "Accept": "text/html,application/xhtml+xml,application/xml;q=0.9,*/*;q=0.8", "Accept-Encoding": "gzip, deflate", "Accept-Language": "en-us,en;q=0.5"}, "fulltitle": "Eunice's Beauty Habit : 7 Morning Beauty Habits | Wishtrend", "_filename": "FaQVnnWu4Yk.mp4"}