{"id": "tXcHhpmBSKI", "uploader": "Meredith Elizabeth", "uploader_id": null, "uploader_url": null, "upload_date": null, "license": null, "creator": null, "title": "Many Uses for Avani Dead Sea Cosmetics", "alt_title": null, "thumbnail": "https://i.ytimg.com/vi/tXcHhpmBSKI/default.jpg", "description": "", "categories": null, "tags": [], "subtitles": {}, "automatic_captions": {}, "duration": 129, "age_limit": 0, "annotations": null, "chapters": null, "webpage_url": "https://www.youtube.com/watch?v=tXcHhpmBSKI", "view_count": 6811, "like_count": null, "dislike_count": null, "average_rating": 4.11111116409, "formats": [{"ext": "m4a", "format_note": "DASH audio", "acodec": "mp4a.40.5", "abr": 48, "container": "m4a_dash", "format_id": "139", "url": "https://r1---sn-4g57knke.googlevideo.com/videoplayback?id=b5770786998148a2&itag=139&source=youtube&requiressl=yes&pl=16&mv=m&mn=sn-4g57knke&ms=au&mm=31&ei=1rOJWefZD8bjVJrZpqgI&initcwndbps=4585000&ratebypass=yes&mime=audio/mp4&gir=yes&clen=768869&lmt=1394658487384562&dur=129.149&signature=966FBD3EDF6531DE07A721A6BEE43B1B1B708CCF.08AF2C6DBF19C5118A33B3D84036104506EE653A&key=dg_yt0&mt=1502196603&ip=131.159.40.117&ipbits=0&expire=1502218294&sparams=ip,ipbits,expire,id,itag,source,requiressl,pl,mv,mn,ms,mm,ei,initcwndbps,ratebypass,mime,gir,clen,lmt,dur", "manifest_url": "https://manifest.googlevideo.com/api/manifest/dash/ip/131.159.40.117/requiressl/yes/sparams/as%2Cei%2Chfr%2Cid%2Cinitcwndbps%2Cip%2Cipbits%2Citag%2Cmm%2Cmn%2Cms%2Cmv%2Cpl%2Cplayback_host%2Crequiressl%2Csource%2Cexpire/signature/CAE9B427CACBD343434852391C1385533AA529EA.C465CB0FB287A3F64A684389E2AE28D5717F7F75/pl/16/source/youtube/mv/m/as/fmp4_audio_clear%2Cfmp4_sd_hd_clear/mn/sn-4g57knke/itag/0/ms/au/ipbits/0/mm/31/hfr/1/id/b5770786998148a2/key/yt6/expire/1502218294/playback_host/r1---sn-4g57knke.googlevideo.com/mt/1502196603/ei/1rOJWefZD8bjVJrZpqgI/initcwndbps/4585000", "width": null, "height": null, "tbr": 48.445, "asr": 22050, "fps": null, "language": null, "filesize": 768869, "vcodec": "none", "format": "139 - audio only (DASH audio)", "protocol": "https", "http_headers": {"User-Agent": "Mozilla/5.0 (X11; Linux x86_64; rv:10.0) Gecko/20150101 Firefox/47.0 (Chrome)", "Accept-Charset": "ISO-8859-1,utf-8;q=0.7,*;q=0.7", "Accept": "text/html,application/xhtml+xml,application/xml;q=0.9,*/*;q=0.8", "Accept-Encoding": "gzip, deflate", "Accept-Language": "en-us,en;q=0.5"}}, {"format_id": "249", "url": "https://r1---sn-4g57knke.googlevideo.com/videoplayback?keepalive=yes&ipbits=0&mm=31&mn=sn-4g57knke&ei=1bOJWeKmI8qQVL-is5AF&itag=249&ms=au&mt=1502196603&mv=m&sparams=clen%2Cdur%2Cei%2Cgir%2Cid%2Cinitcwndbps%2Cip%2Cipbits%2Citag%2Ckeepalive%2Clmt%2Cmime%2Cmm%2Cmn%2Cms%2Cmv%2Cpl%2Crequiressl%2Csource%2Cexpire&gir=yes&signature=9290AD09B6A267444CFDADFE9095ED2B489DBFD1.727BAEDAE347407C9F1C4F80068892752BB22F1B&ip=131.159.40.117&requiressl=yes&id=o-AFanUwMdy7AvSMcvytF8f4uBsmSooYPRDpMK01vhuG9x&lmt=1414517941913107&source=youtube&dur=129.041&key=yt6&initcwndbps=4585000&mime=audio%2Fwebm&pl=16&clen=842017&expire=1502218293&ratebypass=yes", "player_url": null, "ext": "webm", "format_note": "DASH audio", "acodec": "opus", "abr": 50, "filesize": 842017, "tbr": 53.511, "vcodec": "none", "format": "249 - audio only (DASH audio)", "protocol": "https", "http_headers": {"User-Agent": "Mozilla/5.0 (X11; Linux x86_64; rv:10.0) Gecko/20150101 Firefox/47.0 (Chrome)", "Accept-Charset": "ISO-8859-1,utf-8;q=0.7,*;q=0.7", "Accept": "text/html,application/xhtml+xml,application/xml;q=0.9,*/*;q=0.8", "Accept-Encoding": "gzip, deflate", "Accept-Language": "en-us,en;q=0.5"}}, {"format_id": "250", "url": "https://r1---sn-4g57knke.googlevideo.com/videoplayback?keepalive=yes&ipbits=0&mm=31&mn=sn-4g57knke&ei=1bOJWeKmI8qQVL-is5AF&itag=250&ms=au&mt=1502196603&mv=m&sparams=clen%2Cdur%2Cei%2Cgir%2Cid%2Cinitcwndbps%2Cip%2Cipbits%2Citag%2Ckeepalive%2Clmt%2Cmime%2Cmm%2Cmn%2Cms%2Cmv%2Cpl%2Crequiressl%2Csource%2Cexpire&gir=yes&signature=6EB7D314C35DC27A251FC9F21104EF4AF44E12A5.65A08E87BE30E4039C855726EF182FE9EB500BD8&ip=131.159.40.117&requiressl=yes&id=o-AFanUwMdy7AvSMcvytF8f4uBsmSooYPRDpMK01vhuG9x&lmt=1414517944817982&source=youtube&dur=129.041&key=yt6&initcwndbps=4585000&mime=audio%2Fwebm&pl=16&clen=1047211&expire=1502218293&ratebypass=yes", "player_url": null, "ext": "webm", "format_note": "DASH audio", "acodec": "opus", "abr": 70, "filesize": 1047211, "tbr": 67.756, "vcodec": "none", "format": "250 - audio only (DASH audio)", "protocol": "https", "http_headers": {"User-Agent": "Mozilla/5.0 (X11; Linux x86_64; rv:10.0) Gecko/20150101 Firefox/47.0 (Chrome)", "Accept-Charset": "ISO-8859-1,utf-8;q=0.7,*;q=0.7", "Accept": "text/html,application/xhtml+xml,application/xml;q=0.9,*/*;q=0.8", "Accept-Encoding": "gzip, deflate", "Accept-Language": "en-us,en;q=0.5"}}, {"format_id": "171", "url": "https://r1---sn-4g57knke.googlevideo.com/videoplayback?keepalive=yes&ipbits=0&mm=31&mn=sn-4g57knke&ei=1bOJWeKmI8qQVL-is5AF&itag=171&ms=au&mt=1502196603&mv=m&sparams=clen%2Cdur%2Cei%2Cgir%2Cid%2Cinitcwndbps%2Cip%2Cipbits%2Citag%2Ckeepalive%2Clmt%2Cmime%2Cmm%2Cmn%2Cms%2Cmv%2Cpl%2Crequiressl%2Csource%2Cexpire&gir=yes&signature=899120C07002E763DBB54B540431A6A20420233E.241688F3A10916670B32C84466602E4103392226&ip=131.159.40.117&requiressl=yes&id=o-AFanUwMdy7AvSMcvytF8f4uBsmSooYPRDpMK01vhuG9x&lmt=1414517944139332&source=youtube&dur=129.041&key=yt6&initcwndbps=4585000&mime=audio%2Fwebm&pl=16&clen=1497947&expire=1502218293&ratebypass=yes", "player_url": null, "ext": "webm", "acodec": "vorbis", "format_note": "DASH audio", "abr": 128, "filesize": 1497947, "tbr": 95.133, "vcodec": "none", "format": "171 - audio only (DASH audio)", "protocol": "https", "http_headers": {"User-Agent": "Mozilla/5.0 (X11; Linux x86_64; rv:10.0) Gecko/20150101 Firefox/47.0 (Chrome)", "Accept-Charset": "ISO-8859-1,utf-8;q=0.7,*;q=0.7", "Accept": "text/html,application/xhtml+xml,application/xml;q=0.9,*/*;q=0.8", "Accept-Encoding": "gzip, deflate", "Accept-Language": "en-us,en;q=0.5"}}, {"ext": "m4a", "format_note": "DASH audio", "acodec": "mp4a.40.2", "abr": 128, "container": "m4a_dash", "format_id": "140", "url": "https://r1---sn-4g57knke.googlevideo.com/videoplayback?id=b5770786998148a2&itag=140&source=youtube&requiressl=yes&pl=16&mv=m&mn=sn-4g57knke&ms=au&mm=31&ei=1rOJWefZD8bjVJrZpqgI&initcwndbps=4585000&ratebypass=yes&mime=audio/mp4&gir=yes&clen=2051047&lmt=1394658484579007&dur=129.102&signature=14012447BDB8A5FEDD3E4161A87F5F6D2EE8D2F0.0E8B19F50632522615A2371C026ED812A4B86A18&key=dg_yt0&mt=1502196603&ip=131.159.40.117&ipbits=0&expire=1502218294&sparams=ip,ipbits,expire,id,itag,source,requiressl,pl,mv,mn,ms,mm,ei,initcwndbps,ratebypass,mime,gir,clen,lmt,dur", "manifest_url": "https://manifest.googlevideo.com/api/manifest/dash/ip/131.159.40.117/requiressl/yes/sparams/as%2Cei%2Chfr%2Cid%2Cinitcwndbps%2Cip%2Cipbits%2Citag%2Cmm%2Cmn%2Cms%2Cmv%2Cpl%2Cplayback_host%2Crequiressl%2Csource%2Cexpire/signature/CAE9B427CACBD343434852391C1385533AA529EA.C465CB0FB287A3F64A684389E2AE28D5717F7F75/pl/16/source/youtube/mv/m/as/fmp4_audio_clear%2Cfmp4_sd_hd_clear/mn/sn-4g57knke/itag/0/ms/au/ipbits/0/mm/31/hfr/1/id/b5770786998148a2/key/yt6/expire/1502218294/playback_host/r1---sn-4g57knke.googlevideo.com/mt/1502196603/ei/1rOJWefZD8bjVJrZpqgI/initcwndbps/4585000", "width": null, "height": null, "tbr": 127.704, "asr": 44100, "fps": null, "language": null, "filesize": 2051047, "vcodec": "none", "format": "140 - audio only (DASH audio)", "protocol": "https", "http_headers": {"User-Agent": "Mozilla/5.0 (X11; Linux x86_64; rv:10.0) Gecko/20150101 Firefox/47.0 (Chrome)", "Accept-Charset": "ISO-8859-1,utf-8;q=0.7,*;q=0.7", "Accept": "text/html,application/xhtml+xml,application/xml;q=0.9,*/*;q=0.8", "Accept-Encoding": "gzip, deflate", "Accept-Language": "en-us,en;q=0.5"}}, {"format_id": "251", "url": "https://r1---sn-4g57knke.googlevideo.com/videoplayback?keepalive=yes&ipbits=0&mm=31&mn=sn-4g57knke&ei=1bOJWeKmI8qQVL-is5AF&itag=251&ms=au&mt=1502196603&mv=m&sparams=clen%2Cdur%2Cei%2Cgir%2Cid%2Cinitcwndbps%2Cip%2Cipbits%2Citag%2Ckeepalive%2Clmt%2Cmime%2Cmm%2Cmn%2Cms%2Cmv%2Cpl%2Crequiressl%2Csource%2Cexpire&gir=yes&signature=054672F7AD70A210616C4F0A8DFB15031DD4B753.322CB2BD756D98562719810AD64FB9C331576126&ip=131.159.40.117&requiressl=yes&id=o-AFanUwMdy7AvSMcvytF8f4uBsmSooYPRDpMK01vhuG9x&lmt=1414517943411945&source=youtube&dur=129.041&key=yt6&initcwndbps=4585000&mime=audio%2Fwebm&pl=16&clen=2214420&expire=1502218293&ratebypass=yes", "player_url": null, "ext": "webm", "format_note": "DASH audio", "acodec": "opus", "abr": 160, "filesize": 2214420, "tbr": 141.9, "vcodec": "none", "format": "251 - audio only (DASH audio)", "protocol": "https", "http_headers": {"User-Agent": "Mozilla/5.0 (X11; Linux x86_64; rv:10.0) Gecko/20150101 Firefox/47.0 (Chrome)", "Accept-Charset": "ISO-8859-1,utf-8;q=0.7,*;q=0.7", "Accept": "text/html,application/xhtml+xml,application/xml;q=0.9,*/*;q=0.8", "Accept-Encoding": "gzip, deflate", "Accept-Language": "en-us,en;q=0.5"}}, {"ext": "mp4", "height": 144, "format_note": "DASH video", "vcodec": "avc1.42c00c", "format_id": "160", "url": "https://r1---sn-4g57knke.googlevideo.com/videoplayback?id=b5770786998148a2&itag=160&source=youtube&requiressl=yes&pl=16&mv=m&mn=sn-4g57knke&ms=au&mm=31&ei=1rOJWefZD8bjVJrZpqgI&initcwndbps=4585000&ratebypass=yes&mime=video/mp4&gir=yes&clen=1807666&lmt=1394658485371479&dur=129.033&signature=82A1803EAA88E94BF7A917143D374F21165A05C7.8208B3F1C2BC2DE90D6B078B66EF9AE81F32CA42&key=dg_yt0&mt=1502196603&ip=131.159.40.117&ipbits=0&expire=1502218294&sparams=ip,ipbits,expire,id,itag,source,requiressl,pl,mv,mn,ms,mm,ei,initcwndbps,ratebypass,mime,gir,clen,lmt,dur", "manifest_url": "https://manifest.googlevideo.com/api/manifest/dash/ip/131.159.40.117/requiressl/yes/sparams/as%2Cei%2Chfr%2Cid%2Cinitcwndbps%2Cip%2Cipbits%2Citag%2Cmm%2Cmn%2Cms%2Cmv%2Cpl%2Cplayback_host%2Crequiressl%2Csource%2Cexpire/signature/CAE9B427CACBD343434852391C1385533AA529EA.C465CB0FB287A3F64A684389E2AE28D5717F7F75/pl/16/source/youtube/mv/m/as/fmp4_audio_clear%2Cfmp4_sd_hd_clear/mn/sn-4g57knke/itag/0/ms/au/ipbits/0/mm/31/hfr/1/id/b5770786998148a2/key/yt6/expire/1502218294/playback_host/r1---sn-4g57knke.googlevideo.com/mt/1502196603/ei/1rOJWefZD8bjVJrZpqgI/initcwndbps/4585000", "width": 192, "tbr": 115.794, "asr": null, "fps": 15, "language": null, "filesize": 1807666, "acodec": "none", "format": "160 - 192x144 (DASH video)", "protocol": "https", "http_headers": {"User-Agent": "Mozilla/5.0 (X11; Linux x86_64; rv:10.0) Gecko/20150101 Firefox/47.0 (Chrome)", "Accept-Charset": "ISO-8859-1,utf-8;q=0.7,*;q=0.7", "Accept": "text/html,application/xhtml+xml,application/xml;q=0.9,*/*;q=0.8", "Accept-Encoding": "gzip, deflate", "Accept-Language": "en-us,en;q=0.5"}}, {"ext": "mp4", "height": 240, "format_note": "DASH video", "vcodec": "avc1.4d400d", "format_id": "133", "url": "https://r1---sn-4g57knke.googlevideo.com/videoplayback?id=b5770786998148a2&itag=133&source=youtube&requiressl=yes&pl=16&mv=m&mn=sn-4g57knke&ms=au&mm=31&ei=1rOJWefZD8bjVJrZpqgI&initcwndbps=4585000&ratebypass=yes&mime=video/mp4&gir=yes&clen=3959373&lmt=1394658494289048&dur=129.033&signature=5B9F7C72F5CC15C76E110AA1E4D22B6814480F19.89572FC1DDAC6745129C91D291738B734CF26F97&key=dg_yt0&mt=1502196603&ip=131.159.40.117&ipbits=0&expire=1502218294&sparams=ip,ipbits,expire,id,itag,source,requiressl,pl,mv,mn,ms,mm,ei,initcwndbps,ratebypass,mime,gir,clen,lmt,dur", "manifest_url": "https://manifest.googlevideo.com/api/manifest/dash/ip/131.159.40.117/requiressl/yes/sparams/as%2Cei%2Chfr%2Cid%2Cinitcwndbps%2Cip%2Cipbits%2Citag%2Cmm%2Cmn%2Cms%2Cmv%2Cpl%2Cplayback_host%2Crequiressl%2Csource%2Cexpire/signature/CAE9B427CACBD343434852391C1385533AA529EA.C465CB0FB287A3F64A684389E2AE28D5717F7F75/pl/16/source/youtube/mv/m/as/fmp4_audio_clear%2Cfmp4_sd_hd_clear/mn/sn-4g57knke/itag/0/ms/au/ipbits/0/mm/31/hfr/1/id/b5770786998148a2/key/yt6/expire/1502218294/playback_host/r1---sn-4g57knke.googlevideo.com/mt/1502196603/ei/1rOJWefZD8bjVJrZpqgI/initcwndbps/4585000", "width": 320, "tbr": 248.343, "asr": null, "fps": 30, "language": null, "filesize": 3959373, "acodec": "none", "format": "133 - 320x240 (DASH video)", "protocol": "https", "http_headers": {"User-Agent": "Mozilla/5.0 (X11; Linux x86_64; rv:10.0) Gecko/20150101 Firefox/47.0 (Chrome)", "Accept-Charset": "ISO-8859-1,utf-8;q=0.7,*;q=0.7", "Accept": "text/html,application/xhtml+xml,application/xml;q=0.9,*/*;q=0.8", "Accept-Encoding": "gzip, deflate", "Accept-Language": "en-us,en;q=0.5"}}, {"ext": "mp4", "height": 360, "format_note": "DASH video", "vcodec": "avc1.4d401e", "format_id": "134", "url": "https://r1---sn-4g57knke.googlevideo.com/videoplayback?id=b5770786998148a2&itag=134&source=youtube&requiressl=yes&pl=16&mv=m&mn=sn-4g57knke&ms=au&mm=31&ei=1rOJWefZD8bjVJrZpqgI&initcwndbps=4585000&ratebypass=yes&mime=video/mp4&gir=yes&clen=4826550&lmt=1394658488573130&dur=129.033&signature=46999646DDA1BAA4A23384C448E0ECE047FA340B.10501294CC7D098435633DBFC00FE19280D5A7ED&key=dg_yt0&mt=1502196603&ip=131.159.40.117&ipbits=0&expire=1502218294&sparams=ip,ipbits,expire,id,itag,source,requiressl,pl,mv,mn,ms,mm,ei,initcwndbps,ratebypass,mime,gir,clen,lmt,dur", "manifest_url": "https://manifest.googlevideo.com/api/manifest/dash/ip/131.159.40.117/requiressl/yes/sparams/as%2Cei%2Chfr%2Cid%2Cinitcwndbps%2Cip%2Cipbits%2Citag%2Cmm%2Cmn%2Cms%2Cmv%2Cpl%2Cplayback_host%2Crequiressl%2Csource%2Cexpire/signature/CAE9B427CACBD343434852391C1385533AA529EA.C465CB0FB287A3F64A684389E2AE28D5717F7F75/pl/16/source/youtube/mv/m/as/fmp4_audio_clear%2Cfmp4_sd_hd_clear/mn/sn-4g57knke/itag/0/ms/au/ipbits/0/mm/31/hfr/1/id/b5770786998148a2/key/yt6/expire/1502218294/playback_host/r1---sn-4g57knke.googlevideo.com/mt/1502196603/ei/1rOJWefZD8bjVJrZpqgI/initcwndbps/4585000", "width": 480, "tbr": 382.273, "asr": null, "fps": 30, "language": null, "filesize": 4826550, "acodec": "none", "format": "134 - 480x360 (DASH video)", "protocol": "https", "http_headers": {"User-Agent": "Mozilla/5.0 (X11; Linux x86_64; rv:10.0) Gecko/20150101 Firefox/47.0 (Chrome)", "Accept-Charset": "ISO-8859-1,utf-8;q=0.7,*;q=0.7", "Accept": "text/html,application/xhtml+xml,application/xml;q=0.9,*/*;q=0.8", "Accept-Encoding": "gzip, deflate", "Accept-Language": "en-us,en;q=0.5"}}, {"ext": "mp4", "height": 480, "format_note": "DASH video", "vcodec": "avc1.4d401e", "format_id": "135", "url": "https://r1---sn-4g57knke.googlevideo.com/videoplayback?id=b5770786998148a2&itag=135&source=youtube&requiressl=yes&pl=16&mv=m&mn=sn-4g57knke&ms=au&mm=31&ei=1rOJWefZD8bjVJrZpqgI&initcwndbps=4585000&ratebypass=yes&mime=video/mp4&gir=yes&clen=10470662&lmt=1394658489382404&dur=129.033&signature=5AB1D7E7C69C23B318EC87D330382369285186F0.42A820FAC43EB648AC299DECDFD989CACEC2CAE2&key=dg_yt0&mt=1502196603&ip=131.159.40.117&ipbits=0&expire=1502218294&sparams=ip,ipbits,expire,id,itag,source,requiressl,pl,mv,mn,ms,mm,ei,initcwndbps,ratebypass,mime,gir,clen,lmt,dur", "manifest_url": "https://manifest.googlevideo.com/api/manifest/dash/ip/131.159.40.117/requiressl/yes/sparams/as%2Cei%2Chfr%2Cid%2Cinitcwndbps%2Cip%2Cipbits%2Citag%2Cmm%2Cmn%2Cms%2Cmv%2Cpl%2Cplayback_host%2Crequiressl%2Csource%2Cexpire/signature/CAE9B427CACBD343434852391C1385533AA529EA.C465CB0FB287A3F64A684389E2AE28D5717F7F75/pl/16/source/youtube/mv/m/as/fmp4_audio_clear%2Cfmp4_sd_hd_clear/mn/sn-4g57knke/itag/0/ms/au/ipbits/0/mm/31/hfr/1/id/b5770786998148a2/key/yt6/expire/1502218294/playback_host/r1---sn-4g57knke.googlevideo.com/mt/1502196603/ei/1rOJWefZD8bjVJrZpqgI/initcwndbps/4585000", "width": 640, "tbr": 802.147, "asr": null, "fps": 30, "language": null, "filesize": 10470662, "acodec": "none", "format": "135 - 640x480 (DASH video)", "protocol": "https", "http_headers": {"User-Agent": "Mozilla/5.0 (X11; Linux x86_64; rv:10.0) Gecko/20150101 Firefox/47.0 (Chrome)", "Accept-Charset": "ISO-8859-1,utf-8;q=0.7,*;q=0.7", "Accept": "text/html,application/xhtml+xml,application/xml;q=0.9,*/*;q=0.8", "Accept-Encoding": "gzip, deflate", "Accept-Language": "en-us,en;q=0.5"}}, {"format_id": "17", "url": "https://r1---sn-4g57knke.googlevideo.com/videoplayback?ipbits=0&mm=31&mn=sn-4g57knke&ei=1bOJWeKmI8qQVL-is5AF&itag=17&ms=au&mt=1502196603&mv=m&sparams=clen%2Cdur%2Cei%2Cgir%2Cid%2Cinitcwndbps%2Cip%2Cipbits%2Citag%2Clmt%2Cmime%2Cmm%2Cmn%2Cms%2Cmv%2Cpl%2Crequiressl%2Csource%2Cexpire&gir=yes&signature=A7642B4AC6E17E5AECB1CD9EF7E89D08472ED2FF.07B63F991ECFBD3E95D9BFD424A02F1EA851D857&ip=131.159.40.117&requiressl=yes&id=o-AFanUwMdy7AvSMcvytF8f4uBsmSooYPRDpMK01vhuG9x&lmt=1394658492287251&source=youtube&dur=129.381&key=yt6&initcwndbps=4585000&mime=video%2F3gpp&pl=16&clen=1294043&expire=1502218293&ratebypass=yes", "player_url": null, "ext": "3gp", "width": 176, "height": 144, "acodec": "mp4a.40.2", "abr": 24, "vcodec": "mp4v.20.3", "resolution": "176x144", "format_note": "small", "format": "17 - 176x144 (small)", "protocol": "https", "http_headers": {"User-Agent": "Mozilla/5.0 (X11; Linux x86_64; rv:10.0) Gecko/20150101 Firefox/47.0 (Chrome)", "Accept-Charset": "ISO-8859-1,utf-8;q=0.7,*;q=0.7", "Accept": "text/html,application/xhtml+xml,application/xml;q=0.9,*/*;q=0.8", "Accept-Encoding": "gzip, deflate", "Accept-Language": "en-us,en;q=0.5"}}, {"format_id": "36", "url": "https://r1---sn-4g57knke.googlevideo.com/videoplayback?ipbits=0&mm=31&mn=sn-4g57knke&ei=1bOJWeKmI8qQVL-is5AF&itag=36&ms=au&mt=1502196603&mv=m&sparams=clen%2Cdur%2Cei%2Cgir%2Cid%2Cinitcwndbps%2Cip%2Cipbits%2Citag%2Clmt%2Cmime%2Cmm%2Cmn%2Cms%2Cmv%2Cpl%2Crequiressl%2Csource%2Cexpire&gir=yes&signature=CD9708359EB8E4B982EBE8D5EE57B91E86BB13B0.CC4FCB52D7BADD71C9D8938AFC645F85AD12F872&ip=131.159.40.117&requiressl=yes&id=o-AFanUwMdy7AvSMcvytF8f4uBsmSooYPRDpMK01vhuG9x&lmt=1394658507712855&source=youtube&dur=129.242&key=yt6&initcwndbps=4585000&mime=video%2F3gpp&pl=16&clen=3623859&expire=1502218293&ratebypass=yes", "player_url": null, "ext": "3gp", "width": 320, "acodec": "mp4a.40.2", "vcodec": "mp4v.20.3", "resolution": "320x240", "height": 240, "format_note": "small", "format": "36 - 320x240 (small)", "protocol": "https", "http_headers": {"User-Agent": "Mozilla/5.0 (X11; Linux x86_64; rv:10.0) Gecko/20150101 Firefox/47.0 (Chrome)", "Accept-Charset": "ISO-8859-1,utf-8;q=0.7,*;q=0.7", "Accept": "text/html,application/xhtml+xml,application/xml;q=0.9,*/*;q=0.8", "Accept-Encoding": "gzip, deflate", "Accept-Language": "en-us,en;q=0.5"}}, {"format_id": "18", "url": "https://r1---sn-4g57knke.googlevideo.com/videoplayback?ipbits=0&mm=31&mn=sn-4g57knke&ei=1bOJWeKmI8qQVL-is5AF&itag=18&ms=au&mt=1502196603&mv=m&sparams=clen%2Cdur%2Cei%2Cgir%2Cid%2Cinitcwndbps%2Cip%2Cipbits%2Citag%2Clmt%2Cmime%2Cmm%2Cmn%2Cms%2Cmv%2Cpl%2Cratebypass%2Crequiressl%2Csource%2Cexpire&gir=yes&signature=2894340967B7CDFE88AF757F22E9CF9D1C6AE8C6.45BE3FBCAFF3BC7D6AC29ECD96426F8BA5211E20&ip=131.159.40.117&requiressl=yes&id=o-AFanUwMdy7AvSMcvytF8f4uBsmSooYPRDpMK01vhuG9x&lmt=1394658509866627&source=youtube&ratebypass=yes&dur=129.102&key=yt6&initcwndbps=4585000&mime=video%2Fmp4&pl=16&clen=6605225&expire=1502218293", "player_url": null, "ext": "mp4", "width": 480, "height": 360, "acodec": "mp4a.40.2", "abr": 96, "vcodec": "avc1.42001E", "resolution": "480x360", "format_note": "medium", "format": "18 - 480x360 (medium)", "protocol": "https", "http_headers": {"User-Agent": "Mozilla/5.0 (X11; Linux x86_64; rv:10.0) Gecko/20150101 Firefox/47.0 (Chrome)", "Accept-Charset": "ISO-8859-1,utf-8;q=0.7,*;q=0.7", "Accept": "text/html,application/xhtml+xml,application/xml;q=0.9,*/*;q=0.8", "Accept-Encoding": "gzip, deflate", "Accept-Language": "en-us,en;q=0.5"}}, {"format_id": "43", "url": "https://r1---sn-4g57knke.googlevideo.com/videoplayback?ipbits=0&mm=31&mn=sn-4g57knke&ei=1bOJWeKmI8qQVL-is5AF&itag=43&ms=au&mt=1502196603&mv=m&sparams=clen%2Cdur%2Cei%2Cgir%2Cid%2Cinitcwndbps%2Cip%2Cipbits%2Citag%2Clmt%2Cmime%2Cmm%2Cmn%2Cms%2Cmv%2Cpl%2Cratebypass%2Crequiressl%2Csource%2Cexpire&gir=yes&signature=91E0B3E28DDC2589D9062FB033A08FA4F272A57B.E4086B0B963CEA7096577E1267CA1FCA7B880652&ip=131.159.40.117&requiressl=yes&id=o-AFanUwMdy7AvSMcvytF8f4uBsmSooYPRDpMK01vhuG9x&lmt=1394668727692777&source=youtube&ratebypass=yes&dur=0.000&key=yt6&initcwndbps=4585000&mime=video%2Fwebm&pl=16&clen=10091358&expire=1502218293", "player_url": null, "ext": "webm", "width": 640, "height": 360, "acodec": "vorbis", "abr": 128, "vcodec": "vp8.0", "resolution": "640x360", "format_note": "medium", "format": "43 - 640x360 (medium)", "protocol": "https", "http_headers": {"User-Agent": "Mozilla/5.0 (X11; Linux x86_64; rv:10.0) Gecko/20150101 Firefox/47.0 (Chrome)", "Accept-Charset": "ISO-8859-1,utf-8;q=0.7,*;q=0.7", "Accept": "text/html,application/xhtml+xml,application/xml;q=0.9,*/*;q=0.8", "Accept-Encoding": "gzip, deflate", "Accept-Language": "en-us,en;q=0.5"}}], "is_live": null, "start_time": null, "end_time": null, "series": null, "season_number": null, "episode_number": null, "extractor": "youtube", "webpage_url_basename": "tXcHhpmBSKI", "extractor_key": "Youtube", "playlist": null, "playlist_index": null, "thumbnails": [{"url": "https://i.ytimg.com/vi/tXcHhpmBSKI/default.jpg", "id": "0"}], "display_id": "tXcHhpmBSKI", "ext": "mp4", "height": 480, "format_note": "DASH video", "vcodec": "avc1.4d401e", "format_id": "135", "url": "https://r1---sn-4g57knke.googlevideo.com/videoplayback?id=b5770786998148a2&itag=135&source=youtube&requiressl=yes&pl=16&mv=m&mn=sn-4g57knke&ms=au&mm=31&ei=1rOJWefZD8bjVJrZpqgI&initcwndbps=4585000&ratebypass=yes&mime=video/mp4&gir=yes&clen=10470662&lmt=1394658489382404&dur=129.033&signature=5AB1D7E7C69C23B318EC87D330382369285186F0.42A820FAC43EB648AC299DECDFD989CACEC2CAE2&key=dg_yt0&mt=1502196603&ip=131.159.40.117&ipbits=0&expire=1502218294&sparams=ip,ipbits,expire,id,itag,source,requiressl,pl,mv,mn,ms,mm,ei,initcwndbps,ratebypass,mime,gir,clen,lmt,dur", "manifest_url": "https://manifest.googlevideo.com/api/manifest/dash/ip/131.159.40.117/requiressl/yes/sparams/as%2Cei%2Chfr%2Cid%2Cinitcwndbps%2Cip%2Cipbits%2Citag%2Cmm%2Cmn%2Cms%2Cmv%2Cpl%2Cplayback_host%2Crequiressl%2Csource%2Cexpire/signature/CAE9B427CACBD343434852391C1385533AA529EA.C465CB0FB287A3F64A684389E2AE28D5717F7F75/pl/16/source/youtube/mv/m/as/fmp4_audio_clear%2Cfmp4_sd_hd_clear/mn/sn-4g57knke/itag/0/ms/au/ipbits/0/mm/31/hfr/1/id/b5770786998148a2/key/yt6/expire/1502218294/playback_host/r1---sn-4g57knke.googlevideo.com/mt/1502196603/ei/1rOJWefZD8bjVJrZpqgI/initcwndbps/4585000", "width": 640, "tbr": 802.147, "asr": null, "fps": 30, "language": null, "filesize": 10470662, "acodec": "none", "format": "135 - 640x480 (DASH video)", "protocol": "https", "http_headers": {"User-Agent": "Mozilla/5.0 (X11; Linux x86_64; rv:10.0) Gecko/20150101 Firefox/47.0 (Chrome)", "Accept-Charset": "ISO-8859-1,utf-8;q=0.7,*;q=0.7", "Accept": "text/html,application/xhtml+xml,application/xml;q=0.9,*/*;q=0.8", "Accept-Encoding": "gzip, deflate", "Accept-Language": "en-us,en;q=0.5"}, "fulltitle": "Many Uses for Avani Dead Sea Cosmetics", "_filename": "tXcHhpmBSKI.mp4"}