{"id": "ZOoBG1r-7y4", "uploader": "NASA Goddard", "uploader_id": "NASAexplorer", "uploader_url": "http://www.youtube.com/user/NASAexplorer", "upload_date": "20130621", "license": "Standard YouTube License", "creator": null, "title": "NASA | Supermoon 2013", "alt_title": null, "thumbnail": "https://i.ytimg.com/vi/ZOoBG1r-7y4/maxresdefault.jpg", "description": "Dr. Michelle Thaller answers questions about what a Supermoon is and talks about how NASA is studying the moon with the Lunar Reconnaissance Orbiter\n\n\nLike our videos? Subscribe to NASA's Goddard Shorts HD podcast:\nhttp://svs.gsfc.nasa.gov/vis/iTunes/f0004_index.html\n\nOr find NASA Goddard Space Flight Center on Facebook:\nhttp://www.facebook.com/NASA.GSFC\n\nOr find us on Twitter:\nhttp://twitter.com/NASAGoddard", "categories": ["Science & Technology"], "tags": ["NASA", "Dr. Michelle Thaller", "Supermoon", "Interview", "LRO", "Lunar Reconnaissance Orbiter", "Data", "Moon", "Phase", "Lunar", "Luna"], "subtitles": {}, "automatic_captions": {}, "duration": 308, "age_limit": 0, "annotations": null, "chapters": null, "webpage_url": "https://www.youtube.com/watch?v=ZOoBG1r-7y4", "view_count": 72796, "like_count": 566, "dislike_count": 23, "average_rating": 4.84380292892, "formats": [{"ext": "m4a", "format_note": "DASH audio", "acodec": "mp4a.40.5", "abr": 48, "container": "m4a_dash", "format_id": "139", "url": "https://r9---sn-4g57knkl.googlevideo.com/videoplayback?id=64ea011b5afeef2e&itag=139&source=youtube&requiressl=yes&ei=e-eKWb_IHs37VtupgYgD&initcwndbps=4125000&pl=16&mn=sn-4g57knkl&mm=31&ms=au&mv=m&ratebypass=yes&mime=audio/mp4&gir=yes&clen=1859660&lmt=1405370772603863&dur=308.174&mt=1502275370&signature=0C8691F26A70A65BA621CD0726DDB106246340BE.4B536FD7D4E6F292E48D5E256867EF392BD8414A&key=dg_yt0&ip=131.159.40.117&ipbits=0&expire=1502297051&sparams=ip,ipbits,expire,id,itag,source,requiressl,ei,initcwndbps,pl,mn,mm,ms,mv,ratebypass,mime,gir,clen,lmt,dur", "manifest_url": "https://manifest.googlevideo.com/api/manifest/dash/as/fmp4_audio_clear%2Cfmp4_sd_hd_clear/ei/e-eKWb_IHs37VtupgYgD/ipbits/0/initcwndbps/4125000/sparams/as%2Cei%2Chfr%2Cid%2Cinitcwndbps%2Cip%2Cipbits%2Citag%2Cmm%2Cmn%2Cms%2Cmv%2Cpl%2Cplayback_host%2Crequiressl%2Csource%2Cexpire/mt/1502275370/pl/16/id/64ea011b5afeef2e/mn/sn-4g57knkl/mm/31/signature/DF1E22BECB2AEC2CF785B23757A83968DC600553.C9A438039CD5A44DA033B1C1061591A0B581AC67/ms/au/hfr/1/playback_host/r9---sn-4g57knkl.googlevideo.com/expire/1502297051/source/youtube/itag/0/ip/131.159.40.117/requiressl/yes/key/yt6/mv/m", "width": null, "height": null, "tbr": 49.323, "asr": 22050, "fps": null, "language": null, "filesize": 1859660, "vcodec": "none", "format": "139 - audio only (DASH audio)", "protocol": "https", "http_headers": {"User-Agent": "Mozilla/5.0 (X11; Linux x86_64; rv:10.0) Gecko/20150101 Firefox/47.0 (Chrome)", "Accept-Charset": "ISO-8859-1,utf-8;q=0.7,*;q=0.7", "Accept": "text/html,application/xhtml+xml,application/xml;q=0.9,*/*;q=0.8", "Accept-Encoding": "gzip, deflate", "Accept-Language": "en-us,en;q=0.5"}}, {"format_id": "171", "url": "https://r9---sn-4g57knkl.googlevideo.com/videoplayback?ei=e-eKWYTvBcTeVbv4sGA&lmt=1405388656894747&requiressl=yes&mv=m&mt=1502275370&ms=au&ip=131.159.40.117&key=yt6&mn=sn-4g57knkl&mm=31&id=o-ACXhOwwcK7gr53GA_8RIrPPZNKz0w1nbksL2kd3f5kox&gir=yes&signature=BBFEC24E25CA65161623C3204221C73C28EDB7ED.30412B9DB3ACD2F73E49042AA8C52849DDBCA3C6&initcwndbps=4125000&clen=3420900&ipbits=0&source=youtube&sparams=clen%2Cdur%2Cei%2Cgir%2Cid%2Cinitcwndbps%2Cip%2Cipbits%2Citag%2Ckeepalive%2Clmt%2Cmime%2Cmm%2Cmn%2Cms%2Cmv%2Cpl%2Crequiressl%2Csource%2Cexpire&keepalive=yes&itag=171&pl=16&dur=308.029&mime=audio%2Fwebm&expire=1502297051&ratebypass=yes", "player_url": null, "ext": "webm", "acodec": "vorbis", "format_note": "DASH audio", "abr": 128, "filesize": 3420900, "tbr": 97.387, "fps": 1, "vcodec": "none", "format": "171 - audio only (DASH audio)", "protocol": "https", "http_headers": {"User-Agent": "Mozilla/5.0 (X11; Linux x86_64; rv:10.0) Gecko/20150101 Firefox/47.0 (Chrome)", "Accept-Charset": "ISO-8859-1,utf-8;q=0.7,*;q=0.7", "Accept": "text/html,application/xhtml+xml,application/xml;q=0.9,*/*;q=0.8", "Accept-Encoding": "gzip, deflate", "Accept-Language": "en-us,en;q=0.5"}}, {"ext": "m4a", "format_note": "DASH audio", "acodec": "mp4a.40.2", "abr": 128, "container": "m4a_dash", "format_id": "140", "url": "https://r9---sn-4g57knkl.googlevideo.com/videoplayback?id=64ea011b5afeef2e&itag=140&source=youtube&requiressl=yes&ei=e-eKWb_IHs37VtupgYgD&initcwndbps=4125000&pl=16&mn=sn-4g57knkl&mm=31&ms=au&mv=m&ratebypass=yes&mime=audio/mp4&gir=yes&clen=4946930&lmt=1405371257355704&dur=308.105&mt=1502275370&signature=42E06C3DD9330809A729E50B4D0DF06908A72329.38D80572092582594FD405989F6BE48C00AB71C9&key=dg_yt0&ip=131.159.40.117&ipbits=0&expire=1502297051&sparams=ip,ipbits,expire,id,itag,source,requiressl,ei,initcwndbps,pl,mn,mm,ms,mv,ratebypass,mime,gir,clen,lmt,dur", "manifest_url": "https://manifest.googlevideo.com/api/manifest/dash/as/fmp4_audio_clear%2Cfmp4_sd_hd_clear/ei/e-eKWb_IHs37VtupgYgD/ipbits/0/initcwndbps/4125000/sparams/as%2Cei%2Chfr%2Cid%2Cinitcwndbps%2Cip%2Cipbits%2Citag%2Cmm%2Cmn%2Cms%2Cmv%2Cpl%2Cplayback_host%2Crequiressl%2Csource%2Cexpire/mt/1502275370/pl/16/id/64ea011b5afeef2e/mn/sn-4g57knkl/mm/31/signature/DF1E22BECB2AEC2CF785B23757A83968DC600553.C9A438039CD5A44DA033B1C1061591A0B581AC67/ms/au/hfr/1/playback_host/r9---sn-4g57knkl.googlevideo.com/expire/1502297051/source/youtube/itag/0/ip/131.159.40.117/requiressl/yes/key/yt6/mv/m", "width": null, "height": null, "tbr": 129.277, "asr": 44100, "fps": null, "language": null, "filesize": 4946930, "vcodec": "none", "format": "140 - audio only (DASH audio)", "protocol": "https", "http_headers": {"User-Agent": "Mozilla/5.0 (X11; Linux x86_64; rv:10.0) Gecko/20150101 Firefox/47.0 (Chrome)", "Accept-Charset": "ISO-8859-1,utf-8;q=0.7,*;q=0.7", "Accept": "text/html,application/xhtml+xml,application/xml;q=0.9,*/*;q=0.8", "Accept-Encoding": "gzip, deflate", "Accept-Language": "en-us,en;q=0.5"}}, {"ext": "mp4", "height": 144, "format_note": "DASH video", "vcodec": "avc1.4d400c", "format_id": "160", "url": "https://r9---sn-4g57knkl.googlevideo.com/videoplayback?id=64ea011b5afeef2e&itag=160&source=youtube&requiressl=yes&ei=e-eKWb_IHs37VtupgYgD&initcwndbps=4125000&pl=16&mn=sn-4g57knkl&mm=31&ms=au&mv=m&ratebypass=yes&mime=video/mp4&gir=yes&clen=4060358&lmt=1405371833683796&dur=307.975&mt=1502275370&signature=48E786A5BFDB19F860F6AB2FF517C8CDC9D1BA11.5C5CF9E5B08AD5FC3C4C01F5845465079C42B9A7&key=dg_yt0&ip=131.159.40.117&ipbits=0&expire=1502297051&sparams=ip,ipbits,expire,id,itag,source,requiressl,ei,initcwndbps,pl,mn,mm,ms,mv,ratebypass,mime,gir,clen,lmt,dur", "manifest_url": "https://manifest.googlevideo.com/api/manifest/dash/as/fmp4_audio_clear%2Cfmp4_sd_hd_clear/ei/e-eKWb_IHs37VtupgYgD/ipbits/0/initcwndbps/4125000/sparams/as%2Cei%2Chfr%2Cid%2Cinitcwndbps%2Cip%2Cipbits%2Citag%2Cmm%2Cmn%2Cms%2Cmv%2Cpl%2Cplayback_host%2Crequiressl%2Csource%2Cexpire/mt/1502275370/pl/16/id/64ea011b5afeef2e/mn/sn-4g57knkl/mm/31/signature/DF1E22BECB2AEC2CF785B23757A83968DC600553.C9A438039CD5A44DA033B1C1061591A0B581AC67/ms/au/hfr/1/playback_host/r9---sn-4g57knkl.googlevideo.com/expire/1502297051/source/youtube/itag/0/ip/131.159.40.117/requiressl/yes/key/yt6/mv/m", "width": 256, "tbr": 112.119, "asr": null, "fps": 15, "language": null, "filesize": 4060358, "acodec": "none", "format": "160 - 256x144 (DASH video)", "protocol": "https", "http_headers": {"User-Agent": "Mozilla/5.0 (X11; Linux x86_64; rv:10.0) Gecko/20150101 Firefox/47.0 (Chrome)", "Accept-Charset": "ISO-8859-1,utf-8;q=0.7,*;q=0.7", "Accept": "text/html,application/xhtml+xml,application/xml;q=0.9,*/*;q=0.8", "Accept-Encoding": "gzip, deflate", "Accept-Language": "en-us,en;q=0.5"}}, {"ext": "mp4", "height": 240, "format_note": "DASH video", "vcodec": "avc1.4d4015", "format_id": "133", "url": "https://r9---sn-4g57knkl.googlevideo.com/videoplayback?id=64ea011b5afeef2e&itag=133&source=youtube&requiressl=yes&ei=e-eKWb_IHs37VtupgYgD&initcwndbps=4125000&pl=16&mn=sn-4g57knkl&mm=31&ms=au&mv=m&ratebypass=yes&mime=video/mp4&gir=yes&clen=9405355&lmt=1405371857733553&dur=307.975&mt=1502275370&signature=4C5D92C9C2C7C98ED9CFBEAC50F63CC5D959FF0E.6E14B5EF275B640D779342DB2556EF2E0CCE4691&key=dg_yt0&ip=131.159.40.117&ipbits=0&expire=1502297051&sparams=ip,ipbits,expire,id,itag,source,requiressl,ei,initcwndbps,pl,mn,mm,ms,mv,ratebypass,mime,gir,clen,lmt,dur", "manifest_url": "https://manifest.googlevideo.com/api/manifest/dash/as/fmp4_audio_clear%2Cfmp4_sd_hd_clear/ei/e-eKWb_IHs37VtupgYgD/ipbits/0/initcwndbps/4125000/sparams/as%2Cei%2Chfr%2Cid%2Cinitcwndbps%2Cip%2Cipbits%2Citag%2Cmm%2Cmn%2Cms%2Cmv%2Cpl%2Cplayback_host%2Crequiressl%2Csource%2Cexpire/mt/1502275370/pl/16/id/64ea011b5afeef2e/mn/sn-4g57knkl/mm/31/signature/DF1E22BECB2AEC2CF785B23757A83968DC600553.C9A438039CD5A44DA033B1C1061591A0B581AC67/ms/au/hfr/1/playback_host/r9---sn-4g57knkl.googlevideo.com/expire/1502297051/source/youtube/itag/0/ip/131.159.40.117/requiressl/yes/key/yt6/mv/m", "width": 426, "tbr": 247.148, "asr": null, "fps": 30, "language": null, "filesize": 9405355, "acodec": "none", "format": "133 - 426x240 (DASH video)", "protocol": "https", "http_headers": {"User-Agent": "Mozilla/5.0 (X11; Linux x86_64; rv:10.0) Gecko/20150101 Firefox/47.0 (Chrome)", "Accept-Charset": "ISO-8859-1,utf-8;q=0.7,*;q=0.7", "Accept": "text/html,application/xhtml+xml,application/xml;q=0.9,*/*;q=0.8", "Accept-Encoding": "gzip, deflate", "Accept-Language": "en-us,en;q=0.5"}}, {"ext": "mp4", "height": 360, "format_note": "DASH video", "vcodec": "avc1.4d401e", "format_id": "134", "url": "https://r9---sn-4g57knkl.googlevideo.com/videoplayback?id=64ea011b5afeef2e&itag=134&source=youtube&requiressl=yes&ei=e-eKWb_IHs37VtupgYgD&initcwndbps=4125000&pl=16&mn=sn-4g57knkl&mm=31&ms=au&mv=m&ratebypass=yes&mime=video/mp4&gir=yes&clen=10470535&lmt=1405371234391015&dur=307.975&mt=1502275370&signature=47E328D7F747F331CF51CB82C034081BEBE0B339.47C8C9C4F544697D524AD989DB61CA4A5F1845F9&key=dg_yt0&ip=131.159.40.117&ipbits=0&expire=1502297051&sparams=ip,ipbits,expire,id,itag,source,requiressl,ei,initcwndbps,pl,mn,mm,ms,mv,ratebypass,mime,gir,clen,lmt,dur", "manifest_url": "https://manifest.googlevideo.com/api/manifest/dash/as/fmp4_audio_clear%2Cfmp4_sd_hd_clear/ei/e-eKWb_IHs37VtupgYgD/ipbits/0/initcwndbps/4125000/sparams/as%2Cei%2Chfr%2Cid%2Cinitcwndbps%2Cip%2Cipbits%2Citag%2Cmm%2Cmn%2Cms%2Cmv%2Cpl%2Cplayback_host%2Crequiressl%2Csource%2Cexpire/mt/1502275370/pl/16/id/64ea011b5afeef2e/mn/sn-4g57knkl/mm/31/signature/DF1E22BECB2AEC2CF785B23757A83968DC600553.C9A438039CD5A44DA033B1C1061591A0B581AC67/ms/au/hfr/1/playback_host/r9---sn-4g57knkl.googlevideo.com/expire/1502297051/source/youtube/itag/0/ip/131.159.40.117/requiressl/yes/key/yt6/mv/m", "width": 640, "tbr": 557.941, "asr": null, "fps": 30, "language": null, "filesize": 10470535, "acodec": "none", "format": "134 - 640x360 (DASH video)", "protocol": "https", "http_headers": {"User-Agent": "Mozilla/5.0 (X11; Linux x86_64; rv:10.0) Gecko/20150101 Firefox/47.0 (Chrome)", "Accept-Charset": "ISO-8859-1,utf-8;q=0.7,*;q=0.7", "Accept": "text/html,application/xhtml+xml,application/xml;q=0.9,*/*;q=0.8", "Accept-Encoding": "gzip, deflate", "Accept-Language": "en-us,en;q=0.5"}}, {"ext": "mp4", "height": 480, "format_note": "DASH video", "vcodec": "avc1.4d401f", "format_id": "135", "url": "https://r9---sn-4g57knkl.googlevideo.com/videoplayback?id=64ea011b5afeef2e&itag=135&source=youtube&requiressl=yes&ei=e-eKWb_IHs37VtupgYgD&initcwndbps=4125000&pl=16&mn=sn-4g57knkl&mm=31&ms=au&mv=m&ratebypass=yes&mime=video/mp4&gir=yes&clen=21727251&lmt=1405371219855581&dur=307.975&mt=1502275370&signature=145AA95FBC8644450F7023D2081641E1A30C2E3F.176AE7C88B2AF80B21B0398576645424E3280B53&key=dg_yt0&ip=131.159.40.117&ipbits=0&expire=1502297051&sparams=ip,ipbits,expire,id,itag,source,requiressl,ei,initcwndbps,pl,mn,mm,ms,mv,ratebypass,mime,gir,clen,lmt,dur", "manifest_url": "https://manifest.googlevideo.com/api/manifest/dash/as/fmp4_audio_clear%2Cfmp4_sd_hd_clear/ei/e-eKWb_IHs37VtupgYgD/ipbits/0/initcwndbps/4125000/sparams/as%2Cei%2Chfr%2Cid%2Cinitcwndbps%2Cip%2Cipbits%2Citag%2Cmm%2Cmn%2Cms%2Cmv%2Cpl%2Cplayback_host%2Crequiressl%2Csource%2Cexpire/mt/1502275370/pl/16/id/64ea011b5afeef2e/mn/sn-4g57knkl/mm/31/signature/DF1E22BECB2AEC2CF785B23757A83968DC600553.C9A438039CD5A44DA033B1C1061591A0B581AC67/ms/au/hfr/1/playback_host/r9---sn-4g57knkl.googlevideo.com/expire/1502297051/source/youtube/itag/0/ip/131.159.40.117/requiressl/yes/key/yt6/mv/m", "width": 854, "tbr": 1105.526, "asr": null, "fps": 30, "language": null, "filesize": 21727251, "acodec": "none", "format": "135 - 854x480 (DASH video)", "protocol": "https", "http_headers": {"User-Agent": "Mozilla/5.0 (X11; Linux x86_64; rv:10.0) Gecko/20150101 Firefox/47.0 (Chrome)", "Accept-Charset": "ISO-8859-1,utf-8;q=0.7,*;q=0.7", "Accept": "text/html,application/xhtml+xml,application/xml;q=0.9,*/*;q=0.8", "Accept-Encoding": "gzip, deflate", "Accept-Language": "en-us,en;q=0.5"}}, {"ext": "mp4", "height": 720, "format_note": "DASH video", "vcodec": "avc1.4d401f", "format_id": "136", "url": "https://r9---sn-4g57knkl.googlevideo.com/videoplayback?id=64ea011b5afeef2e&itag=136&source=youtube&requiressl=yes&ei=e-eKWb_IHs37VtupgYgD&initcwndbps=4125000&pl=16&mn=sn-4g57knkl&mm=31&ms=au&mv=m&ratebypass=yes&mime=video/mp4&gir=yes&clen=49880694&lmt=1405371367202972&dur=307.975&mt=1502275370&signature=227D73B959508B30E5DBB48995969D487C723762.25FF95EE782AEB2B1FFA6B137BE9A38455F55617&key=dg_yt0&ip=131.159.40.117&ipbits=0&expire=1502297051&sparams=ip,ipbits,expire,id,itag,source,requiressl,ei,initcwndbps,pl,mn,mm,ms,mv,ratebypass,mime,gir,clen,lmt,dur", "manifest_url": "https://manifest.googlevideo.com/api/manifest/dash/as/fmp4_audio_clear%2Cfmp4_sd_hd_clear/ei/e-eKWb_IHs37VtupgYgD/ipbits/0/initcwndbps/4125000/sparams/as%2Cei%2Chfr%2Cid%2Cinitcwndbps%2Cip%2Cipbits%2Citag%2Cmm%2Cmn%2Cms%2Cmv%2Cpl%2Cplayback_host%2Crequiressl%2Csource%2Cexpire/mt/1502275370/pl/16/id/64ea011b5afeef2e/mn/sn-4g57knkl/mm/31/signature/DF1E22BECB2AEC2CF785B23757A83968DC600553.C9A438039CD5A44DA033B1C1061591A0B581AC67/ms/au/hfr/1/playback_host/r9---sn-4g57knkl.googlevideo.com/expire/1502297051/source/youtube/itag/0/ip/131.159.40.117/requiressl/yes/key/yt6/mv/m", "width": 1280, "tbr": 2205.161, "asr": null, "fps": 30, "language": null, "filesize": 49880694, "acodec": "none", "format": "136 - 1280x720 (DASH video)", "protocol": "https", "http_headers": {"User-Agent": "Mozilla/5.0 (X11; Linux x86_64; rv:10.0) Gecko/20150101 Firefox/47.0 (Chrome)", "Accept-Charset": "ISO-8859-1,utf-8;q=0.7,*;q=0.7", "Accept": "text/html,application/xhtml+xml,application/xml;q=0.9,*/*;q=0.8", "Accept-Encoding": "gzip, deflate", "Accept-Language": "en-us,en;q=0.5"}}, {"format_id": "17", "url": "https://r9---sn-4g57knkl.googlevideo.com/videoplayback?ei=e-eKWYTvBcTeVbv4sGA&lmt=1372561959356267&requiressl=yes&mv=m&mt=1502275370&ms=au&ip=131.159.40.117&key=yt6&mn=sn-4g57knkl&sparams=clen%2Cdur%2Cei%2Cgir%2Cid%2Cinitcwndbps%2Cip%2Cipbits%2Citag%2Clmt%2Cmime%2Cmm%2Cmn%2Cms%2Cmv%2Cpl%2Crequiressl%2Csource%2Cexpire&id=o-ACXhOwwcK7gr53GA_8RIrPPZNKz0w1nbksL2kd3f5kox&gir=yes&signature=14489049EECDFEAA2CEB8CC1E8B9BB5684BBCC17.6E4C4F5F94FDD077CF3D9A97A217BD2C816ABFA9&initcwndbps=4125000&clen=3183605&ipbits=0&source=youtube&mm=31&itag=17&pl=16&dur=308.407&mime=video%2F3gpp&expire=1502297051&ratebypass=yes", "player_url": null, "ext": "3gp", "width": 176, "height": 144, "acodec": "mp4a.40.2", "abr": 24, "vcodec": "mp4v.20.3", "resolution": "176x144", "format_note": "small", "format": "17 - 176x144 (small)", "protocol": "https", "http_headers": {"User-Agent": "Mozilla/5.0 (X11; Linux x86_64; rv:10.0) Gecko/20150101 Firefox/47.0 (Chrome)", "Accept-Charset": "ISO-8859-1,utf-8;q=0.7,*;q=0.7", "Accept": "text/html,application/xhtml+xml,application/xml;q=0.9,*/*;q=0.8", "Accept-Encoding": "gzip, deflate", "Accept-Language": "en-us,en;q=0.5"}}, {"format_id": "36", "url": "https://r9---sn-4g57knkl.googlevideo.com/videoplayback?ei=e-eKWYTvBcTeVbv4sGA&lmt=1372561952760901&requiressl=yes&mv=m&mt=1502275370&ms=au&ip=131.159.40.117&key=yt6&mn=sn-4g57knkl&sparams=clen%2Cdur%2Cei%2Cgir%2Cid%2Cinitcwndbps%2Cip%2Cipbits%2Citag%2Clmt%2Cmime%2Cmm%2Cmn%2Cms%2Cmv%2Cpl%2Crequiressl%2Csource%2Cexpire&id=o-ACXhOwwcK7gr53GA_8RIrPPZNKz0w1nbksL2kd3f5kox&gir=yes&signature=648E22A7E59173000BD487D588E88CC7161B2D93.4A031871949AE2DF14DDC88BAB7A70C5FF91872D&initcwndbps=4125000&clen=8744017&ipbits=0&source=youtube&mm=31&itag=36&pl=16&dur=308.221&mime=video%2F3gpp&expire=1502297051&ratebypass=yes", "player_url": null, "ext": "3gp", "width": 320, "acodec": "mp4a.40.2", "vcodec": "mp4v.20.3", "resolution": "320x180", "height": 180, "format_note": "small", "format": "36 - 320x180 (small)", "protocol": "https", "http_headers": {"User-Agent": "Mozilla/5.0 (X11; Linux x86_64; rv:10.0) Gecko/20150101 Firefox/47.0 (Chrome)", "Accept-Charset": "ISO-8859-1,utf-8;q=0.7,*;q=0.7", "Accept": "text/html,application/xhtml+xml,application/xml;q=0.9,*/*;q=0.8", "Accept-Encoding": "gzip, deflate", "Accept-Language": "en-us,en;q=0.5"}}, {"format_id": "43", "url": "https://r9---sn-4g57knkl.googlevideo.com/videoplayback?ei=e-eKWYTvBcTeVbv4sGA&lmt=1371850568326688&requiressl=yes&mv=m&mt=1502275370&ms=au&ip=131.159.40.117&key=yt6&mn=sn-4g57knkl&mm=31&id=o-ACXhOwwcK7gr53GA_8RIrPPZNKz0w1nbksL2kd3f5kox&gir=yes&ratebypass=yes&signature=A089824EB964D16305B79AEB9DAA499EA3DD48FD.347F24A9984C95FA92E770EF3F18A921B39123CC&initcwndbps=4125000&clen=25356691&ipbits=0&source=youtube&sparams=clen%2Cdur%2Cei%2Cgir%2Cid%2Cinitcwndbps%2Cip%2Cipbits%2Citag%2Clmt%2Cmime%2Cmm%2Cmn%2Cms%2Cmv%2Cpl%2Cratebypass%2Crequiressl%2Csource%2Cexpire&itag=43&pl=16&dur=0.000&mime=video%2Fwebm&expire=1502297051", "player_url": null, "ext": "webm", "width": 640, "height": 360, "acodec": "vorbis", "abr": 128, "vcodec": "vp8.0", "resolution": "640x360", "format_note": "medium", "format": "43 - 640x360 (medium)", "protocol": "https", "http_headers": {"User-Agent": "Mozilla/5.0 (X11; Linux x86_64; rv:10.0) Gecko/20150101 Firefox/47.0 (Chrome)", "Accept-Charset": "ISO-8859-1,utf-8;q=0.7,*;q=0.7", "Accept": "text/html,application/xhtml+xml,application/xml;q=0.9,*/*;q=0.8", "Accept-Encoding": "gzip, deflate", "Accept-Language": "en-us,en;q=0.5"}}, {"format_id": "18", "url": "https://r9---sn-4g57knkl.googlevideo.com/videoplayback?ei=e-eKWYTvBcTeVbv4sGA&lmt=1405370987530407&requiressl=yes&mv=m&mt=1502275370&ms=au&ip=131.159.40.117&key=yt6&mn=sn-4g57knkl&mm=31&id=o-ACXhOwwcK7gr53GA_8RIrPPZNKz0w1nbksL2kd3f5kox&gir=yes&ratebypass=yes&signature=36A9E0F4A648DF1C2DD576A71C6297382C48928B.1916C3B86C1B8BF898A091347315DE0151D5DDE8&initcwndbps=4125000&clen=20122414&ipbits=0&source=youtube&sparams=clen%2Cdur%2Cei%2Cgir%2Cid%2Cinitcwndbps%2Cip%2Cipbits%2Citag%2Clmt%2Cmime%2Cmm%2Cmn%2Cms%2Cmv%2Cpl%2Cratebypass%2Crequiressl%2Csource%2Cexpire&itag=18&pl=16&dur=308.105&mime=video%2Fmp4&expire=1502297051", "player_url": null, "ext": "mp4", "width": 640, "height": 360, "acodec": "mp4a.40.2", "abr": 96, "vcodec": "avc1.42001E", "resolution": "640x360", "format_note": "medium", "format": "18 - 640x360 (medium)", "protocol": "https", "http_headers": {"User-Agent": "Mozilla/5.0 (X11; Linux x86_64; rv:10.0) Gecko/20150101 Firefox/47.0 (Chrome)", "Accept-Charset": "ISO-8859-1,utf-8;q=0.7,*;q=0.7", "Accept": "text/html,application/xhtml+xml,application/xml;q=0.9,*/*;q=0.8", "Accept-Encoding": "gzip, deflate", "Accept-Language": "en-us,en;q=0.5"}}, {"format_id": "22", "url": "https://r9---sn-4g57knkl.googlevideo.com/videoplayback?ratebypass=yes&lmt=1472265079973345&signature=1A50ACD56C3717F21E4591A48BF5901E43FA860A.298CEC6E005A45828F3ABD025F5928B4D6B522AB&mt=1502275370&ei=e-eKWYTvBcTeVbv4sGA&initcwndbps=4125000&requiressl=yes&ipbits=0&mv=m&source=youtube&mm=31&ms=au&ip=131.159.40.117&key=yt6&itag=22&pl=16&dur=308.105&mime=video%2Fmp4&mn=sn-4g57knkl&sparams=dur%2Cei%2Cid%2Cinitcwndbps%2Cip%2Cipbits%2Citag%2Clmt%2Cmime%2Cmm%2Cmn%2Cms%2Cmv%2Cpl%2Cratebypass%2Crequiressl%2Csource%2Cexpire&expire=1502297051&id=o-ACXhOwwcK7gr53GA_8RIrPPZNKz0w1nbksL2kd3f5kox", "player_url": null, "ext": "mp4", "width": 1280, "height": 720, "acodec": "mp4a.40.2", "abr": 192, "vcodec": "avc1.64001F", "resolution": "1280x720", "format_note": "hd720", "format": "22 - 1280x720 (hd720)", "protocol": "https", "http_headers": {"User-Agent": "Mozilla/5.0 (X11; Linux x86_64; rv:10.0) Gecko/20150101 Firefox/47.0 (Chrome)", "Accept-Charset": "ISO-8859-1,utf-8;q=0.7,*;q=0.7", "Accept": "text/html,application/xhtml+xml,application/xml;q=0.9,*/*;q=0.8", "Accept-Encoding": "gzip, deflate", "Accept-Language": "en-us,en;q=0.5"}}], "is_live": null, "start_time": null, "end_time": null, "series": null, "season_number": null, "episode_number": null, "extractor": "youtube", "webpage_url_basename": "ZOoBG1r-7y4", "extractor_key": "Youtube", "playlist": null, "playlist_index": null, "thumbnails": [{"url": "https://i.ytimg.com/vi/ZOoBG1r-7y4/maxresdefault.jpg", "id": "0"}], "display_id": "ZOoBG1r-7y4", "ext": "mp4", "height": 720, "format_note": "DASH video", "vcodec": "avc1.4d401f", "format_id": "136", "url": "https://r9---sn-4g57knkl.googlevideo.com/videoplayback?id=64ea011b5afeef2e&itag=136&source=youtube&requiressl=yes&ei=e-eKWb_IHs37VtupgYgD&initcwndbps=4125000&pl=16&mn=sn-4g57knkl&mm=31&ms=au&mv=m&ratebypass=yes&mime=video/mp4&gir=yes&clen=49880694&lmt=1405371367202972&dur=307.975&mt=1502275370&signature=227D73B959508B30E5DBB48995969D487C723762.25FF95EE782AEB2B1FFA6B137BE9A38455F55617&key=dg_yt0&ip=131.159.40.117&ipbits=0&expire=1502297051&sparams=ip,ipbits,expire,id,itag,source,requiressl,ei,initcwndbps,pl,mn,mm,ms,mv,ratebypass,mime,gir,clen,lmt,dur", "manifest_url": "https://manifest.googlevideo.com/api/manifest/dash/as/fmp4_audio_clear%2Cfmp4_sd_hd_clear/ei/e-eKWb_IHs37VtupgYgD/ipbits/0/initcwndbps/4125000/sparams/as%2Cei%2Chfr%2Cid%2Cinitcwndbps%2Cip%2Cipbits%2Citag%2Cmm%2Cmn%2Cms%2Cmv%2Cpl%2Cplayback_host%2Crequiressl%2Csource%2Cexpire/mt/1502275370/pl/16/id/64ea011b5afeef2e/mn/sn-4g57knkl/mm/31/signature/DF1E22BECB2AEC2CF785B23757A83968DC600553.C9A438039CD5A44DA033B1C1061591A0B581AC67/ms/au/hfr/1/playback_host/r9---sn-4g57knkl.googlevideo.com/expire/1502297051/source/youtube/itag/0/ip/131.159.40.117/requiressl/yes/key/yt6/mv/m", "width": 1280, "tbr": 2205.161, "asr": null, "fps": 30, "language": null, "filesize": 49880694, "acodec": "none", "format": "136 - 1280x720 (DASH video)", "protocol": "https", "http_headers": {"User-Agent": "Mozilla/5.0 (X11; Linux x86_64; rv:10.0) Gecko/20150101 Firefox/47.0 (Chrome)", "Accept-Charset": "ISO-8859-1,utf-8;q=0.7,*;q=0.7", "Accept": "text/html,application/xhtml+xml,application/xml;q=0.9,*/*;q=0.8", "Accept-Encoding": "gzip, deflate", "Accept-Language": "en-us,en;q=0.5"}, "fulltitle": "NASA | Supermoon 2013", "_filename": "ZOoBG1r-7y4.mp4"}