{"id": "pwsP8rk2ouU", "uploader": "\u0422\u0421\u041d", "uploader_id": "tsnukraine", "uploader_url": "http://www.youtube.com/user/tsnukraine", "upload_date": "20140223", "license": "Standard YouTube License", "creator": null, "title": "\"\u0429\u0443\u0440\u0438\" \u0439 \u0434\u0430\u043b\u0456 \u043d\u0430\u043c\u0430\u0433\u0430\u044e\u0442\u044c\u0441\u044f \u0432\u0442\u0435\u043a\u0442\u0438 \u0437 \u0423\u043a\u0440\u0430\u0457\u043d\u0438", "alt_title": null, "thumbnail": "https://i.ytimg.com/vi/pwsP8rk2ouU/hqdefault.jpg", "description": "UA - \"\u0429\u0443\u0440\u0438\" \u0439 \u0434\u0430\u043b\u0456 \u043d\u0430\u043c\u0430\u0433\u0430\u044e\u0442\u044c\u0441\u044f \u0432\u0442\u0435\u043a\u0442\u0438 \u0437 \u0423\u043a\u0440\u0430\u0457\u043d\u0438. \u041f\u043e\u043b\u0456\u0442\u0438\u043a\u0438 \u0442\u0430 \u0447\u0438\u043d\u043e\u0432\u043d\u0438\u043a\u0438, \u0449\u043e \u043f\u0440\u0438\u0432\u0435\u043b\u0438 \u043a\u0440\u0430\u0457\u043d\u0443 \u0434\u043e \u0437\u0430\u043d\u0435\u043f\u0430\u0434\u0443 \u0456 \u043a\u0440\u0438\u0432\u0430\u0432\u0438\u0445 \u043f\u043e\u0434\u0456\u0439, \u043d\u0430\u043c\u0430\u0433\u0430\u044e\u0442\u044c\u0441\u044f \u044f\u043a\u043e\u043c\u043e\u0433\u0430 \u0448\u0432\u0438\u0434\u0448\u0435 \u0432\u0442\u0435\u043a\u0442\u0438 \u0437\u0430 \u043a\u043e\u0440\u0434\u043e\u043d. \u0412\u0438\u043f\u0443\u0441\u043a \u0422\u0421\u041d.\u0422\u0438\u0436\u0434\u0435\u043d\u044c \u0437\u0430 23 \u043b\u044e\u0442\u043e\u0433\u043e 2014 \u0440\u043e\u043a\u0443\n\nRU - \"\u041a\u0440\u044b\u0441\u044b\" \u0438 \u0434\u0430\u043b\u044c\u0448\u0435 \u043f\u044b\u0442\u0430\u044e\u0442\u0441\u044f \u0431\u0435\u0436\u0430\u0442\u044c \u0438\u0437 \u0423\u043a\u0440\u0430\u0438\u043d\u044b. \u041f\u043e\u043b\u0438\u0442\u0438\u043a\u0438 \u0438 \u0447\u0438\u043d\u043e\u0432\u043d\u0438\u043a\u0438, \u043a\u043e\u0442\u043e\u0440\u044b\u0435 \u043f\u0440\u0438\u0432\u0435\u043b\u0438 \u0441\u0442\u0440\u0430\u043d\u0443 \u043a \u0443\u043f\u0430\u0434\u043a\u0443 \u0438 \u043a\u0440\u043e\u0432\u0430\u0432\u044b\u043c \u0441\u043e\u0431\u044b\u0442\u0438\u044f\u043c, \u0441\u0442\u0430\u0440\u0430\u044e\u0442\u0441\u044f \u043a\u0430\u043a \u043c\u043e\u0436\u043d\u043e \u0431\u044b\u0441\u0442\u0440\u0435\u0435 \u0431\u0435\u0436\u0430\u0442\u044c \u0437\u0430 \u0433\u0440\u0430\u043d\u0438\u0446\u0443. \u0412\u044b\u043f\u0443\u0441\u043a \u0422\u0421\u041d.\u0422\u0438\u0436\u0434\u0435\u043d\u044c \u0437\u0430 23 \u0444\u0435\u0432\u0440\u0430\u043b\u044f 2014 \u0433\u043e\u0434\u0430", "categories": ["News & Politics"], "tags": ["\u043d\u043e\u0432\u043e\u0441\u0442\u0438", "news", "\u0422\u0421\u041d", "TSN", "\u041f\u043e\u043b\u0438\u0442\u0438\u043a\u0438", "\u0434\u0435\u043f\u0443\u0442\u0430\u0442\u044b", "\u0431\u0435\u0433\u0441\u0442\u0432\u043e", "\u0433\u0440\u0430\u043d\u0438\u0446\u0430"], "subtitles": {}, "automatic_captions": {}, "duration": 279, "age_limit": 0, "annotations": null, "chapters": null, "webpage_url": "https://www.youtube.com/watch?v=pwsP8rk2ouU", "view_count": 48520, "like_count": 149, "dislike_count": 13, "average_rating": 4.67901229858, "formats": [{"ext": "m4a", "format_note": "DASH audio", "acodec": "mp4a.40.5", "abr": 48, "container": "m4a_dash", "format_id": "139", "url": "https://r11---sn-4g57kn6d.googlevideo.com/videoplayback?id=a70b0ff2b936a2e5&itag=139&source=youtube&requiressl=yes&ei=m7SKWfSWCoWnWIWdnKgM&ms=au&mv=m&initcwndbps=3487500&mm=31&pl=16&mn=sn-4g57kn6d&ratebypass=yes&mime=audio/mp4&gir=yes&clen=1662089&lmt=1394297640944550&dur=279.382&mt=1502262282&signature=9A3DBFB9A91510A862836FA741B2C5754EB2EA9B.5E09ECC30B45883472ACDC75EFCE6266C5143320&key=dg_yt0&ip=131.159.40.117&ipbits=0&expire=1502284027&sparams=ip,ipbits,expire,id,itag,source,requiressl,ei,ms,mv,initcwndbps,mm,pl,mn,ratebypass,mime,gir,clen,lmt,dur", "manifest_url": "https://manifest.googlevideo.com/api/manifest/dash/ei/m7SKWfSWCoWnWIWdnKgM/id/a70b0ff2b936a2e5/ms/au/expire/1502284027/requiressl/yes/mt/1502262282/itag/0/sparams/as%2Cei%2Chfr%2Cid%2Cinitcwndbps%2Cip%2Cipbits%2Citag%2Cmm%2Cmn%2Cms%2Cmv%2Cpl%2Cplayback_host%2Crequiressl%2Csource%2Cexpire/mv/m/signature/B0FCF8A883C912E242973E31C673F682F4D9F74B.0E70738D8E41E7BAB3F730D341CB89A455F6AE7F/as/fmp4_audio_clear%2Cfmp4_sd_hd_clear/source/youtube/playback_host/r11---sn-4g57kn6d.googlevideo.com/key/yt6/ip/131.159.40.117/initcwndbps/3487500/ipbits/0/mm/31/hfr/1/pl/16/mn/sn-4g57kn6d", "width": null, "height": null, "tbr": 48.554, "asr": 22050, "fps": null, "language": null, "filesize": 1662089, "vcodec": "none", "format": "139 - audio only (DASH audio)", "protocol": "https", "http_headers": {"User-Agent": "Mozilla/5.0 (X11; Linux x86_64; rv:10.0) Gecko/20150101 Firefox/47.0 (Chrome)", "Accept-Charset": "ISO-8859-1,utf-8;q=0.7,*;q=0.7", "Accept": "text/html,application/xhtml+xml,application/xml;q=0.9,*/*;q=0.8", "Accept-Encoding": "gzip, deflate", "Accept-Language": "en-us,en;q=0.5"}}, {"format_id": "171", "url": "https://r4---sn-4g5e6ne6.googlevideo.com/videoplayback?source=youtube&mn=sn-4g5e6ne6&ei=mrSKWZSEKoLwW6PMoYgJ&ms=au&ipbits=0&mv=m&pl=16&id=o-AJJVO_U68QMtwkJJ8sZ9GobEQTcAQWS6896tcnvDQnmY&mm=31&keepalive=yes&ip=131.159.40.117&itag=171&sparams=clen%2Cdur%2Cei%2Cgir%2Cid%2Cinitcwndbps%2Cip%2Cipbits%2Citag%2Ckeepalive%2Clmt%2Cmime%2Cmm%2Cmn%2Cms%2Cmv%2Cpl%2Crequiressl%2Csource%2Cexpire&signature=50DE1D6E44678D67BBCE574867ED4F25D1EE8198.6C72724FA3AE176B80D2E777000D70480EA10711&mt=1502262282&requiressl=yes&initcwndbps=3487500&gir=yes&mime=audio%2Fwebm&key=yt6&expire=1502284026&clen=3046099&dur=279.240&lmt=1393233579750634&ratebypass=yes", "player_url": null, "ext": "webm", "acodec": "vorbis", "format_note": "DASH audio", "abr": 128, "filesize": 3046099, "tbr": 92.325, "fps": 1, "vcodec": "none", "format": "171 - audio only (DASH audio)", "protocol": "https", "http_headers": {"User-Agent": "Mozilla/5.0 (X11; Linux x86_64; rv:10.0) Gecko/20150101 Firefox/47.0 (Chrome)", "Accept-Charset": "ISO-8859-1,utf-8;q=0.7,*;q=0.7", "Accept": "text/html,application/xhtml+xml,application/xml;q=0.9,*/*;q=0.8", "Accept-Encoding": "gzip, deflate", "Accept-Language": "en-us,en;q=0.5"}}, {"ext": "m4a", "format_note": "DASH audio", "acodec": "mp4a.40.2", "abr": 128, "container": "m4a_dash", "format_id": "140", "url": "https://r11---sn-4g57kn6d.googlevideo.com/videoplayback?id=a70b0ff2b936a2e5&itag=140&source=youtube&requiressl=yes&ei=m7SKWfSWCoWnWIWdnKgM&ms=au&mv=m&initcwndbps=3487500&mm=31&pl=16&mn=sn-4g57kn6d&ratebypass=yes&mime=audio/mp4&gir=yes&clen=4436614&lmt=1394297634067714&dur=279.289&mt=1502262282&signature=6BC9EA569C213A9629A0B3FEDD842FE9641E33FB.0F70AAB4667A90FD9D4935509B986436474203F8&key=dg_yt0&ip=131.159.40.117&ipbits=0&expire=1502284027&sparams=ip,ipbits,expire,id,itag,source,requiressl,ei,ms,mv,initcwndbps,mm,pl,mn,ratebypass,mime,gir,clen,lmt,dur", "manifest_url": "https://manifest.googlevideo.com/api/manifest/dash/ei/m7SKWfSWCoWnWIWdnKgM/id/a70b0ff2b936a2e5/ms/au/expire/1502284027/requiressl/yes/mt/1502262282/itag/0/sparams/as%2Cei%2Chfr%2Cid%2Cinitcwndbps%2Cip%2Cipbits%2Citag%2Cmm%2Cmn%2Cms%2Cmv%2Cpl%2Cplayback_host%2Crequiressl%2Csource%2Cexpire/mv/m/signature/B0FCF8A883C912E242973E31C673F682F4D9F74B.0E70738D8E41E7BAB3F730D341CB89A455F6AE7F/as/fmp4_audio_clear%2Cfmp4_sd_hd_clear/source/youtube/playback_host/r11---sn-4g57kn6d.googlevideo.com/key/yt6/ip/131.159.40.117/initcwndbps/3487500/ipbits/0/mm/31/hfr/1/pl/16/mn/sn-4g57kn6d", "width": null, "height": null, "tbr": 128.032, "asr": 44100, "fps": null, "language": null, "filesize": 4436614, "vcodec": "none", "format": "140 - audio only (DASH audio)", "protocol": "https", "http_headers": {"User-Agent": "Mozilla/5.0 (X11; Linux x86_64; rv:10.0) Gecko/20150101 Firefox/47.0 (Chrome)", "Accept-Charset": "ISO-8859-1,utf-8;q=0.7,*;q=0.7", "Accept": "text/html,application/xhtml+xml,application/xml;q=0.9,*/*;q=0.8", "Accept-Encoding": "gzip, deflate", "Accept-Language": "en-us,en;q=0.5"}}, {"ext": "mp4", "height": 144, "format_note": "DASH video", "vcodec": "avc1.4d400c", "format_id": "160", "url": "https://r11---sn-4g57kn6d.googlevideo.com/videoplayback?id=a70b0ff2b936a2e5&itag=160&source=youtube&requiressl=yes&ei=m7SKWfSWCoWnWIWdnKgM&ms=au&mv=m&initcwndbps=3487500&mm=31&pl=16&mn=sn-4g57kn6d&ratebypass=yes&mime=video/mp4&gir=yes&clen=3867808&lmt=1394297639957200&dur=279.201&mt=1502262282&signature=3C54CA82EE139DA7C7A864A8A0CB6DB27A82717E.83E4165EFA10A348ECAEC528985CFF86D4E98B93&key=dg_yt0&ip=131.159.40.117&ipbits=0&expire=1502284027&sparams=ip,ipbits,expire,id,itag,source,requiressl,ei,ms,mv,initcwndbps,mm,pl,mn,ratebypass,mime,gir,clen,lmt,dur", "manifest_url": "https://manifest.googlevideo.com/api/manifest/dash/ei/m7SKWfSWCoWnWIWdnKgM/id/a70b0ff2b936a2e5/ms/au/expire/1502284027/requiressl/yes/mt/1502262282/itag/0/sparams/as%2Cei%2Chfr%2Cid%2Cinitcwndbps%2Cip%2Cipbits%2Citag%2Cmm%2Cmn%2Cms%2Cmv%2Cpl%2Cplayback_host%2Crequiressl%2Csource%2Cexpire/mv/m/signature/B0FCF8A883C912E242973E31C673F682F4D9F74B.0E70738D8E41E7BAB3F730D341CB89A455F6AE7F/as/fmp4_audio_clear%2Cfmp4_sd_hd_clear/source/youtube/playback_host/r11---sn-4g57kn6d.googlevideo.com/key/yt6/ip/131.159.40.117/initcwndbps/3487500/ipbits/0/mm/31/hfr/1/pl/16/mn/sn-4g57kn6d", "width": 198, "tbr": 113.355, "asr": null, "fps": 15, "language": null, "filesize": 3867808, "acodec": "none", "format": "160 - 198x144 (DASH video)", "protocol": "https", "http_headers": {"User-Agent": "Mozilla/5.0 (X11; Linux x86_64; rv:10.0) Gecko/20150101 Firefox/47.0 (Chrome)", "Accept-Charset": "ISO-8859-1,utf-8;q=0.7,*;q=0.7", "Accept": "text/html,application/xhtml+xml,application/xml;q=0.9,*/*;q=0.8", "Accept-Encoding": "gzip, deflate", "Accept-Language": "en-us,en;q=0.5"}}, {"ext": "mp4", "height": 240, "format_note": "DASH video", "vcodec": "avc1.4d400d", "format_id": "133", "url": "https://r11---sn-4g57kn6d.googlevideo.com/videoplayback?id=a70b0ff2b936a2e5&itag=133&source=youtube&requiressl=yes&ei=m7SKWfSWCoWnWIWdnKgM&ms=au&mv=m&initcwndbps=3487500&mm=31&pl=16&mn=sn-4g57kn6d&ratebypass=yes&mime=video/mp4&gir=yes&clen=8583643&lmt=1394297658781751&dur=279.201&mt=1502262282&signature=1891BBB1F3FFE4888288C7BA0A6131246D5B3BE4.1F5AB48FDEBED57FF77ACD8D8F9BABFAAD7A9941&key=dg_yt0&ip=131.159.40.117&ipbits=0&expire=1502284027&sparams=ip,ipbits,expire,id,itag,source,requiressl,ei,ms,mv,initcwndbps,mm,pl,mn,ratebypass,mime,gir,clen,lmt,dur", "manifest_url": "https://manifest.googlevideo.com/api/manifest/dash/ei/m7SKWfSWCoWnWIWdnKgM/id/a70b0ff2b936a2e5/ms/au/expire/1502284027/requiressl/yes/mt/1502262282/itag/0/sparams/as%2Cei%2Chfr%2Cid%2Cinitcwndbps%2Cip%2Cipbits%2Citag%2Cmm%2Cmn%2Cms%2Cmv%2Cpl%2Cplayback_host%2Crequiressl%2Csource%2Cexpire/mv/m/signature/B0FCF8A883C912E242973E31C673F682F4D9F74B.0E70738D8E41E7BAB3F730D341CB89A455F6AE7F/as/fmp4_audio_clear%2Cfmp4_sd_hd_clear/source/youtube/playback_host/r11---sn-4g57kn6d.googlevideo.com/key/yt6/ip/131.159.40.117/initcwndbps/3487500/ipbits/0/mm/31/hfr/1/pl/16/mn/sn-4g57kn6d", "width": 328, "tbr": 259.985, "asr": null, "fps": 25, "language": null, "filesize": 8583643, "acodec": "none", "format": "133 - 328x240 (DASH video)", "protocol": "https", "http_headers": {"User-Agent": "Mozilla/5.0 (X11; Linux x86_64; rv:10.0) Gecko/20150101 Firefox/47.0 (Chrome)", "Accept-Charset": "ISO-8859-1,utf-8;q=0.7,*;q=0.7", "Accept": "text/html,application/xhtml+xml,application/xml;q=0.9,*/*;q=0.8", "Accept-Encoding": "gzip, deflate", "Accept-Language": "en-us,en;q=0.5"}}, {"ext": "mp4", "height": 360, "format_note": "DASH video", "vcodec": "avc1.4d4015", "format_id": "134", "url": "https://r11---sn-4g57kn6d.googlevideo.com/videoplayback?id=a70b0ff2b936a2e5&itag=134&source=youtube&requiressl=yes&ei=m7SKWfSWCoWnWIWdnKgM&ms=au&mv=m&initcwndbps=3487500&mm=31&pl=16&mn=sn-4g57kn6d&ratebypass=yes&mime=video/mp4&gir=yes&clen=9712168&lmt=1394297662346338&dur=279.201&mt=1502262282&signature=83FAA082AE06F8FDCC471DBC236D5FA006F8108B.7E868A16AD272756439F4D70CFBFF7C536964430&key=dg_yt0&ip=131.159.40.117&ipbits=0&expire=1502284027&sparams=ip,ipbits,expire,id,itag,source,requiressl,ei,ms,mv,initcwndbps,mm,pl,mn,ratebypass,mime,gir,clen,lmt,dur", "manifest_url": "https://manifest.googlevideo.com/api/manifest/dash/ei/m7SKWfSWCoWnWIWdnKgM/id/a70b0ff2b936a2e5/ms/au/expire/1502284027/requiressl/yes/mt/1502262282/itag/0/sparams/as%2Cei%2Chfr%2Cid%2Cinitcwndbps%2Cip%2Cipbits%2Citag%2Cmm%2Cmn%2Cms%2Cmv%2Cpl%2Cplayback_host%2Crequiressl%2Csource%2Cexpire/mv/m/signature/B0FCF8A883C912E242973E31C673F682F4D9F74B.0E70738D8E41E7BAB3F730D341CB89A455F6AE7F/as/fmp4_audio_clear%2Cfmp4_sd_hd_clear/source/youtube/playback_host/r11---sn-4g57kn6d.googlevideo.com/key/yt6/ip/131.159.40.117/initcwndbps/3487500/ipbits/0/mm/31/hfr/1/pl/16/mn/sn-4g57kn6d", "width": 492, "tbr": 568.591, "asr": null, "fps": 25, "language": null, "filesize": 9712168, "acodec": "none", "format": "134 - 492x360 (DASH video)", "protocol": "https", "http_headers": {"User-Agent": "Mozilla/5.0 (X11; Linux x86_64; rv:10.0) Gecko/20150101 Firefox/47.0 (Chrome)", "Accept-Charset": "ISO-8859-1,utf-8;q=0.7,*;q=0.7", "Accept": "text/html,application/xhtml+xml,application/xml;q=0.9,*/*;q=0.8", "Accept-Encoding": "gzip, deflate", "Accept-Language": "en-us,en;q=0.5"}}, {"ext": "mp4", "height": 480, "format_note": "DASH video", "vcodec": "avc1.4d401e", "format_id": "135", "url": "https://r11---sn-4g57kn6d.googlevideo.com/videoplayback?id=a70b0ff2b936a2e5&itag=135&source=youtube&requiressl=yes&ei=m7SKWfSWCoWnWIWdnKgM&ms=au&mv=m&initcwndbps=3487500&mm=31&pl=16&mn=sn-4g57kn6d&ratebypass=yes&mime=video/mp4&gir=yes&clen=20032125&lmt=1394297666885965&dur=279.201&mt=1502262282&signature=11AF49F76D5866A343DE5E9AC631061B6888C560.50CD65CC9E353E6AEF6704F215D690801F3E3B9F&key=dg_yt0&ip=131.159.40.117&ipbits=0&expire=1502284027&sparams=ip,ipbits,expire,id,itag,source,requiressl,ei,ms,mv,initcwndbps,mm,pl,mn,ratebypass,mime,gir,clen,lmt,dur", "manifest_url": "https://manifest.googlevideo.com/api/manifest/dash/ei/m7SKWfSWCoWnWIWdnKgM/id/a70b0ff2b936a2e5/ms/au/expire/1502284027/requiressl/yes/mt/1502262282/itag/0/sparams/as%2Cei%2Chfr%2Cid%2Cinitcwndbps%2Cip%2Cipbits%2Citag%2Cmm%2Cmn%2Cms%2Cmv%2Cpl%2Cplayback_host%2Crequiressl%2Csource%2Cexpire/mv/m/signature/B0FCF8A883C912E242973E31C673F682F4D9F74B.0E70738D8E41E7BAB3F730D341CB89A455F6AE7F/as/fmp4_audio_clear%2Cfmp4_sd_hd_clear/source/youtube/playback_host/r11---sn-4g57kn6d.googlevideo.com/key/yt6/ip/131.159.40.117/initcwndbps/3487500/ipbits/0/mm/31/hfr/1/pl/16/mn/sn-4g57kn6d", "width": 656, "tbr": 1098.315, "asr": null, "fps": 25, "language": null, "filesize": 20032125, "acodec": "none", "format": "135 - 656x480 (DASH video)", "protocol": "https", "http_headers": {"User-Agent": "Mozilla/5.0 (X11; Linux x86_64; rv:10.0) Gecko/20150101 Firefox/47.0 (Chrome)", "Accept-Charset": "ISO-8859-1,utf-8;q=0.7,*;q=0.7", "Accept": "text/html,application/xhtml+xml,application/xml;q=0.9,*/*;q=0.8", "Accept-Encoding": "gzip, deflate", "Accept-Language": "en-us,en;q=0.5"}}, {"format_id": "17", "url": "https://r4---sn-4g5e6ne6.googlevideo.com/videoplayback?source=youtube&expire=1502284026&ei=mrSKWZSEKoLwW6PMoYgJ&ms=au&ipbits=0&mv=m&pl=16&id=o-AJJVO_U68QMtwkJJ8sZ9GobEQTcAQWS6896tcnvDQnmY&mm=31&mn=sn-4g5e6ne6&ip=131.159.40.117&itag=17&sparams=clen%2Cdur%2Cei%2Cgir%2Cid%2Cinitcwndbps%2Cip%2Cipbits%2Citag%2Clmt%2Cmime%2Cmm%2Cmn%2Cms%2Cmv%2Cpl%2Crequiressl%2Csource%2Cexpire&signature=A41A1A1E57EFECC6B9A474779CF0186351F316D5.D4E56A67764FDF4402F9B330DE6B829D1892E65C&mt=1502262282&requiressl=yes&initcwndbps=3487500&gir=yes&mime=video%2F3gpp&key=yt6&clen=2873869&dur=279.568&lmt=1394297680324532&ratebypass=yes", "player_url": null, "ext": "3gp", "width": 176, "height": 144, "acodec": "mp4a.40.2", "abr": 24, "vcodec": "mp4v.20.3", "resolution": "176x144", "format_note": "small", "format": "17 - 176x144 (small)", "protocol": "https", "http_headers": {"User-Agent": "Mozilla/5.0 (X11; Linux x86_64; rv:10.0) Gecko/20150101 Firefox/47.0 (Chrome)", "Accept-Charset": "ISO-8859-1,utf-8;q=0.7,*;q=0.7", "Accept": "text/html,application/xhtml+xml,application/xml;q=0.9,*/*;q=0.8", "Accept-Encoding": "gzip, deflate", "Accept-Language": "en-us,en;q=0.5"}}, {"format_id": "36", "url": "https://r4---sn-4g5e6ne6.googlevideo.com/videoplayback?source=youtube&expire=1502284026&ei=mrSKWZSEKoLwW6PMoYgJ&ms=au&ipbits=0&mv=m&pl=16&id=o-AJJVO_U68QMtwkJJ8sZ9GobEQTcAQWS6896tcnvDQnmY&mm=31&mn=sn-4g5e6ne6&ip=131.159.40.117&itag=36&sparams=clen%2Cdur%2Cei%2Cgir%2Cid%2Cinitcwndbps%2Cip%2Cipbits%2Citag%2Clmt%2Cmime%2Cmm%2Cmn%2Cms%2Cmv%2Cpl%2Crequiressl%2Csource%2Cexpire&signature=01FAFD7748329EDCB38E35FF4E0D6AB5772ED21B.0DF8AD909E4CA5F8F507DF285509926EEAD67C9A&mt=1502262282&requiressl=yes&initcwndbps=3487500&gir=yes&mime=video%2F3gpp&key=yt6&clen=7911253&dur=279.428&lmt=1394297732507476&ratebypass=yes", "player_url": null, "ext": "3gp", "width": 320, "acodec": "mp4a.40.2", "vcodec": "mp4v.20.3", "resolution": "320x234", "height": 234, "format_note": "small", "format": "36 - 320x234 (small)", "protocol": "https", "http_headers": {"User-Agent": "Mozilla/5.0 (X11; Linux x86_64; rv:10.0) Gecko/20150101 Firefox/47.0 (Chrome)", "Accept-Charset": "ISO-8859-1,utf-8;q=0.7,*;q=0.7", "Accept": "text/html,application/xhtml+xml,application/xml;q=0.9,*/*;q=0.8", "Accept-Encoding": "gzip, deflate", "Accept-Language": "en-us,en;q=0.5"}}, {"format_id": "18", "url": "https://r4---sn-4g5e6ne6.googlevideo.com/videoplayback?source=youtube&expire=1502284026&ei=mrSKWZSEKoLwW6PMoYgJ&ms=au&ipbits=0&mv=m&pl=16&id=o-AJJVO_U68QMtwkJJ8sZ9GobEQTcAQWS6896tcnvDQnmY&mm=31&mn=sn-4g5e6ne6&ip=131.159.40.117&itag=18&sparams=clen%2Cdur%2Cei%2Cgir%2Cid%2Cinitcwndbps%2Cip%2Cipbits%2Citag%2Clmt%2Cmime%2Cmm%2Cmn%2Cms%2Cmv%2Cpl%2Cratebypass%2Crequiressl%2Csource%2Cexpire&signature=AF1405C46BCB3430628109CC036E68AEC20B0ACA.CA0CDAC664878BAB67522AB965CDD8A0D6B6B796&mt=1502262282&requiressl=yes&initcwndbps=3487500&gir=yes&mime=video%2Fmp4&key=yt6&clen=15503497&dur=279.289&lmt=1394297692305255&ratebypass=yes", "player_url": null, "ext": "mp4", "width": 492, "height": 360, "acodec": "mp4a.40.2", "abr": 96, "vcodec": "avc1.42001E", "resolution": "492x360", "format_note": "medium", "format": "18 - 492x360 (medium)", "protocol": "https", "http_headers": {"User-Agent": "Mozilla/5.0 (X11; Linux x86_64; rv:10.0) Gecko/20150101 Firefox/47.0 (Chrome)", "Accept-Charset": "ISO-8859-1,utf-8;q=0.7,*;q=0.7", "Accept": "text/html,application/xhtml+xml,application/xml;q=0.9,*/*;q=0.8", "Accept-Encoding": "gzip, deflate", "Accept-Language": "en-us,en;q=0.5"}}, {"format_id": "43", "url": "https://r4---sn-4g5e6ne6.googlevideo.com/videoplayback?source=youtube&expire=1502284026&ei=mrSKWZSEKoLwW6PMoYgJ&ms=au&ipbits=0&mv=m&pl=16&id=o-AJJVO_U68QMtwkJJ8sZ9GobEQTcAQWS6896tcnvDQnmY&mm=31&mn=sn-4g5e6ne6&ip=131.159.40.117&itag=43&sparams=clen%2Cdur%2Cei%2Cgir%2Cid%2Cinitcwndbps%2Cip%2Cipbits%2Citag%2Clmt%2Cmime%2Cmm%2Cmn%2Cms%2Cmv%2Cpl%2Cratebypass%2Crequiressl%2Csource%2Cexpire&signature=65DD93F1BFD6BF10780C7E743FBD41A1E0152838.71384E6E68ED30778B38D71D33AA57225694E5D4&mt=1502262282&requiressl=yes&initcwndbps=3487500&gir=yes&mime=video%2Fwebm&key=yt6&clen=21785132&dur=0.000&lmt=1393180632769325&ratebypass=yes", "player_url": null, "ext": "webm", "width": 640, "height": 360, "acodec": "vorbis", "abr": 128, "vcodec": "vp8.0", "resolution": "640x360", "format_note": "medium", "format": "43 - 640x360 (medium)", "protocol": "https", "http_headers": {"User-Agent": "Mozilla/5.0 (X11; Linux x86_64; rv:10.0) Gecko/20150101 Firefox/47.0 (Chrome)", "Accept-Charset": "ISO-8859-1,utf-8;q=0.7,*;q=0.7", "Accept": "text/html,application/xhtml+xml,application/xml;q=0.9,*/*;q=0.8", "Accept-Encoding": "gzip, deflate", "Accept-Language": "en-us,en;q=0.5"}}], "is_live": null, "start_time": null, "end_time": null, "series": null, "season_number": null, "episode_number": null, "extractor": "youtube", "webpage_url_basename": "pwsP8rk2ouU", "extractor_key": "Youtube", "playlist": null, "playlist_index": null, "thumbnails": [{"url": "https://i.ytimg.com/vi/pwsP8rk2ouU/hqdefault.jpg", "id": "0"}], "display_id": "pwsP8rk2ouU", "ext": "mp4", "height": 480, "format_note": "DASH video", "vcodec": "avc1.4d401e", "format_id": "135", "url": "https://r11---sn-4g57kn6d.googlevideo.com/videoplayback?id=a70b0ff2b936a2e5&itag=135&source=youtube&requiressl=yes&ei=m7SKWfSWCoWnWIWdnKgM&ms=au&mv=m&initcwndbps=3487500&mm=31&pl=16&mn=sn-4g57kn6d&ratebypass=yes&mime=video/mp4&gir=yes&clen=20032125&lmt=1394297666885965&dur=279.201&mt=1502262282&signature=11AF49F76D5866A343DE5E9AC631061B6888C560.50CD65CC9E353E6AEF6704F215D690801F3E3B9F&key=dg_yt0&ip=131.159.40.117&ipbits=0&expire=1502284027&sparams=ip,ipbits,expire,id,itag,source,requiressl,ei,ms,mv,initcwndbps,mm,pl,mn,ratebypass,mime,gir,clen,lmt,dur", "manifest_url": "https://manifest.googlevideo.com/api/manifest/dash/ei/m7SKWfSWCoWnWIWdnKgM/id/a70b0ff2b936a2e5/ms/au/expire/1502284027/requiressl/yes/mt/1502262282/itag/0/sparams/as%2Cei%2Chfr%2Cid%2Cinitcwndbps%2Cip%2Cipbits%2Citag%2Cmm%2Cmn%2Cms%2Cmv%2Cpl%2Cplayback_host%2Crequiressl%2Csource%2Cexpire/mv/m/signature/B0FCF8A883C912E242973E31C673F682F4D9F74B.0E70738D8E41E7BAB3F730D341CB89A455F6AE7F/as/fmp4_audio_clear%2Cfmp4_sd_hd_clear/source/youtube/playback_host/r11---sn-4g57kn6d.googlevideo.com/key/yt6/ip/131.159.40.117/initcwndbps/3487500/ipbits/0/mm/31/hfr/1/pl/16/mn/sn-4g57kn6d", "width": 656, "tbr": 1098.315, "asr": null, "fps": 25, "language": null, "filesize": 20032125, "acodec": "none", "format": "135 - 656x480 (DASH video)", "protocol": "https", "http_headers": {"User-Agent": "Mozilla/5.0 (X11; Linux x86_64; rv:10.0) Gecko/20150101 Firefox/47.0 (Chrome)", "Accept-Charset": "ISO-8859-1,utf-8;q=0.7,*;q=0.7", "Accept": "text/html,application/xhtml+xml,application/xml;q=0.9,*/*;q=0.8", "Accept-Encoding": "gzip, deflate", "Accept-Language": "en-us,en;q=0.5"}, "fulltitle": "\"\u0429\u0443\u0440\u0438\" \u0439 \u0434\u0430\u043b\u0456 \u043d\u0430\u043c\u0430\u0433\u0430\u044e\u0442\u044c\u0441\u044f \u0432\u0442\u0435\u043a\u0442\u0438 \u0437 \u0423\u043a\u0440\u0430\u0457\u043d\u0438", "_filename": "pwsP8rk2ouU.mp4"}