{"id": "y3o0p9JMTTQ", "uploader": "Noel Matthews", "uploader_id": "ukipnoel", "uploader_url": "http://www.youtube.com/user/ukipnoel", "upload_date": "20140212", "license": "Standard YouTube License", "creator": null, "title": "UKIP Activist Upload - Steven Woolfe reacts to Reding Insult - RT 12 Feb 2014", "alt_title": null, "thumbnail": "https://i.ytimg.com/vi/y3o0p9JMTTQ/hqdefault.jpg", "description": "Steven Woolfe responds to the insulting remarks made by EU Commissioner Viviane Reding about the intelligence of the British public and their knowledge of the EU membership question", "categories": ["News & Politics"], "tags": ["UK Independence Party (Organization)", "steven woolfe", "nigel farage", "UKIP", "Viviane Reding (Politician)"], "subtitles": {}, "automatic_captions": {}, "duration": 497, "age_limit": 0, "annotations": null, "chapters": null, "webpage_url": "https://www.youtube.com/watch?v=y3o0p9JMTTQ", "view_count": 6389, "like_count": 57, "dislike_count": 1, "average_rating": 4.93103456497, "formats": [{"ext": "m4a", "format_note": "DASH audio", "acodec": "mp4a.40.5", "abr": 48, "container": "m4a_dash", "format_id": "139", "url": "https://r5---sn-xjpm-q0ns.googlevideo.com/videoplayback?id=cb7a34a7d24c4d34&itag=139&source=youtube&requiressl=yes&mv=u&ei=IVaKWcOsJtrWVIfNpPgJ&ms=au&mm=31&pl=16&mn=sn-xjpm-q0ns&ratebypass=yes&mime=audio/mp4&gir=yes&clen=2958323&lmt=1392448232841371&dur=497.371&mt=1502238081&key=dg_yt0&signature=5304869B7B8537E4B84C6123E4F94E04C99B6189.50114BDA9A26350A855F628AA923548BB962944A&ip=131.159.40.117&ipbits=0&expire=1502259841&sparams=ip,ipbits,expire,id,itag,source,requiressl,mv,ei,ms,mm,pl,mn,ratebypass,mime,gir,clen,lmt,dur", "manifest_url": "https://manifest.googlevideo.com/api/manifest/dash/expire/1502259841/as/fmp4_audio_clear%2Cfmp4_sd_hd_clear/mv/u/source/youtube/mt/1502238081/itag/0/ei/IVaKWcOsJtrWVIfNpPgJ/id/cb7a34a7d24c4d34/ms/au/mm/31/hfr/1/pl/16/mn/sn-xjpm-q0ns/ipbits/0/key/yt6/ip/131.159.40.117/signature/04BFCDE6BC6C2B5BCDD93A9B66477E68AD0CC82A.0F3042564C90D63CEE5AF4EB08C20E6872D22C02/requiressl/yes/sparams/as%2Cei%2Chfr%2Cid%2Cip%2Cipbits%2Citag%2Cmm%2Cmn%2Cms%2Cmv%2Cpl%2Cplayback_host%2Crequiressl%2Csource%2Cexpire/playback_host/r5---sn-xjpm-q0ns.googlevideo.com", "width": null, "height": null, "tbr": 48.88, "asr": 22050, "fps": null, "language": null, "filesize": 2958323, "vcodec": "none", "format": "139 - audio only (DASH audio)", "protocol": "https", "http_headers": {"User-Agent": "Mozilla/5.0 (X11; Linux x86_64; rv:10.0) Gecko/20150101 Firefox/47.0 (Chrome)", "Accept-Charset": "ISO-8859-1,utf-8;q=0.7,*;q=0.7", "Accept": "text/html,application/xhtml+xml,application/xml;q=0.9,*/*;q=0.8", "Accept-Encoding": "gzip, deflate", "Accept-Language": "en-us,en;q=0.5"}}, {"format_id": "171", "url": "https://r5---sn-xjpm-q0ns.googlevideo.com/videoplayback?ipbits=0&pl=16&mm=31&key=yt6&pcm2=yes&mn=sn-xjpm-q0ns&sparams=clen%2Cdur%2Cei%2Cgir%2Cid%2Cip%2Cipbits%2Citag%2Ckeepalive%2Clmt%2Cmime%2Cmm%2Cmn%2Cms%2Cmv%2Cpcm2%2Cpl%2Crequiressl%2Csource%2Cexpire&ip=131.159.40.117&lmt=1392386865752484&expire=1502259841&mt=1502238081&mv=u&ms=au&clen=6833071&source=youtube&mime=audio%2Fwebm&gir=yes&signature=319D82AB61EE25F1609A57AE51D3E0FFFA0C1CEE.6EF6871F20C394FA0E31576BF0039320B36E0D5A&id=o-AFoxSXf-ittVIwsAlbklbrpH2zH5ViuWS33Xu25uIw9w&dur=497.222&itag=171&ei=IVaKWZL5AtzIVq6lkegE&requiressl=yes&keepalive=yes&ratebypass=yes", "player_url": null, "ext": "webm", "acodec": "vorbis", "format_note": "DASH audio", "abr": 128, "filesize": 6833071, "tbr": 121.012, "fps": 1, "vcodec": "none", "format": "171 - audio only (DASH audio)", "protocol": "https", "http_headers": {"User-Agent": "Mozilla/5.0 (X11; Linux x86_64; rv:10.0) Gecko/20150101 Firefox/47.0 (Chrome)", "Accept-Charset": "ISO-8859-1,utf-8;q=0.7,*;q=0.7", "Accept": "text/html,application/xhtml+xml,application/xml;q=0.9,*/*;q=0.8", "Accept-Encoding": "gzip, deflate", "Accept-Language": "en-us,en;q=0.5"}}, {"ext": "m4a", "format_note": "DASH audio", "acodec": "mp4a.40.2", "abr": 128, "container": "m4a_dash", "format_id": "140", "url": "https://r5---sn-xjpm-q0ns.googlevideo.com/videoplayback?id=cb7a34a7d24c4d34&itag=140&source=youtube&requiressl=yes&mv=u&ei=IVaKWcOsJtrWVIfNpPgJ&ms=au&mm=31&pl=16&mn=sn-xjpm-q0ns&ratebypass=yes&mime=audio/mp4&gir=yes&clen=7898801&lmt=1392448228914954&dur=497.301&mt=1502238081&key=dg_yt0&signature=48BA21781694951C329039952EA3B476EC1E5475.569A91BFBB971BFA609E9932C610B3423F35189A&ip=131.159.40.117&ipbits=0&expire=1502259841&sparams=ip,ipbits,expire,id,itag,source,requiressl,mv,ei,ms,mm,pl,mn,ratebypass,mime,gir,clen,lmt,dur", "manifest_url": "https://manifest.googlevideo.com/api/manifest/dash/expire/1502259841/as/fmp4_audio_clear%2Cfmp4_sd_hd_clear/mv/u/source/youtube/mt/1502238081/itag/0/ei/IVaKWcOsJtrWVIfNpPgJ/id/cb7a34a7d24c4d34/ms/au/mm/31/hfr/1/pl/16/mn/sn-xjpm-q0ns/ipbits/0/key/yt6/ip/131.159.40.117/signature/04BFCDE6BC6C2B5BCDD93A9B66477E68AD0CC82A.0F3042564C90D63CEE5AF4EB08C20E6872D22C02/requiressl/yes/sparams/as%2Cei%2Chfr%2Cid%2Cip%2Cipbits%2Citag%2Cmm%2Cmn%2Cms%2Cmv%2Cpl%2Cplayback_host%2Crequiressl%2Csource%2Cexpire/playback_host/r5---sn-xjpm-q0ns.googlevideo.com", "width": null, "height": null, "tbr": 128.23, "asr": 44100, "fps": null, "language": null, "filesize": 7898801, "vcodec": "none", "format": "140 - audio only (DASH audio)", "protocol": "https", "http_headers": {"User-Agent": "Mozilla/5.0 (X11; Linux x86_64; rv:10.0) Gecko/20150101 Firefox/47.0 (Chrome)", "Accept-Charset": "ISO-8859-1,utf-8;q=0.7,*;q=0.7", "Accept": "text/html,application/xhtml+xml,application/xml;q=0.9,*/*;q=0.8", "Accept-Encoding": "gzip, deflate", "Accept-Language": "en-us,en;q=0.5"}}, {"ext": "mp4", "height": 144, "format_note": "DASH video", "vcodec": "avc1.4d400c", "format_id": "160", "url": "https://r5---sn-xjpm-q0ns.googlevideo.com/videoplayback?id=cb7a34a7d24c4d34&itag=160&source=youtube&requiressl=yes&mv=u&ei=IVaKWcOsJtrWVIfNpPgJ&ms=au&mm=31&pl=16&mn=sn-xjpm-q0ns&ratebypass=yes&mime=video/mp4&gir=yes&clen=7055729&lmt=1392448229846734&dur=496.697&mt=1502238081&key=dg_yt0&signature=620F5AF15F1B69AD8A88C503EBE45FABE00BC190.94A68B93F9580E172867EC0CC4F5C4A3D9A3901D&ip=131.159.40.117&ipbits=0&expire=1502259841&sparams=ip,ipbits,expire,id,itag,source,requiressl,mv,ei,ms,mm,pl,mn,ratebypass,mime,gir,clen,lmt,dur", "manifest_url": "https://manifest.googlevideo.com/api/manifest/dash/expire/1502259841/as/fmp4_audio_clear%2Cfmp4_sd_hd_clear/mv/u/source/youtube/mt/1502238081/itag/0/ei/IVaKWcOsJtrWVIfNpPgJ/id/cb7a34a7d24c4d34/ms/au/mm/31/hfr/1/pl/16/mn/sn-xjpm-q0ns/ipbits/0/key/yt6/ip/131.159.40.117/signature/04BFCDE6BC6C2B5BCDD93A9B66477E68AD0CC82A.0F3042564C90D63CEE5AF4EB08C20E6872D22C02/requiressl/yes/sparams/as%2Cei%2Chfr%2Cid%2Cip%2Cipbits%2Citag%2Cmm%2Cmn%2Cms%2Cmv%2Cpl%2Cplayback_host%2Crequiressl%2Csource%2Cexpire/playback_host/r5---sn-xjpm-q0ns.googlevideo.com", "width": 256, "tbr": 125.424, "asr": null, "fps": 15, "language": null, "filesize": 7055729, "acodec": "none", "format": "160 - 256x144 (DASH video)", "protocol": "https", "http_headers": {"User-Agent": "Mozilla/5.0 (X11; Linux x86_64; rv:10.0) Gecko/20150101 Firefox/47.0 (Chrome)", "Accept-Charset": "ISO-8859-1,utf-8;q=0.7,*;q=0.7", "Accept": "text/html,application/xhtml+xml,application/xml;q=0.9,*/*;q=0.8", "Accept-Encoding": "gzip, deflate", "Accept-Language": "en-us,en;q=0.5"}}, {"ext": "mp4", "height": 240, "format_note": "DASH video", "vcodec": "avc1.4d4015", "format_id": "133", "url": "https://r5---sn-xjpm-q0ns.googlevideo.com/videoplayback?id=cb7a34a7d24c4d34&itag=133&source=youtube&requiressl=yes&mv=u&ei=IVaKWcOsJtrWVIfNpPgJ&ms=au&mm=31&pl=16&mn=sn-xjpm-q0ns&ratebypass=yes&mime=video/mp4&gir=yes&clen=15195505&lmt=1392448229845750&dur=496.697&mt=1502238081&key=dg_yt0&signature=0CC234378C584E9B82D67E5324FEBA7D560C0446.17635D69CB04B1207A245724152D2F382898AC86&ip=131.159.40.117&ipbits=0&expire=1502259841&sparams=ip,ipbits,expire,id,itag,source,requiressl,mv,ei,ms,mm,pl,mn,ratebypass,mime,gir,clen,lmt,dur", "manifest_url": "https://manifest.googlevideo.com/api/manifest/dash/expire/1502259841/as/fmp4_audio_clear%2Cfmp4_sd_hd_clear/mv/u/source/youtube/mt/1502238081/itag/0/ei/IVaKWcOsJtrWVIfNpPgJ/id/cb7a34a7d24c4d34/ms/au/mm/31/hfr/1/pl/16/mn/sn-xjpm-q0ns/ipbits/0/key/yt6/ip/131.159.40.117/signature/04BFCDE6BC6C2B5BCDD93A9B66477E68AD0CC82A.0F3042564C90D63CEE5AF4EB08C20E6872D22C02/requiressl/yes/sparams/as%2Cei%2Chfr%2Cid%2Cip%2Cipbits%2Citag%2Cmm%2Cmn%2Cms%2Cmv%2Cpl%2Cplayback_host%2Crequiressl%2Csource%2Cexpire/playback_host/r5---sn-xjpm-q0ns.googlevideo.com", "width": 426, "tbr": 252.525, "asr": null, "fps": 30, "language": null, "filesize": 15195505, "acodec": "none", "format": "133 - 426x240 (DASH video)", "protocol": "https", "http_headers": {"User-Agent": "Mozilla/5.0 (X11; Linux x86_64; rv:10.0) Gecko/20150101 Firefox/47.0 (Chrome)", "Accept-Charset": "ISO-8859-1,utf-8;q=0.7,*;q=0.7", "Accept": "text/html,application/xhtml+xml,application/xml;q=0.9,*/*;q=0.8", "Accept-Encoding": "gzip, deflate", "Accept-Language": "en-us,en;q=0.5"}}, {"ext": "mp4", "height": 360, "format_note": "DASH video", "vcodec": "avc1.4d401e", "format_id": "134", "url": "https://r5---sn-xjpm-q0ns.googlevideo.com/videoplayback?id=cb7a34a7d24c4d34&itag=134&source=youtube&requiressl=yes&mv=u&ei=IVaKWcOsJtrWVIfNpPgJ&ms=au&mm=31&pl=16&mn=sn-xjpm-q0ns&ratebypass=yes&mime=video/mp4&gir=yes&clen=16830180&lmt=1392448238854343&dur=496.697&mt=1502238081&key=dg_yt0&signature=6D6E028F2B8BC30DB877A774FEB16EA8D28C49A0.20CA6336450687209E8DDC85E884BFC6F14FD2D2&ip=131.159.40.117&ipbits=0&expire=1502259841&sparams=ip,ipbits,expire,id,itag,source,requiressl,mv,ei,ms,mm,pl,mn,ratebypass,mime,gir,clen,lmt,dur", "manifest_url": "https://manifest.googlevideo.com/api/manifest/dash/expire/1502259841/as/fmp4_audio_clear%2Cfmp4_sd_hd_clear/mv/u/source/youtube/mt/1502238081/itag/0/ei/IVaKWcOsJtrWVIfNpPgJ/id/cb7a34a7d24c4d34/ms/au/mm/31/hfr/1/pl/16/mn/sn-xjpm-q0ns/ipbits/0/key/yt6/ip/131.159.40.117/signature/04BFCDE6BC6C2B5BCDD93A9B66477E68AD0CC82A.0F3042564C90D63CEE5AF4EB08C20E6872D22C02/requiressl/yes/sparams/as%2Cei%2Chfr%2Cid%2Cip%2Cipbits%2Citag%2Cmm%2Cmn%2Cms%2Cmv%2Cpl%2Cplayback_host%2Crequiressl%2Csource%2Cexpire/playback_host/r5---sn-xjpm-q0ns.googlevideo.com", "width": 640, "tbr": 506.698, "asr": null, "fps": 30, "language": null, "filesize": 16830180, "acodec": "none", "format": "134 - 640x360 (DASH video)", "protocol": "https", "http_headers": {"User-Agent": "Mozilla/5.0 (X11; Linux x86_64; rv:10.0) Gecko/20150101 Firefox/47.0 (Chrome)", "Accept-Charset": "ISO-8859-1,utf-8;q=0.7,*;q=0.7", "Accept": "text/html,application/xhtml+xml,application/xml;q=0.9,*/*;q=0.8", "Accept-Encoding": "gzip, deflate", "Accept-Language": "en-us,en;q=0.5"}}, {"ext": "mp4", "height": 480, "format_note": "DASH video", "vcodec": "avc1.4d401f", "format_id": "135", "url": "https://r5---sn-xjpm-q0ns.googlevideo.com/videoplayback?id=cb7a34a7d24c4d34&itag=135&source=youtube&requiressl=yes&mv=u&ei=IVaKWcOsJtrWVIfNpPgJ&ms=au&mm=31&pl=16&mn=sn-xjpm-q0ns&ratebypass=yes&mime=video/mp4&gir=yes&clen=36523320&lmt=1392448245843657&dur=496.697&mt=1502238081&key=dg_yt0&signature=595C970828BE895E8D91F5DC56C8B9D579C9ABA6.899639A7BE2815A924FBF97AA6315FB441F3C405&ip=131.159.40.117&ipbits=0&expire=1502259841&sparams=ip,ipbits,expire,id,itag,source,requiressl,mv,ei,ms,mm,pl,mn,ratebypass,mime,gir,clen,lmt,dur", "manifest_url": "https://manifest.googlevideo.com/api/manifest/dash/expire/1502259841/as/fmp4_audio_clear%2Cfmp4_sd_hd_clear/mv/u/source/youtube/mt/1502238081/itag/0/ei/IVaKWcOsJtrWVIfNpPgJ/id/cb7a34a7d24c4d34/ms/au/mm/31/hfr/1/pl/16/mn/sn-xjpm-q0ns/ipbits/0/key/yt6/ip/131.159.40.117/signature/04BFCDE6BC6C2B5BCDD93A9B66477E68AD0CC82A.0F3042564C90D63CEE5AF4EB08C20E6872D22C02/requiressl/yes/sparams/as%2Cei%2Chfr%2Cid%2Cip%2Cipbits%2Citag%2Cmm%2Cmn%2Cms%2Cmv%2Cpl%2Cplayback_host%2Crequiressl%2Csource%2Cexpire/playback_host/r5---sn-xjpm-q0ns.googlevideo.com", "width": 854, "tbr": 1003.828, "asr": null, "fps": 30, "language": null, "filesize": 36523320, "acodec": "none", "format": "135 - 854x480 (DASH video)", "protocol": "https", "http_headers": {"User-Agent": "Mozilla/5.0 (X11; Linux x86_64; rv:10.0) Gecko/20150101 Firefox/47.0 (Chrome)", "Accept-Charset": "ISO-8859-1,utf-8;q=0.7,*;q=0.7", "Accept": "text/html,application/xhtml+xml,application/xml;q=0.9,*/*;q=0.8", "Accept-Encoding": "gzip, deflate", "Accept-Language": "en-us,en;q=0.5"}}, {"ext": "mp4", "height": 720, "format_note": "DASH video", "vcodec": "avc1.4d401f", "format_id": "136", "url": "https://r5---sn-xjpm-q0ns.googlevideo.com/videoplayback?id=cb7a34a7d24c4d34&itag=136&source=youtube&requiressl=yes&mv=u&ei=IVaKWcOsJtrWVIfNpPgJ&ms=au&mm=31&pl=16&mn=sn-xjpm-q0ns&ratebypass=yes&mime=video/mp4&gir=yes&clen=79436101&lmt=1392448283917690&dur=496.697&mt=1502238081&key=dg_yt0&signature=8C12A4E13BD42624237977625A2B41204533A0EF.7766950DE2526D3CADEA2D9FB6FE914ABCD10104&ip=131.159.40.117&ipbits=0&expire=1502259841&sparams=ip,ipbits,expire,id,itag,source,requiressl,mv,ei,ms,mm,pl,mn,ratebypass,mime,gir,clen,lmt,dur", "manifest_url": "https://manifest.googlevideo.com/api/manifest/dash/expire/1502259841/as/fmp4_audio_clear%2Cfmp4_sd_hd_clear/mv/u/source/youtube/mt/1502238081/itag/0/ei/IVaKWcOsJtrWVIfNpPgJ/id/cb7a34a7d24c4d34/ms/au/mm/31/hfr/1/pl/16/mn/sn-xjpm-q0ns/ipbits/0/key/yt6/ip/131.159.40.117/signature/04BFCDE6BC6C2B5BCDD93A9B66477E68AD0CC82A.0F3042564C90D63CEE5AF4EB08C20E6872D22C02/requiressl/yes/sparams/as%2Cei%2Chfr%2Cid%2Cip%2Cipbits%2Citag%2Cmm%2Cmn%2Cms%2Cmv%2Cpl%2Cplayback_host%2Crequiressl%2Csource%2Cexpire/playback_host/r5---sn-xjpm-q0ns.googlevideo.com", "width": 1280, "tbr": 1762.773, "asr": null, "fps": 30, "language": null, "filesize": 79436101, "acodec": "none", "format": "136 - 1280x720 (DASH video)", "protocol": "https", "http_headers": {"User-Agent": "Mozilla/5.0 (X11; Linux x86_64; rv:10.0) Gecko/20150101 Firefox/47.0 (Chrome)", "Accept-Charset": "ISO-8859-1,utf-8;q=0.7,*;q=0.7", "Accept": "text/html,application/xhtml+xml,application/xml;q=0.9,*/*;q=0.8", "Accept-Encoding": "gzip, deflate", "Accept-Language": "en-us,en;q=0.5"}}, {"format_id": "17", "url": "https://r5---sn-xjpm-q0ns.googlevideo.com/videoplayback?ipbits=0&pl=16&mm=31&key=yt6&pcm2=yes&mn=sn-xjpm-q0ns&dur=497.324&ip=131.159.40.117&lmt=1392448452076612&expire=1502259841&mt=1502238081&mv=u&ms=au&clen=5105170&source=youtube&mime=video%2F3gpp&gir=yes&signature=87A5FB794FF921EF03D9ADAC674AB25E8B46B010.3D9957F2568AA2E3564E6A690CE03A4AEA3A5CA5&id=o-AFoxSXf-ittVIwsAlbklbrpH2zH5ViuWS33Xu25uIw9w&sparams=clen%2Cdur%2Cei%2Cgir%2Cid%2Cip%2Cipbits%2Citag%2Clmt%2Cmime%2Cmm%2Cmn%2Cms%2Cmv%2Cpcm2%2Cpl%2Crequiressl%2Csource%2Cexpire&itag=17&ei=IVaKWZL5AtzIVq6lkegE&requiressl=yes&ratebypass=yes", "player_url": null, "ext": "3gp", "width": 176, "height": 144, "acodec": "mp4a.40.2", "abr": 24, "vcodec": "mp4v.20.3", "resolution": "176x144", "format_note": "small", "format": "17 - 176x144 (small)", "protocol": "https", "http_headers": {"User-Agent": "Mozilla/5.0 (X11; Linux x86_64; rv:10.0) Gecko/20150101 Firefox/47.0 (Chrome)", "Accept-Charset": "ISO-8859-1,utf-8;q=0.7,*;q=0.7", "Accept": "text/html,application/xhtml+xml,application/xml;q=0.9,*/*;q=0.8", "Accept-Encoding": "gzip, deflate", "Accept-Language": "en-us,en;q=0.5"}}, {"format_id": "36", "url": "https://r5---sn-xjpm-q0ns.googlevideo.com/videoplayback?ipbits=0&pl=16&mm=31&key=yt6&pcm2=yes&mn=sn-xjpm-q0ns&dur=497.324&ip=131.159.40.117&lmt=1392448594267832&expire=1502259841&mt=1502238081&mv=u&ms=au&clen=14102509&source=youtube&mime=video%2F3gpp&gir=yes&signature=76A308851288DCFDCC17B12E6BAC68ACE2163E67.82C1BEEB0135B65C058CBD0AF320C3257BEBA88A&id=o-AFoxSXf-ittVIwsAlbklbrpH2zH5ViuWS33Xu25uIw9w&sparams=clen%2Cdur%2Cei%2Cgir%2Cid%2Cip%2Cipbits%2Citag%2Clmt%2Cmime%2Cmm%2Cmn%2Cms%2Cmv%2Cpcm2%2Cpl%2Crequiressl%2Csource%2Cexpire&itag=36&ei=IVaKWZL5AtzIVq6lkegE&requiressl=yes&ratebypass=yes", "player_url": null, "ext": "3gp", "width": 320, "acodec": "mp4a.40.2", "vcodec": "mp4v.20.3", "resolution": "320x180", "height": 180, "format_note": "small", "format": "36 - 320x180 (small)", "protocol": "https", "http_headers": {"User-Agent": "Mozilla/5.0 (X11; Linux x86_64; rv:10.0) Gecko/20150101 Firefox/47.0 (Chrome)", "Accept-Charset": "ISO-8859-1,utf-8;q=0.7,*;q=0.7", "Accept": "text/html,application/xhtml+xml,application/xml;q=0.9,*/*;q=0.8", "Accept-Encoding": "gzip, deflate", "Accept-Language": "en-us,en;q=0.5"}}, {"format_id": "43", "url": "https://r5---sn-xjpm-q0ns.googlevideo.com/videoplayback?ipbits=0&pl=16&mm=31&key=yt6&pcm2=yes&mn=sn-xjpm-q0ns&ratebypass=yes&sparams=clen%2Cdur%2Cei%2Cgir%2Cid%2Cip%2Cipbits%2Citag%2Clmt%2Cmime%2Cmm%2Cmn%2Cms%2Cmv%2Cpcm2%2Cpl%2Cratebypass%2Crequiressl%2Csource%2Cexpire&ip=131.159.40.117&lmt=1392231990626796&expire=1502259841&mt=1502238081&mv=u&ms=au&clen=52188362&source=youtube&mime=video%2Fwebm&gir=yes&signature=6A35621BA98EC37D1AE94F2A1AB3BE1C9DD0A9B2.C05B2E437CD807C224536EB08C82DFB2DF74DEF7&id=o-AFoxSXf-ittVIwsAlbklbrpH2zH5ViuWS33Xu25uIw9w&dur=0.000&itag=43&ei=IVaKWZL5AtzIVq6lkegE&requiressl=yes", "player_url": null, "ext": "webm", "width": 640, "height": 360, "acodec": "vorbis", "abr": 128, "vcodec": "vp8.0", "resolution": "640x360", "format_note": "medium", "format": "43 - 640x360 (medium)", "protocol": "https", "http_headers": {"User-Agent": "Mozilla/5.0 (X11; Linux x86_64; rv:10.0) Gecko/20150101 Firefox/47.0 (Chrome)", "Accept-Charset": "ISO-8859-1,utf-8;q=0.7,*;q=0.7", "Accept": "text/html,application/xhtml+xml,application/xml;q=0.9,*/*;q=0.8", "Accept-Encoding": "gzip, deflate", "Accept-Language": "en-us,en;q=0.5"}}, {"format_id": "18", "url": "https://r5---sn-xjpm-q0ns.googlevideo.com/videoplayback?ipbits=0&pl=16&mm=31&key=yt6&pcm2=yes&mn=sn-xjpm-q0ns&ratebypass=yes&sparams=clen%2Cdur%2Cei%2Cgir%2Cid%2Cip%2Cipbits%2Citag%2Clmt%2Cmime%2Cmm%2Cmn%2Cms%2Cmv%2Cpcm2%2Cpl%2Cratebypass%2Crequiressl%2Csource%2Cexpire&ip=131.159.40.117&lmt=1392448309918187&expire=1502259841&mt=1502238081&mv=u&ms=au&clen=30871759&source=youtube&mime=video%2Fmp4&gir=yes&signature=20A760FB4F35E0D7F910E819EFC01E81A61A099C.A786F9C0FC3825783DAA82151C05CF3917C26A5C&id=o-AFoxSXf-ittVIwsAlbklbrpH2zH5ViuWS33Xu25uIw9w&dur=497.301&itag=18&ei=IVaKWZL5AtzIVq6lkegE&requiressl=yes", "player_url": null, "ext": "mp4", "width": 640, "height": 360, "acodec": "mp4a.40.2", "abr": 96, "vcodec": "avc1.42001E", "resolution": "640x360", "format_note": "medium", "format": "18 - 640x360 (medium)", "protocol": "https", "http_headers": {"User-Agent": "Mozilla/5.0 (X11; Linux x86_64; rv:10.0) Gecko/20150101 Firefox/47.0 (Chrome)", "Accept-Charset": "ISO-8859-1,utf-8;q=0.7,*;q=0.7", "Accept": "text/html,application/xhtml+xml,application/xml;q=0.9,*/*;q=0.8", "Accept-Encoding": "gzip, deflate", "Accept-Language": "en-us,en;q=0.5"}}, {"format_id": "22", "url": "https://r5---sn-xjpm-q0ns.googlevideo.com/videoplayback?ipbits=0&pl=16&mv=u&ms=au&mt=1502238081&source=youtube&mm=31&mn=sn-xjpm-q0ns&mime=video%2Fmp4&key=yt6&signature=6FB958C95566652668D08DE4892800EFE84E365C.205C3B189C9F4F62F30D59C607572888204FD440&pcm2=yes&sparams=dur%2Cei%2Cid%2Cip%2Cipbits%2Citag%2Clmt%2Cmime%2Cmm%2Cmn%2Cms%2Cmv%2Cpcm2%2Cpl%2Cratebypass%2Crequiressl%2Csource%2Cexpire&itag=22&ei=IVaKWZL5AtzIVq6lkegE&requiressl=yes&id=o-AFoxSXf-ittVIwsAlbklbrpH2zH5ViuWS33Xu25uIw9w&ratebypass=yes&dur=497.301&ip=131.159.40.117&lmt=1471232317508453&expire=1502259841", "player_url": null, "ext": "mp4", "width": 1280, "height": 720, "acodec": "mp4a.40.2", "abr": 192, "vcodec": "avc1.64001F", "resolution": "1280x720", "format_note": "hd720", "format": "22 - 1280x720 (hd720)", "protocol": "https", "http_headers": {"User-Agent": "Mozilla/5.0 (X11; Linux x86_64; rv:10.0) Gecko/20150101 Firefox/47.0 (Chrome)", "Accept-Charset": "ISO-8859-1,utf-8;q=0.7,*;q=0.7", "Accept": "text/html,application/xhtml+xml,application/xml;q=0.9,*/*;q=0.8", "Accept-Encoding": "gzip, deflate", "Accept-Language": "en-us,en;q=0.5"}}], "is_live": null, "start_time": null, "end_time": null, "series": null, "season_number": null, "episode_number": null, "extractor": "youtube", "webpage_url_basename": "y3o0p9JMTTQ", "extractor_key": "Youtube", "playlist": null, "playlist_index": null, "thumbnails": [{"url": "https://i.ytimg.com/vi/y3o0p9JMTTQ/hqdefault.jpg", "id": "0"}], "display_id": "y3o0p9JMTTQ", "ext": "mp4", "height": 720, "format_note": "DASH video", "vcodec": "avc1.4d401f", "format_id": "136", "url": "https://r5---sn-xjpm-q0ns.googlevideo.com/videoplayback?id=cb7a34a7d24c4d34&itag=136&source=youtube&requiressl=yes&mv=u&ei=IVaKWcOsJtrWVIfNpPgJ&ms=au&mm=31&pl=16&mn=sn-xjpm-q0ns&ratebypass=yes&mime=video/mp4&gir=yes&clen=79436101&lmt=1392448283917690&dur=496.697&mt=1502238081&key=dg_yt0&signature=8C12A4E13BD42624237977625A2B41204533A0EF.7766950DE2526D3CADEA2D9FB6FE914ABCD10104&ip=131.159.40.117&ipbits=0&expire=1502259841&sparams=ip,ipbits,expire,id,itag,source,requiressl,mv,ei,ms,mm,pl,mn,ratebypass,mime,gir,clen,lmt,dur", "manifest_url": "https://manifest.googlevideo.com/api/manifest/dash/expire/1502259841/as/fmp4_audio_clear%2Cfmp4_sd_hd_clear/mv/u/source/youtube/mt/1502238081/itag/0/ei/IVaKWcOsJtrWVIfNpPgJ/id/cb7a34a7d24c4d34/ms/au/mm/31/hfr/1/pl/16/mn/sn-xjpm-q0ns/ipbits/0/key/yt6/ip/131.159.40.117/signature/04BFCDE6BC6C2B5BCDD93A9B66477E68AD0CC82A.0F3042564C90D63CEE5AF4EB08C20E6872D22C02/requiressl/yes/sparams/as%2Cei%2Chfr%2Cid%2Cip%2Cipbits%2Citag%2Cmm%2Cmn%2Cms%2Cmv%2Cpl%2Cplayback_host%2Crequiressl%2Csource%2Cexpire/playback_host/r5---sn-xjpm-q0ns.googlevideo.com", "width": 1280, "tbr": 1762.773, "asr": null, "fps": 30, "language": null, "filesize": 79436101, "acodec": "none", "format": "136 - 1280x720 (DASH video)", "protocol": "https", "http_headers": {"User-Agent": "Mozilla/5.0 (X11; Linux x86_64; rv:10.0) Gecko/20150101 Firefox/47.0 (Chrome)", "Accept-Charset": "ISO-8859-1,utf-8;q=0.7,*;q=0.7", "Accept": "text/html,application/xhtml+xml,application/xml;q=0.9,*/*;q=0.8", "Accept-Encoding": "gzip, deflate", "Accept-Language": "en-us,en;q=0.5"}, "fulltitle": "UKIP Activist Upload - Steven Woolfe reacts to Reding Insult - RT 12 Feb 2014", "_filename": "y3o0p9JMTTQ.mp4"}