{"id": "D4fMT9F5WMM", "uploader": "CNET en Espa\u00f1ol", "uploader_id": "cnetenespanol", "uploader_url": "http://www.youtube.com/user/cnetenespanol", "upload_date": "20150421", "license": "Standard YouTube License", "creator": null, "title": "Samsung Galaxy S6 vs iPhone 6 vs HTC One M9: \u00bfcu\u00e1l es el mejor tel\u00e9fono?", "alt_title": null, "thumbnail": "https://i.ytimg.com/vi/D4fMT9F5WMM/hqdefault.jpg", "description": "Comparamos el dise\u00f1o, la pantalla, la bater\u00eda y el rendimiento de los tel\u00e9fonos insignia de Samsung, Apple y HTC para ver cu\u00e1l de los tres es la mejor opci\u00f3n.", "categories": ["Science & Technology"], "tags": ["Mobile", "Vanessa Hand Orellana", "Erica Argueta"], "subtitles": {}, "automatic_captions": {}, "duration": 243, "age_limit": 0, "annotations": null, "chapters": null, "webpage_url": "https://www.youtube.com/watch?v=D4fMT9F5WMM", "view_count": 94745, "like_count": 583, "dislike_count": 67, "average_rating": 4.58769226074, "formats": [{"ext": "m4a", "format_note": "DASH audio", "acodec": "mp4a.40.5", "abr": 48, "container": "m4a_dash", "format_id": "139", "url": "https://r5---sn-4g5e6nl6.googlevideo.com/videoplayback?id=0f87cc4fd17958c3&itag=139&source=youtube&requiressl=yes&mv=m&initcwndbps=3371250&ms=au&ei=zAaKWYL2H93IVseeu9gH&mn=sn-4g5e6nl6&mm=31&pl=16&ratebypass=yes&mime=audio/mp4&gir=yes&clen=1453531&lmt=1432631132051565&dur=243.252&key=dg_yt0&signature=1EBFF25180FAA38BEA6CEE0BB42F12F3564B026E.9731E750FB2863BBFE56011277E1E6D4FEC5B703&mt=1502217801&ip=131.159.40.117&ipbits=0&expire=1502239532&sparams=ip,ipbits,expire,id,itag,source,requiressl,mv,initcwndbps,ms,ei,mn,mm,pl,ratebypass,mime,gir,clen,lmt,dur", "manifest_url": "https://manifest.googlevideo.com/api/manifest/dash/mv/m/initcwndbps/3371250/source/youtube/key/yt6/ms/au/ei/zAaKWYL2H93IVseeu9gH/requiressl/yes/expire/1502239532/signature/BA0B4F1A1A0E910BD95BAC0FFF4C340AAA578135.8BB99A32144DFA2AF8BA82793F96383A88DA94EB/sparams/as%2Cei%2Chfr%2Cid%2Cinitcwndbps%2Cip%2Cipbits%2Citag%2Cmm%2Cmn%2Cms%2Cmv%2Cpl%2Cplayback_host%2Crequiressl%2Csource%2Cexpire/mt/1502217801/id/0f87cc4fd17958c3/playback_host/r5---sn-4g5e6nl6.googlevideo.com/as/fmp4_audio_clear%2Cfmp4_sd_hd_clear/ipbits/0/mn/sn-4g5e6nl6/ip/131.159.40.117/mm/31/itag/0/pl/16/hfr/1", "width": null, "height": null, "tbr": 49.35, "asr": 22050, "fps": null, "language": null, "filesize": 1453531, "vcodec": "none", "format": "139 - audio only (DASH audio)", "protocol": "https", "http_headers": {"User-Agent": "Mozilla/5.0 (X11; Linux x86_64; rv:10.0) Gecko/20150101 Firefox/47.0 (Chrome)", "Accept-Charset": "ISO-8859-1,utf-8;q=0.7,*;q=0.7", "Accept": "text/html,application/xhtml+xml,application/xml;q=0.9,*/*;q=0.8", "Accept-Encoding": "gzip, deflate", "Accept-Language": "en-us,en;q=0.5"}}, {"format_id": "249", "url": "https://r5---sn-4g5edn7s.googlevideo.com/videoplayback?initcwndbps=3371250&source=youtube&sparams=clen%2Cdur%2Cei%2Cgir%2Cid%2Cinitcwndbps%2Cip%2Cipbits%2Citag%2Ckeepalive%2Clmt%2Cmime%2Cmm%2Cmn%2Cms%2Cmv%2Cpl%2Crequiressl%2Csource%2Cexpire&pl=16&keepalive=yes&mm=31&ipbits=0&clen=1571690&mime=audio%2Fwebm&requiressl=yes&mv=m&mt=1502217801&ms=au&dur=243.141&gir=yes&mn=sn-4g5edn7s&signature=1770BDA689C6300FC700286D4A760F1B3C714C57.0A7539FB1EDF140681BA73643512D8BAA895172C&key=yt6&itag=249&expire=1502239532&id=o-ABrfjEaJ_zt1SVMcRzm3fVx6XYBm5ZVJTI9NsyJVo0yE&ei=zAaKWYPUApO-VsTUvtAJ&lmt=1430464177130223&ip=131.159.40.117&ratebypass=yes", "player_url": null, "ext": "webm", "format_note": "DASH audio", "acodec": "opus", "abr": 50, "filesize": 1571690, "tbr": 54.257, "vcodec": "none", "format": "249 - audio only (DASH audio)", "protocol": "https", "http_headers": {"User-Agent": "Mozilla/5.0 (X11; Linux x86_64; rv:10.0) Gecko/20150101 Firefox/47.0 (Chrome)", "Accept-Charset": "ISO-8859-1,utf-8;q=0.7,*;q=0.7", "Accept": "text/html,application/xhtml+xml,application/xml;q=0.9,*/*;q=0.8", "Accept-Encoding": "gzip, deflate", "Accept-Language": "en-us,en;q=0.5"}}, {"format_id": "250", "url": "https://r5---sn-4g5edn7s.googlevideo.com/videoplayback?initcwndbps=3371250&source=youtube&sparams=clen%2Cdur%2Cei%2Cgir%2Cid%2Cinitcwndbps%2Cip%2Cipbits%2Citag%2Ckeepalive%2Clmt%2Cmime%2Cmm%2Cmn%2Cms%2Cmv%2Cpl%2Crequiressl%2Csource%2Cexpire&pl=16&keepalive=yes&mm=31&ipbits=0&clen=2181014&mime=audio%2Fwebm&requiressl=yes&mv=m&mt=1502217801&ms=au&dur=243.141&gir=yes&mn=sn-4g5edn7s&signature=BC4164944C97B77AAA29B59DA175825892D64FB0.0EF927D6BBA7BC3A8E31603C8303DBDBB2A30559&key=yt6&itag=250&expire=1502239532&id=o-ABrfjEaJ_zt1SVMcRzm3fVx6XYBm5ZVJTI9NsyJVo0yE&ei=zAaKWYPUApO-VsTUvtAJ&lmt=1430464177575243&ip=131.159.40.117&ratebypass=yes", "player_url": null, "ext": "webm", "format_note": "DASH audio", "acodec": "opus", "abr": 70, "filesize": 2181014, "tbr": 74.933, "vcodec": "none", "format": "250 - audio only (DASH audio)", "protocol": "https", "http_headers": {"User-Agent": "Mozilla/5.0 (X11; Linux x86_64; rv:10.0) Gecko/20150101 Firefox/47.0 (Chrome)", "Accept-Charset": "ISO-8859-1,utf-8;q=0.7,*;q=0.7", "Accept": "text/html,application/xhtml+xml,application/xml;q=0.9,*/*;q=0.8", "Accept-Encoding": "gzip, deflate", "Accept-Language": "en-us,en;q=0.5"}}, {"format_id": "171", "url": "https://r5---sn-4g5edn7s.googlevideo.com/videoplayback?initcwndbps=3371250&source=youtube&sparams=clen%2Cdur%2Cei%2Cgir%2Cid%2Cinitcwndbps%2Cip%2Cipbits%2Citag%2Ckeepalive%2Clmt%2Cmime%2Cmm%2Cmn%2Cms%2Cmv%2Cpl%2Crequiressl%2Csource%2Cexpire&pl=16&keepalive=yes&mm=31&ipbits=0&clen=3282871&mime=audio%2Fwebm&requiressl=yes&mv=m&mt=1502217801&ms=au&dur=243.145&gir=yes&mn=sn-4g5edn7s&signature=CC1E43BC2B20201AD41007327AE43516CD777250.11C6001A2170CA648C40FE72E3424CDB0C1B118C&key=yt6&itag=171&expire=1502239532&id=o-ABrfjEaJ_zt1SVMcRzm3fVx6XYBm5ZVJTI9NsyJVo0yE&ei=zAaKWYPUApO-VsTUvtAJ&lmt=1430464178350846&ip=131.159.40.117&ratebypass=yes", "player_url": null, "ext": "webm", "acodec": "vorbis", "format_note": "DASH audio", "abr": 128, "filesize": 3282871, "tbr": 116.017, "vcodec": "none", "format": "171 - audio only (DASH audio)", "protocol": "https", "http_headers": {"User-Agent": "Mozilla/5.0 (X11; Linux x86_64; rv:10.0) Gecko/20150101 Firefox/47.0 (Chrome)", "Accept-Charset": "ISO-8859-1,utf-8;q=0.7,*;q=0.7", "Accept": "text/html,application/xhtml+xml,application/xml;q=0.9,*/*;q=0.8", "Accept-Encoding": "gzip, deflate", "Accept-Language": "en-us,en;q=0.5"}}, {"ext": "m4a", "format_note": "DASH audio", "acodec": "mp4a.40.2", "abr": 128, "container": "m4a_dash", "format_id": "140", "url": "https://r5---sn-4g5e6nl6.googlevideo.com/videoplayback?id=0f87cc4fd17958c3&itag=140&source=youtube&requiressl=yes&mv=m&initcwndbps=3371250&ms=au&ei=zAaKWYL2H93IVseeu9gH&mn=sn-4g5e6nl6&mm=31&pl=16&ratebypass=yes&mime=audio/mp4&gir=yes&clen=3863294&lmt=1432631133704149&dur=243.205&key=dg_yt0&signature=64C1A6CC6172551009B7C830C480A90F3A13F14E.573745D73CDEB90D42434695EBECFB4D044769D0&mt=1502217801&ip=131.159.40.117&ipbits=0&expire=1502239532&sparams=ip,ipbits,expire,id,itag,source,requiressl,mv,initcwndbps,ms,ei,mn,mm,pl,ratebypass,mime,gir,clen,lmt,dur", "manifest_url": "https://manifest.googlevideo.com/api/manifest/dash/mv/m/initcwndbps/3371250/source/youtube/key/yt6/ms/au/ei/zAaKWYL2H93IVseeu9gH/requiressl/yes/expire/1502239532/signature/BA0B4F1A1A0E910BD95BAC0FFF4C340AAA578135.8BB99A32144DFA2AF8BA82793F96383A88DA94EB/sparams/as%2Cei%2Chfr%2Cid%2Cinitcwndbps%2Cip%2Cipbits%2Citag%2Cmm%2Cmn%2Cms%2Cmv%2Cpl%2Cplayback_host%2Crequiressl%2Csource%2Cexpire/mt/1502217801/id/0f87cc4fd17958c3/playback_host/r5---sn-4g5e6nl6.googlevideo.com/as/fmp4_audio_clear%2Cfmp4_sd_hd_clear/ipbits/0/mn/sn-4g5e6nl6/ip/131.159.40.117/mm/31/itag/0/pl/16/hfr/1", "width": null, "height": null, "tbr": 128.027, "asr": 44100, "fps": null, "language": null, "filesize": 3863294, "vcodec": "none", "format": "140 - audio only (DASH audio)", "protocol": "https", "http_headers": {"User-Agent": "Mozilla/5.0 (X11; Linux x86_64; rv:10.0) Gecko/20150101 Firefox/47.0 (Chrome)", "Accept-Charset": "ISO-8859-1,utf-8;q=0.7,*;q=0.7", "Accept": "text/html,application/xhtml+xml,application/xml;q=0.9,*/*;q=0.8", "Accept-Encoding": "gzip, deflate", "Accept-Language": "en-us,en;q=0.5"}}, {"format_id": "251", "url": "https://r5---sn-4g5edn7s.googlevideo.com/videoplayback?initcwndbps=3371250&source=youtube&sparams=clen%2Cdur%2Cei%2Cgir%2Cid%2Cinitcwndbps%2Cip%2Cipbits%2Citag%2Ckeepalive%2Clmt%2Cmime%2Cmm%2Cmn%2Cms%2Cmv%2Cpl%2Crequiressl%2Csource%2Cexpire&pl=16&keepalive=yes&mm=31&ipbits=0&clen=4022413&mime=audio%2Fwebm&requiressl=yes&mv=m&mt=1502217801&ms=au&dur=243.141&gir=yes&mn=sn-4g5edn7s&signature=06C3CAC6C090F1EA7173E394C8043A6B946106A4.02C5CC6BD903ED167283A2430FDB4028AB362F53&key=yt6&itag=251&expire=1502239532&id=o-ABrfjEaJ_zt1SVMcRzm3fVx6XYBm5ZVJTI9NsyJVo0yE&ei=zAaKWYPUApO-VsTUvtAJ&lmt=1430464177487307&ip=131.159.40.117&ratebypass=yes", "player_url": null, "ext": "webm", "format_note": "DASH audio", "acodec": "opus", "abr": 160, "filesize": 4022413, "tbr": 140.662, "vcodec": "none", "format": "251 - audio only (DASH audio)", "protocol": "https", "http_headers": {"User-Agent": "Mozilla/5.0 (X11; Linux x86_64; rv:10.0) Gecko/20150101 Firefox/47.0 (Chrome)", "Accept-Charset": "ISO-8859-1,utf-8;q=0.7,*;q=0.7", "Accept": "text/html,application/xhtml+xml,application/xml;q=0.9,*/*;q=0.8", "Accept-Encoding": "gzip, deflate", "Accept-Language": "en-us,en;q=0.5"}}, {"format_id": "278", "url": "https://r5---sn-4g5edn7s.googlevideo.com/videoplayback?initcwndbps=3371250&source=youtube&sparams=clen%2Cdur%2Cei%2Cgir%2Cid%2Cinitcwndbps%2Cip%2Cipbits%2Citag%2Ckeepalive%2Clmt%2Cmime%2Cmm%2Cmn%2Cms%2Cmv%2Cpl%2Crequiressl%2Csource%2Cexpire&pl=16&keepalive=yes&mm=31&ipbits=0&clen=2215036&mime=video%2Fwebm&requiressl=yes&mv=m&mt=1502217801&ms=au&dur=243.042&gir=yes&mn=sn-4g5edn7s&signature=0E168BC29A20C23C449F30B3583C8BEC17681829.2CEA37E72A78D334153746172402EF3B84615F34&key=yt6&itag=278&expire=1502239532&id=o-ABrfjEaJ_zt1SVMcRzm3fVx6XYBm5ZVJTI9NsyJVo0yE&ei=zAaKWYPUApO-VsTUvtAJ&lmt=1430464959547594&ip=131.159.40.117&ratebypass=yes", "player_url": null, "ext": "webm", "height": 144, "format_note": "144p", "container": "webm", "vcodec": "vp9", "filesize": 2215036, "tbr": 100.914, "width": 256, "fps": 15, "acodec": "none", "format": "278 - 256x144 (144p)", "protocol": "https", "http_headers": {"User-Agent": "Mozilla/5.0 (X11; Linux x86_64; rv:10.0) Gecko/20150101 Firefox/47.0 (Chrome)", "Accept-Charset": "ISO-8859-1,utf-8;q=0.7,*;q=0.7", "Accept": "text/html,application/xhtml+xml,application/xml;q=0.9,*/*;q=0.8", "Accept-Encoding": "gzip, deflate", "Accept-Language": "en-us,en;q=0.5"}}, {"ext": "mp4", "height": 144, "format_note": "DASH video", "vcodec": "avc1.4d400c", "format_id": "160", "url": "https://r5---sn-4g5e6nl6.googlevideo.com/videoplayback?id=0f87cc4fd17958c3&itag=160&source=youtube&requiressl=yes&mv=m&initcwndbps=3371250&ms=au&ei=zAaKWYL2H93IVseeu9gH&mn=sn-4g5e6nl6&mm=31&pl=16&ratebypass=yes&mime=video/mp4&gir=yes&clen=3317011&lmt=1432631170327190&dur=243.109&key=dg_yt0&signature=7CB7FF740AEC5F5D9D794959980E1E74DC97C6F9.86AF46C1E2318D73EED6BE510360F8EE72A47D62&mt=1502217801&ip=131.159.40.117&ipbits=0&expire=1502239532&sparams=ip,ipbits,expire,id,itag,source,requiressl,mv,initcwndbps,ms,ei,mn,mm,pl,ratebypass,mime,gir,clen,lmt,dur", "manifest_url": "https://manifest.googlevideo.com/api/manifest/dash/mv/m/initcwndbps/3371250/source/youtube/key/yt6/ms/au/ei/zAaKWYL2H93IVseeu9gH/requiressl/yes/expire/1502239532/signature/BA0B4F1A1A0E910BD95BAC0FFF4C340AAA578135.8BB99A32144DFA2AF8BA82793F96383A88DA94EB/sparams/as%2Cei%2Chfr%2Cid%2Cinitcwndbps%2Cip%2Cipbits%2Citag%2Cmm%2Cmn%2Cms%2Cmv%2Cpl%2Cplayback_host%2Crequiressl%2Csource%2Cexpire/mt/1502217801/id/0f87cc4fd17958c3/playback_host/r5---sn-4g5e6nl6.googlevideo.com/as/fmp4_audio_clear%2Cfmp4_sd_hd_clear/ipbits/0/mn/sn-4g5e6nl6/ip/131.159.40.117/mm/31/itag/0/pl/16/hfr/1", "width": 256, "tbr": 111.089, "asr": null, "fps": 15, "language": null, "filesize": 3317011, "acodec": "none", "format": "160 - 256x144 (DASH video)", "protocol": "https", "http_headers": {"User-Agent": "Mozilla/5.0 (X11; Linux x86_64; rv:10.0) Gecko/20150101 Firefox/47.0 (Chrome)", "Accept-Charset": "ISO-8859-1,utf-8;q=0.7,*;q=0.7", "Accept": "text/html,application/xhtml+xml,application/xml;q=0.9,*/*;q=0.8", "Accept-Encoding": "gzip, deflate", "Accept-Language": "en-us,en;q=0.5"}}, {"format_id": "242", "url": "https://r5---sn-4g5edn7s.googlevideo.com/videoplayback?initcwndbps=3371250&source=youtube&sparams=clen%2Cdur%2Cei%2Cgir%2Cid%2Cinitcwndbps%2Cip%2Cipbits%2Citag%2Ckeepalive%2Clmt%2Cmime%2Cmm%2Cmn%2Cms%2Cmv%2Cpl%2Crequiressl%2Csource%2Cexpire&pl=16&keepalive=yes&mm=31&ipbits=0&clen=4291363&mime=video%2Fwebm&requiressl=yes&mv=m&mt=1502217801&ms=au&dur=243.076&gir=yes&mn=sn-4g5edn7s&signature=7C34FDCFDF3B67ADF8E5E569E9EEA6030A07E88A.C03087F8C62E34D6CE76D725724DDF472815A286&key=yt6&itag=242&expire=1502239532&id=o-ABrfjEaJ_zt1SVMcRzm3fVx6XYBm5ZVJTI9NsyJVo0yE&ei=zAaKWYPUApO-VsTUvtAJ&lmt=1430464931334629&ip=131.159.40.117&ratebypass=yes", "player_url": null, "ext": "webm", "height": 240, "format_note": "240p", "vcodec": "vp9", "filesize": 4291363, "tbr": 230.379, "width": 426, "fps": 30, "acodec": "none", "format": "242 - 426x240 (240p)", "protocol": "https", "http_headers": {"User-Agent": "Mozilla/5.0 (X11; Linux x86_64; rv:10.0) Gecko/20150101 Firefox/47.0 (Chrome)", "Accept-Charset": "ISO-8859-1,utf-8;q=0.7,*;q=0.7", "Accept": "text/html,application/xhtml+xml,application/xml;q=0.9,*/*;q=0.8", "Accept-Encoding": "gzip, deflate", "Accept-Language": "en-us,en;q=0.5"}}, {"ext": "mp4", "height": 240, "format_note": "DASH video", "vcodec": "avc1.4d4015", "format_id": "133", "url": "https://r5---sn-4g5e6nl6.googlevideo.com/videoplayback?id=0f87cc4fd17958c3&itag=133&source=youtube&requiressl=yes&mv=m&initcwndbps=3371250&ms=au&ei=zAaKWYL2H93IVseeu9gH&mn=sn-4g5e6nl6&mm=31&pl=16&ratebypass=yes&mime=video/mp4&gir=yes&clen=7447815&lmt=1432631224928988&dur=243.109&key=dg_yt0&signature=0104FAB4BF438E4412E5150F399F13726DB856A4.5E63965FD6D487A8BE34B08D25C46E2870E165F9&mt=1502217801&ip=131.159.40.117&ipbits=0&expire=1502239532&sparams=ip,ipbits,expire,id,itag,source,requiressl,mv,initcwndbps,ms,ei,mn,mm,pl,ratebypass,mime,gir,clen,lmt,dur", "manifest_url": "https://manifest.googlevideo.com/api/manifest/dash/mv/m/initcwndbps/3371250/source/youtube/key/yt6/ms/au/ei/zAaKWYL2H93IVseeu9gH/requiressl/yes/expire/1502239532/signature/BA0B4F1A1A0E910BD95BAC0FFF4C340AAA578135.8BB99A32144DFA2AF8BA82793F96383A88DA94EB/sparams/as%2Cei%2Chfr%2Cid%2Cinitcwndbps%2Cip%2Cipbits%2Citag%2Cmm%2Cmn%2Cms%2Cmv%2Cpl%2Cplayback_host%2Crequiressl%2Csource%2Cexpire/mt/1502217801/id/0f87cc4fd17958c3/playback_host/r5---sn-4g5e6nl6.googlevideo.com/as/fmp4_audio_clear%2Cfmp4_sd_hd_clear/ipbits/0/mn/sn-4g5e6nl6/ip/131.159.40.117/mm/31/itag/0/pl/16/hfr/1", "width": 426, "tbr": 250.358, "asr": null, "fps": 30, "language": null, "filesize": 7447815, "acodec": "none", "format": "133 - 426x240 (DASH video)", "protocol": "https", "http_headers": {"User-Agent": "Mozilla/5.0 (X11; Linux x86_64; rv:10.0) Gecko/20150101 Firefox/47.0 (Chrome)", "Accept-Charset": "ISO-8859-1,utf-8;q=0.7,*;q=0.7", "Accept": "text/html,application/xhtml+xml,application/xml;q=0.9,*/*;q=0.8", "Accept-Encoding": "gzip, deflate", "Accept-Language": "en-us,en;q=0.5"}}, {"format_id": "243", "url": "https://r5---sn-4g5edn7s.googlevideo.com/videoplayback?initcwndbps=3371250&source=youtube&sparams=clen%2Cdur%2Cei%2Cgir%2Cid%2Cinitcwndbps%2Cip%2Cipbits%2Citag%2Ckeepalive%2Clmt%2Cmime%2Cmm%2Cmn%2Cms%2Cmv%2Cpl%2Crequiressl%2Csource%2Cexpire&pl=16&keepalive=yes&mm=31&ipbits=0&clen=7846299&mime=video%2Fwebm&requiressl=yes&mv=m&mt=1502217801&ms=au&dur=243.076&gir=yes&mn=sn-4g5edn7s&signature=CE7D7267F1500E15BA37F1E97754032976AED84F.22AF0CDEE98FE38B21016EE0F34F15422A455BF0&key=yt6&itag=243&expire=1502239532&id=o-ABrfjEaJ_zt1SVMcRzm3fVx6XYBm5ZVJTI9NsyJVo0yE&ei=zAaKWYPUApO-VsTUvtAJ&lmt=1430464921181519&ip=131.159.40.117&ratebypass=yes", "player_url": null, "ext": "webm", "height": 360, "format_note": "360p", "vcodec": "vp9", "filesize": 7846299, "tbr": 422.233, "width": 640, "fps": 30, "acodec": "none", "format": "243 - 640x360 (360p)", "protocol": "https", "http_headers": {"User-Agent": "Mozilla/5.0 (X11; Linux x86_64; rv:10.0) Gecko/20150101 Firefox/47.0 (Chrome)", "Accept-Charset": "ISO-8859-1,utf-8;q=0.7,*;q=0.7", "Accept": "text/html,application/xhtml+xml,application/xml;q=0.9,*/*;q=0.8", "Accept-Encoding": "gzip, deflate", "Accept-Language": "en-us,en;q=0.5"}}, {"ext": "mp4", "height": 360, "format_note": "DASH video", "vcodec": "avc1.4d401e", "format_id": "134", "url": "https://r5---sn-4g5e6nl6.googlevideo.com/videoplayback?id=0f87cc4fd17958c3&itag=134&source=youtube&requiressl=yes&mv=m&initcwndbps=3371250&ms=au&ei=zAaKWYL2H93IVseeu9gH&mn=sn-4g5e6nl6&mm=31&pl=16&ratebypass=yes&mime=video/mp4&gir=yes&clen=7913624&lmt=1432631267707942&dur=243.109&key=dg_yt0&signature=8860D6D6EDA6E04251580A46104CD7077E979B97.391FDFA566BE89B3B3E58DD09A2F97852C10EC0D&mt=1502217801&ip=131.159.40.117&ipbits=0&expire=1502239532&sparams=ip,ipbits,expire,id,itag,source,requiressl,mv,initcwndbps,ms,ei,mn,mm,pl,ratebypass,mime,gir,clen,lmt,dur", "manifest_url": "https://manifest.googlevideo.com/api/manifest/dash/mv/m/initcwndbps/3371250/source/youtube/key/yt6/ms/au/ei/zAaKWYL2H93IVseeu9gH/requiressl/yes/expire/1502239532/signature/BA0B4F1A1A0E910BD95BAC0FFF4C340AAA578135.8BB99A32144DFA2AF8BA82793F96383A88DA94EB/sparams/as%2Cei%2Chfr%2Cid%2Cinitcwndbps%2Cip%2Cipbits%2Citag%2Cmm%2Cmn%2Cms%2Cmv%2Cpl%2Cplayback_host%2Crequiressl%2Csource%2Cexpire/mt/1502217801/id/0f87cc4fd17958c3/playback_host/r5---sn-4g5e6nl6.googlevideo.com/as/fmp4_audio_clear%2Cfmp4_sd_hd_clear/ipbits/0/mn/sn-4g5e6nl6/ip/131.159.40.117/mm/31/itag/0/pl/16/hfr/1", "width": 640, "tbr": 513.859, "asr": null, "fps": 30, "language": null, "filesize": 7913624, "acodec": "none", "format": "134 - 640x360 (DASH video)", "protocol": "https", "http_headers": {"User-Agent": "Mozilla/5.0 (X11; Linux x86_64; rv:10.0) Gecko/20150101 Firefox/47.0 (Chrome)", "Accept-Charset": "ISO-8859-1,utf-8;q=0.7,*;q=0.7", "Accept": "text/html,application/xhtml+xml,application/xml;q=0.9,*/*;q=0.8", "Accept-Encoding": "gzip, deflate", "Accept-Language": "en-us,en;q=0.5"}}, {"format_id": "244", "url": "https://r5---sn-4g5edn7s.googlevideo.com/videoplayback?initcwndbps=3371250&source=youtube&sparams=clen%2Cdur%2Cei%2Cgir%2Cid%2Cinitcwndbps%2Cip%2Cipbits%2Citag%2Ckeepalive%2Clmt%2Cmime%2Cmm%2Cmn%2Cms%2Cmv%2Cpl%2Crequiressl%2Csource%2Cexpire&pl=16&keepalive=yes&mm=31&ipbits=0&clen=13098937&mime=video%2Fwebm&requiressl=yes&mv=m&mt=1502217801&ms=au&dur=243.076&gir=yes&mn=sn-4g5edn7s&signature=5F935922B39C5772CA536799792C4E31296ED4FF.0C234E6E6D02C738F42D22E34AE8310FBCA853E3&key=yt6&itag=244&expire=1502239532&id=o-ABrfjEaJ_zt1SVMcRzm3fVx6XYBm5ZVJTI9NsyJVo0yE&ei=zAaKWYPUApO-VsTUvtAJ&lmt=1430464965578054&ip=131.159.40.117&ratebypass=yes", "player_url": null, "ext": "webm", "height": 480, "format_note": "480p", "vcodec": "vp9", "filesize": 13098937, "tbr": 738.885, "width": 854, "fps": 30, "acodec": "none", "format": "244 - 854x480 (480p)", "protocol": "https", "http_headers": {"User-Agent": "Mozilla/5.0 (X11; Linux x86_64; rv:10.0) Gecko/20150101 Firefox/47.0 (Chrome)", "Accept-Charset": "ISO-8859-1,utf-8;q=0.7,*;q=0.7", "Accept": "text/html,application/xhtml+xml,application/xml;q=0.9,*/*;q=0.8", "Accept-Encoding": "gzip, deflate", "Accept-Language": "en-us,en;q=0.5"}}, {"ext": "mp4", "height": 480, "format_note": "DASH video", "vcodec": "avc1.4d401f", "format_id": "135", "url": "https://r5---sn-4g5e6nl6.googlevideo.com/videoplayback?id=0f87cc4fd17958c3&itag=135&source=youtube&requiressl=yes&mv=m&initcwndbps=3371250&ms=au&ei=zAaKWYL2H93IVseeu9gH&mn=sn-4g5e6nl6&mm=31&pl=16&ratebypass=yes&mime=video/mp4&gir=yes&clen=16350070&lmt=1432631612956567&dur=243.109&key=dg_yt0&signature=48CA00DCF219B81A851FB78EB919D1B74255454A.3D526024A9BB708EAC7C245F4F83D66319153DEF&mt=1502217801&ip=131.159.40.117&ipbits=0&expire=1502239532&sparams=ip,ipbits,expire,id,itag,source,requiressl,mv,initcwndbps,ms,ei,mn,mm,pl,ratebypass,mime,gir,clen,lmt,dur", "manifest_url": "https://manifest.googlevideo.com/api/manifest/dash/mv/m/initcwndbps/3371250/source/youtube/key/yt6/ms/au/ei/zAaKWYL2H93IVseeu9gH/requiressl/yes/expire/1502239532/signature/BA0B4F1A1A0E910BD95BAC0FFF4C340AAA578135.8BB99A32144DFA2AF8BA82793F96383A88DA94EB/sparams/as%2Cei%2Chfr%2Cid%2Cinitcwndbps%2Cip%2Cipbits%2Citag%2Cmm%2Cmn%2Cms%2Cmv%2Cpl%2Cplayback_host%2Crequiressl%2Csource%2Cexpire/mt/1502217801/id/0f87cc4fd17958c3/playback_host/r5---sn-4g5e6nl6.googlevideo.com/as/fmp4_audio_clear%2Cfmp4_sd_hd_clear/ipbits/0/mn/sn-4g5e6nl6/ip/131.159.40.117/mm/31/itag/0/pl/16/hfr/1", "width": 854, "tbr": 970.719, "asr": null, "fps": 30, "language": null, "filesize": 16350070, "acodec": "none", "format": "135 - 854x480 (DASH video)", "protocol": "https", "http_headers": {"User-Agent": "Mozilla/5.0 (X11; Linux x86_64; rv:10.0) Gecko/20150101 Firefox/47.0 (Chrome)", "Accept-Charset": "ISO-8859-1,utf-8;q=0.7,*;q=0.7", "Accept": "text/html,application/xhtml+xml,application/xml;q=0.9,*/*;q=0.8", "Accept-Encoding": "gzip, deflate", "Accept-Language": "en-us,en;q=0.5"}}, {"format_id": "247", "url": "https://r5---sn-4g5edn7s.googlevideo.com/videoplayback?initcwndbps=3371250&source=youtube&sparams=clen%2Cdur%2Cei%2Cgir%2Cid%2Cinitcwndbps%2Cip%2Cipbits%2Citag%2Ckeepalive%2Clmt%2Cmime%2Cmm%2Cmn%2Cms%2Cmv%2Cpl%2Crequiressl%2Csource%2Cexpire&pl=16&keepalive=yes&mm=31&ipbits=0&clen=26946166&mime=video%2Fwebm&requiressl=yes&mv=m&mt=1502217801&ms=au&dur=243.076&gir=yes&mn=sn-4g5edn7s&signature=0BCD8E26C01B9F64B5D3399C624B0BC329C542D7.470EFEF434FDF5CB491202967C2BC9FC9C2BD207&key=yt6&itag=247&expire=1502239532&id=o-ABrfjEaJ_zt1SVMcRzm3fVx6XYBm5ZVJTI9NsyJVo0yE&ei=zAaKWYPUApO-VsTUvtAJ&lmt=1430465070029810&ip=131.159.40.117&ratebypass=yes", "player_url": null, "ext": "webm", "height": 720, "format_note": "720p", "vcodec": "vp9", "filesize": 26946166, "tbr": 1492.36, "width": 1280, "fps": 30, "acodec": "none", "format": "247 - 1280x720 (720p)", "protocol": "https", "http_headers": {"User-Agent": "Mozilla/5.0 (X11; Linux x86_64; rv:10.0) Gecko/20150101 Firefox/47.0 (Chrome)", "Accept-Charset": "ISO-8859-1,utf-8;q=0.7,*;q=0.7", "Accept": "text/html,application/xhtml+xml,application/xml;q=0.9,*/*;q=0.8", "Accept-Encoding": "gzip, deflate", "Accept-Language": "en-us,en;q=0.5"}}, {"format_id": "136", "url": "https://r5---sn-4g5edn7s.googlevideo.com/videoplayback?initcwndbps=3371250&source=youtube&sparams=clen%2Cdur%2Cei%2Cgir%2Cid%2Cinitcwndbps%2Cip%2Cipbits%2Citag%2Ckeepalive%2Clmt%2Cmime%2Cmm%2Cmn%2Cms%2Cmv%2Cpl%2Crequiressl%2Csource%2Cexpire&pl=16&keepalive=yes&mm=31&ipbits=0&clen=32604882&mime=video%2Fmp4&requiressl=yes&mv=m&mt=1502217801&ms=au&dur=243.109&gir=yes&mn=sn-4g5edn7s&signature=378B98DB95396AF699AFC43001298C810DFF2EAC.1AD63F80163E1DCDB00F0595E24E5617CFFEBDCE&key=yt6&itag=136&expire=1502239532&id=o-ABrfjEaJ_zt1SVMcRzm3fVx6XYBm5ZVJTI9NsyJVo0yE&ei=zAaKWYPUApO-VsTUvtAJ&lmt=1432631614239953&ip=131.159.40.117&ratebypass=yes", "player_url": null, "ext": "mp4", "height": 720, "format_note": "720p", "vcodec": "avc1.4d401f", "filesize": 32604882, "tbr": 1750.326, "width": 1280, "fps": 30, "acodec": "none", "format": "136 - 1280x720 (720p)", "protocol": "https", "http_headers": {"User-Agent": "Mozilla/5.0 (X11; Linux x86_64; rv:10.0) Gecko/20150101 Firefox/47.0 (Chrome)", "Accept-Charset": "ISO-8859-1,utf-8;q=0.7,*;q=0.7", "Accept": "text/html,application/xhtml+xml,application/xml;q=0.9,*/*;q=0.8", "Accept-Encoding": "gzip, deflate", "Accept-Language": "en-us,en;q=0.5"}}, {"format_id": "302", "url": "https://r5---sn-4g5edn7s.googlevideo.com/videoplayback?initcwndbps=3371250&source=youtube&sparams=clen%2Cdur%2Cei%2Cgir%2Cid%2Cinitcwndbps%2Cip%2Cipbits%2Citag%2Ckeepalive%2Clmt%2Cmime%2Cmm%2Cmn%2Cms%2Cmv%2Cpl%2Crequiressl%2Csource%2Cexpire&pl=16&keepalive=yes&mm=31&ipbits=0&clen=42468155&mime=video%2Fwebm&requiressl=yes&mv=m&mt=1502217801&ms=au&dur=243.092&gir=yes&mn=sn-4g5edn7s&signature=E0484AD7C9D8E529BF91C5BA9E3985D9130769FF.79C019D734BCFE212829DF549D49A75B7BC76332&key=yt6&itag=302&expire=1502239532&id=o-ABrfjEaJ_zt1SVMcRzm3fVx6XYBm5ZVJTI9NsyJVo0yE&ei=zAaKWYPUApO-VsTUvtAJ&lmt=1430465177680183&ip=131.159.40.117&ratebypass=yes", "player_url": null, "ext": "webm", "height": 720, "format_note": "720p60", "vcodec": "vp9", "fps": 60, "filesize": 42468155, "tbr": 2322.639, "width": 1280, "acodec": "none", "format": "302 - 1280x720 (720p60)", "protocol": "https", "http_headers": {"User-Agent": "Mozilla/5.0 (X11; Linux x86_64; rv:10.0) Gecko/20150101 Firefox/47.0 (Chrome)", "Accept-Charset": "ISO-8859-1,utf-8;q=0.7,*;q=0.7", "Accept": "text/html,application/xhtml+xml,application/xml;q=0.9,*/*;q=0.8", "Accept-Encoding": "gzip, deflate", "Accept-Language": "en-us,en;q=0.5"}}, {"ext": "mp4", "height": 720, "format_note": "DASH video", "vcodec": "avc1.4d4020", "fps": 60, "format_id": "298", "url": "https://r5---sn-4g5e6nl6.googlevideo.com/videoplayback?id=0f87cc4fd17958c3&itag=298&source=youtube&requiressl=yes&mv=m&initcwndbps=3371250&ms=au&ei=zAaKWYL2H93IVseeu9gH&mn=sn-4g5e6nl6&mm=31&pl=16&ratebypass=yes&mime=video/mp4&gir=yes&clen=59902875&lmt=1432631615034018&dur=243.109&key=dg_yt0&signature=83C1C69133F0A9665C1B06EE5C04900A6D1C9A35.9520E6C41989606888A197DC6C72FD68B8FF773E&mt=1502217801&ip=131.159.40.117&ipbits=0&expire=1502239532&sparams=ip,ipbits,expire,id,itag,source,requiressl,mv,initcwndbps,ms,ei,mn,mm,pl,ratebypass,mime,gir,clen,lmt,dur", "manifest_url": "https://manifest.googlevideo.com/api/manifest/dash/mv/m/initcwndbps/3371250/source/youtube/key/yt6/ms/au/ei/zAaKWYL2H93IVseeu9gH/requiressl/yes/expire/1502239532/signature/BA0B4F1A1A0E910BD95BAC0FFF4C340AAA578135.8BB99A32144DFA2AF8BA82793F96383A88DA94EB/sparams/as%2Cei%2Chfr%2Cid%2Cinitcwndbps%2Cip%2Cipbits%2Citag%2Cmm%2Cmn%2Cms%2Cmv%2Cpl%2Cplayback_host%2Crequiressl%2Csource%2Cexpire/mt/1502217801/id/0f87cc4fd17958c3/playback_host/r5---sn-4g5e6nl6.googlevideo.com/as/fmp4_audio_clear%2Cfmp4_sd_hd_clear/ipbits/0/mn/sn-4g5e6nl6/ip/131.159.40.117/mm/31/itag/0/pl/16/hfr/1", "width": 1280, "tbr": 2625.55, "asr": null, "language": null, "filesize": 59902875, "acodec": "none", "format": "298 - 1280x720 (DASH video)", "protocol": "https", "http_headers": {"User-Agent": "Mozilla/5.0 (X11; Linux x86_64; rv:10.0) Gecko/20150101 Firefox/47.0 (Chrome)", "Accept-Charset": "ISO-8859-1,utf-8;q=0.7,*;q=0.7", "Accept": "text/html,application/xhtml+xml,application/xml;q=0.9,*/*;q=0.8", "Accept-Encoding": "gzip, deflate", "Accept-Language": "en-us,en;q=0.5"}}, {"format_id": "17", "url": "https://r5---sn-4g5edn7s.googlevideo.com/videoplayback?initcwndbps=3371250&source=youtube&sparams=clen%2Cdur%2Cei%2Cgir%2Cid%2Cinitcwndbps%2Cip%2Cipbits%2Citag%2Clmt%2Cmime%2Cmm%2Cmn%2Cms%2Cmv%2Cpl%2Crequiressl%2Csource%2Cexpire&pl=16&mm=31&ipbits=0&clen=2508112&mime=video%2F3gpp&requiressl=yes&mv=m&mt=1502217801&ms=au&dur=243.298&gir=yes&mn=sn-4g5edn7s&signature=AA57C84541ADFBA6357140587FFD5FFBCE856CEF.CA017C910F841B08C130507D1AEDFA4C1E181F7F&key=yt6&itag=17&expire=1502239532&id=o-ABrfjEaJ_zt1SVMcRzm3fVx6XYBm5ZVJTI9NsyJVo0yE&ei=zAaKWYPUApO-VsTUvtAJ&lmt=1429646918620496&ip=131.159.40.117&ratebypass=yes", "player_url": null, "ext": "3gp", "width": 176, "height": 144, "acodec": "mp4a.40.2", "abr": 24, "vcodec": "mp4v.20.3", "resolution": "176x144", "format_note": "small", "format": "17 - 176x144 (small)", "protocol": "https", "http_headers": {"User-Agent": "Mozilla/5.0 (X11; Linux x86_64; rv:10.0) Gecko/20150101 Firefox/47.0 (Chrome)", "Accept-Charset": "ISO-8859-1,utf-8;q=0.7,*;q=0.7", "Accept": "text/html,application/xhtml+xml,application/xml;q=0.9,*/*;q=0.8", "Accept-Encoding": "gzip, deflate", "Accept-Language": "en-us,en;q=0.5"}}, {"format_id": "36", "url": "https://r5---sn-4g5edn7s.googlevideo.com/videoplayback?initcwndbps=3371250&source=youtube&sparams=clen%2Cdur%2Cei%2Cgir%2Cid%2Cinitcwndbps%2Cip%2Cipbits%2Citag%2Clmt%2Cmime%2Cmm%2Cmn%2Cms%2Cmv%2Cpl%2Crequiressl%2Csource%2Cexpire&pl=16&mm=31&ipbits=0&clen=6896522&mime=video%2F3gpp&requiressl=yes&mv=m&mt=1502217801&ms=au&dur=243.345&gir=yes&mn=sn-4g5edn7s&signature=9B8BEFBF5CF132CA9B7CA1AFD3ED221549FF9340.889D6FF2C9F930E137A0E7F1DD2FE33F831955A9&key=yt6&itag=36&expire=1502239532&id=o-ABrfjEaJ_zt1SVMcRzm3fVx6XYBm5ZVJTI9NsyJVo0yE&ei=zAaKWYPUApO-VsTUvtAJ&lmt=1429646977809933&ip=131.159.40.117&ratebypass=yes", "player_url": null, "ext": "3gp", "width": 320, "acodec": "mp4a.40.2", "vcodec": "mp4v.20.3", "resolution": "320x180", "height": 180, "format_note": "small", "format": "36 - 320x180 (small)", "protocol": "https", "http_headers": {"User-Agent": "Mozilla/5.0 (X11; Linux x86_64; rv:10.0) Gecko/20150101 Firefox/47.0 (Chrome)", "Accept-Charset": "ISO-8859-1,utf-8;q=0.7,*;q=0.7", "Accept": "text/html,application/xhtml+xml,application/xml;q=0.9,*/*;q=0.8", "Accept-Encoding": "gzip, deflate", "Accept-Language": "en-us,en;q=0.5"}}, {"format_id": "43", "url": "https://r5---sn-4g5edn7s.googlevideo.com/videoplayback?initcwndbps=3371250&source=youtube&sparams=clen%2Cdur%2Cei%2Cgir%2Cid%2Cinitcwndbps%2Cip%2Cipbits%2Citag%2Clmt%2Cmime%2Cmm%2Cmn%2Cms%2Cmv%2Cpl%2Cratebypass%2Crequiressl%2Csource%2Cexpire&pl=16&mm=31&ipbits=0&clen=21220691&mime=video%2Fwebm&requiressl=yes&ratebypass=yes&mv=m&mt=1502217801&ms=au&dur=0.000&gir=yes&mn=sn-4g5edn7s&signature=C713B11EDC78AF4F1416C492C187D064813D3B49.D941362A1FD04CCED956C0E48336A5A92C84AFF6&key=yt6&itag=43&expire=1502239532&id=o-ABrfjEaJ_zt1SVMcRzm3fVx6XYBm5ZVJTI9NsyJVo0yE&ei=zAaKWYPUApO-VsTUvtAJ&lmt=1429647741162607&ip=131.159.40.117", "player_url": null, "ext": "webm", "width": 640, "height": 360, "acodec": "vorbis", "abr": 128, "vcodec": "vp8.0", "resolution": "640x360", "format_note": "medium", "format": "43 - 640x360 (medium)", "protocol": "https", "http_headers": {"User-Agent": "Mozilla/5.0 (X11; Linux x86_64; rv:10.0) Gecko/20150101 Firefox/47.0 (Chrome)", "Accept-Charset": "ISO-8859-1,utf-8;q=0.7,*;q=0.7", "Accept": "text/html,application/xhtml+xml,application/xml;q=0.9,*/*;q=0.8", "Accept-Encoding": "gzip, deflate", "Accept-Language": "en-us,en;q=0.5"}}, {"format_id": "18", "url": "https://r5---sn-4g5edn7s.googlevideo.com/videoplayback?initcwndbps=3371250&source=youtube&sparams=clen%2Cdur%2Cei%2Cgir%2Cid%2Cinitcwndbps%2Cip%2Cipbits%2Citag%2Clmt%2Cmime%2Cmm%2Cmn%2Cms%2Cmv%2Cpl%2Cratebypass%2Crequiressl%2Csource%2Cexpire&pl=16&mm=31&ipbits=0&clen=14201131&mime=video%2Fmp4&requiressl=yes&ratebypass=yes&mv=m&mt=1502217801&ms=au&dur=243.205&gir=yes&mn=sn-4g5edn7s&signature=5D0C699AEF7D34F0414464675CD83C3CDD1F112E.9D3C5E97984305B5C81A21ACC0A6B1D7F3363597&key=yt6&itag=18&expire=1502239532&id=o-ABrfjEaJ_zt1SVMcRzm3fVx6XYBm5ZVJTI9NsyJVo0yE&ei=zAaKWYPUApO-VsTUvtAJ&lmt=1432631229717186&ip=131.159.40.117", "player_url": null, "ext": "mp4", "width": 640, "height": 360, "acodec": "mp4a.40.2", "abr": 96, "vcodec": "avc1.42001E", "resolution": "640x360", "format_note": "medium", "format": "18 - 640x360 (medium)", "protocol": "https", "http_headers": {"User-Agent": "Mozilla/5.0 (X11; Linux x86_64; rv:10.0) Gecko/20150101 Firefox/47.0 (Chrome)", "Accept-Charset": "ISO-8859-1,utf-8;q=0.7,*;q=0.7", "Accept": "text/html,application/xhtml+xml,application/xml;q=0.9,*/*;q=0.8", "Accept-Encoding": "gzip, deflate", "Accept-Language": "en-us,en;q=0.5"}}, {"format_id": "22", "url": "https://r5---sn-4g5edn7s.googlevideo.com/videoplayback?mv=m&initcwndbps=3371250&source=youtube&sparams=dur%2Cei%2Cid%2Cinitcwndbps%2Cip%2Cipbits%2Citag%2Clmt%2Cmime%2Cmm%2Cmn%2Cms%2Cmv%2Cpl%2Cratebypass%2Crequiressl%2Csource%2Cexpire&ms=au&pl=16&dur=243.205&mn=sn-4g5edn7s&signature=87C0FE58E56D1B8B4FCD9F231DD02E0E85E03E24.A5B59D50E98E8E6177BCA988A074A2B12579C5F3&key=yt6&itag=22&mm=31&ipbits=0&expire=1502239532&id=o-ABrfjEaJ_zt1SVMcRzm3fVx6XYBm5ZVJTI9NsyJVo0yE&mime=video%2Fmp4&ei=zAaKWYPUApO-VsTUvtAJ&requiressl=yes&lmt=1472342521607247&ip=131.159.40.117&mt=1502217801&ratebypass=yes", "player_url": null, "ext": "mp4", "width": 1280, "height": 720, "acodec": "mp4a.40.2", "abr": 192, "vcodec": "avc1.64001F", "resolution": "1280x720", "format_note": "hd720", "format": "22 - 1280x720 (hd720)", "protocol": "https", "http_headers": {"User-Agent": "Mozilla/5.0 (X11; Linux x86_64; rv:10.0) Gecko/20150101 Firefox/47.0 (Chrome)", "Accept-Charset": "ISO-8859-1,utf-8;q=0.7,*;q=0.7", "Accept": "text/html,application/xhtml+xml,application/xml;q=0.9,*/*;q=0.8", "Accept-Encoding": "gzip, deflate", "Accept-Language": "en-us,en;q=0.5"}}], "is_live": null, "start_time": null, "end_time": null, "series": null, "season_number": null, "episode_number": null, "extractor": "youtube", "webpage_url_basename": "D4fMT9F5WMM", "extractor_key": "Youtube", "playlist": null, "playlist_index": null, "thumbnails": [{"url": "https://i.ytimg.com/vi/D4fMT9F5WMM/hqdefault.jpg", "id": "0"}], "display_id": "D4fMT9F5WMM", "ext": "mp4", "height": 720, "format_note": "DASH video", "vcodec": "avc1.4d4020", "fps": 60, "format_id": "298", "url": "https://r5---sn-4g5e6nl6.googlevideo.com/videoplayback?id=0f87cc4fd17958c3&itag=298&source=youtube&requiressl=yes&mv=m&initcwndbps=3371250&ms=au&ei=zAaKWYL2H93IVseeu9gH&mn=sn-4g5e6nl6&mm=31&pl=16&ratebypass=yes&mime=video/mp4&gir=yes&clen=59902875&lmt=1432631615034018&dur=243.109&key=dg_yt0&signature=83C1C69133F0A9665C1B06EE5C04900A6D1C9A35.9520E6C41989606888A197DC6C72FD68B8FF773E&mt=1502217801&ip=131.159.40.117&ipbits=0&expire=1502239532&sparams=ip,ipbits,expire,id,itag,source,requiressl,mv,initcwndbps,ms,ei,mn,mm,pl,ratebypass,mime,gir,clen,lmt,dur", "manifest_url": "https://manifest.googlevideo.com/api/manifest/dash/mv/m/initcwndbps/3371250/source/youtube/key/yt6/ms/au/ei/zAaKWYL2H93IVseeu9gH/requiressl/yes/expire/1502239532/signature/BA0B4F1A1A0E910BD95BAC0FFF4C340AAA578135.8BB99A32144DFA2AF8BA82793F96383A88DA94EB/sparams/as%2Cei%2Chfr%2Cid%2Cinitcwndbps%2Cip%2Cipbits%2Citag%2Cmm%2Cmn%2Cms%2Cmv%2Cpl%2Cplayback_host%2Crequiressl%2Csource%2Cexpire/mt/1502217801/id/0f87cc4fd17958c3/playback_host/r5---sn-4g5e6nl6.googlevideo.com/as/fmp4_audio_clear%2Cfmp4_sd_hd_clear/ipbits/0/mn/sn-4g5e6nl6/ip/131.159.40.117/mm/31/itag/0/pl/16/hfr/1", "width": 1280, "tbr": 2625.55, "asr": null, "language": null, "filesize": 59902875, "acodec": "none", "format": "298 - 1280x720 (DASH video)", "protocol": "https", "http_headers": {"User-Agent": "Mozilla/5.0 (X11; Linux x86_64; rv:10.0) Gecko/20150101 Firefox/47.0 (Chrome)", "Accept-Charset": "ISO-8859-1,utf-8;q=0.7,*;q=0.7", "Accept": "text/html,application/xhtml+xml,application/xml;q=0.9,*/*;q=0.8", "Accept-Encoding": "gzip, deflate", "Accept-Language": "en-us,en;q=0.5"}, "fulltitle": "Samsung Galaxy S6 vs iPhone 6 vs HTC One M9: \u00bfcu\u00e1l es el mejor tel\u00e9fono?", "_filename": "D4fMT9F5WMM.mp4"}