{"id": "0GvV_83Wlf8", "uploader": "GMA News", "uploader_id": "gmanews", "uploader_url": "http://www.youtube.com/user/gmanews", "upload_date": "20140407", "license": "Standard YouTube License", "creator": null, "title": "Kakulangan ng imprastraktura, pangunahing dahilan kung bakit mabagal ang internet sa Pilipinas", "alt_title": null, "thumbnail": "https://i.ytimg.com/vi/0GvV_83Wlf8/hqdefault.jpg", "description": "State of the Nation is a nightly newscast anchored by award-winning broadcast journalist, Jessica Soho. It airs Mondays to Fridays at 9:00 PM (PHL Time) on GMA News TV Channel 11. For more videos from State of the Nation, visit http://www.gmanetwork.com/stateofthenation.\n\n\nGMA News Online: http://www.gmanews.tv\nFacebook: http://www.facebook.com/gmanews\nTwitter: http://www.twitter.com/gmanews", "categories": ["News & Politics"], "tags": ["GMA", "GMA 7", "GMA7", "GMA News", "Network", "gmanews", "philippines", "philippine", "pinoy", "news", "filipino", "abs cbn", "abscbn", "rappler", "tv5", "public affairs", "SONA"], "subtitles": {}, "automatic_captions": {}, "duration": 355, "age_limit": 0, "annotations": null, "chapters": null, "webpage_url": "https://www.youtube.com/watch?v=0GvV_83Wlf8", "view_count": 2539, "like_count": 9, "dislike_count": 0, "average_rating": 5.0, "formats": [{"ext": "m4a", "format_note": "DASH audio", "acodec": "mp4a.40.5", "abr": 48, "container": "m4a_dash", "format_id": "139", "url": "https://r3---sn-4g5e6ns7.googlevideo.com/videoplayback?id=d06bd5ffcdd695ff&itag=139&source=youtube&requiressl=yes&mv=m&ms=au&initcwndbps=4825000&ei=Q4WJWZ-aIc_eVtzJq-AO&mn=sn-4g5e6ns7&mm=31&pl=16&ratebypass=yes&mime=audio/mp4&gir=yes&clen=2113298&lmt=1396879392050210&dur=355.265&key=dg_yt0&mt=1502184530&signature=7FC68D348B1C327527E932DD572BA10766219B0C.49B8B903DD2F8F858E4F506D2359A4B1379DA0E1&ip=131.159.40.117&ipbits=0&expire=1502206371&sparams=ip,ipbits,expire,id,itag,source,requiressl,mv,ms,initcwndbps,ei,mn,mm,pl,ratebypass,mime,gir,clen,lmt,dur", "manifest_url": "https://manifest.googlevideo.com/api/manifest/dash/playback_host/r3---sn-4g5e6ns7.googlevideo.com/mv/m/source/youtube/ms/au/hfr/1/as/fmp4_audio_clear%2Cfmp4_sd_hd_clear/requiressl/yes/expire/1502206371/ip/131.159.40.117/key/yt6/itag/0/mt/1502184530/initcwndbps/4825000/sparams/as%2Cei%2Chfr%2Cid%2Cinitcwndbps%2Cip%2Cipbits%2Citag%2Cmm%2Cmn%2Cms%2Cmv%2Cpl%2Cplayback_host%2Crequiressl%2Csource%2Cexpire/ipbits/0/ei/Q4WJWZ-aIc_eVtzJq-AO/mn/sn-4g5e6ns7/signature/4794CF1F3E79341E12327E48CB64BBFE4154FA29.07DE18CDAD9FA2BED225F27702758C27DC7863E0/mm/31/pl/16/id/d06bd5ffcdd695ff", "width": null, "height": null, "tbr": 48.686, "asr": 22050, "fps": null, "language": null, "filesize": 2113298, "vcodec": "none", "format": "139 - audio only (DASH audio)", "protocol": "https", "http_headers": {"User-Agent": "Mozilla/5.0 (X11; Linux x86_64; rv:10.0) Gecko/20150101 Firefox/47.0 (Chrome)", "Accept-Charset": "ISO-8859-1,utf-8;q=0.7,*;q=0.7", "Accept": "text/html,application/xhtml+xml,application/xml;q=0.9,*/*;q=0.8", "Accept-Encoding": "gzip, deflate", "Accept-Language": "en-us,en;q=0.5"}}, {"format_id": "171", "url": "https://r3---sn-4g5e6ns7.googlevideo.com/videoplayback?mv=m&mt=1502184646&ms=au&gir=yes&key=yt6&ip=131.159.40.117&mn=sn-4g5e6ns7&mm=31&sparams=clen%2Cdur%2Cei%2Cgir%2Cid%2Cinitcwndbps%2Cip%2Cipbits%2Citag%2Ckeepalive%2Clmt%2Cmime%2Cmm%2Cmn%2Cms%2Cmv%2Cpl%2Crequiressl%2Csource%2Cexpire&id=o-AGPWRWOWwi6CljPJyHM6yHYyPZA0mJFRlGeKcfd0vWzk&signature=63C7AC5B222D841862273C31DE0C4F0B9D674993.A026B444E3EB24B8DEAAB047F0141484FC04F3BA&initcwndbps=4301250&clen=4906177&ipbits=0&source=youtube&keepalive=yes&pl=16&itag=171&dur=355.151&mime=audio%2Fwebm&expire=1502206371&ei=Q4WJWfezCYqNV7S-sqgL&lmt=1397106134084474&requiressl=yes&ratebypass=yes", "player_url": null, "ext": "webm", "acodec": "vorbis", "format_note": "DASH audio", "abr": 128, "filesize": 4906177, "tbr": 119.525, "fps": 1, "vcodec": "none", "format": "171 - audio only (DASH audio)", "protocol": "https", "http_headers": {"User-Agent": "Mozilla/5.0 (X11; Linux x86_64; rv:10.0) Gecko/20150101 Firefox/47.0 (Chrome)", "Accept-Charset": "ISO-8859-1,utf-8;q=0.7,*;q=0.7", "Accept": "text/html,application/xhtml+xml,application/xml;q=0.9,*/*;q=0.8", "Accept-Encoding": "gzip, deflate", "Accept-Language": "en-us,en;q=0.5"}}, {"ext": "m4a", "format_note": "DASH audio", "acodec": "mp4a.40.2", "abr": 128, "container": "m4a_dash", "format_id": "140", "url": "https://r3---sn-4g5e6ns7.googlevideo.com/videoplayback?id=d06bd5ffcdd695ff&itag=140&source=youtube&requiressl=yes&mv=m&ms=au&initcwndbps=4825000&ei=Q4WJWZ-aIc_eVtzJq-AO&mn=sn-4g5e6ns7&mm=31&pl=16&ratebypass=yes&mime=audio/mp4&gir=yes&clen=5642263&lmt=1396879392448079&dur=355.218&key=dg_yt0&mt=1502184530&signature=715BD99991519FD14308753A7C510D933FE0720A.910E51927F8AA38AF3046A71E5C554DDC973FA69&ip=131.159.40.117&ipbits=0&expire=1502206371&sparams=ip,ipbits,expire,id,itag,source,requiressl,mv,ms,initcwndbps,ei,mn,mm,pl,ratebypass,mime,gir,clen,lmt,dur", "manifest_url": "https://manifest.googlevideo.com/api/manifest/dash/playback_host/r3---sn-4g5e6ns7.googlevideo.com/mv/m/source/youtube/ms/au/hfr/1/as/fmp4_audio_clear%2Cfmp4_sd_hd_clear/requiressl/yes/expire/1502206371/ip/131.159.40.117/key/yt6/itag/0/mt/1502184530/initcwndbps/4825000/sparams/as%2Cei%2Chfr%2Cid%2Cinitcwndbps%2Cip%2Cipbits%2Citag%2Cmm%2Cmn%2Cms%2Cmv%2Cpl%2Cplayback_host%2Crequiressl%2Csource%2Cexpire/ipbits/0/ei/Q4WJWZ-aIc_eVtzJq-AO/mn/sn-4g5e6ns7/signature/4794CF1F3E79341E12327E48CB64BBFE4154FA29.07DE18CDAD9FA2BED225F27702758C27DC7863E0/mm/31/pl/16/id/d06bd5ffcdd695ff", "width": null, "height": null, "tbr": 128.072, "asr": 44100, "fps": null, "language": null, "filesize": 5642263, "vcodec": "none", "format": "140 - audio only (DASH audio)", "protocol": "https", "http_headers": {"User-Agent": "Mozilla/5.0 (X11; Linux x86_64; rv:10.0) Gecko/20150101 Firefox/47.0 (Chrome)", "Accept-Charset": "ISO-8859-1,utf-8;q=0.7,*;q=0.7", "Accept": "text/html,application/xhtml+xml,application/xml;q=0.9,*/*;q=0.8", "Accept-Encoding": "gzip, deflate", "Accept-Language": "en-us,en;q=0.5"}}, {"ext": "mp4", "height": 144, "format_note": "DASH video", "vcodec": "avc1.42c00c", "format_id": "160", "url": "https://r3---sn-4g5e6ns7.googlevideo.com/videoplayback?id=d06bd5ffcdd695ff&itag=160&source=youtube&requiressl=yes&mv=m&ms=au&initcwndbps=4825000&ei=Q4WJWZ-aIc_eVtzJq-AO&mn=sn-4g5e6ns7&mm=31&pl=16&ratebypass=yes&mime=video/mp4&gir=yes&clen=4890224&lmt=1396879392408328&dur=355.160&key=dg_yt0&mt=1502184530&signature=5D93E9D077228A9179A4D95758BC701C18731C7E.48D5C93D0203AA5949D8BBE7FE82AE0B1C71A4FD&ip=131.159.40.117&ipbits=0&expire=1502206371&sparams=ip,ipbits,expire,id,itag,source,requiressl,mv,ms,initcwndbps,ei,mn,mm,pl,ratebypass,mime,gir,clen,lmt,dur", "manifest_url": "https://manifest.googlevideo.com/api/manifest/dash/playback_host/r3---sn-4g5e6ns7.googlevideo.com/mv/m/source/youtube/ms/au/hfr/1/as/fmp4_audio_clear%2Cfmp4_sd_hd_clear/requiressl/yes/expire/1502206371/ip/131.159.40.117/key/yt6/itag/0/mt/1502184530/initcwndbps/4825000/sparams/as%2Cei%2Chfr%2Cid%2Cinitcwndbps%2Cip%2Cipbits%2Citag%2Cmm%2Cmn%2Cms%2Cmv%2Cpl%2Cplayback_host%2Crequiressl%2Csource%2Cexpire/ipbits/0/ei/Q4WJWZ-aIc_eVtzJq-AO/mn/sn-4g5e6ns7/signature/4794CF1F3E79341E12327E48CB64BBFE4154FA29.07DE18CDAD9FA2BED225F27702758C27DC7863E0/mm/31/pl/16/id/d06bd5ffcdd695ff", "width": 192, "tbr": 112.337, "asr": null, "fps": 13, "language": null, "filesize": 4890224, "acodec": "none", "format": "160 - 192x144 (DASH video)", "protocol": "https", "http_headers": {"User-Agent": "Mozilla/5.0 (X11; Linux x86_64; rv:10.0) Gecko/20150101 Firefox/47.0 (Chrome)", "Accept-Charset": "ISO-8859-1,utf-8;q=0.7,*;q=0.7", "Accept": "text/html,application/xhtml+xml,application/xml;q=0.9,*/*;q=0.8", "Accept-Encoding": "gzip, deflate", "Accept-Language": "en-us,en;q=0.5"}}, {"ext": "mp4", "height": 240, "format_note": "DASH video", "vcodec": "avc1.4d400d", "format_id": "133", "url": "https://r3---sn-4g5e6ns7.googlevideo.com/videoplayback?id=d06bd5ffcdd695ff&itag=133&source=youtube&requiressl=yes&mv=m&ms=au&initcwndbps=4825000&ei=Q4WJWZ-aIc_eVtzJq-AO&mn=sn-4g5e6ns7&mm=31&pl=16&ratebypass=yes&mime=video/mp4&gir=yes&clen=10862389&lmt=1396879395872715&dur=355.160&key=dg_yt0&mt=1502184530&signature=7B1ED2CA90AF92E07208FA420EDD8F7F5E630DCC.4B3107843589C8560A4731D217F1143C8988ABF3&ip=131.159.40.117&ipbits=0&expire=1502206371&sparams=ip,ipbits,expire,id,itag,source,requiressl,mv,ms,initcwndbps,ei,mn,mm,pl,ratebypass,mime,gir,clen,lmt,dur", "manifest_url": "https://manifest.googlevideo.com/api/manifest/dash/playback_host/r3---sn-4g5e6ns7.googlevideo.com/mv/m/source/youtube/ms/au/hfr/1/as/fmp4_audio_clear%2Cfmp4_sd_hd_clear/requiressl/yes/expire/1502206371/ip/131.159.40.117/key/yt6/itag/0/mt/1502184530/initcwndbps/4825000/sparams/as%2Cei%2Chfr%2Cid%2Cinitcwndbps%2Cip%2Cipbits%2Citag%2Cmm%2Cmn%2Cms%2Cmv%2Cpl%2Cplayback_host%2Crequiressl%2Csource%2Cexpire/ipbits/0/ei/Q4WJWZ-aIc_eVtzJq-AO/mn/sn-4g5e6ns7/signature/4794CF1F3E79341E12327E48CB64BBFE4154FA29.07DE18CDAD9FA2BED225F27702758C27DC7863E0/mm/31/pl/16/id/d06bd5ffcdd695ff", "width": 320, "tbr": 247.897, "asr": null, "fps": 25, "language": null, "filesize": 10862389, "acodec": "none", "format": "133 - 320x240 (DASH video)", "protocol": "https", "http_headers": {"User-Agent": "Mozilla/5.0 (X11; Linux x86_64; rv:10.0) Gecko/20150101 Firefox/47.0 (Chrome)", "Accept-Charset": "ISO-8859-1,utf-8;q=0.7,*;q=0.7", "Accept": "text/html,application/xhtml+xml,application/xml;q=0.9,*/*;q=0.8", "Accept-Encoding": "gzip, deflate", "Accept-Language": "en-us,en;q=0.5"}}, {"ext": "mp4", "height": 360, "format_note": "DASH video", "vcodec": "avc1.4d4015", "format_id": "134", "url": "https://r3---sn-4g5e6ns7.googlevideo.com/videoplayback?id=d06bd5ffcdd695ff&itag=134&source=youtube&requiressl=yes&mv=m&ms=au&initcwndbps=4825000&ei=Q4WJWZ-aIc_eVtzJq-AO&mn=sn-4g5e6ns7&mm=31&pl=16&ratebypass=yes&mime=video/mp4&gir=yes&clen=13210020&lmt=1396879396777030&dur=355.160&key=dg_yt0&mt=1502184530&signature=477E306895371743D4DE68F01A0468D9E28B1E13.9761181445864A8861BA39A7E25C89908CDF80E3&ip=131.159.40.117&ipbits=0&expire=1502206371&sparams=ip,ipbits,expire,id,itag,source,requiressl,mv,ms,initcwndbps,ei,mn,mm,pl,ratebypass,mime,gir,clen,lmt,dur", "manifest_url": "https://manifest.googlevideo.com/api/manifest/dash/playback_host/r3---sn-4g5e6ns7.googlevideo.com/mv/m/source/youtube/ms/au/hfr/1/as/fmp4_audio_clear%2Cfmp4_sd_hd_clear/requiressl/yes/expire/1502206371/ip/131.159.40.117/key/yt6/itag/0/mt/1502184530/initcwndbps/4825000/sparams/as%2Cei%2Chfr%2Cid%2Cinitcwndbps%2Cip%2Cipbits%2Citag%2Cmm%2Cmn%2Cms%2Cmv%2Cpl%2Cplayback_host%2Crequiressl%2Csource%2Cexpire/ipbits/0/ei/Q4WJWZ-aIc_eVtzJq-AO/mn/sn-4g5e6ns7/signature/4794CF1F3E79341E12327E48CB64BBFE4154FA29.07DE18CDAD9FA2BED225F27702758C27DC7863E0/mm/31/pl/16/id/d06bd5ffcdd695ff", "width": 480, "tbr": 434.868, "asr": null, "fps": 25, "language": null, "filesize": 13210020, "acodec": "none", "format": "134 - 480x360 (DASH video)", "protocol": "https", "http_headers": {"User-Agent": "Mozilla/5.0 (X11; Linux x86_64; rv:10.0) Gecko/20150101 Firefox/47.0 (Chrome)", "Accept-Charset": "ISO-8859-1,utf-8;q=0.7,*;q=0.7", "Accept": "text/html,application/xhtml+xml,application/xml;q=0.9,*/*;q=0.8", "Accept-Encoding": "gzip, deflate", "Accept-Language": "en-us,en;q=0.5"}}, {"ext": "mp4", "height": 480, "format_note": "DASH video", "vcodec": "avc1.4d401e", "format_id": "135", "url": "https://r3---sn-4g5e6ns7.googlevideo.com/videoplayback?id=d06bd5ffcdd695ff&itag=135&source=youtube&requiressl=yes&mv=m&ms=au&initcwndbps=4825000&ei=Q4WJWZ-aIc_eVtzJq-AO&mn=sn-4g5e6ns7&mm=31&pl=16&ratebypass=yes&mime=video/mp4&gir=yes&clen=28238867&lmt=1396879622753273&dur=355.160&key=dg_yt0&mt=1502184530&signature=0F44DA11A5E276507BC18AB9C357480CA103882D.914C44F341BAB7A63D35AE627E1D3AF27688AFBC&ip=131.159.40.117&ipbits=0&expire=1502206371&sparams=ip,ipbits,expire,id,itag,source,requiressl,mv,ms,initcwndbps,ei,mn,mm,pl,ratebypass,mime,gir,clen,lmt,dur", "manifest_url": "https://manifest.googlevideo.com/api/manifest/dash/playback_host/r3---sn-4g5e6ns7.googlevideo.com/mv/m/source/youtube/ms/au/hfr/1/as/fmp4_audio_clear%2Cfmp4_sd_hd_clear/requiressl/yes/expire/1502206371/ip/131.159.40.117/key/yt6/itag/0/mt/1502184530/initcwndbps/4825000/sparams/as%2Cei%2Chfr%2Cid%2Cinitcwndbps%2Cip%2Cipbits%2Citag%2Cmm%2Cmn%2Cms%2Cmv%2Cpl%2Cplayback_host%2Crequiressl%2Csource%2Cexpire/ipbits/0/ei/Q4WJWZ-aIc_eVtzJq-AO/mn/sn-4g5e6ns7/signature/4794CF1F3E79341E12327E48CB64BBFE4154FA29.07DE18CDAD9FA2BED225F27702758C27DC7863E0/mm/31/pl/16/id/d06bd5ffcdd695ff", "width": 640, "tbr": 836.922, "asr": null, "fps": 25, "language": null, "filesize": 28238867, "acodec": "none", "format": "135 - 640x480 (DASH video)", "protocol": "https", "http_headers": {"User-Agent": "Mozilla/5.0 (X11; Linux x86_64; rv:10.0) Gecko/20150101 Firefox/47.0 (Chrome)", "Accept-Charset": "ISO-8859-1,utf-8;q=0.7,*;q=0.7", "Accept": "text/html,application/xhtml+xml,application/xml;q=0.9,*/*;q=0.8", "Accept-Encoding": "gzip, deflate", "Accept-Language": "en-us,en;q=0.5"}}, {"format_id": "17", "url": "https://r3---sn-4g5e6ns7.googlevideo.com/videoplayback?mv=m&mt=1502184646&ms=au&gir=yes&key=yt6&ip=131.159.40.117&mn=sn-4g5e6ns7&sparams=clen%2Cdur%2Cei%2Cgir%2Cid%2Cinitcwndbps%2Cip%2Cipbits%2Citag%2Clmt%2Cmime%2Cmm%2Cmn%2Cms%2Cmv%2Cpl%2Crequiressl%2Csource%2Cexpire&mm=31&id=o-AGPWRWOWwi6CljPJyHM6yHYyPZA0mJFRlGeKcfd0vWzk&signature=441FCE1739EE3F2BE124DB76DB538D8FA9351E7B.90B4468290A90A6AA4470897DDCC209BBEBB1E76&initcwndbps=4301250&clen=3629638&ipbits=0&source=youtube&pl=16&itag=17&dur=355.311&mime=video%2F3gpp&expire=1502206371&ei=Q4WJWfezCYqNV7S-sqgL&lmt=1396879423742340&requiressl=yes&ratebypass=yes", "player_url": null, "ext": "3gp", "width": 176, "height": 144, "acodec": "mp4a.40.2", "abr": 24, "vcodec": "mp4v.20.3", "resolution": "176x144", "format_note": "small", "format": "17 - 176x144 (small)", "protocol": "https", "http_headers": {"User-Agent": "Mozilla/5.0 (X11; Linux x86_64; rv:10.0) Gecko/20150101 Firefox/47.0 (Chrome)", "Accept-Charset": "ISO-8859-1,utf-8;q=0.7,*;q=0.7", "Accept": "text/html,application/xhtml+xml,application/xml;q=0.9,*/*;q=0.8", "Accept-Encoding": "gzip, deflate", "Accept-Language": "en-us,en;q=0.5"}}, {"format_id": "36", "url": "https://r3---sn-4g5e6ns7.googlevideo.com/videoplayback?mv=m&mt=1502184646&ms=au&gir=yes&key=yt6&ip=131.159.40.117&mn=sn-4g5e6ns7&sparams=clen%2Cdur%2Cei%2Cgir%2Cid%2Cinitcwndbps%2Cip%2Cipbits%2Citag%2Clmt%2Cmime%2Cmm%2Cmn%2Cms%2Cmv%2Cpl%2Crequiressl%2Csource%2Cexpire&mm=31&id=o-AGPWRWOWwi6CljPJyHM6yHYyPZA0mJFRlGeKcfd0vWzk&signature=D895DC7F1DC04D8FDEB7ABFAE6749A3272297B24.6C6D819587A56D4D6DC1B34E4DAC315B66D4E198&initcwndbps=4301250&clen=10028467&ipbits=0&source=youtube&pl=16&itag=36&dur=355.358&mime=video%2F3gpp&expire=1502206371&ei=Q4WJWfezCYqNV7S-sqgL&lmt=1396879502722654&requiressl=yes&ratebypass=yes", "player_url": null, "ext": "3gp", "width": 320, "acodec": "mp4a.40.2", "vcodec": "mp4v.20.3", "resolution": "320x240", "height": 240, "format_note": "small", "format": "36 - 320x240 (small)", "protocol": "https", "http_headers": {"User-Agent": "Mozilla/5.0 (X11; Linux x86_64; rv:10.0) Gecko/20150101 Firefox/47.0 (Chrome)", "Accept-Charset": "ISO-8859-1,utf-8;q=0.7,*;q=0.7", "Accept": "text/html,application/xhtml+xml,application/xml;q=0.9,*/*;q=0.8", "Accept-Encoding": "gzip, deflate", "Accept-Language": "en-us,en;q=0.5"}}, {"format_id": "18", "url": "https://r3---sn-4g5e6ns7.googlevideo.com/videoplayback?mv=m&mt=1502184646&ms=au&gir=yes&key=yt6&ip=131.159.40.117&mn=sn-4g5e6ns7&mm=31&sparams=clen%2Cdur%2Cei%2Cgir%2Cid%2Cinitcwndbps%2Cip%2Cipbits%2Citag%2Clmt%2Cmime%2Cmm%2Cmn%2Cms%2Cmv%2Cpl%2Cratebypass%2Crequiressl%2Csource%2Cexpire&id=o-AGPWRWOWwi6CljPJyHM6yHYyPZA0mJFRlGeKcfd0vWzk&ratebypass=yes&signature=D105F2BBE7EFF64C21D0C3295ECAD159E9AC0096.3ACBDC1B674C5D06C300F45B039E8F1F74986E5E&initcwndbps=4301250&clen=17137433&ipbits=0&source=youtube&pl=16&itag=18&dur=355.218&mime=video%2Fmp4&expire=1502206371&ei=Q4WJWfezCYqNV7S-sqgL&lmt=1396879396442688&requiressl=yes", "player_url": null, "ext": "mp4", "width": 480, "height": 360, "acodec": "mp4a.40.2", "abr": 96, "vcodec": "avc1.42001E", "resolution": "480x360", "format_note": "medium", "format": "18 - 480x360 (medium)", "protocol": "https", "http_headers": {"User-Agent": "Mozilla/5.0 (X11; Linux x86_64; rv:10.0) Gecko/20150101 Firefox/47.0 (Chrome)", "Accept-Charset": "ISO-8859-1,utf-8;q=0.7,*;q=0.7", "Accept": "text/html,application/xhtml+xml,application/xml;q=0.9,*/*;q=0.8", "Accept-Encoding": "gzip, deflate", "Accept-Language": "en-us,en;q=0.5"}}, {"format_id": "43", "url": "https://r3---sn-4g5e6ns7.googlevideo.com/videoplayback?mv=m&mt=1502184646&ms=au&gir=yes&key=yt6&ip=131.159.40.117&mn=sn-4g5e6ns7&mm=31&sparams=clen%2Cdur%2Cei%2Cgir%2Cid%2Cinitcwndbps%2Cip%2Cipbits%2Citag%2Clmt%2Cmime%2Cmm%2Cmn%2Cms%2Cmv%2Cpl%2Cratebypass%2Crequiressl%2Csource%2Cexpire&id=o-AGPWRWOWwi6CljPJyHM6yHYyPZA0mJFRlGeKcfd0vWzk&ratebypass=yes&signature=3053A495086565C621834747F3A10A9B8E413098.B6E20F65EA6A44B5D5A4EE8133A9514EEB73AD24&initcwndbps=4301250&clen=26342143&ipbits=0&source=youtube&pl=16&itag=43&dur=0.000&mime=video%2Fwebm&expire=1502206371&ei=Q4WJWfezCYqNV7S-sqgL&lmt=1396880084316270&requiressl=yes", "player_url": null, "ext": "webm", "width": 640, "height": 360, "acodec": "vorbis", "abr": 128, "vcodec": "vp8.0", "resolution": "640x360", "format_note": "medium", "format": "43 - 640x360 (medium)", "protocol": "https", "http_headers": {"User-Agent": "Mozilla/5.0 (X11; Linux x86_64; rv:10.0) Gecko/20150101 Firefox/47.0 (Chrome)", "Accept-Charset": "ISO-8859-1,utf-8;q=0.7,*;q=0.7", "Accept": "text/html,application/xhtml+xml,application/xml;q=0.9,*/*;q=0.8", "Accept-Encoding": "gzip, deflate", "Accept-Language": "en-us,en;q=0.5"}}], "is_live": null, "start_time": null, "end_time": null, "series": null, "season_number": null, "episode_number": null, "extractor": "youtube", "webpage_url_basename": "0GvV_83Wlf8", "extractor_key": "Youtube", "playlist": null, "playlist_index": null, "thumbnails": [{"url": "https://i.ytimg.com/vi/0GvV_83Wlf8/hqdefault.jpg", "id": "0"}], "display_id": "0GvV_83Wlf8", "ext": "mp4", "height": 480, "format_note": "DASH video", "vcodec": "avc1.4d401e", "format_id": "135", "url": "https://r3---sn-4g5e6ns7.googlevideo.com/videoplayback?id=d06bd5ffcdd695ff&itag=135&source=youtube&requiressl=yes&mv=m&ms=au&initcwndbps=4825000&ei=Q4WJWZ-aIc_eVtzJq-AO&mn=sn-4g5e6ns7&mm=31&pl=16&ratebypass=yes&mime=video/mp4&gir=yes&clen=28238867&lmt=1396879622753273&dur=355.160&key=dg_yt0&mt=1502184530&signature=0F44DA11A5E276507BC18AB9C357480CA103882D.914C44F341BAB7A63D35AE627E1D3AF27688AFBC&ip=131.159.40.117&ipbits=0&expire=1502206371&sparams=ip,ipbits,expire,id,itag,source,requiressl,mv,ms,initcwndbps,ei,mn,mm,pl,ratebypass,mime,gir,clen,lmt,dur", "manifest_url": "https://manifest.googlevideo.com/api/manifest/dash/playback_host/r3---sn-4g5e6ns7.googlevideo.com/mv/m/source/youtube/ms/au/hfr/1/as/fmp4_audio_clear%2Cfmp4_sd_hd_clear/requiressl/yes/expire/1502206371/ip/131.159.40.117/key/yt6/itag/0/mt/1502184530/initcwndbps/4825000/sparams/as%2Cei%2Chfr%2Cid%2Cinitcwndbps%2Cip%2Cipbits%2Citag%2Cmm%2Cmn%2Cms%2Cmv%2Cpl%2Cplayback_host%2Crequiressl%2Csource%2Cexpire/ipbits/0/ei/Q4WJWZ-aIc_eVtzJq-AO/mn/sn-4g5e6ns7/signature/4794CF1F3E79341E12327E48CB64BBFE4154FA29.07DE18CDAD9FA2BED225F27702758C27DC7863E0/mm/31/pl/16/id/d06bd5ffcdd695ff", "width": 640, "tbr": 836.922, "asr": null, "fps": 25, "language": null, "filesize": 28238867, "acodec": "none", "format": "135 - 640x480 (DASH video)", "protocol": "https", "http_headers": {"User-Agent": "Mozilla/5.0 (X11; Linux x86_64; rv:10.0) Gecko/20150101 Firefox/47.0 (Chrome)", "Accept-Charset": "ISO-8859-1,utf-8;q=0.7,*;q=0.7", "Accept": "text/html,application/xhtml+xml,application/xml;q=0.9,*/*;q=0.8", "Accept-Encoding": "gzip, deflate", "Accept-Language": "en-us,en;q=0.5"}, "fulltitle": "Kakulangan ng imprastraktura, pangunahing dahilan kung bakit mabagal ang internet sa Pilipinas", "_filename": "0GvV_83Wlf8.mp4"}