{"id": "vRyZGkbKyI4", "uploader": "BargainPrincess", "uploader_id": "BargainPrincess", "uploader_url": "http://www.youtube.com/user/BargainPrincess", "upload_date": "20130417", "license": "Standard YouTube License", "creator": null, "title": "Fade Dark Spots", "alt_title": null, "thumbnail": "https://i.ytimg.com/vi/vRyZGkbKyI4/hqdefault.jpg", "description": "trying to clear up my skin & get rid of these little suckers.\n\nsubscribe for new videos:http://www.youtube.com/user/BargainPr...\n\n\n\u2665 Read my Blog! http://www.bargainprincess.com/\n\u2665 Add me on Facebook! https://www.facebook.com/pages/Bargai...\n\u2665 Follow me on Twitter! https://twitter.com/#!/BargainPrincess\n\n\nBusiness Inquires only: BargainPrincess1@gmail.com\nGeneral emails & requests: LovelyBPs@gmail.com\n\n\nI purchased this product.", "categories": ["Howto & Style"], "tags": ["BargainPrincess", "Fade cream", "dark spots", "acne", "blemishes", "discoloration", "how to fix", "conceal", "cream", "topiclear", "zits", "skin problems", "sensitive skin", "help even skin tone", "smooth complexion", "fade dark spots and marks", "perfect skin"], "subtitles": {}, "automatic_captions": {}, "duration": 319, "age_limit": 0, "annotations": null, "chapters": null, "webpage_url": "https://www.youtube.com/watch?v=vRyZGkbKyI4", "view_count": 429364, "like_count": 1328, "dislike_count": 264, "average_rating": 4.33668327332, "formats": [{"ext": "m4a", "format_note": "DASH audio", "acodec": "mp4a.40.5", "abr": 48, "container": "m4a_dash", "format_id": "139", "url": "https://r3---sn-4g5edne7.googlevideo.com/videoplayback?id=bd1c991a46cac88e&itag=139&source=youtube&requiressl=yes&initcwndbps=2997500&mn=sn-4g5edne7&mm=31&pl=16&mv=m&ms=au&ei=GyuKWf-nIcyjc-mSk5gE&ratebypass=yes&mime=audio/mp4&gir=yes&clen=1924085&lmt=1399694647162928&dur=318.855&key=dg_yt0&mt=1502227139&signature=9AC4D2BD40C05C7CC50FB8BCE1C1F33FA5A9B604.2C7E9049FB6F73DAFF6AD974B91420B9BFF46121&ip=131.159.40.117&ipbits=0&expire=1502248827&sparams=ip,ipbits,expire,id,itag,source,requiressl,initcwndbps,mn,mm,pl,mv,ms,ei,ratebypass,mime,gir,clen,lmt,dur", "manifest_url": "https://manifest.googlevideo.com/api/manifest/dash/initcwndbps/2997500/key/yt6/source/youtube/ipbits/0/mn/sn-4g5edne7/mm/31/hfr/1/playback_host/r3---sn-4g5edne7.googlevideo.com/expire/1502248827/pl/16/mv/m/sparams/as%2Cei%2Chfr%2Cid%2Cinitcwndbps%2Cip%2Cipbits%2Citag%2Cmm%2Cmn%2Cms%2Cmv%2Cpl%2Cplayback_host%2Crequiressl%2Csource%2Cexpire/ip/131.159.40.117/ms/au/mt/1502227139/ei/GyuKWf-nIcyjc-mSk5gE/id/bd1c991a46cac88e/as/fmp4_audio_clear%2Cfmp4_sd_hd_clear/itag/0/signature/3BAE34DC2DB5758049A4FB89A3A892F61F2DB86D.AC6552A8B65A297CD6611A889C811CEEE5B430E6/requiressl/yes", "width": null, "height": null, "tbr": 49.275, "asr": 22050, "fps": null, "language": null, "filesize": 1924085, "vcodec": "none", "format": "139 - audio only (DASH audio)", "protocol": "https", "http_headers": {"User-Agent": "Mozilla/5.0 (X11; Linux x86_64; rv:10.0) Gecko/20150101 Firefox/47.0 (Chrome)", "Accept-Charset": "ISO-8859-1,utf-8;q=0.7,*;q=0.7", "Accept": "text/html,application/xhtml+xml,application/xml;q=0.9,*/*;q=0.8", "Accept-Encoding": "gzip, deflate", "Accept-Language": "en-us,en;q=0.5"}}, {"format_id": "171", "url": "https://r3---sn-4g5e6nlk.googlevideo.com/videoplayback?mn=sn-4g5e6nlk&source=youtube&expire=1502248827&lmt=1395278248395960&pl=16&initcwndbps=2997500&ipbits=0&key=yt6&requiressl=yes&ei=GiuKWemjN4TUc8n-oNgP&itag=171&sparams=clen%2Cdur%2Cei%2Cgir%2Cid%2Cinitcwndbps%2Cip%2Cipbits%2Citag%2Ckeepalive%2Clmt%2Cmime%2Cmm%2Cmn%2Cms%2Cmv%2Cpl%2Crequiressl%2Csource%2Cexpire&keepalive=yes&ms=au&mv=m&mt=1502227139&clen=3690727&ip=131.159.40.117&mm=31&dur=318.716&id=o-AG2-vdaoC6eJ1shNxepQf6CMD1mUdwZAKVSZhyDiY56G&signature=75A37DFEC4ED903CDF3075250C880F127F78518C.7B915A9596E04C7B5A8BCDE0AC41C0289C97EA70&mime=audio%2Fwebm&gir=yes&ratebypass=yes", "player_url": null, "ext": "webm", "acodec": "vorbis", "format_note": "DASH audio", "abr": 128, "filesize": 3690727, "tbr": 99.129, "fps": 1, "vcodec": "none", "format": "171 - audio only (DASH audio)", "protocol": "https", "http_headers": {"User-Agent": "Mozilla/5.0 (X11; Linux x86_64; rv:10.0) Gecko/20150101 Firefox/47.0 (Chrome)", "Accept-Charset": "ISO-8859-1,utf-8;q=0.7,*;q=0.7", "Accept": "text/html,application/xhtml+xml,application/xml;q=0.9,*/*;q=0.8", "Accept-Encoding": "gzip, deflate", "Accept-Language": "en-us,en;q=0.5"}}, {"ext": "m4a", "format_note": "DASH audio", "acodec": "mp4a.40.2", "abr": 128, "container": "m4a_dash", "format_id": "140", "url": "https://r3---sn-4g5edne7.googlevideo.com/videoplayback?id=bd1c991a46cac88e&itag=140&source=youtube&requiressl=yes&initcwndbps=2997500&mn=sn-4g5edne7&mm=31&pl=16&mv=m&ms=au&ei=GyuKWf-nIcyjc-mSk5gE&ratebypass=yes&mime=audio/mp4&gir=yes&clen=5118024&lmt=1399694647386951&dur=318.762&key=dg_yt0&mt=1502227139&signature=12C407F708E6630EF17B968EBD68E801982425D8.2F4B3292C8D565FAFE1D4ED119AF20A1A7188A6E&ip=131.159.40.117&ipbits=0&expire=1502248827&sparams=ip,ipbits,expire,id,itag,source,requiressl,initcwndbps,mn,mm,pl,mv,ms,ei,ratebypass,mime,gir,clen,lmt,dur", "manifest_url": "https://manifest.googlevideo.com/api/manifest/dash/initcwndbps/2997500/key/yt6/source/youtube/ipbits/0/mn/sn-4g5edne7/mm/31/hfr/1/playback_host/r3---sn-4g5edne7.googlevideo.com/expire/1502248827/pl/16/mv/m/sparams/as%2Cei%2Chfr%2Cid%2Cinitcwndbps%2Cip%2Cipbits%2Citag%2Cmm%2Cmn%2Cms%2Cmv%2Cpl%2Cplayback_host%2Crequiressl%2Csource%2Cexpire/ip/131.159.40.117/ms/au/mt/1502227139/ei/GyuKWf-nIcyjc-mSk5gE/id/bd1c991a46cac88e/as/fmp4_audio_clear%2Cfmp4_sd_hd_clear/itag/0/signature/3BAE34DC2DB5758049A4FB89A3A892F61F2DB86D.AC6552A8B65A297CD6611A889C811CEEE5B430E6/requiressl/yes", "width": null, "height": null, "tbr": 129.318, "asr": 44100, "fps": null, "language": null, "filesize": 5118024, "vcodec": "none", "format": "140 - audio only (DASH audio)", "protocol": "https", "http_headers": {"User-Agent": "Mozilla/5.0 (X11; Linux x86_64; rv:10.0) Gecko/20150101 Firefox/47.0 (Chrome)", "Accept-Charset": "ISO-8859-1,utf-8;q=0.7,*;q=0.7", "Accept": "text/html,application/xhtml+xml,application/xml;q=0.9,*/*;q=0.8", "Accept-Encoding": "gzip, deflate", "Accept-Language": "en-us,en;q=0.5"}}, {"ext": "mp4", "height": 144, "format_note": "DASH video", "vcodec": "avc1.4d400c", "format_id": "160", "url": "https://r3---sn-4g5edne7.googlevideo.com/videoplayback?id=bd1c991a46cac88e&itag=160&source=youtube&requiressl=yes&initcwndbps=2997500&mn=sn-4g5edne7&mm=31&pl=16&mv=m&ms=au&ei=GyuKWf-nIcyjc-mSk5gE&ratebypass=yes&mime=video/mp4&gir=yes&clen=4341252&lmt=1399699074637806&dur=318.668&key=dg_yt0&mt=1502227139&signature=5EDDE1E5CFF9D9F6DCC84D22FC2CEF10E23B3FB5.14C8CB21BA2019EFA976CDD865FF515AF3B64268&ip=131.159.40.117&ipbits=0&expire=1502248827&sparams=ip,ipbits,expire,id,itag,source,requiressl,initcwndbps,mn,mm,pl,mv,ms,ei,ratebypass,mime,gir,clen,lmt,dur", "manifest_url": "https://manifest.googlevideo.com/api/manifest/dash/initcwndbps/2997500/key/yt6/source/youtube/ipbits/0/mn/sn-4g5edne7/mm/31/hfr/1/playback_host/r3---sn-4g5edne7.googlevideo.com/expire/1502248827/pl/16/mv/m/sparams/as%2Cei%2Chfr%2Cid%2Cinitcwndbps%2Cip%2Cipbits%2Citag%2Cmm%2Cmn%2Cms%2Cmv%2Cpl%2Cplayback_host%2Crequiressl%2Csource%2Cexpire/ip/131.159.40.117/ms/au/mt/1502227139/ei/GyuKWf-nIcyjc-mSk5gE/id/bd1c991a46cac88e/as/fmp4_audio_clear%2Cfmp4_sd_hd_clear/itag/0/signature/3BAE34DC2DB5758049A4FB89A3A892F61F2DB86D.AC6552A8B65A297CD6611A889C811CEEE5B430E6/requiressl/yes", "width": 256, "tbr": 111.709, "asr": null, "fps": 12, "language": null, "filesize": 4341252, "acodec": "none", "format": "160 - 256x144 (DASH video)", "protocol": "https", "http_headers": {"User-Agent": "Mozilla/5.0 (X11; Linux x86_64; rv:10.0) Gecko/20150101 Firefox/47.0 (Chrome)", "Accept-Charset": "ISO-8859-1,utf-8;q=0.7,*;q=0.7", "Accept": "text/html,application/xhtml+xml,application/xml;q=0.9,*/*;q=0.8", "Accept-Encoding": "gzip, deflate", "Accept-Language": "en-us,en;q=0.5"}}, {"ext": "mp4", "height": 240, "format_note": "DASH video", "vcodec": "avc1.4d4015", "format_id": "133", "url": "https://r3---sn-4g5edne7.googlevideo.com/videoplayback?id=bd1c991a46cac88e&itag=133&source=youtube&requiressl=yes&initcwndbps=2997500&mn=sn-4g5edne7&mm=31&pl=16&mv=m&ms=au&ei=GyuKWf-nIcyjc-mSk5gE&ratebypass=yes&mime=video/mp4&gir=yes&clen=9722307&lmt=1399694750987086&dur=318.668&key=dg_yt0&mt=1502227139&signature=287FFCFF0F6A8F84123E9499348A74F6C7F5359B.181FA7768F856485C350F7F80BCD1E48A3A5B4BE&ip=131.159.40.117&ipbits=0&expire=1502248827&sparams=ip,ipbits,expire,id,itag,source,requiressl,initcwndbps,mn,mm,pl,mv,ms,ei,ratebypass,mime,gir,clen,lmt,dur", "manifest_url": "https://manifest.googlevideo.com/api/manifest/dash/initcwndbps/2997500/key/yt6/source/youtube/ipbits/0/mn/sn-4g5edne7/mm/31/hfr/1/playback_host/r3---sn-4g5edne7.googlevideo.com/expire/1502248827/pl/16/mv/m/sparams/as%2Cei%2Chfr%2Cid%2Cinitcwndbps%2Cip%2Cipbits%2Citag%2Cmm%2Cmn%2Cms%2Cmv%2Cpl%2Cplayback_host%2Crequiressl%2Csource%2Cexpire/ip/131.159.40.117/ms/au/mt/1502227139/ei/GyuKWf-nIcyjc-mSk5gE/id/bd1c991a46cac88e/as/fmp4_audio_clear%2Cfmp4_sd_hd_clear/itag/0/signature/3BAE34DC2DB5758049A4FB89A3A892F61F2DB86D.AC6552A8B65A297CD6611A889C811CEEE5B430E6/requiressl/yes", "width": 426, "tbr": 247.707, "asr": null, "fps": 24, "language": null, "filesize": 9722307, "acodec": "none", "format": "133 - 426x240 (DASH video)", "protocol": "https", "http_headers": {"User-Agent": "Mozilla/5.0 (X11; Linux x86_64; rv:10.0) Gecko/20150101 Firefox/47.0 (Chrome)", "Accept-Charset": "ISO-8859-1,utf-8;q=0.7,*;q=0.7", "Accept": "text/html,application/xhtml+xml,application/xml;q=0.9,*/*;q=0.8", "Accept-Encoding": "gzip, deflate", "Accept-Language": "en-us,en;q=0.5"}}, {"ext": "mp4", "height": 360, "format_note": "DASH video", "vcodec": "avc1.4d401e", "format_id": "134", "url": "https://r3---sn-4g5edne7.googlevideo.com/videoplayback?id=bd1c991a46cac88e&itag=134&source=youtube&requiressl=yes&initcwndbps=2997500&mn=sn-4g5edne7&mm=31&pl=16&mv=m&ms=au&ei=GyuKWf-nIcyjc-mSk5gE&ratebypass=yes&mime=video/mp4&gir=yes&clen=10444728&lmt=1399694751457672&dur=318.668&key=dg_yt0&mt=1502227139&signature=3479E67A11614EA53342BBC80CEB956C2212B461.6E7C221CB5896F4F43A7342F881915598ECE293D&ip=131.159.40.117&ipbits=0&expire=1502248827&sparams=ip,ipbits,expire,id,itag,source,requiressl,initcwndbps,mn,mm,pl,mv,ms,ei,ratebypass,mime,gir,clen,lmt,dur", "manifest_url": "https://manifest.googlevideo.com/api/manifest/dash/initcwndbps/2997500/key/yt6/source/youtube/ipbits/0/mn/sn-4g5edne7/mm/31/hfr/1/playback_host/r3---sn-4g5edne7.googlevideo.com/expire/1502248827/pl/16/mv/m/sparams/as%2Cei%2Chfr%2Cid%2Cinitcwndbps%2Cip%2Cipbits%2Citag%2Cmm%2Cmn%2Cms%2Cmv%2Cpl%2Cplayback_host%2Crequiressl%2Csource%2Cexpire/ip/131.159.40.117/ms/au/mt/1502227139/ei/GyuKWf-nIcyjc-mSk5gE/id/bd1c991a46cac88e/as/fmp4_audio_clear%2Cfmp4_sd_hd_clear/itag/0/signature/3BAE34DC2DB5758049A4FB89A3A892F61F2DB86D.AC6552A8B65A297CD6611A889C811CEEE5B430E6/requiressl/yes", "width": 640, "tbr": 354.576, "asr": null, "fps": 24, "language": null, "filesize": 10444728, "acodec": "none", "format": "134 - 640x360 (DASH video)", "protocol": "https", "http_headers": {"User-Agent": "Mozilla/5.0 (X11; Linux x86_64; rv:10.0) Gecko/20150101 Firefox/47.0 (Chrome)", "Accept-Charset": "ISO-8859-1,utf-8;q=0.7,*;q=0.7", "Accept": "text/html,application/xhtml+xml,application/xml;q=0.9,*/*;q=0.8", "Accept-Encoding": "gzip, deflate", "Accept-Language": "en-us,en;q=0.5"}}, {"ext": "mp4", "height": 480, "format_note": "DASH video", "vcodec": "avc1.4d401e", "format_id": "135", "url": "https://r3---sn-4g5edne7.googlevideo.com/videoplayback?id=bd1c991a46cac88e&itag=135&source=youtube&requiressl=yes&initcwndbps=2997500&mn=sn-4g5edne7&mm=31&pl=16&mv=m&ms=au&ei=GyuKWf-nIcyjc-mSk5gE&ratebypass=yes&mime=video/mp4&gir=yes&clen=20473995&lmt=1399694744581268&dur=318.668&key=dg_yt0&mt=1502227139&signature=4137DCAEDE2C4C46D0F82244821017E0F1A0196F.98BED63730227BD54D68CF2A7E318960902074B3&ip=131.159.40.117&ipbits=0&expire=1502248827&sparams=ip,ipbits,expire,id,itag,source,requiressl,initcwndbps,mn,mm,pl,mv,ms,ei,ratebypass,mime,gir,clen,lmt,dur", "manifest_url": "https://manifest.googlevideo.com/api/manifest/dash/initcwndbps/2997500/key/yt6/source/youtube/ipbits/0/mn/sn-4g5edne7/mm/31/hfr/1/playback_host/r3---sn-4g5edne7.googlevideo.com/expire/1502248827/pl/16/mv/m/sparams/as%2Cei%2Chfr%2Cid%2Cinitcwndbps%2Cip%2Cipbits%2Citag%2Cmm%2Cmn%2Cms%2Cmv%2Cpl%2Cplayback_host%2Crequiressl%2Csource%2Cexpire/ip/131.159.40.117/ms/au/mt/1502227139/ei/GyuKWf-nIcyjc-mSk5gE/id/bd1c991a46cac88e/as/fmp4_audio_clear%2Cfmp4_sd_hd_clear/itag/0/signature/3BAE34DC2DB5758049A4FB89A3A892F61F2DB86D.AC6552A8B65A297CD6611A889C811CEEE5B430E6/requiressl/yes", "width": 854, "tbr": 645.033, "asr": null, "fps": 24, "language": null, "filesize": 20473995, "acodec": "none", "format": "135 - 854x480 (DASH video)", "protocol": "https", "http_headers": {"User-Agent": "Mozilla/5.0 (X11; Linux x86_64; rv:10.0) Gecko/20150101 Firefox/47.0 (Chrome)", "Accept-Charset": "ISO-8859-1,utf-8;q=0.7,*;q=0.7", "Accept": "text/html,application/xhtml+xml,application/xml;q=0.9,*/*;q=0.8", "Accept-Encoding": "gzip, deflate", "Accept-Language": "en-us,en;q=0.5"}}, {"ext": "mp4", "height": 720, "format_note": "DASH video", "vcodec": "avc1.4d401f", "format_id": "136", "url": "https://r3---sn-4g5edne7.googlevideo.com/videoplayback?id=bd1c991a46cac88e&itag=136&source=youtube&requiressl=yes&initcwndbps=2997500&mn=sn-4g5edne7&mm=31&pl=16&mv=m&ms=au&ei=GyuKWf-nIcyjc-mSk5gE&ratebypass=yes&mime=video/mp4&gir=yes&clen=45419135&lmt=1399694743226616&dur=318.668&key=dg_yt0&mt=1502227139&signature=3EE4702308AE2A3EEA782552527E433D0800594C.31E8AFD945E1C48AF07F656E382480A3F5638E2A&ip=131.159.40.117&ipbits=0&expire=1502248827&sparams=ip,ipbits,expire,id,itag,source,requiressl,initcwndbps,mn,mm,pl,mv,ms,ei,ratebypass,mime,gir,clen,lmt,dur", "manifest_url": "https://manifest.googlevideo.com/api/manifest/dash/initcwndbps/2997500/key/yt6/source/youtube/ipbits/0/mn/sn-4g5edne7/mm/31/hfr/1/playback_host/r3---sn-4g5edne7.googlevideo.com/expire/1502248827/pl/16/mv/m/sparams/as%2Cei%2Chfr%2Cid%2Cinitcwndbps%2Cip%2Cipbits%2Citag%2Cmm%2Cmn%2Cms%2Cmv%2Cpl%2Cplayback_host%2Crequiressl%2Csource%2Cexpire/ip/131.159.40.117/ms/au/mt/1502227139/ei/GyuKWf-nIcyjc-mSk5gE/id/bd1c991a46cac88e/as/fmp4_audio_clear%2Cfmp4_sd_hd_clear/itag/0/signature/3BAE34DC2DB5758049A4FB89A3A892F61F2DB86D.AC6552A8B65A297CD6611A889C811CEEE5B430E6/requiressl/yes", "width": 1280, "tbr": 1461.369, "asr": null, "fps": 24, "language": null, "filesize": 45419135, "acodec": "none", "format": "136 - 1280x720 (DASH video)", "protocol": "https", "http_headers": {"User-Agent": "Mozilla/5.0 (X11; Linux x86_64; rv:10.0) Gecko/20150101 Firefox/47.0 (Chrome)", "Accept-Charset": "ISO-8859-1,utf-8;q=0.7,*;q=0.7", "Accept": "text/html,application/xhtml+xml,application/xml;q=0.9,*/*;q=0.8", "Accept-Encoding": "gzip, deflate", "Accept-Language": "en-us,en;q=0.5"}}, {"format_id": "17", "url": "https://r3---sn-4g5e6nlk.googlevideo.com/videoplayback?mn=sn-4g5e6nlk&source=youtube&expire=1502248827&lmt=1386774853476349&pl=16&initcwndbps=2997500&ipbits=0&key=yt6&requiressl=yes&ei=GiuKWemjN4TUc8n-oNgP&itag=17&dur=319.088&ms=au&mv=m&mt=1502227139&clen=3266628&ip=131.159.40.117&mm=31&sparams=clen%2Cdur%2Cei%2Cgir%2Cid%2Cinitcwndbps%2Cip%2Cipbits%2Citag%2Clmt%2Cmime%2Cmm%2Cmn%2Cms%2Cmv%2Cpl%2Crequiressl%2Csource%2Cexpire&id=o-AG2-vdaoC6eJ1shNxepQf6CMD1mUdwZAKVSZhyDiY56G&signature=202C7EBEA944849E982E52C3D7E1E0B5D67F26FD.7FB2554D5C5081F956E13A614901B1AF4AEA153E&mime=video%2F3gpp&gir=yes&ratebypass=yes", "player_url": null, "ext": "3gp", "width": 176, "height": 144, "acodec": "mp4a.40.2", "abr": 24, "vcodec": "mp4v.20.3", "resolution": "176x144", "format_note": "small", "format": "17 - 176x144 (small)", "protocol": "https", "http_headers": {"User-Agent": "Mozilla/5.0 (X11; Linux x86_64; rv:10.0) Gecko/20150101 Firefox/47.0 (Chrome)", "Accept-Charset": "ISO-8859-1,utf-8;q=0.7,*;q=0.7", "Accept": "text/html,application/xhtml+xml,application/xml;q=0.9,*/*;q=0.8", "Accept-Encoding": "gzip, deflate", "Accept-Language": "en-us,en;q=0.5"}}, {"format_id": "36", "url": "https://r3---sn-4g5e6nlk.googlevideo.com/videoplayback?mn=sn-4g5e6nlk&source=youtube&expire=1502248827&lmt=1386774853473986&pl=16&initcwndbps=2997500&ipbits=0&key=yt6&requiressl=yes&ei=GiuKWemjN4TUc8n-oNgP&itag=36&dur=318.902&ms=au&mv=m&mt=1502227139&clen=9008007&ip=131.159.40.117&mm=31&sparams=clen%2Cdur%2Cei%2Cgir%2Cid%2Cinitcwndbps%2Cip%2Cipbits%2Citag%2Clmt%2Cmime%2Cmm%2Cmn%2Cms%2Cmv%2Cpl%2Crequiressl%2Csource%2Cexpire&id=o-AG2-vdaoC6eJ1shNxepQf6CMD1mUdwZAKVSZhyDiY56G&signature=12623F40CBAC79EF9FA03EC181F50C4631540C88.96AFB1E532CD6A0E5DFF69E43D9E201C6A2C8CA2&mime=video%2F3gpp&gir=yes&ratebypass=yes", "player_url": null, "ext": "3gp", "width": 320, "acodec": "mp4a.40.2", "vcodec": "mp4v.20.3", "resolution": "320x180", "height": 180, "format_note": "small", "format": "36 - 320x180 (small)", "protocol": "https", "http_headers": {"User-Agent": "Mozilla/5.0 (X11; Linux x86_64; rv:10.0) Gecko/20150101 Firefox/47.0 (Chrome)", "Accept-Charset": "ISO-8859-1,utf-8;q=0.7,*;q=0.7", "Accept": "text/html,application/xhtml+xml,application/xml;q=0.9,*/*;q=0.8", "Accept-Encoding": "gzip, deflate", "Accept-Language": "en-us,en;q=0.5"}}, {"format_id": "43", "url": "https://r3---sn-4g5e6nlk.googlevideo.com/videoplayback?mn=sn-4g5e6nlk&ratebypass=yes&source=youtube&expire=1502248827&lmt=1368834152172857&pl=16&initcwndbps=2997500&ipbits=0&key=yt6&requiressl=yes&ei=GiuKWemjN4TUc8n-oNgP&itag=43&sparams=clen%2Cdur%2Cei%2Cgir%2Cid%2Cinitcwndbps%2Cip%2Cipbits%2Citag%2Clmt%2Cmime%2Cmm%2Cmn%2Cms%2Cmv%2Cpl%2Cratebypass%2Crequiressl%2Csource%2Cexpire&ms=au&mv=m&mt=1502227139&clen=28232558&ip=131.159.40.117&mm=31&dur=0.000&id=o-AG2-vdaoC6eJ1shNxepQf6CMD1mUdwZAKVSZhyDiY56G&signature=1B9A218EE88535B4418F800FBDAC923982C73449.7D08023B85EFEE619B568B9ECE14FA2851E69ED3&mime=video%2Fwebm&gir=yes", "player_url": null, "ext": "webm", "width": 640, "height": 360, "acodec": "vorbis", "abr": 128, "vcodec": "vp8.0", "resolution": "640x360", "format_note": "medium", "format": "43 - 640x360 (medium)", "protocol": "https", "http_headers": {"User-Agent": "Mozilla/5.0 (X11; Linux x86_64; rv:10.0) Gecko/20150101 Firefox/47.0 (Chrome)", "Accept-Charset": "ISO-8859-1,utf-8;q=0.7,*;q=0.7", "Accept": "text/html,application/xhtml+xml,application/xml;q=0.9,*/*;q=0.8", "Accept-Encoding": "gzip, deflate", "Accept-Language": "en-us,en;q=0.5"}}, {"format_id": "18", "url": "https://r3---sn-4g5e6nlk.googlevideo.com/videoplayback?mn=sn-4g5e6nlk&ratebypass=yes&source=youtube&expire=1502248827&lmt=1399692645046671&pl=16&initcwndbps=2997500&ipbits=0&key=yt6&requiressl=yes&ei=GiuKWemjN4TUc8n-oNgP&itag=18&sparams=clen%2Cdur%2Cei%2Cgir%2Cid%2Cinitcwndbps%2Cip%2Cipbits%2Citag%2Clmt%2Cmime%2Cmm%2Cmn%2Cms%2Cmv%2Cpl%2Cratebypass%2Crequiressl%2Csource%2Cexpire&ms=au&mv=m&mt=1502227139&clen=20218858&ip=131.159.40.117&mm=31&dur=318.763&id=o-AG2-vdaoC6eJ1shNxepQf6CMD1mUdwZAKVSZhyDiY56G&signature=5C47B5B52FACDDA5C8F1186FD2B31791CB3F4AFC.52ADB545EFA4B9AC4ABA23DC8526377B8725F95C&mime=video%2Fmp4&gir=yes", "player_url": null, "ext": "mp4", "width": 640, "height": 360, "acodec": "mp4a.40.2", "abr": 96, "vcodec": "avc1.42001E", "resolution": "640x360", "format_note": "medium", "format": "18 - 640x360 (medium)", "protocol": "https", "http_headers": {"User-Agent": "Mozilla/5.0 (X11; Linux x86_64; rv:10.0) Gecko/20150101 Firefox/47.0 (Chrome)", "Accept-Charset": "ISO-8859-1,utf-8;q=0.7,*;q=0.7", "Accept": "text/html,application/xhtml+xml,application/xml;q=0.9,*/*;q=0.8", "Accept-Encoding": "gzip, deflate", "Accept-Language": "en-us,en;q=0.5"}}, {"format_id": "22", "url": "https://r3---sn-4g5e6nlk.googlevideo.com/videoplayback?requiressl=yes&ei=GiuKWemjN4TUc8n-oNgP&itag=22&mn=sn-4g5e6nlk&dur=318.763&ratebypass=yes&source=youtube&expire=1502248827&lmt=1471395215172173&ms=au&pl=16&mv=m&initcwndbps=2997500&ipbits=0&mt=1502227139&ip=131.159.40.117&mm=31&sparams=dur%2Cei%2Cid%2Cinitcwndbps%2Cip%2Cipbits%2Citag%2Clmt%2Cmime%2Cmm%2Cmn%2Cms%2Cmv%2Cpl%2Cratebypass%2Crequiressl%2Csource%2Cexpire&id=o-AG2-vdaoC6eJ1shNxepQf6CMD1mUdwZAKVSZhyDiY56G&key=yt6&signature=E35E50BB85CE28213118720E74F95A1ED8634857.8B0D5B508C10A9B33702EA86B8C51DB2F94773EF&mime=video%2Fmp4", "player_url": null, "ext": "mp4", "width": 1280, "height": 720, "acodec": "mp4a.40.2", "abr": 192, "vcodec": "avc1.64001F", "resolution": "1280x720", "format_note": "hd720", "format": "22 - 1280x720 (hd720)", "protocol": "https", "http_headers": {"User-Agent": "Mozilla/5.0 (X11; Linux x86_64; rv:10.0) Gecko/20150101 Firefox/47.0 (Chrome)", "Accept-Charset": "ISO-8859-1,utf-8;q=0.7,*;q=0.7", "Accept": "text/html,application/xhtml+xml,application/xml;q=0.9,*/*;q=0.8", "Accept-Encoding": "gzip, deflate", "Accept-Language": "en-us,en;q=0.5"}}], "is_live": null, "start_time": null, "end_time": null, "series": null, "season_number": null, "episode_number": null, "extractor": "youtube", "webpage_url_basename": "vRyZGkbKyI4", "extractor_key": "Youtube", "playlist": null, "playlist_index": null, "thumbnails": [{"url": "https://i.ytimg.com/vi/vRyZGkbKyI4/hqdefault.jpg", "id": "0"}], "display_id": "vRyZGkbKyI4", "ext": "mp4", "height": 720, "format_note": "DASH video", "vcodec": "avc1.4d401f", "format_id": "136", "url": "https://r3---sn-4g5edne7.googlevideo.com/videoplayback?id=bd1c991a46cac88e&itag=136&source=youtube&requiressl=yes&initcwndbps=2997500&mn=sn-4g5edne7&mm=31&pl=16&mv=m&ms=au&ei=GyuKWf-nIcyjc-mSk5gE&ratebypass=yes&mime=video/mp4&gir=yes&clen=45419135&lmt=1399694743226616&dur=318.668&key=dg_yt0&mt=1502227139&signature=3EE4702308AE2A3EEA782552527E433D0800594C.31E8AFD945E1C48AF07F656E382480A3F5638E2A&ip=131.159.40.117&ipbits=0&expire=1502248827&sparams=ip,ipbits,expire,id,itag,source,requiressl,initcwndbps,mn,mm,pl,mv,ms,ei,ratebypass,mime,gir,clen,lmt,dur", "manifest_url": "https://manifest.googlevideo.com/api/manifest/dash/initcwndbps/2997500/key/yt6/source/youtube/ipbits/0/mn/sn-4g5edne7/mm/31/hfr/1/playback_host/r3---sn-4g5edne7.googlevideo.com/expire/1502248827/pl/16/mv/m/sparams/as%2Cei%2Chfr%2Cid%2Cinitcwndbps%2Cip%2Cipbits%2Citag%2Cmm%2Cmn%2Cms%2Cmv%2Cpl%2Cplayback_host%2Crequiressl%2Csource%2Cexpire/ip/131.159.40.117/ms/au/mt/1502227139/ei/GyuKWf-nIcyjc-mSk5gE/id/bd1c991a46cac88e/as/fmp4_audio_clear%2Cfmp4_sd_hd_clear/itag/0/signature/3BAE34DC2DB5758049A4FB89A3A892F61F2DB86D.AC6552A8B65A297CD6611A889C811CEEE5B430E6/requiressl/yes", "width": 1280, "tbr": 1461.369, "asr": null, "fps": 24, "language": null, "filesize": 45419135, "acodec": "none", "format": "136 - 1280x720 (DASH video)", "protocol": "https", "http_headers": {"User-Agent": "Mozilla/5.0 (X11; Linux x86_64; rv:10.0) Gecko/20150101 Firefox/47.0 (Chrome)", "Accept-Charset": "ISO-8859-1,utf-8;q=0.7,*;q=0.7", "Accept": "text/html,application/xhtml+xml,application/xml;q=0.9,*/*;q=0.8", "Accept-Encoding": "gzip, deflate", "Accept-Language": "en-us,en;q=0.5"}, "fulltitle": "Fade Dark Spots", "_filename": "vRyZGkbKyI4.mp4"}