{"id": "rJPM8EdWShs", "uploader": "TOLOnews", "uploader_id": "TOLOnewsLive", "uploader_url": "http://www.youtube.com/user/TOLOnewsLive", "upload_date": "20140109", "license": "Standard YouTube License", "creator": null, "title": "TOLOnews 10PM News 09 January 2014", "alt_title": null, "thumbnail": "https://i.ytimg.com/vi/rJPM8EdWShs/hqdefault.jpg", "description": "", "categories": ["News & Politics"], "tags": [], "subtitles": {}, "automatic_captions": {}, "duration": 392, "age_limit": 0, "annotations": null, "chapters": null, "webpage_url": "https://www.youtube.com/watch?v=rJPM8EdWShs", "view_count": 1383, "like_count": null, "dislike_count": null, "average_rating": 0.0, "formats": [{"ext": "m4a", "format_note": "DASH audio", "acodec": "mp4a.40.5", "abr": 48, "container": "m4a_dash", "format_id": "139", "url": "https://r4---sn-4g5e6nls.googlevideo.com/videoplayback?id=ac93ccf047564a1b&itag=139&source=youtube&requiressl=yes&initcwndbps=4405000&mv=m&ms=au&pl=16&ei=yKiJWbyvJp66Vrjxm8gE&mm=31&mn=sn-4g5e6nls&ratebypass=yes&mime=audio/mp4&gir=yes&clen=2334809&lmt=1389335068505935&dur=392.510&mt=1502193755&key=dg_yt0&signature=428F24187CFF1E279161F5D365C2E9A54E19A75E.6503EE115B2FA39A7F77341CAB29C8AB44EC234B&ip=131.159.40.117&ipbits=0&expire=1502215464&sparams=ip,ipbits,expire,id,itag,source,requiressl,initcwndbps,mv,ms,pl,ei,mm,mn,ratebypass,mime,gir,clen,lmt,dur", "manifest_url": "https://manifest.googlevideo.com/api/manifest/dash/as/fmp4_audio_clear%2Cfmp4_sd_hd_clear/source/youtube/initcwndbps/4405000/mv/m/sparams/as%2Cei%2Chfr%2Cid%2Cinitcwndbps%2Cip%2Cipbits%2Citag%2Cmm%2Cmn%2Cms%2Cmv%2Cpl%2Cplayback_host%2Crequiressl%2Csource%2Cexpire/ipbits/0/ms/au/mt/1502193755/id/ac93ccf047564a1b/pl/16/expire/1502215464/key/yt6/playback_host/r4---sn-4g5e6nls.googlevideo.com/ei/yKiJWbyvJp66Vrjxm8gE/hfr/1/signature/D15E4F2D3C385B0BCC065DC9E19A57A82A3216D0.846316752227B4E0F567385BE84193DA11280449/mm/31/ip/131.159.40.117/mn/sn-4g5e6nls/requiressl/yes/itag/0", "width": null, "height": null, "tbr": 48.624, "asr": 22050, "fps": null, "language": null, "filesize": 2334809, "vcodec": "none", "format": "139 - audio only (DASH audio)", "protocol": "https", "http_headers": {"User-Agent": "Mozilla/5.0 (X11; Linux x86_64; rv:10.0) Gecko/20150101 Firefox/47.0 (Chrome)", "Accept-Charset": "ISO-8859-1,utf-8;q=0.7,*;q=0.7", "Accept": "text/html,application/xhtml+xml,application/xml;q=0.9,*/*;q=0.8", "Accept-Encoding": "gzip, deflate", "Accept-Language": "en-us,en;q=0.5"}}, {"format_id": "249", "url": "https://r4---sn-4g57knde.googlevideo.com/videoplayback?dur=392.361&ei=x6iJWaKPNsiOVKbAhYgD&requiressl=yes&sparams=clen%2Cdur%2Cei%2Cgir%2Cid%2Cinitcwndbps%2Cip%2Cipbits%2Citag%2Ckeepalive%2Clmt%2Cmime%2Cmm%2Cmn%2Cms%2Cmv%2Cpcm2%2Cpl%2Crequiressl%2Csource%2Cexpire&ipbits=0&initcwndbps=4405000&pl=16&mv=m&mt=1502193755&ms=au&id=o-AGw8MMVLv4QyvGu0WxXfteGCIwskfeqOhAMJAYdGZJ6v&mn=sn-4g57knde&mm=31&key=yt6&ip=131.159.40.117&keepalive=yes&source=youtube&clen=2487613&pcm2=no&lmt=1449837133764643&signature=516C740F1FC82D09CA93012B922F4DFDB033B932.7811B4ACB55AD8C4EECCD8398ABE809D3490CE92&expire=1502215464&itag=249&gir=yes&mime=audio%2Fwebm&ratebypass=yes", "player_url": null, "ext": "webm", "format_note": "DASH audio", "acodec": "opus", "abr": 50, "filesize": 2487613, "tbr": 51.792, "vcodec": "none", "format": "249 - audio only (DASH audio)", "protocol": "https", "http_headers": {"User-Agent": "Mozilla/5.0 (X11; Linux x86_64; rv:10.0) Gecko/20150101 Firefox/47.0 (Chrome)", "Accept-Charset": "ISO-8859-1,utf-8;q=0.7,*;q=0.7", "Accept": "text/html,application/xhtml+xml,application/xml;q=0.9,*/*;q=0.8", "Accept-Encoding": "gzip, deflate", "Accept-Language": "en-us,en;q=0.5"}}, {"format_id": "250", "url": "https://r4---sn-4g57knde.googlevideo.com/videoplayback?dur=392.361&ei=x6iJWaKPNsiOVKbAhYgD&requiressl=yes&sparams=clen%2Cdur%2Cei%2Cgir%2Cid%2Cinitcwndbps%2Cip%2Cipbits%2Citag%2Ckeepalive%2Clmt%2Cmime%2Cmm%2Cmn%2Cms%2Cmv%2Cpcm2%2Cpl%2Crequiressl%2Csource%2Cexpire&ipbits=0&initcwndbps=4405000&pl=16&mv=m&mt=1502193755&ms=au&id=o-AGw8MMVLv4QyvGu0WxXfteGCIwskfeqOhAMJAYdGZJ6v&mn=sn-4g57knde&mm=31&key=yt6&ip=131.159.40.117&keepalive=yes&source=youtube&clen=3512631&pcm2=no&lmt=1449837166900754&signature=8E3AC9D25E0DDC4941E99BB9551E7D67B4F0D13F.82A7D54D72DF9F3D5F759E34E6180C817ECE5600&expire=1502215464&itag=250&gir=yes&mime=audio%2Fwebm&ratebypass=yes", "player_url": null, "ext": "webm", "format_note": "DASH audio", "acodec": "opus", "abr": 70, "filesize": 3512631, "tbr": 80.4, "vcodec": "none", "format": "250 - audio only (DASH audio)", "protocol": "https", "http_headers": {"User-Agent": "Mozilla/5.0 (X11; Linux x86_64; rv:10.0) Gecko/20150101 Firefox/47.0 (Chrome)", "Accept-Charset": "ISO-8859-1,utf-8;q=0.7,*;q=0.7", "Accept": "text/html,application/xhtml+xml,application/xml;q=0.9,*/*;q=0.8", "Accept-Encoding": "gzip, deflate", "Accept-Language": "en-us,en;q=0.5"}}, {"format_id": "171", "url": "https://r4---sn-4g57knde.googlevideo.com/videoplayback?dur=392.352&ei=x6iJWaKPNsiOVKbAhYgD&requiressl=yes&sparams=clen%2Cdur%2Cei%2Cgir%2Cid%2Cinitcwndbps%2Cip%2Cipbits%2Citag%2Ckeepalive%2Clmt%2Cmime%2Cmm%2Cmn%2Cms%2Cmv%2Cpcm2%2Cpl%2Crequiressl%2Csource%2Cexpire&ipbits=0&initcwndbps=4405000&pl=16&mv=m&mt=1502193755&ms=au&id=o-AGw8MMVLv4QyvGu0WxXfteGCIwskfeqOhAMJAYdGZJ6v&mn=sn-4g57knde&mm=31&key=yt6&ip=131.159.40.117&keepalive=yes&source=youtube&clen=4533773&pcm2=no&lmt=1449837125403205&signature=DE34F9BFC0941CC13FD91DFC371E30BC5758AA95.9D351E5AA7DD6208D743F113CD2A64C345737D72&expire=1502215464&itag=171&gir=yes&mime=audio%2Fwebm&ratebypass=yes", "player_url": null, "ext": "webm", "acodec": "vorbis", "format_note": "DASH audio", "abr": 128, "filesize": 4533773, "tbr": 100.776, "vcodec": "none", "format": "171 - audio only (DASH audio)", "protocol": "https", "http_headers": {"User-Agent": "Mozilla/5.0 (X11; Linux x86_64; rv:10.0) Gecko/20150101 Firefox/47.0 (Chrome)", "Accept-Charset": "ISO-8859-1,utf-8;q=0.7,*;q=0.7", "Accept": "text/html,application/xhtml+xml,application/xml;q=0.9,*/*;q=0.8", "Accept-Encoding": "gzip, deflate", "Accept-Language": "en-us,en;q=0.5"}}, {"ext": "m4a", "format_note": "DASH audio", "acodec": "mp4a.40.2", "abr": 128, "container": "m4a_dash", "format_id": "140", "url": "https://r4---sn-4g5e6nls.googlevideo.com/videoplayback?id=ac93ccf047564a1b&itag=140&source=youtube&requiressl=yes&initcwndbps=4405000&mv=m&ms=au&pl=16&ei=yKiJWbyvJp66Vrjxm8gE&mm=31&mn=sn-4g5e6nls&ratebypass=yes&mime=audio/mp4&gir=yes&clen=6233335&lmt=1389335062811326&dur=392.417&mt=1502193755&key=dg_yt0&signature=7E0270E4E497D4FC2D700BE4DB00F66470A57508.26B46D158BB2702326DF0C3C6B2B2614D82B04BB&ip=131.159.40.117&ipbits=0&expire=1502215464&sparams=ip,ipbits,expire,id,itag,source,requiressl,initcwndbps,mv,ms,pl,ei,mm,mn,ratebypass,mime,gir,clen,lmt,dur", "manifest_url": "https://manifest.googlevideo.com/api/manifest/dash/as/fmp4_audio_clear%2Cfmp4_sd_hd_clear/source/youtube/initcwndbps/4405000/mv/m/sparams/as%2Cei%2Chfr%2Cid%2Cinitcwndbps%2Cip%2Cipbits%2Citag%2Cmm%2Cmn%2Cms%2Cmv%2Cpl%2Cplayback_host%2Crequiressl%2Csource%2Cexpire/ipbits/0/ms/au/mt/1502193755/id/ac93ccf047564a1b/pl/16/expire/1502215464/key/yt6/playback_host/r4---sn-4g5e6nls.googlevideo.com/ei/yKiJWbyvJp66Vrjxm8gE/hfr/1/signature/D15E4F2D3C385B0BCC065DC9E19A57A82A3216D0.846316752227B4E0F567385BE84193DA11280449/mm/31/ip/131.159.40.117/mn/sn-4g5e6nls/requiressl/yes/itag/0", "width": null, "height": null, "tbr": 128.184, "asr": 44100, "fps": null, "language": null, "filesize": 6233335, "vcodec": "none", "format": "140 - audio only (DASH audio)", "protocol": "https", "http_headers": {"User-Agent": "Mozilla/5.0 (X11; Linux x86_64; rv:10.0) Gecko/20150101 Firefox/47.0 (Chrome)", "Accept-Charset": "ISO-8859-1,utf-8;q=0.7,*;q=0.7", "Accept": "text/html,application/xhtml+xml,application/xml;q=0.9,*/*;q=0.8", "Accept-Encoding": "gzip, deflate", "Accept-Language": "en-us,en;q=0.5"}}, {"format_id": "251", "url": "https://r4---sn-4g57knde.googlevideo.com/videoplayback?dur=392.361&ei=x6iJWaKPNsiOVKbAhYgD&requiressl=yes&sparams=clen%2Cdur%2Cei%2Cgir%2Cid%2Cinitcwndbps%2Cip%2Cipbits%2Citag%2Ckeepalive%2Clmt%2Cmime%2Cmm%2Cmn%2Cms%2Cmv%2Cpcm2%2Cpl%2Crequiressl%2Csource%2Cexpire&ipbits=0&initcwndbps=4405000&pl=16&mv=m&mt=1502193755&ms=au&id=o-AGw8MMVLv4QyvGu0WxXfteGCIwskfeqOhAMJAYdGZJ6v&mn=sn-4g57knde&mm=31&key=yt6&ip=131.159.40.117&keepalive=yes&source=youtube&clen=6479105&pcm2=no&lmt=1449837121274581&signature=3EF090459C29F3E47CE53FA8A2A9ADEC1DCDAF06.3094B2B6A484EB74F05AC7886B4F48F32F9E10A7&expire=1502215464&itag=251&gir=yes&mime=audio%2Fwebm&ratebypass=yes", "player_url": null, "ext": "webm", "format_note": "DASH audio", "acodec": "opus", "abr": 160, "filesize": 6479105, "tbr": 152.112, "vcodec": "none", "format": "251 - audio only (DASH audio)", "protocol": "https", "http_headers": {"User-Agent": "Mozilla/5.0 (X11; Linux x86_64; rv:10.0) Gecko/20150101 Firefox/47.0 (Chrome)", "Accept-Charset": "ISO-8859-1,utf-8;q=0.7,*;q=0.7", "Accept": "text/html,application/xhtml+xml,application/xml;q=0.9,*/*;q=0.8", "Accept-Encoding": "gzip, deflate", "Accept-Language": "en-us,en;q=0.5"}}, {"format_id": "278", "url": "https://r4---sn-4g57knde.googlevideo.com/videoplayback?dur=392.320&ei=x6iJWaKPNsiOVKbAhYgD&requiressl=yes&sparams=clen%2Cdur%2Cei%2Cgir%2Cid%2Cinitcwndbps%2Cip%2Cipbits%2Citag%2Ckeepalive%2Clmt%2Cmime%2Cmm%2Cmn%2Cms%2Cmv%2Cpcm2%2Cpl%2Crequiressl%2Csource%2Cexpire&ipbits=0&initcwndbps=4405000&pl=16&mv=m&mt=1502193755&ms=au&id=o-AGw8MMVLv4QyvGu0WxXfteGCIwskfeqOhAMJAYdGZJ6v&mn=sn-4g57knde&mm=31&key=yt6&ip=131.159.40.117&keepalive=yes&source=youtube&clen=3189392&pcm2=no&lmt=1449838271692002&signature=27EC3D8804A43CB115270D3A63F251DEC16918D8.B4CACC7CECC0A34195DA0A01383604971B588D5C&expire=1502215464&itag=278&gir=yes&mime=video%2Fwebm&ratebypass=yes", "player_url": null, "ext": "webm", "height": 144, "format_note": "144p", "container": "webm", "vcodec": "vp9", "filesize": 3189392, "tbr": 78.682, "width": 180, "fps": 13, "acodec": "none", "format": "278 - 180x144 (144p)", "protocol": "https", "http_headers": {"User-Agent": "Mozilla/5.0 (X11; Linux x86_64; rv:10.0) Gecko/20150101 Firefox/47.0 (Chrome)", "Accept-Charset": "ISO-8859-1,utf-8;q=0.7,*;q=0.7", "Accept": "text/html,application/xhtml+xml,application/xml;q=0.9,*/*;q=0.8", "Accept-Encoding": "gzip, deflate", "Accept-Language": "en-us,en;q=0.5"}}, {"ext": "mp4", "height": 144, "format_note": "DASH video", "vcodec": "avc1.42c00c", "format_id": "160", "url": "https://r4---sn-4g5e6nls.googlevideo.com/videoplayback?id=ac93ccf047564a1b&itag=160&source=youtube&requiressl=yes&initcwndbps=4405000&mv=m&ms=au&pl=16&ei=yKiJWbyvJp66Vrjxm8gE&mm=31&mn=sn-4g5e6nls&ratebypass=yes&mime=video/mp4&gir=yes&clen=5438145&lmt=1389335063503226&dur=392.320&mt=1502193755&key=dg_yt0&signature=16CC47165301905055AEB5FE259B05D1BC53FA48.8E295AE55F73CEE5B0064DB8AA00EB079AEAF098&ip=131.159.40.117&ipbits=0&expire=1502215464&sparams=ip,ipbits,expire,id,itag,source,requiressl,initcwndbps,mv,ms,pl,ei,mm,mn,ratebypass,mime,gir,clen,lmt,dur", "manifest_url": "https://manifest.googlevideo.com/api/manifest/dash/as/fmp4_audio_clear%2Cfmp4_sd_hd_clear/source/youtube/initcwndbps/4405000/mv/m/sparams/as%2Cei%2Chfr%2Cid%2Cinitcwndbps%2Cip%2Cipbits%2Citag%2Cmm%2Cmn%2Cms%2Cmv%2Cpl%2Cplayback_host%2Crequiressl%2Csource%2Cexpire/ipbits/0/ms/au/mt/1502193755/id/ac93ccf047564a1b/pl/16/expire/1502215464/key/yt6/playback_host/r4---sn-4g5e6nls.googlevideo.com/ei/yKiJWbyvJp66Vrjxm8gE/hfr/1/signature/D15E4F2D3C385B0BCC065DC9E19A57A82A3216D0.846316752227B4E0F567385BE84193DA11280449/mm/31/ip/131.159.40.117/mn/sn-4g5e6nls/requiressl/yes/itag/0", "width": 180, "tbr": 114.911, "asr": null, "fps": 15, "language": null, "filesize": 5438145, "acodec": "none", "format": "160 - 180x144 (DASH video)", "protocol": "https", "http_headers": {"User-Agent": "Mozilla/5.0 (X11; Linux x86_64; rv:10.0) Gecko/20150101 Firefox/47.0 (Chrome)", "Accept-Charset": "ISO-8859-1,utf-8;q=0.7,*;q=0.7", "Accept": "text/html,application/xhtml+xml,application/xml;q=0.9,*/*;q=0.8", "Accept-Encoding": "gzip, deflate", "Accept-Language": "en-us,en;q=0.5"}}, {"ext": "mp4", "height": 240, "format_note": "DASH video", "vcodec": "avc1.4d400d", "format_id": "133", "url": "https://r4---sn-4g5e6nls.googlevideo.com/videoplayback?id=ac93ccf047564a1b&itag=133&source=youtube&requiressl=yes&initcwndbps=4405000&mv=m&ms=au&pl=16&ei=yKiJWbyvJp66Vrjxm8gE&mm=31&mn=sn-4g5e6nls&ratebypass=yes&mime=video/mp4&gir=yes&clen=11977762&lmt=1389335064508910&dur=392.320&mt=1502193755&key=dg_yt0&signature=20601AF3D14E4BD463DD2BAA5A19851330B28BFB.734DEE9A8FF7F4E28F9E58C07A26EF5FE2FD4DC0&ip=131.159.40.117&ipbits=0&expire=1502215464&sparams=ip,ipbits,expire,id,itag,source,requiressl,initcwndbps,mv,ms,pl,ei,mm,mn,ratebypass,mime,gir,clen,lmt,dur", "manifest_url": "https://manifest.googlevideo.com/api/manifest/dash/as/fmp4_audio_clear%2Cfmp4_sd_hd_clear/source/youtube/initcwndbps/4405000/mv/m/sparams/as%2Cei%2Chfr%2Cid%2Cinitcwndbps%2Cip%2Cipbits%2Citag%2Cmm%2Cmn%2Cms%2Cmv%2Cpl%2Cplayback_host%2Crequiressl%2Csource%2Cexpire/ipbits/0/ms/au/mt/1502193755/id/ac93ccf047564a1b/pl/16/expire/1502215464/key/yt6/playback_host/r4---sn-4g5e6nls.googlevideo.com/ei/yKiJWbyvJp66Vrjxm8gE/hfr/1/signature/D15E4F2D3C385B0BCC065DC9E19A57A82A3216D0.846316752227B4E0F567385BE84193DA11280449/mm/31/ip/131.159.40.117/mn/sn-4g5e6nls/requiressl/yes/itag/0", "width": 300, "tbr": 248.866, "asr": null, "fps": 25, "language": null, "filesize": 11977762, "acodec": "none", "format": "133 - 300x240 (DASH video)", "protocol": "https", "http_headers": {"User-Agent": "Mozilla/5.0 (X11; Linux x86_64; rv:10.0) Gecko/20150101 Firefox/47.0 (Chrome)", "Accept-Charset": "ISO-8859-1,utf-8;q=0.7,*;q=0.7", "Accept": "text/html,application/xhtml+xml,application/xml;q=0.9,*/*;q=0.8", "Accept-Encoding": "gzip, deflate", "Accept-Language": "en-us,en;q=0.5"}}, {"format_id": "242", "url": "https://r4---sn-4g57knde.googlevideo.com/videoplayback?dur=392.320&ei=x6iJWaKPNsiOVKbAhYgD&requiressl=yes&sparams=clen%2Cdur%2Cei%2Cgir%2Cid%2Cinitcwndbps%2Cip%2Cipbits%2Citag%2Ckeepalive%2Clmt%2Cmime%2Cmm%2Cmn%2Cms%2Cmv%2Cpcm2%2Cpl%2Crequiressl%2Csource%2Cexpire&ipbits=0&initcwndbps=4405000&pl=16&mv=m&mt=1502193755&ms=au&id=o-AGw8MMVLv4QyvGu0WxXfteGCIwskfeqOhAMJAYdGZJ6v&mn=sn-4g57knde&mm=31&key=yt6&ip=131.159.40.117&keepalive=yes&source=youtube&clen=6298823&pcm2=no&lmt=1449838260285709&signature=CC8DE43ABDCA7B40E2E467FA3C9F368236A54AB1.0B9D94241332AB3CED53CB23021CE14E0D7C2531&expire=1502215464&itag=242&gir=yes&mime=video%2Fwebm&ratebypass=yes", "player_url": null, "ext": "webm", "height": 240, "format_note": "240p", "vcodec": "vp9", "filesize": 6298823, "tbr": 269.054, "width": 300, "fps": 25, "acodec": "none", "format": "242 - 300x240 (240p)", "protocol": "https", "http_headers": {"User-Agent": "Mozilla/5.0 (X11; Linux x86_64; rv:10.0) Gecko/20150101 Firefox/47.0 (Chrome)", "Accept-Charset": "ISO-8859-1,utf-8;q=0.7,*;q=0.7", "Accept": "text/html,application/xhtml+xml,application/xml;q=0.9,*/*;q=0.8", "Accept-Encoding": "gzip, deflate", "Accept-Language": "en-us,en;q=0.5"}}, {"format_id": "243", "url": "https://r4---sn-4g57knde.googlevideo.com/videoplayback?dur=392.320&ei=x6iJWaKPNsiOVKbAhYgD&requiressl=yes&sparams=clen%2Cdur%2Cei%2Cgir%2Cid%2Cinitcwndbps%2Cip%2Cipbits%2Citag%2Ckeepalive%2Clmt%2Cmime%2Cmm%2Cmn%2Cms%2Cmv%2Cpcm2%2Cpl%2Crequiressl%2Csource%2Cexpire&ipbits=0&initcwndbps=4405000&pl=16&mv=m&mt=1502193755&ms=au&id=o-AGw8MMVLv4QyvGu0WxXfteGCIwskfeqOhAMJAYdGZJ6v&mn=sn-4g57knde&mm=31&key=yt6&ip=131.159.40.117&keepalive=yes&source=youtube&clen=11070038&pcm2=no&lmt=1449838260707489&signature=DF698CE9C0068ED81A4BC8C2D5922C4BF83050CF.41487247CFBC8A7837C753AD732AA2C0FC32189A&expire=1502215464&itag=243&gir=yes&mime=video%2Fwebm&ratebypass=yes", "player_url": null, "ext": "webm", "height": 360, "format_note": "360p", "vcodec": "vp9", "filesize": 11070038, "tbr": 461.49, "width": 450, "fps": 25, "acodec": "none", "format": "243 - 450x360 (360p)", "protocol": "https", "http_headers": {"User-Agent": "Mozilla/5.0 (X11; Linux x86_64; rv:10.0) Gecko/20150101 Firefox/47.0 (Chrome)", "Accept-Charset": "ISO-8859-1,utf-8;q=0.7,*;q=0.7", "Accept": "text/html,application/xhtml+xml,application/xml;q=0.9,*/*;q=0.8", "Accept-Encoding": "gzip, deflate", "Accept-Language": "en-us,en;q=0.5"}}, {"ext": "mp4", "height": 360, "format_note": "DASH video", "vcodec": "avc1.4d4015", "format_id": "134", "url": "https://r4---sn-4g5e6nls.googlevideo.com/videoplayback?id=ac93ccf047564a1b&itag=134&source=youtube&requiressl=yes&initcwndbps=4405000&mv=m&ms=au&pl=16&ei=yKiJWbyvJp66Vrjxm8gE&mm=31&mn=sn-4g5e6nls&ratebypass=yes&mime=video/mp4&gir=yes&clen=17157472&lmt=1389335064527572&dur=392.320&mt=1502193755&key=dg_yt0&signature=209A8314F261E73F16D6889C63A51975FF1D7FF3.29AD5E7BC9877A99378B584F86D89E010DFFABFE&ip=131.159.40.117&ipbits=0&expire=1502215464&sparams=ip,ipbits,expire,id,itag,source,requiressl,initcwndbps,mv,ms,pl,ei,mm,mn,ratebypass,mime,gir,clen,lmt,dur", "manifest_url": "https://manifest.googlevideo.com/api/manifest/dash/as/fmp4_audio_clear%2Cfmp4_sd_hd_clear/source/youtube/initcwndbps/4405000/mv/m/sparams/as%2Cei%2Chfr%2Cid%2Cinitcwndbps%2Cip%2Cipbits%2Citag%2Cmm%2Cmn%2Cms%2Cmv%2Cpl%2Cplayback_host%2Crequiressl%2Csource%2Cexpire/ipbits/0/ms/au/mt/1502193755/id/ac93ccf047564a1b/pl/16/expire/1502215464/key/yt6/playback_host/r4---sn-4g5e6nls.googlevideo.com/ei/yKiJWbyvJp66Vrjxm8gE/hfr/1/signature/D15E4F2D3C385B0BCC065DC9E19A57A82A3216D0.846316752227B4E0F567385BE84193DA11280449/mm/31/ip/131.159.40.117/mn/sn-4g5e6nls/requiressl/yes/itag/0", "width": 450, "tbr": 604.346, "asr": null, "fps": 25, "language": null, "filesize": 17157472, "acodec": "none", "format": "134 - 450x360 (DASH video)", "protocol": "https", "http_headers": {"User-Agent": "Mozilla/5.0 (X11; Linux x86_64; rv:10.0) Gecko/20150101 Firefox/47.0 (Chrome)", "Accept-Charset": "ISO-8859-1,utf-8;q=0.7,*;q=0.7", "Accept": "text/html,application/xhtml+xml,application/xml;q=0.9,*/*;q=0.8", "Accept-Encoding": "gzip, deflate", "Accept-Language": "en-us,en;q=0.5"}}, {"format_id": "244", "url": "https://r4---sn-4g57knde.googlevideo.com/videoplayback?dur=392.320&ei=x6iJWaKPNsiOVKbAhYgD&requiressl=yes&sparams=clen%2Cdur%2Cei%2Cgir%2Cid%2Cinitcwndbps%2Cip%2Cipbits%2Citag%2Ckeepalive%2Clmt%2Cmime%2Cmm%2Cmn%2Cms%2Cmv%2Cpcm2%2Cpl%2Crequiressl%2Csource%2Cexpire&ipbits=0&initcwndbps=4405000&pl=16&mv=m&mt=1502193755&ms=au&id=o-AGw8MMVLv4QyvGu0WxXfteGCIwskfeqOhAMJAYdGZJ6v&mn=sn-4g57knde&mm=31&key=yt6&ip=131.159.40.117&keepalive=yes&source=youtube&clen=18744398&pcm2=no&lmt=1449838260349506&signature=57ED4AA30C4D42E260C996A0F9290A3B53C2F8DB.DF3D31852D006A530C7EC1A4C7571AF4D567C85E&expire=1502215464&itag=244&gir=yes&mime=video%2Fwebm&ratebypass=yes", "player_url": null, "ext": "webm", "height": 480, "format_note": "480p", "vcodec": "vp9", "filesize": 18744398, "tbr": 848.357, "width": 600, "fps": 25, "acodec": "none", "format": "244 - 600x480 (480p)", "protocol": "https", "http_headers": {"User-Agent": "Mozilla/5.0 (X11; Linux x86_64; rv:10.0) Gecko/20150101 Firefox/47.0 (Chrome)", "Accept-Charset": "ISO-8859-1,utf-8;q=0.7,*;q=0.7", "Accept": "text/html,application/xhtml+xml,application/xml;q=0.9,*/*;q=0.8", "Accept-Encoding": "gzip, deflate", "Accept-Language": "en-us,en;q=0.5"}}, {"ext": "mp4", "height": 480, "format_note": "DASH video", "vcodec": "avc1.4d401e", "format_id": "135", "url": "https://r4---sn-4g5e6nls.googlevideo.com/videoplayback?id=ac93ccf047564a1b&itag=135&source=youtube&requiressl=yes&initcwndbps=4405000&mv=m&ms=au&pl=16&ei=yKiJWbyvJp66Vrjxm8gE&mm=31&mn=sn-4g5e6nls&ratebypass=yes&mime=video/mp4&gir=yes&clen=35563318&lmt=1389335066565997&dur=392.320&mt=1502193755&key=dg_yt0&signature=1A006D8D9F17C445FFD881E8E6EBB2FEC453896B.5AFF66C7868115659A090399442BDC770720F752&ip=131.159.40.117&ipbits=0&expire=1502215464&sparams=ip,ipbits,expire,id,itag,source,requiressl,initcwndbps,mv,ms,pl,ei,mm,mn,ratebypass,mime,gir,clen,lmt,dur", "manifest_url": "https://manifest.googlevideo.com/api/manifest/dash/as/fmp4_audio_clear%2Cfmp4_sd_hd_clear/source/youtube/initcwndbps/4405000/mv/m/sparams/as%2Cei%2Chfr%2Cid%2Cinitcwndbps%2Cip%2Cipbits%2Citag%2Cmm%2Cmn%2Cms%2Cmv%2Cpl%2Cplayback_host%2Crequiressl%2Csource%2Cexpire/ipbits/0/ms/au/mt/1502193755/id/ac93ccf047564a1b/pl/16/expire/1502215464/key/yt6/playback_host/r4---sn-4g5e6nls.googlevideo.com/ei/yKiJWbyvJp66Vrjxm8gE/hfr/1/signature/D15E4F2D3C385B0BCC065DC9E19A57A82A3216D0.846316752227B4E0F567385BE84193DA11280449/mm/31/ip/131.159.40.117/mn/sn-4g5e6nls/requiressl/yes/itag/0", "width": 600, "tbr": 1107.628, "asr": null, "fps": 25, "language": null, "filesize": 35563318, "acodec": "none", "format": "135 - 600x480 (DASH video)", "protocol": "https", "http_headers": {"User-Agent": "Mozilla/5.0 (X11; Linux x86_64; rv:10.0) Gecko/20150101 Firefox/47.0 (Chrome)", "Accept-Charset": "ISO-8859-1,utf-8;q=0.7,*;q=0.7", "Accept": "text/html,application/xhtml+xml,application/xml;q=0.9,*/*;q=0.8", "Accept-Encoding": "gzip, deflate", "Accept-Language": "en-us,en;q=0.5"}}, {"format_id": "17", "url": "https://r4---sn-4g57knde.googlevideo.com/videoplayback?dur=392.742&ei=x6iJWaKPNsiOVKbAhYgD&requiressl=yes&sparams=clen%2Cdur%2Cei%2Cgir%2Cid%2Cinitcwndbps%2Cip%2Cipbits%2Citag%2Clmt%2Cmime%2Cmm%2Cmn%2Cms%2Cmv%2Cpcm2%2Cpl%2Crequiressl%2Csource%2Cexpire&ipbits=0&signature=0B201651DAB0C8AAA1F6CEC1055611301CDBE04C.16A5CB3BFD35088DE5FA209DDEF6D6CAD7C2654D&initcwndbps=4405000&pl=16&mv=m&mt=1502193755&ms=au&id=o-AGw8MMVLv4QyvGu0WxXfteGCIwskfeqOhAMJAYdGZJ6v&mn=sn-4g57knde&mm=31&key=yt6&ip=131.159.40.117&source=youtube&clen=4002204&pcm2=no&lmt=1389335147021000&expire=1502215464&itag=17&gir=yes&mime=video%2F3gpp&ratebypass=yes", "player_url": null, "ext": "3gp", "width": 176, "height": 144, "acodec": "mp4a.40.2", "abr": 24, "vcodec": "mp4v.20.3", "resolution": "176x144", "format_note": "small", "format": "17 - 176x144 (small)", "protocol": "https", "http_headers": {"User-Agent": "Mozilla/5.0 (X11; Linux x86_64; rv:10.0) Gecko/20150101 Firefox/47.0 (Chrome)", "Accept-Charset": "ISO-8859-1,utf-8;q=0.7,*;q=0.7", "Accept": "text/html,application/xhtml+xml,application/xml;q=0.9,*/*;q=0.8", "Accept-Encoding": "gzip, deflate", "Accept-Language": "en-us,en;q=0.5"}}, {"format_id": "36", "url": "https://r4---sn-4g57knde.googlevideo.com/videoplayback?dur=392.556&ei=x6iJWaKPNsiOVKbAhYgD&requiressl=yes&sparams=clen%2Cdur%2Cei%2Cgir%2Cid%2Cinitcwndbps%2Cip%2Cipbits%2Citag%2Clmt%2Cmime%2Cmm%2Cmn%2Cms%2Cmv%2Cpcm2%2Cpl%2Crequiressl%2Csource%2Cexpire&ipbits=0&signature=5CF01CA692189528A8363E9B21A982365DEFAF70.924921323CE3AA2B7B4559D65569E7ED3B07EFEA&initcwndbps=4405000&pl=16&mv=m&mt=1502193755&ms=au&id=o-AGw8MMVLv4QyvGu0WxXfteGCIwskfeqOhAMJAYdGZJ6v&mn=sn-4g57knde&mm=31&key=yt6&ip=131.159.40.117&source=youtube&clen=11112068&pcm2=no&lmt=1389335200725096&expire=1502215464&itag=36&gir=yes&mime=video%2F3gpp&ratebypass=yes", "player_url": null, "ext": "3gp", "width": 300, "acodec": "mp4a.40.2", "vcodec": "mp4v.20.3", "resolution": "300x240", "height": 240, "format_note": "small", "format": "36 - 300x240 (small)", "protocol": "https", "http_headers": {"User-Agent": "Mozilla/5.0 (X11; Linux x86_64; rv:10.0) Gecko/20150101 Firefox/47.0 (Chrome)", "Accept-Charset": "ISO-8859-1,utf-8;q=0.7,*;q=0.7", "Accept": "text/html,application/xhtml+xml,application/xml;q=0.9,*/*;q=0.8", "Accept-Encoding": "gzip, deflate", "Accept-Language": "en-us,en;q=0.5"}}, {"format_id": "18", "url": "https://r4---sn-4g57knde.googlevideo.com/videoplayback?dur=392.417&ei=x6iJWaKPNsiOVKbAhYgD&requiressl=yes&sparams=clen%2Cdur%2Cei%2Cgir%2Cid%2Cinitcwndbps%2Cip%2Cipbits%2Citag%2Clmt%2Cmime%2Cmm%2Cmn%2Cms%2Cmv%2Cpcm2%2Cpl%2Cratebypass%2Crequiressl%2Csource%2Cexpire&ipbits=0&initcwndbps=4405000&pl=16&mv=m&mt=1502193755&ms=au&id=o-AGw8MMVLv4QyvGu0WxXfteGCIwskfeqOhAMJAYdGZJ6v&mn=sn-4g57knde&mm=31&key=yt6&ip=131.159.40.117&source=youtube&clen=20485983&pcm2=no&ratebypass=yes&lmt=1389335075511286&signature=2D1EFD685D2EC6F97228003646815110854799F8.5D6442D7A12BED204090B689925338FF0AB21046&expire=1502215464&itag=18&gir=yes&mime=video%2Fmp4", "player_url": null, "ext": "mp4", "width": 450, "height": 360, "acodec": "mp4a.40.2", "abr": 96, "vcodec": "avc1.42001E", "resolution": "450x360", "format_note": "medium", "format": "18 - 450x360 (medium)", "protocol": "https", "http_headers": {"User-Agent": "Mozilla/5.0 (X11; Linux x86_64; rv:10.0) Gecko/20150101 Firefox/47.0 (Chrome)", "Accept-Charset": "ISO-8859-1,utf-8;q=0.7,*;q=0.7", "Accept": "text/html,application/xhtml+xml,application/xml;q=0.9,*/*;q=0.8", "Accept-Encoding": "gzip, deflate", "Accept-Language": "en-us,en;q=0.5"}}, {"format_id": "43", "url": "https://r4---sn-4g57knde.googlevideo.com/videoplayback?dur=0.000&ei=x6iJWaKPNsiOVKbAhYgD&requiressl=yes&sparams=clen%2Cdur%2Cei%2Cgir%2Cid%2Cinitcwndbps%2Cip%2Cipbits%2Citag%2Clmt%2Cmime%2Cmm%2Cmn%2Cms%2Cmv%2Cpcm2%2Cpl%2Cratebypass%2Crequiressl%2Csource%2Cexpire&ipbits=0&initcwndbps=4405000&pl=16&mv=m&mt=1502193755&ms=au&id=o-AGw8MMVLv4QyvGu0WxXfteGCIwskfeqOhAMJAYdGZJ6v&mn=sn-4g57knde&mm=31&key=yt6&ip=131.159.40.117&source=youtube&clen=27040209&pcm2=no&ratebypass=yes&lmt=1389335694831288&signature=36B0906214CC55E7222795B19DD1337D06E94CAE.CA5ECFC2C6EE336CBEA807FE9612DDC5B58225B8&expire=1502215464&itag=43&gir=yes&mime=video%2Fwebm", "player_url": null, "ext": "webm", "width": 640, "height": 360, "acodec": "vorbis", "abr": 128, "vcodec": "vp8.0", "resolution": "640x360", "format_note": "medium", "format": "43 - 640x360 (medium)", "protocol": "https", "http_headers": {"User-Agent": "Mozilla/5.0 (X11; Linux x86_64; rv:10.0) Gecko/20150101 Firefox/47.0 (Chrome)", "Accept-Charset": "ISO-8859-1,utf-8;q=0.7,*;q=0.7", "Accept": "text/html,application/xhtml+xml,application/xml;q=0.9,*/*;q=0.8", "Accept-Encoding": "gzip, deflate", "Accept-Language": "en-us,en;q=0.5"}}], "is_live": null, "start_time": null, "end_time": null, "series": null, "season_number": null, "episode_number": null, "extractor": "youtube", "webpage_url_basename": "rJPM8EdWShs", "extractor_key": "Youtube", "playlist": null, "playlist_index": null, "thumbnails": [{"url": "https://i.ytimg.com/vi/rJPM8EdWShs/hqdefault.jpg", "id": "0"}], "display_id": "rJPM8EdWShs", "ext": "mp4", "height": 480, "format_note": "DASH video", "vcodec": "avc1.4d401e", "format_id": "135", "url": "https://r4---sn-4g5e6nls.googlevideo.com/videoplayback?id=ac93ccf047564a1b&itag=135&source=youtube&requiressl=yes&initcwndbps=4405000&mv=m&ms=au&pl=16&ei=yKiJWbyvJp66Vrjxm8gE&mm=31&mn=sn-4g5e6nls&ratebypass=yes&mime=video/mp4&gir=yes&clen=35563318&lmt=1389335066565997&dur=392.320&mt=1502193755&key=dg_yt0&signature=1A006D8D9F17C445FFD881E8E6EBB2FEC453896B.5AFF66C7868115659A090399442BDC770720F752&ip=131.159.40.117&ipbits=0&expire=1502215464&sparams=ip,ipbits,expire,id,itag,source,requiressl,initcwndbps,mv,ms,pl,ei,mm,mn,ratebypass,mime,gir,clen,lmt,dur", "manifest_url": "https://manifest.googlevideo.com/api/manifest/dash/as/fmp4_audio_clear%2Cfmp4_sd_hd_clear/source/youtube/initcwndbps/4405000/mv/m/sparams/as%2Cei%2Chfr%2Cid%2Cinitcwndbps%2Cip%2Cipbits%2Citag%2Cmm%2Cmn%2Cms%2Cmv%2Cpl%2Cplayback_host%2Crequiressl%2Csource%2Cexpire/ipbits/0/ms/au/mt/1502193755/id/ac93ccf047564a1b/pl/16/expire/1502215464/key/yt6/playback_host/r4---sn-4g5e6nls.googlevideo.com/ei/yKiJWbyvJp66Vrjxm8gE/hfr/1/signature/D15E4F2D3C385B0BCC065DC9E19A57A82A3216D0.846316752227B4E0F567385BE84193DA11280449/mm/31/ip/131.159.40.117/mn/sn-4g5e6nls/requiressl/yes/itag/0", "width": 600, "tbr": 1107.628, "asr": null, "fps": 25, "language": null, "filesize": 35563318, "acodec": "none", "format": "135 - 600x480 (DASH video)", "protocol": "https", "http_headers": {"User-Agent": "Mozilla/5.0 (X11; Linux x86_64; rv:10.0) Gecko/20150101 Firefox/47.0 (Chrome)", "Accept-Charset": "ISO-8859-1,utf-8;q=0.7,*;q=0.7", "Accept": "text/html,application/xhtml+xml,application/xml;q=0.9,*/*;q=0.8", "Accept-Encoding": "gzip, deflate", "Accept-Language": "en-us,en;q=0.5"}, "fulltitle": "TOLOnews 10PM News 09 January 2014", "_filename": "rJPM8EdWShs.mp4"}