{"id": "KqSl5C8Zlfc", "uploader": "ABC News", "uploader_id": "ABCNews", "uploader_url": "http://www.youtube.com/user/ABCNews", "upload_date": "20121022", "license": "Standard YouTube License", "creator": null, "title": "Taylor Swift 'GMA' Interview 2012: Star on New Album 'Red,' Hit Single 'Never Getting Back Together'", "alt_title": null, "thumbnail": "https://i.ytimg.com/vi/KqSl5C8Zlfc/hqdefault.jpg", "description": "Taylor Swift sits down with George Stephanopoulos of \"GMA\" to discuss new album, \"Red.\" For more, click here: http://abcnews.go.com/entertainment", "categories": ["News & Politics"], "tags": ["Taylor Swift", "Music", "Country", "Pop", "Red", "taylor swift", "taylor swift songs", "taylor swift red", "taylor swift new album", "taylor swift interview", "taylor swift songwriting", "taylor swift red interiview", "taylor swift release album", "GMA", "George Stephanopoulos"], "subtitles": {}, "automatic_captions": {}, "duration": 486, "age_limit": 0, "annotations": null, "chapters": null, "webpage_url": "https://www.youtube.com/watch?v=KqSl5C8Zlfc", "view_count": 162523, "like_count": 1119, "dislike_count": 33, "average_rating": 4.88541650772, "formats": [{"ext": "m4a", "format_note": "DASH audio", "acodec": "mp4a.40.5", "abr": 48, "container": "m4a_dash", "format_id": "139", "url": "https://r13---sn-4g57kn6s.googlevideo.com/videoplayback?id=2aa4a5e42f1995f7&itag=139&source=youtube&requiressl=yes&mv=m&ms=au&initcwndbps=3650000&pl=16&ei=XmGLWcRvxZpZvOKWgAw&mm=31&mn=sn-4g57kn6s&ratebypass=yes&mime=audio/mp4&gir=yes&clen=2890679&lmt=1389989052748646&dur=485.993&mt=1502306478&signature=4BD9C5607704888BB2530B9B9098A58C4C3F8859.26B5AF2C53A32D8EF14010122A6D2A7169770F56&key=dg_yt0&ip=131.159.40.117&ipbits=0&expire=1502328254&sparams=ip,ipbits,expire,id,itag,source,requiressl,mv,ms,initcwndbps,pl,ei,mm,mn,ratebypass,mime,gir,clen,lmt,dur", "manifest_url": "https://manifest.googlevideo.com/api/manifest/dash/source/youtube/mt/1502306478/mv/m/as/fmp4_audio_clear%2Cfmp4_sd_hd_clear/expire/1502328254/signature/423C54DFF4FED2A03B91EAB8CF47CF2392AF357E.5A573132A707264075626F3AB3AD8440010E6B43/ms/au/key/yt6/id/2aa4a5e42f1995f7/initcwndbps/3650000/pl/16/playback_host/r13---sn-4g57kn6s.googlevideo.com/ip/131.159.40.117/sparams/as%2Cei%2Chfr%2Cid%2Cinitcwndbps%2Cip%2Cipbits%2Citag%2Cmm%2Cmn%2Cms%2Cmv%2Cpl%2Cplayback_host%2Crequiressl%2Csource%2Cexpire/ei/XmGLWcRvxZpZvOKWgAw/itag/0/ipbits/0/mm/31/hfr/1/requiressl/yes/mn/sn-4g57kn6s", "width": null, "height": null, "tbr": 48.745, "asr": 22050, "fps": null, "language": null, "filesize": 2890679, "vcodec": "none", "format": "139 - audio only (DASH audio)", "protocol": "https", "http_headers": {"User-Agent": "Mozilla/5.0 (X11; Linux x86_64; rv:10.0) Gecko/20150101 Firefox/47.0 (Chrome)", "Accept-Charset": "ISO-8859-1,utf-8;q=0.7,*;q=0.7", "Accept": "text/html,application/xhtml+xml,application/xml;q=0.9,*/*;q=0.8", "Accept-Encoding": "gzip, deflate", "Accept-Language": "en-us,en;q=0.5"}}, {"format_id": "171", "url": "https://r13---sn-4g57kn6s.googlevideo.com/videoplayback?ei=XWGLWaLDHcjOWsTsrtgI&ms=au&mt=1502306478&mv=m&requiressl=yes&gir=yes&clen=5331478&mn=sn-4g57kn6s&source=youtube&initcwndbps=3650000&id=o-AGyYiCm8leGzi0fmdlofUG42ODQ03z2ZLy5JtcWXF35D&dur=485.853&expire=1502328253&key=yt6&ip=131.159.40.117&lmt=1401885822572411&signature=3AC17B491BCE4F00EC768C58CFBA6A62E6671F82.4AAE1114CE7E2838CF72093848804325085F04FA&mm=31&ipbits=0&sparams=clen%2Cdur%2Cei%2Cgir%2Cid%2Cinitcwndbps%2Cip%2Cipbits%2Citag%2Ckeepalive%2Clmt%2Cmime%2Cmm%2Cmn%2Cms%2Cmv%2Cpl%2Crequiressl%2Csource%2Cexpire&keepalive=yes&mime=audio%2Fwebm&pl=16&itag=171&ratebypass=yes", "player_url": null, "ext": "webm", "acodec": "vorbis", "format_note": "DASH audio", "abr": 128, "filesize": 5331478, "tbr": 96.724, "fps": 1, "vcodec": "none", "format": "171 - audio only (DASH audio)", "protocol": "https", "http_headers": {"User-Agent": "Mozilla/5.0 (X11; Linux x86_64; rv:10.0) Gecko/20150101 Firefox/47.0 (Chrome)", "Accept-Charset": "ISO-8859-1,utf-8;q=0.7,*;q=0.7", "Accept": "text/html,application/xhtml+xml,application/xml;q=0.9,*/*;q=0.8", "Accept-Encoding": "gzip, deflate", "Accept-Language": "en-us,en;q=0.5"}}, {"ext": "m4a", "format_note": "DASH audio", "acodec": "mp4a.40.2", "abr": 128, "container": "m4a_dash", "format_id": "140", "url": "https://r13---sn-4g57kn6s.googlevideo.com/videoplayback?id=2aa4a5e42f1995f7&itag=140&source=youtube&requiressl=yes&mv=m&ms=au&initcwndbps=3650000&pl=16&ei=XmGLWcRvxZpZvOKWgAw&mm=31&mn=sn-4g57kn6s&ratebypass=yes&mime=audio/mp4&gir=yes&clen=7717746&lmt=1389989046781066&dur=485.900&mt=1502306478&signature=3F1220F729A0E23075E6AD7ABBFE0E237C32DF53.557DB82302D0FE9BC5EF012C8AF1236BDDFA4162&key=dg_yt0&ip=131.159.40.117&ipbits=0&expire=1502328254&sparams=ip,ipbits,expire,id,itag,source,requiressl,mv,ms,initcwndbps,pl,ei,mm,mn,ratebypass,mime,gir,clen,lmt,dur", "manifest_url": "https://manifest.googlevideo.com/api/manifest/dash/source/youtube/mt/1502306478/mv/m/as/fmp4_audio_clear%2Cfmp4_sd_hd_clear/expire/1502328254/signature/423C54DFF4FED2A03B91EAB8CF47CF2392AF357E.5A573132A707264075626F3AB3AD8440010E6B43/ms/au/key/yt6/id/2aa4a5e42f1995f7/initcwndbps/3650000/pl/16/playback_host/r13---sn-4g57kn6s.googlevideo.com/ip/131.159.40.117/sparams/as%2Cei%2Chfr%2Cid%2Cinitcwndbps%2Cip%2Cipbits%2Citag%2Cmm%2Cmn%2Cms%2Cmv%2Cpl%2Cplayback_host%2Crequiressl%2Csource%2Cexpire/ei/XmGLWcRvxZpZvOKWgAw/itag/0/ipbits/0/mm/31/hfr/1/requiressl/yes/mn/sn-4g57kn6s", "width": null, "height": null, "tbr": 128.103, "asr": 44100, "fps": null, "language": null, "filesize": 7717746, "vcodec": "none", "format": "140 - audio only (DASH audio)", "protocol": "https", "http_headers": {"User-Agent": "Mozilla/5.0 (X11; Linux x86_64; rv:10.0) Gecko/20150101 Firefox/47.0 (Chrome)", "Accept-Charset": "ISO-8859-1,utf-8;q=0.7,*;q=0.7", "Accept": "text/html,application/xhtml+xml,application/xml;q=0.9,*/*;q=0.8", "Accept-Encoding": "gzip, deflate", "Accept-Language": "en-us,en;q=0.5"}}, {"ext": "mp4", "height": 144, "format_note": "DASH video", "vcodec": "avc1.4d400c", "format_id": "160", "url": "https://r13---sn-4g57kn6s.googlevideo.com/videoplayback?id=2aa4a5e42f1995f7&itag=160&source=youtube&requiressl=yes&mv=m&ms=au&initcwndbps=3650000&pl=16&ei=XmGLWcRvxZpZvOKWgAw&mm=31&mn=sn-4g57kn6s&ratebypass=yes&mime=video/mp4&gir=yes&clen=6882303&lmt=1389989061627114&dur=485.819&mt=1502306478&signature=8E46B7F1E856309A94366293A6FA82D7A142D72C.8A9D490AE812A157C234197577FA64F04206A30F&key=dg_yt0&ip=131.159.40.117&ipbits=0&expire=1502328254&sparams=ip,ipbits,expire,id,itag,source,requiressl,mv,ms,initcwndbps,pl,ei,mm,mn,ratebypass,mime,gir,clen,lmt,dur", "manifest_url": "https://manifest.googlevideo.com/api/manifest/dash/source/youtube/mt/1502306478/mv/m/as/fmp4_audio_clear%2Cfmp4_sd_hd_clear/expire/1502328254/signature/423C54DFF4FED2A03B91EAB8CF47CF2392AF357E.5A573132A707264075626F3AB3AD8440010E6B43/ms/au/key/yt6/id/2aa4a5e42f1995f7/initcwndbps/3650000/pl/16/playback_host/r13---sn-4g57kn6s.googlevideo.com/ip/131.159.40.117/sparams/as%2Cei%2Chfr%2Cid%2Cinitcwndbps%2Cip%2Cipbits%2Citag%2Cmm%2Cmn%2Cms%2Cmv%2Cpl%2Cplayback_host%2Crequiressl%2Csource%2Cexpire/ei/XmGLWcRvxZpZvOKWgAw/itag/0/ipbits/0/mm/31/hfr/1/requiressl/yes/mn/sn-4g57kn6s", "width": 256, "tbr": 116.008, "asr": null, "fps": 15, "language": null, "filesize": 6882303, "acodec": "none", "format": "160 - 256x144 (DASH video)", "protocol": "https", "http_headers": {"User-Agent": "Mozilla/5.0 (X11; Linux x86_64; rv:10.0) Gecko/20150101 Firefox/47.0 (Chrome)", "Accept-Charset": "ISO-8859-1,utf-8;q=0.7,*;q=0.7", "Accept": "text/html,application/xhtml+xml,application/xml;q=0.9,*/*;q=0.8", "Accept-Encoding": "gzip, deflate", "Accept-Language": "en-us,en;q=0.5"}}, {"ext": "mp4", "height": 240, "format_note": "DASH video", "vcodec": "avc1.4d4015", "format_id": "133", "url": "https://r13---sn-4g57kn6s.googlevideo.com/videoplayback?id=2aa4a5e42f1995f7&itag=133&source=youtube&requiressl=yes&mv=m&ms=au&initcwndbps=3650000&pl=16&ei=XmGLWcRvxZpZvOKWgAw&mm=31&mn=sn-4g57kn6s&ratebypass=yes&mime=video/mp4&gir=yes&clen=14864650&lmt=1389989082072085&dur=485.819&mt=1502306478&signature=90035A71814A17A3E2A3A21ECC4AAC790B8E5313.7E37F0244745C880CD8118748837ACF9B1F139CA&key=dg_yt0&ip=131.159.40.117&ipbits=0&expire=1502328254&sparams=ip,ipbits,expire,id,itag,source,requiressl,mv,ms,initcwndbps,pl,ei,mm,mn,ratebypass,mime,gir,clen,lmt,dur", "manifest_url": "https://manifest.googlevideo.com/api/manifest/dash/source/youtube/mt/1502306478/mv/m/as/fmp4_audio_clear%2Cfmp4_sd_hd_clear/expire/1502328254/signature/423C54DFF4FED2A03B91EAB8CF47CF2392AF357E.5A573132A707264075626F3AB3AD8440010E6B43/ms/au/key/yt6/id/2aa4a5e42f1995f7/initcwndbps/3650000/pl/16/playback_host/r13---sn-4g57kn6s.googlevideo.com/ip/131.159.40.117/sparams/as%2Cei%2Chfr%2Cid%2Cinitcwndbps%2Cip%2Cipbits%2Citag%2Cmm%2Cmn%2Cms%2Cmv%2Cpl%2Cplayback_host%2Crequiressl%2Csource%2Cexpire/ei/XmGLWcRvxZpZvOKWgAw/itag/0/ipbits/0/mm/31/hfr/1/requiressl/yes/mn/sn-4g57kn6s", "width": 426, "tbr": 256.292, "asr": null, "fps": 30, "language": null, "filesize": 14864650, "acodec": "none", "format": "133 - 426x240 (DASH video)", "protocol": "https", "http_headers": {"User-Agent": "Mozilla/5.0 (X11; Linux x86_64; rv:10.0) Gecko/20150101 Firefox/47.0 (Chrome)", "Accept-Charset": "ISO-8859-1,utf-8;q=0.7,*;q=0.7", "Accept": "text/html,application/xhtml+xml,application/xml;q=0.9,*/*;q=0.8", "Accept-Encoding": "gzip, deflate", "Accept-Language": "en-us,en;q=0.5"}}, {"ext": "mp4", "height": 360, "format_note": "DASH video", "vcodec": "avc1.4d401e", "format_id": "134", "url": "https://r13---sn-4g57kn6s.googlevideo.com/videoplayback?id=2aa4a5e42f1995f7&itag=134&source=youtube&requiressl=yes&mv=m&ms=au&initcwndbps=3650000&pl=16&ei=XmGLWcRvxZpZvOKWgAw&mm=31&mn=sn-4g57kn6s&ratebypass=yes&mime=video/mp4&gir=yes&clen=19149334&lmt=1389989089908954&dur=485.819&mt=1502306478&signature=377F9F0EED9E31454DF21D170C7C00AD8CF24E58.0AAD1615DE33605A9B8A5A33179818B2115A71C2&key=dg_yt0&ip=131.159.40.117&ipbits=0&expire=1502328254&sparams=ip,ipbits,expire,id,itag,source,requiressl,mv,ms,initcwndbps,pl,ei,mm,mn,ratebypass,mime,gir,clen,lmt,dur", "manifest_url": "https://manifest.googlevideo.com/api/manifest/dash/source/youtube/mt/1502306478/mv/m/as/fmp4_audio_clear%2Cfmp4_sd_hd_clear/expire/1502328254/signature/423C54DFF4FED2A03B91EAB8CF47CF2392AF357E.5A573132A707264075626F3AB3AD8440010E6B43/ms/au/key/yt6/id/2aa4a5e42f1995f7/initcwndbps/3650000/pl/16/playback_host/r13---sn-4g57kn6s.googlevideo.com/ip/131.159.40.117/sparams/as%2Cei%2Chfr%2Cid%2Cinitcwndbps%2Cip%2Cipbits%2Citag%2Cmm%2Cmn%2Cms%2Cmv%2Cpl%2Cplayback_host%2Crequiressl%2Csource%2Cexpire/ei/XmGLWcRvxZpZvOKWgAw/itag/0/ipbits/0/mm/31/hfr/1/requiressl/yes/mn/sn-4g57kn6s", "width": 640, "tbr": 608.019, "asr": null, "fps": 30, "language": null, "filesize": 19149334, "acodec": "none", "format": "134 - 640x360 (DASH video)", "protocol": "https", "http_headers": {"User-Agent": "Mozilla/5.0 (X11; Linux x86_64; rv:10.0) Gecko/20150101 Firefox/47.0 (Chrome)", "Accept-Charset": "ISO-8859-1,utf-8;q=0.7,*;q=0.7", "Accept": "text/html,application/xhtml+xml,application/xml;q=0.9,*/*;q=0.8", "Accept-Encoding": "gzip, deflate", "Accept-Language": "en-us,en;q=0.5"}}, {"ext": "mp4", "height": 480, "format_note": "DASH video", "vcodec": "avc1.4d401f", "format_id": "135", "url": "https://r13---sn-4g57kn6s.googlevideo.com/videoplayback?id=2aa4a5e42f1995f7&itag=135&source=youtube&requiressl=yes&mv=m&ms=au&initcwndbps=3650000&pl=16&ei=XmGLWcRvxZpZvOKWgAw&mm=31&mn=sn-4g57kn6s&ratebypass=yes&mime=video/mp4&gir=yes&clen=37415567&lmt=1389989066360187&dur=485.819&mt=1502306478&signature=3548E265D93122ECDCA8DE63317AFA93F2AC4378.1AE6BB4B6C6788C78C70813E60B2ED184EF6C3A7&key=dg_yt0&ip=131.159.40.117&ipbits=0&expire=1502328254&sparams=ip,ipbits,expire,id,itag,source,requiressl,mv,ms,initcwndbps,pl,ei,mm,mn,ratebypass,mime,gir,clen,lmt,dur", "manifest_url": "https://manifest.googlevideo.com/api/manifest/dash/source/youtube/mt/1502306478/mv/m/as/fmp4_audio_clear%2Cfmp4_sd_hd_clear/expire/1502328254/signature/423C54DFF4FED2A03B91EAB8CF47CF2392AF357E.5A573132A707264075626F3AB3AD8440010E6B43/ms/au/key/yt6/id/2aa4a5e42f1995f7/initcwndbps/3650000/pl/16/playback_host/r13---sn-4g57kn6s.googlevideo.com/ip/131.159.40.117/sparams/as%2Cei%2Chfr%2Cid%2Cinitcwndbps%2Cip%2Cipbits%2Citag%2Cmm%2Cmn%2Cms%2Cmv%2Cpl%2Cplayback_host%2Crequiressl%2Csource%2Cexpire/ei/XmGLWcRvxZpZvOKWgAw/itag/0/ipbits/0/mm/31/hfr/1/requiressl/yes/mn/sn-4g57kn6s", "width": 854, "tbr": 1110.559, "asr": null, "fps": 30, "language": null, "filesize": 37415567, "acodec": "none", "format": "135 - 854x480 (DASH video)", "protocol": "https", "http_headers": {"User-Agent": "Mozilla/5.0 (X11; Linux x86_64; rv:10.0) Gecko/20150101 Firefox/47.0 (Chrome)", "Accept-Charset": "ISO-8859-1,utf-8;q=0.7,*;q=0.7", "Accept": "text/html,application/xhtml+xml,application/xml;q=0.9,*/*;q=0.8", "Accept-Encoding": "gzip, deflate", "Accept-Language": "en-us,en;q=0.5"}}, {"ext": "mp4", "height": 720, "format_note": "DASH video", "vcodec": "avc1.4d401f", "format_id": "136", "url": "https://r13---sn-4g57kn6s.googlevideo.com/videoplayback?id=2aa4a5e42f1995f7&itag=136&source=youtube&requiressl=yes&mv=m&ms=au&initcwndbps=3650000&pl=16&ei=XmGLWcRvxZpZvOKWgAw&mm=31&mn=sn-4g57kn6s&ratebypass=yes&mime=video/mp4&gir=yes&clen=80417789&lmt=1389989195731743&dur=485.819&mt=1502306478&signature=1D1DF000B7F8C11C38E62EDD2391185161C275D9.6F4D143BD94C5C8B4441A9CFD48F923FBEDAAB40&key=dg_yt0&ip=131.159.40.117&ipbits=0&expire=1502328254&sparams=ip,ipbits,expire,id,itag,source,requiressl,mv,ms,initcwndbps,pl,ei,mm,mn,ratebypass,mime,gir,clen,lmt,dur", "manifest_url": "https://manifest.googlevideo.com/api/manifest/dash/source/youtube/mt/1502306478/mv/m/as/fmp4_audio_clear%2Cfmp4_sd_hd_clear/expire/1502328254/signature/423C54DFF4FED2A03B91EAB8CF47CF2392AF357E.5A573132A707264075626F3AB3AD8440010E6B43/ms/au/key/yt6/id/2aa4a5e42f1995f7/initcwndbps/3650000/pl/16/playback_host/r13---sn-4g57kn6s.googlevideo.com/ip/131.159.40.117/sparams/as%2Cei%2Chfr%2Cid%2Cinitcwndbps%2Cip%2Cipbits%2Citag%2Cmm%2Cmn%2Cms%2Cmv%2Cpl%2Cplayback_host%2Crequiressl%2Csource%2Cexpire/ei/XmGLWcRvxZpZvOKWgAw/itag/0/ipbits/0/mm/31/hfr/1/requiressl/yes/mn/sn-4g57kn6s", "width": 1280, "tbr": 2208.788, "asr": null, "fps": 30, "language": null, "filesize": 80417789, "acodec": "none", "format": "136 - 1280x720 (DASH video)", "protocol": "https", "http_headers": {"User-Agent": "Mozilla/5.0 (X11; Linux x86_64; rv:10.0) Gecko/20150101 Firefox/47.0 (Chrome)", "Accept-Charset": "ISO-8859-1,utf-8;q=0.7,*;q=0.7", "Accept": "text/html,application/xhtml+xml,application/xml;q=0.9,*/*;q=0.8", "Accept-Encoding": "gzip, deflate", "Accept-Language": "en-us,en;q=0.5"}}, {"format_id": "17", "url": "https://r13---sn-4g57kn6s.googlevideo.com/videoplayback?ei=XWGLWaLDHcjOWsTsrtgI&ms=au&mt=1502306478&mv=m&requiressl=yes&gir=yes&clen=4964586&mn=sn-4g57kn6s&source=youtube&initcwndbps=3650000&id=o-AGyYiCm8leGzi0fmdlofUG42ODQ03z2ZLy5JtcWXF35D&dur=486.225&expire=1502328253&key=yt6&ip=131.159.40.117&lmt=1389989362712973&signature=7B7ED420B24E4DACEAD5F0200DCACB36AEFBA61E.3A707BB47496357A384564F14ADDA57999DF4CDA&mm=31&ipbits=0&sparams=clen%2Cdur%2Cei%2Cgir%2Cid%2Cinitcwndbps%2Cip%2Cipbits%2Citag%2Clmt%2Cmime%2Cmm%2Cmn%2Cms%2Cmv%2Cpl%2Crequiressl%2Csource%2Cexpire&mime=video%2F3gpp&pl=16&itag=17&ratebypass=yes", "player_url": null, "ext": "3gp", "width": 176, "height": 144, "acodec": "mp4a.40.2", "abr": 24, "vcodec": "mp4v.20.3", "resolution": "176x144", "format_note": "small", "format": "17 - 176x144 (small)", "protocol": "https", "http_headers": {"User-Agent": "Mozilla/5.0 (X11; Linux x86_64; rv:10.0) Gecko/20150101 Firefox/47.0 (Chrome)", "Accept-Charset": "ISO-8859-1,utf-8;q=0.7,*;q=0.7", "Accept": "text/html,application/xhtml+xml,application/xml;q=0.9,*/*;q=0.8", "Accept-Encoding": "gzip, deflate", "Accept-Language": "en-us,en;q=0.5"}}, {"format_id": "36", "url": "https://r13---sn-4g57kn6s.googlevideo.com/videoplayback?ei=XWGLWaLDHcjOWsTsrtgI&ms=au&mt=1502306478&mv=m&requiressl=yes&gir=yes&clen=13701421&mn=sn-4g57kn6s&source=youtube&initcwndbps=3650000&id=o-AGyYiCm8leGzi0fmdlofUG42ODQ03z2ZLy5JtcWXF35D&dur=486.086&expire=1502328253&key=yt6&ip=131.159.40.117&lmt=1389989436990070&signature=49FC5B1F51847D5EAA12E2E5A0BBE296D4B79B21.19C5360D129414709957E85FC0E4652126D51075&mm=31&ipbits=0&sparams=clen%2Cdur%2Cei%2Cgir%2Cid%2Cinitcwndbps%2Cip%2Cipbits%2Citag%2Clmt%2Cmime%2Cmm%2Cmn%2Cms%2Cmv%2Cpl%2Crequiressl%2Csource%2Cexpire&mime=video%2F3gpp&pl=16&itag=36&ratebypass=yes", "player_url": null, "ext": "3gp", "width": 320, "acodec": "mp4a.40.2", "vcodec": "mp4v.20.3", "resolution": "320x180", "height": 180, "format_note": "small", "format": "36 - 320x180 (small)", "protocol": "https", "http_headers": {"User-Agent": "Mozilla/5.0 (X11; Linux x86_64; rv:10.0) Gecko/20150101 Firefox/47.0 (Chrome)", "Accept-Charset": "ISO-8859-1,utf-8;q=0.7,*;q=0.7", "Accept": "text/html,application/xhtml+xml,application/xml;q=0.9,*/*;q=0.8", "Accept-Encoding": "gzip, deflate", "Accept-Language": "en-us,en;q=0.5"}}, {"format_id": "43", "url": "https://r13---sn-4g57kn6s.googlevideo.com/videoplayback?ei=XWGLWaLDHcjOWsTsrtgI&ms=au&mt=1502306478&mv=m&requiressl=yes&ratebypass=yes&gir=yes&clen=46651674&mn=sn-4g57kn6s&source=youtube&initcwndbps=3650000&id=o-AGyYiCm8leGzi0fmdlofUG42ODQ03z2ZLy5JtcWXF35D&dur=0.000&expire=1502328253&key=yt6&ip=131.159.40.117&lmt=1350915932420920&signature=B415874CF9D02136867CEEFF14E7076A8AF7EDC1.3EE8C99646E9A0F100340854D55DF4DDE5FA5633&mm=31&ipbits=0&sparams=clen%2Cdur%2Cei%2Cgir%2Cid%2Cinitcwndbps%2Cip%2Cipbits%2Citag%2Clmt%2Cmime%2Cmm%2Cmn%2Cms%2Cmv%2Cpl%2Cratebypass%2Crequiressl%2Csource%2Cexpire&mime=video%2Fwebm&pl=16&itag=43", "player_url": null, "ext": "webm", "width": 640, "height": 360, "acodec": "vorbis", "abr": 128, "vcodec": "vp8.0", "resolution": "640x360", "format_note": "medium", "format": "43 - 640x360 (medium)", "protocol": "https", "http_headers": {"User-Agent": "Mozilla/5.0 (X11; Linux x86_64; rv:10.0) Gecko/20150101 Firefox/47.0 (Chrome)", "Accept-Charset": "ISO-8859-1,utf-8;q=0.7,*;q=0.7", "Accept": "text/html,application/xhtml+xml,application/xml;q=0.9,*/*;q=0.8", "Accept-Encoding": "gzip, deflate", "Accept-Language": "en-us,en;q=0.5"}}, {"format_id": "18", "url": "https://r13---sn-4g57kn6s.googlevideo.com/videoplayback?ei=XWGLWaLDHcjOWsTsrtgI&ms=au&mt=1502306478&mv=m&requiressl=yes&ratebypass=yes&gir=yes&clen=37864335&mn=sn-4g57kn6s&source=youtube&initcwndbps=3650000&id=o-AGyYiCm8leGzi0fmdlofUG42ODQ03z2ZLy5JtcWXF35D&dur=485.900&expire=1502328253&key=yt6&ip=131.159.40.117&lmt=1389989210557986&signature=C3160C217496C7FDBEF75AD90C4C8E6AD3325DFA.25C73305E473BD1D8D46489399032743E620FF55&mm=31&ipbits=0&sparams=clen%2Cdur%2Cei%2Cgir%2Cid%2Cinitcwndbps%2Cip%2Cipbits%2Citag%2Clmt%2Cmime%2Cmm%2Cmn%2Cms%2Cmv%2Cpl%2Cratebypass%2Crequiressl%2Csource%2Cexpire&mime=video%2Fmp4&pl=16&itag=18", "player_url": null, "ext": "mp4", "width": 640, "height": 360, "acodec": "mp4a.40.2", "abr": 96, "vcodec": "avc1.42001E", "resolution": "640x360", "format_note": "medium", "format": "18 - 640x360 (medium)", "protocol": "https", "http_headers": {"User-Agent": "Mozilla/5.0 (X11; Linux x86_64; rv:10.0) Gecko/20150101 Firefox/47.0 (Chrome)", "Accept-Charset": "ISO-8859-1,utf-8;q=0.7,*;q=0.7", "Accept": "text/html,application/xhtml+xml,application/xml;q=0.9,*/*;q=0.8", "Accept-Encoding": "gzip, deflate", "Accept-Language": "en-us,en;q=0.5"}}, {"format_id": "22", "url": "https://r13---sn-4g57kn6s.googlevideo.com/videoplayback?ei=XWGLWaLDHcjOWsTsrtgI&ms=au&mt=1502306478&mv=m&signature=7A584899C4CE42BF41A536A3B2071865B4E91DCF.3818D9B5176F173C24941A2C01E1EB3CDB5FCE68&requiressl=yes&ratebypass=yes&mm=31&ipbits=0&sparams=dur%2Cei%2Cid%2Cinitcwndbps%2Cip%2Cipbits%2Citag%2Clmt%2Cmime%2Cmm%2Cmn%2Cms%2Cmv%2Cpl%2Cratebypass%2Crequiressl%2Csource%2Cexpire&mn=sn-4g57kn6s&itag=22&source=youtube&initcwndbps=3650000&id=o-AGyYiCm8leGzi0fmdlofUG42ODQ03z2ZLy5JtcWXF35D&mime=video%2Fmp4&dur=485.900&pl=16&expire=1502328253&key=yt6&ip=131.159.40.117&lmt=1471777983624240", "player_url": null, "ext": "mp4", "width": 1280, "height": 720, "acodec": "mp4a.40.2", "abr": 192, "vcodec": "avc1.64001F", "resolution": "1280x720", "format_note": "hd720", "format": "22 - 1280x720 (hd720)", "protocol": "https", "http_headers": {"User-Agent": "Mozilla/5.0 (X11; Linux x86_64; rv:10.0) Gecko/20150101 Firefox/47.0 (Chrome)", "Accept-Charset": "ISO-8859-1,utf-8;q=0.7,*;q=0.7", "Accept": "text/html,application/xhtml+xml,application/xml;q=0.9,*/*;q=0.8", "Accept-Encoding": "gzip, deflate", "Accept-Language": "en-us,en;q=0.5"}}], "is_live": null, "start_time": null, "end_time": null, "series": null, "season_number": null, "episode_number": null, "extractor": "youtube", "webpage_url_basename": "KqSl5C8Zlfc", "extractor_key": "Youtube", "playlist": null, "playlist_index": null, "thumbnails": [{"url": "https://i.ytimg.com/vi/KqSl5C8Zlfc/hqdefault.jpg", "id": "0"}], "display_id": "KqSl5C8Zlfc", "ext": "mp4", "height": 720, "format_note": "DASH video", "vcodec": "avc1.4d401f", "format_id": "136", "url": "https://r13---sn-4g57kn6s.googlevideo.com/videoplayback?id=2aa4a5e42f1995f7&itag=136&source=youtube&requiressl=yes&mv=m&ms=au&initcwndbps=3650000&pl=16&ei=XmGLWcRvxZpZvOKWgAw&mm=31&mn=sn-4g57kn6s&ratebypass=yes&mime=video/mp4&gir=yes&clen=80417789&lmt=1389989195731743&dur=485.819&mt=1502306478&signature=1D1DF000B7F8C11C38E62EDD2391185161C275D9.6F4D143BD94C5C8B4441A9CFD48F923FBEDAAB40&key=dg_yt0&ip=131.159.40.117&ipbits=0&expire=1502328254&sparams=ip,ipbits,expire,id,itag,source,requiressl,mv,ms,initcwndbps,pl,ei,mm,mn,ratebypass,mime,gir,clen,lmt,dur", "manifest_url": "https://manifest.googlevideo.com/api/manifest/dash/source/youtube/mt/1502306478/mv/m/as/fmp4_audio_clear%2Cfmp4_sd_hd_clear/expire/1502328254/signature/423C54DFF4FED2A03B91EAB8CF47CF2392AF357E.5A573132A707264075626F3AB3AD8440010E6B43/ms/au/key/yt6/id/2aa4a5e42f1995f7/initcwndbps/3650000/pl/16/playback_host/r13---sn-4g57kn6s.googlevideo.com/ip/131.159.40.117/sparams/as%2Cei%2Chfr%2Cid%2Cinitcwndbps%2Cip%2Cipbits%2Citag%2Cmm%2Cmn%2Cms%2Cmv%2Cpl%2Cplayback_host%2Crequiressl%2Csource%2Cexpire/ei/XmGLWcRvxZpZvOKWgAw/itag/0/ipbits/0/mm/31/hfr/1/requiressl/yes/mn/sn-4g57kn6s", "width": 1280, "tbr": 2208.788, "asr": null, "fps": 30, "language": null, "filesize": 80417789, "acodec": "none", "format": "136 - 1280x720 (DASH video)", "protocol": "https", "http_headers": {"User-Agent": "Mozilla/5.0 (X11; Linux x86_64; rv:10.0) Gecko/20150101 Firefox/47.0 (Chrome)", "Accept-Charset": "ISO-8859-1,utf-8;q=0.7,*;q=0.7", "Accept": "text/html,application/xhtml+xml,application/xml;q=0.9,*/*;q=0.8", "Accept-Encoding": "gzip, deflate", "Accept-Language": "en-us,en;q=0.5"}, "fulltitle": "Taylor Swift 'GMA' Interview 2012: Star on New Album 'Red,' Hit Single 'Never Getting Back Together'", "_filename": "KqSl5C8Zlfc.mp4"}