{"id": "yn5qTgXwcx4", "uploader": "evamga2774", "uploader_id": "evamga2774", "uploader_url": "http://www.youtube.com/user/evamga2774", "upload_date": "20100130", "license": "Standard YouTube License", "creator": null, "title": "Slendertone Face:Rejuvenecimiento Facial", "alt_title": null, "thumbnail": "https://i.ytimg.com/vi/yn5qTgXwcx4/hqdefault.jpg", "description": "Slendertone Face es un revolucionario producto contra el envejecimiento Facial,se basa en la estimulacion de los musculos mediante impulsos electricos,de forma que entrena los musculos de tu cara para devolverle a tu rostro su aspecto juvenil.\nHe de deciros que mi preocupaci\u00f3n principal,era  si esta estimulaci\u00f3n seria dolorosa o no.....y he de deciros para nuestra tranquilidad que NO DUELE!!!!!Tampoco el modo lifting que es el que vamos a probar aqui.\nBueno chicas espero que esta informaci\u00f3n os sirva de ayuda,nos vemos pronto!!!!!", "categories": ["Howto & Style"], "tags": ["slendertone face", "rejuvenecimiento facial", "masajes y ejercicios faciales", "gimnasia facial", "est\u00e9tica y casera", "belleza facial", "contra la flacidez", "evamga2774", "musculos faciales", "ejercicios para el rostro", "masaje facial", "cuidado de la piel", "rutina facial", "faciales ejercicios", "rostro mas bello", "arrugas", "remedios caseros naturales", "radiante"], "subtitles": {}, "automatic_captions": {}, "duration": 495, "age_limit": 0, "annotations": null, "chapters": null, "webpage_url": "https://www.youtube.com/watch?v=yn5qTgXwcx4", "view_count": 43683, "like_count": 86, "dislike_count": 6, "average_rating": 4.73913049698, "formats": [{"ext": "m4a", "format_note": "DASH audio", "acodec": "mp4a.40.5", "abr": 48, "container": "m4a_dash", "format_id": "139", "url": "https://r9---sn-4g57kn6r.googlevideo.com/videoplayback?id=ca7e6a4e05f0731e&itag=139&source=youtube&requiressl=yes&ms=au&mm=31&mn=sn-4g57kn6r&pl=16&mv=m&ei=wdaKWZbJBpDfcI2LlOgO&initcwndbps=4146250&ratebypass=yes&mime=audio/mp4&gir=yes&clen=2941785&lmt=1391439735239251&dur=494.585&mt=1502271044&signature=832B6D68AD716ABFE0123AE439064F40818D4EE4.43E9AE3A553CB74ED37101C04C83845506A564FA&key=dg_yt0&ip=131.159.40.117&ipbits=0&expire=1502292769&sparams=ip,ipbits,expire,id,itag,source,requiressl,ms,mm,mn,pl,mv,ei,initcwndbps,ratebypass,mime,gir,clen,lmt,dur", "manifest_url": "https://manifest.googlevideo.com/api/manifest/dash/expire/1502292769/sparams/as%2Cei%2Chfr%2Cid%2Cinitcwndbps%2Cip%2Cipbits%2Citag%2Cmm%2Cmn%2Cms%2Cmv%2Cpl%2Cplayback_host%2Crequiressl%2Csource%2Cexpire/itag/0/ip/131.159.40.117/source/youtube/ms/au/mm/31/hfr/1/ipbits/0/requiressl/yes/id/ca7e6a4e05f0731e/mt/1502271044/mn/sn-4g57kn6r/pl/16/playback_host/r9---sn-4g57kn6r.googlevideo.com/mv/m/signature/8B22715B61B57CFACD8FD5C5B074A4284094C409.6B03E635C0E478B99022DDD532CDFAF5983253BF/key/yt6/ei/wdaKWZbJBpDfcI2LlOgO/as/fmp4_audio_clear%2Cfmp4_sd_hd_clear/initcwndbps/4146250", "width": null, "height": null, "tbr": 48.863, "asr": 22050, "fps": null, "language": null, "filesize": 2941785, "vcodec": "none", "format": "139 - audio only (DASH audio)", "protocol": "https", "http_headers": {"User-Agent": "Mozilla/5.0 (X11; Linux x86_64; rv:10.0) Gecko/20150101 Firefox/47.0 (Chrome)", "Accept-Charset": "ISO-8859-1,utf-8;q=0.7,*;q=0.7", "Accept": "text/html,application/xhtml+xml,application/xml;q=0.9,*/*;q=0.8", "Accept-Encoding": "gzip, deflate", "Accept-Language": "en-us,en;q=0.5"}}, {"format_id": "249", "url": "https://r9---sn-4g57kn6r.googlevideo.com/videoplayback?mm=31&mn=sn-4g57kn6r&ei=wNaKWa_-JNuEcar3pegN&ms=au&mt=1502271044&pl=16&mv=m&sparams=clen%2Cdur%2Cei%2Cgir%2Cid%2Cinitcwndbps%2Cip%2Cipbits%2Citag%2Ckeepalive%2Clmt%2Cmime%2Cmm%2Cmn%2Cms%2Cmv%2Cpl%2Crequiressl%2Csource%2Cexpire&gir=yes&expire=1502292768&id=o-AAvaqovq84bKbAl3yiLWyiF6PwrEPPH6r_ydCGKagLXT&keepalive=yes&clen=2877497&itag=249&initcwndbps=4146250&ipbits=0&dur=494.461&lmt=1413374250166123&key=yt6&ip=131.159.40.117&source=youtube&signature=04321A33BFAF9E686442E446F7BCE73A22053ED5.A013E0AF0357BD086E30D77520B25CFCCD6565BC&mime=audio%2Fwebm&requiressl=yes&ratebypass=yes", "player_url": null, "ext": "webm", "format_note": "DASH audio", "acodec": "opus", "abr": 50, "filesize": 2877497, "tbr": 55.144, "vcodec": "none", "format": "249 - audio only (DASH audio)", "protocol": "https", "http_headers": {"User-Agent": "Mozilla/5.0 (X11; Linux x86_64; rv:10.0) Gecko/20150101 Firefox/47.0 (Chrome)", "Accept-Charset": "ISO-8859-1,utf-8;q=0.7,*;q=0.7", "Accept": "text/html,application/xhtml+xml,application/xml;q=0.9,*/*;q=0.8", "Accept-Encoding": "gzip, deflate", "Accept-Language": "en-us,en;q=0.5"}}, {"format_id": "250", "url": "https://r9---sn-4g57kn6r.googlevideo.com/videoplayback?mm=31&mn=sn-4g57kn6r&ei=wNaKWa_-JNuEcar3pegN&ms=au&mt=1502271044&pl=16&mv=m&sparams=clen%2Cdur%2Cei%2Cgir%2Cid%2Cinitcwndbps%2Cip%2Cipbits%2Citag%2Ckeepalive%2Clmt%2Cmime%2Cmm%2Cmn%2Cms%2Cmv%2Cpl%2Crequiressl%2Csource%2Cexpire&gir=yes&expire=1502292768&id=o-AAvaqovq84bKbAl3yiLWyiF6PwrEPPH6r_ydCGKagLXT&keepalive=yes&clen=3679917&itag=250&initcwndbps=4146250&ipbits=0&dur=494.461&lmt=1413374249736077&key=yt6&ip=131.159.40.117&source=youtube&signature=42882924C9403EF1BB7A2F6DF6EF53424DF1ABFF.77794EA36CA4EB8C4E0A0E7995340FF4CA6F15FF&mime=audio%2Fwebm&requiressl=yes&ratebypass=yes", "player_url": null, "ext": "webm", "format_note": "DASH audio", "acodec": "opus", "abr": 70, "filesize": 3679917, "tbr": 76.529, "vcodec": "none", "format": "250 - audio only (DASH audio)", "protocol": "https", "http_headers": {"User-Agent": "Mozilla/5.0 (X11; Linux x86_64; rv:10.0) Gecko/20150101 Firefox/47.0 (Chrome)", "Accept-Charset": "ISO-8859-1,utf-8;q=0.7,*;q=0.7", "Accept": "text/html,application/xhtml+xml,application/xml;q=0.9,*/*;q=0.8", "Accept-Encoding": "gzip, deflate", "Accept-Language": "en-us,en;q=0.5"}}, {"format_id": "171", "url": "https://r9---sn-4g57kn6r.googlevideo.com/videoplayback?mm=31&mn=sn-4g57kn6r&ei=wNaKWa_-JNuEcar3pegN&ms=au&mt=1502271044&pl=16&mv=m&sparams=clen%2Cdur%2Cei%2Cgir%2Cid%2Cinitcwndbps%2Cip%2Cipbits%2Citag%2Ckeepalive%2Clmt%2Cmime%2Cmm%2Cmn%2Cms%2Cmv%2Cpl%2Crequiressl%2Csource%2Cexpire&gir=yes&expire=1502292768&id=o-AAvaqovq84bKbAl3yiLWyiF6PwrEPPH6r_ydCGKagLXT&keepalive=yes&clen=6585144&itag=171&initcwndbps=4146250&ipbits=0&dur=494.447&lmt=1413374251569310&key=yt6&ip=131.159.40.117&source=youtube&signature=2B2D15191822564ED25B1E8FD00645016E3E2B58.E05B36CA8F00590C8CE0B268388B5E40A07B692F&mime=audio%2Fwebm&requiressl=yes&ratebypass=yes", "player_url": null, "ext": "webm", "acodec": "vorbis", "format_note": "DASH audio", "abr": 128, "filesize": 6585144, "tbr": 123.269, "vcodec": "none", "format": "171 - audio only (DASH audio)", "protocol": "https", "http_headers": {"User-Agent": "Mozilla/5.0 (X11; Linux x86_64; rv:10.0) Gecko/20150101 Firefox/47.0 (Chrome)", "Accept-Charset": "ISO-8859-1,utf-8;q=0.7,*;q=0.7", "Accept": "text/html,application/xhtml+xml,application/xml;q=0.9,*/*;q=0.8", "Accept-Encoding": "gzip, deflate", "Accept-Language": "en-us,en;q=0.5"}}, {"ext": "m4a", "format_note": "DASH audio", "acodec": "mp4a.40.2", "abr": 128, "container": "m4a_dash", "format_id": "140", "url": "https://r9---sn-4g57kn6r.googlevideo.com/videoplayback?id=ca7e6a4e05f0731e&itag=140&source=youtube&requiressl=yes&ms=au&mm=31&mn=sn-4g57kn6r&pl=16&mv=m&ei=wdaKWZbJBpDfcI2LlOgO&initcwndbps=4146250&ratebypass=yes&mime=audio/mp4&gir=yes&clen=7854578&lmt=1391439734618590&dur=494.515&mt=1502271044&signature=2690D431C6D8196DAB10658D6D6A89E6B94D2793.56448A48C7F0108106FEE364DA974EB01E589C51&key=dg_yt0&ip=131.159.40.117&ipbits=0&expire=1502292769&sparams=ip,ipbits,expire,id,itag,source,requiressl,ms,mm,mn,pl,mv,ei,initcwndbps,ratebypass,mime,gir,clen,lmt,dur", "manifest_url": "https://manifest.googlevideo.com/api/manifest/dash/expire/1502292769/sparams/as%2Cei%2Chfr%2Cid%2Cinitcwndbps%2Cip%2Cipbits%2Citag%2Cmm%2Cmn%2Cms%2Cmv%2Cpl%2Cplayback_host%2Crequiressl%2Csource%2Cexpire/itag/0/ip/131.159.40.117/source/youtube/ms/au/mm/31/hfr/1/ipbits/0/requiressl/yes/id/ca7e6a4e05f0731e/mt/1502271044/mn/sn-4g57kn6r/pl/16/playback_host/r9---sn-4g57kn6r.googlevideo.com/mv/m/signature/8B22715B61B57CFACD8FD5C5B074A4284094C409.6B03E635C0E478B99022DDD532CDFAF5983253BF/key/yt6/ei/wdaKWZbJBpDfcI2LlOgO/as/fmp4_audio_clear%2Cfmp4_sd_hd_clear/initcwndbps/4146250", "width": null, "height": null, "tbr": 128.311, "asr": 44100, "fps": null, "language": null, "filesize": 7854578, "vcodec": "none", "format": "140 - audio only (DASH audio)", "protocol": "https", "http_headers": {"User-Agent": "Mozilla/5.0 (X11; Linux x86_64; rv:10.0) Gecko/20150101 Firefox/47.0 (Chrome)", "Accept-Charset": "ISO-8859-1,utf-8;q=0.7,*;q=0.7", "Accept": "text/html,application/xhtml+xml,application/xml;q=0.9,*/*;q=0.8", "Accept-Encoding": "gzip, deflate", "Accept-Language": "en-us,en;q=0.5"}}, {"format_id": "251", "url": "https://r9---sn-4g57kn6r.googlevideo.com/videoplayback?mm=31&mn=sn-4g57kn6r&ei=wNaKWa_-JNuEcar3pegN&ms=au&mt=1502271044&pl=16&mv=m&sparams=clen%2Cdur%2Cei%2Cgir%2Cid%2Cinitcwndbps%2Cip%2Cipbits%2Citag%2Ckeepalive%2Clmt%2Cmime%2Cmm%2Cmn%2Cms%2Cmv%2Cpl%2Crequiressl%2Csource%2Cexpire&gir=yes&expire=1502292768&id=o-AAvaqovq84bKbAl3yiLWyiF6PwrEPPH6r_ydCGKagLXT&keepalive=yes&clen=9224946&itag=251&initcwndbps=4146250&ipbits=0&dur=494.461&lmt=1413374249229266&key=yt6&ip=131.159.40.117&source=youtube&signature=113F9A538057715A6830E5B5F44ED9948D7929F4.496B489EE580EF2657E0442134234E84E2E347E2&mime=audio%2Fwebm&requiressl=yes&ratebypass=yes", "player_url": null, "ext": "webm", "format_note": "DASH audio", "acodec": "opus", "abr": 160, "filesize": 9224946, "tbr": 180.65, "vcodec": "none", "format": "251 - audio only (DASH audio)", "protocol": "https", "http_headers": {"User-Agent": "Mozilla/5.0 (X11; Linux x86_64; rv:10.0) Gecko/20150101 Firefox/47.0 (Chrome)", "Accept-Charset": "ISO-8859-1,utf-8;q=0.7,*;q=0.7", "Accept": "text/html,application/xhtml+xml,application/xml;q=0.9,*/*;q=0.8", "Accept-Encoding": "gzip, deflate", "Accept-Language": "en-us,en;q=0.5"}}, {"ext": "mp4", "height": 144, "format_note": "DASH video", "vcodec": "avc1.4d400c", "format_id": "160", "url": "https://r9---sn-4g57kn6r.googlevideo.com/videoplayback?id=ca7e6a4e05f0731e&itag=160&source=youtube&requiressl=yes&ms=au&mm=31&mn=sn-4g57kn6r&pl=16&mv=m&ei=wdaKWZbJBpDfcI2LlOgO&initcwndbps=4146250&ratebypass=yes&mime=video/mp4&gir=yes&clen=7022734&lmt=1391439768544588&dur=494.427&mt=1502271044&signature=840ED65762E924BA48F574A1A51AAB37BCF525DB.1842FB06FAB423D30E2CEB4EEA9D2248C29FEA51&key=dg_yt0&ip=131.159.40.117&ipbits=0&expire=1502292769&sparams=ip,ipbits,expire,id,itag,source,requiressl,ms,mm,mn,pl,mv,ei,initcwndbps,ratebypass,mime,gir,clen,lmt,dur", "manifest_url": "https://manifest.googlevideo.com/api/manifest/dash/expire/1502292769/sparams/as%2Cei%2Chfr%2Cid%2Cinitcwndbps%2Cip%2Cipbits%2Citag%2Cmm%2Cmn%2Cms%2Cmv%2Cpl%2Cplayback_host%2Crequiressl%2Csource%2Cexpire/itag/0/ip/131.159.40.117/source/youtube/ms/au/mm/31/hfr/1/ipbits/0/requiressl/yes/id/ca7e6a4e05f0731e/mt/1502271044/mn/sn-4g57kn6r/pl/16/playback_host/r9---sn-4g57kn6r.googlevideo.com/mv/m/signature/8B22715B61B57CFACD8FD5C5B074A4284094C409.6B03E635C0E478B99022DDD532CDFAF5983253BF/key/yt6/ei/wdaKWZbJBpDfcI2LlOgO/as/fmp4_audio_clear%2Cfmp4_sd_hd_clear/initcwndbps/4146250", "width": 216, "tbr": 116.646, "asr": null, "fps": 15, "language": null, "filesize": 7022734, "acodec": "none", "format": "160 - 216x144 (DASH video)", "protocol": "https", "http_headers": {"User-Agent": "Mozilla/5.0 (X11; Linux x86_64; rv:10.0) Gecko/20150101 Firefox/47.0 (Chrome)", "Accept-Charset": "ISO-8859-1,utf-8;q=0.7,*;q=0.7", "Accept": "text/html,application/xhtml+xml,application/xml;q=0.9,*/*;q=0.8", "Accept-Encoding": "gzip, deflate", "Accept-Language": "en-us,en;q=0.5"}}, {"ext": "mp4", "height": 240, "format_note": "DASH video", "vcodec": "avc1.4d400d", "format_id": "133", "url": "https://r9---sn-4g57kn6r.googlevideo.com/videoplayback?id=ca7e6a4e05f0731e&itag=133&source=youtube&requiressl=yes&ms=au&mm=31&mn=sn-4g57kn6r&pl=16&mv=m&ei=wdaKWZbJBpDfcI2LlOgO&initcwndbps=4146250&ratebypass=yes&mime=video/mp4&gir=yes&clen=15097478&lmt=1391439754773029&dur=494.427&mt=1502271044&signature=727BAFA6431BD93E360FD6040AF83C4986E21361.44749DFB51647CDC8AAA982C0DF3F08331ACBC36&key=dg_yt0&ip=131.159.40.117&ipbits=0&expire=1502292769&sparams=ip,ipbits,expire,id,itag,source,requiressl,ms,mm,mn,pl,mv,ei,initcwndbps,ratebypass,mime,gir,clen,lmt,dur", "manifest_url": "https://manifest.googlevideo.com/api/manifest/dash/expire/1502292769/sparams/as%2Cei%2Chfr%2Cid%2Cinitcwndbps%2Cip%2Cipbits%2Citag%2Cmm%2Cmn%2Cms%2Cmv%2Cpl%2Cplayback_host%2Crequiressl%2Csource%2Cexpire/itag/0/ip/131.159.40.117/source/youtube/ms/au/mm/31/hfr/1/ipbits/0/requiressl/yes/id/ca7e6a4e05f0731e/mt/1502271044/mn/sn-4g57kn6r/pl/16/playback_host/r9---sn-4g57kn6r.googlevideo.com/mv/m/signature/8B22715B61B57CFACD8FD5C5B074A4284094C409.6B03E635C0E478B99022DDD532CDFAF5983253BF/key/yt6/ei/wdaKWZbJBpDfcI2LlOgO/as/fmp4_audio_clear%2Cfmp4_sd_hd_clear/initcwndbps/4146250", "width": 360, "tbr": 247.144, "asr": null, "fps": 30, "language": null, "filesize": 15097478, "acodec": "none", "format": "133 - 360x240 (DASH video)", "protocol": "https", "http_headers": {"User-Agent": "Mozilla/5.0 (X11; Linux x86_64; rv:10.0) Gecko/20150101 Firefox/47.0 (Chrome)", "Accept-Charset": "ISO-8859-1,utf-8;q=0.7,*;q=0.7", "Accept": "text/html,application/xhtml+xml,application/xml;q=0.9,*/*;q=0.8", "Accept-Encoding": "gzip, deflate", "Accept-Language": "en-us,en;q=0.5"}}, {"ext": "mp4", "height": 360, "format_note": "DASH video", "vcodec": "avc1.4d401e", "format_id": "134", "url": "https://r9---sn-4g57kn6r.googlevideo.com/videoplayback?id=ca7e6a4e05f0731e&itag=134&source=youtube&requiressl=yes&ms=au&mm=31&mn=sn-4g57kn6r&pl=16&mv=m&ei=wdaKWZbJBpDfcI2LlOgO&initcwndbps=4146250&ratebypass=yes&mime=video/mp4&gir=yes&clen=16607346&lmt=1391439760228723&dur=494.427&mt=1502271044&signature=9BF1D6E5BAF30DE66B9C6768ED19BBE8AD7ADB29.9002DF4F7E186AA5B1359DFC758F256E35E1A05B&key=dg_yt0&ip=131.159.40.117&ipbits=0&expire=1502292769&sparams=ip,ipbits,expire,id,itag,source,requiressl,ms,mm,mn,pl,mv,ei,initcwndbps,ratebypass,mime,gir,clen,lmt,dur", "manifest_url": "https://manifest.googlevideo.com/api/manifest/dash/expire/1502292769/sparams/as%2Cei%2Chfr%2Cid%2Cinitcwndbps%2Cip%2Cipbits%2Citag%2Cmm%2Cmn%2Cms%2Cmv%2Cpl%2Cplayback_host%2Crequiressl%2Csource%2Cexpire/itag/0/ip/131.159.40.117/source/youtube/ms/au/mm/31/hfr/1/ipbits/0/requiressl/yes/id/ca7e6a4e05f0731e/mt/1502271044/mn/sn-4g57kn6r/pl/16/playback_host/r9---sn-4g57kn6r.googlevideo.com/mv/m/signature/8B22715B61B57CFACD8FD5C5B074A4284094C409.6B03E635C0E478B99022DDD532CDFAF5983253BF/key/yt6/ei/wdaKWZbJBpDfcI2LlOgO/as/fmp4_audio_clear%2Cfmp4_sd_hd_clear/initcwndbps/4146250", "width": 540, "tbr": 382.364, "asr": null, "fps": 30, "language": null, "filesize": 16607346, "acodec": "none", "format": "134 - 540x360 (DASH video)", "protocol": "https", "http_headers": {"User-Agent": "Mozilla/5.0 (X11; Linux x86_64; rv:10.0) Gecko/20150101 Firefox/47.0 (Chrome)", "Accept-Charset": "ISO-8859-1,utf-8;q=0.7,*;q=0.7", "Accept": "text/html,application/xhtml+xml,application/xml;q=0.9,*/*;q=0.8", "Accept-Encoding": "gzip, deflate", "Accept-Language": "en-us,en;q=0.5"}}, {"ext": "mp4", "height": 480, "format_note": "DASH video", "vcodec": "avc1.4d401e", "format_id": "135", "url": "https://r9---sn-4g57kn6r.googlevideo.com/videoplayback?id=ca7e6a4e05f0731e&itag=135&source=youtube&requiressl=yes&ms=au&mm=31&mn=sn-4g57kn6r&pl=16&mv=m&ei=wdaKWZbJBpDfcI2LlOgO&initcwndbps=4146250&ratebypass=yes&mime=video/mp4&gir=yes&clen=33486566&lmt=1391439768407675&dur=494.427&mt=1502271044&signature=01A636DC47AAAAD2C5A5622A5A3BE3F0F61501FF.15FA45FCF912555255AEFF0964818FC77E72BB7D&key=dg_yt0&ip=131.159.40.117&ipbits=0&expire=1502292769&sparams=ip,ipbits,expire,id,itag,source,requiressl,ms,mm,mn,pl,mv,ei,initcwndbps,ratebypass,mime,gir,clen,lmt,dur", "manifest_url": "https://manifest.googlevideo.com/api/manifest/dash/expire/1502292769/sparams/as%2Cei%2Chfr%2Cid%2Cinitcwndbps%2Cip%2Cipbits%2Citag%2Cmm%2Cmn%2Cms%2Cmv%2Cpl%2Cplayback_host%2Crequiressl%2Csource%2Cexpire/itag/0/ip/131.159.40.117/source/youtube/ms/au/mm/31/hfr/1/ipbits/0/requiressl/yes/id/ca7e6a4e05f0731e/mt/1502271044/mn/sn-4g57kn6r/pl/16/playback_host/r9---sn-4g57kn6r.googlevideo.com/mv/m/signature/8B22715B61B57CFACD8FD5C5B074A4284094C409.6B03E635C0E478B99022DDD532CDFAF5983253BF/key/yt6/ei/wdaKWZbJBpDfcI2LlOgO/as/fmp4_audio_clear%2Cfmp4_sd_hd_clear/initcwndbps/4146250", "width": 720, "tbr": 716.758, "asr": null, "fps": 30, "language": null, "filesize": 33486566, "acodec": "none", "format": "135 - 720x480 (DASH video)", "protocol": "https", "http_headers": {"User-Agent": "Mozilla/5.0 (X11; Linux x86_64; rv:10.0) Gecko/20150101 Firefox/47.0 (Chrome)", "Accept-Charset": "ISO-8859-1,utf-8;q=0.7,*;q=0.7", "Accept": "text/html,application/xhtml+xml,application/xml;q=0.9,*/*;q=0.8", "Accept-Encoding": "gzip, deflate", "Accept-Language": "en-us,en;q=0.5"}}, {"format_id": "17", "url": "https://r9---sn-4g57kn6r.googlevideo.com/videoplayback?mm=31&mn=sn-4g57kn6r&ei=wNaKWa_-JNuEcar3pegN&ms=au&mt=1502271044&pl=16&mv=m&sparams=clen%2Cdur%2Cei%2Cgir%2Cid%2Cinitcwndbps%2Cip%2Cipbits%2Citag%2Clmt%2Cmime%2Cmm%2Cmn%2Cms%2Cmv%2Cpl%2Crequiressl%2Csource%2Cexpire&gir=yes&expire=1502292768&id=o-AAvaqovq84bKbAl3yiLWyiF6PwrEPPH6r_ydCGKagLXT&clen=5056624&itag=17&initcwndbps=4146250&ipbits=0&dur=494.817&lmt=1391439825455021&key=yt6&ip=131.159.40.117&source=youtube&signature=673ED513487C322721DB73594A4991847973C85F.87EA962EAE97C3C8F04F3C10784153B41D929F80&mime=video%2F3gpp&requiressl=yes&ratebypass=yes", "player_url": null, "ext": "3gp", "width": 176, "height": 144, "acodec": "mp4a.40.2", "abr": 24, "vcodec": "mp4v.20.3", "resolution": "176x144", "format_note": "small", "format": "17 - 176x144 (small)", "protocol": "https", "http_headers": {"User-Agent": "Mozilla/5.0 (X11; Linux x86_64; rv:10.0) Gecko/20150101 Firefox/47.0 (Chrome)", "Accept-Charset": "ISO-8859-1,utf-8;q=0.7,*;q=0.7", "Accept": "text/html,application/xhtml+xml,application/xml;q=0.9,*/*;q=0.8", "Accept-Encoding": "gzip, deflate", "Accept-Language": "en-us,en;q=0.5"}}, {"format_id": "36", "url": "https://r9---sn-4g57kn6r.googlevideo.com/videoplayback?mm=31&mn=sn-4g57kn6r&ei=wNaKWa_-JNuEcar3pegN&ms=au&mt=1502271044&pl=16&mv=m&sparams=clen%2Cdur%2Cei%2Cgir%2Cid%2Cinitcwndbps%2Cip%2Cipbits%2Citag%2Clmt%2Cmime%2Cmm%2Cmn%2Cms%2Cmv%2Cpl%2Crequiressl%2Csource%2Cexpire&gir=yes&expire=1502292768&id=o-AAvaqovq84bKbAl3yiLWyiF6PwrEPPH6r_ydCGKagLXT&clen=14054437&itag=36&initcwndbps=4146250&ipbits=0&dur=494.631&lmt=1427218421619815&key=yt6&ip=131.159.40.117&source=youtube&signature=9CA919761A2F1BA4112A735C12322AF7A6FE2985.AB623B28EA5040CF00697132C81264A52883BA15&mime=video%2F3gpp&requiressl=yes&ratebypass=yes", "player_url": null, "ext": "3gp", "width": 320, "acodec": "mp4a.40.2", "vcodec": "mp4v.20.3", "resolution": "320x214", "height": 214, "format_note": "small", "format": "36 - 320x214 (small)", "protocol": "https", "http_headers": {"User-Agent": "Mozilla/5.0 (X11; Linux x86_64; rv:10.0) Gecko/20150101 Firefox/47.0 (Chrome)", "Accept-Charset": "ISO-8859-1,utf-8;q=0.7,*;q=0.7", "Accept": "text/html,application/xhtml+xml,application/xml;q=0.9,*/*;q=0.8", "Accept-Encoding": "gzip, deflate", "Accept-Language": "en-us,en;q=0.5"}}, {"format_id": "18", "url": "https://r9---sn-4g57kn6r.googlevideo.com/videoplayback?mm=31&mn=sn-4g57kn6r&ei=wNaKWa_-JNuEcar3pegN&ms=au&mt=1502271044&pl=16&mv=m&sparams=clen%2Cdur%2Cei%2Cgir%2Cid%2Cinitcwndbps%2Cip%2Cipbits%2Citag%2Clmt%2Cmime%2Cmm%2Cmn%2Cms%2Cmv%2Cpl%2Cratebypass%2Crequiressl%2Csource%2Cexpire&gir=yes&expire=1502292768&id=o-AAvaqovq84bKbAl3yiLWyiF6PwrEPPH6r_ydCGKagLXT&clen=23699291&itag=18&ratebypass=yes&initcwndbps=4146250&ipbits=0&dur=494.515&lmt=1391439793455871&key=yt6&ip=131.159.40.117&source=youtube&signature=66CE20BA6C44A8E6909478ED1D6743BA7EDDC7FA.4DB7B0C512C814101D86E8C720A02422FB6B5765&mime=video%2Fmp4&requiressl=yes", "player_url": null, "ext": "mp4", "width": 540, "height": 360, "acodec": "mp4a.40.2", "abr": 96, "vcodec": "avc1.42001E", "resolution": "540x360", "format_note": "medium", "format": "18 - 540x360 (medium)", "protocol": "https", "http_headers": {"User-Agent": "Mozilla/5.0 (X11; Linux x86_64; rv:10.0) Gecko/20150101 Firefox/47.0 (Chrome)", "Accept-Charset": "ISO-8859-1,utf-8;q=0.7,*;q=0.7", "Accept": "text/html,application/xhtml+xml,application/xml;q=0.9,*/*;q=0.8", "Accept-Encoding": "gzip, deflate", "Accept-Language": "en-us,en;q=0.5"}}, {"format_id": "43", "url": "https://r9---sn-4g57kn6r.googlevideo.com/videoplayback?mm=31&mn=sn-4g57kn6r&ei=wNaKWa_-JNuEcar3pegN&ms=au&mt=1502271044&pl=16&mv=m&sparams=clen%2Cdur%2Cei%2Cgir%2Cid%2Cinitcwndbps%2Cip%2Cipbits%2Citag%2Clmt%2Cmime%2Cmm%2Cmn%2Cms%2Cmv%2Cpl%2Cratebypass%2Crequiressl%2Csource%2Cexpire&gir=yes&expire=1502292768&id=o-AAvaqovq84bKbAl3yiLWyiF6PwrEPPH6r_ydCGKagLXT&clen=24358471&itag=43&ratebypass=yes&initcwndbps=4146250&ipbits=0&dur=0.000&lmt=1298170593726520&key=yt6&ip=131.159.40.117&source=youtube&signature=54849E682AADBDB4E41B980913F998B48B1A9A87.71A24489264C0EE13934CFA74316E5F95C0C6810&mime=video%2Fwebm&requiressl=yes", "player_url": null, "ext": "webm", "width": 640, "height": 360, "acodec": "vorbis", "abr": 128, "vcodec": "vp8.0", "resolution": "640x360", "format_note": "medium", "format": "43 - 640x360 (medium)", "protocol": "https", "http_headers": {"User-Agent": "Mozilla/5.0 (X11; Linux x86_64; rv:10.0) Gecko/20150101 Firefox/47.0 (Chrome)", "Accept-Charset": "ISO-8859-1,utf-8;q=0.7,*;q=0.7", "Accept": "text/html,application/xhtml+xml,application/xml;q=0.9,*/*;q=0.8", "Accept-Encoding": "gzip, deflate", "Accept-Language": "en-us,en;q=0.5"}}], "is_live": null, "start_time": null, "end_time": null, "series": null, "season_number": null, "episode_number": null, "extractor": "youtube", "webpage_url_basename": "yn5qTgXwcx4", "extractor_key": "Youtube", "playlist": null, "playlist_index": null, "thumbnails": [{"url": "https://i.ytimg.com/vi/yn5qTgXwcx4/hqdefault.jpg", "id": "0"}], "display_id": "yn5qTgXwcx4", "ext": "mp4", "height": 480, "format_note": "DASH video", "vcodec": "avc1.4d401e", "format_id": "135", "url": "https://r9---sn-4g57kn6r.googlevideo.com/videoplayback?id=ca7e6a4e05f0731e&itag=135&source=youtube&requiressl=yes&ms=au&mm=31&mn=sn-4g57kn6r&pl=16&mv=m&ei=wdaKWZbJBpDfcI2LlOgO&initcwndbps=4146250&ratebypass=yes&mime=video/mp4&gir=yes&clen=33486566&lmt=1391439768407675&dur=494.427&mt=1502271044&signature=01A636DC47AAAAD2C5A5622A5A3BE3F0F61501FF.15FA45FCF912555255AEFF0964818FC77E72BB7D&key=dg_yt0&ip=131.159.40.117&ipbits=0&expire=1502292769&sparams=ip,ipbits,expire,id,itag,source,requiressl,ms,mm,mn,pl,mv,ei,initcwndbps,ratebypass,mime,gir,clen,lmt,dur", "manifest_url": "https://manifest.googlevideo.com/api/manifest/dash/expire/1502292769/sparams/as%2Cei%2Chfr%2Cid%2Cinitcwndbps%2Cip%2Cipbits%2Citag%2Cmm%2Cmn%2Cms%2Cmv%2Cpl%2Cplayback_host%2Crequiressl%2Csource%2Cexpire/itag/0/ip/131.159.40.117/source/youtube/ms/au/mm/31/hfr/1/ipbits/0/requiressl/yes/id/ca7e6a4e05f0731e/mt/1502271044/mn/sn-4g57kn6r/pl/16/playback_host/r9---sn-4g57kn6r.googlevideo.com/mv/m/signature/8B22715B61B57CFACD8FD5C5B074A4284094C409.6B03E635C0E478B99022DDD532CDFAF5983253BF/key/yt6/ei/wdaKWZbJBpDfcI2LlOgO/as/fmp4_audio_clear%2Cfmp4_sd_hd_clear/initcwndbps/4146250", "width": 720, "tbr": 716.758, "asr": null, "fps": 30, "language": null, "filesize": 33486566, "acodec": "none", "format": "135 - 720x480 (DASH video)", "protocol": "https", "http_headers": {"User-Agent": "Mozilla/5.0 (X11; Linux x86_64; rv:10.0) Gecko/20150101 Firefox/47.0 (Chrome)", "Accept-Charset": "ISO-8859-1,utf-8;q=0.7,*;q=0.7", "Accept": "text/html,application/xhtml+xml,application/xml;q=0.9,*/*;q=0.8", "Accept-Encoding": "gzip, deflate", "Accept-Language": "en-us,en;q=0.5"}, "fulltitle": "Slendertone Face:Rejuvenecimiento Facial", "_filename": "yn5qTgXwcx4.mp4"}