{"id": "jMQs8dS9mPk", "uploader": "Ng\u01b0\u1eddi Vi\u1ec7t Daily News", "uploader_id": "NguoiVietOnline", "uploader_url": "http://www.youtube.com/user/NguoiVietOnline", "upload_date": "20130304", "license": "Standard YouTube License", "creator": null, "title": "Trung Qu\u1ed1c l\u00e0 th\u1ee7 ph\u1ea1m t\u00e0n s\u00e1t lo\u00e0i voi tr\u00ean th\u1ebf gi\u1edbi", "alt_title": null, "thumbnail": "https://i.ytimg.com/vi/jMQs8dS9mPk/maxresdefault.jpg", "description": "Ng\u01b0\u1eddi Trung Qu\u1ed1c \u0111\u01b0\u1ee3c coi l\u00e0 th\u1ee7 ph\u1ea1m c\u1ee7a c\u00e1c v\u1ee5 t\u00e0n s\u00e1t lo\u00e0i voi, \u0111\u1eb7c bi\u1ec7t l\u00e0 Ch\u00e2u Phi v\u00ec qu\u1ed1c gia n\u00e0y ti\u00eau th\u1ee5 h\u01a1n 50% l\u01b0\u1ee3ng ng\u00e0 voi c\u1ee7a c\u1ea3 th\u1ebf gi\u1edbi.\n\nNg\u00e0 voi bi\u1ec3u hi\u1ec7u cho s\u1ef1 gi\u00e0u sang, m\u00e0 tr\u01b0\u1edbc \u0111\u00e2y ch\u1ec9 c\u00f3 ng\u01b0\u1eddi th\u1eeba ti\u1ec1n c\u1ee7a m\u1edbi mua n\u1ed5i.\n\nNg\u00e0y nay h\u1eb1ng tr\u0103m tri\u1ec7u ng\u01b0\u1eddi Trung Qu\u1ed1c v\u1eeba tr\u1edf n\u00ean gi\u00e0u c\u00f3, khi\u1ebfn nhu c\u1ea7u mua s\u1eafm ng\u00e0 voi c\u00e0ng gia t\u0103ng. Gi\u00e1 ng\u00e0 voi m\u1ed7i k\u00ed l\u00f4 nh\u1ea3y v\u1ecdt l\u00ean 1,000 \u0111\u00f4 la so v\u1edbi 150 \u0111\u00f4 la ch\u1ec9 c\u00e1ch \u0111\u00e2y s\u00e1u n\u0103m.\n\nKh\u00f4ng ri\u00eang g\u00ec ng\u01b0\u1eddi Hoa \u1edf ngay t\u1ea1i l\u1ee5c \u0111\u1ecba, s\u1ef1 hi\u1ec7n di\u1ec7n c\u1ee7a h\u00e0ng tr\u0103m ng\u00e0n ng\u01b0\u1eddi Hoa sinh s\u1ed1ng \u1edf Ch\u00e2u Phi t\u1ea1o n\u00ean c\u01a1 h\u1ed9i b\u00f9ng ph\u00e1t ngh\u1ec1 trung gian mua b\u00e1n ng\u00e0 voi \u0111\u1ec3 tr\u1ee5c l\u1ee3i.\n\nTrong n\u0103m 2011 \u0111\u00e3 c\u00f3 h\u01a1n 150 ng\u01b0\u1eddi Hoa b\u1ecb b\u1eaft \u1edf Phi Ch\u00e2u, v\u00e0 90% s\u1ed1 ng\u00e0 voi b\u1ecb t\u1ecbch thu \u1edf c\u00e1c phi tr\u01b0\u1eddng \u0111\u1ec1u d\u00ednh d\u00e1ng \u0111\u1ebfn v\u1edbi ng\u01b0\u1eddi Hoa.\n\nTrong b\u00e0i di\u1ec5n v\u0103n \u0111\u1ecdc t\u1ea1i Li\u00ean Hi\u1ec7p Qu\u1ed1c, \u0111\u1ea1i di\u1ec7n c\u1ee7a ch\u00ednh ph\u1ee7 Kenya n\u00f3i r\u1eb1ng \"Ng\u01b0\u1eddi d\u00e2n Trung Qu\u1ed1c \u0111\u00e2u c\u00f3 c\u1ea7n \u0111\u1ebfn ng\u00e0 voi, kh\u00f4ng c\u00f3 ng\u00e0 voi h\u1ecd v\u1eabn s\u1ed1ng \u0111\u01b0\u1ee3c. Kenya k\u00eau g\u1ecdi ch\u00ednh ph\u1ee7 Trung Qu\u1ed1c h\u00e3y ng\u0103n c\u1ea5m mua b\u00e1n ng\u00e0 voi, \u0111\u1ed3ng th\u1eddi \u0111\u00f3ng c\u1eeda t\u1ea5t c\u1ea3 th\u1ecb tr\u01b0\u1eddng mua b\u00e1n ng\u00e0 voi \u1edf trong n\u01b0\u1edbc.\n\nV\u1edbi ph\u00e1t bi\u1ec3u n\u00e0y, Kenya tin r\u1eb1ng h\u1ecd g\u1eedi m\u1ed9t th\u00f4ng \u0111i\u1ec7p r\u00f5 r\u00e0ng \u0111\u1ebfn m\u1ecdi ng\u01b0\u1eddi ti\u00eau d\u00f9ng ng\u00e0 voi tr\u00ean kh\u1eafp th\u1ebf gi\u1edbi. Nh\u01b0ng m\u00e3i \u0111\u1ebfn nay, Trung Qu\u1ed1c v\u1eabn ho\u00e0n to\u00e0n im l\u1eb7ng.", "categories": ["News & Politics"], "tags": ["Tin Trong Ng\u00e0y", "Trong", "Viet", "Ng\u00e0y", "Online", "Nguoi", "TV", "Tin"], "subtitles": {}, "automatic_captions": {}, "duration": 460, "age_limit": 0, "annotations": null, "chapters": null, "webpage_url": "https://www.youtube.com/watch?v=jMQs8dS9mPk", "view_count": 11615, "like_count": 14, "dislike_count": 1, "average_rating": 4.73333311081, "formats": [{"ext": "m4a", "format_note": "DASH audio", "acodec": "mp4a.40.5", "abr": 48, "container": "m4a_dash", "format_id": "139", "url": "https://r2---sn-xjpm-q0ns.googlevideo.com/videoplayback?id=8cc42cf1d4bd98f9&itag=139&source=youtube&requiressl=yes&initcwndbps=2513750&mv=m&ms=au&pl=16&mm=31&mn=sn-xjpm-q0ns&ei=-XSKWaWrNsvccuGCseAD&ratebypass=yes&mime=audio/mp4&gir=yes&clen=2734607&lmt=1378179342616556&dur=459.755&mt=1502246023&signature=98B1D71753D762625813666CC9C069E121466AD9.45A2A3B21C165504540D05D39EA15B14E3D4A4F3&key=dg_yt0&ip=131.159.40.117&ipbits=0&expire=1502267738&sparams=ip,ipbits,expire,id,itag,source,requiressl,initcwndbps,mv,ms,pl,mm,mn,ei,ratebypass,mime,gir,clen,lmt,dur", "manifest_url": "https://manifest.googlevideo.com/api/manifest/dash/mt/1502246023/initcwndbps/2513750/mv/m/as/fmp4_audio_clear%2Cfmp4_sd_hd_clear/ms/au/signature/27E2F7846B45799FF257F08C3C6C5FC131161C2E.795BE4F619CEE9CC01FD976EA55EF93C5DC325C4/pl/16/id/8cc42cf1d4bd98f9/expire/1502267738/requiressl/yes/sparams/as%2Cei%2Chfr%2Cid%2Cinitcwndbps%2Cip%2Cipbits%2Citag%2Cmm%2Cmn%2Cms%2Cmv%2Cpl%2Cplayback_host%2Crequiressl%2Csource%2Cexpire/ipbits/0/source/youtube/hfr/1/ip/131.159.40.117/playback_host/r2---sn-xjpm-q0ns.googlevideo.com/mm/31/itag/0/key/yt6/mn/sn-xjpm-q0ns/ei/-XSKWaWrNsvccuGCseAD", "width": null, "height": null, "tbr": 48.73, "asr": 22050, "fps": null, "language": null, "filesize": 2734607, "vcodec": "none", "format": "139 - audio only (DASH audio)", "protocol": "https", "http_headers": {"User-Agent": "Mozilla/5.0 (X11; Linux x86_64; rv:10.0) Gecko/20150101 Firefox/47.0 (Chrome)", "Accept-Charset": "ISO-8859-1,utf-8;q=0.7,*;q=0.7", "Accept": "text/html,application/xhtml+xml,application/xml;q=0.9,*/*;q=0.8", "Accept-Encoding": "gzip, deflate", "Accept-Language": "en-us,en;q=0.5"}}, {"format_id": "249", "url": "https://r2---sn-xjpm-q0ns.googlevideo.com/videoplayback?gir=yes&requiressl=yes&source=youtube&dur=459.641&pl=16&initcwndbps=2513750&itag=249&ipbits=0&lmt=1424821450194908&expire=1502267737&key=yt6&mime=audio%2Fwebm&mn=sn-xjpm-q0ns&mm=31&mv=m&mt=1502246023&signature=32BFF360B7464D4C01FC49F60D58F671B2123783.C6D528523AE390333318CE575183EFB066E52C87&ms=au&sparams=clen%2Cdur%2Cei%2Cgir%2Cid%2Cinitcwndbps%2Cip%2Cipbits%2Citag%2Ckeepalive%2Clmt%2Cmime%2Cmm%2Cmn%2Cms%2Cmv%2Cpl%2Crequiressl%2Csource%2Cexpire&ei=-XSKWdCVF86Dcpn0pZgP&ip=131.159.40.117&clen=2952329&keepalive=yes&id=o-AHGvL-LjekoOTgEY1MEkkxLLRkP-UWo7LZYlwwDM9TWL&ratebypass=yes", "player_url": null, "ext": "webm", "format_note": "DASH audio", "acodec": "opus", "abr": 50, "filesize": 2952329, "tbr": 56.134, "vcodec": "none", "format": "249 - audio only (DASH audio)", "protocol": "https", "http_headers": {"User-Agent": "Mozilla/5.0 (X11; Linux x86_64; rv:10.0) Gecko/20150101 Firefox/47.0 (Chrome)", "Accept-Charset": "ISO-8859-1,utf-8;q=0.7,*;q=0.7", "Accept": "text/html,application/xhtml+xml,application/xml;q=0.9,*/*;q=0.8", "Accept-Encoding": "gzip, deflate", "Accept-Language": "en-us,en;q=0.5"}}, {"format_id": "250", "url": "https://r2---sn-xjpm-q0ns.googlevideo.com/videoplayback?gir=yes&requiressl=yes&source=youtube&dur=459.641&pl=16&initcwndbps=2513750&itag=250&ipbits=0&lmt=1424821447332332&expire=1502267737&key=yt6&mime=audio%2Fwebm&mn=sn-xjpm-q0ns&mm=31&mv=m&mt=1502246023&signature=A0D3F0C1CCDE361BA7AFAF55F9B3184CB38F99BC.D586681F291AD3077197757AF347285045CC9371&ms=au&sparams=clen%2Cdur%2Cei%2Cgir%2Cid%2Cinitcwndbps%2Cip%2Cipbits%2Citag%2Ckeepalive%2Clmt%2Cmime%2Cmm%2Cmn%2Cms%2Cmv%2Cpl%2Crequiressl%2Csource%2Cexpire&ei=-XSKWdCVF86Dcpn0pZgP&ip=131.159.40.117&clen=4088324&keepalive=yes&id=o-AHGvL-LjekoOTgEY1MEkkxLLRkP-UWo7LZYlwwDM9TWL&ratebypass=yes", "player_url": null, "ext": "webm", "format_note": "DASH audio", "acodec": "opus", "abr": 70, "filesize": 4088324, "tbr": 78.781, "vcodec": "none", "format": "250 - audio only (DASH audio)", "protocol": "https", "http_headers": {"User-Agent": "Mozilla/5.0 (X11; Linux x86_64; rv:10.0) Gecko/20150101 Firefox/47.0 (Chrome)", "Accept-Charset": "ISO-8859-1,utf-8;q=0.7,*;q=0.7", "Accept": "text/html,application/xhtml+xml,application/xml;q=0.9,*/*;q=0.8", "Accept-Encoding": "gzip, deflate", "Accept-Language": "en-us,en;q=0.5"}}, {"ext": "m4a", "format_note": "DASH audio", "acodec": "mp4a.40.2", "abr": 128, "container": "m4a_dash", "format_id": "140", "url": "https://r2---sn-xjpm-q0ns.googlevideo.com/videoplayback?id=8cc42cf1d4bd98f9&itag=140&source=youtube&requiressl=yes&initcwndbps=2513750&mv=m&ms=au&pl=16&mm=31&mn=sn-xjpm-q0ns&ei=-XSKWaWrNsvccuGCseAD&ratebypass=yes&mime=audio/mp4&gir=yes&clen=7301352&lmt=1378179345326050&dur=459.685&mt=1502246023&signature=8B33720CF98F6289252C80D1B90875EFD9D5B933.8357245D281C3605109066AD8AB80F51A33CB553&key=dg_yt0&ip=131.159.40.117&ipbits=0&expire=1502267738&sparams=ip,ipbits,expire,id,itag,source,requiressl,initcwndbps,mv,ms,pl,mm,mn,ei,ratebypass,mime,gir,clen,lmt,dur", "manifest_url": "https://manifest.googlevideo.com/api/manifest/dash/mt/1502246023/initcwndbps/2513750/mv/m/as/fmp4_audio_clear%2Cfmp4_sd_hd_clear/ms/au/signature/27E2F7846B45799FF257F08C3C6C5FC131161C2E.795BE4F619CEE9CC01FD976EA55EF93C5DC325C4/pl/16/id/8cc42cf1d4bd98f9/expire/1502267738/requiressl/yes/sparams/as%2Cei%2Chfr%2Cid%2Cinitcwndbps%2Cip%2Cipbits%2Citag%2Cmm%2Cmn%2Cms%2Cmv%2Cpl%2Cplayback_host%2Crequiressl%2Csource%2Cexpire/ipbits/0/source/youtube/hfr/1/ip/131.159.40.117/playback_host/r2---sn-xjpm-q0ns.googlevideo.com/mm/31/itag/0/key/yt6/mn/sn-xjpm-q0ns/ei/-XSKWaWrNsvccuGCseAD", "width": null, "height": null, "tbr": 128.142, "asr": 44100, "fps": null, "language": null, "filesize": 7301352, "vcodec": "none", "format": "140 - audio only (DASH audio)", "protocol": "https", "http_headers": {"User-Agent": "Mozilla/5.0 (X11; Linux x86_64; rv:10.0) Gecko/20150101 Firefox/47.0 (Chrome)", "Accept-Charset": "ISO-8859-1,utf-8;q=0.7,*;q=0.7", "Accept": "text/html,application/xhtml+xml,application/xml;q=0.9,*/*;q=0.8", "Accept-Encoding": "gzip, deflate", "Accept-Language": "en-us,en;q=0.5"}}, {"format_id": "171", "url": "https://r2---sn-xjpm-q0ns.googlevideo.com/videoplayback?gir=yes&requiressl=yes&source=youtube&dur=459.620&pl=16&initcwndbps=2513750&itag=171&ipbits=0&lmt=1424821450460251&expire=1502267737&key=yt6&mime=audio%2Fwebm&mn=sn-xjpm-q0ns&mm=31&mv=m&mt=1502246023&signature=BFA2D247909536BD33E1DBA819FA752523D490E1.1539CA3A875D3E08129EB4D3C623A0ADA2B69CCC&ms=au&sparams=clen%2Cdur%2Cei%2Cgir%2Cid%2Cinitcwndbps%2Cip%2Cipbits%2Citag%2Ckeepalive%2Clmt%2Cmime%2Cmm%2Cmn%2Cms%2Cmv%2Cpl%2Crequiressl%2Csource%2Cexpire&ei=-XSKWdCVF86Dcpn0pZgP&ip=131.159.40.117&clen=6429684&keepalive=yes&id=o-AHGvL-LjekoOTgEY1MEkkxLLRkP-UWo7LZYlwwDM9TWL&ratebypass=yes", "player_url": null, "ext": "webm", "acodec": "vorbis", "format_note": "DASH audio", "abr": 128, "filesize": 6429684, "tbr": 147.956, "vcodec": "none", "format": "171 - audio only (DASH audio)", "protocol": "https", "http_headers": {"User-Agent": "Mozilla/5.0 (X11; Linux x86_64; rv:10.0) Gecko/20150101 Firefox/47.0 (Chrome)", "Accept-Charset": "ISO-8859-1,utf-8;q=0.7,*;q=0.7", "Accept": "text/html,application/xhtml+xml,application/xml;q=0.9,*/*;q=0.8", "Accept-Encoding": "gzip, deflate", "Accept-Language": "en-us,en;q=0.5"}}, {"format_id": "251", "url": "https://r2---sn-xjpm-q0ns.googlevideo.com/videoplayback?gir=yes&requiressl=yes&source=youtube&dur=459.641&pl=16&initcwndbps=2513750&itag=251&ipbits=0&lmt=1424821449473984&expire=1502267737&key=yt6&mime=audio%2Fwebm&mn=sn-xjpm-q0ns&mm=31&mv=m&mt=1502246023&signature=C995382A653D9429406D79CAA69D1D3FE2173BBF.DC79EBBD4841170D9CFD6638BCC96E516A0BFB36&ms=au&sparams=clen%2Cdur%2Cei%2Cgir%2Cid%2Cinitcwndbps%2Cip%2Cipbits%2Citag%2Ckeepalive%2Clmt%2Cmime%2Cmm%2Cmn%2Cms%2Cmv%2Cpl%2Crequiressl%2Csource%2Cexpire&ei=-XSKWdCVF86Dcpn0pZgP&ip=131.159.40.117&clen=9311870&keepalive=yes&id=o-AHGvL-LjekoOTgEY1MEkkxLLRkP-UWo7LZYlwwDM9TWL&ratebypass=yes", "player_url": null, "ext": "webm", "format_note": "DASH audio", "acodec": "opus", "abr": 160, "filesize": 9311870, "tbr": 188.809, "vcodec": "none", "format": "251 - audio only (DASH audio)", "protocol": "https", "http_headers": {"User-Agent": "Mozilla/5.0 (X11; Linux x86_64; rv:10.0) Gecko/20150101 Firefox/47.0 (Chrome)", "Accept-Charset": "ISO-8859-1,utf-8;q=0.7,*;q=0.7", "Accept": "text/html,application/xhtml+xml,application/xml;q=0.9,*/*;q=0.8", "Accept-Encoding": "gzip, deflate", "Accept-Language": "en-us,en;q=0.5"}}, {"ext": "mp4", "height": 144, "format_note": "DASH video", "vcodec": "avc1.42c00c", "format_id": "160", "url": "https://r2---sn-xjpm-q0ns.googlevideo.com/videoplayback?id=8cc42cf1d4bd98f9&itag=160&source=youtube&requiressl=yes&initcwndbps=2513750&mv=m&ms=au&pl=16&mm=31&mn=sn-xjpm-q0ns&ei=-XSKWaWrNsvccuGCseAD&ratebypass=yes&mime=video/mp4&gir=yes&clen=5972493&lmt=1378179360844750&dur=459.600&mt=1502246023&signature=2D701F48E9353AAA3E41C96938C4C87D84F4AF98.38E4717EC5C497661E1FFE4C05E7FA9D35722931&key=dg_yt0&ip=131.159.40.117&ipbits=0&expire=1502267738&sparams=ip,ipbits,expire,id,itag,source,requiressl,initcwndbps,mv,ms,pl,mm,mn,ei,ratebypass,mime,gir,clen,lmt,dur", "manifest_url": "https://manifest.googlevideo.com/api/manifest/dash/mt/1502246023/initcwndbps/2513750/mv/m/as/fmp4_audio_clear%2Cfmp4_sd_hd_clear/ms/au/signature/27E2F7846B45799FF257F08C3C6C5FC131161C2E.795BE4F619CEE9CC01FD976EA55EF93C5DC325C4/pl/16/id/8cc42cf1d4bd98f9/expire/1502267738/requiressl/yes/sparams/as%2Cei%2Chfr%2Cid%2Cinitcwndbps%2Cip%2Cipbits%2Citag%2Cmm%2Cmn%2Cms%2Cmv%2Cpl%2Cplayback_host%2Crequiressl%2Csource%2Cexpire/ipbits/0/source/youtube/hfr/1/ip/131.159.40.117/playback_host/r2---sn-xjpm-q0ns.googlevideo.com/mm/31/itag/0/key/yt6/mn/sn-xjpm-q0ns/ei/-XSKWaWrNsvccuGCseAD", "width": 256, "tbr": 114.164, "asr": null, "fps": 15, "language": null, "filesize": 5972493, "acodec": "none", "format": "160 - 256x144 (DASH video)", "protocol": "https", "http_headers": {"User-Agent": "Mozilla/5.0 (X11; Linux x86_64; rv:10.0) Gecko/20150101 Firefox/47.0 (Chrome)", "Accept-Charset": "ISO-8859-1,utf-8;q=0.7,*;q=0.7", "Accept": "text/html,application/xhtml+xml,application/xml;q=0.9,*/*;q=0.8", "Accept-Encoding": "gzip, deflate", "Accept-Language": "en-us,en;q=0.5"}}, {"format_id": "278", "url": "https://r2---sn-xjpm-q0ns.googlevideo.com/videoplayback?gir=yes&requiressl=yes&source=youtube&dur=459.600&pl=16&initcwndbps=2513750&itag=278&ipbits=0&lmt=1424821625946386&expire=1502267737&key=yt6&mime=video%2Fwebm&mn=sn-xjpm-q0ns&mm=31&mv=m&mt=1502246023&signature=831B2CF0AF1544BD5475BE4E9DAE7220B8290951.667DBC26CCEA8D21C1FE0959638E871D1F61C636&ms=au&sparams=clen%2Cdur%2Cei%2Cgir%2Cid%2Cinitcwndbps%2Cip%2Cipbits%2Citag%2Ckeepalive%2Clmt%2Cmime%2Cmm%2Cmn%2Cms%2Cmv%2Cpl%2Crequiressl%2Csource%2Cexpire&ei=-XSKWdCVF86Dcpn0pZgP&ip=131.159.40.117&clen=5355147&keepalive=yes&id=o-AHGvL-LjekoOTgEY1MEkkxLLRkP-UWo7LZYlwwDM9TWL&ratebypass=yes", "player_url": null, "ext": "webm", "height": 144, "format_note": "144p", "container": "webm", "vcodec": "vp9", "filesize": 5355147, "tbr": 168.26, "width": 256, "fps": 15, "acodec": "none", "format": "278 - 256x144 (144p)", "protocol": "https", "http_headers": {"User-Agent": "Mozilla/5.0 (X11; Linux x86_64; rv:10.0) Gecko/20150101 Firefox/47.0 (Chrome)", "Accept-Charset": "ISO-8859-1,utf-8;q=0.7,*;q=0.7", "Accept": "text/html,application/xhtml+xml,application/xml;q=0.9,*/*;q=0.8", "Accept-Encoding": "gzip, deflate", "Accept-Language": "en-us,en;q=0.5"}}, {"ext": "mp4", "height": 240, "format_note": "DASH video", "vcodec": "avc1.4d4015", "format_id": "133", "url": "https://r2---sn-xjpm-q0ns.googlevideo.com/videoplayback?id=8cc42cf1d4bd98f9&itag=133&source=youtube&requiressl=yes&initcwndbps=2513750&mv=m&ms=au&pl=16&mm=31&mn=sn-xjpm-q0ns&ei=-XSKWaWrNsvccuGCseAD&ratebypass=yes&mime=video/mp4&gir=yes&clen=13936059&lmt=1378179436983107&dur=459.600&mt=1502246023&signature=6338FA34B206F1B802C92AEAE4C8FE501675784D.2830C3240A917E3DB3B83657DD26E2C0A2F5B970&key=dg_yt0&ip=131.159.40.117&ipbits=0&expire=1502267738&sparams=ip,ipbits,expire,id,itag,source,requiressl,initcwndbps,mv,ms,pl,mm,mn,ei,ratebypass,mime,gir,clen,lmt,dur", "manifest_url": "https://manifest.googlevideo.com/api/manifest/dash/mt/1502246023/initcwndbps/2513750/mv/m/as/fmp4_audio_clear%2Cfmp4_sd_hd_clear/ms/au/signature/27E2F7846B45799FF257F08C3C6C5FC131161C2E.795BE4F619CEE9CC01FD976EA55EF93C5DC325C4/pl/16/id/8cc42cf1d4bd98f9/expire/1502267738/requiressl/yes/sparams/as%2Cei%2Chfr%2Cid%2Cinitcwndbps%2Cip%2Cipbits%2Citag%2Cmm%2Cmn%2Cms%2Cmv%2Cpl%2Cplayback_host%2Crequiressl%2Csource%2Cexpire/ipbits/0/source/youtube/hfr/1/ip/131.159.40.117/playback_host/r2---sn-xjpm-q0ns.googlevideo.com/mm/31/itag/0/key/yt6/mn/sn-xjpm-q0ns/ei/-XSKWaWrNsvccuGCseAD", "width": 426, "tbr": 249.79, "asr": null, "fps": 30, "language": null, "filesize": 13936059, "acodec": "none", "format": "133 - 426x240 (DASH video)", "protocol": "https", "http_headers": {"User-Agent": "Mozilla/5.0 (X11; Linux x86_64; rv:10.0) Gecko/20150101 Firefox/47.0 (Chrome)", "Accept-Charset": "ISO-8859-1,utf-8;q=0.7,*;q=0.7", "Accept": "text/html,application/xhtml+xml,application/xml;q=0.9,*/*;q=0.8", "Accept-Encoding": "gzip, deflate", "Accept-Language": "en-us,en;q=0.5"}}, {"format_id": "242", "url": "https://r2---sn-xjpm-q0ns.googlevideo.com/videoplayback?gir=yes&requiressl=yes&source=youtube&dur=459.600&pl=16&initcwndbps=2513750&itag=242&ipbits=0&lmt=1424821623650978&expire=1502267737&key=yt6&mime=video%2Fwebm&mn=sn-xjpm-q0ns&mm=31&mv=m&mt=1502246023&signature=23619543924444C0F2CD08BA957E512839BEBA01.7AF8E936AD13FD11459AAA33C56DAEEEB648E7C3&ms=au&sparams=clen%2Cdur%2Cei%2Cgir%2Cid%2Cinitcwndbps%2Cip%2Cipbits%2Citag%2Ckeepalive%2Clmt%2Cmime%2Cmm%2Cmn%2Cms%2Cmv%2Cpl%2Crequiressl%2Csource%2Cexpire&ei=-XSKWdCVF86Dcpn0pZgP&ip=131.159.40.117&clen=7107905&keepalive=yes&id=o-AHGvL-LjekoOTgEY1MEkkxLLRkP-UWo7LZYlwwDM9TWL&ratebypass=yes", "player_url": null, "ext": "webm", "height": 240, "format_note": "240p", "vcodec": "vp9", "filesize": 7107905, "tbr": 268.916, "width": 426, "fps": 30, "acodec": "none", "format": "242 - 426x240 (240p)", "protocol": "https", "http_headers": {"User-Agent": "Mozilla/5.0 (X11; Linux x86_64; rv:10.0) Gecko/20150101 Firefox/47.0 (Chrome)", "Accept-Charset": "ISO-8859-1,utf-8;q=0.7,*;q=0.7", "Accept": "text/html,application/xhtml+xml,application/xml;q=0.9,*/*;q=0.8", "Accept-Encoding": "gzip, deflate", "Accept-Language": "en-us,en;q=0.5"}}, {"format_id": "243", "url": "https://r2---sn-xjpm-q0ns.googlevideo.com/videoplayback?gir=yes&requiressl=yes&source=youtube&dur=459.600&pl=16&initcwndbps=2513750&itag=243&ipbits=0&lmt=1424821777978305&expire=1502267737&key=yt6&mime=video%2Fwebm&mn=sn-xjpm-q0ns&mm=31&mv=m&mt=1502246023&signature=30448C98198AA309FC1C6C2F252D4EC3C9DA41D3.AC51946389AF78C917A245498DF8E6B5A819D174&ms=au&sparams=clen%2Cdur%2Cei%2Cgir%2Cid%2Cinitcwndbps%2Cip%2Cipbits%2Citag%2Ckeepalive%2Clmt%2Cmime%2Cmm%2Cmn%2Cms%2Cmv%2Cpl%2Crequiressl%2Csource%2Cexpire&ei=-XSKWdCVF86Dcpn0pZgP&ip=131.159.40.117&clen=12691862&keepalive=yes&id=o-AHGvL-LjekoOTgEY1MEkkxLLRkP-UWo7LZYlwwDM9TWL&ratebypass=yes", "player_url": null, "ext": "webm", "height": 360, "format_note": "360p", "vcodec": "vp9", "filesize": 12691862, "tbr": 491.155, "width": 640, "fps": 30, "acodec": "none", "format": "243 - 640x360 (360p)", "protocol": "https", "http_headers": {"User-Agent": "Mozilla/5.0 (X11; Linux x86_64; rv:10.0) Gecko/20150101 Firefox/47.0 (Chrome)", "Accept-Charset": "ISO-8859-1,utf-8;q=0.7,*;q=0.7", "Accept": "text/html,application/xhtml+xml,application/xml;q=0.9,*/*;q=0.8", "Accept-Encoding": "gzip, deflate", "Accept-Language": "en-us,en;q=0.5"}}, {"ext": "mp4", "height": 360, "format_note": "DASH video", "vcodec": "avc1.4d401e", "format_id": "134", "url": "https://r2---sn-xjpm-q0ns.googlevideo.com/videoplayback?id=8cc42cf1d4bd98f9&itag=134&source=youtube&requiressl=yes&initcwndbps=2513750&mv=m&ms=au&pl=16&mm=31&mn=sn-xjpm-q0ns&ei=-XSKWaWrNsvccuGCseAD&ratebypass=yes&mime=video/mp4&gir=yes&clen=20173948&lmt=1378179640979483&dur=459.600&mt=1502246023&signature=5CF1AC22C2E787E8835D3590AA0D97884D7C5551.45A732AF12B9201D4FBD05AAC6CA8683CB135575&key=dg_yt0&ip=131.159.40.117&ipbits=0&expire=1502267738&sparams=ip,ipbits,expire,id,itag,source,requiressl,initcwndbps,mv,ms,pl,mm,mn,ei,ratebypass,mime,gir,clen,lmt,dur", "manifest_url": "https://manifest.googlevideo.com/api/manifest/dash/mt/1502246023/initcwndbps/2513750/mv/m/as/fmp4_audio_clear%2Cfmp4_sd_hd_clear/ms/au/signature/27E2F7846B45799FF257F08C3C6C5FC131161C2E.795BE4F619CEE9CC01FD976EA55EF93C5DC325C4/pl/16/id/8cc42cf1d4bd98f9/expire/1502267738/requiressl/yes/sparams/as%2Cei%2Chfr%2Cid%2Cinitcwndbps%2Cip%2Cipbits%2Citag%2Cmm%2Cmn%2Cms%2Cmv%2Cpl%2Cplayback_host%2Crequiressl%2Csource%2Cexpire/ipbits/0/source/youtube/hfr/1/ip/131.159.40.117/playback_host/r2---sn-xjpm-q0ns.googlevideo.com/mm/31/itag/0/key/yt6/mn/sn-xjpm-q0ns/ei/-XSKWaWrNsvccuGCseAD", "width": 640, "tbr": 605.947, "asr": null, "fps": 30, "language": null, "filesize": 20173948, "acodec": "none", "format": "134 - 640x360 (DASH video)", "protocol": "https", "http_headers": {"User-Agent": "Mozilla/5.0 (X11; Linux x86_64; rv:10.0) Gecko/20150101 Firefox/47.0 (Chrome)", "Accept-Charset": "ISO-8859-1,utf-8;q=0.7,*;q=0.7", "Accept": "text/html,application/xhtml+xml,application/xml;q=0.9,*/*;q=0.8", "Accept-Encoding": "gzip, deflate", "Accept-Language": "en-us,en;q=0.5"}}, {"format_id": "244", "url": "https://r2---sn-xjpm-q0ns.googlevideo.com/videoplayback?gir=yes&requiressl=yes&source=youtube&dur=459.600&pl=16&initcwndbps=2513750&itag=244&ipbits=0&lmt=1424821820095433&expire=1502267737&key=yt6&mime=video%2Fwebm&mn=sn-xjpm-q0ns&mm=31&mv=m&mt=1502246023&signature=E0390CCFA22BA23100C5ECC7DEE634252295655B.8C034442E87E775FDAD9BEB814DF6D67F753EBAA&ms=au&sparams=clen%2Cdur%2Cei%2Cgir%2Cid%2Cinitcwndbps%2Cip%2Cipbits%2Citag%2Ckeepalive%2Clmt%2Cmime%2Cmm%2Cmn%2Cms%2Cmv%2Cpl%2Crequiressl%2Csource%2Cexpire&ei=-XSKWdCVF86Dcpn0pZgP&ip=131.159.40.117&clen=21242310&keepalive=yes&id=o-AHGvL-LjekoOTgEY1MEkkxLLRkP-UWo7LZYlwwDM9TWL&ratebypass=yes", "player_url": null, "ext": "webm", "height": 480, "format_note": "480p", "vcodec": "vp9", "filesize": 21242310, "tbr": 890.161, "width": 854, "fps": 30, "acodec": "none", "format": "244 - 854x480 (480p)", "protocol": "https", "http_headers": {"User-Agent": "Mozilla/5.0 (X11; Linux x86_64; rv:10.0) Gecko/20150101 Firefox/47.0 (Chrome)", "Accept-Charset": "ISO-8859-1,utf-8;q=0.7,*;q=0.7", "Accept": "text/html,application/xhtml+xml,application/xml;q=0.9,*/*;q=0.8", "Accept-Encoding": "gzip, deflate", "Accept-Language": "en-us,en;q=0.5"}}, {"ext": "mp4", "height": 480, "format_note": "DASH video", "vcodec": "avc1.4d401f", "format_id": "135", "url": "https://r2---sn-xjpm-q0ns.googlevideo.com/videoplayback?id=8cc42cf1d4bd98f9&itag=135&source=youtube&requiressl=yes&initcwndbps=2513750&mv=m&ms=au&pl=16&mm=31&mn=sn-xjpm-q0ns&ei=-XSKWaWrNsvccuGCseAD&ratebypass=yes&mime=video/mp4&gir=yes&clen=41302966&lmt=1378179387583107&dur=459.600&mt=1502246023&signature=4D2611A85A4829EA898342FEA0DF2A00563F2620.385F6B65A83674DF4FD4BBEF310597BE85E336A4&key=dg_yt0&ip=131.159.40.117&ipbits=0&expire=1502267738&sparams=ip,ipbits,expire,id,itag,source,requiressl,initcwndbps,mv,ms,pl,mm,mn,ei,ratebypass,mime,gir,clen,lmt,dur", "manifest_url": "https://manifest.googlevideo.com/api/manifest/dash/mt/1502246023/initcwndbps/2513750/mv/m/as/fmp4_audio_clear%2Cfmp4_sd_hd_clear/ms/au/signature/27E2F7846B45799FF257F08C3C6C5FC131161C2E.795BE4F619CEE9CC01FD976EA55EF93C5DC325C4/pl/16/id/8cc42cf1d4bd98f9/expire/1502267738/requiressl/yes/sparams/as%2Cei%2Chfr%2Cid%2Cinitcwndbps%2Cip%2Cipbits%2Citag%2Cmm%2Cmn%2Cms%2Cmv%2Cpl%2Cplayback_host%2Crequiressl%2Csource%2Cexpire/ipbits/0/source/youtube/hfr/1/ip/131.159.40.117/playback_host/r2---sn-xjpm-q0ns.googlevideo.com/mm/31/itag/0/key/yt6/mn/sn-xjpm-q0ns/ei/-XSKWaWrNsvccuGCseAD", "width": 854, "tbr": 1107.696, "asr": null, "fps": 30, "language": null, "filesize": 41302966, "acodec": "none", "format": "135 - 854x480 (DASH video)", "protocol": "https", "http_headers": {"User-Agent": "Mozilla/5.0 (X11; Linux x86_64; rv:10.0) Gecko/20150101 Firefox/47.0 (Chrome)", "Accept-Charset": "ISO-8859-1,utf-8;q=0.7,*;q=0.7", "Accept": "text/html,application/xhtml+xml,application/xml;q=0.9,*/*;q=0.8", "Accept-Encoding": "gzip, deflate", "Accept-Language": "en-us,en;q=0.5"}}, {"format_id": "247", "url": "https://r2---sn-xjpm-q0ns.googlevideo.com/videoplayback?gir=yes&requiressl=yes&source=youtube&dur=459.600&pl=16&initcwndbps=2513750&itag=247&ipbits=0&lmt=1424821854349786&expire=1502267737&key=yt6&mime=video%2Fwebm&mn=sn-xjpm-q0ns&mm=31&mv=m&mt=1502246023&signature=C53EBB5682DB6F3817DF45E370D107308AC4115E.03AADEA349A3C192F8CB2BA355D9EFBECB19B2FB&ms=au&sparams=clen%2Cdur%2Cei%2Cgir%2Cid%2Cinitcwndbps%2Cip%2Cipbits%2Citag%2Ckeepalive%2Clmt%2Cmime%2Cmm%2Cmn%2Cms%2Cmv%2Cpl%2Crequiressl%2Csource%2Cexpire&ei=-XSKWdCVF86Dcpn0pZgP&ip=131.159.40.117&clen=44521637&keepalive=yes&id=o-AHGvL-LjekoOTgEY1MEkkxLLRkP-UWo7LZYlwwDM9TWL&ratebypass=yes", "player_url": null, "ext": "webm", "height": 720, "format_note": "720p", "vcodec": "vp9", "filesize": 44521637, "tbr": 1462.699, "width": 1280, "fps": 30, "acodec": "none", "format": "247 - 1280x720 (720p)", "protocol": "https", "http_headers": {"User-Agent": "Mozilla/5.0 (X11; Linux x86_64; rv:10.0) Gecko/20150101 Firefox/47.0 (Chrome)", "Accept-Charset": "ISO-8859-1,utf-8;q=0.7,*;q=0.7", "Accept": "text/html,application/xhtml+xml,application/xml;q=0.9,*/*;q=0.8", "Accept-Encoding": "gzip, deflate", "Accept-Language": "en-us,en;q=0.5"}}, {"ext": "mp4", "height": 720, "format_note": "DASH video", "vcodec": "avc1.4d401f", "format_id": "136", "url": "https://r2---sn-xjpm-q0ns.googlevideo.com/videoplayback?id=8cc42cf1d4bd98f9&itag=136&source=youtube&requiressl=yes&initcwndbps=2513750&mv=m&ms=au&pl=16&mm=31&mn=sn-xjpm-q0ns&ei=-XSKWaWrNsvccuGCseAD&ratebypass=yes&mime=video/mp4&gir=yes&clen=83927293&lmt=1378179536284063&dur=459.600&mt=1502246023&signature=48A59D24AEC470DE921D9264EAE5AAA919BE50C1.62750A6AC3A4D4C68A089ACB3C3B26BA06FE0782&key=dg_yt0&ip=131.159.40.117&ipbits=0&expire=1502267738&sparams=ip,ipbits,expire,id,itag,source,requiressl,initcwndbps,mv,ms,pl,mm,mn,ei,ratebypass,mime,gir,clen,lmt,dur", "manifest_url": "https://manifest.googlevideo.com/api/manifest/dash/mt/1502246023/initcwndbps/2513750/mv/m/as/fmp4_audio_clear%2Cfmp4_sd_hd_clear/ms/au/signature/27E2F7846B45799FF257F08C3C6C5FC131161C2E.795BE4F619CEE9CC01FD976EA55EF93C5DC325C4/pl/16/id/8cc42cf1d4bd98f9/expire/1502267738/requiressl/yes/sparams/as%2Cei%2Chfr%2Cid%2Cinitcwndbps%2Cip%2Cipbits%2Citag%2Cmm%2Cmn%2Cms%2Cmv%2Cpl%2Cplayback_host%2Crequiressl%2Csource%2Cexpire/ipbits/0/source/youtube/hfr/1/ip/131.159.40.117/playback_host/r2---sn-xjpm-q0ns.googlevideo.com/mm/31/itag/0/key/yt6/mn/sn-xjpm-q0ns/ei/-XSKWaWrNsvccuGCseAD", "width": 1280, "tbr": 2212.416, "asr": null, "fps": 30, "language": null, "filesize": 83927293, "acodec": "none", "format": "136 - 1280x720 (DASH video)", "protocol": "https", "http_headers": {"User-Agent": "Mozilla/5.0 (X11; Linux x86_64; rv:10.0) Gecko/20150101 Firefox/47.0 (Chrome)", "Accept-Charset": "ISO-8859-1,utf-8;q=0.7,*;q=0.7", "Accept": "text/html,application/xhtml+xml,application/xml;q=0.9,*/*;q=0.8", "Accept-Encoding": "gzip, deflate", "Accept-Language": "en-us,en;q=0.5"}}, {"format_id": "17", "url": "https://r2---sn-xjpm-q0ns.googlevideo.com/videoplayback?gir=yes&requiressl=yes&source=youtube&dur=459.894&pl=16&initcwndbps=2513750&itag=17&ipbits=0&lmt=1362450565031637&expire=1502267737&key=yt6&mime=video%2F3gpp&mn=sn-xjpm-q0ns&mm=31&mv=m&mt=1502246023&signature=6EADC47BA5F6FB0FBE02606ADDE340D693B91FE5.245BAACED80A61E3E1F86C8C8FB1A2A6FC5F1185&ms=au&sparams=clen%2Cdur%2Cei%2Cgir%2Cid%2Cinitcwndbps%2Cip%2Cipbits%2Citag%2Clmt%2Cmime%2Cmm%2Cmn%2Cms%2Cmv%2Cpl%2Crequiressl%2Csource%2Cexpire&ei=-XSKWdCVF86Dcpn0pZgP&ip=131.159.40.117&clen=4700246&id=o-AHGvL-LjekoOTgEY1MEkkxLLRkP-UWo7LZYlwwDM9TWL&ratebypass=yes", "player_url": null, "ext": "3gp", "width": 176, "height": 144, "acodec": "mp4a.40.2", "abr": 24, "vcodec": "mp4v.20.3", "resolution": "176x144", "format_note": "small", "format": "17 - 176x144 (small)", "protocol": "https", "http_headers": {"User-Agent": "Mozilla/5.0 (X11; Linux x86_64; rv:10.0) Gecko/20150101 Firefox/47.0 (Chrome)", "Accept-Charset": "ISO-8859-1,utf-8;q=0.7,*;q=0.7", "Accept": "text/html,application/xhtml+xml,application/xml;q=0.9,*/*;q=0.8", "Accept-Encoding": "gzip, deflate", "Accept-Language": "en-us,en;q=0.5"}}, {"format_id": "36", "url": "https://r2---sn-xjpm-q0ns.googlevideo.com/videoplayback?gir=yes&requiressl=yes&source=youtube&dur=459.894&pl=16&initcwndbps=2513750&itag=36&ipbits=0&lmt=1362450627492482&expire=1502267737&key=yt6&mime=video%2F3gpp&mn=sn-xjpm-q0ns&mm=31&mv=m&mt=1502246023&signature=BF45C6CC04FDDB1867A04AD35FB8FA7FECC90455.82DE9C64DB0B1FE4460FCCA68F34028BF1DF2799&ms=au&sparams=clen%2Cdur%2Cei%2Cgir%2Cid%2Cinitcwndbps%2Cip%2Cipbits%2Citag%2Clmt%2Cmime%2Cmm%2Cmn%2Cms%2Cmv%2Cpl%2Crequiressl%2Csource%2Cexpire&ei=-XSKWdCVF86Dcpn0pZgP&ip=131.159.40.117&clen=13032338&id=o-AHGvL-LjekoOTgEY1MEkkxLLRkP-UWo7LZYlwwDM9TWL&ratebypass=yes", "player_url": null, "ext": "3gp", "width": 320, "acodec": "mp4a.40.2", "vcodec": "mp4v.20.3", "resolution": "320x180", "height": 180, "format_note": "small", "format": "36 - 320x180 (small)", "protocol": "https", "http_headers": {"User-Agent": "Mozilla/5.0 (X11; Linux x86_64; rv:10.0) Gecko/20150101 Firefox/47.0 (Chrome)", "Accept-Charset": "ISO-8859-1,utf-8;q=0.7,*;q=0.7", "Accept": "text/html,application/xhtml+xml,application/xml;q=0.9,*/*;q=0.8", "Accept-Encoding": "gzip, deflate", "Accept-Language": "en-us,en;q=0.5"}}, {"format_id": "43", "url": "https://r2---sn-xjpm-q0ns.googlevideo.com/videoplayback?gir=yes&requiressl=yes&source=youtube&ratebypass=yes&dur=0.000&pl=16&initcwndbps=2513750&itag=43&ipbits=0&lmt=1362457953855598&expire=1502267737&key=yt6&mime=video%2Fwebm&mn=sn-xjpm-q0ns&mm=31&mv=m&mt=1502246023&signature=DFF3EA4698822556352F007430F130028C578C48.B3CE6AEAA68AC8B2CCEEADFE4D8F8EE8C0D22AAE&ms=au&sparams=clen%2Cdur%2Cei%2Cgir%2Cid%2Cinitcwndbps%2Cip%2Cipbits%2Citag%2Clmt%2Cmime%2Cmm%2Cmn%2Cms%2Cmv%2Cpl%2Cratebypass%2Crequiressl%2Csource%2Cexpire&ei=-XSKWdCVF86Dcpn0pZgP&ip=131.159.40.117&clen=32605205&id=o-AHGvL-LjekoOTgEY1MEkkxLLRkP-UWo7LZYlwwDM9TWL", "player_url": null, "ext": "webm", "width": 640, "height": 360, "acodec": "vorbis", "abr": 128, "vcodec": "vp8.0", "resolution": "640x360", "format_note": "medium", "format": "43 - 640x360 (medium)", "protocol": "https", "http_headers": {"User-Agent": "Mozilla/5.0 (X11; Linux x86_64; rv:10.0) Gecko/20150101 Firefox/47.0 (Chrome)", "Accept-Charset": "ISO-8859-1,utf-8;q=0.7,*;q=0.7", "Accept": "text/html,application/xhtml+xml,application/xml;q=0.9,*/*;q=0.8", "Accept-Encoding": "gzip, deflate", "Accept-Language": "en-us,en;q=0.5"}}, {"format_id": "18", "url": "https://r2---sn-xjpm-q0ns.googlevideo.com/videoplayback?gir=yes&requiressl=yes&source=youtube&ratebypass=yes&dur=459.824&pl=16&initcwndbps=2513750&itag=18&ipbits=0&lmt=1362450498384181&expire=1502267737&key=yt6&mime=video%2Fmp4&mn=sn-xjpm-q0ns&mm=31&mv=m&mt=1502246023&signature=332E41A17DC6A250043883FABE776EF3AF1812E6.5BC426D7F0475D1FC9EE168133D617CF05A928E7&ms=au&sparams=clen%2Cdur%2Cei%2Cgir%2Cid%2Cinitcwndbps%2Cip%2Cipbits%2Citag%2Clmt%2Cmime%2Cmm%2Cmn%2Cms%2Cmv%2Cpl%2Cratebypass%2Crequiressl%2Csource%2Cexpire&ei=-XSKWdCVF86Dcpn0pZgP&ip=131.159.40.117&clen=29746311&id=o-AHGvL-LjekoOTgEY1MEkkxLLRkP-UWo7LZYlwwDM9TWL", "player_url": null, "ext": "mp4", "width": 640, "height": 360, "acodec": "mp4a.40.2", "abr": 96, "vcodec": "avc1.42001E", "resolution": "640x360", "format_note": "medium", "format": "18 - 640x360 (medium)", "protocol": "https", "http_headers": {"User-Agent": "Mozilla/5.0 (X11; Linux x86_64; rv:10.0) Gecko/20150101 Firefox/47.0 (Chrome)", "Accept-Charset": "ISO-8859-1,utf-8;q=0.7,*;q=0.7", "Accept": "text/html,application/xhtml+xml,application/xml;q=0.9,*/*;q=0.8", "Accept-Encoding": "gzip, deflate", "Accept-Language": "en-us,en;q=0.5"}}, {"format_id": "22", "url": "https://r2---sn-xjpm-q0ns.googlevideo.com/videoplayback?mn=sn-xjpm-q0ns&mm=31&mv=m&source=youtube&ratebypass=yes&signature=B3E095B77E732C8A279AC3CA43FBFB3749A73B44.13E255874AE5F8237DD501FFE517E34EDA98BD5D&ms=au&dur=459.824&pl=16&initcwndbps=2513750&sparams=dur%2Cei%2Cid%2Cinitcwndbps%2Cip%2Cipbits%2Citag%2Clmt%2Cmime%2Cmm%2Cmn%2Cms%2Cmv%2Cpl%2Cratebypass%2Crequiressl%2Csource%2Cexpire&itag=22&ei=-XSKWdCVF86Dcpn0pZgP&ip=131.159.40.117&mt=1502246023&lmt=1362450545387261&expire=1502267737&requiressl=yes&key=yt6&mime=video%2Fmp4&ipbits=0&id=o-AHGvL-LjekoOTgEY1MEkkxLLRkP-UWo7LZYlwwDM9TWL", "player_url": null, "ext": "mp4", "width": 1280, "height": 720, "acodec": "mp4a.40.2", "abr": 192, "vcodec": "avc1.64001F", "resolution": "1280x720", "format_note": "hd720", "format": "22 - 1280x720 (hd720)", "protocol": "https", "http_headers": {"User-Agent": "Mozilla/5.0 (X11; Linux x86_64; rv:10.0) Gecko/20150101 Firefox/47.0 (Chrome)", "Accept-Charset": "ISO-8859-1,utf-8;q=0.7,*;q=0.7", "Accept": "text/html,application/xhtml+xml,application/xml;q=0.9,*/*;q=0.8", "Accept-Encoding": "gzip, deflate", "Accept-Language": "en-us,en;q=0.5"}}], "is_live": null, "start_time": null, "end_time": null, "series": null, "season_number": null, "episode_number": null, "extractor": "youtube", "webpage_url_basename": "jMQs8dS9mPk", "extractor_key": "Youtube", "playlist": null, "playlist_index": null, "thumbnails": [{"url": "https://i.ytimg.com/vi/jMQs8dS9mPk/maxresdefault.jpg", "id": "0"}], "display_id": "jMQs8dS9mPk", "ext": "mp4", "height": 720, "format_note": "DASH video", "vcodec": "avc1.4d401f", "format_id": "136", "url": "https://r2---sn-xjpm-q0ns.googlevideo.com/videoplayback?id=8cc42cf1d4bd98f9&itag=136&source=youtube&requiressl=yes&initcwndbps=2513750&mv=m&ms=au&pl=16&mm=31&mn=sn-xjpm-q0ns&ei=-XSKWaWrNsvccuGCseAD&ratebypass=yes&mime=video/mp4&gir=yes&clen=83927293&lmt=1378179536284063&dur=459.600&mt=1502246023&signature=48A59D24AEC470DE921D9264EAE5AAA919BE50C1.62750A6AC3A4D4C68A089ACB3C3B26BA06FE0782&key=dg_yt0&ip=131.159.40.117&ipbits=0&expire=1502267738&sparams=ip,ipbits,expire,id,itag,source,requiressl,initcwndbps,mv,ms,pl,mm,mn,ei,ratebypass,mime,gir,clen,lmt,dur", "manifest_url": "https://manifest.googlevideo.com/api/manifest/dash/mt/1502246023/initcwndbps/2513750/mv/m/as/fmp4_audio_clear%2Cfmp4_sd_hd_clear/ms/au/signature/27E2F7846B45799FF257F08C3C6C5FC131161C2E.795BE4F619CEE9CC01FD976EA55EF93C5DC325C4/pl/16/id/8cc42cf1d4bd98f9/expire/1502267738/requiressl/yes/sparams/as%2Cei%2Chfr%2Cid%2Cinitcwndbps%2Cip%2Cipbits%2Citag%2Cmm%2Cmn%2Cms%2Cmv%2Cpl%2Cplayback_host%2Crequiressl%2Csource%2Cexpire/ipbits/0/source/youtube/hfr/1/ip/131.159.40.117/playback_host/r2---sn-xjpm-q0ns.googlevideo.com/mm/31/itag/0/key/yt6/mn/sn-xjpm-q0ns/ei/-XSKWaWrNsvccuGCseAD", "width": 1280, "tbr": 2212.416, "asr": null, "fps": 30, "language": null, "filesize": 83927293, "acodec": "none", "format": "136 - 1280x720 (DASH video)", "protocol": "https", "http_headers": {"User-Agent": "Mozilla/5.0 (X11; Linux x86_64; rv:10.0) Gecko/20150101 Firefox/47.0 (Chrome)", "Accept-Charset": "ISO-8859-1,utf-8;q=0.7,*;q=0.7", "Accept": "text/html,application/xhtml+xml,application/xml;q=0.9,*/*;q=0.8", "Accept-Encoding": "gzip, deflate", "Accept-Language": "en-us,en;q=0.5"}, "fulltitle": "Trung Qu\u1ed1c l\u00e0 th\u1ee7 ph\u1ea1m t\u00e0n s\u00e1t lo\u00e0i voi tr\u00ean th\u1ebf gi\u1edbi", "_filename": "jMQs8dS9mPk.mp4"}