{"id": "tKCCHVTsL1c", "uploader": "Luce Bonita", "uploader_id": "Carolinaillescas", "uploader_url": "http://www.youtube.com/user/Carolinaillescas", "upload_date": "20150512", "license": "Standard YouTube License", "creator": "Ayer", "title": "Aprende a maquillar TU rostro con Luce Bonita", "alt_title": "Circle Down", "thumbnail": "https://i.ytimg.com/vi/tKCCHVTsL1c/maxresdefault.jpg", "description": "\u00a1\u00a1LES ENSE\u00d1ARE  A SACARSE EL MAXIMO PARTIDO!!\nClases de Automaquillaje Luce Bonita por Carolina illescas\nPARA NO PROFESIONALES\n**Solo para Regi\u00f3n de Valparaiso, Chile**\nClases parten SABADO 16 MAYO 2015\n\nPara m\u00e1s informaci\u00f3n: lucebonitaa@gmail.com responder\u00e9 tus dudas, te enviar\u00e9 detalladamente la clase,precios y horarios disponibles.\nTambi\u00e9n puedes contactarme por mi facebook oficial o instagram\nFacebook: https://www.facebook.com/pages/Luce-Bonita/428536367219115\nInstagram: http://instagram.com/caroillescas\n\n\u00a1\u00a1LES ENSE\u00d1ARE  A SACARSE EL MAXIMO PARTIDO!!\n\nTe puedo maquillar para la ocasi\u00f3n que quieras, matrimonios, cenas, fiestas, etc. CONTACTAME lucebonitaa@gmail.com\n\nMUSIC BY https://www.facebook.com/keljet?fref=ts", "categories": ["Howto & Style"], "tags": ["luce bonita", "clases de automaquillaje", "chile", "clases de automaquillaje chile", "2015", "chilenas", "youtuber chilena"], "subtitles": {}, "automatic_captions": {}, "duration": 198, "age_limit": 0, "annotations": null, "chapters": null, "webpage_url": "https://www.youtube.com/watch?v=tKCCHVTsL1c", "view_count": 19369, "like_count": 601, "dislike_count": 54, "average_rating": 4.67022895813, "formats": [{"format_id": "249", "url": "https://r1---sn-4g5e6nle.googlevideo.com/videoplayback?requiressl=yes&gir=yes&dur=197.561&pl=16&initcwndbps=4283750&source=youtube&ip=131.159.40.117&sparams=clen%2Cdur%2Cei%2Cgir%2Cid%2Cinitcwndbps%2Cip%2Cipbits%2Citag%2Ckeepalive%2Clmt%2Cmime%2Cmm%2Cmn%2Cms%2Cmv%2Cpl%2Crequiressl%2Csource%2Cexpire&ei=MdyKWYizFsH2cPajqpAP&keepalive=yes&id=o-ADFq09R7_njnrwoT-DCQeP6CFr0lCw5qGHS6uXO94VhY&clen=1236885&mn=sn-4g5e6nle&mm=31&mv=m&mt=1502272429&ms=au&ipbits=0&lmt=1431495471482080&itag=249&expire=1502294161&key=yt6&mime=audio%2Fwebm&signature=0403FA48E1A5B96794DF0513EA16EFC2DDF223F0.6415D37CE5E8FC6C68CDC0402CEB04C26EF17C92&ratebypass=yes", "player_url": "/yts/jsbin/player-vflIVpVc9/en_US/base.js", "ext": "webm", "format_note": "DASH audio", "acodec": "opus", "abr": 50, "filesize": 1236885, "tbr": 52.975, "vcodec": "none", "format": "249 - audio only (DASH audio)", "protocol": "https", "http_headers": {"User-Agent": "Mozilla/5.0 (X11; Linux x86_64; rv:10.0) Gecko/20150101 Firefox/47.0 (Chrome)", "Accept-Charset": "ISO-8859-1,utf-8;q=0.7,*;q=0.7", "Accept": "text/html,application/xhtml+xml,application/xml;q=0.9,*/*;q=0.8", "Accept-Encoding": "gzip, deflate", "Accept-Language": "en-us,en;q=0.5"}}, {"format_id": "250", "url": "https://r1---sn-4g5e6nle.googlevideo.com/videoplayback?requiressl=yes&gir=yes&dur=197.561&pl=16&initcwndbps=4283750&source=youtube&ip=131.159.40.117&sparams=clen%2Cdur%2Cei%2Cgir%2Cid%2Cinitcwndbps%2Cip%2Cipbits%2Citag%2Ckeepalive%2Clmt%2Cmime%2Cmm%2Cmn%2Cms%2Cmv%2Cpl%2Crequiressl%2Csource%2Cexpire&ei=MdyKWYizFsH2cPajqpAP&keepalive=yes&id=o-ADFq09R7_njnrwoT-DCQeP6CFr0lCw5qGHS6uXO94VhY&clen=1622919&mn=sn-4g5e6nle&mm=31&mv=m&mt=1502272429&ms=au&ipbits=0&lmt=1431495467279443&itag=250&expire=1502294161&key=yt6&mime=audio%2Fwebm&signature=CBBC9E4F63E566163F42675031318A348999FB70.60931C54CF517B62F0916B298FE06F1FFEB3F844&ratebypass=yes", "player_url": "/yts/jsbin/player-vflIVpVc9/en_US/base.js", "ext": "webm", "format_note": "DASH audio", "acodec": "opus", "abr": 70, "filesize": 1622919, "tbr": 70.559, "vcodec": "none", "format": "250 - audio only (DASH audio)", "protocol": "https", "http_headers": {"User-Agent": "Mozilla/5.0 (X11; Linux x86_64; rv:10.0) Gecko/20150101 Firefox/47.0 (Chrome)", "Accept-Charset": "ISO-8859-1,utf-8;q=0.7,*;q=0.7", "Accept": "text/html,application/xhtml+xml,application/xml;q=0.9,*/*;q=0.8", "Accept-Encoding": "gzip, deflate", "Accept-Language": "en-us,en;q=0.5"}}, {"format_id": "140", "url": "https://r1---sn-4g5e6nle.googlevideo.com/videoplayback?requiressl=yes&gir=yes&dur=197.625&pl=16&initcwndbps=4283750&source=youtube&ip=131.159.40.117&sparams=clen%2Cdur%2Cei%2Cgir%2Cid%2Cinitcwndbps%2Cip%2Cipbits%2Citag%2Ckeepalive%2Clmt%2Cmime%2Cmm%2Cmn%2Cms%2Cmv%2Cpl%2Crequiressl%2Csource%2Cexpire&ei=MdyKWYizFsH2cPajqpAP&keepalive=yes&id=o-ADFq09R7_njnrwoT-DCQeP6CFr0lCw5qGHS6uXO94VhY&clen=3139331&mn=sn-4g5e6nle&mm=31&mv=m&mt=1502272429&ms=au&ipbits=0&lmt=1432325887330546&itag=140&expire=1502294161&key=yt6&mime=audio%2Fmp4&signature=0A55BD8ADA4AE205EED79FE186E75821F4FB12A7.A9CCA0C86354B161AF906C4548D92C0F88B882DC&ratebypass=yes", "player_url": "/yts/jsbin/player-vflIVpVc9/en_US/base.js", "ext": "m4a", "format_note": "DASH audio", "acodec": "mp4a.40.2", "abr": 128, "container": "m4a_dash", "filesize": 3139331, "tbr": 127.99, "vcodec": "none", "format": "140 - audio only (DASH audio)", "protocol": "https", "http_headers": {"User-Agent": "Mozilla/5.0 (X11; Linux x86_64; rv:10.0) Gecko/20150101 Firefox/47.0 (Chrome)", "Accept-Charset": "ISO-8859-1,utf-8;q=0.7,*;q=0.7", "Accept": "text/html,application/xhtml+xml,application/xml;q=0.9,*/*;q=0.8", "Accept-Encoding": "gzip, deflate", "Accept-Language": "en-us,en;q=0.5"}}, {"format_id": "171", "url": "https://r1---sn-4g5e6nle.googlevideo.com/videoplayback?requiressl=yes&gir=yes&dur=197.554&pl=16&initcwndbps=4283750&source=youtube&ip=131.159.40.117&sparams=clen%2Cdur%2Cei%2Cgir%2Cid%2Cinitcwndbps%2Cip%2Cipbits%2Citag%2Ckeepalive%2Clmt%2Cmime%2Cmm%2Cmn%2Cms%2Cmv%2Cpl%2Crequiressl%2Csource%2Cexpire&ei=MdyKWYizFsH2cPajqpAP&keepalive=yes&id=o-ADFq09R7_njnrwoT-DCQeP6CFr0lCw5qGHS6uXO94VhY&clen=2963746&mn=sn-4g5e6nle&mm=31&mv=m&mt=1502272429&ms=au&ipbits=0&lmt=1431495466442460&itag=171&expire=1502294161&key=yt6&mime=audio%2Fwebm&signature=AF97E84258258F90CAE1914E78EC9A822A336816.4AEB0DB05659EC83297B82734F8C6B2132BE53A5&ratebypass=yes", "player_url": "/yts/jsbin/player-vflIVpVc9/en_US/base.js", "ext": "webm", "acodec": "vorbis", "format_note": "DASH audio", "abr": 128, "filesize": 2963746, "tbr": 128.824, "vcodec": "none", "format": "171 - audio only (DASH audio)", "protocol": "https", "http_headers": {"User-Agent": "Mozilla/5.0 (X11; Linux x86_64; rv:10.0) Gecko/20150101 Firefox/47.0 (Chrome)", "Accept-Charset": "ISO-8859-1,utf-8;q=0.7,*;q=0.7", "Accept": "text/html,application/xhtml+xml,application/xml;q=0.9,*/*;q=0.8", "Accept-Encoding": "gzip, deflate", "Accept-Language": "en-us,en;q=0.5"}}, {"format_id": "251", "url": "https://r1---sn-4g5e6nle.googlevideo.com/videoplayback?requiressl=yes&gir=yes&dur=197.561&pl=16&initcwndbps=4283750&source=youtube&ip=131.159.40.117&sparams=clen%2Cdur%2Cei%2Cgir%2Cid%2Cinitcwndbps%2Cip%2Cipbits%2Citag%2Ckeepalive%2Clmt%2Cmime%2Cmm%2Cmn%2Cms%2Cmv%2Cpl%2Crequiressl%2Csource%2Cexpire&ei=MdyKWYizFsH2cPajqpAP&keepalive=yes&id=o-ADFq09R7_njnrwoT-DCQeP6CFr0lCw5qGHS6uXO94VhY&clen=3216983&mn=sn-4g5e6nle&mm=31&mv=m&mt=1502272429&ms=au&ipbits=0&lmt=1431495466025299&itag=251&expire=1502294161&key=yt6&mime=audio%2Fwebm&signature=295475DEB1434819CE5F06902D8646BA0927139F.243F13AAA955971B088044B60E00967ACD8B52FC&ratebypass=yes", "player_url": "/yts/jsbin/player-vflIVpVc9/en_US/base.js", "ext": "webm", "format_note": "DASH audio", "acodec": "opus", "abr": 160, "filesize": 3216983, "tbr": 136.923, "vcodec": "none", "format": "251 - audio only (DASH audio)", "protocol": "https", "http_headers": {"User-Agent": "Mozilla/5.0 (X11; Linux x86_64; rv:10.0) Gecko/20150101 Firefox/47.0 (Chrome)", "Accept-Charset": "ISO-8859-1,utf-8;q=0.7,*;q=0.7", "Accept": "text/html,application/xhtml+xml,application/xml;q=0.9,*/*;q=0.8", "Accept-Encoding": "gzip, deflate", "Accept-Language": "en-us,en;q=0.5"}}, {"format_id": "278", "url": "https://r1---sn-4g5e6nle.googlevideo.com/videoplayback?requiressl=yes&gir=yes&dur=197.531&pl=16&initcwndbps=4283750&source=youtube&ip=131.159.40.117&sparams=clen%2Cdur%2Cei%2Cgir%2Cid%2Cinitcwndbps%2Cip%2Cipbits%2Citag%2Ckeepalive%2Clmt%2Cmime%2Cmm%2Cmn%2Cms%2Cmv%2Cpl%2Crequiressl%2Csource%2Cexpire&ei=MdyKWYizFsH2cPajqpAP&keepalive=yes&id=o-ADFq09R7_njnrwoT-DCQeP6CFr0lCw5qGHS6uXO94VhY&clen=2032372&mn=sn-4g5e6nle&mm=31&mv=m&mt=1502272429&ms=au&ipbits=0&lmt=1431494842846495&itag=278&expire=1502294161&key=yt6&mime=video%2Fwebm&signature=558902E3B9E8254055DBFEE30DE1078B395A7BD0.B0451324DAF9A38415AA1D895D8036A04B6188D5&ratebypass=yes", "player_url": "/yts/jsbin/player-vflIVpVc9/en_US/base.js", "ext": "webm", "height": 144, "format_note": "144p", "container": "webm", "vcodec": "vp9", "filesize": 2032372, "tbr": 99.919, "width": 256, "fps": 15, "acodec": "none", "format": "278 - 256x144 (144p)", "protocol": "https", "http_headers": {"User-Agent": "Mozilla/5.0 (X11; Linux x86_64; rv:10.0) Gecko/20150101 Firefox/47.0 (Chrome)", "Accept-Charset": "ISO-8859-1,utf-8;q=0.7,*;q=0.7", "Accept": "text/html,application/xhtml+xml,application/xml;q=0.9,*/*;q=0.8", "Accept-Encoding": "gzip, deflate", "Accept-Language": "en-us,en;q=0.5"}}, {"format_id": "160", "url": "https://r1---sn-4g5e6nle.googlevideo.com/videoplayback?requiressl=yes&gir=yes&dur=197.597&pl=16&initcwndbps=4283750&source=youtube&ip=131.159.40.117&sparams=clen%2Cdur%2Cei%2Cgir%2Cid%2Cinitcwndbps%2Cip%2Cipbits%2Citag%2Ckeepalive%2Clmt%2Cmime%2Cmm%2Cmn%2Cms%2Cmv%2Cpl%2Crequiressl%2Csource%2Cexpire&ei=MdyKWYizFsH2cPajqpAP&keepalive=yes&id=o-ADFq09R7_njnrwoT-DCQeP6CFr0lCw5qGHS6uXO94VhY&clen=2631952&mn=sn-4g5e6nle&mm=31&mv=m&mt=1502272429&ms=au&ipbits=0&lmt=1432325904008756&itag=160&expire=1502294161&key=yt6&mime=video%2Fmp4&signature=A9AACD636DE3622EA08C89EFC071160050A99C9E.D0735B7E8319FB4C09EBED3A79437285D13C4383&ratebypass=yes", "player_url": "/yts/jsbin/player-vflIVpVc9/en_US/base.js", "ext": "mp4", "height": 144, "format_note": "144p", "vcodec": "avc1.4d400c", "filesize": 2631952, "tbr": 111.268, "width": 256, "fps": 15, "acodec": "none", "format": "160 - 256x144 (144p)", "protocol": "https", "http_headers": {"User-Agent": "Mozilla/5.0 (X11; Linux x86_64; rv:10.0) Gecko/20150101 Firefox/47.0 (Chrome)", "Accept-Charset": "ISO-8859-1,utf-8;q=0.7,*;q=0.7", "Accept": "text/html,application/xhtml+xml,application/xml;q=0.9,*/*;q=0.8", "Accept-Encoding": "gzip, deflate", "Accept-Language": "en-us,en;q=0.5"}}, {"format_id": "242", "url": "https://r1---sn-4g5e6nle.googlevideo.com/videoplayback?requiressl=yes&gir=yes&dur=197.531&pl=16&initcwndbps=4283750&source=youtube&ip=131.159.40.117&sparams=clen%2Cdur%2Cei%2Cgir%2Cid%2Cinitcwndbps%2Cip%2Cipbits%2Citag%2Ckeepalive%2Clmt%2Cmime%2Cmm%2Cmn%2Cms%2Cmv%2Cpl%2Crequiressl%2Csource%2Cexpire&ei=MdyKWYizFsH2cPajqpAP&keepalive=yes&id=o-ADFq09R7_njnrwoT-DCQeP6CFr0lCw5qGHS6uXO94VhY&clen=4488512&mn=sn-4g5e6nle&mm=31&mv=m&mt=1502272429&ms=au&ipbits=0&lmt=1431494817607319&itag=242&expire=1502294161&key=yt6&mime=video%2Fwebm&signature=2ECF3C1AAF3F2262BA1824673FA8E5F26F3EE3B1.11D5D7FEA7E3B0116F3C3DB17F3F7ED162443BD0&ratebypass=yes", "player_url": "/yts/jsbin/player-vflIVpVc9/en_US/base.js", "ext": "webm", "height": 240, "format_note": "240p", "vcodec": "vp9", "filesize": 4488512, "tbr": 228.469, "width": 426, "fps": 30, "acodec": "none", "format": "242 - 426x240 (240p)", "protocol": "https", "http_headers": {"User-Agent": "Mozilla/5.0 (X11; Linux x86_64; rv:10.0) Gecko/20150101 Firefox/47.0 (Chrome)", "Accept-Charset": "ISO-8859-1,utf-8;q=0.7,*;q=0.7", "Accept": "text/html,application/xhtml+xml,application/xml;q=0.9,*/*;q=0.8", "Accept-Encoding": "gzip, deflate", "Accept-Language": "en-us,en;q=0.5"}}, {"format_id": "133", "url": "https://r1---sn-4g5e6nle.googlevideo.com/videoplayback?requiressl=yes&gir=yes&dur=197.564&pl=16&initcwndbps=4283750&source=youtube&ip=131.159.40.117&sparams=clen%2Cdur%2Cei%2Cgir%2Cid%2Cinitcwndbps%2Cip%2Cipbits%2Citag%2Ckeepalive%2Clmt%2Cmime%2Cmm%2Cmn%2Cms%2Cmv%2Cpl%2Crequiressl%2Csource%2Cexpire&ei=MdyKWYizFsH2cPajqpAP&keepalive=yes&id=o-ADFq09R7_njnrwoT-DCQeP6CFr0lCw5qGHS6uXO94VhY&clen=5896885&mn=sn-4g5e6nle&mm=31&mv=m&mt=1502272429&ms=au&ipbits=0&lmt=1432325923474325&itag=133&expire=1502294161&key=yt6&mime=video%2Fmp4&signature=501A8066062794E107B99E0688A4A0ACC3933292.826A1FADE11974A51051234233507D28EC3ED087&ratebypass=yes", "player_url": "/yts/jsbin/player-vflIVpVc9/en_US/base.js", "ext": "mp4", "height": 240, "format_note": "240p", "vcodec": "avc1.4d4015", "filesize": 5896885, "tbr": 256.167, "width": 426, "fps": 30, "acodec": "none", "format": "133 - 426x240 (240p)", "protocol": "https", "http_headers": {"User-Agent": "Mozilla/5.0 (X11; Linux x86_64; rv:10.0) Gecko/20150101 Firefox/47.0 (Chrome)", "Accept-Charset": "ISO-8859-1,utf-8;q=0.7,*;q=0.7", "Accept": "text/html,application/xhtml+xml,application/xml;q=0.9,*/*;q=0.8", "Accept-Encoding": "gzip, deflate", "Accept-Language": "en-us,en;q=0.5"}}, {"format_id": "243", "url": "https://r1---sn-4g5e6nle.googlevideo.com/videoplayback?requiressl=yes&gir=yes&dur=197.531&pl=16&initcwndbps=4283750&source=youtube&ip=131.159.40.117&sparams=clen%2Cdur%2Cei%2Cgir%2Cid%2Cinitcwndbps%2Cip%2Cipbits%2Citag%2Ckeepalive%2Clmt%2Cmime%2Cmm%2Cmn%2Cms%2Cmv%2Cpl%2Crequiressl%2Csource%2Cexpire&ei=MdyKWYizFsH2cPajqpAP&keepalive=yes&id=o-ADFq09R7_njnrwoT-DCQeP6CFr0lCw5qGHS6uXO94VhY&clen=8417277&mn=sn-4g5e6nle&mm=31&mv=m&mt=1502272429&ms=au&ipbits=0&lmt=1431494846385315&itag=243&expire=1502294161&key=yt6&mime=video%2Fwebm&signature=3CE46930B3D47A4A3C54ACB3AC94CE158212EB3D.1E0B9F46DD1D594981BB299B5055ECC089895557&ratebypass=yes", "player_url": "/yts/jsbin/player-vflIVpVc9/en_US/base.js", "ext": "webm", "height": 360, "format_note": "360p", "vcodec": "vp9", "filesize": 8417277, "tbr": 427.198, "width": 640, "fps": 30, "acodec": "none", "format": "243 - 640x360 (360p)", "protocol": "https", "http_headers": {"User-Agent": "Mozilla/5.0 (X11; Linux x86_64; rv:10.0) Gecko/20150101 Firefox/47.0 (Chrome)", "Accept-Charset": "ISO-8859-1,utf-8;q=0.7,*;q=0.7", "Accept": "text/html,application/xhtml+xml,application/xml;q=0.9,*/*;q=0.8", "Accept-Encoding": "gzip, deflate", "Accept-Language": "en-us,en;q=0.5"}}, {"format_id": "134", "url": "https://r1---sn-4g5e6nle.googlevideo.com/videoplayback?requiressl=yes&gir=yes&dur=197.564&pl=16&initcwndbps=4283750&source=youtube&ip=131.159.40.117&sparams=clen%2Cdur%2Cei%2Cgir%2Cid%2Cinitcwndbps%2Cip%2Cipbits%2Citag%2Ckeepalive%2Clmt%2Cmime%2Cmm%2Cmn%2Cms%2Cmv%2Cpl%2Crequiressl%2Csource%2Cexpire&ei=MdyKWYizFsH2cPajqpAP&keepalive=yes&id=o-ADFq09R7_njnrwoT-DCQeP6CFr0lCw5qGHS6uXO94VhY&clen=8042993&mn=sn-4g5e6nle&mm=31&mv=m&mt=1502272429&ms=au&ipbits=0&lmt=1432325954291613&itag=134&expire=1502294161&key=yt6&mime=video%2Fmp4&signature=AAE82287697B7F4D61AD4721644309FE31772052.842E8FB9146CDEBF5EA174585226D6C81755BCBB&ratebypass=yes", "player_url": "/yts/jsbin/player-vflIVpVc9/en_US/base.js", "ext": "mp4", "height": 360, "format_note": "360p", "vcodec": "avc1.4d401e", "filesize": 8042993, "tbr": 550.978, "width": 640, "fps": 30, "acodec": "none", "format": "134 - 640x360 (360p)", "protocol": "https", "http_headers": {"User-Agent": "Mozilla/5.0 (X11; Linux x86_64; rv:10.0) Gecko/20150101 Firefox/47.0 (Chrome)", "Accept-Charset": "ISO-8859-1,utf-8;q=0.7,*;q=0.7", "Accept": "text/html,application/xhtml+xml,application/xml;q=0.9,*/*;q=0.8", "Accept-Encoding": "gzip, deflate", "Accept-Language": "en-us,en;q=0.5"}}, {"format_id": "244", "url": "https://r1---sn-4g5e6nle.googlevideo.com/videoplayback?requiressl=yes&gir=yes&dur=197.531&pl=16&initcwndbps=4283750&source=youtube&ip=131.159.40.117&sparams=clen%2Cdur%2Cei%2Cgir%2Cid%2Cinitcwndbps%2Cip%2Cipbits%2Citag%2Ckeepalive%2Clmt%2Cmime%2Cmm%2Cmn%2Cms%2Cmv%2Cpl%2Crequiressl%2Csource%2Cexpire&ei=MdyKWYizFsH2cPajqpAP&keepalive=yes&id=o-ADFq09R7_njnrwoT-DCQeP6CFr0lCw5qGHS6uXO94VhY&clen=14807899&mn=sn-4g5e6nle&mm=31&mv=m&mt=1502272429&ms=au&ipbits=0&lmt=1431494877725706&itag=244&expire=1502294161&key=yt6&mime=video%2Fwebm&signature=CA6BADFAA44A599CFCDEB8AED09084DEC6DB7357.1C8107B805AB62AF51615870AC9E15517CCF76C6&ratebypass=yes", "player_url": "/yts/jsbin/player-vflIVpVc9/en_US/base.js", "ext": "webm", "height": 480, "format_note": "480p", "vcodec": "vp9", "filesize": 14807899, "tbr": 783.965, "width": 854, "fps": 30, "acodec": "none", "format": "244 - 854x480 (480p)", "protocol": "https", "http_headers": {"User-Agent": "Mozilla/5.0 (X11; Linux x86_64; rv:10.0) Gecko/20150101 Firefox/47.0 (Chrome)", "Accept-Charset": "ISO-8859-1,utf-8;q=0.7,*;q=0.7", "Accept": "text/html,application/xhtml+xml,application/xml;q=0.9,*/*;q=0.8", "Accept-Encoding": "gzip, deflate", "Accept-Language": "en-us,en;q=0.5"}}, {"format_id": "135", "url": "https://r1---sn-4g5e6nle.googlevideo.com/videoplayback?requiressl=yes&gir=yes&dur=197.564&pl=16&initcwndbps=4283750&source=youtube&ip=131.159.40.117&sparams=clen%2Cdur%2Cei%2Cgir%2Cid%2Cinitcwndbps%2Cip%2Cipbits%2Citag%2Ckeepalive%2Clmt%2Cmime%2Cmm%2Cmn%2Cms%2Cmv%2Cpl%2Crequiressl%2Csource%2Cexpire&ei=MdyKWYizFsH2cPajqpAP&keepalive=yes&id=o-ADFq09R7_njnrwoT-DCQeP6CFr0lCw5qGHS6uXO94VhY&clen=15854489&mn=sn-4g5e6nle&mm=31&mv=m&mt=1502272429&ms=au&ipbits=0&lmt=1432325968615681&itag=135&expire=1502294161&key=yt6&mime=video%2Fmp4&signature=26ABB6477AA4B30744AFA04E8549A8D5E5340430.96697E725A0AB7D82DF9882D37BCDFEDB579CF39&ratebypass=yes", "player_url": "/yts/jsbin/player-vflIVpVc9/en_US/base.js", "ext": "mp4", "height": 480, "format_note": "480p", "vcodec": "avc1.4d401f", "filesize": 15854489, "tbr": 1056.127, "width": 854, "fps": 30, "acodec": "none", "format": "135 - 854x480 (480p)", "protocol": "https", "http_headers": {"User-Agent": "Mozilla/5.0 (X11; Linux x86_64; rv:10.0) Gecko/20150101 Firefox/47.0 (Chrome)", "Accept-Charset": "ISO-8859-1,utf-8;q=0.7,*;q=0.7", "Accept": "text/html,application/xhtml+xml,application/xml;q=0.9,*/*;q=0.8", "Accept-Encoding": "gzip, deflate", "Accept-Language": "en-us,en;q=0.5"}}, {"format_id": "247", "url": "https://r1---sn-4g5e6nle.googlevideo.com/videoplayback?requiressl=yes&gir=yes&dur=197.531&pl=16&initcwndbps=4283750&source=youtube&ip=131.159.40.117&sparams=clen%2Cdur%2Cei%2Cgir%2Cid%2Cinitcwndbps%2Cip%2Cipbits%2Citag%2Ckeepalive%2Clmt%2Cmime%2Cmm%2Cmn%2Cms%2Cmv%2Cpl%2Crequiressl%2Csource%2Cexpire&ei=MdyKWYizFsH2cPajqpAP&keepalive=yes&id=o-ADFq09R7_njnrwoT-DCQeP6CFr0lCw5qGHS6uXO94VhY&clen=29593279&mn=sn-4g5e6nle&mm=31&mv=m&mt=1502272429&ms=au&ipbits=0&lmt=1431494893906404&itag=247&expire=1502294161&key=yt6&mime=video%2Fwebm&signature=06B14918882B0B71E33DDA3CDCD05872EBE73CBC.89CDFC5885219B329E6BBBAAE237E0762DD412E3&ratebypass=yes", "player_url": "/yts/jsbin/player-vflIVpVc9/en_US/base.js", "ext": "webm", "height": 720, "format_note": "720p", "vcodec": "vp9", "filesize": 29593279, "tbr": 1560.178, "width": 1280, "fps": 30, "acodec": "none", "format": "247 - 1280x720 (720p)", "protocol": "https", "http_headers": {"User-Agent": "Mozilla/5.0 (X11; Linux x86_64; rv:10.0) Gecko/20150101 Firefox/47.0 (Chrome)", "Accept-Charset": "ISO-8859-1,utf-8;q=0.7,*;q=0.7", "Accept": "text/html,application/xhtml+xml,application/xml;q=0.9,*/*;q=0.8", "Accept-Encoding": "gzip, deflate", "Accept-Language": "en-us,en;q=0.5"}}, {"format_id": "136", "url": "https://r1---sn-4g5e6nle.googlevideo.com/videoplayback?requiressl=yes&gir=yes&dur=197.564&pl=16&initcwndbps=4283750&source=youtube&ip=131.159.40.117&sparams=clen%2Cdur%2Cei%2Cgir%2Cid%2Cinitcwndbps%2Cip%2Cipbits%2Citag%2Ckeepalive%2Clmt%2Cmime%2Cmm%2Cmn%2Cms%2Cmv%2Cpl%2Crequiressl%2Csource%2Cexpire&ei=MdyKWYizFsH2cPajqpAP&keepalive=yes&id=o-ADFq09R7_njnrwoT-DCQeP6CFr0lCw5qGHS6uXO94VhY&clen=29110322&mn=sn-4g5e6nle&mm=31&mv=m&mt=1502272429&ms=au&ipbits=0&lmt=1432326059728312&itag=136&expire=1502294161&key=yt6&mime=video%2Fmp4&signature=D7117DF65C00E1D663F2D13B557D0768BFD9F648.C4DA9AD2236314D60BB69A84602DB8094E1A6E70&ratebypass=yes", "player_url": "/yts/jsbin/player-vflIVpVc9/en_US/base.js", "ext": "mp4", "height": 720, "format_note": "720p", "vcodec": "avc1.4d401f", "filesize": 29110322, "tbr": 1896.782, "width": 1280, "fps": 30, "acodec": "none", "format": "136 - 1280x720 (720p)", "protocol": "https", "http_headers": {"User-Agent": "Mozilla/5.0 (X11; Linux x86_64; rv:10.0) Gecko/20150101 Firefox/47.0 (Chrome)", "Accept-Charset": "ISO-8859-1,utf-8;q=0.7,*;q=0.7", "Accept": "text/html,application/xhtml+xml,application/xml;q=0.9,*/*;q=0.8", "Accept-Encoding": "gzip, deflate", "Accept-Language": "en-us,en;q=0.5"}}, {"format_id": "248", "url": "https://r1---sn-4g5e6nle.googlevideo.com/videoplayback?requiressl=yes&gir=yes&dur=197.531&pl=16&initcwndbps=4283750&source=youtube&ip=131.159.40.117&sparams=clen%2Cdur%2Cei%2Cgir%2Cid%2Cinitcwndbps%2Cip%2Cipbits%2Citag%2Ckeepalive%2Clmt%2Cmime%2Cmm%2Cmn%2Cms%2Cmv%2Cpl%2Crequiressl%2Csource%2Cexpire&ei=MdyKWYizFsH2cPajqpAP&keepalive=yes&id=o-ADFq09R7_njnrwoT-DCQeP6CFr0lCw5qGHS6uXO94VhY&clen=54317802&mn=sn-4g5e6nle&mm=31&mv=m&mt=1502272429&ms=au&ipbits=0&lmt=1431494980441237&itag=248&expire=1502294161&key=yt6&mime=video%2Fwebm&signature=28BCFB11D3594E0F2AD70525C9294D8CA80456A0.CC14E2869928C03D64F83A8390B0DFB63BDB49C0&ratebypass=yes", "player_url": "/yts/jsbin/player-vflIVpVc9/en_US/base.js", "ext": "webm", "height": 1080, "format_note": "1080p", "vcodec": "vp9", "filesize": 54317802, "tbr": 2892.63, "width": 1920, "fps": 30, "acodec": "none", "format": "248 - 1920x1080 (1080p)", "protocol": "https", "http_headers": {"User-Agent": "Mozilla/5.0 (X11; Linux x86_64; rv:10.0) Gecko/20150101 Firefox/47.0 (Chrome)", "Accept-Charset": "ISO-8859-1,utf-8;q=0.7,*;q=0.7", "Accept": "text/html,application/xhtml+xml,application/xml;q=0.9,*/*;q=0.8", "Accept-Encoding": "gzip, deflate", "Accept-Language": "en-us,en;q=0.5"}}, {"format_id": "137", "url": "https://r1---sn-4g5e6nle.googlevideo.com/videoplayback?requiressl=yes&gir=yes&dur=197.564&pl=16&initcwndbps=4283750&source=youtube&ip=131.159.40.117&sparams=clen%2Cdur%2Cei%2Cgir%2Cid%2Cinitcwndbps%2Cip%2Cipbits%2Citag%2Ckeepalive%2Clmt%2Cmime%2Cmm%2Cmn%2Cms%2Cmv%2Cpl%2Crequiressl%2Csource%2Cexpire&ei=MdyKWYizFsH2cPajqpAP&keepalive=yes&id=o-ADFq09R7_njnrwoT-DCQeP6CFr0lCw5qGHS6uXO94VhY&clen=50392666&mn=sn-4g5e6nle&mm=31&mv=m&mt=1502272429&ms=au&ipbits=0&lmt=1432326170800253&itag=137&expire=1502294161&key=yt6&mime=video%2Fmp4&signature=677132971F499ED9D5E3659EFF95B05F9EB44C1E.43DBCA7AE2F0B96EB549026EC5B4D5123CD9E0AA&ratebypass=yes", "player_url": "/yts/jsbin/player-vflIVpVc9/en_US/base.js", "ext": "mp4", "height": 1080, "format_note": "1080p", "vcodec": "avc1.640028", "filesize": 50392666, "tbr": 3293.977, "width": 1920, "fps": 30, "acodec": "none", "format": "137 - 1920x1080 (1080p)", "protocol": "https", "http_headers": {"User-Agent": "Mozilla/5.0 (X11; Linux x86_64; rv:10.0) Gecko/20150101 Firefox/47.0 (Chrome)", "Accept-Charset": "ISO-8859-1,utf-8;q=0.7,*;q=0.7", "Accept": "text/html,application/xhtml+xml,application/xml;q=0.9,*/*;q=0.8", "Accept-Encoding": "gzip, deflate", "Accept-Language": "en-us,en;q=0.5"}}, {"format_id": "17", "url": "https://r1---sn-4g5e6nle.googlevideo.com/videoplayback?requiressl=yes&gir=yes&dur=197.741&pl=16&initcwndbps=4283750&source=youtube&ip=131.159.40.117&sparams=clen%2Cdur%2Cei%2Cgir%2Cid%2Cinitcwndbps%2Cip%2Cipbits%2Citag%2Clmt%2Cmime%2Cmm%2Cmn%2Cms%2Cmv%2Cpl%2Crequiressl%2Csource%2Cexpire&ei=MdyKWYizFsH2cPajqpAP&id=o-ADFq09R7_njnrwoT-DCQeP6CFr0lCw5qGHS6uXO94VhY&clen=2030212&mn=sn-4g5e6nle&mm=31&mv=m&mt=1502272429&ms=au&ipbits=0&lmt=1431446144088711&itag=17&expire=1502294161&key=yt6&mime=video%2F3gpp&signature=4E348F6349F175256AB40A7F0A12B2E9C62920A3.3FCA4A7D5BF2306132893FB6B855F139594850AE&ratebypass=yes", "player_url": "/yts/jsbin/player-vflIVpVc9/en_US/base.js", "ext": "3gp", "width": 176, "height": 144, "acodec": "mp4a.40.2", "abr": 24, "vcodec": "mp4v.20.3", "resolution": "176x144", "format_note": "small", "format": "17 - 176x144 (small)", "protocol": "https", "http_headers": {"User-Agent": "Mozilla/5.0 (X11; Linux x86_64; rv:10.0) Gecko/20150101 Firefox/47.0 (Chrome)", "Accept-Charset": "ISO-8859-1,utf-8;q=0.7,*;q=0.7", "Accept": "text/html,application/xhtml+xml,application/xml;q=0.9,*/*;q=0.8", "Accept-Encoding": "gzip, deflate", "Accept-Language": "en-us,en;q=0.5"}}, {"format_id": "36", "url": "https://r1---sn-4g5e6nle.googlevideo.com/videoplayback?requiressl=yes&gir=yes&dur=197.787&pl=16&initcwndbps=4283750&source=youtube&ip=131.159.40.117&sparams=clen%2Cdur%2Cei%2Cgir%2Cid%2Cinitcwndbps%2Cip%2Cipbits%2Citag%2Clmt%2Cmime%2Cmm%2Cmn%2Cms%2Cmv%2Cpl%2Crequiressl%2Csource%2Cexpire&ei=MdyKWYizFsH2cPajqpAP&id=o-ADFq09R7_njnrwoT-DCQeP6CFr0lCw5qGHS6uXO94VhY&clen=5684603&mn=sn-4g5e6nle&mm=31&mv=m&mt=1502272429&ms=au&ipbits=0&lmt=1431446176525217&itag=36&expire=1502294161&key=yt6&mime=video%2F3gpp&signature=7D586337705D955B861FCBAE6D35224F8B65A31E.DEAB9B40199C4681266443ED370C00B09C54DAFD&ratebypass=yes", "player_url": "/yts/jsbin/player-vflIVpVc9/en_US/base.js", "ext": "3gp", "width": 320, "acodec": "mp4a.40.2", "vcodec": "mp4v.20.3", "resolution": "320x180", "height": 180, "format_note": "small", "format": "36 - 320x180 (small)", "protocol": "https", "http_headers": {"User-Agent": "Mozilla/5.0 (X11; Linux x86_64; rv:10.0) Gecko/20150101 Firefox/47.0 (Chrome)", "Accept-Charset": "ISO-8859-1,utf-8;q=0.7,*;q=0.7", "Accept": "text/html,application/xhtml+xml,application/xml;q=0.9,*/*;q=0.8", "Accept-Encoding": "gzip, deflate", "Accept-Language": "en-us,en;q=0.5"}}, {"format_id": "43", "url": "https://r1---sn-4g5e6nle.googlevideo.com/videoplayback?requiressl=yes&gir=yes&dur=0.000&pl=16&initcwndbps=4283750&source=youtube&ratebypass=yes&ip=131.159.40.117&sparams=clen%2Cdur%2Cei%2Cgir%2Cid%2Cinitcwndbps%2Cip%2Cipbits%2Citag%2Clmt%2Cmime%2Cmm%2Cmn%2Cms%2Cmv%2Cpl%2Cratebypass%2Crequiressl%2Csource%2Cexpire&ei=MdyKWYizFsH2cPajqpAP&id=o-ADFq09R7_njnrwoT-DCQeP6CFr0lCw5qGHS6uXO94VhY&clen=20157795&mn=sn-4g5e6nle&mm=31&mv=m&mt=1502272429&ms=au&ipbits=0&lmt=1431447170753373&itag=43&expire=1502294161&key=yt6&mime=video%2Fwebm&signature=75407667D82A1D910739F104F2A5C6D977945A0A.8C7062086F5158506C706E188B6B9F19295EAC94", "player_url": "/yts/jsbin/player-vflIVpVc9/en_US/base.js", "ext": "webm", "width": 640, "height": 360, "acodec": "vorbis", "abr": 128, "vcodec": "vp8.0", "resolution": "640x360", "format_note": "medium", "format": "43 - 640x360 (medium)", "protocol": "https", "http_headers": {"User-Agent": "Mozilla/5.0 (X11; Linux x86_64; rv:10.0) Gecko/20150101 Firefox/47.0 (Chrome)", "Accept-Charset": "ISO-8859-1,utf-8;q=0.7,*;q=0.7", "Accept": "text/html,application/xhtml+xml,application/xml;q=0.9,*/*;q=0.8", "Accept-Encoding": "gzip, deflate", "Accept-Language": "en-us,en;q=0.5"}}, {"format_id": "18", "url": "https://r1---sn-4g5e6nle.googlevideo.com/videoplayback?requiressl=yes&gir=yes&dur=197.625&pl=16&initcwndbps=4283750&source=youtube&ratebypass=yes&ip=131.159.40.117&sparams=clen%2Cdur%2Cei%2Cgir%2Cid%2Cinitcwndbps%2Cip%2Cipbits%2Citag%2Clmt%2Cmime%2Cmm%2Cmn%2Cms%2Cmv%2Cpl%2Cratebypass%2Crequiressl%2Csource%2Cexpire&ei=MdyKWYizFsH2cPajqpAP&id=o-ADFq09R7_njnrwoT-DCQeP6CFr0lCw5qGHS6uXO94VhY&clen=15234760&mn=sn-4g5e6nle&mm=31&mv=m&mt=1502272429&ms=au&ipbits=0&lmt=1432326125196377&itag=18&expire=1502294161&key=yt6&mime=video%2Fmp4&signature=7A006C2FDFB7751C1D9B5C8A036870FE6DBCEE0A.6FCC9D9973343A734CBC766E14A3D218A552A6AF", "player_url": "/yts/jsbin/player-vflIVpVc9/en_US/base.js", "ext": "mp4", "width": 640, "height": 360, "acodec": "mp4a.40.2", "abr": 96, "vcodec": "avc1.42001E", "resolution": "640x360", "format_note": "medium", "format": "18 - 640x360 (medium)", "protocol": "https", "http_headers": {"User-Agent": "Mozilla/5.0 (X11; Linux x86_64; rv:10.0) Gecko/20150101 Firefox/47.0 (Chrome)", "Accept-Charset": "ISO-8859-1,utf-8;q=0.7,*;q=0.7", "Accept": "text/html,application/xhtml+xml,application/xml;q=0.9,*/*;q=0.8", "Accept-Encoding": "gzip, deflate", "Accept-Language": "en-us,en;q=0.5"}}, {"format_id": "22", "url": "https://r1---sn-4g5e6nle.googlevideo.com/videoplayback?mn=sn-4g5e6nle&requiressl=yes&mm=31&mt=1502272429&ip=131.159.40.117&dur=197.625&pl=16&initcwndbps=4283750&mv=m&source=youtube&ratebypass=yes&ms=au&ipbits=0&lmt=1472136332903883&sparams=dur%2Cei%2Cid%2Cinitcwndbps%2Cip%2Cipbits%2Citag%2Clmt%2Cmime%2Cmm%2Cmn%2Cms%2Cmv%2Cpl%2Cratebypass%2Crequiressl%2Csource%2Cexpire&itag=22&ei=MdyKWYizFsH2cPajqpAP&id=o-ADFq09R7_njnrwoT-DCQeP6CFr0lCw5qGHS6uXO94VhY&expire=1502294161&key=yt6&mime=video%2Fmp4&signature=8F3B3DF6DB387C7EB424A8B0062143B880015C3C.6D13FFED78EE5372A02576E3B54DD72DB57C9B12", "player_url": "/yts/jsbin/player-vflIVpVc9/en_US/base.js", "ext": "mp4", "width": 1280, "height": 720, "acodec": "mp4a.40.2", "abr": 192, "vcodec": "avc1.64001F", "resolution": "1280x720", "format_note": "hd720", "format": "22 - 1280x720 (hd720)", "protocol": "https", "http_headers": {"User-Agent": "Mozilla/5.0 (X11; Linux x86_64; rv:10.0) Gecko/20150101 Firefox/47.0 (Chrome)", "Accept-Charset": "ISO-8859-1,utf-8;q=0.7,*;q=0.7", "Accept": "text/html,application/xhtml+xml,application/xml;q=0.9,*/*;q=0.8", "Accept-Encoding": "gzip, deflate", "Accept-Language": "en-us,en;q=0.5"}}], "is_live": null, "start_time": null, "end_time": null, "series": null, "season_number": null, "episode_number": null, "extractor": "youtube", "webpage_url_basename": "tKCCHVTsL1c", "extractor_key": "Youtube", "playlist": null, "playlist_index": null, "thumbnails": [{"url": "https://i.ytimg.com/vi/tKCCHVTsL1c/maxresdefault.jpg", "id": "0"}], "display_id": "tKCCHVTsL1c", "format_id": "137", "url": "https://r1---sn-4g5e6nle.googlevideo.com/videoplayback?requiressl=yes&gir=yes&dur=197.564&pl=16&initcwndbps=4283750&source=youtube&ip=131.159.40.117&sparams=clen%2Cdur%2Cei%2Cgir%2Cid%2Cinitcwndbps%2Cip%2Cipbits%2Citag%2Ckeepalive%2Clmt%2Cmime%2Cmm%2Cmn%2Cms%2Cmv%2Cpl%2Crequiressl%2Csource%2Cexpire&ei=MdyKWYizFsH2cPajqpAP&keepalive=yes&id=o-ADFq09R7_njnrwoT-DCQeP6CFr0lCw5qGHS6uXO94VhY&clen=50392666&mn=sn-4g5e6nle&mm=31&mv=m&mt=1502272429&ms=au&ipbits=0&lmt=1432326170800253&itag=137&expire=1502294161&key=yt6&mime=video%2Fmp4&signature=677132971F499ED9D5E3659EFF95B05F9EB44C1E.43DBCA7AE2F0B96EB549026EC5B4D5123CD9E0AA&ratebypass=yes", "player_url": "/yts/jsbin/player-vflIVpVc9/en_US/base.js", "ext": "mp4", "height": 1080, "format_note": "1080p", "vcodec": "avc1.640028", "filesize": 50392666, "tbr": 3293.977, "width": 1920, "fps": 30, "acodec": "none", "format": "137 - 1920x1080 (1080p)", "protocol": "https", "http_headers": {"User-Agent": "Mozilla/5.0 (X11; Linux x86_64; rv:10.0) Gecko/20150101 Firefox/47.0 (Chrome)", "Accept-Charset": "ISO-8859-1,utf-8;q=0.7,*;q=0.7", "Accept": "text/html,application/xhtml+xml,application/xml;q=0.9,*/*;q=0.8", "Accept-Encoding": "gzip, deflate", "Accept-Language": "en-us,en;q=0.5"}, "fulltitle": "Aprende a maquillar TU rostro con Luce Bonita", "_filename": "tKCCHVTsL1c.mp4"}