{"id": "O2sTiTYnZfs", "uploader": "RT en Espa\u00f1ol", "uploader_id": "ActualidadRT", "uploader_url": "http://www.youtube.com/user/ActualidadRT", "upload_date": "20140526", "license": "Standard YouTube License", "creator": null, "title": "Lavrov: \"Rusia est\u00e1 dispuesta a dialogar con Piotr Poroshenko\"", "alt_title": null, "thumbnail": "https://i.ytimg.com/vi/O2sTiTYnZfs/maxresdefault.jpg", "description": "Mosc\u00fa tratar\u00e1 con respeto \"la voluntad del pueblo ucraniano\" y est\u00e1 dispuesto a dialogar con el magnate Piotr Poroshenko, que lidera la carrera presidencial, declar\u00f3 el canciller de Rusia, Sergu\u00e9i Lavrov.\n\nSeg\u00fan el ministro ruso, las nuevas autoridades de Ucrania deben tener en consideraci\u00f3n los intereses de todos los grupos sociales que componen el pa\u00eds.\n\n\"Los lazos directos entre Mosc\u00fa y Kiev nunca se han interrumpido y despu\u00e9s de las elecciones la Federaci\u00f3n de Rusia est\u00e1 dispuesta a establecer un di\u00e1logo pragm\u00e1tico y de igualdad con Ucrania\", afirm\u00f3.\n\nEl canciller ruso tambi\u00e9n destac\u00f3 que Mosc\u00fa espera que Poroshenko haga todo lo posible para evitar que se vuelvan a tomar enfoques radicales y extremistas hacia el este del pa\u00eds.\n\nAsimismo, Lavrov asegur\u00f3 que Rusia no puede hacer la vista gorda a la declaraci\u00f3n del primer vice primer ministro de Ucrania, Vitali Yarema, sobre la reanudaci\u00f3n de la fase activa de la operaci\u00f3n militar en el este del pa\u00eds, que fue suspendida por las elecciones.\n\nEl diplom\u00e1tico cree que Rusia y Ucrania no necesitan mediadores para establecer un di\u00e1logo. Asimismo, Mosc\u00fa espera que las nuevas autoridades ucranianas act\u00faen de acuerdo con la hoja de ruta de la OSCE.\n\nLEER M\u00c1S: http://actualidad.rt.com/actualidad/view/129212-lavrov-comicios-presidenciales-ucrania\n\n\u00a1Suscr\u00edbete a \"ActualidadRT\"!\nhttps://twitter.com/ActualidadRT\nhttps://www.facebook.com/ActualidadRT\nhttps://plus.google.com/+RTenEspanol/posts\nhttp://www.youtube.com/user/ActualidadRT\nhttp://vk.com/actualidadrt\n\nRT en vivo: http://actualidad.rt.com/en_vivo\n\nRT EN ESPA\u00d1OL: DESDE RUSIA CON INFORMACI\u00d3N", "categories": ["News & Politics"], "tags": ["RT Actualidad", "rt", "russia today", "rt noticias", "rt espa\u00f1ol", "ministro", "Mosc\u00fa", "Ucrania", "elecciones", "Poroshenko", "Sergu\u00e9i Lavrov", "Rusia", "rusia ucrania", "Mosc\u00fa y Kiev", "Kiev", "Federaci\u00f3n de Rusia", "declaraci\u00f3nes", "OSCE", "situaci\u00f3n en Ucrania", "crisis ucrania", "Vlad\u00edmir Putin", "Guerra civil en Ucrania", "secuestro", "estrategia de Kiev", "Ej\u00e9rcito ucraniano", "Sector Derecho", "fascistas", "nazis", "elecciones ucrania", "elecciones presidenciales", "Timoshenko", "Pol\u00edtica", "Internacional"], "subtitles": {}, "automatic_captions": {}, "duration": 232, "age_limit": 0, "annotations": null, "chapters": null, "webpage_url": "https://www.youtube.com/watch?v=O2sTiTYnZfs", "view_count": 2456, "like_count": 21, "dislike_count": 0, "average_rating": 5.0, "formats": [{"ext": "m4a", "format_note": "DASH audio", "acodec": "mp4a.40.5", "abr": 48, "container": "m4a_dash", "format_id": "139", "url": "https://r19---sn-4g57knzd.googlevideo.com/videoplayback?id=3b6b1389362765fb&itag=139&source=youtube&requiressl=yes&initcwndbps=3390000&mn=sn-4g57knzd&mv=m&ms=au&mm=31&pl=16&ei=3qmKWcbzGdSRcLvhptgB&ratebypass=yes&mime=audio/mp4&gir=yes&clen=1399556&lmt=1401440082396175&dur=231.874&key=dg_yt0&signature=4D7F44E41E2BDDD605B679AFD937AB59F66EEA69.6F61617E53FAA9CF3A9A9807EABB2B125D2A7677&mt=1502259525&ip=131.159.40.117&ipbits=0&expire=1502281278&sparams=ip,ipbits,expire,id,itag,source,requiressl,initcwndbps,mn,mv,ms,mm,pl,ei,ratebypass,mime,gir,clen,lmt,dur", "manifest_url": "https://manifest.googlevideo.com/api/manifest/dash/requiressl/yes/source/youtube/ip/131.159.40.117/key/yt6/initcwndbps/3390000/mn/sn-4g57knzd/sparams/as%2Cei%2Chfr%2Cid%2Cinitcwndbps%2Cip%2Cipbits%2Citag%2Cmm%2Cmn%2Cms%2Cmv%2Cpl%2Cplayback_host%2Crequiressl%2Csource%2Cexpire/mv/m/playback_host/r19---sn-4g57knzd.googlevideo.com/ms/au/signature/D552F7F604C2F7C9A77D2BD5FA75498AF5D54CAE.9B64BB9F5D038C793AA197AAC2D26C3D2AB418ED/hfr/1/mm/31/ipbits/0/pl/16/id/3b6b1389362765fb/as/fmp4_audio_clear%2Cfmp4_sd_hd_clear/expire/1502281278/mt/1502259525/itag/0/ei/3qmKWcbzGdSRcLvhptgB", "width": null, "height": null, "tbr": 49.24, "asr": 22050, "fps": null, "language": null, "filesize": 1399556, "vcodec": "none", "format": "139 - audio only (DASH audio)", "protocol": "https", "http_headers": {"User-Agent": "Mozilla/5.0 (X11; Linux x86_64; rv:10.0) Gecko/20150101 Firefox/47.0 (Chrome)", "Accept-Charset": "ISO-8859-1,utf-8;q=0.7,*;q=0.7", "Accept": "text/html,application/xhtml+xml,application/xml;q=0.9,*/*;q=0.8", "Accept-Encoding": "gzip, deflate", "Accept-Language": "en-us,en;q=0.5"}}, {"format_id": "171", "url": "https://r19---sn-4g57knzd.googlevideo.com/videoplayback?requiressl=yes&ms=au&itag=171&pl=16&mt=1502259525&dur=231.763&id=o-AHPbSXEdhiJTPBpUXGgVLUJkom7gtXze5xZ4eI3yjvm8&mime=audio%2Fwebm&sparams=clen%2Cdur%2Cei%2Cgir%2Cid%2Cinitcwndbps%2Cip%2Cipbits%2Citag%2Ckeepalive%2Clmt%2Cmime%2Cmm%2Cmn%2Cms%2Cmv%2Cpcm2%2Cpl%2Crequiressl%2Csource%2Cexpire&mv=m&mn=sn-4g57knzd&ip=131.159.40.117&mm=31&pcm2=no&lmt=1401286387327031&ipbits=0&gir=yes&clen=2159956&signature=8B83517C70C9D14865C8F4A985FFFCED2F9934F8.AA4A729EA5E24B22D37B7F3F75AA23E3BD24406A&source=youtube&ei=3amKWey0OITZc7fLvpgO&keepalive=yes&key=yt6&initcwndbps=3390000&expire=1502281278&ratebypass=yes", "player_url": null, "ext": "webm", "acodec": "vorbis", "format_note": "DASH audio", "abr": 128, "filesize": 2159956, "tbr": 78.489, "fps": 1, "vcodec": "none", "format": "171 - audio only (DASH audio)", "protocol": "https", "http_headers": {"User-Agent": "Mozilla/5.0 (X11; Linux x86_64; rv:10.0) Gecko/20150101 Firefox/47.0 (Chrome)", "Accept-Charset": "ISO-8859-1,utf-8;q=0.7,*;q=0.7", "Accept": "text/html,application/xhtml+xml,application/xml;q=0.9,*/*;q=0.8", "Accept-Encoding": "gzip, deflate", "Accept-Language": "en-us,en;q=0.5"}}, {"ext": "m4a", "format_note": "DASH audio", "acodec": "mp4a.40.2", "abr": 128, "container": "m4a_dash", "format_id": "140", "url": "https://r19---sn-4g57knzd.googlevideo.com/videoplayback?id=3b6b1389362765fb&itag=140&source=youtube&requiressl=yes&initcwndbps=3390000&mn=sn-4g57knzd&mv=m&ms=au&mm=31&pl=16&ei=3qmKWcbzGdSRcLvhptgB&ratebypass=yes&mime=audio/mp4&gir=yes&clen=3723004&lmt=1401440041532835&dur=231.827&key=dg_yt0&signature=722CA522D1EB4EB1A6DAD67FF644BC35E4F7CA3D.1EBF2695B4AE0BF642A54164BADE78D28FE6FEB2&mt=1502259525&ip=131.159.40.117&ipbits=0&expire=1502281278&sparams=ip,ipbits,expire,id,itag,source,requiressl,initcwndbps,mn,mv,ms,mm,pl,ei,ratebypass,mime,gir,clen,lmt,dur", "manifest_url": "https://manifest.googlevideo.com/api/manifest/dash/requiressl/yes/source/youtube/ip/131.159.40.117/key/yt6/initcwndbps/3390000/mn/sn-4g57knzd/sparams/as%2Cei%2Chfr%2Cid%2Cinitcwndbps%2Cip%2Cipbits%2Citag%2Cmm%2Cmn%2Cms%2Cmv%2Cpl%2Cplayback_host%2Crequiressl%2Csource%2Cexpire/mv/m/playback_host/r19---sn-4g57knzd.googlevideo.com/ms/au/signature/D552F7F604C2F7C9A77D2BD5FA75498AF5D54CAE.9B64BB9F5D038C793AA197AAC2D26C3D2AB418ED/hfr/1/mm/31/ipbits/0/pl/16/id/3b6b1389362765fb/as/fmp4_audio_clear%2Cfmp4_sd_hd_clear/expire/1502281278/mt/1502259525/itag/0/ei/3qmKWcbzGdSRcLvhptgB", "width": null, "height": null, "tbr": 129.444, "asr": 44100, "fps": null, "language": null, "filesize": 3723004, "vcodec": "none", "format": "140 - audio only (DASH audio)", "protocol": "https", "http_headers": {"User-Agent": "Mozilla/5.0 (X11; Linux x86_64; rv:10.0) Gecko/20150101 Firefox/47.0 (Chrome)", "Accept-Charset": "ISO-8859-1,utf-8;q=0.7,*;q=0.7", "Accept": "text/html,application/xhtml+xml,application/xml;q=0.9,*/*;q=0.8", "Accept-Encoding": "gzip, deflate", "Accept-Language": "en-us,en;q=0.5"}}, {"ext": "mp4", "height": 144, "format_note": "DASH video", "vcodec": "avc1.4d400c", "format_id": "160", "url": "https://r19---sn-4g57knzd.googlevideo.com/videoplayback?id=3b6b1389362765fb&itag=160&source=youtube&requiressl=yes&initcwndbps=3390000&mn=sn-4g57knzd&mv=m&ms=au&mm=31&pl=16&ei=3qmKWcbzGdSRcLvhptgB&ratebypass=yes&mime=video/mp4&gir=yes&clen=3187762&lmt=1401440020035986&dur=231.721&key=dg_yt0&signature=8566F769D7BE85FDAE9A947286298964A7A540E4.7CF1130242BA7F41A611EE27BE9890F7588C1700&mt=1502259525&ip=131.159.40.117&ipbits=0&expire=1502281278&sparams=ip,ipbits,expire,id,itag,source,requiressl,initcwndbps,mn,mv,ms,mm,pl,ei,ratebypass,mime,gir,clen,lmt,dur", "manifest_url": "https://manifest.googlevideo.com/api/manifest/dash/requiressl/yes/source/youtube/ip/131.159.40.117/key/yt6/initcwndbps/3390000/mn/sn-4g57knzd/sparams/as%2Cei%2Chfr%2Cid%2Cinitcwndbps%2Cip%2Cipbits%2Citag%2Cmm%2Cmn%2Cms%2Cmv%2Cpl%2Cplayback_host%2Crequiressl%2Csource%2Cexpire/mv/m/playback_host/r19---sn-4g57knzd.googlevideo.com/ms/au/signature/D552F7F604C2F7C9A77D2BD5FA75498AF5D54CAE.9B64BB9F5D038C793AA197AAC2D26C3D2AB418ED/hfr/1/mm/31/ipbits/0/pl/16/id/3b6b1389362765fb/as/fmp4_audio_clear%2Cfmp4_sd_hd_clear/expire/1502281278/mt/1502259525/itag/0/ei/3qmKWcbzGdSRcLvhptgB", "width": 256, "tbr": 111.903, "asr": null, "fps": 13, "language": null, "filesize": 3187762, "acodec": "none", "format": "160 - 256x144 (DASH video)", "protocol": "https", "http_headers": {"User-Agent": "Mozilla/5.0 (X11; Linux x86_64; rv:10.0) Gecko/20150101 Firefox/47.0 (Chrome)", "Accept-Charset": "ISO-8859-1,utf-8;q=0.7,*;q=0.7", "Accept": "text/html,application/xhtml+xml,application/xml;q=0.9,*/*;q=0.8", "Accept-Encoding": "gzip, deflate", "Accept-Language": "en-us,en;q=0.5"}}, {"ext": "mp4", "height": 240, "format_note": "DASH video", "vcodec": "avc1.4d4015", "format_id": "133", "url": "https://r19---sn-4g57knzd.googlevideo.com/videoplayback?id=3b6b1389362765fb&itag=133&source=youtube&requiressl=yes&initcwndbps=3390000&mn=sn-4g57knzd&mv=m&ms=au&mm=31&pl=16&ei=3qmKWcbzGdSRcLvhptgB&ratebypass=yes&mime=video/mp4&gir=yes&clen=7128918&lmt=1401440012832440&dur=231.721&key=dg_yt0&signature=9995F74C641A7CEA7890740C98F3A5279FBA6CA1.321975B1B866971FDCD8C4B4016AAC167706F020&mt=1502259525&ip=131.159.40.117&ipbits=0&expire=1502281278&sparams=ip,ipbits,expire,id,itag,source,requiressl,initcwndbps,mn,mv,ms,mm,pl,ei,ratebypass,mime,gir,clen,lmt,dur", "manifest_url": "https://manifest.googlevideo.com/api/manifest/dash/requiressl/yes/source/youtube/ip/131.159.40.117/key/yt6/initcwndbps/3390000/mn/sn-4g57knzd/sparams/as%2Cei%2Chfr%2Cid%2Cinitcwndbps%2Cip%2Cipbits%2Citag%2Cmm%2Cmn%2Cms%2Cmv%2Cpl%2Cplayback_host%2Crequiressl%2Csource%2Cexpire/mv/m/playback_host/r19---sn-4g57knzd.googlevideo.com/ms/au/signature/D552F7F604C2F7C9A77D2BD5FA75498AF5D54CAE.9B64BB9F5D038C793AA197AAC2D26C3D2AB418ED/hfr/1/mm/31/ipbits/0/pl/16/id/3b6b1389362765fb/as/fmp4_audio_clear%2Cfmp4_sd_hd_clear/expire/1502281278/mt/1502259525/itag/0/ei/3qmKWcbzGdSRcLvhptgB", "width": 426, "tbr": 252.687, "asr": null, "fps": 25, "language": null, "filesize": 7128918, "acodec": "none", "format": "133 - 426x240 (DASH video)", "protocol": "https", "http_headers": {"User-Agent": "Mozilla/5.0 (X11; Linux x86_64; rv:10.0) Gecko/20150101 Firefox/47.0 (Chrome)", "Accept-Charset": "ISO-8859-1,utf-8;q=0.7,*;q=0.7", "Accept": "text/html,application/xhtml+xml,application/xml;q=0.9,*/*;q=0.8", "Accept-Encoding": "gzip, deflate", "Accept-Language": "en-us,en;q=0.5"}}, {"ext": "mp4", "height": 360, "format_note": "DASH video", "vcodec": "avc1.4d401e", "format_id": "134", "url": "https://r19---sn-4g57knzd.googlevideo.com/videoplayback?id=3b6b1389362765fb&itag=134&source=youtube&requiressl=yes&initcwndbps=3390000&mn=sn-4g57knzd&mv=m&ms=au&mm=31&pl=16&ei=3qmKWcbzGdSRcLvhptgB&ratebypass=yes&mime=video/mp4&gir=yes&clen=7987179&lmt=1401440051607259&dur=231.721&key=dg_yt0&signature=57B43FB95E91675E8AF535851414D287082C5ECD.35C1FE27B9C53567CAA0E4BAA8B0308AA2FA766B&mt=1502259525&ip=131.159.40.117&ipbits=0&expire=1502281278&sparams=ip,ipbits,expire,id,itag,source,requiressl,initcwndbps,mn,mv,ms,mm,pl,ei,ratebypass,mime,gir,clen,lmt,dur", "manifest_url": "https://manifest.googlevideo.com/api/manifest/dash/requiressl/yes/source/youtube/ip/131.159.40.117/key/yt6/initcwndbps/3390000/mn/sn-4g57knzd/sparams/as%2Cei%2Chfr%2Cid%2Cinitcwndbps%2Cip%2Cipbits%2Citag%2Cmm%2Cmn%2Cms%2Cmv%2Cpl%2Cplayback_host%2Crequiressl%2Csource%2Cexpire/mv/m/playback_host/r19---sn-4g57knzd.googlevideo.com/ms/au/signature/D552F7F604C2F7C9A77D2BD5FA75498AF5D54CAE.9B64BB9F5D038C793AA197AAC2D26C3D2AB418ED/hfr/1/mm/31/ipbits/0/pl/16/id/3b6b1389362765fb/as/fmp4_audio_clear%2Cfmp4_sd_hd_clear/expire/1502281278/mt/1502259525/itag/0/ei/3qmKWcbzGdSRcLvhptgB", "width": 640, "tbr": 378.034, "asr": null, "fps": 25, "language": null, "filesize": 7987179, "acodec": "none", "format": "134 - 640x360 (DASH video)", "protocol": "https", "http_headers": {"User-Agent": "Mozilla/5.0 (X11; Linux x86_64; rv:10.0) Gecko/20150101 Firefox/47.0 (Chrome)", "Accept-Charset": "ISO-8859-1,utf-8;q=0.7,*;q=0.7", "Accept": "text/html,application/xhtml+xml,application/xml;q=0.9,*/*;q=0.8", "Accept-Encoding": "gzip, deflate", "Accept-Language": "en-us,en;q=0.5"}}, {"ext": "mp4", "height": 480, "format_note": "DASH video", "vcodec": "avc1.4d401e", "format_id": "135", "url": "https://r19---sn-4g57knzd.googlevideo.com/videoplayback?id=3b6b1389362765fb&itag=135&source=youtube&requiressl=yes&initcwndbps=3390000&mn=sn-4g57knzd&mv=m&ms=au&mm=31&pl=16&ei=3qmKWcbzGdSRcLvhptgB&ratebypass=yes&mime=video/mp4&gir=yes&clen=16432640&lmt=1401440041783876&dur=231.721&key=dg_yt0&signature=55002919E6E1593C8325BFB072809EA5209B94A5.181B5EA9D406637800C5E50B68BFEABA0C309064&mt=1502259525&ip=131.159.40.117&ipbits=0&expire=1502281278&sparams=ip,ipbits,expire,id,itag,source,requiressl,initcwndbps,mn,mv,ms,mm,pl,ei,ratebypass,mime,gir,clen,lmt,dur", "manifest_url": "https://manifest.googlevideo.com/api/manifest/dash/requiressl/yes/source/youtube/ip/131.159.40.117/key/yt6/initcwndbps/3390000/mn/sn-4g57knzd/sparams/as%2Cei%2Chfr%2Cid%2Cinitcwndbps%2Cip%2Cipbits%2Citag%2Cmm%2Cmn%2Cms%2Cmv%2Cpl%2Cplayback_host%2Crequiressl%2Csource%2Cexpire/mv/m/playback_host/r19---sn-4g57knzd.googlevideo.com/ms/au/signature/D552F7F604C2F7C9A77D2BD5FA75498AF5D54CAE.9B64BB9F5D038C793AA197AAC2D26C3D2AB418ED/hfr/1/mm/31/ipbits/0/pl/16/id/3b6b1389362765fb/as/fmp4_audio_clear%2Cfmp4_sd_hd_clear/expire/1502281278/mt/1502259525/itag/0/ei/3qmKWcbzGdSRcLvhptgB", "width": 854, "tbr": 760.783, "asr": null, "fps": 25, "language": null, "filesize": 16432640, "acodec": "none", "format": "135 - 854x480 (DASH video)", "protocol": "https", "http_headers": {"User-Agent": "Mozilla/5.0 (X11; Linux x86_64; rv:10.0) Gecko/20150101 Firefox/47.0 (Chrome)", "Accept-Charset": "ISO-8859-1,utf-8;q=0.7,*;q=0.7", "Accept": "text/html,application/xhtml+xml,application/xml;q=0.9,*/*;q=0.8", "Accept-Encoding": "gzip, deflate", "Accept-Language": "en-us,en;q=0.5"}}, {"ext": "mp4", "height": 720, "format_note": "DASH video", "vcodec": "avc1.4d401f", "format_id": "136", "url": "https://r19---sn-4g57knzd.googlevideo.com/videoplayback?id=3b6b1389362765fb&itag=136&source=youtube&requiressl=yes&initcwndbps=3390000&mn=sn-4g57knzd&mv=m&ms=au&mm=31&pl=16&ei=3qmKWcbzGdSRcLvhptgB&ratebypass=yes&mime=video/mp4&gir=yes&clen=33836087&lmt=1401440126899603&dur=231.721&key=dg_yt0&signature=396D08BF7D699A028D9AC5D9E23F88DE8486E9F2.3C545FCACB9AEE89CC2881FEBFA031A499983802&mt=1502259525&ip=131.159.40.117&ipbits=0&expire=1502281278&sparams=ip,ipbits,expire,id,itag,source,requiressl,initcwndbps,mn,mv,ms,mm,pl,ei,ratebypass,mime,gir,clen,lmt,dur", "manifest_url": "https://manifest.googlevideo.com/api/manifest/dash/requiressl/yes/source/youtube/ip/131.159.40.117/key/yt6/initcwndbps/3390000/mn/sn-4g57knzd/sparams/as%2Cei%2Chfr%2Cid%2Cinitcwndbps%2Cip%2Cipbits%2Citag%2Cmm%2Cmn%2Cms%2Cmv%2Cpl%2Cplayback_host%2Crequiressl%2Csource%2Cexpire/mv/m/playback_host/r19---sn-4g57knzd.googlevideo.com/ms/au/signature/D552F7F604C2F7C9A77D2BD5FA75498AF5D54CAE.9B64BB9F5D038C793AA197AAC2D26C3D2AB418ED/hfr/1/mm/31/ipbits/0/pl/16/id/3b6b1389362765fb/as/fmp4_audio_clear%2Cfmp4_sd_hd_clear/expire/1502281278/mt/1502259525/itag/0/ei/3qmKWcbzGdSRcLvhptgB", "width": 1280, "tbr": 1493.179, "asr": null, "fps": 25, "language": null, "filesize": 33836087, "acodec": "none", "format": "136 - 1280x720 (DASH video)", "protocol": "https", "http_headers": {"User-Agent": "Mozilla/5.0 (X11; Linux x86_64; rv:10.0) Gecko/20150101 Firefox/47.0 (Chrome)", "Accept-Charset": "ISO-8859-1,utf-8;q=0.7,*;q=0.7", "Accept": "text/html,application/xhtml+xml,application/xml;q=0.9,*/*;q=0.8", "Accept-Encoding": "gzip, deflate", "Accept-Language": "en-us,en;q=0.5"}}, {"format_id": "17", "url": "https://r19---sn-4g57knzd.googlevideo.com/videoplayback?requiressl=yes&ms=au&itag=17&pl=16&mt=1502259525&dur=231.967&id=o-AHPbSXEdhiJTPBpUXGgVLUJkom7gtXze5xZ4eI3yjvm8&mime=video%2F3gpp&sparams=clen%2Cdur%2Cei%2Cgir%2Cid%2Cinitcwndbps%2Cip%2Cipbits%2Citag%2Clmt%2Cmime%2Cmm%2Cmn%2Cms%2Cmv%2Cpcm2%2Cpl%2Crequiressl%2Csource%2Cexpire&mv=m&mn=sn-4g57knzd&ip=131.159.40.117&mm=31&pcm2=no&lmt=1401103565351563&ipbits=0&gir=yes&clen=2358402&signature=3A607847D6B9F59E58EBD4F38E4CE4F328C5BD6B.5702EB89D513E6BC4BE2416F2A60E5FD5BEEF6FB&source=youtube&ei=3amKWey0OITZc7fLvpgO&key=yt6&initcwndbps=3390000&expire=1502281278&ratebypass=yes", "player_url": null, "ext": "3gp", "width": 176, "height": 144, "acodec": "mp4a.40.2", "abr": 24, "vcodec": "mp4v.20.3", "resolution": "176x144", "format_note": "small", "format": "17 - 176x144 (small)", "protocol": "https", "http_headers": {"User-Agent": "Mozilla/5.0 (X11; Linux x86_64; rv:10.0) Gecko/20150101 Firefox/47.0 (Chrome)", "Accept-Charset": "ISO-8859-1,utf-8;q=0.7,*;q=0.7", "Accept": "text/html,application/xhtml+xml,application/xml;q=0.9,*/*;q=0.8", "Accept-Encoding": "gzip, deflate", "Accept-Language": "en-us,en;q=0.5"}}, {"format_id": "36", "url": "https://r19---sn-4g57knzd.googlevideo.com/videoplayback?requiressl=yes&ms=au&itag=36&pl=16&mt=1502259525&dur=231.967&id=o-AHPbSXEdhiJTPBpUXGgVLUJkom7gtXze5xZ4eI3yjvm8&mime=video%2F3gpp&sparams=clen%2Cdur%2Cei%2Cgir%2Cid%2Cinitcwndbps%2Cip%2Cipbits%2Citag%2Clmt%2Cmime%2Cmm%2Cmn%2Cms%2Cmv%2Cpcm2%2Cpl%2Crequiressl%2Csource%2Cexpire&mv=m&mn=sn-4g57knzd&ip=131.159.40.117&mm=31&pcm2=no&lmt=1401103579953164&ipbits=0&gir=yes&clen=6574149&signature=587D087BF2BDB2F4615D6FC4468C2379FB506A03.A620E320BF58EBA9437B2BCC8F2FB8E564563DE7&source=youtube&ei=3amKWey0OITZc7fLvpgO&key=yt6&initcwndbps=3390000&expire=1502281278&ratebypass=yes", "player_url": null, "ext": "3gp", "width": 320, "acodec": "mp4a.40.2", "vcodec": "mp4v.20.3", "resolution": "320x180", "height": 180, "format_note": "small", "format": "36 - 320x180 (small)", "protocol": "https", "http_headers": {"User-Agent": "Mozilla/5.0 (X11; Linux x86_64; rv:10.0) Gecko/20150101 Firefox/47.0 (Chrome)", "Accept-Charset": "ISO-8859-1,utf-8;q=0.7,*;q=0.7", "Accept": "text/html,application/xhtml+xml,application/xml;q=0.9,*/*;q=0.8", "Accept-Encoding": "gzip, deflate", "Accept-Language": "en-us,en;q=0.5"}}, {"format_id": "43", "url": "https://r19---sn-4g57knzd.googlevideo.com/videoplayback?requiressl=yes&ms=au&itag=43&pl=16&mt=1502259525&dur=0.000&id=o-AHPbSXEdhiJTPBpUXGgVLUJkom7gtXze5xZ4eI3yjvm8&mime=video%2Fwebm&sparams=clen%2Cdur%2Cei%2Cgir%2Cid%2Cinitcwndbps%2Cip%2Cipbits%2Citag%2Clmt%2Cmime%2Cmm%2Cmn%2Cms%2Cmv%2Cpcm2%2Cpl%2Cratebypass%2Crequiressl%2Csource%2Cexpire&mv=m&mn=sn-4g57knzd&ip=131.159.40.117&mm=31&pcm2=no&lmt=1401112951551878&ipbits=0&gir=yes&ratebypass=yes&clen=22364408&signature=3F292D43A9A973A78EF03D21013FFDED402EBBA5.43816ABB594240267CD5F1C070B4A408BC1C71FE&source=youtube&ei=3amKWey0OITZc7fLvpgO&key=yt6&initcwndbps=3390000&expire=1502281278", "player_url": null, "ext": "webm", "width": 640, "height": 360, "acodec": "vorbis", "abr": 128, "vcodec": "vp8.0", "resolution": "640x360", "format_note": "medium", "format": "43 - 640x360 (medium)", "protocol": "https", "http_headers": {"User-Agent": "Mozilla/5.0 (X11; Linux x86_64; rv:10.0) Gecko/20150101 Firefox/47.0 (Chrome)", "Accept-Charset": "ISO-8859-1,utf-8;q=0.7,*;q=0.7", "Accept": "text/html,application/xhtml+xml,application/xml;q=0.9,*/*;q=0.8", "Accept-Encoding": "gzip, deflate", "Accept-Language": "en-us,en;q=0.5"}}, {"format_id": "18", "url": "https://r19---sn-4g57knzd.googlevideo.com/videoplayback?requiressl=yes&ms=au&itag=18&pl=16&mt=1502259525&dur=231.828&id=o-AHPbSXEdhiJTPBpUXGgVLUJkom7gtXze5xZ4eI3yjvm8&mime=video%2Fmp4&sparams=clen%2Cdur%2Cei%2Cgir%2Cid%2Cinitcwndbps%2Cip%2Cipbits%2Citag%2Clmt%2Cmime%2Cmm%2Cmn%2Cms%2Cmv%2Cpcm2%2Cpl%2Cratebypass%2Crequiressl%2Csource%2Cexpire&mv=m&mn=sn-4g57knzd&ip=131.159.40.117&mm=31&pcm2=no&lmt=1401440127472658&ipbits=0&gir=yes&ratebypass=yes&clen=14795629&signature=7BD4CF721CFAB3234357EC5A0ED1AF3427E6D676.D5B70176E4C7234C9518DA38CB7FABD1B10DD0BB&source=youtube&ei=3amKWey0OITZc7fLvpgO&key=yt6&initcwndbps=3390000&expire=1502281278", "player_url": null, "ext": "mp4", "width": 640, "height": 360, "acodec": "mp4a.40.2", "abr": 96, "vcodec": "avc1.42001E", "resolution": "640x360", "format_note": "medium", "format": "18 - 640x360 (medium)", "protocol": "https", "http_headers": {"User-Agent": "Mozilla/5.0 (X11; Linux x86_64; rv:10.0) Gecko/20150101 Firefox/47.0 (Chrome)", "Accept-Charset": "ISO-8859-1,utf-8;q=0.7,*;q=0.7", "Accept": "text/html,application/xhtml+xml,application/xml;q=0.9,*/*;q=0.8", "Accept-Encoding": "gzip, deflate", "Accept-Language": "en-us,en;q=0.5"}}, {"format_id": "22", "url": "https://r19---sn-4g57knzd.googlevideo.com/videoplayback?requiressl=yes&ms=au&itag=22&pl=16&mt=1502259525&dur=231.828&id=o-AHPbSXEdhiJTPBpUXGgVLUJkom7gtXze5xZ4eI3yjvm8&mime=video%2Fmp4&sparams=dur%2Cei%2Cid%2Cinitcwndbps%2Cip%2Cipbits%2Citag%2Clmt%2Cmime%2Cmm%2Cmn%2Cms%2Cmv%2Cpcm2%2Cpl%2Cratebypass%2Crequiressl%2Csource%2Cexpire&mv=m&mn=sn-4g57knzd&ip=131.159.40.117&mm=31&pcm2=no&lmt=1471829496093677&ipbits=0&ratebypass=yes&signature=1A695B9770B89946B4ADF3A8FFBD3E1956872BBF.239B2B7327646AB60384F27C791F8A7331887606&source=youtube&ei=3amKWey0OITZc7fLvpgO&key=yt6&initcwndbps=3390000&expire=1502281278", "player_url": null, "ext": "mp4", "width": 1280, "height": 720, "acodec": "mp4a.40.2", "abr": 192, "vcodec": "avc1.64001F", "resolution": "1280x720", "format_note": "hd720", "format": "22 - 1280x720 (hd720)", "protocol": "https", "http_headers": {"User-Agent": "Mozilla/5.0 (X11; Linux x86_64; rv:10.0) Gecko/20150101 Firefox/47.0 (Chrome)", "Accept-Charset": "ISO-8859-1,utf-8;q=0.7,*;q=0.7", "Accept": "text/html,application/xhtml+xml,application/xml;q=0.9,*/*;q=0.8", "Accept-Encoding": "gzip, deflate", "Accept-Language": "en-us,en;q=0.5"}}], "is_live": null, "start_time": null, "end_time": null, "series": null, "season_number": null, "episode_number": null, "extractor": "youtube", "webpage_url_basename": "O2sTiTYnZfs", "extractor_key": "Youtube", "playlist": null, "playlist_index": null, "thumbnails": [{"url": "https://i.ytimg.com/vi/O2sTiTYnZfs/maxresdefault.jpg", "id": "0"}], "display_id": "O2sTiTYnZfs", "ext": "mp4", "height": 720, "format_note": "DASH video", "vcodec": "avc1.4d401f", "format_id": "136", "url": "https://r19---sn-4g57knzd.googlevideo.com/videoplayback?id=3b6b1389362765fb&itag=136&source=youtube&requiressl=yes&initcwndbps=3390000&mn=sn-4g57knzd&mv=m&ms=au&mm=31&pl=16&ei=3qmKWcbzGdSRcLvhptgB&ratebypass=yes&mime=video/mp4&gir=yes&clen=33836087&lmt=1401440126899603&dur=231.721&key=dg_yt0&signature=396D08BF7D699A028D9AC5D9E23F88DE8486E9F2.3C545FCACB9AEE89CC2881FEBFA031A499983802&mt=1502259525&ip=131.159.40.117&ipbits=0&expire=1502281278&sparams=ip,ipbits,expire,id,itag,source,requiressl,initcwndbps,mn,mv,ms,mm,pl,ei,ratebypass,mime,gir,clen,lmt,dur", "manifest_url": "https://manifest.googlevideo.com/api/manifest/dash/requiressl/yes/source/youtube/ip/131.159.40.117/key/yt6/initcwndbps/3390000/mn/sn-4g57knzd/sparams/as%2Cei%2Chfr%2Cid%2Cinitcwndbps%2Cip%2Cipbits%2Citag%2Cmm%2Cmn%2Cms%2Cmv%2Cpl%2Cplayback_host%2Crequiressl%2Csource%2Cexpire/mv/m/playback_host/r19---sn-4g57knzd.googlevideo.com/ms/au/signature/D552F7F604C2F7C9A77D2BD5FA75498AF5D54CAE.9B64BB9F5D038C793AA197AAC2D26C3D2AB418ED/hfr/1/mm/31/ipbits/0/pl/16/id/3b6b1389362765fb/as/fmp4_audio_clear%2Cfmp4_sd_hd_clear/expire/1502281278/mt/1502259525/itag/0/ei/3qmKWcbzGdSRcLvhptgB", "width": 1280, "tbr": 1493.179, "asr": null, "fps": 25, "language": null, "filesize": 33836087, "acodec": "none", "format": "136 - 1280x720 (DASH video)", "protocol": "https", "http_headers": {"User-Agent": "Mozilla/5.0 (X11; Linux x86_64; rv:10.0) Gecko/20150101 Firefox/47.0 (Chrome)", "Accept-Charset": "ISO-8859-1,utf-8;q=0.7,*;q=0.7", "Accept": "text/html,application/xhtml+xml,application/xml;q=0.9,*/*;q=0.8", "Accept-Encoding": "gzip, deflate", "Accept-Language": "en-us,en;q=0.5"}, "fulltitle": "Lavrov: \"Rusia est\u00e1 dispuesta a dialogar con Piotr Poroshenko\"", "_filename": "O2sTiTYnZfs.mp4"}