{"id": "kCGKcmu9Pho", "uploader": "\u042e\u0440\u0438\u0439 \u041a\u043e\u0444\u043d\u0435\u0440", "uploader_id": "Razkolnik", "uploader_url": "http://www.youtube.com/user/Razkolnik", "upload_date": "20111017", "license": "Standard YouTube License", "creator": null, "title": "\u0415\u0432\u0440\u0430\u0437\u0438\u0439\u0441\u043a\u0438\u0439 \u0421\u043e\u044e\u0437  \u043a\u0430\u043a\u0438\u043c \u0435\u0433\u043e \u0432\u0438\u0434\u044f\u0442 \u0432 \u0421\u041d\u0413", "alt_title": null, "thumbnail": "https://i.ytimg.com/vi/kCGKcmu9Pho/hqdefault.jpg", "description": "\u00ab\u041c\u041e\u041b\u041e\u0414\u0410\u042f \u0415\u0412\u0420\u0410\u0417\u0418\u042f\u00bb -- \u044d\u0442\u043e \u043d\u043e\u0432\u043e\u0435 \u0434\u0432\u0438\u0436\u0435\u043d\u0438\u0435, \u043e\u0441\u043d\u043e\u0432\u0430\u043d\u043d\u043e\u0435 \u043d\u0430 \u0443\u0447\u0435\u043d\u0438\u044f\u0445 \u043a\u043b\u0430\u0441\u0441\u0438\u0447\u0435\u0441\u043a\u043e\u0433\u043e \u0438 \u0441\u043e\u0432\u0440\u0435\u043c\u0435\u043d\u043d\u043e\u0433\u043e \u0415\u0432\u0440\u0430\u0437\u0438\u0439\u0441\u0442\u0432\u0430, \u043e\u0431\u044a\u0435\u0434\u0438\u043d\u044f\u044e\u0449\u0435\u0435 \u043c\u043e\u043b\u043e\u0434\u0435\u0436\u044c \u0438 \u0438\u043d\u0442\u0435\u043b\u043b\u0438\u0433\u0435\u043d\u0446\u0438\u044e \u043d\u0430\u0440\u043e\u0434\u043e\u0432 \u0415\u0432\u0440\u0430\u0437\u0438\u0439\u0441\u043a\u043e\u0433\u043e \u043f\u0440\u043e\u0441\u0442\u0440\u0430\u043d\u0441\u0442\u0432\u0430.\n\nhttp://vkontakte.ru/young_eurasia", "categories": ["Nonprofits & Activism"], "tags": ["\u0415\u0432\u0440\u0430\u0437\u0438\u044f", "\u0435\u0432\u0440\u0430\u0437\u0438\u0439\u0441\u0442\u0432\u043e", "\u0438\u043d\u0442\u0435\u0433\u0440\u0430\u0446\u0438\u044f", "\u043f\u0440\u043e\u0441\u0442\u0440\u0430\u043d\u0441\u0442\u0432\u043e", "\u0421\u0421\u0421\u0420", "\u0421\u043e\u0432\u0435\u0442\u0441\u043a\u0438\u0439 \u0421\u043e\u044e\u0437", "\u0421\u041d\u0413", "\u0421\u043e\u0434\u0440\u0443\u0436\u0435\u0441\u0442\u0432\u043e", "\u0415\u0432\u0440\u0430\u0437\u042d\u0421", "\u041e\u0414\u041a\u0411", "\u0441\u043e\u0442\u0440\u0443\u0434\u043d\u0438\u0447\u0435\u0441\u0442\u0432\u043e", "\u041c\u0438\u0440."], "subtitles": {}, "automatic_captions": {}, "duration": 488, "age_limit": 0, "annotations": null, "chapters": null, "webpage_url": "https://www.youtube.com/watch?v=kCGKcmu9Pho", "view_count": 18578, "like_count": 114, "dislike_count": 13, "average_rating": 4.59055137634, "formats": [{"ext": "m4a", "format_note": "DASH audio", "acodec": "mp4a.40.5", "abr": 48, "container": "m4a_dash", "format_id": "139", "url": "https://r6---sn-4g5edne7.googlevideo.com/videoplayback?id=90218a726bbd3e1a&itag=139&source=youtube&requiressl=yes&ei=JTSLWcboBcHcW4S8gfgG&initcwndbps=3992500&mv=m&ms=au&pl=16&mn=sn-4g5edne7&mm=31&ratebypass=yes&mime=audio/mp4&gir=yes&clen=2901862&lmt=1390786578552131&dur=487.851&beids=[9466591]&key=dg_yt0&signature=1B7AFC6655386D880656319E46EA5261D51D538D.817233A3E945407D947A7D5E240EC2540A3440D4&mt=1502294990&ip=131.159.40.117&ipbits=0&expire=1502316677&sparams=ip,ipbits,expire,id,itag,source,requiressl,ei,initcwndbps,mv,ms,pl,mn,mm,ratebypass,mime,gir,clen,lmt,dur", "manifest_url": "https://manifest.googlevideo.com/api/manifest/dash/ei/JTSLWcboBcHcW4S8gfgG/beids/%5B9466591%5D/key/yt6/as/fmp4_audio_clear%2Cfmp4_sd_hd_clear/initcwndbps/3992500/expire/1502316677/signature/B0A239CF1EAEBA7C98012D2B9F8542DE4DB0DDBD.9CCA475117745F8903F6582CF0B9E92091E872E4/source/youtube/playback_host/r6---sn-4g5edne7.googlevideo.com/hfr/1/ipbits/0/mv/m/requiressl/yes/ms/au/itag/0/pl/16/mt/1502294990/id/90218a726bbd3e1a/sparams/as%2Cei%2Chfr%2Cid%2Cinitcwndbps%2Cip%2Cipbits%2Citag%2Cmm%2Cmn%2Cms%2Cmv%2Cpl%2Cplayback_host%2Crequiressl%2Csource%2Cexpire/mn/sn-4g5edne7/ip/131.159.40.117/mm/31", "width": null, "height": null, "tbr": 48.813, "asr": 22050, "fps": null, "language": null, "filesize": 2901862, "vcodec": "none", "format": "139 - audio only (DASH audio)", "protocol": "https", "http_headers": {"User-Agent": "Mozilla/5.0 (X11; Linux x86_64; rv:10.0) Gecko/20150101 Firefox/47.0 (Chrome)", "Accept-Charset": "ISO-8859-1,utf-8;q=0.7,*;q=0.7", "Accept": "text/html,application/xhtml+xml,application/xml;q=0.9,*/*;q=0.8", "Accept-Encoding": "gzip, deflate", "Accept-Language": "en-us,en;q=0.5"}}, {"format_id": "249", "url": "https://r6---sn-4g57knld.googlevideo.com/videoplayback?gir=yes&mime=audio%2Fwebm&key=yt6&initcwndbps=3992500&requiressl=yes&beids=%5B9466591%5D&signature=418FB66BF3CF1BE9BB3BD15B010BBA417CA1EF05.2413CCD49BF8D9D379BD95A5641947B2922B1FF9&ms=au&mt=1502294990&mv=m&sparams=clen%2Cdur%2Cei%2Cgir%2Cid%2Cinitcwndbps%2Cip%2Cipbits%2Citag%2Ckeepalive%2Clmt%2Cmime%2Cmm%2Cmn%2Cms%2Cmv%2Cpl%2Crequiressl%2Csource%2Cexpire&ip=131.159.40.117&clen=3092491&id=o-ALuPNK2TheXUE7dNig66UmIQLDDmKcHzNkAb9qKRXqMD&keepalive=yes&mm=31&mn=sn-4g57knld&source=youtube&ei=JDSLWZ_lKMKMWLznuTg&itag=249&pl=16&lmt=1412092235755167&expire=1502316676&ipbits=0&dur=487.721&ratebypass=yes", "player_url": null, "ext": "webm", "format_note": "DASH audio", "acodec": "opus", "abr": 50, "filesize": 3092491, "tbr": 52.73, "fps": 1, "vcodec": "none", "format": "249 - audio only (DASH audio)", "protocol": "https", "http_headers": {"User-Agent": "Mozilla/5.0 (X11; Linux x86_64; rv:10.0) Gecko/20150101 Firefox/47.0 (Chrome)", "Accept-Charset": "ISO-8859-1,utf-8;q=0.7,*;q=0.7", "Accept": "text/html,application/xhtml+xml,application/xml;q=0.9,*/*;q=0.8", "Accept-Encoding": "gzip, deflate", "Accept-Language": "en-us,en;q=0.5"}}, {"format_id": "250", "url": "https://r6---sn-4g57knld.googlevideo.com/videoplayback?gir=yes&mime=audio%2Fwebm&key=yt6&initcwndbps=3992500&requiressl=yes&beids=%5B9466591%5D&signature=57EEF08ADD68F676B3E45759813874EC4EB3E2F1.5D25A2A5F62197DD230EA962279834BD28F55ECE&ms=au&mt=1502294990&mv=m&sparams=clen%2Cdur%2Cei%2Cgir%2Cid%2Cinitcwndbps%2Cip%2Cipbits%2Citag%2Ckeepalive%2Clmt%2Cmime%2Cmm%2Cmn%2Cms%2Cmv%2Cpl%2Crequiressl%2Csource%2Cexpire&ip=131.159.40.117&clen=4124235&id=o-ALuPNK2TheXUE7dNig66UmIQLDDmKcHzNkAb9qKRXqMD&keepalive=yes&mm=31&mn=sn-4g57knld&source=youtube&ei=JDSLWZ_lKMKMWLznuTg&itag=250&pl=16&lmt=1412092232168901&expire=1502316676&ipbits=0&dur=487.721&ratebypass=yes", "player_url": null, "ext": "webm", "format_note": "DASH audio", "acodec": "opus", "abr": 70, "filesize": 4124235, "tbr": 77.48, "fps": 1, "vcodec": "none", "format": "250 - audio only (DASH audio)", "protocol": "https", "http_headers": {"User-Agent": "Mozilla/5.0 (X11; Linux x86_64; rv:10.0) Gecko/20150101 Firefox/47.0 (Chrome)", "Accept-Charset": "ISO-8859-1,utf-8;q=0.7,*;q=0.7", "Accept": "text/html,application/xhtml+xml,application/xml;q=0.9,*/*;q=0.8", "Accept-Encoding": "gzip, deflate", "Accept-Language": "en-us,en;q=0.5"}}, {"format_id": "171", "url": "https://r6---sn-4g57knld.googlevideo.com/videoplayback?gir=yes&mime=audio%2Fwebm&key=yt6&initcwndbps=3992500&requiressl=yes&beids=%5B9466591%5D&signature=9A23A03B535CFE4E853FF1AD2416BADC9CD59989.34E42D99B88E87740DA834FB5DAFD8940124352A&ms=au&mt=1502294990&mv=m&sparams=clen%2Cdur%2Cei%2Cgir%2Cid%2Cinitcwndbps%2Cip%2Cipbits%2Citag%2Ckeepalive%2Clmt%2Cmime%2Cmm%2Cmn%2Cms%2Cmv%2Cpl%2Crequiressl%2Csource%2Cexpire&ip=131.159.40.117&clen=5797255&id=o-ALuPNK2TheXUE7dNig66UmIQLDDmKcHzNkAb9qKRXqMD&keepalive=yes&mm=31&mn=sn-4g57knld&source=youtube&ei=JDSLWZ_lKMKMWLznuTg&itag=171&pl=16&lmt=1412092234538753&expire=1502316676&ipbits=0&dur=487.710&ratebypass=yes", "player_url": null, "ext": "webm", "acodec": "vorbis", "format_note": "DASH audio", "abr": 128, "filesize": 5797255, "tbr": 110.111, "fps": 1, "vcodec": "none", "format": "171 - audio only (DASH audio)", "protocol": "https", "http_headers": {"User-Agent": "Mozilla/5.0 (X11; Linux x86_64; rv:10.0) Gecko/20150101 Firefox/47.0 (Chrome)", "Accept-Charset": "ISO-8859-1,utf-8;q=0.7,*;q=0.7", "Accept": "text/html,application/xhtml+xml,application/xml;q=0.9,*/*;q=0.8", "Accept-Encoding": "gzip, deflate", "Accept-Language": "en-us,en;q=0.5"}}, {"ext": "m4a", "format_note": "DASH audio", "acodec": "mp4a.40.2", "abr": 128, "container": "m4a_dash", "format_id": "140", "url": "https://r6---sn-4g5edne7.googlevideo.com/videoplayback?id=90218a726bbd3e1a&itag=140&source=youtube&requiressl=yes&ei=JTSLWcboBcHcW4S8gfgG&initcwndbps=3992500&mv=m&ms=au&pl=16&mn=sn-4g5edne7&mm=31&ratebypass=yes&mime=audio/mp4&gir=yes&clen=7747596&lmt=1390786581541756&dur=487.781&beids=[9466591]&key=dg_yt0&signature=97340569A5B6CCA8808EE81A9324D75558A76600.2612CE929BC50610DD33B0E18342E7690F7ACB&mt=1502294990&ip=131.159.40.117&ipbits=0&expire=1502316677&sparams=ip,ipbits,expire,id,itag,source,requiressl,ei,initcwndbps,mv,ms,pl,mn,mm,ratebypass,mime,gir,clen,lmt,dur", "manifest_url": "https://manifest.googlevideo.com/api/manifest/dash/ei/JTSLWcboBcHcW4S8gfgG/beids/%5B9466591%5D/key/yt6/as/fmp4_audio_clear%2Cfmp4_sd_hd_clear/initcwndbps/3992500/expire/1502316677/signature/B0A239CF1EAEBA7C98012D2B9F8542DE4DB0DDBD.9CCA475117745F8903F6582CF0B9E92091E872E4/source/youtube/playback_host/r6---sn-4g5edne7.googlevideo.com/hfr/1/ipbits/0/mv/m/requiressl/yes/ms/au/itag/0/pl/16/mt/1502294990/id/90218a726bbd3e1a/sparams/as%2Cei%2Chfr%2Cid%2Cinitcwndbps%2Cip%2Cipbits%2Citag%2Cmm%2Cmn%2Cms%2Cmv%2Cpl%2Cplayback_host%2Crequiressl%2Csource%2Cexpire/mn/sn-4g5edne7/ip/131.159.40.117/mm/31", "width": null, "height": null, "tbr": 128.011, "asr": 44100, "fps": null, "language": null, "filesize": 7747596, "vcodec": "none", "format": "140 - audio only (DASH audio)", "protocol": "https", "http_headers": {"User-Agent": "Mozilla/5.0 (X11; Linux x86_64; rv:10.0) Gecko/20150101 Firefox/47.0 (Chrome)", "Accept-Charset": "ISO-8859-1,utf-8;q=0.7,*;q=0.7", "Accept": "text/html,application/xhtml+xml,application/xml;q=0.9,*/*;q=0.8", "Accept-Encoding": "gzip, deflate", "Accept-Language": "en-us,en;q=0.5"}}, {"format_id": "251", "url": "https://r6---sn-4g57knld.googlevideo.com/videoplayback?gir=yes&mime=audio%2Fwebm&key=yt6&initcwndbps=3992500&requiressl=yes&beids=%5B9466591%5D&signature=7447D1EB7F05A18D400E980B94956A5B0BBA901B.AEA5854454CDF961F5E457D7BC143D108E98C927&ms=au&mt=1502294990&mv=m&sparams=clen%2Cdur%2Cei%2Cgir%2Cid%2Cinitcwndbps%2Cip%2Cipbits%2Citag%2Ckeepalive%2Clmt%2Cmime%2Cmm%2Cmn%2Cms%2Cmv%2Cpl%2Crequiressl%2Csource%2Cexpire&ip=131.159.40.117&clen=9011200&id=o-ALuPNK2TheXUE7dNig66UmIQLDDmKcHzNkAb9qKRXqMD&keepalive=yes&mm=31&mn=sn-4g57knld&source=youtube&ei=JDSLWZ_lKMKMWLznuTg&itag=251&pl=16&lmt=1412092240154548&expire=1502316676&ipbits=0&dur=487.721&ratebypass=yes", "player_url": null, "ext": "webm", "format_note": "DASH audio", "acodec": "opus", "abr": 160, "filesize": 9011200, "tbr": 168.36, "fps": 1, "vcodec": "none", "format": "251 - audio only (DASH audio)", "protocol": "https", "http_headers": {"User-Agent": "Mozilla/5.0 (X11; Linux x86_64; rv:10.0) Gecko/20150101 Firefox/47.0 (Chrome)", "Accept-Charset": "ISO-8859-1,utf-8;q=0.7,*;q=0.7", "Accept": "text/html,application/xhtml+xml,application/xml;q=0.9,*/*;q=0.8", "Accept-Encoding": "gzip, deflate", "Accept-Language": "en-us,en;q=0.5"}}, {"ext": "mp4", "height": 144, "format_note": "DASH video", "vcodec": "avc1.4d400c", "format_id": "160", "url": "https://r6---sn-4g5edne7.googlevideo.com/videoplayback?id=90218a726bbd3e1a&itag=160&source=youtube&requiressl=yes&ei=JTSLWcboBcHcW4S8gfgG&initcwndbps=3992500&mv=m&ms=au&pl=16&mn=sn-4g5edne7&mm=31&ratebypass=yes&mime=video/mp4&gir=yes&clen=6766866&lmt=1390786529473973&dur=487.713&beids=[9466591]&key=dg_yt0&signature=1FB5E79862BEBD1A3E32A3A2F4A09B56D751EC1F.67E3A5CF8588161702BC491AC84D26EDF968128B&mt=1502294990&ip=131.159.40.117&ipbits=0&expire=1502316677&sparams=ip,ipbits,expire,id,itag,source,requiressl,ei,initcwndbps,mv,ms,pl,mn,mm,ratebypass,mime,gir,clen,lmt,dur", "manifest_url": "https://manifest.googlevideo.com/api/manifest/dash/ei/JTSLWcboBcHcW4S8gfgG/beids/%5B9466591%5D/key/yt6/as/fmp4_audio_clear%2Cfmp4_sd_hd_clear/initcwndbps/3992500/expire/1502316677/signature/B0A239CF1EAEBA7C98012D2B9F8542DE4DB0DDBD.9CCA475117745F8903F6582CF0B9E92091E872E4/source/youtube/playback_host/r6---sn-4g5edne7.googlevideo.com/hfr/1/ipbits/0/mv/m/requiressl/yes/ms/au/itag/0/pl/16/mt/1502294990/id/90218a726bbd3e1a/sparams/as%2Cei%2Chfr%2Cid%2Cinitcwndbps%2Cip%2Cipbits%2Citag%2Cmm%2Cmn%2Cms%2Cmv%2Cpl%2Cplayback_host%2Crequiressl%2Csource%2Cexpire/mn/sn-4g5edne7/ip/131.159.40.117/mm/31", "width": 198, "tbr": 117.375, "asr": null, "fps": 15, "language": null, "filesize": 6766866, "acodec": "none", "format": "160 - 198x144 (DASH video)", "protocol": "https", "http_headers": {"User-Agent": "Mozilla/5.0 (X11; Linux x86_64; rv:10.0) Gecko/20150101 Firefox/47.0 (Chrome)", "Accept-Charset": "ISO-8859-1,utf-8;q=0.7,*;q=0.7", "Accept": "text/html,application/xhtml+xml,application/xml;q=0.9,*/*;q=0.8", "Accept-Encoding": "gzip, deflate", "Accept-Language": "en-us,en;q=0.5"}}, {"ext": "mp4", "height": 240, "format_note": "DASH video", "vcodec": "avc1.4d400d", "format_id": "133", "url": "https://r6---sn-4g5edne7.googlevideo.com/videoplayback?id=90218a726bbd3e1a&itag=133&source=youtube&requiressl=yes&ei=JTSLWcboBcHcW4S8gfgG&initcwndbps=3992500&mv=m&ms=au&pl=16&mn=sn-4g5edne7&mm=31&ratebypass=yes&mime=video/mp4&gir=yes&clen=14929581&lmt=1390786531470907&dur=487.713&beids=[9466591]&key=dg_yt0&signature=02AB86D820A381782B210DCC1BFA075B253D227F.306E563461BCE7222F695654541C56CA6F74B22B&mt=1502294990&ip=131.159.40.117&ipbits=0&expire=1502316677&sparams=ip,ipbits,expire,id,itag,source,requiressl,ei,initcwndbps,mv,ms,pl,mn,mm,ratebypass,mime,gir,clen,lmt,dur", "manifest_url": "https://manifest.googlevideo.com/api/manifest/dash/ei/JTSLWcboBcHcW4S8gfgG/beids/%5B9466591%5D/key/yt6/as/fmp4_audio_clear%2Cfmp4_sd_hd_clear/initcwndbps/3992500/expire/1502316677/signature/B0A239CF1EAEBA7C98012D2B9F8542DE4DB0DDBD.9CCA475117745F8903F6582CF0B9E92091E872E4/source/youtube/playback_host/r6---sn-4g5edne7.googlevideo.com/hfr/1/ipbits/0/mv/m/requiressl/yes/ms/au/itag/0/pl/16/mt/1502294990/id/90218a726bbd3e1a/sparams/as%2Cei%2Chfr%2Cid%2Cinitcwndbps%2Cip%2Cipbits%2Citag%2Cmm%2Cmn%2Cms%2Cmv%2Cpl%2Cplayback_host%2Crequiressl%2Csource%2Cexpire/mn/sn-4g5edne7/ip/131.159.40.117/mm/31", "width": 328, "tbr": 260.256, "asr": null, "fps": 25, "language": null, "filesize": 14929581, "acodec": "none", "format": "133 - 328x240 (DASH video)", "protocol": "https", "http_headers": {"User-Agent": "Mozilla/5.0 (X11; Linux x86_64; rv:10.0) Gecko/20150101 Firefox/47.0 (Chrome)", "Accept-Charset": "ISO-8859-1,utf-8;q=0.7,*;q=0.7", "Accept": "text/html,application/xhtml+xml,application/xml;q=0.9,*/*;q=0.8", "Accept-Encoding": "gzip, deflate", "Accept-Language": "en-us,en;q=0.5"}}, {"ext": "mp4", "height": 360, "format_note": "DASH video", "vcodec": "avc1.4d4015", "format_id": "134", "url": "https://r6---sn-4g5edne7.googlevideo.com/videoplayback?id=90218a726bbd3e1a&itag=134&source=youtube&requiressl=yes&ei=JTSLWcboBcHcW4S8gfgG&initcwndbps=3992500&mv=m&ms=au&pl=16&mn=sn-4g5edne7&mm=31&ratebypass=yes&mime=video/mp4&gir=yes&clen=16030142&lmt=1390786541533254&dur=487.713&beids=[9466591]&key=dg_yt0&signature=70B145C98D1643C26BB9D00116C5FC6156D7F4A0.2044BCB5B689720B8517C334DFA8A14868C66AD5&mt=1502294990&ip=131.159.40.117&ipbits=0&expire=1502316677&sparams=ip,ipbits,expire,id,itag,source,requiressl,ei,initcwndbps,mv,ms,pl,mn,mm,ratebypass,mime,gir,clen,lmt,dur", "manifest_url": "https://manifest.googlevideo.com/api/manifest/dash/ei/JTSLWcboBcHcW4S8gfgG/beids/%5B9466591%5D/key/yt6/as/fmp4_audio_clear%2Cfmp4_sd_hd_clear/initcwndbps/3992500/expire/1502316677/signature/B0A239CF1EAEBA7C98012D2B9F8542DE4DB0DDBD.9CCA475117745F8903F6582CF0B9E92091E872E4/source/youtube/playback_host/r6---sn-4g5edne7.googlevideo.com/hfr/1/ipbits/0/mv/m/requiressl/yes/ms/au/itag/0/pl/16/mt/1502294990/id/90218a726bbd3e1a/sparams/as%2Cei%2Chfr%2Cid%2Cinitcwndbps%2Cip%2Cipbits%2Citag%2Cmm%2Cmn%2Cms%2Cmv%2Cpl%2Cplayback_host%2Crequiressl%2Csource%2Cexpire/mn/sn-4g5edne7/ip/131.159.40.117/mm/31", "width": 492, "tbr": 533.028, "asr": null, "fps": 25, "language": null, "filesize": 16030142, "acodec": "none", "format": "134 - 492x360 (DASH video)", "protocol": "https", "http_headers": {"User-Agent": "Mozilla/5.0 (X11; Linux x86_64; rv:10.0) Gecko/20150101 Firefox/47.0 (Chrome)", "Accept-Charset": "ISO-8859-1,utf-8;q=0.7,*;q=0.7", "Accept": "text/html,application/xhtml+xml,application/xml;q=0.9,*/*;q=0.8", "Accept-Encoding": "gzip, deflate", "Accept-Language": "en-us,en;q=0.5"}}, {"ext": "mp4", "height": 480, "format_note": "DASH video", "vcodec": "avc1.4d401e", "format_id": "135", "url": "https://r6---sn-4g5edne7.googlevideo.com/videoplayback?id=90218a726bbd3e1a&itag=135&source=youtube&requiressl=yes&ei=JTSLWcboBcHcW4S8gfgG&initcwndbps=3992500&mv=m&ms=au&pl=16&mn=sn-4g5edne7&mm=31&ratebypass=yes&mime=video/mp4&gir=yes&clen=33186528&lmt=1390786543543452&dur=487.713&beids=[9466591]&key=dg_yt0&signature=720FEB708F1E35ECED0190CCCD11F64318998E51.036F629BC081430D2DE71E238C838CB5121BCA66&mt=1502294990&ip=131.159.40.117&ipbits=0&expire=1502316677&sparams=ip,ipbits,expire,id,itag,source,requiressl,ei,initcwndbps,mv,ms,pl,mn,mm,ratebypass,mime,gir,clen,lmt,dur", "manifest_url": "https://manifest.googlevideo.com/api/manifest/dash/ei/JTSLWcboBcHcW4S8gfgG/beids/%5B9466591%5D/key/yt6/as/fmp4_audio_clear%2Cfmp4_sd_hd_clear/initcwndbps/3992500/expire/1502316677/signature/B0A239CF1EAEBA7C98012D2B9F8542DE4DB0DDBD.9CCA475117745F8903F6582CF0B9E92091E872E4/source/youtube/playback_host/r6---sn-4g5edne7.googlevideo.com/hfr/1/ipbits/0/mv/m/requiressl/yes/ms/au/itag/0/pl/16/mt/1502294990/id/90218a726bbd3e1a/sparams/as%2Cei%2Chfr%2Cid%2Cinitcwndbps%2Cip%2Cipbits%2Citag%2Cmm%2Cmn%2Cms%2Cmv%2Cpl%2Cplayback_host%2Crequiressl%2Csource%2Cexpire/mn/sn-4g5edne7/ip/131.159.40.117/mm/31", "width": 656, "tbr": 951.629, "asr": null, "fps": 25, "language": null, "filesize": 33186528, "acodec": "none", "format": "135 - 656x480 (DASH video)", "protocol": "https", "http_headers": {"User-Agent": "Mozilla/5.0 (X11; Linux x86_64; rv:10.0) Gecko/20150101 Firefox/47.0 (Chrome)", "Accept-Charset": "ISO-8859-1,utf-8;q=0.7,*;q=0.7", "Accept": "text/html,application/xhtml+xml,application/xml;q=0.9,*/*;q=0.8", "Accept-Encoding": "gzip, deflate", "Accept-Language": "en-us,en;q=0.5"}}, {"format_id": "17", "url": "https://r6---sn-4g57knld.googlevideo.com/videoplayback?gir=yes&mime=video%2F3gpp&key=yt6&initcwndbps=3992500&requiressl=yes&beids=%5B9466591%5D&signature=4B3E801CEDF0F6D3BEE8418EE7D4FFBC4EF5135A.A01F75CC2E5275C33F25EB6CA1862B7BF36BCE1C&ms=au&mt=1502294990&mv=m&sparams=clen%2Cdur%2Cei%2Cgir%2Cid%2Cinitcwndbps%2Cip%2Cipbits%2Citag%2Clmt%2Cmime%2Cmm%2Cmn%2Cms%2Cmv%2Cpl%2Crequiressl%2Csource%2Cexpire&ip=131.159.40.117&clen=4998102&id=o-ALuPNK2TheXUE7dNig66UmIQLDDmKcHzNkAb9qKRXqMD&mm=31&mn=sn-4g57knld&source=youtube&ei=JDSLWZ_lKMKMWLznuTg&itag=17&pl=16&lmt=1390786668659255&expire=1502316676&ipbits=0&dur=488.083&ratebypass=yes", "player_url": null, "ext": "3gp", "width": 176, "height": 144, "acodec": "mp4a.40.2", "abr": 24, "vcodec": "mp4v.20.3", "resolution": "176x144", "format_note": "small", "format": "17 - 176x144 (small)", "protocol": "https", "http_headers": {"User-Agent": "Mozilla/5.0 (X11; Linux x86_64; rv:10.0) Gecko/20150101 Firefox/47.0 (Chrome)", "Accept-Charset": "ISO-8859-1,utf-8;q=0.7,*;q=0.7", "Accept": "text/html,application/xhtml+xml,application/xml;q=0.9,*/*;q=0.8", "Accept-Encoding": "gzip, deflate", "Accept-Language": "en-us,en;q=0.5"}}, {"format_id": "36", "url": "https://r6---sn-4g57knld.googlevideo.com/videoplayback?gir=yes&mime=video%2F3gpp&key=yt6&initcwndbps=3992500&requiressl=yes&beids=%5B9466591%5D&signature=C504820A0B614B554486EAAA2D65591FA40DAEC7.989DF85BE87A6AAC6D7DA4CB0803D811DE0C86FC&ms=au&mt=1502294990&mv=m&sparams=clen%2Cdur%2Cei%2Cgir%2Cid%2Cinitcwndbps%2Cip%2Cipbits%2Citag%2Clmt%2Cmime%2Cmm%2Cmn%2Cms%2Cmv%2Cpl%2Crequiressl%2Csource%2Cexpire&ip=131.159.40.117&clen=13802367&id=o-ALuPNK2TheXUE7dNig66UmIQLDDmKcHzNkAb9qKRXqMD&mm=31&mn=sn-4g57knld&source=youtube&ei=JDSLWZ_lKMKMWLznuTg&itag=36&pl=16&lmt=1428293943989465&expire=1502316676&ipbits=0&dur=487.897&ratebypass=yes", "player_url": null, "ext": "3gp", "width": 320, "acodec": "mp4a.40.2", "vcodec": "mp4v.20.3", "resolution": "320x234", "height": 234, "format_note": "small", "format": "36 - 320x234 (small)", "protocol": "https", "http_headers": {"User-Agent": "Mozilla/5.0 (X11; Linux x86_64; rv:10.0) Gecko/20150101 Firefox/47.0 (Chrome)", "Accept-Charset": "ISO-8859-1,utf-8;q=0.7,*;q=0.7", "Accept": "text/html,application/xhtml+xml,application/xml;q=0.9,*/*;q=0.8", "Accept-Encoding": "gzip, deflate", "Accept-Language": "en-us,en;q=0.5"}}, {"format_id": "18", "url": "https://r6---sn-4g57knld.googlevideo.com/videoplayback?gir=yes&mime=video%2Fmp4&key=yt6&initcwndbps=3992500&requiressl=yes&beids=%5B9466591%5D&signature=AB6349E0D879AD23D259BEB1F78DF3C0F6168E15.B9E691ADC7AADEA20FDFDB3AB4B366031F9C061E&ratebypass=yes&ms=au&mt=1502294990&mv=m&sparams=clen%2Cdur%2Cei%2Cgir%2Cid%2Cinitcwndbps%2Cip%2Cipbits%2Citag%2Clmt%2Cmime%2Cmm%2Cmn%2Cms%2Cmv%2Cpl%2Cratebypass%2Crequiressl%2Csource%2Cexpire&ip=131.159.40.117&clen=25465318&id=o-ALuPNK2TheXUE7dNig66UmIQLDDmKcHzNkAb9qKRXqMD&mm=31&mn=sn-4g57knld&source=youtube&ei=JDSLWZ_lKMKMWLznuTg&itag=18&pl=16&lmt=1390786568540845&expire=1502316676&ipbits=0&dur=487.781", "player_url": null, "ext": "mp4", "width": 492, "height": 360, "acodec": "mp4a.40.2", "abr": 96, "vcodec": "avc1.42001E", "resolution": "492x360", "format_note": "medium", "format": "18 - 492x360 (medium)", "protocol": "https", "http_headers": {"User-Agent": "Mozilla/5.0 (X11; Linux x86_64; rv:10.0) Gecko/20150101 Firefox/47.0 (Chrome)", "Accept-Charset": "ISO-8859-1,utf-8;q=0.7,*;q=0.7", "Accept": "text/html,application/xhtml+xml,application/xml;q=0.9,*/*;q=0.8", "Accept-Encoding": "gzip, deflate", "Accept-Language": "en-us,en;q=0.5"}}, {"format_id": "43", "url": "https://r6---sn-4g57knld.googlevideo.com/videoplayback?gir=yes&mime=video%2Fwebm&key=yt6&initcwndbps=3992500&requiressl=yes&beids=%5B9466591%5D&signature=5DD32CA55F8D894C64DA4BDB9A083FEDFD7C2BD9.B3B3F67F6598D11037D4EEE46496782D5B619550&ratebypass=yes&ms=au&mt=1502294990&mv=m&sparams=clen%2Cdur%2Cei%2Cgir%2Cid%2Cinitcwndbps%2Cip%2Cipbits%2Citag%2Clmt%2Cmime%2Cmm%2Cmn%2Cms%2Cmv%2Cpl%2Cratebypass%2Crequiressl%2Csource%2Cexpire&ip=131.159.40.117&clen=36589043&id=o-ALuPNK2TheXUE7dNig66UmIQLDDmKcHzNkAb9qKRXqMD&mm=31&mn=sn-4g57knld&source=youtube&ei=JDSLWZ_lKMKMWLznuTg&itag=43&pl=16&lmt=1318837180011733&expire=1502316676&ipbits=0&dur=0.000", "player_url": null, "ext": "webm", "width": 640, "height": 360, "acodec": "vorbis", "abr": 128, "vcodec": "vp8.0", "resolution": "640x360", "format_note": "medium", "format": "43 - 640x360 (medium)", "protocol": "https", "http_headers": {"User-Agent": "Mozilla/5.0 (X11; Linux x86_64; rv:10.0) Gecko/20150101 Firefox/47.0 (Chrome)", "Accept-Charset": "ISO-8859-1,utf-8;q=0.7,*;q=0.7", "Accept": "text/html,application/xhtml+xml,application/xml;q=0.9,*/*;q=0.8", "Accept-Encoding": "gzip, deflate", "Accept-Language": "en-us,en;q=0.5"}}], "is_live": null, "start_time": null, "end_time": null, "series": null, "season_number": null, "episode_number": null, "extractor": "youtube", "webpage_url_basename": "kCGKcmu9Pho", "extractor_key": "Youtube", "playlist": null, "playlist_index": null, "thumbnails": [{"url": "https://i.ytimg.com/vi/kCGKcmu9Pho/hqdefault.jpg", "id": "0"}], "display_id": "kCGKcmu9Pho", "ext": "mp4", "height": 480, "format_note": "DASH video", "vcodec": "avc1.4d401e", "format_id": "135", "url": "https://r6---sn-4g5edne7.googlevideo.com/videoplayback?id=90218a726bbd3e1a&itag=135&source=youtube&requiressl=yes&ei=JTSLWcboBcHcW4S8gfgG&initcwndbps=3992500&mv=m&ms=au&pl=16&mn=sn-4g5edne7&mm=31&ratebypass=yes&mime=video/mp4&gir=yes&clen=33186528&lmt=1390786543543452&dur=487.713&beids=[9466591]&key=dg_yt0&signature=720FEB708F1E35ECED0190CCCD11F64318998E51.036F629BC081430D2DE71E238C838CB5121BCA66&mt=1502294990&ip=131.159.40.117&ipbits=0&expire=1502316677&sparams=ip,ipbits,expire,id,itag,source,requiressl,ei,initcwndbps,mv,ms,pl,mn,mm,ratebypass,mime,gir,clen,lmt,dur", "manifest_url": "https://manifest.googlevideo.com/api/manifest/dash/ei/JTSLWcboBcHcW4S8gfgG/beids/%5B9466591%5D/key/yt6/as/fmp4_audio_clear%2Cfmp4_sd_hd_clear/initcwndbps/3992500/expire/1502316677/signature/B0A239CF1EAEBA7C98012D2B9F8542DE4DB0DDBD.9CCA475117745F8903F6582CF0B9E92091E872E4/source/youtube/playback_host/r6---sn-4g5edne7.googlevideo.com/hfr/1/ipbits/0/mv/m/requiressl/yes/ms/au/itag/0/pl/16/mt/1502294990/id/90218a726bbd3e1a/sparams/as%2Cei%2Chfr%2Cid%2Cinitcwndbps%2Cip%2Cipbits%2Citag%2Cmm%2Cmn%2Cms%2Cmv%2Cpl%2Cplayback_host%2Crequiressl%2Csource%2Cexpire/mn/sn-4g5edne7/ip/131.159.40.117/mm/31", "width": 656, "tbr": 951.629, "asr": null, "fps": 25, "language": null, "filesize": 33186528, "acodec": "none", "format": "135 - 656x480 (DASH video)", "protocol": "https", "http_headers": {"User-Agent": "Mozilla/5.0 (X11; Linux x86_64; rv:10.0) Gecko/20150101 Firefox/47.0 (Chrome)", "Accept-Charset": "ISO-8859-1,utf-8;q=0.7,*;q=0.7", "Accept": "text/html,application/xhtml+xml,application/xml;q=0.9,*/*;q=0.8", "Accept-Encoding": "gzip, deflate", "Accept-Language": "en-us,en;q=0.5"}, "fulltitle": "\u0415\u0432\u0440\u0430\u0437\u0438\u0439\u0441\u043a\u0438\u0439 \u0421\u043e\u044e\u0437  \u043a\u0430\u043a\u0438\u043c \u0435\u0433\u043e \u0432\u0438\u0434\u044f\u0442 \u0432 \u0421\u041d\u0413", "_filename": "kCGKcmu9Pho.mp4"}