{"id": "JKsfXX792AU", "uploader": "chicetbelle", "uploader_id": "chicetbelle", "uploader_url": "http://www.youtube.com/user/chicetbelle", "upload_date": "20110420", "license": "Standard YouTube License", "creator": null, "title": "Soin visage 3 - Gommage .wmv", "alt_title": null, "thumbnail": "https://i.ytimg.com/vi/JKsfXX792AU/hqdefault.jpg", "description": "Voici mon blog :\nhttp://chic-et-belle.blogspot.com/\n\nUne page facebook rien que pour vous:\nhttp://www.facebook.com/pages/Chic-et-Belle/192424874134611?sk=wall\n\nBisous", "categories": ["Howto & Style"], "tags": ["scrub", "gommage", "facial scrub", "gommage pour visage", "beauty", "makeup", "facial", "skincare", "acne", "button", "beaut\u00e9", "maquillage", "soin visage", "soin pour peau", "acn\u00e9", "bouton", "rem\u00e8de contre l'acn\u00e9", "trairement anti-acne", "point noir traitement", "soin de la peau", "peau parfaite", "peau belle", "\u00e9clat de la peau", "peau saine", "peau grasse", "peau s\u00e8che", "peau noire", "peau bronz\u00e9e", "peau asiatique", "peau blanche", "soin naturelles", "am\u00e9ricaine", "noire fran\u00e7aise", "black", "chicetbelle", "chic et belle"], "subtitles": {}, "automatic_captions": {}, "duration": 437, "age_limit": 0, "annotations": null, "chapters": null, "webpage_url": "https://www.youtube.com/watch?v=JKsfXX792AU", "view_count": 44053, "like_count": 93, "dislike_count": 7, "average_rating": 4.71999979019, "formats": [{"ext": "m4a", "format_note": "DASH audio", "acodec": "mp4a.40.5", "abr": 48, "container": "m4a_dash", "format_id": "139", "url": "https://r2---sn-4g5edne7.googlevideo.com/videoplayback?id=24ab1f5d7efdd805&itag=139&source=youtube&requiressl=yes&initcwndbps=4476250&mm=31&mn=sn-4g5edne7&mv=m&ei=MKyJWeNnxYNy17ylkAU&ms=au&pl=16&ratebypass=yes&mime=audio/mp4&gir=yes&clen=2601801&lmt=1393681853071438&dur=437.417&mt=1502194617&signature=37636248B157EA015A7777317F29657B337460E1.0AFB1503FEEF5AEF3E67CC469B2DC6C4ADDBCC2B&key=dg_yt0&ip=131.159.40.117&ipbits=0&expire=1502216336&sparams=ip,ipbits,expire,id,itag,source,requiressl,initcwndbps,mm,mn,mv,ei,ms,pl,ratebypass,mime,gir,clen,lmt,dur", "manifest_url": "https://manifest.googlevideo.com/api/manifest/dash/mt/1502194617/initcwndbps/4476250/id/24ab1f5d7efdd805/sparams/as%2Cei%2Chfr%2Cid%2Cinitcwndbps%2Cip%2Cipbits%2Citag%2Cmm%2Cmn%2Cms%2Cmv%2Cpl%2Cplayback_host%2Crequiressl%2Csource%2Cexpire/mm/31/mn/sn-4g5edne7/hfr/1/mv/m/expire/1502216336/source/youtube/signature/C5ECA73B4D698B1852FBAB15AF749A2E2D0A4E98.2479B1638D1326170027B73A72DAE7ABB4C8CDB0/playback_host/r2---sn-4g5edne7.googlevideo.com/as/fmp4_audio_clear%2Cfmp4_sd_hd_clear/ei/MKyJWeNnxYNy17ylkAU/ipbits/0/ms/au/ip/131.159.40.117/key/yt6/requiressl/yes/itag/0/pl/16", "width": null, "height": null, "tbr": 48.806, "asr": 22050, "fps": null, "language": null, "filesize": 2601801, "vcodec": "none", "format": "139 - audio only (DASH audio)", "protocol": "https", "http_headers": {"User-Agent": "Mozilla/5.0 (X11; Linux x86_64; rv:10.0) Gecko/20150101 Firefox/47.0 (Chrome)", "Accept-Charset": "ISO-8859-1,utf-8;q=0.7,*;q=0.7", "Accept": "text/html,application/xhtml+xml,application/xml;q=0.9,*/*;q=0.8", "Accept-Encoding": "gzip, deflate", "Accept-Language": "en-us,en;q=0.5"}}, {"format_id": "171", "url": "https://r2---sn-4g5e6nle.googlevideo.com/videoplayback?keepalive=yes&dur=437.271&source=youtube&pl=16&id=o-ALwksjqgIqDhuw-6L9FeCTZJHsH3VY8VbMhep_1FgvXg&ei=L6yJWfXsGtiwcozKkZAF&ms=au&mt=1502194617&mv=m&signature=D2A1267DF5D71E6ABF66CA012D5F77AC7C2B612E.D8B45020159DD1EB190FABFAEAE1A01742D18C84&gir=yes&mn=sn-4g5e6nle&ip=131.159.40.117&key=yt6&lmt=1407756922392123&itag=171&expire=1502216335&ipbits=0&clen=4488762&requiressl=yes&mime=audio%2Fwebm&initcwndbps=4476250&sparams=clen%2Cdur%2Cei%2Cgir%2Cid%2Cinitcwndbps%2Cip%2Cipbits%2Citag%2Ckeepalive%2Clmt%2Cmime%2Cmm%2Cmn%2Cms%2Cmv%2Cpl%2Crequiressl%2Csource%2Cexpire&mm=31&ratebypass=yes", "player_url": null, "ext": "webm", "acodec": "vorbis", "format_note": "DASH audio", "abr": 128, "filesize": 4488762, "tbr": 92.552, "fps": 1, "vcodec": "none", "format": "171 - audio only (DASH audio)", "protocol": "https", "http_headers": {"User-Agent": "Mozilla/5.0 (X11; Linux x86_64; rv:10.0) Gecko/20150101 Firefox/47.0 (Chrome)", "Accept-Charset": "ISO-8859-1,utf-8;q=0.7,*;q=0.7", "Accept": "text/html,application/xhtml+xml,application/xml;q=0.9,*/*;q=0.8", "Accept-Encoding": "gzip, deflate", "Accept-Language": "en-us,en;q=0.5"}}, {"ext": "m4a", "format_note": "DASH audio", "acodec": "mp4a.40.2", "abr": 128, "container": "m4a_dash", "format_id": "140", "url": "https://r2---sn-4g5edne7.googlevideo.com/videoplayback?id=24ab1f5d7efdd805&itag=140&source=youtube&requiressl=yes&initcwndbps=4476250&mm=31&mn=sn-4g5edne7&mv=m&ei=MKyJWeNnxYNy17ylkAU&ms=au&pl=16&ratebypass=yes&mime=audio/mp4&gir=yes&clen=6946244&lmt=1393681850277812&dur=437.324&mt=1502194617&signature=925F14C007BD945F81554A35D22C26D2E8D800A7.5990267188E3FA3AFAC7A5C3179785BD20B95BAF&key=dg_yt0&ip=131.159.40.117&ipbits=0&expire=1502216336&sparams=ip,ipbits,expire,id,itag,source,requiressl,initcwndbps,mm,mn,mv,ei,ms,pl,ratebypass,mime,gir,clen,lmt,dur", "manifest_url": "https://manifest.googlevideo.com/api/manifest/dash/mt/1502194617/initcwndbps/4476250/id/24ab1f5d7efdd805/sparams/as%2Cei%2Chfr%2Cid%2Cinitcwndbps%2Cip%2Cipbits%2Citag%2Cmm%2Cmn%2Cms%2Cmv%2Cpl%2Cplayback_host%2Crequiressl%2Csource%2Cexpire/mm/31/mn/sn-4g5edne7/hfr/1/mv/m/expire/1502216336/source/youtube/signature/C5ECA73B4D698B1852FBAB15AF749A2E2D0A4E98.2479B1638D1326170027B73A72DAE7ABB4C8CDB0/playback_host/r2---sn-4g5edne7.googlevideo.com/as/fmp4_audio_clear%2Cfmp4_sd_hd_clear/ei/MKyJWeNnxYNy17ylkAU/ipbits/0/ms/au/ip/131.159.40.117/key/yt6/requiressl/yes/itag/0/pl/16", "width": null, "height": null, "tbr": 128.225, "asr": 44100, "fps": null, "language": null, "filesize": 6946244, "vcodec": "none", "format": "140 - audio only (DASH audio)", "protocol": "https", "http_headers": {"User-Agent": "Mozilla/5.0 (X11; Linux x86_64; rv:10.0) Gecko/20150101 Firefox/47.0 (Chrome)", "Accept-Charset": "ISO-8859-1,utf-8;q=0.7,*;q=0.7", "Accept": "text/html,application/xhtml+xml,application/xml;q=0.9,*/*;q=0.8", "Accept-Encoding": "gzip, deflate", "Accept-Language": "en-us,en;q=0.5"}}, {"ext": "mp4", "height": 144, "format_note": "DASH video", "vcodec": "avc1.4d400c", "format_id": "160", "url": "https://r2---sn-4g5edne7.googlevideo.com/videoplayback?id=24ab1f5d7efdd805&itag=160&source=youtube&requiressl=yes&initcwndbps=4476250&mm=31&mn=sn-4g5edne7&mv=m&ei=MKyJWeNnxYNy17ylkAU&ms=au&pl=16&ratebypass=yes&mime=video/mp4&gir=yes&clen=5941859&lmt=1393681901577536&dur=437.201&mt=1502194617&signature=53C45B89966B0963669A043BC468334A2F2481C4.3D549A834A478751B7CB4CB51846161A63E18B0A&key=dg_yt0&ip=131.159.40.117&ipbits=0&expire=1502216336&sparams=ip,ipbits,expire,id,itag,source,requiressl,initcwndbps,mm,mn,mv,ei,ms,pl,ratebypass,mime,gir,clen,lmt,dur", "manifest_url": "https://manifest.googlevideo.com/api/manifest/dash/mt/1502194617/initcwndbps/4476250/id/24ab1f5d7efdd805/sparams/as%2Cei%2Chfr%2Cid%2Cinitcwndbps%2Cip%2Cipbits%2Citag%2Cmm%2Cmn%2Cms%2Cmv%2Cpl%2Cplayback_host%2Crequiressl%2Csource%2Cexpire/mm/31/mn/sn-4g5edne7/hfr/1/mv/m/expire/1502216336/source/youtube/signature/C5ECA73B4D698B1852FBAB15AF749A2E2D0A4E98.2479B1638D1326170027B73A72DAE7ABB4C8CDB0/playback_host/r2---sn-4g5edne7.googlevideo.com/as/fmp4_audio_clear%2Cfmp4_sd_hd_clear/ei/MKyJWeNnxYNy17ylkAU/ipbits/0/ms/au/ip/131.159.40.117/key/yt6/requiressl/yes/itag/0/pl/16", "width": 192, "tbr": 113.595, "asr": null, "fps": 15, "language": null, "filesize": 5941859, "acodec": "none", "format": "160 - 192x144 (DASH video)", "protocol": "https", "http_headers": {"User-Agent": "Mozilla/5.0 (X11; Linux x86_64; rv:10.0) Gecko/20150101 Firefox/47.0 (Chrome)", "Accept-Charset": "ISO-8859-1,utf-8;q=0.7,*;q=0.7", "Accept": "text/html,application/xhtml+xml,application/xml;q=0.9,*/*;q=0.8", "Accept-Encoding": "gzip, deflate", "Accept-Language": "en-us,en;q=0.5"}}, {"ext": "mp4", "height": 240, "format_note": "DASH video", "vcodec": "avc1.4d400d", "format_id": "133", "url": "https://r2---sn-4g5edne7.googlevideo.com/videoplayback?id=24ab1f5d7efdd805&itag=133&source=youtube&requiressl=yes&initcwndbps=4476250&mm=31&mn=sn-4g5edne7&mv=m&ei=MKyJWeNnxYNy17ylkAU&ms=au&pl=16&ratebypass=yes&mime=video/mp4&gir=yes&clen=13118281&lmt=1393681901057160&dur=437.201&mt=1502194617&signature=523D65E83D8BDC3CE01EAF281060C2EA38FC1D0B.70E77C6FC6DBA0EDADE0F33A0176EBD035D58494&key=dg_yt0&ip=131.159.40.117&ipbits=0&expire=1502216336&sparams=ip,ipbits,expire,id,itag,source,requiressl,initcwndbps,mm,mn,mv,ei,ms,pl,ratebypass,mime,gir,clen,lmt,dur", "manifest_url": "https://manifest.googlevideo.com/api/manifest/dash/mt/1502194617/initcwndbps/4476250/id/24ab1f5d7efdd805/sparams/as%2Cei%2Chfr%2Cid%2Cinitcwndbps%2Cip%2Cipbits%2Citag%2Cmm%2Cmn%2Cms%2Cmv%2Cpl%2Cplayback_host%2Crequiressl%2Csource%2Cexpire/mm/31/mn/sn-4g5edne7/hfr/1/mv/m/expire/1502216336/source/youtube/signature/C5ECA73B4D698B1852FBAB15AF749A2E2D0A4E98.2479B1638D1326170027B73A72DAE7ABB4C8CDB0/playback_host/r2---sn-4g5edne7.googlevideo.com/as/fmp4_audio_clear%2Cfmp4_sd_hd_clear/ei/MKyJWeNnxYNy17ylkAU/ipbits/0/ms/au/ip/131.159.40.117/key/yt6/requiressl/yes/itag/0/pl/16", "width": 320, "tbr": 246.825, "asr": null, "fps": 25, "language": null, "filesize": 13118281, "acodec": "none", "format": "133 - 320x240 (DASH video)", "protocol": "https", "http_headers": {"User-Agent": "Mozilla/5.0 (X11; Linux x86_64; rv:10.0) Gecko/20150101 Firefox/47.0 (Chrome)", "Accept-Charset": "ISO-8859-1,utf-8;q=0.7,*;q=0.7", "Accept": "text/html,application/xhtml+xml,application/xml;q=0.9,*/*;q=0.8", "Accept-Encoding": "gzip, deflate", "Accept-Language": "en-us,en;q=0.5"}}, {"ext": "mp4", "height": 360, "format_note": "DASH video", "vcodec": "avc1.4d4015", "format_id": "134", "url": "https://r2---sn-4g5edne7.googlevideo.com/videoplayback?id=24ab1f5d7efdd805&itag=134&source=youtube&requiressl=yes&initcwndbps=4476250&mm=31&mn=sn-4g5edne7&mv=m&ei=MKyJWeNnxYNy17ylkAU&ms=au&pl=16&ratebypass=yes&mime=video/mp4&gir=yes&clen=13060096&lmt=1393681912662099&dur=437.201&mt=1502194617&signature=26BDA2B335E1C4D3345C12CF0CC456919DF18386.204E9F6D46A2741B64FF79A84DB346EEE58256D0&key=dg_yt0&ip=131.159.40.117&ipbits=0&expire=1502216336&sparams=ip,ipbits,expire,id,itag,source,requiressl,initcwndbps,mm,mn,mv,ei,ms,pl,ratebypass,mime,gir,clen,lmt,dur", "manifest_url": "https://manifest.googlevideo.com/api/manifest/dash/mt/1502194617/initcwndbps/4476250/id/24ab1f5d7efdd805/sparams/as%2Cei%2Chfr%2Cid%2Cinitcwndbps%2Cip%2Cipbits%2Citag%2Cmm%2Cmn%2Cms%2Cmv%2Cpl%2Cplayback_host%2Crequiressl%2Csource%2Cexpire/mm/31/mn/sn-4g5edne7/hfr/1/mv/m/expire/1502216336/source/youtube/signature/C5ECA73B4D698B1852FBAB15AF749A2E2D0A4E98.2479B1638D1326170027B73A72DAE7ABB4C8CDB0/playback_host/r2---sn-4g5edne7.googlevideo.com/as/fmp4_audio_clear%2Cfmp4_sd_hd_clear/ei/MKyJWeNnxYNy17ylkAU/ipbits/0/ms/au/ip/131.159.40.117/key/yt6/requiressl/yes/itag/0/pl/16", "width": 480, "tbr": 291.551, "asr": null, "fps": 25, "language": null, "filesize": 13060096, "acodec": "none", "format": "134 - 480x360 (DASH video)", "protocol": "https", "http_headers": {"User-Agent": "Mozilla/5.0 (X11; Linux x86_64; rv:10.0) Gecko/20150101 Firefox/47.0 (Chrome)", "Accept-Charset": "ISO-8859-1,utf-8;q=0.7,*;q=0.7", "Accept": "text/html,application/xhtml+xml,application/xml;q=0.9,*/*;q=0.8", "Accept-Encoding": "gzip, deflate", "Accept-Language": "en-us,en;q=0.5"}}, {"ext": "mp4", "height": 480, "format_note": "DASH video", "vcodec": "avc1.4d401e", "format_id": "135", "url": "https://r2---sn-4g5edne7.googlevideo.com/videoplayback?id=24ab1f5d7efdd805&itag=135&source=youtube&requiressl=yes&initcwndbps=4476250&mm=31&mn=sn-4g5edne7&mv=m&ei=MKyJWeNnxYNy17ylkAU&ms=au&pl=16&ratebypass=yes&mime=video/mp4&gir=yes&clen=27369220&lmt=1393682019378754&dur=437.201&mt=1502194617&signature=3A50A03E9C2460943CDD9FB504FC0AD558981F06.917D6C7546E5788328638C9B4F5D9B4E6482A71D&key=dg_yt0&ip=131.159.40.117&ipbits=0&expire=1502216336&sparams=ip,ipbits,expire,id,itag,source,requiressl,initcwndbps,mm,mn,mv,ei,ms,pl,ratebypass,mime,gir,clen,lmt,dur", "manifest_url": "https://manifest.googlevideo.com/api/manifest/dash/mt/1502194617/initcwndbps/4476250/id/24ab1f5d7efdd805/sparams/as%2Cei%2Chfr%2Cid%2Cinitcwndbps%2Cip%2Cipbits%2Citag%2Cmm%2Cmn%2Cms%2Cmv%2Cpl%2Cplayback_host%2Crequiressl%2Csource%2Cexpire/mm/31/mn/sn-4g5edne7/hfr/1/mv/m/expire/1502216336/source/youtube/signature/C5ECA73B4D698B1852FBAB15AF749A2E2D0A4E98.2479B1638D1326170027B73A72DAE7ABB4C8CDB0/playback_host/r2---sn-4g5edne7.googlevideo.com/as/fmp4_audio_clear%2Cfmp4_sd_hd_clear/ei/MKyJWeNnxYNy17ylkAU/ipbits/0/ms/au/ip/131.159.40.117/key/yt6/requiressl/yes/itag/0/pl/16", "width": 640, "tbr": 556.44, "asr": null, "fps": 25, "language": null, "filesize": 27369220, "acodec": "none", "format": "135 - 640x480 (DASH video)", "protocol": "https", "http_headers": {"User-Agent": "Mozilla/5.0 (X11; Linux x86_64; rv:10.0) Gecko/20150101 Firefox/47.0 (Chrome)", "Accept-Charset": "ISO-8859-1,utf-8;q=0.7,*;q=0.7", "Accept": "text/html,application/xhtml+xml,application/xml;q=0.9,*/*;q=0.8", "Accept-Encoding": "gzip, deflate", "Accept-Language": "en-us,en;q=0.5"}}, {"format_id": "17", "url": "https://r2---sn-4g5e6nle.googlevideo.com/videoplayback?dur=437.556&source=youtube&pl=16&id=o-ALwksjqgIqDhuw-6L9FeCTZJHsH3VY8VbMhep_1FgvXg&ei=L6yJWfXsGtiwcozKkZAF&ms=au&mt=1502194617&mv=m&signature=6948D2490F8D08E85409CC78830566E62F822C5E.D2DB3FD2B2BAFC2DDBF115221755EA7A573D2408&gir=yes&mn=sn-4g5e6nle&ip=131.159.40.117&key=yt6&lmt=1393682059315841&itag=17&expire=1502216335&ipbits=0&mm=31&clen=4488443&requiressl=yes&mime=video%2F3gpp&initcwndbps=4476250&sparams=clen%2Cdur%2Cei%2Cgir%2Cid%2Cinitcwndbps%2Cip%2Cipbits%2Citag%2Clmt%2Cmime%2Cmm%2Cmn%2Cms%2Cmv%2Cpl%2Crequiressl%2Csource%2Cexpire&ratebypass=yes", "player_url": null, "ext": "3gp", "width": 176, "height": 144, "acodec": "mp4a.40.2", "abr": 24, "vcodec": "mp4v.20.3", "resolution": "176x144", "format_note": "small", "format": "17 - 176x144 (small)", "protocol": "https", "http_headers": {"User-Agent": "Mozilla/5.0 (X11; Linux x86_64; rv:10.0) Gecko/20150101 Firefox/47.0 (Chrome)", "Accept-Charset": "ISO-8859-1,utf-8;q=0.7,*;q=0.7", "Accept": "text/html,application/xhtml+xml,application/xml;q=0.9,*/*;q=0.8", "Accept-Encoding": "gzip, deflate", "Accept-Language": "en-us,en;q=0.5"}}, {"format_id": "36", "url": "https://r2---sn-4g5e6nle.googlevideo.com/videoplayback?dur=437.417&source=youtube&pl=16&id=o-ALwksjqgIqDhuw-6L9FeCTZJHsH3VY8VbMhep_1FgvXg&ei=L6yJWfXsGtiwcozKkZAF&ms=au&mt=1502194617&mv=m&signature=3F7CB2638D83AFF3E47F8D5AE17A288F2A5C8209.60EC8693045FF4F27902422A27FE873CFB96021E&gir=yes&mn=sn-4g5e6nle&ip=131.159.40.117&key=yt6&lmt=1426036940764134&itag=36&expire=1502216335&ipbits=0&mm=31&clen=12593036&requiressl=yes&mime=video%2F3gpp&initcwndbps=4476250&sparams=clen%2Cdur%2Cei%2Cgir%2Cid%2Cinitcwndbps%2Cip%2Cipbits%2Citag%2Clmt%2Cmime%2Cmm%2Cmn%2Cms%2Cmv%2Cpl%2Crequiressl%2Csource%2Cexpire&ratebypass=yes", "player_url": null, "ext": "3gp", "width": 320, "acodec": "mp4a.40.2", "vcodec": "mp4v.20.3", "resolution": "320x240", "height": 240, "format_note": "small", "format": "36 - 320x240 (small)", "protocol": "https", "http_headers": {"User-Agent": "Mozilla/5.0 (X11; Linux x86_64; rv:10.0) Gecko/20150101 Firefox/47.0 (Chrome)", "Accept-Charset": "ISO-8859-1,utf-8;q=0.7,*;q=0.7", "Accept": "text/html,application/xhtml+xml,application/xml;q=0.9,*/*;q=0.8", "Accept-Encoding": "gzip, deflate", "Accept-Language": "en-us,en;q=0.5"}}, {"format_id": "18", "url": "https://r2---sn-4g5e6nle.googlevideo.com/videoplayback?dur=437.324&source=youtube&pl=16&id=o-ALwksjqgIqDhuw-6L9FeCTZJHsH3VY8VbMhep_1FgvXg&ei=L6yJWfXsGtiwcozKkZAF&ms=au&mt=1502194617&mv=m&signature=E2304BF4D89194595C208498065F830EFB69223E.44F5557B76C78A74C73807FFC12FE9B7F09F77BC&gir=yes&mn=sn-4g5e6nle&ip=131.159.40.117&key=yt6&lmt=1393681833391280&itag=18&expire=1502216335&ipbits=0&ratebypass=yes&clen=20991929&requiressl=yes&mime=video%2Fmp4&initcwndbps=4476250&sparams=clen%2Cdur%2Cei%2Cgir%2Cid%2Cinitcwndbps%2Cip%2Cipbits%2Citag%2Clmt%2Cmime%2Cmm%2Cmn%2Cms%2Cmv%2Cpl%2Cratebypass%2Crequiressl%2Csource%2Cexpire&mm=31", "player_url": null, "ext": "mp4", "width": 480, "height": 360, "acodec": "mp4a.40.2", "abr": 96, "vcodec": "avc1.42001E", "resolution": "480x360", "format_note": "medium", "format": "18 - 480x360 (medium)", "protocol": "https", "http_headers": {"User-Agent": "Mozilla/5.0 (X11; Linux x86_64; rv:10.0) Gecko/20150101 Firefox/47.0 (Chrome)", "Accept-Charset": "ISO-8859-1,utf-8;q=0.7,*;q=0.7", "Accept": "text/html,application/xhtml+xml,application/xml;q=0.9,*/*;q=0.8", "Accept-Encoding": "gzip, deflate", "Accept-Language": "en-us,en;q=0.5"}}, {"format_id": "43", "url": "https://r2---sn-4g5e6nle.googlevideo.com/videoplayback?dur=0.000&source=youtube&pl=16&id=o-ALwksjqgIqDhuw-6L9FeCTZJHsH3VY8VbMhep_1FgvXg&ei=L6yJWfXsGtiwcozKkZAF&ms=au&mt=1502194617&mv=m&signature=27C25D3555939267307FC32F96EA3DBDA96DAAB1.8989EAB17055DEC0233B85891B6989E9936ECA04&gir=yes&mn=sn-4g5e6nle&ip=131.159.40.117&key=yt6&lmt=1303351168023524&itag=43&expire=1502216335&ipbits=0&ratebypass=yes&clen=23666301&requiressl=yes&mime=video%2Fwebm&initcwndbps=4476250&sparams=clen%2Cdur%2Cei%2Cgir%2Cid%2Cinitcwndbps%2Cip%2Cipbits%2Citag%2Clmt%2Cmime%2Cmm%2Cmn%2Cms%2Cmv%2Cpl%2Cratebypass%2Crequiressl%2Csource%2Cexpire&mm=31", "player_url": null, "ext": "webm", "width": 640, "height": 360, "acodec": "vorbis", "abr": 128, "vcodec": "vp8.0", "resolution": "640x360", "format_note": "medium", "format": "43 - 640x360 (medium)", "protocol": "https", "http_headers": {"User-Agent": "Mozilla/5.0 (X11; Linux x86_64; rv:10.0) Gecko/20150101 Firefox/47.0 (Chrome)", "Accept-Charset": "ISO-8859-1,utf-8;q=0.7,*;q=0.7", "Accept": "text/html,application/xhtml+xml,application/xml;q=0.9,*/*;q=0.8", "Accept-Encoding": "gzip, deflate", "Accept-Language": "en-us,en;q=0.5"}}], "is_live": null, "start_time": null, "end_time": null, "series": null, "season_number": null, "episode_number": null, "extractor": "youtube", "webpage_url_basename": "JKsfXX792AU", "extractor_key": "Youtube", "playlist": null, "playlist_index": null, "thumbnails": [{"url": "https://i.ytimg.com/vi/JKsfXX792AU/hqdefault.jpg", "id": "0"}], "display_id": "JKsfXX792AU", "ext": "mp4", "height": 480, "format_note": "DASH video", "vcodec": "avc1.4d401e", "format_id": "135", "url": "https://r2---sn-4g5edne7.googlevideo.com/videoplayback?id=24ab1f5d7efdd805&itag=135&source=youtube&requiressl=yes&initcwndbps=4476250&mm=31&mn=sn-4g5edne7&mv=m&ei=MKyJWeNnxYNy17ylkAU&ms=au&pl=16&ratebypass=yes&mime=video/mp4&gir=yes&clen=27369220&lmt=1393682019378754&dur=437.201&mt=1502194617&signature=3A50A03E9C2460943CDD9FB504FC0AD558981F06.917D6C7546E5788328638C9B4F5D9B4E6482A71D&key=dg_yt0&ip=131.159.40.117&ipbits=0&expire=1502216336&sparams=ip,ipbits,expire,id,itag,source,requiressl,initcwndbps,mm,mn,mv,ei,ms,pl,ratebypass,mime,gir,clen,lmt,dur", "manifest_url": "https://manifest.googlevideo.com/api/manifest/dash/mt/1502194617/initcwndbps/4476250/id/24ab1f5d7efdd805/sparams/as%2Cei%2Chfr%2Cid%2Cinitcwndbps%2Cip%2Cipbits%2Citag%2Cmm%2Cmn%2Cms%2Cmv%2Cpl%2Cplayback_host%2Crequiressl%2Csource%2Cexpire/mm/31/mn/sn-4g5edne7/hfr/1/mv/m/expire/1502216336/source/youtube/signature/C5ECA73B4D698B1852FBAB15AF749A2E2D0A4E98.2479B1638D1326170027B73A72DAE7ABB4C8CDB0/playback_host/r2---sn-4g5edne7.googlevideo.com/as/fmp4_audio_clear%2Cfmp4_sd_hd_clear/ei/MKyJWeNnxYNy17ylkAU/ipbits/0/ms/au/ip/131.159.40.117/key/yt6/requiressl/yes/itag/0/pl/16", "width": 640, "tbr": 556.44, "asr": null, "fps": 25, "language": null, "filesize": 27369220, "acodec": "none", "format": "135 - 640x480 (DASH video)", "protocol": "https", "http_headers": {"User-Agent": "Mozilla/5.0 (X11; Linux x86_64; rv:10.0) Gecko/20150101 Firefox/47.0 (Chrome)", "Accept-Charset": "ISO-8859-1,utf-8;q=0.7,*;q=0.7", "Accept": "text/html,application/xhtml+xml,application/xml;q=0.9,*/*;q=0.8", "Accept-Encoding": "gzip, deflate", "Accept-Language": "en-us,en;q=0.5"}, "fulltitle": "Soin visage 3 - Gommage .wmv", "_filename": "JKsfXX792AU.mp4"}