{"id": "Fm96-nebe-8", "uploader": "RT America", "uploader_id": "RTAmerica", "uploader_url": "http://www.youtube.com/user/RTAmerica", "upload_date": "20110819", "license": "Standard YouTube License", "creator": null, "title": "Peter Schiff on record gold prices: I told you so!", "alt_title": null, "thumbnail": "https://i.ytimg.com/vi/Fm96-nebe-8/hqdefault.jpg", "description": "With the decline of the world economy, many investors are flocking to the precision metal: gold. Many say buying gold is a safe haven from worldwide inflation and gold will keep its value over any paper money. Will gold continue to increase in value? Peter Schiff, president of Euro Pacific Capital, tells us more about the precious metal.\n\nFollow Lauren on Twitter: http://twitter.com/LaurenLyster", "categories": ["News & Politics"], "tags": ["RTAmerica", "RT America", "RT", "RTTV", "US", "USA", "United States", "lauren lyster", "federal reserve", "us dollar", "Peter Schiff", "inflation", "gold standard", "gold buillion", "us bonds", "money", "yen", "stock market", "stocks"], "subtitles": {}, "automatic_captions": {}, "duration": 461, "age_limit": 0, "annotations": null, "chapters": null, "webpage_url": "https://www.youtube.com/watch?v=Fm96-nebe-8", "view_count": 39651, "like_count": 358, "dislike_count": 10, "average_rating": 4.89130449295, "formats": [{"ext": "m4a", "format_note": "DASH audio", "acodec": "mp4a.40.5", "abr": 48, "container": "m4a_dash", "format_id": "139", "url": "https://r1---sn-xjpm-q0ns.googlevideo.com/videoplayback?id=166f7afa779b7bef&itag=139&source=youtube&requiressl=yes&mm=31&mn=sn-xjpm-q0ns&pl=16&mv=u&ei=S4yKWeLILMT3V8a_s4AM&ms=au&ratebypass=yes&mime=audio/mp4&gir=yes&clen=2744251&lmt=1381197073671324&dur=461.334&mt=1502251806&signature=76AB26B910AFB73CFA13E1668C5479B5DF90D651.69B4A472C94D66D0B76EB42BDBD7372EA6A24790&key=dg_yt0&ip=131.159.40.117&ipbits=0&expire=1502273707&sparams=ip,ipbits,expire,id,itag,source,requiressl,mm,mn,pl,mv,ei,ms,ratebypass,mime,gir,clen,lmt,dur", "manifest_url": "https://manifest.googlevideo.com/api/manifest/dash/ipbits/0/mt/1502251806/playback_host/r1---sn-xjpm-q0ns.googlevideo.com/as/fmp4_audio_clear%2Cfmp4_sd_hd_clear/ip/131.159.40.117/mm/31/mn/sn-xjpm-q0ns/hfr/1/itag/0/pl/16/source/youtube/mv/u/sparams/as%2Cei%2Chfr%2Cid%2Cip%2Cipbits%2Citag%2Cmm%2Cmn%2Cms%2Cmv%2Cpl%2Cplayback_host%2Crequiressl%2Csource%2Cexpire/ei/S4yKWeLILMT3V8a_s4AM/ms/au/signature/9F9519226B706F8E59AF40555271C7BE90256DB1.B846A2255CFC77C9386BE2B0CF910672EF1B1769/requiressl/yes/id/166f7afa779b7bef/expire/1502273707/key/yt6", "width": null, "height": null, "tbr": 48.743, "asr": 22050, "fps": null, "language": null, "filesize": 2744251, "vcodec": "none", "format": "139 - audio only (DASH audio)", "protocol": "https", "http_headers": {"User-Agent": "Mozilla/5.0 (X11; Linux x86_64; rv:10.0) Gecko/20150101 Firefox/47.0 (Chrome)", "Accept-Charset": "ISO-8859-1,utf-8;q=0.7,*;q=0.7", "Accept": "text/html,application/xhtml+xml,application/xml;q=0.9,*/*;q=0.8", "Accept-Encoding": "gzip, deflate", "Accept-Language": "en-us,en;q=0.5"}}, {"format_id": "249", "url": "https://r1---sn-xjpm-q0ns.googlevideo.com/videoplayback?key=yt6&mm=31&mn=sn-xjpm-q0ns&ei=S4yKWaCJFNe9Vqz8goAC&ms=au&mt=1502251806&mv=u&pl=16&clen=2929561&signature=5A754B8D19B8A586D5AF8290CE8C3AAD6DAC1B30.B02422D6F8456D68EE88ABE12BA90890FC04A3F4&mime=audio%2Fwebm&keepalive=yes&ip=131.159.40.117&requiressl=yes&itag=249&lmt=1425466256948148&id=o-APRhca7-ruPOcFE64tNvjdTV0MuxmF8LCubYV6HfLTFI&dur=461.221&source=youtube&sparams=clen%2Cdur%2Cei%2Cgir%2Cid%2Cip%2Cipbits%2Citag%2Ckeepalive%2Clmt%2Cmime%2Cmm%2Cmn%2Cms%2Cmv%2Cpl%2Crequiressl%2Csource%2Cexpire&ipbits=0&expire=1502273707&gir=yes&ratebypass=yes", "player_url": null, "ext": "webm", "format_note": "DASH audio", "acodec": "opus", "abr": 50, "filesize": 2929561, "tbr": 51.674, "vcodec": "none", "format": "249 - audio only (DASH audio)", "protocol": "https", "http_headers": {"User-Agent": "Mozilla/5.0 (X11; Linux x86_64; rv:10.0) Gecko/20150101 Firefox/47.0 (Chrome)", "Accept-Charset": "ISO-8859-1,utf-8;q=0.7,*;q=0.7", "Accept": "text/html,application/xhtml+xml,application/xml;q=0.9,*/*;q=0.8", "Accept-Encoding": "gzip, deflate", "Accept-Language": "en-us,en;q=0.5"}}, {"format_id": "250", "url": "https://r1---sn-xjpm-q0ns.googlevideo.com/videoplayback?key=yt6&mm=31&mn=sn-xjpm-q0ns&ei=S4yKWaCJFNe9Vqz8goAC&ms=au&mt=1502251806&mv=u&pl=16&clen=3833356&signature=DDCD84AB50C74C05CEAF8BC8241F8809009EDDF9.ADE4F2AE42AD0F85BF265096CA0062217906847D&mime=audio%2Fwebm&keepalive=yes&ip=131.159.40.117&requiressl=yes&itag=250&lmt=1425466249254422&id=o-APRhca7-ruPOcFE64tNvjdTV0MuxmF8LCubYV6HfLTFI&dur=461.221&source=youtube&sparams=clen%2Cdur%2Cei%2Cgir%2Cid%2Cip%2Cipbits%2Citag%2Ckeepalive%2Clmt%2Cmime%2Cmm%2Cmn%2Cms%2Cmv%2Cpl%2Crequiressl%2Csource%2Cexpire&ipbits=0&expire=1502273707&gir=yes&ratebypass=yes", "player_url": null, "ext": "webm", "format_note": "DASH audio", "acodec": "opus", "abr": 70, "filesize": 3833356, "tbr": 73.916, "vcodec": "none", "format": "250 - audio only (DASH audio)", "protocol": "https", "http_headers": {"User-Agent": "Mozilla/5.0 (X11; Linux x86_64; rv:10.0) Gecko/20150101 Firefox/47.0 (Chrome)", "Accept-Charset": "ISO-8859-1,utf-8;q=0.7,*;q=0.7", "Accept": "text/html,application/xhtml+xml,application/xml;q=0.9,*/*;q=0.8", "Accept-Encoding": "gzip, deflate", "Accept-Language": "en-us,en;q=0.5"}}, {"format_id": "171", "url": "https://r1---sn-xjpm-q0ns.googlevideo.com/videoplayback?key=yt6&mm=31&mn=sn-xjpm-q0ns&ei=S4yKWaCJFNe9Vqz8goAC&ms=au&mt=1502251806&mv=u&pl=16&clen=5242800&signature=6833E1E1425D2AC03C3C0C786225F5C3C8FB611E.683C47129E541410921626165EA58906724AECC1&mime=audio%2Fwebm&keepalive=yes&ip=131.159.40.117&requiressl=yes&itag=171&lmt=1425466252829418&id=o-APRhca7-ruPOcFE64tNvjdTV0MuxmF8LCubYV6HfLTFI&dur=461.211&source=youtube&sparams=clen%2Cdur%2Cei%2Cgir%2Cid%2Cip%2Cipbits%2Citag%2Ckeepalive%2Clmt%2Cmime%2Cmm%2Cmn%2Cms%2Cmv%2Cpl%2Crequiressl%2Csource%2Cexpire&ipbits=0&expire=1502273707&gir=yes&ratebypass=yes", "player_url": null, "ext": "webm", "acodec": "vorbis", "format_note": "DASH audio", "abr": 128, "filesize": 5242800, "tbr": 101.098, "vcodec": "none", "format": "171 - audio only (DASH audio)", "protocol": "https", "http_headers": {"User-Agent": "Mozilla/5.0 (X11; Linux x86_64; rv:10.0) Gecko/20150101 Firefox/47.0 (Chrome)", "Accept-Charset": "ISO-8859-1,utf-8;q=0.7,*;q=0.7", "Accept": "text/html,application/xhtml+xml,application/xml;q=0.9,*/*;q=0.8", "Accept-Encoding": "gzip, deflate", "Accept-Language": "en-us,en;q=0.5"}}, {"ext": "m4a", "format_note": "DASH audio", "acodec": "mp4a.40.2", "abr": 128, "container": "m4a_dash", "format_id": "140", "url": "https://r1---sn-xjpm-q0ns.googlevideo.com/videoplayback?id=166f7afa779b7bef&itag=140&source=youtube&requiressl=yes&mm=31&mn=sn-xjpm-q0ns&pl=16&mv=u&ei=S4yKWeLILMT3V8a_s4AM&ms=au&ratebypass=yes&mime=audio/mp4&gir=yes&clen=7326891&lmt=1381197166740944&dur=461.287&mt=1502251806&signature=4FF06225F07A30683015F59807AF67719B6EC15B.18A3C164E276F620AA4811AACA6982CECDC2750B&key=dg_yt0&ip=131.159.40.117&ipbits=0&expire=1502273707&sparams=ip,ipbits,expire,id,itag,source,requiressl,mm,mn,pl,mv,ei,ms,ratebypass,mime,gir,clen,lmt,dur", "manifest_url": "https://manifest.googlevideo.com/api/manifest/dash/ipbits/0/mt/1502251806/playback_host/r1---sn-xjpm-q0ns.googlevideo.com/as/fmp4_audio_clear%2Cfmp4_sd_hd_clear/ip/131.159.40.117/mm/31/mn/sn-xjpm-q0ns/hfr/1/itag/0/pl/16/source/youtube/mv/u/sparams/as%2Cei%2Chfr%2Cid%2Cip%2Cipbits%2Citag%2Cmm%2Cmn%2Cms%2Cmv%2Cpl%2Cplayback_host%2Crequiressl%2Csource%2Cexpire/ei/S4yKWeLILMT3V8a_s4AM/ms/au/signature/9F9519226B706F8E59AF40555271C7BE90256DB1.B846A2255CFC77C9386BE2B0CF910672EF1B1769/requiressl/yes/id/166f7afa779b7bef/expire/1502273707/key/yt6", "width": null, "height": null, "tbr": 128.25, "asr": 44100, "fps": null, "language": null, "filesize": 7326891, "vcodec": "none", "format": "140 - audio only (DASH audio)", "protocol": "https", "http_headers": {"User-Agent": "Mozilla/5.0 (X11; Linux x86_64; rv:10.0) Gecko/20150101 Firefox/47.0 (Chrome)", "Accept-Charset": "ISO-8859-1,utf-8;q=0.7,*;q=0.7", "Accept": "text/html,application/xhtml+xml,application/xml;q=0.9,*/*;q=0.8", "Accept-Encoding": "gzip, deflate", "Accept-Language": "en-us,en;q=0.5"}}, {"format_id": "251", "url": "https://r1---sn-xjpm-q0ns.googlevideo.com/videoplayback?key=yt6&mm=31&mn=sn-xjpm-q0ns&ei=S4yKWaCJFNe9Vqz8goAC&ms=au&mt=1502251806&mv=u&pl=16&clen=10844754&signature=A3CC395558E70C84F05B97ED52A7CF2D6AE3DABC.B970F4A1F90A554CDEA9EF14076925F4896925C1&mime=audio%2Fwebm&keepalive=yes&ip=131.159.40.117&requiressl=yes&itag=251&lmt=1425466252084687&id=o-APRhca7-ruPOcFE64tNvjdTV0MuxmF8LCubYV6HfLTFI&dur=461.221&source=youtube&sparams=clen%2Cdur%2Cei%2Cgir%2Cid%2Cip%2Cipbits%2Citag%2Ckeepalive%2Clmt%2Cmime%2Cmm%2Cmn%2Cms%2Cmv%2Cpl%2Crequiressl%2Csource%2Cexpire&ipbits=0&expire=1502273707&gir=yes&ratebypass=yes", "player_url": null, "ext": "webm", "format_note": "DASH audio", "acodec": "opus", "abr": 160, "filesize": 10844754, "tbr": 206.792, "vcodec": "none", "format": "251 - audio only (DASH audio)", "protocol": "https", "http_headers": {"User-Agent": "Mozilla/5.0 (X11; Linux x86_64; rv:10.0) Gecko/20150101 Firefox/47.0 (Chrome)", "Accept-Charset": "ISO-8859-1,utf-8;q=0.7,*;q=0.7", "Accept": "text/html,application/xhtml+xml,application/xml;q=0.9,*/*;q=0.8", "Accept-Encoding": "gzip, deflate", "Accept-Language": "en-us,en;q=0.5"}}, {"format_id": "278", "url": "https://r1---sn-xjpm-q0ns.googlevideo.com/videoplayback?key=yt6&mm=31&mn=sn-xjpm-q0ns&ei=S4yKWaCJFNe9Vqz8goAC&ms=au&mt=1502251806&mv=u&pl=16&clen=4470457&signature=8801DF2F9CFEC1EBE70090C0E02AC2A9571C5F03.91438E639E31ADBD5AE4C758DC8C964967FEE053&mime=video%2Fwebm&keepalive=yes&ip=131.159.40.117&requiressl=yes&itag=278&lmt=1425466307329451&id=o-APRhca7-ruPOcFE64tNvjdTV0MuxmF8LCubYV6HfLTFI&dur=461.194&source=youtube&sparams=clen%2Cdur%2Cei%2Cgir%2Cid%2Cip%2Cipbits%2Citag%2Ckeepalive%2Clmt%2Cmime%2Cmm%2Cmn%2Cms%2Cmv%2Cpl%2Crequiressl%2Csource%2Cexpire&ipbits=0&expire=1502273707&gir=yes&ratebypass=yes", "player_url": null, "ext": "webm", "height": 144, "format_note": "144p", "container": "webm", "vcodec": "vp9", "filesize": 4470457, "tbr": 100.32, "width": 196, "fps": 15, "acodec": "none", "format": "278 - 196x144 (144p)", "protocol": "https", "http_headers": {"User-Agent": "Mozilla/5.0 (X11; Linux x86_64; rv:10.0) Gecko/20150101 Firefox/47.0 (Chrome)", "Accept-Charset": "ISO-8859-1,utf-8;q=0.7,*;q=0.7", "Accept": "text/html,application/xhtml+xml,application/xml;q=0.9,*/*;q=0.8", "Accept-Encoding": "gzip, deflate", "Accept-Language": "en-us,en;q=0.5"}}, {"ext": "mp4", "height": 144, "format_note": "DASH video", "vcodec": "avc1.42c00c", "format_id": "160", "url": "https://r1---sn-xjpm-q0ns.googlevideo.com/videoplayback?id=166f7afa779b7bef&itag=160&source=youtube&requiressl=yes&mm=31&mn=sn-xjpm-q0ns&pl=16&mv=u&ei=S4yKWeLILMT3V8a_s4AM&ms=au&ratebypass=yes&mime=video/mp4&gir=yes&clen=6539272&lmt=1381197451499360&dur=461.194&mt=1502251806&signature=A40882FF99ABE0CB95A0BBF9F2248321462046.E5C78020D8234F48EA018549CADCC09B37680C&key=dg_yt0&ip=131.159.40.117&ipbits=0&expire=1502273707&sparams=ip,ipbits,expire,id,itag,source,requiressl,mm,mn,pl,mv,ei,ms,ratebypass,mime,gir,clen,lmt,dur", "manifest_url": "https://manifest.googlevideo.com/api/manifest/dash/ipbits/0/mt/1502251806/playback_host/r1---sn-xjpm-q0ns.googlevideo.com/as/fmp4_audio_clear%2Cfmp4_sd_hd_clear/ip/131.159.40.117/mm/31/mn/sn-xjpm-q0ns/hfr/1/itag/0/pl/16/source/youtube/mv/u/sparams/as%2Cei%2Chfr%2Cid%2Cip%2Cipbits%2Citag%2Cmm%2Cmn%2Cms%2Cmv%2Cpl%2Cplayback_host%2Crequiressl%2Csource%2Cexpire/ei/S4yKWeLILMT3V8a_s4AM/ms/au/signature/9F9519226B706F8E59AF40555271C7BE90256DB1.B846A2255CFC77C9386BE2B0CF910672EF1B1769/requiressl/yes/id/166f7afa779b7bef/expire/1502273707/key/yt6", "width": 196, "tbr": 115.946, "asr": null, "fps": 15, "language": null, "filesize": 6539272, "acodec": "none", "format": "160 - 196x144 (DASH video)", "protocol": "https", "http_headers": {"User-Agent": "Mozilla/5.0 (X11; Linux x86_64; rv:10.0) Gecko/20150101 Firefox/47.0 (Chrome)", "Accept-Charset": "ISO-8859-1,utf-8;q=0.7,*;q=0.7", "Accept": "text/html,application/xhtml+xml,application/xml;q=0.9,*/*;q=0.8", "Accept-Encoding": "gzip, deflate", "Accept-Language": "en-us,en;q=0.5"}}, {"format_id": "242", "url": "https://r1---sn-xjpm-q0ns.googlevideo.com/videoplayback?key=yt6&mm=31&mn=sn-xjpm-q0ns&ei=S4yKWaCJFNe9Vqz8goAC&ms=au&mt=1502251806&mv=u&pl=16&clen=8158542&signature=AFB35D3548A5ADF3093D9FBD87E2CDD7C31EABA0.44162D4B7C66770C8F0878BBD834730173403F89&mime=video%2Fwebm&keepalive=yes&ip=131.159.40.117&requiressl=yes&itag=242&lmt=1425466283459752&id=o-APRhca7-ruPOcFE64tNvjdTV0MuxmF8LCubYV6HfLTFI&dur=461.194&source=youtube&sparams=clen%2Cdur%2Cei%2Cgir%2Cid%2Cip%2Cipbits%2Citag%2Ckeepalive%2Clmt%2Cmime%2Cmm%2Cmn%2Cms%2Cmv%2Cpl%2Crequiressl%2Csource%2Cexpire&ipbits=0&expire=1502273707&gir=yes&ratebypass=yes", "player_url": null, "ext": "webm", "height": 240, "format_note": "240p", "vcodec": "vp9", "filesize": 8158542, "tbr": 217.775, "width": 328, "fps": 30, "acodec": "none", "format": "242 - 328x240 (240p)", "protocol": "https", "http_headers": {"User-Agent": "Mozilla/5.0 (X11; Linux x86_64; rv:10.0) Gecko/20150101 Firefox/47.0 (Chrome)", "Accept-Charset": "ISO-8859-1,utf-8;q=0.7,*;q=0.7", "Accept": "text/html,application/xhtml+xml,application/xml;q=0.9,*/*;q=0.8", "Accept-Encoding": "gzip, deflate", "Accept-Language": "en-us,en;q=0.5"}}, {"ext": "mp4", "height": 240, "format_note": "DASH video", "vcodec": "avc1.4d400d", "format_id": "133", "url": "https://r1---sn-xjpm-q0ns.googlevideo.com/videoplayback?id=166f7afa779b7bef&itag=133&source=youtube&requiressl=yes&mm=31&mn=sn-xjpm-q0ns&pl=16&mv=u&ei=S4yKWeLILMT3V8a_s4AM&ms=au&ratebypass=yes&mime=video/mp4&gir=yes&clen=14078186&lmt=1381197285074865&dur=461.194&mt=1502251806&signature=996D437988B0B748C7B06BD44A52E5F1C97C3556.76F95FBB7682A22DC4C3792C1ACB4286087316C4&key=dg_yt0&ip=131.159.40.117&ipbits=0&expire=1502273707&sparams=ip,ipbits,expire,id,itag,source,requiressl,mm,mn,pl,mv,ei,ms,ratebypass,mime,gir,clen,lmt,dur", "manifest_url": "https://manifest.googlevideo.com/api/manifest/dash/ipbits/0/mt/1502251806/playback_host/r1---sn-xjpm-q0ns.googlevideo.com/as/fmp4_audio_clear%2Cfmp4_sd_hd_clear/ip/131.159.40.117/mm/31/mn/sn-xjpm-q0ns/hfr/1/itag/0/pl/16/source/youtube/mv/u/sparams/as%2Cei%2Chfr%2Cid%2Cip%2Cipbits%2Citag%2Cmm%2Cmn%2Cms%2Cmv%2Cpl%2Cplayback_host%2Crequiressl%2Csource%2Cexpire/ei/S4yKWeLILMT3V8a_s4AM/ms/au/signature/9F9519226B706F8E59AF40555271C7BE90256DB1.B846A2255CFC77C9386BE2B0CF910672EF1B1769/requiressl/yes/id/166f7afa779b7bef/expire/1502273707/key/yt6", "width": 328, "tbr": 250.533, "asr": null, "fps": 30, "language": null, "filesize": 14078186, "acodec": "none", "format": "133 - 328x240 (DASH video)", "protocol": "https", "http_headers": {"User-Agent": "Mozilla/5.0 (X11; Linux x86_64; rv:10.0) Gecko/20150101 Firefox/47.0 (Chrome)", "Accept-Charset": "ISO-8859-1,utf-8;q=0.7,*;q=0.7", "Accept": "text/html,application/xhtml+xml,application/xml;q=0.9,*/*;q=0.8", "Accept-Encoding": "gzip, deflate", "Accept-Language": "en-us,en;q=0.5"}}, {"format_id": "243", "url": "https://r1---sn-xjpm-q0ns.googlevideo.com/videoplayback?key=yt6&mm=31&mn=sn-xjpm-q0ns&ei=S4yKWaCJFNe9Vqz8goAC&ms=au&mt=1502251806&mv=u&pl=16&clen=16105338&signature=A1D632B7EE14162868CC8EEC1B2D94604E2CB403.A49F4CF5B19B0B66CC7DAA1CF9582E1F60A83582&mime=video%2Fwebm&keepalive=yes&ip=131.159.40.117&requiressl=yes&itag=243&lmt=1425466325602703&id=o-APRhca7-ruPOcFE64tNvjdTV0MuxmF8LCubYV6HfLTFI&dur=461.194&source=youtube&sparams=clen%2Cdur%2Cei%2Cgir%2Cid%2Cip%2Cipbits%2Citag%2Ckeepalive%2Clmt%2Cmime%2Cmm%2Cmn%2Cms%2Cmv%2Cpl%2Crequiressl%2Csource%2Cexpire&ipbits=0&expire=1502273707&gir=yes&ratebypass=yes", "player_url": null, "ext": "webm", "height": 360, "format_note": "360p", "vcodec": "vp9", "filesize": 16105338, "tbr": 407.269, "width": 490, "fps": 30, "acodec": "none", "format": "243 - 490x360 (360p)", "protocol": "https", "http_headers": {"User-Agent": "Mozilla/5.0 (X11; Linux x86_64; rv:10.0) Gecko/20150101 Firefox/47.0 (Chrome)", "Accept-Charset": "ISO-8859-1,utf-8;q=0.7,*;q=0.7", "Accept": "text/html,application/xhtml+xml,application/xml;q=0.9,*/*;q=0.8", "Accept-Encoding": "gzip, deflate", "Accept-Language": "en-us,en;q=0.5"}}, {"ext": "mp4", "height": 360, "format_note": "DASH video", "vcodec": "avc1.4d401e", "format_id": "134", "url": "https://r1---sn-xjpm-q0ns.googlevideo.com/videoplayback?id=166f7afa779b7bef&itag=134&source=youtube&requiressl=yes&mm=31&mn=sn-xjpm-q0ns&pl=16&mv=u&ei=S4yKWeLILMT3V8a_s4AM&ms=au&ratebypass=yes&mime=video/mp4&gir=yes&clen=18319467&lmt=1381197291881606&dur=461.194&mt=1502251806&signature=6152243E0D6AF0CE5EAAC328559F6D714C865C59.77C0164701E03D67D2BE56C280C9D994202019AC&key=dg_yt0&ip=131.159.40.117&ipbits=0&expire=1502273707&sparams=ip,ipbits,expire,id,itag,source,requiressl,mm,mn,pl,mv,ei,ms,ratebypass,mime,gir,clen,lmt,dur", "manifest_url": "https://manifest.googlevideo.com/api/manifest/dash/ipbits/0/mt/1502251806/playback_host/r1---sn-xjpm-q0ns.googlevideo.com/as/fmp4_audio_clear%2Cfmp4_sd_hd_clear/ip/131.159.40.117/mm/31/mn/sn-xjpm-q0ns/hfr/1/itag/0/pl/16/source/youtube/mv/u/sparams/as%2Cei%2Chfr%2Cid%2Cip%2Cipbits%2Citag%2Cmm%2Cmn%2Cms%2Cmv%2Cpl%2Cplayback_host%2Crequiressl%2Csource%2Cexpire/ei/S4yKWeLILMT3V8a_s4AM/ms/au/signature/9F9519226B706F8E59AF40555271C7BE90256DB1.B846A2255CFC77C9386BE2B0CF910672EF1B1769/requiressl/yes/id/166f7afa779b7bef/expire/1502273707/key/yt6", "width": 490, "tbr": 594.087, "asr": null, "fps": 30, "language": null, "filesize": 18319467, "acodec": "none", "format": "134 - 490x360 (DASH video)", "protocol": "https", "http_headers": {"User-Agent": "Mozilla/5.0 (X11; Linux x86_64; rv:10.0) Gecko/20150101 Firefox/47.0 (Chrome)", "Accept-Charset": "ISO-8859-1,utf-8;q=0.7,*;q=0.7", "Accept": "text/html,application/xhtml+xml,application/xml;q=0.9,*/*;q=0.8", "Accept-Encoding": "gzip, deflate", "Accept-Language": "en-us,en;q=0.5"}}, {"format_id": "244", "url": "https://r1---sn-xjpm-q0ns.googlevideo.com/videoplayback?key=yt6&mm=31&mn=sn-xjpm-q0ns&ei=S4yKWaCJFNe9Vqz8goAC&ms=au&mt=1502251806&mv=u&pl=16&clen=30989353&signature=A712BB45B6666B436EB0DCA22BC1B048309BA4BE.8B8E6AA694B7382CC99B94329DF90D53C0EF8EB3&mime=video%2Fwebm&keepalive=yes&ip=131.159.40.117&requiressl=yes&itag=244&lmt=1425466384185830&id=o-APRhca7-ruPOcFE64tNvjdTV0MuxmF8LCubYV6HfLTFI&dur=461.194&source=youtube&sparams=clen%2Cdur%2Cei%2Cgir%2Cid%2Cip%2Cipbits%2Citag%2Ckeepalive%2Clmt%2Cmime%2Cmm%2Cmn%2Cms%2Cmv%2Cpl%2Crequiressl%2Csource%2Cexpire&ipbits=0&expire=1502273707&gir=yes&ratebypass=yes", "player_url": null, "ext": "webm", "height": 480, "format_note": "480p", "vcodec": "vp9", "filesize": 30989353, "tbr": 802.312, "width": 654, "fps": 30, "acodec": "none", "format": "244 - 654x480 (480p)", "protocol": "https", "http_headers": {"User-Agent": "Mozilla/5.0 (X11; Linux x86_64; rv:10.0) Gecko/20150101 Firefox/47.0 (Chrome)", "Accept-Charset": "ISO-8859-1,utf-8;q=0.7,*;q=0.7", "Accept": "text/html,application/xhtml+xml,application/xml;q=0.9,*/*;q=0.8", "Accept-Encoding": "gzip, deflate", "Accept-Language": "en-us,en;q=0.5"}}, {"ext": "mp4", "height": 480, "format_note": "DASH video", "vcodec": "avc1.4d401e", "format_id": "135", "url": "https://r1---sn-xjpm-q0ns.googlevideo.com/videoplayback?id=166f7afa779b7bef&itag=135&source=youtube&requiressl=yes&mm=31&mn=sn-xjpm-q0ns&pl=16&mv=u&ei=S4yKWeLILMT3V8a_s4AM&ms=au&ratebypass=yes&mime=video/mp4&gir=yes&clen=38778390&lmt=1381197291862130&dur=461.194&mt=1502251806&signature=27C52B88827C7CFEA5B632E9E2ED9A169A25EE53.0CB4DAC130FF3C78F7821482B9C39F0FBF305ABD&key=dg_yt0&ip=131.159.40.117&ipbits=0&expire=1502273707&sparams=ip,ipbits,expire,id,itag,source,requiressl,mm,mn,pl,mv,ei,ms,ratebypass,mime,gir,clen,lmt,dur", "manifest_url": "https://manifest.googlevideo.com/api/manifest/dash/ipbits/0/mt/1502251806/playback_host/r1---sn-xjpm-q0ns.googlevideo.com/as/fmp4_audio_clear%2Cfmp4_sd_hd_clear/ip/131.159.40.117/mm/31/mn/sn-xjpm-q0ns/hfr/1/itag/0/pl/16/source/youtube/mv/u/sparams/as%2Cei%2Chfr%2Cid%2Cip%2Cipbits%2Citag%2Cmm%2Cmn%2Cms%2Cmv%2Cpl%2Cplayback_host%2Crequiressl%2Csource%2Cexpire/ei/S4yKWeLILMT3V8a_s4AM/ms/au/signature/9F9519226B706F8E59AF40555271C7BE90256DB1.B846A2255CFC77C9386BE2B0CF910672EF1B1769/requiressl/yes/id/166f7afa779b7bef/expire/1502273707/key/yt6", "width": 654, "tbr": 1106.499, "asr": null, "fps": 30, "language": null, "filesize": 38778390, "acodec": "none", "format": "135 - 654x480 (DASH video)", "protocol": "https", "http_headers": {"User-Agent": "Mozilla/5.0 (X11; Linux x86_64; rv:10.0) Gecko/20150101 Firefox/47.0 (Chrome)", "Accept-Charset": "ISO-8859-1,utf-8;q=0.7,*;q=0.7", "Accept": "text/html,application/xhtml+xml,application/xml;q=0.9,*/*;q=0.8", "Accept-Encoding": "gzip, deflate", "Accept-Language": "en-us,en;q=0.5"}}, {"format_id": "17", "url": "https://r1---sn-xjpm-q0ns.googlevideo.com/videoplayback?sparams=clen%2Cdur%2Cei%2Cgir%2Cid%2Cip%2Cipbits%2Citag%2Clmt%2Cmime%2Cmm%2Cmn%2Cms%2Cmv%2Cpl%2Crequiressl%2Csource%2Cexpire&mm=31&mn=sn-xjpm-q0ns&ipbits=0&ei=S4yKWaCJFNe9Vqz8goAC&ms=au&mt=1502251806&mv=u&pl=16&clen=4731445&expire=1502273707&signature=12049E5DA51F759906495813D6DE697A29A044D2.5848B3BE530B0546B0898282771DEF4ECA7784B8&key=yt6&ip=131.159.40.117&requiressl=yes&itag=17&lmt=1313788105065800&id=o-APRhca7-ruPOcFE64tNvjdTV0MuxmF8LCubYV6HfLTFI&gir=yes&dur=461.287&mime=video%2F3gpp&source=youtube&ratebypass=yes", "player_url": null, "ext": "3gp", "width": 176, "height": 144, "acodec": "mp4a.40.2", "abr": 24, "vcodec": "mp4v.20.3", "resolution": "176x144", "format_note": "small", "format": "17 - 176x144 (small)", "protocol": "https", "http_headers": {"User-Agent": "Mozilla/5.0 (X11; Linux x86_64; rv:10.0) Gecko/20150101 Firefox/47.0 (Chrome)", "Accept-Charset": "ISO-8859-1,utf-8;q=0.7,*;q=0.7", "Accept": "text/html,application/xhtml+xml,application/xml;q=0.9,*/*;q=0.8", "Accept-Encoding": "gzip, deflate", "Accept-Language": "en-us,en;q=0.5"}}, {"format_id": "36", "url": "https://r1---sn-xjpm-q0ns.googlevideo.com/videoplayback?sparams=clen%2Cdur%2Cei%2Cgir%2Cid%2Cip%2Cipbits%2Citag%2Clmt%2Cmime%2Cmm%2Cmn%2Cms%2Cmv%2Cpl%2Crequiressl%2Csource%2Cexpire&mm=31&mn=sn-xjpm-q0ns&ipbits=0&ei=S4yKWaCJFNe9Vqz8goAC&ms=au&mt=1502251806&mv=u&pl=16&clen=13061779&expire=1502273707&signature=B297F7ECC7B663139B05FFBB9CDB97AE49D89C4D.486035EB34FF51FB862322CAA9E0A8930DF59E8C&key=yt6&ip=131.159.40.117&requiressl=yes&itag=36&lmt=1427638888997258&id=o-APRhca7-ruPOcFE64tNvjdTV0MuxmF8LCubYV6HfLTFI&gir=yes&dur=461.426&mime=video%2F3gpp&source=youtube&ratebypass=yes", "player_url": null, "ext": "3gp", "width": 320, "acodec": "mp4a.40.2", "vcodec": "mp4v.20.3", "resolution": "320x234", "height": 234, "format_note": "small", "format": "36 - 320x234 (small)", "protocol": "https", "http_headers": {"User-Agent": "Mozilla/5.0 (X11; Linux x86_64; rv:10.0) Gecko/20150101 Firefox/47.0 (Chrome)", "Accept-Charset": "ISO-8859-1,utf-8;q=0.7,*;q=0.7", "Accept": "text/html,application/xhtml+xml,application/xml;q=0.9,*/*;q=0.8", "Accept-Encoding": "gzip, deflate", "Accept-Language": "en-us,en;q=0.5"}}, {"format_id": "18", "url": "https://r1---sn-xjpm-q0ns.googlevideo.com/videoplayback?key=yt6&mm=31&mn=sn-xjpm-q0ns&ei=S4yKWaCJFNe9Vqz8goAC&ms=au&mt=1502251806&mv=u&pl=16&clen=32185054&signature=D513CFBE31EE4CDB67D9D18B8DEAEC2636C466A3.05E702CFCA48AEFFB41A6210B2B9BDC72DB41BD4&mime=video%2Fmp4&ip=131.159.40.117&requiressl=yes&itag=18&lmt=1313787926197284&id=o-APRhca7-ruPOcFE64tNvjdTV0MuxmF8LCubYV6HfLTFI&dur=461.162&source=youtube&sparams=clen%2Cdur%2Cei%2Cgir%2Cid%2Cip%2Cipbits%2Citag%2Clmt%2Cmime%2Cmm%2Cmn%2Cms%2Cmv%2Cpl%2Cratebypass%2Crequiressl%2Csource%2Cexpire&ipbits=0&ratebypass=yes&expire=1502273707&gir=yes", "player_url": null, "ext": "mp4", "width": 490, "height": 360, "acodec": "mp4a.40.2", "abr": 96, "vcodec": "avc1.42001E", "resolution": "490x360", "format_note": "medium", "format": "18 - 490x360 (medium)", "protocol": "https", "http_headers": {"User-Agent": "Mozilla/5.0 (X11; Linux x86_64; rv:10.0) Gecko/20150101 Firefox/47.0 (Chrome)", "Accept-Charset": "ISO-8859-1,utf-8;q=0.7,*;q=0.7", "Accept": "text/html,application/xhtml+xml,application/xml;q=0.9,*/*;q=0.8", "Accept-Encoding": "gzip, deflate", "Accept-Language": "en-us,en;q=0.5"}}, {"format_id": "43", "url": "https://r1---sn-xjpm-q0ns.googlevideo.com/videoplayback?key=yt6&mm=31&mn=sn-xjpm-q0ns&ei=S4yKWaCJFNe9Vqz8goAC&ms=au&mt=1502251806&mv=u&pl=16&clen=46209660&signature=DB5DAC7860584AB3E82FB803822D4F02C8FC3A5D.DB4687C61B67500A023F7EC2C4B2AC5C15E7088A&mime=video%2Fwebm&ip=131.159.40.117&requiressl=yes&itag=43&lmt=1313790301848513&id=o-APRhca7-ruPOcFE64tNvjdTV0MuxmF8LCubYV6HfLTFI&dur=0.000&source=youtube&sparams=clen%2Cdur%2Cei%2Cgir%2Cid%2Cip%2Cipbits%2Citag%2Clmt%2Cmime%2Cmm%2Cmn%2Cms%2Cmv%2Cpl%2Cratebypass%2Crequiressl%2Csource%2Cexpire&ipbits=0&ratebypass=yes&expire=1502273707&gir=yes", "player_url": null, "ext": "webm", "width": 640, "height": 360, "acodec": "vorbis", "abr": 128, "vcodec": "vp8.0", "resolution": "640x360", "format_note": "medium", "format": "43 - 640x360 (medium)", "protocol": "https", "http_headers": {"User-Agent": "Mozilla/5.0 (X11; Linux x86_64; rv:10.0) Gecko/20150101 Firefox/47.0 (Chrome)", "Accept-Charset": "ISO-8859-1,utf-8;q=0.7,*;q=0.7", "Accept": "text/html,application/xhtml+xml,application/xml;q=0.9,*/*;q=0.8", "Accept-Encoding": "gzip, deflate", "Accept-Language": "en-us,en;q=0.5"}}], "is_live": null, "start_time": null, "end_time": null, "series": null, "season_number": null, "episode_number": null, "extractor": "youtube", "webpage_url_basename": "Fm96-nebe-8", "extractor_key": "Youtube", "playlist": null, "playlist_index": null, "thumbnails": [{"url": "https://i.ytimg.com/vi/Fm96-nebe-8/hqdefault.jpg", "id": "0"}], "display_id": "Fm96-nebe-8", "ext": "mp4", "height": 480, "format_note": "DASH video", "vcodec": "avc1.4d401e", "format_id": "135", "url": "https://r1---sn-xjpm-q0ns.googlevideo.com/videoplayback?id=166f7afa779b7bef&itag=135&source=youtube&requiressl=yes&mm=31&mn=sn-xjpm-q0ns&pl=16&mv=u&ei=S4yKWeLILMT3V8a_s4AM&ms=au&ratebypass=yes&mime=video/mp4&gir=yes&clen=38778390&lmt=1381197291862130&dur=461.194&mt=1502251806&signature=27C52B88827C7CFEA5B632E9E2ED9A169A25EE53.0CB4DAC130FF3C78F7821482B9C39F0FBF305ABD&key=dg_yt0&ip=131.159.40.117&ipbits=0&expire=1502273707&sparams=ip,ipbits,expire,id,itag,source,requiressl,mm,mn,pl,mv,ei,ms,ratebypass,mime,gir,clen,lmt,dur", "manifest_url": "https://manifest.googlevideo.com/api/manifest/dash/ipbits/0/mt/1502251806/playback_host/r1---sn-xjpm-q0ns.googlevideo.com/as/fmp4_audio_clear%2Cfmp4_sd_hd_clear/ip/131.159.40.117/mm/31/mn/sn-xjpm-q0ns/hfr/1/itag/0/pl/16/source/youtube/mv/u/sparams/as%2Cei%2Chfr%2Cid%2Cip%2Cipbits%2Citag%2Cmm%2Cmn%2Cms%2Cmv%2Cpl%2Cplayback_host%2Crequiressl%2Csource%2Cexpire/ei/S4yKWeLILMT3V8a_s4AM/ms/au/signature/9F9519226B706F8E59AF40555271C7BE90256DB1.B846A2255CFC77C9386BE2B0CF910672EF1B1769/requiressl/yes/id/166f7afa779b7bef/expire/1502273707/key/yt6", "width": 654, "tbr": 1106.499, "asr": null, "fps": 30, "language": null, "filesize": 38778390, "acodec": "none", "format": "135 - 654x480 (DASH video)", "protocol": "https", "http_headers": {"User-Agent": "Mozilla/5.0 (X11; Linux x86_64; rv:10.0) Gecko/20150101 Firefox/47.0 (Chrome)", "Accept-Charset": "ISO-8859-1,utf-8;q=0.7,*;q=0.7", "Accept": "text/html,application/xhtml+xml,application/xml;q=0.9,*/*;q=0.8", "Accept-Encoding": "gzip, deflate", "Accept-Language": "en-us,en;q=0.5"}, "fulltitle": "Peter Schiff on record gold prices: I told you so!", "_filename": "Fm96-nebe-8.mp4"}