{"id": "v_rk8oOuGZE", "uploader": "eHow", "uploader_id": "eHow", "uploader_url": "http://www.youtube.com/user/eHow", "upload_date": "20081129", "license": "Standard YouTube License", "creator": null, "title": "Spa Facials : How to Make a Honey & Egg Facial Mask", "alt_title": null, "thumbnail": "https://i.ytimg.com/vi/v_rk8oOuGZE/hqdefault.jpg", "description": "Making a honey and egg facial mask is done by mixing a whisked egg with a quarter teaspoon of vinegar, a teaspoon of honey and a drop of lavender oil. Brush on a homemade egg mask using a facial brush with beauty advice from a clinical aesthetician in this free video on skin care.\n\nExpert: Keeley Selvage\nContact: www.keeleysskinsolutions.com\nBio: Keeley Selvage has been in the skin care industry for over five years.\nFilmmaker: Christopher Rokosz", "categories": ["Howto & Style"], "tags": ["skin care", "spa treatments", "facials", "masks", "facial masks", "toners"], "subtitles": {}, "automatic_captions": {}, "duration": 132, "age_limit": 0, "annotations": null, "chapters": null, "webpage_url": "https://www.youtube.com/watch?v=v_rk8oOuGZE", "view_count": 42231, "like_count": 98, "dislike_count": 4, "average_rating": 4.84313726425, "formats": [{"ext": "m4a", "format_note": "DASH audio", "acodec": "mp4a.40.5", "abr": 48, "container": "m4a_dash", "format_id": "139", "url": "https://r1---sn-4g5e6nl7.googlevideo.com/videoplayback?id=bffae4f283ae1991&itag=139&source=youtube&requiressl=yes&mn=sn-4g5e6nl7&mm=31&pl=16&mv=m&initcwndbps=4503750&ms=au&ei=56KJWeumBdS7VJmpvnA&ratebypass=yes&mime=audio/mp4&gir=yes&clen=786111&lmt=1378094023167945&dur=132.075&signature=0ACB74BD4D1CBC5CEDA70B2FF2CDB2DA5CD5BE2D.9049CA9D557395FCBDB50452249AABF65B7B3080&mt=1502192248&key=dg_yt0&ip=131.159.40.117&ipbits=0&expire=1502213959&sparams=ip,ipbits,expire,id,itag,source,requiressl,mn,mm,pl,mv,initcwndbps,ms,ei,ratebypass,mime,gir,clen,lmt,dur", "manifest_url": "https://manifest.googlevideo.com/api/manifest/dash/as/fmp4_audio_clear%2Cfmp4_sd_hd_clear/mn/sn-4g5e6nl7/source/youtube/mm/31/ipbits/0/hfr/1/requiressl/yes/pl/16/signature/AFFE02D0BA9E35E42AAA62E2B615935195D39D52.C6C76D1586E04531156D61008F199A6B737AA60E/playback_host/r1---sn-4g5e6nl7.googlevideo.com/mv/m/initcwndbps/4503750/ip/131.159.40.117/ms/au/itag/0/ei/56KJWeumBdS7VJmpvnA/sparams/as%2Cei%2Chfr%2Cid%2Cinitcwndbps%2Cip%2Cipbits%2Citag%2Cmm%2Cmn%2Cms%2Cmv%2Cpl%2Cplayback_host%2Crequiressl%2Csource%2Cexpire/expire/1502213959/mt/1502192248/id/bffae4f283ae1991/key/yt6", "width": null, "height": null, "tbr": 48.395, "asr": 22050, "fps": null, "language": null, "filesize": 786111, "vcodec": "none", "format": "139 - audio only (DASH audio)", "protocol": "https", "http_headers": {"User-Agent": "Mozilla/5.0 (X11; Linux x86_64; rv:10.0) Gecko/20150101 Firefox/47.0 (Chrome)", "Accept-Charset": "ISO-8859-1,utf-8;q=0.7,*;q=0.7", "Accept": "text/html,application/xhtml+xml,application/xml;q=0.9,*/*;q=0.8", "Accept-Encoding": "gzip, deflate", "Accept-Language": "en-us,en;q=0.5"}}, {"ext": "m4a", "format_note": "DASH audio", "acodec": "mp4a.40.2", "abr": 128, "container": "m4a_dash", "format_id": "140", "url": "https://r1---sn-4g5e6nl7.googlevideo.com/videoplayback?id=bffae4f283ae1991&itag=140&source=youtube&requiressl=yes&mn=sn-4g5e6nl7&mm=31&pl=16&mv=m&initcwndbps=4503750&ms=au&ei=56KJWeumBdS7VJmpvnA&ratebypass=yes&mime=audio/mp4&gir=yes&clen=2097224&lmt=1378093990790121&dur=132.005&signature=26E06BB174AB9BE39B4495FD05616BD007F25C73.21473E71F9F702293ECE34E220AC619D16F98CB7&mt=1502192248&key=dg_yt0&ip=131.159.40.117&ipbits=0&expire=1502213959&sparams=ip,ipbits,expire,id,itag,source,requiressl,mn,mm,pl,mv,initcwndbps,ms,ei,ratebypass,mime,gir,clen,lmt,dur", "manifest_url": "https://manifest.googlevideo.com/api/manifest/dash/as/fmp4_audio_clear%2Cfmp4_sd_hd_clear/mn/sn-4g5e6nl7/source/youtube/mm/31/ipbits/0/hfr/1/requiressl/yes/pl/16/signature/AFFE02D0BA9E35E42AAA62E2B615935195D39D52.C6C76D1586E04531156D61008F199A6B737AA60E/playback_host/r1---sn-4g5e6nl7.googlevideo.com/mv/m/initcwndbps/4503750/ip/131.159.40.117/ms/au/itag/0/ei/56KJWeumBdS7VJmpvnA/sparams/as%2Cei%2Chfr%2Cid%2Cinitcwndbps%2Cip%2Cipbits%2Citag%2Cmm%2Cmn%2Cms%2Cmv%2Cpl%2Cplayback_host%2Crequiressl%2Csource%2Cexpire/expire/1502213959/mt/1502192248/id/bffae4f283ae1991/key/yt6", "width": null, "height": null, "tbr": 127.709, "asr": 44100, "fps": null, "language": null, "filesize": 2097224, "vcodec": "none", "format": "140 - audio only (DASH audio)", "protocol": "https", "http_headers": {"User-Agent": "Mozilla/5.0 (X11; Linux x86_64; rv:10.0) Gecko/20150101 Firefox/47.0 (Chrome)", "Accept-Charset": "ISO-8859-1,utf-8;q=0.7,*;q=0.7", "Accept": "text/html,application/xhtml+xml,application/xml;q=0.9,*/*;q=0.8", "Accept-Encoding": "gzip, deflate", "Accept-Language": "en-us,en;q=0.5"}}, {"ext": "mp4", "height": 144, "format_note": "DASH video", "vcodec": "avc1.42c00c", "format_id": "160", "url": "https://r1---sn-4g5e6nl7.googlevideo.com/videoplayback?id=bffae4f283ae1991&itag=160&source=youtube&requiressl=yes&mn=sn-4g5e6nl7&mm=31&pl=16&mv=m&initcwndbps=4503750&ms=au&ei=56KJWeumBdS7VJmpvnA&ratebypass=yes&mime=video/mp4&gir=yes&clen=1875393&lmt=1378093995998190&dur=131.898&signature=7D5497C48B708A2889560ACDF25FBE0C7EDD9146.7DC460C14437FB15BDFFED3775AC39D762ECD526&mt=1502192248&key=dg_yt0&ip=131.159.40.117&ipbits=0&expire=1502213959&sparams=ip,ipbits,expire,id,itag,source,requiressl,mn,mm,pl,mv,initcwndbps,ms,ei,ratebypass,mime,gir,clen,lmt,dur", "manifest_url": "https://manifest.googlevideo.com/api/manifest/dash/as/fmp4_audio_clear%2Cfmp4_sd_hd_clear/mn/sn-4g5e6nl7/source/youtube/mm/31/ipbits/0/hfr/1/requiressl/yes/pl/16/signature/AFFE02D0BA9E35E42AAA62E2B615935195D39D52.C6C76D1586E04531156D61008F199A6B737AA60E/playback_host/r1---sn-4g5e6nl7.googlevideo.com/mv/m/initcwndbps/4503750/ip/131.159.40.117/ms/au/itag/0/ei/56KJWeumBdS7VJmpvnA/sparams/as%2Cei%2Chfr%2Cid%2Cinitcwndbps%2Cip%2Cipbits%2Citag%2Cmm%2Cmn%2Cms%2Cmv%2Cpl%2Cplayback_host%2Crequiressl%2Csource%2Cexpire/expire/1502213959/mt/1502192248/id/bffae4f283ae1991/key/yt6", "width": 256, "tbr": 115.746, "asr": null, "fps": 15, "language": null, "filesize": 1875393, "acodec": "none", "format": "160 - 256x144 (DASH video)", "protocol": "https", "http_headers": {"User-Agent": "Mozilla/5.0 (X11; Linux x86_64; rv:10.0) Gecko/20150101 Firefox/47.0 (Chrome)", "Accept-Charset": "ISO-8859-1,utf-8;q=0.7,*;q=0.7", "Accept": "text/html,application/xhtml+xml,application/xml;q=0.9,*/*;q=0.8", "Accept-Encoding": "gzip, deflate", "Accept-Language": "en-us,en;q=0.5"}}, {"ext": "mp4", "height": 240, "format_note": "DASH video", "vcodec": "avc1.4d4015", "format_id": "133", "url": "https://r1---sn-4g5e6nl7.googlevideo.com/videoplayback?id=bffae4f283ae1991&itag=133&source=youtube&requiressl=yes&mn=sn-4g5e6nl7&mm=31&pl=16&mv=m&initcwndbps=4503750&ms=au&ei=56KJWeumBdS7VJmpvnA&ratebypass=yes&mime=video/mp4&gir=yes&clen=4032193&lmt=1378094001063138&dur=131.898&signature=0BC9FE02BCC2B1AFC6B9F7CF82719271FF42FB16.5ADD2A28787DBF706CF0E487E397D54EAF343DED&mt=1502192248&key=dg_yt0&ip=131.159.40.117&ipbits=0&expire=1502213959&sparams=ip,ipbits,expire,id,itag,source,requiressl,mn,mm,pl,mv,initcwndbps,ms,ei,ratebypass,mime,gir,clen,lmt,dur", "manifest_url": "https://manifest.googlevideo.com/api/manifest/dash/as/fmp4_audio_clear%2Cfmp4_sd_hd_clear/mn/sn-4g5e6nl7/source/youtube/mm/31/ipbits/0/hfr/1/requiressl/yes/pl/16/signature/AFFE02D0BA9E35E42AAA62E2B615935195D39D52.C6C76D1586E04531156D61008F199A6B737AA60E/playback_host/r1---sn-4g5e6nl7.googlevideo.com/mv/m/initcwndbps/4503750/ip/131.159.40.117/ms/au/itag/0/ei/56KJWeumBdS7VJmpvnA/sparams/as%2Cei%2Chfr%2Cid%2Cinitcwndbps%2Cip%2Cipbits%2Citag%2Cmm%2Cmn%2Cms%2Cmv%2Cpl%2Cplayback_host%2Crequiressl%2Csource%2Cexpire/expire/1502213959/mt/1502192248/id/bffae4f283ae1991/key/yt6", "width": 426, "tbr": 253.158, "asr": null, "fps": 30, "language": null, "filesize": 4032193, "acodec": "none", "format": "133 - 426x240 (DASH video)", "protocol": "https", "http_headers": {"User-Agent": "Mozilla/5.0 (X11; Linux x86_64; rv:10.0) Gecko/20150101 Firefox/47.0 (Chrome)", "Accept-Charset": "ISO-8859-1,utf-8;q=0.7,*;q=0.7", "Accept": "text/html,application/xhtml+xml,application/xml;q=0.9,*/*;q=0.8", "Accept-Encoding": "gzip, deflate", "Accept-Language": "en-us,en;q=0.5"}}, {"ext": "mp4", "height": 360, "format_note": "DASH video", "vcodec": "avc1.4d401e", "format_id": "134", "url": "https://r1---sn-4g5e6nl7.googlevideo.com/videoplayback?id=bffae4f283ae1991&itag=134&source=youtube&requiressl=yes&mn=sn-4g5e6nl7&mm=31&pl=16&mv=m&initcwndbps=4503750&ms=au&ei=56KJWeumBdS7VJmpvnA&ratebypass=yes&mime=video/mp4&gir=yes&clen=4891115&lmt=1378093994953305&dur=131.898&signature=9794ED319C166D3613C7CFAAF31D168FDC6EF813.28D3A8A181E80A8DF26923A1DC07B1E2FF226264&mt=1502192248&key=dg_yt0&ip=131.159.40.117&ipbits=0&expire=1502213959&sparams=ip,ipbits,expire,id,itag,source,requiressl,mn,mm,pl,mv,initcwndbps,ms,ei,ratebypass,mime,gir,clen,lmt,dur", "manifest_url": "https://manifest.googlevideo.com/api/manifest/dash/as/fmp4_audio_clear%2Cfmp4_sd_hd_clear/mn/sn-4g5e6nl7/source/youtube/mm/31/ipbits/0/hfr/1/requiressl/yes/pl/16/signature/AFFE02D0BA9E35E42AAA62E2B615935195D39D52.C6C76D1586E04531156D61008F199A6B737AA60E/playback_host/r1---sn-4g5e6nl7.googlevideo.com/mv/m/initcwndbps/4503750/ip/131.159.40.117/ms/au/itag/0/ei/56KJWeumBdS7VJmpvnA/sparams/as%2Cei%2Chfr%2Cid%2Cinitcwndbps%2Cip%2Cipbits%2Citag%2Cmm%2Cmn%2Cms%2Cmv%2Cpl%2Cplayback_host%2Crequiressl%2Csource%2Cexpire/expire/1502213959/mt/1502192248/id/bffae4f283ae1991/key/yt6", "width": 640, "tbr": 455.239, "asr": null, "fps": 30, "language": null, "filesize": 4891115, "acodec": "none", "format": "134 - 640x360 (DASH video)", "protocol": "https", "http_headers": {"User-Agent": "Mozilla/5.0 (X11; Linux x86_64; rv:10.0) Gecko/20150101 Firefox/47.0 (Chrome)", "Accept-Charset": "ISO-8859-1,utf-8;q=0.7,*;q=0.7", "Accept": "text/html,application/xhtml+xml,application/xml;q=0.9,*/*;q=0.8", "Accept-Encoding": "gzip, deflate", "Accept-Language": "en-us,en;q=0.5"}}, {"ext": "mp4", "height": 480, "format_note": "DASH video", "vcodec": "avc1.4d401f", "format_id": "135", "url": "https://r1---sn-4g5e6nl7.googlevideo.com/videoplayback?id=bffae4f283ae1991&itag=135&source=youtube&requiressl=yes&mn=sn-4g5e6nl7&mm=31&pl=16&mv=m&initcwndbps=4503750&ms=au&ei=56KJWeumBdS7VJmpvnA&ratebypass=yes&mime=video/mp4&gir=yes&clen=10407717&lmt=1378094042011646&dur=131.898&signature=3F8880BD11F9E9D7A67B5FF00363892B7DCB52EC.7A55327FE5FF8C0C7C4DE8B550C11A5A74E39717&mt=1502192248&key=dg_yt0&ip=131.159.40.117&ipbits=0&expire=1502213959&sparams=ip,ipbits,expire,id,itag,source,requiressl,mn,mm,pl,mv,initcwndbps,ms,ei,ratebypass,mime,gir,clen,lmt,dur", "manifest_url": "https://manifest.googlevideo.com/api/manifest/dash/as/fmp4_audio_clear%2Cfmp4_sd_hd_clear/mn/sn-4g5e6nl7/source/youtube/mm/31/ipbits/0/hfr/1/requiressl/yes/pl/16/signature/AFFE02D0BA9E35E42AAA62E2B615935195D39D52.C6C76D1586E04531156D61008F199A6B737AA60E/playback_host/r1---sn-4g5e6nl7.googlevideo.com/mv/m/initcwndbps/4503750/ip/131.159.40.117/ms/au/itag/0/ei/56KJWeumBdS7VJmpvnA/sparams/as%2Cei%2Chfr%2Cid%2Cinitcwndbps%2Cip%2Cipbits%2Citag%2Cmm%2Cmn%2Cms%2Cmv%2Cpl%2Cplayback_host%2Crequiressl%2Csource%2Cexpire/expire/1502213959/mt/1502192248/id/bffae4f283ae1991/key/yt6", "width": 854, "tbr": 905.108, "asr": null, "fps": 30, "language": null, "filesize": 10407717, "acodec": "none", "format": "135 - 854x480 (DASH video)", "protocol": "https", "http_headers": {"User-Agent": "Mozilla/5.0 (X11; Linux x86_64; rv:10.0) Gecko/20150101 Firefox/47.0 (Chrome)", "Accept-Charset": "ISO-8859-1,utf-8;q=0.7,*;q=0.7", "Accept": "text/html,application/xhtml+xml,application/xml;q=0.9,*/*;q=0.8", "Accept-Encoding": "gzip, deflate", "Accept-Language": "en-us,en;q=0.5"}}, {"ext": "mp4", "height": 720, "format_note": "DASH video", "vcodec": "avc1.4d401f", "format_id": "136", "url": "https://r1---sn-4g5e6nl7.googlevideo.com/videoplayback?id=bffae4f283ae1991&itag=136&source=youtube&requiressl=yes&mn=sn-4g5e6nl7&mm=31&pl=16&mv=m&initcwndbps=4503750&ms=au&ei=56KJWeumBdS7VJmpvnA&ratebypass=yes&mime=video/mp4&gir=yes&clen=21432262&lmt=1378094037819023&dur=131.898&signature=6781D29D1B5EAAB699E2768F567F3F4C1F1FC83D.6245E13F72085DD850D354F54A2B417F8E6AE1B7&mt=1502192248&key=dg_yt0&ip=131.159.40.117&ipbits=0&expire=1502213959&sparams=ip,ipbits,expire,id,itag,source,requiressl,mn,mm,pl,mv,initcwndbps,ms,ei,ratebypass,mime,gir,clen,lmt,dur", "manifest_url": "https://manifest.googlevideo.com/api/manifest/dash/as/fmp4_audio_clear%2Cfmp4_sd_hd_clear/mn/sn-4g5e6nl7/source/youtube/mm/31/ipbits/0/hfr/1/requiressl/yes/pl/16/signature/AFFE02D0BA9E35E42AAA62E2B615935195D39D52.C6C76D1586E04531156D61008F199A6B737AA60E/playback_host/r1---sn-4g5e6nl7.googlevideo.com/mv/m/initcwndbps/4503750/ip/131.159.40.117/ms/au/itag/0/ei/56KJWeumBdS7VJmpvnA/sparams/as%2Cei%2Chfr%2Cid%2Cinitcwndbps%2Cip%2Cipbits%2Citag%2Cmm%2Cmn%2Cms%2Cmv%2Cpl%2Cplayback_host%2Crequiressl%2Csource%2Cexpire/expire/1502213959/mt/1502192248/id/bffae4f283ae1991/key/yt6", "width": 1280, "tbr": 1870.058, "asr": null, "fps": 30, "language": null, "filesize": 21432262, "acodec": "none", "format": "136 - 1280x720 (DASH video)", "protocol": "https", "http_headers": {"User-Agent": "Mozilla/5.0 (X11; Linux x86_64; rv:10.0) Gecko/20150101 Firefox/47.0 (Chrome)", "Accept-Charset": "ISO-8859-1,utf-8;q=0.7,*;q=0.7", "Accept": "text/html,application/xhtml+xml,application/xml;q=0.9,*/*;q=0.8", "Accept-Encoding": "gzip, deflate", "Accept-Language": "en-us,en;q=0.5"}}, {"format_id": "17", "url": "https://r1---sn-4g5e6nl7.googlevideo.com/videoplayback?ipbits=0&signature=D8AF8CBDE7D6A7540FA29EB6ECCF9BE6B3D4E5EC.397AD4CE9508537B6BAA3F16255E7CAC2B7811A0&itag=17&clen=1435858&requiressl=yes&mime=video%2F3gpp&mm=31&mn=sn-4g5e6nl7&ms=au&mt=1502192248&mv=m&source=youtube&ip=131.159.40.117&sparams=clen%2Cdur%2Cei%2Cgir%2Cid%2Cinitcwndbps%2Cip%2Cipbits%2Citag%2Clmt%2Cmime%2Cmm%2Cmn%2Cms%2Cmv%2Cpl%2Crequiressl%2Csource%2Cexpire&ei=5qKJWZDuHoewVoKNjqgK&id=o-AErtwgTsp1w_rvBXMLYWthScSL9k7V_fms8zsjnN5l-d&initcwndbps=4503750&key=yt6&lmt=1227984217759311&gir=yes&dur=132.539&expire=1502213958&pl=16&ratebypass=yes", "player_url": null, "ext": "3gp", "width": 176, "height": 144, "acodec": "mp4a.40.2", "abr": 24, "vcodec": "mp4v.20.3", "resolution": "176x144", "format_note": "small", "format": "17 - 176x144 (small)", "protocol": "https", "http_headers": {"User-Agent": "Mozilla/5.0 (X11; Linux x86_64; rv:10.0) Gecko/20150101 Firefox/47.0 (Chrome)", "Accept-Charset": "ISO-8859-1,utf-8;q=0.7,*;q=0.7", "Accept": "text/html,application/xhtml+xml,application/xml;q=0.9,*/*;q=0.8", "Accept-Encoding": "gzip, deflate", "Accept-Language": "en-us,en;q=0.5"}}, {"format_id": "36", "url": "https://r1---sn-4g5e6nl7.googlevideo.com/videoplayback?ipbits=0&signature=D1E225EC494A80E954098E018780319888BA781F.768820A4E1922A801F56DCAFA6168CFB6FACAB98&itag=36&clen=3709111&requiressl=yes&mime=video%2F3gpp&mm=31&mn=sn-4g5e6nl7&ms=au&mt=1502192248&mv=m&source=youtube&ip=131.159.40.117&sparams=clen%2Cdur%2Cei%2Cgir%2Cid%2Cinitcwndbps%2Cip%2Cipbits%2Citag%2Clmt%2Cmime%2Cmm%2Cmn%2Cms%2Cmv%2Cpl%2Crequiressl%2Csource%2Cexpire&ei=5qKJWZDuHoewVoKNjqgK&id=o-AErtwgTsp1w_rvBXMLYWthScSL9k7V_fms8zsjnN5l-d&initcwndbps=4503750&key=yt6&lmt=1426271842784744&gir=yes&dur=132.121&expire=1502213958&pl=16&ratebypass=yes", "player_url": null, "ext": "3gp", "width": 320, "acodec": "mp4a.40.2", "vcodec": "mp4v.20.3", "resolution": "320x180", "height": 180, "format_note": "small", "format": "36 - 320x180 (small)", "protocol": "https", "http_headers": {"User-Agent": "Mozilla/5.0 (X11; Linux x86_64; rv:10.0) Gecko/20150101 Firefox/47.0 (Chrome)", "Accept-Charset": "ISO-8859-1,utf-8;q=0.7,*;q=0.7", "Accept": "text/html,application/xhtml+xml,application/xml;q=0.9,*/*;q=0.8", "Accept-Encoding": "gzip, deflate", "Accept-Language": "en-us,en;q=0.5"}}, {"format_id": "18", "url": "https://r1---sn-4g5e6nl7.googlevideo.com/videoplayback?ipbits=0&signature=7D6E8C6835C1EBA24185510DBE6106A580303569.85E3E80064DCFA3E78775217A844C64C69812B71&itag=18&clen=9136284&requiressl=yes&mime=video%2Fmp4&mm=31&mn=sn-4g5e6nl7&ms=au&mt=1502192248&mv=m&source=youtube&ip=131.159.40.117&sparams=clen%2Cdur%2Cei%2Cgir%2Cid%2Cinitcwndbps%2Cip%2Cipbits%2Citag%2Clmt%2Cmime%2Cmm%2Cmn%2Cms%2Cmv%2Cpl%2Cratebypass%2Crequiressl%2Csource%2Cexpire&ei=5qKJWZDuHoewVoKNjqgK&id=o-AErtwgTsp1w_rvBXMLYWthScSL9k7V_fms8zsjnN5l-d&initcwndbps=4503750&key=yt6&lmt=1227984218369362&ratebypass=yes&gir=yes&dur=132.400&expire=1502213958&pl=16", "player_url": null, "ext": "mp4", "width": 480, "height": 270, "acodec": "mp4a.40.2", "abr": 96, "vcodec": "avc1.42001E", "resolution": "480x270", "format_note": "medium", "format": "18 - 480x270 (medium)", "protocol": "https", "http_headers": {"User-Agent": "Mozilla/5.0 (X11; Linux x86_64; rv:10.0) Gecko/20150101 Firefox/47.0 (Chrome)", "Accept-Charset": "ISO-8859-1,utf-8;q=0.7,*;q=0.7", "Accept": "text/html,application/xhtml+xml,application/xml;q=0.9,*/*;q=0.8", "Accept-Encoding": "gzip, deflate", "Accept-Language": "en-us,en;q=0.5"}}, {"format_id": "43", "url": "https://r1---sn-4g5e6nl7.googlevideo.com/videoplayback?ipbits=0&signature=CDDAAF12597F6169BB9FB608F39E1E66E0EEF440.E3E9A629DE80F092F35F85C6D61E108616E18E4C&itag=43&clen=8672376&requiressl=yes&mime=video%2Fwebm&mm=31&mn=sn-4g5e6nl7&ms=au&mt=1502192248&mv=m&source=youtube&ip=131.159.40.117&sparams=clen%2Cdur%2Cei%2Cgir%2Cid%2Cinitcwndbps%2Cip%2Cipbits%2Citag%2Clmt%2Cmime%2Cmm%2Cmn%2Cms%2Cmv%2Cpl%2Cratebypass%2Crequiressl%2Csource%2Cexpire&ei=5qKJWZDuHoewVoKNjqgK&id=o-AErtwgTsp1w_rvBXMLYWthScSL9k7V_fms8zsjnN5l-d&initcwndbps=4503750&key=yt6&lmt=1298858773621095&ratebypass=yes&gir=yes&dur=0.000&expire=1502213958&pl=16", "player_url": null, "ext": "webm", "width": 640, "height": 360, "acodec": "vorbis", "abr": 128, "vcodec": "vp8.0", "resolution": "640x360", "format_note": "medium", "format": "43 - 640x360 (medium)", "protocol": "https", "http_headers": {"User-Agent": "Mozilla/5.0 (X11; Linux x86_64; rv:10.0) Gecko/20150101 Firefox/47.0 (Chrome)", "Accept-Charset": "ISO-8859-1,utf-8;q=0.7,*;q=0.7", "Accept": "text/html,application/xhtml+xml,application/xml;q=0.9,*/*;q=0.8", "Accept-Encoding": "gzip, deflate", "Accept-Language": "en-us,en;q=0.5"}}], "is_live": null, "start_time": null, "end_time": null, "series": null, "season_number": null, "episode_number": null, "extractor": "youtube", "webpage_url_basename": "v_rk8oOuGZE", "extractor_key": "Youtube", "playlist": null, "playlist_index": null, "thumbnails": [{"url": "https://i.ytimg.com/vi/v_rk8oOuGZE/hqdefault.jpg", "id": "0"}], "display_id": "v_rk8oOuGZE", "ext": "mp4", "height": 720, "format_note": "DASH video", "vcodec": "avc1.4d401f", "format_id": "136", "url": "https://r1---sn-4g5e6nl7.googlevideo.com/videoplayback?id=bffae4f283ae1991&itag=136&source=youtube&requiressl=yes&mn=sn-4g5e6nl7&mm=31&pl=16&mv=m&initcwndbps=4503750&ms=au&ei=56KJWeumBdS7VJmpvnA&ratebypass=yes&mime=video/mp4&gir=yes&clen=21432262&lmt=1378094037819023&dur=131.898&signature=6781D29D1B5EAAB699E2768F567F3F4C1F1FC83D.6245E13F72085DD850D354F54A2B417F8E6AE1B7&mt=1502192248&key=dg_yt0&ip=131.159.40.117&ipbits=0&expire=1502213959&sparams=ip,ipbits,expire,id,itag,source,requiressl,mn,mm,pl,mv,initcwndbps,ms,ei,ratebypass,mime,gir,clen,lmt,dur", "manifest_url": "https://manifest.googlevideo.com/api/manifest/dash/as/fmp4_audio_clear%2Cfmp4_sd_hd_clear/mn/sn-4g5e6nl7/source/youtube/mm/31/ipbits/0/hfr/1/requiressl/yes/pl/16/signature/AFFE02D0BA9E35E42AAA62E2B615935195D39D52.C6C76D1586E04531156D61008F199A6B737AA60E/playback_host/r1---sn-4g5e6nl7.googlevideo.com/mv/m/initcwndbps/4503750/ip/131.159.40.117/ms/au/itag/0/ei/56KJWeumBdS7VJmpvnA/sparams/as%2Cei%2Chfr%2Cid%2Cinitcwndbps%2Cip%2Cipbits%2Citag%2Cmm%2Cmn%2Cms%2Cmv%2Cpl%2Cplayback_host%2Crequiressl%2Csource%2Cexpire/expire/1502213959/mt/1502192248/id/bffae4f283ae1991/key/yt6", "width": 1280, "tbr": 1870.058, "asr": null, "fps": 30, "language": null, "filesize": 21432262, "acodec": "none", "format": "136 - 1280x720 (DASH video)", "protocol": "https", "http_headers": {"User-Agent": "Mozilla/5.0 (X11; Linux x86_64; rv:10.0) Gecko/20150101 Firefox/47.0 (Chrome)", "Accept-Charset": "ISO-8859-1,utf-8;q=0.7,*;q=0.7", "Accept": "text/html,application/xhtml+xml,application/xml;q=0.9,*/*;q=0.8", "Accept-Encoding": "gzip, deflate", "Accept-Language": "en-us,en;q=0.5"}, "fulltitle": "Spa Facials : How to Make a Honey & Egg Facial Mask", "_filename": "v_rk8oOuGZE.mp4"}