{"id": "a1xn-ujCDx8", "uploader": "RT en Espa\u00f1ol", "uploader_id": "ActualidadRT", "uploader_url": "http://www.youtube.com/user/ActualidadRT", "upload_date": "20140319", "license": "Standard YouTube License", "creator": null, "title": "Investigan el presunto ataque de un francotirador que dej\u00f3 dos muertos en Crimea", "alt_title": null, "thumbnail": "https://i.ytimg.com/vi/a1xn-ujCDx8/maxresdefault.jpg", "description": "El ministerio de defensa de Ucrania permite a sus militares en Crimea usar armas. Esa decisi\u00f3n se toma despu\u00e9s de que en Simfer\u00f3pol, dos personas fueran asesinadas \"presuntamente\" por francotiradores.\n\nCentenares de participantes de una manifestaci\u00f3n congregada frente al cuartel general de la Marina de Ucrania en Sebastopol entraron en las instalaciones del destacamento militar e izaron una bandera de Rusia y la insignia de la Armada rusa.\n\nLa manifestaci\u00f3n pac\u00edfica cerca del cuartel general de la Marina de Ucrania en Sebastopol empez\u00f3 a las 6.00 GMT. Cuando salt\u00f3 la alerta, los soldados ucranianos se alinearon frente a los manifestantes. Finalmente, veh\u00edculos de las personas congregadas rompieron la l\u00ednea y cerca de 800 activistas entraron en el territorio del cuartel general.\n\nCuando los manifestantes lograron izar la bandera rusa, empezaron a cantar el himno ruso.\n\nNo se ha registrado ning\u00fan caso de aplicaci\u00f3n de la fuerza contra los militares.\n\nM\u00e1s de 30 militares de la Marina de Ucrania han abandonado el cuartel general con sus pertenencias y documentos. Los manifestantes no han molestado a los militares en su salida a la calle y encuentro con sus familiares en la puerta.\n\nLEER M\u00c1S: http://actualidad.rt.com/actualidad/view/122789-bandera-rusa-cuartel-general-marina-sebastopol\n\n\u00a1Suscr\u00edbete a \"ActualidadRT\"!\nhttps://twitter.com/ActualidadRT\nhttps://www.facebook.com/ActualidadRT\nhttps://plus.google.com/+RTenEspanol/posts\nhttp://www.youtube.com/user/ActualidadRT\nhttp://vk.com/actualidadrt\n\nRT en vivo: http://actualidad.rt.com/en_vivo\n\nRT EN ESPA\u00d1OL: DESDE RUSIA CON INFORMACI\u00d3N", "categories": ["News & Politics"], "tags": ["RT Actualidad", "rt", "russia today", "rt noticias", "rt espa\u00f1ol", "Natalia Poklonskaya", "Poklonskaya", "sexy prosecutor", "prosecutor", "fiscal", "fiscal crimea", "fiscal rusa", "Poclonskaya", "russian prosecutor", "bella rusa", "princesa rusa", "Ms. Poklonskaya", "Krimea", "Ukraine", "Ucrania", "rubia", "rubia rusa", "chela", "belleza", "rusa guapa", "guapa", "joven", "rusita", "simpatica", "linda", "ejercito", "tanya red alert", "tanya", "Crimean", "red army", "secret weapon", "\u041d\u0430\u0442\u0430\u043b\u044c\u044f \u041f\u043e\u043a\u043b\u043e\u043d\u0441\u043a\u0430\u044f", "\u041f\u043e\u043a\u043b\u043e\u043d\u0441\u043a\u0430\u044f", "\u043f\u0440\u043e\u043a\u0443\u0440\u043e\u0440", "menina", "irina shayk"], "subtitles": {}, "automatic_captions": {}, "duration": 382, "age_limit": 0, "annotations": null, "chapters": null, "webpage_url": "https://www.youtube.com/watch?v=a1xn-ujCDx8", "view_count": 24667, "like_count": 133, "dislike_count": 4, "average_rating": 4.8832116127, "formats": [{"ext": "m4a", "format_note": "DASH audio", "acodec": "mp4a.40.5", "abr": 48, "container": "m4a_dash", "format_id": "139", "url": "https://r11---sn-4g57kn7z.googlevideo.com/videoplayback?id=6b5c67fae8c20f1f&itag=139&source=youtube&requiressl=yes&initcwndbps=3371250&mv=m&ei=ygaKWdfRI8f6V7muiMAF&ms=au&mm=31&mn=sn-4g57kn7z&pl=16&ratebypass=yes&mime=audio/mp4&gir=yes&clen=2305710&lmt=1399082756574433&dur=382.107&mt=1502217801&signature=507BB9C604940D2398903DA1A25EC4715483CD1C.5232ADE658F14B1157605FA494066AB17E1620E9&key=dg_yt0&ip=131.159.40.117&ipbits=0&expire=1502239530&sparams=ip,ipbits,expire,id,itag,source,requiressl,initcwndbps,mv,ei,ms,mm,mn,pl,ratebypass,mime,gir,clen,lmt,dur", "manifest_url": "https://manifest.googlevideo.com/api/manifest/dash/source/youtube/initcwndbps/3371250/mv/m/ei/ygaKWdfRI8f6V7muiMAF/ms/au/mt/1502217801/sparams/as%2Cei%2Chfr%2Cid%2Cinitcwndbps%2Cip%2Cipbits%2Citag%2Cmm%2Cmn%2Cms%2Cmv%2Cpl%2Cplayback_host%2Crequiressl%2Csource%2Cexpire/signature/1C77653FA98490E8265153D9BD26757E52399FBF.0C38A2B64446EF732BDFD9AE2CE6B17098E27F03/expire/1502239530/requiressl/yes/id/6b5c67fae8c20f1f/ipbits/0/key/yt6/as/fmp4_audio_clear%2Cfmp4_sd_hd_clear/playback_host/r11---sn-4g57kn7z.googlevideo.com/mm/31/ip/131.159.40.117/mn/sn-4g57kn7z/hfr/1/pl/16/itag/0", "width": null, "height": null, "tbr": 49.381, "asr": 22050, "fps": null, "language": null, "filesize": 2305710, "vcodec": "none", "format": "139 - audio only (DASH audio)", "protocol": "https", "http_headers": {"User-Agent": "Mozilla/5.0 (X11; Linux x86_64; rv:10.0) Gecko/20150101 Firefox/47.0 (Chrome)", "Accept-Charset": "ISO-8859-1,utf-8;q=0.7,*;q=0.7", "Accept": "text/html,application/xhtml+xml,application/xml;q=0.9,*/*;q=0.8", "Accept-Encoding": "gzip, deflate", "Accept-Language": "en-us,en;q=0.5"}}, {"format_id": "171", "url": "https://r11---sn-4g57kn7z.googlevideo.com/videoplayback?mn=sn-4g57kn7z&mm=31&source=youtube&gir=yes&ip=131.159.40.117&pl=16&mv=m&mt=1502217801&ms=au&ei=yQaKWZmBN4adV4rXl5gK&id=o-AEoz1r2RF0Uh2sPZiwmB-p2Mg43RgWwW57DFb9rNsLPv&initcwndbps=3371250&key=yt6&lmt=1395418397090424&expire=1502239530&clen=3553306&sparams=clen%2Cdur%2Cei%2Cgir%2Cid%2Cinitcwndbps%2Cip%2Cipbits%2Citag%2Ckeepalive%2Clmt%2Cmime%2Cmm%2Cmn%2Cms%2Cmv%2Cpl%2Crequiressl%2Csource%2Cexpire&requiressl=yes&keepalive=yes&signature=B1FA2DBDF2CF98E71A49A3D33D6C712A03AB8187.4320A3D33E5FF7DEB2E70EE522D16764C23F0E93&ipbits=0&dur=381.964&mime=audio%2Fwebm&itag=171&ratebypass=yes", "player_url": null, "ext": "webm", "acodec": "vorbis", "format_note": "DASH audio", "abr": 128, "filesize": 3553306, "tbr": 78.612, "fps": 1, "vcodec": "none", "format": "171 - audio only (DASH audio)", "protocol": "https", "http_headers": {"User-Agent": "Mozilla/5.0 (X11; Linux x86_64; rv:10.0) Gecko/20150101 Firefox/47.0 (Chrome)", "Accept-Charset": "ISO-8859-1,utf-8;q=0.7,*;q=0.7", "Accept": "text/html,application/xhtml+xml,application/xml;q=0.9,*/*;q=0.8", "Accept-Encoding": "gzip, deflate", "Accept-Language": "en-us,en;q=0.5"}}, {"ext": "m4a", "format_note": "DASH audio", "acodec": "mp4a.40.2", "abr": 128, "container": "m4a_dash", "format_id": "140", "url": "https://r11---sn-4g57kn7z.googlevideo.com/videoplayback?id=6b5c67fae8c20f1f&itag=140&source=youtube&requiressl=yes&initcwndbps=3371250&mv=m&ei=ygaKWdfRI8f6V7muiMAF&ms=au&mm=31&mn=sn-4g57kn7z&pl=16&ratebypass=yes&mime=audio/mp4&gir=yes&clen=6133523&lmt=1399082754068978&dur=382.014&mt=1502217801&signature=4A6A3E5CDCE362BA0C7B40E093B5932FEAF72F3C.13C42CF73C6A654C1DF848FB240D79978086CA9B&key=dg_yt0&ip=131.159.40.117&ipbits=0&expire=1502239530&sparams=ip,ipbits,expire,id,itag,source,requiressl,initcwndbps,mv,ei,ms,mm,mn,pl,ratebypass,mime,gir,clen,lmt,dur", "manifest_url": "https://manifest.googlevideo.com/api/manifest/dash/source/youtube/initcwndbps/3371250/mv/m/ei/ygaKWdfRI8f6V7muiMAF/ms/au/mt/1502217801/sparams/as%2Cei%2Chfr%2Cid%2Cinitcwndbps%2Cip%2Cipbits%2Citag%2Cmm%2Cmn%2Cms%2Cmv%2Cpl%2Cplayback_host%2Crequiressl%2Csource%2Cexpire/signature/1C77653FA98490E8265153D9BD26757E52399FBF.0C38A2B64446EF732BDFD9AE2CE6B17098E27F03/expire/1502239530/requiressl/yes/id/6b5c67fae8c20f1f/ipbits/0/key/yt6/as/fmp4_audio_clear%2Cfmp4_sd_hd_clear/playback_host/r11---sn-4g57kn7z.googlevideo.com/mm/31/ip/131.159.40.117/mn/sn-4g57kn7z/hfr/1/pl/16/itag/0", "width": null, "height": null, "tbr": 129.565, "asr": 44100, "fps": null, "language": null, "filesize": 6133523, "vcodec": "none", "format": "140 - audio only (DASH audio)", "protocol": "https", "http_headers": {"User-Agent": "Mozilla/5.0 (X11; Linux x86_64; rv:10.0) Gecko/20150101 Firefox/47.0 (Chrome)", "Accept-Charset": "ISO-8859-1,utf-8;q=0.7,*;q=0.7", "Accept": "text/html,application/xhtml+xml,application/xml;q=0.9,*/*;q=0.8", "Accept-Encoding": "gzip, deflate", "Accept-Language": "en-us,en;q=0.5"}}, {"ext": "mp4", "height": 144, "format_note": "DASH video", "vcodec": "avc1.4d400c", "format_id": "160", "url": "https://r11---sn-4g57kn7z.googlevideo.com/videoplayback?id=6b5c67fae8c20f1f&itag=160&source=youtube&requiressl=yes&initcwndbps=3371250&mv=m&ei=ygaKWdfRI8f6V7muiMAF&ms=au&mm=31&mn=sn-4g57kn7z&pl=16&ratebypass=yes&mime=video/mp4&gir=yes&clen=5259062&lmt=1399082753866694&dur=381.921&mt=1502217801&signature=53B9E321EE4DF70D855624E60568126CBBA6B8FA.8E99D6F965CF38083CD9C055B6A3BFBF492C507C&key=dg_yt0&ip=131.159.40.117&ipbits=0&expire=1502239530&sparams=ip,ipbits,expire,id,itag,source,requiressl,initcwndbps,mv,ei,ms,mm,mn,pl,ratebypass,mime,gir,clen,lmt,dur", "manifest_url": "https://manifest.googlevideo.com/api/manifest/dash/source/youtube/initcwndbps/3371250/mv/m/ei/ygaKWdfRI8f6V7muiMAF/ms/au/mt/1502217801/sparams/as%2Cei%2Chfr%2Cid%2Cinitcwndbps%2Cip%2Cipbits%2Citag%2Cmm%2Cmn%2Cms%2Cmv%2Cpl%2Cplayback_host%2Crequiressl%2Csource%2Cexpire/signature/1C77653FA98490E8265153D9BD26757E52399FBF.0C38A2B64446EF732BDFD9AE2CE6B17098E27F03/expire/1502239530/requiressl/yes/id/6b5c67fae8c20f1f/ipbits/0/key/yt6/as/fmp4_audio_clear%2Cfmp4_sd_hd_clear/playback_host/r11---sn-4g57kn7z.googlevideo.com/mm/31/ip/131.159.40.117/mn/sn-4g57kn7z/hfr/1/pl/16/itag/0", "width": 256, "tbr": 112.505, "asr": null, "fps": 13, "language": null, "filesize": 5259062, "acodec": "none", "format": "160 - 256x144 (DASH video)", "protocol": "https", "http_headers": {"User-Agent": "Mozilla/5.0 (X11; Linux x86_64; rv:10.0) Gecko/20150101 Firefox/47.0 (Chrome)", "Accept-Charset": "ISO-8859-1,utf-8;q=0.7,*;q=0.7", "Accept": "text/html,application/xhtml+xml,application/xml;q=0.9,*/*;q=0.8", "Accept-Encoding": "gzip, deflate", "Accept-Language": "en-us,en;q=0.5"}}, {"ext": "mp4", "height": 240, "format_note": "DASH video", "vcodec": "avc1.4d4015", "format_id": "133", "url": "https://r11---sn-4g57kn7z.googlevideo.com/videoplayback?id=6b5c67fae8c20f1f&itag=133&source=youtube&requiressl=yes&initcwndbps=3371250&mv=m&ei=ygaKWdfRI8f6V7muiMAF&ms=au&mm=31&mn=sn-4g57kn7z&pl=16&ratebypass=yes&mime=video/mp4&gir=yes&clen=11730110&lmt=1399082755993974&dur=381.921&mt=1502217801&signature=11C2F3C9C7A651C409361D879FBEA7B0CEF92603.6BFC5F3D818B3B0FB5D3E761D3699E1D8C64E9CB&key=dg_yt0&ip=131.159.40.117&ipbits=0&expire=1502239530&sparams=ip,ipbits,expire,id,itag,source,requiressl,initcwndbps,mv,ei,ms,mm,mn,pl,ratebypass,mime,gir,clen,lmt,dur", "manifest_url": "https://manifest.googlevideo.com/api/manifest/dash/source/youtube/initcwndbps/3371250/mv/m/ei/ygaKWdfRI8f6V7muiMAF/ms/au/mt/1502217801/sparams/as%2Cei%2Chfr%2Cid%2Cinitcwndbps%2Cip%2Cipbits%2Citag%2Cmm%2Cmn%2Cms%2Cmv%2Cpl%2Cplayback_host%2Crequiressl%2Csource%2Cexpire/signature/1C77653FA98490E8265153D9BD26757E52399FBF.0C38A2B64446EF732BDFD9AE2CE6B17098E27F03/expire/1502239530/requiressl/yes/id/6b5c67fae8c20f1f/ipbits/0/key/yt6/as/fmp4_audio_clear%2Cfmp4_sd_hd_clear/playback_host/r11---sn-4g57kn7z.googlevideo.com/mm/31/ip/131.159.40.117/mn/sn-4g57kn7z/hfr/1/pl/16/itag/0", "width": 426, "tbr": 253.745, "asr": null, "fps": 25, "language": null, "filesize": 11730110, "acodec": "none", "format": "133 - 426x240 (DASH video)", "protocol": "https", "http_headers": {"User-Agent": "Mozilla/5.0 (X11; Linux x86_64; rv:10.0) Gecko/20150101 Firefox/47.0 (Chrome)", "Accept-Charset": "ISO-8859-1,utf-8;q=0.7,*;q=0.7", "Accept": "text/html,application/xhtml+xml,application/xml;q=0.9,*/*;q=0.8", "Accept-Encoding": "gzip, deflate", "Accept-Language": "en-us,en;q=0.5"}}, {"ext": "mp4", "height": 360, "format_note": "DASH video", "vcodec": "avc1.4d401e", "format_id": "134", "url": "https://r11---sn-4g57kn7z.googlevideo.com/videoplayback?id=6b5c67fae8c20f1f&itag=134&source=youtube&requiressl=yes&initcwndbps=3371250&mv=m&ei=ygaKWdfRI8f6V7muiMAF&ms=au&mm=31&mn=sn-4g57kn7z&pl=16&ratebypass=yes&mime=video/mp4&gir=yes&clen=14556000&lmt=1399082764772094&dur=381.921&mt=1502217801&signature=524647AA32469834F4C2704332FB88B431DE8DD5.73FC4BF176668861840F3AB1B6B692D5EFFB3900&key=dg_yt0&ip=131.159.40.117&ipbits=0&expire=1502239530&sparams=ip,ipbits,expire,id,itag,source,requiressl,initcwndbps,mv,ei,ms,mm,mn,pl,ratebypass,mime,gir,clen,lmt,dur", "manifest_url": "https://manifest.googlevideo.com/api/manifest/dash/source/youtube/initcwndbps/3371250/mv/m/ei/ygaKWdfRI8f6V7muiMAF/ms/au/mt/1502217801/sparams/as%2Cei%2Chfr%2Cid%2Cinitcwndbps%2Cip%2Cipbits%2Citag%2Cmm%2Cmn%2Cms%2Cmv%2Cpl%2Cplayback_host%2Crequiressl%2Csource%2Cexpire/signature/1C77653FA98490E8265153D9BD26757E52399FBF.0C38A2B64446EF732BDFD9AE2CE6B17098E27F03/expire/1502239530/requiressl/yes/id/6b5c67fae8c20f1f/ipbits/0/key/yt6/as/fmp4_audio_clear%2Cfmp4_sd_hd_clear/playback_host/r11---sn-4g57kn7z.googlevideo.com/mm/31/ip/131.159.40.117/mn/sn-4g57kn7z/hfr/1/pl/16/itag/0", "width": 640, "tbr": 605.36, "asr": null, "fps": 25, "language": null, "filesize": 14556000, "acodec": "none", "format": "134 - 640x360 (DASH video)", "protocol": "https", "http_headers": {"User-Agent": "Mozilla/5.0 (X11; Linux x86_64; rv:10.0) Gecko/20150101 Firefox/47.0 (Chrome)", "Accept-Charset": "ISO-8859-1,utf-8;q=0.7,*;q=0.7", "Accept": "text/html,application/xhtml+xml,application/xml;q=0.9,*/*;q=0.8", "Accept-Encoding": "gzip, deflate", "Accept-Language": "en-us,en;q=0.5"}}, {"ext": "mp4", "height": 480, "format_note": "DASH video", "vcodec": "avc1.4d401e", "format_id": "135", "url": "https://r11---sn-4g57kn7z.googlevideo.com/videoplayback?id=6b5c67fae8c20f1f&itag=135&source=youtube&requiressl=yes&initcwndbps=3371250&mv=m&ei=ygaKWdfRI8f6V7muiMAF&ms=au&mm=31&mn=sn-4g57kn7z&pl=16&ratebypass=yes&mime=video/mp4&gir=yes&clen=28819011&lmt=1399082769884437&dur=381.921&mt=1502217801&signature=7BA0E9476E1A202DAFD5622CBA7610C890065E4C.497A27577592F11CF5BA70C711F9152F78C99FFA&key=dg_yt0&ip=131.159.40.117&ipbits=0&expire=1502239530&sparams=ip,ipbits,expire,id,itag,source,requiressl,initcwndbps,mv,ei,ms,mm,mn,pl,ratebypass,mime,gir,clen,lmt,dur", "manifest_url": "https://manifest.googlevideo.com/api/manifest/dash/source/youtube/initcwndbps/3371250/mv/m/ei/ygaKWdfRI8f6V7muiMAF/ms/au/mt/1502217801/sparams/as%2Cei%2Chfr%2Cid%2Cinitcwndbps%2Cip%2Cipbits%2Citag%2Cmm%2Cmn%2Cms%2Cmv%2Cpl%2Cplayback_host%2Crequiressl%2Csource%2Cexpire/signature/1C77653FA98490E8265153D9BD26757E52399FBF.0C38A2B64446EF732BDFD9AE2CE6B17098E27F03/expire/1502239530/requiressl/yes/id/6b5c67fae8c20f1f/ipbits/0/key/yt6/as/fmp4_audio_clear%2Cfmp4_sd_hd_clear/playback_host/r11---sn-4g57kn7z.googlevideo.com/mm/31/ip/131.159.40.117/mn/sn-4g57kn7z/hfr/1/pl/16/itag/0", "width": 854, "tbr": 1108.951, "asr": null, "fps": 25, "language": null, "filesize": 28819011, "acodec": "none", "format": "135 - 854x480 (DASH video)", "protocol": "https", "http_headers": {"User-Agent": "Mozilla/5.0 (X11; Linux x86_64; rv:10.0) Gecko/20150101 Firefox/47.0 (Chrome)", "Accept-Charset": "ISO-8859-1,utf-8;q=0.7,*;q=0.7", "Accept": "text/html,application/xhtml+xml,application/xml;q=0.9,*/*;q=0.8", "Accept-Encoding": "gzip, deflate", "Accept-Language": "en-us,en;q=0.5"}}, {"ext": "mp4", "height": 720, "format_note": "DASH video", "vcodec": "avc1.4d401f", "format_id": "136", "url": "https://r11---sn-4g57kn7z.googlevideo.com/videoplayback?id=6b5c67fae8c20f1f&itag=136&source=youtube&requiressl=yes&initcwndbps=3371250&mv=m&ei=ygaKWdfRI8f6V7muiMAF&ms=au&mm=31&mn=sn-4g57kn7z&pl=16&ratebypass=yes&mime=video/mp4&gir=yes&clen=57106921&lmt=1399082780603675&dur=381.921&mt=1502217801&signature=4E760356590EFFAB72D39DD7486975F183DFE9DC.3492BAFF859DFEF0A298155B26F13BC956133113&key=dg_yt0&ip=131.159.40.117&ipbits=0&expire=1502239530&sparams=ip,ipbits,expire,id,itag,source,requiressl,initcwndbps,mv,ei,ms,mm,mn,pl,ratebypass,mime,gir,clen,lmt,dur", "manifest_url": "https://manifest.googlevideo.com/api/manifest/dash/source/youtube/initcwndbps/3371250/mv/m/ei/ygaKWdfRI8f6V7muiMAF/ms/au/mt/1502217801/sparams/as%2Cei%2Chfr%2Cid%2Cinitcwndbps%2Cip%2Cipbits%2Citag%2Cmm%2Cmn%2Cms%2Cmv%2Cpl%2Cplayback_host%2Crequiressl%2Csource%2Cexpire/signature/1C77653FA98490E8265153D9BD26757E52399FBF.0C38A2B64446EF732BDFD9AE2CE6B17098E27F03/expire/1502239530/requiressl/yes/id/6b5c67fae8c20f1f/ipbits/0/key/yt6/as/fmp4_audio_clear%2Cfmp4_sd_hd_clear/playback_host/r11---sn-4g57kn7z.googlevideo.com/mm/31/ip/131.159.40.117/mn/sn-4g57kn7z/hfr/1/pl/16/itag/0", "width": 1280, "tbr": 2114.882, "asr": null, "fps": 25, "language": null, "filesize": 57106921, "acodec": "none", "format": "136 - 1280x720 (DASH video)", "protocol": "https", "http_headers": {"User-Agent": "Mozilla/5.0 (X11; Linux x86_64; rv:10.0) Gecko/20150101 Firefox/47.0 (Chrome)", "Accept-Charset": "ISO-8859-1,utf-8;q=0.7,*;q=0.7", "Accept": "text/html,application/xhtml+xml,application/xml;q=0.9,*/*;q=0.8", "Accept-Encoding": "gzip, deflate", "Accept-Language": "en-us,en;q=0.5"}}, {"format_id": "17", "url": "https://r11---sn-4g57kn7z.googlevideo.com/videoplayback?mn=sn-4g57kn7z&mm=31&source=youtube&gir=yes&ip=131.159.40.117&pl=16&mv=m&mt=1502217801&ms=au&ei=yQaKWZmBN4adV4rXl5gK&id=o-AEoz1r2RF0Uh2sPZiwmB-p2Mg43RgWwW57DFb9rNsLPv&initcwndbps=3371250&key=yt6&lmt=1395238716732639&expire=1502239530&clen=3907792&sparams=clen%2Cdur%2Cei%2Cgir%2Cid%2Cinitcwndbps%2Cip%2Cipbits%2Citag%2Clmt%2Cmime%2Cmm%2Cmn%2Cms%2Cmv%2Cpl%2Crequiressl%2Csource%2Cexpire&requiressl=yes&ipbits=0&signature=68645F311E9D9D8EF46CB7C5C2E1A8466E515999.A78AA20714DA92ACD75070A3CB642757B5877812&dur=382.339&mime=video%2F3gpp&itag=17&ratebypass=yes", "player_url": null, "ext": "3gp", "width": 176, "height": 144, "acodec": "mp4a.40.2", "abr": 24, "vcodec": "mp4v.20.3", "resolution": "176x144", "format_note": "small", "format": "17 - 176x144 (small)", "protocol": "https", "http_headers": {"User-Agent": "Mozilla/5.0 (X11; Linux x86_64; rv:10.0) Gecko/20150101 Firefox/47.0 (Chrome)", "Accept-Charset": "ISO-8859-1,utf-8;q=0.7,*;q=0.7", "Accept": "text/html,application/xhtml+xml,application/xml;q=0.9,*/*;q=0.8", "Accept-Encoding": "gzip, deflate", "Accept-Language": "en-us,en;q=0.5"}}, {"format_id": "36", "url": "https://r11---sn-4g57kn7z.googlevideo.com/videoplayback?mn=sn-4g57kn7z&mm=31&source=youtube&gir=yes&ip=131.159.40.117&pl=16&mv=m&mt=1502217801&ms=au&ei=yQaKWZmBN4adV4rXl5gK&id=o-AEoz1r2RF0Uh2sPZiwmB-p2Mg43RgWwW57DFb9rNsLPv&initcwndbps=3371250&key=yt6&lmt=1395238819917867&expire=1502239530&clen=10778286&sparams=clen%2Cdur%2Cei%2Cgir%2Cid%2Cinitcwndbps%2Cip%2Cipbits%2Citag%2Clmt%2Cmime%2Cmm%2Cmn%2Cms%2Cmv%2Cpl%2Crequiressl%2Csource%2Cexpire&requiressl=yes&ipbits=0&signature=65BF001AD15FC2563671936F70AD6D7BC5202142.B3C6C169BBB2A45D6261DCE3BEE9EB7448B81A69&dur=382.154&mime=video%2F3gpp&itag=36&ratebypass=yes", "player_url": null, "ext": "3gp", "width": 320, "acodec": "mp4a.40.2", "vcodec": "mp4v.20.3", "resolution": "320x180", "height": 180, "format_note": "small", "format": "36 - 320x180 (small)", "protocol": "https", "http_headers": {"User-Agent": "Mozilla/5.0 (X11; Linux x86_64; rv:10.0) Gecko/20150101 Firefox/47.0 (Chrome)", "Accept-Charset": "ISO-8859-1,utf-8;q=0.7,*;q=0.7", "Accept": "text/html,application/xhtml+xml,application/xml;q=0.9,*/*;q=0.8", "Accept-Encoding": "gzip, deflate", "Accept-Language": "en-us,en;q=0.5"}}, {"format_id": "43", "url": "https://r11---sn-4g57kn7z.googlevideo.com/videoplayback?mn=sn-4g57kn7z&mm=31&source=youtube&gir=yes&ip=131.159.40.117&ratebypass=yes&pl=16&mv=m&mt=1502217801&ms=au&ei=yQaKWZmBN4adV4rXl5gK&id=o-AEoz1r2RF0Uh2sPZiwmB-p2Mg43RgWwW57DFb9rNsLPv&initcwndbps=3371250&key=yt6&lmt=1395240756671794&expire=1502239530&clen=34316218&sparams=clen%2Cdur%2Cei%2Cgir%2Cid%2Cinitcwndbps%2Cip%2Cipbits%2Citag%2Clmt%2Cmime%2Cmm%2Cmn%2Cms%2Cmv%2Cpl%2Cratebypass%2Crequiressl%2Csource%2Cexpire&requiressl=yes&ipbits=0&signature=5A081F32B0D2C135E68F1743083E42E20956FDE3.71BA48DC39132CF28F426945BFE4126F87E95925&dur=0.000&mime=video%2Fwebm&itag=43", "player_url": null, "ext": "webm", "width": 640, "height": 360, "acodec": "vorbis", "abr": 128, "vcodec": "vp8.0", "resolution": "640x360", "format_note": "medium", "format": "43 - 640x360 (medium)", "protocol": "https", "http_headers": {"User-Agent": "Mozilla/5.0 (X11; Linux x86_64; rv:10.0) Gecko/20150101 Firefox/47.0 (Chrome)", "Accept-Charset": "ISO-8859-1,utf-8;q=0.7,*;q=0.7", "Accept": "text/html,application/xhtml+xml,application/xml;q=0.9,*/*;q=0.8", "Accept-Encoding": "gzip, deflate", "Accept-Language": "en-us,en;q=0.5"}}, {"format_id": "18", "url": "https://r11---sn-4g57kn7z.googlevideo.com/videoplayback?mn=sn-4g57kn7z&mm=31&source=youtube&gir=yes&ip=131.159.40.117&ratebypass=yes&pl=16&mv=m&mt=1502217801&ms=au&ei=yQaKWZmBN4adV4rXl5gK&id=o-AEoz1r2RF0Uh2sPZiwmB-p2Mg43RgWwW57DFb9rNsLPv&initcwndbps=3371250&key=yt6&lmt=1399082793107316&expire=1502239530&clen=24426276&sparams=clen%2Cdur%2Cei%2Cgir%2Cid%2Cinitcwndbps%2Cip%2Cipbits%2Citag%2Clmt%2Cmime%2Cmm%2Cmn%2Cms%2Cmv%2Cpl%2Cratebypass%2Crequiressl%2Csource%2Cexpire&requiressl=yes&ipbits=0&signature=0BE2CAB7BA541158E768C9544F54CAAF863F5273.838FE6FA0B9961C9D07AAAC7BF824E9FA4679608&dur=382.014&mime=video%2Fmp4&itag=18", "player_url": null, "ext": "mp4", "width": 640, "height": 360, "acodec": "mp4a.40.2", "abr": 96, "vcodec": "avc1.42001E", "resolution": "640x360", "format_note": "medium", "format": "18 - 640x360 (medium)", "protocol": "https", "http_headers": {"User-Agent": "Mozilla/5.0 (X11; Linux x86_64; rv:10.0) Gecko/20150101 Firefox/47.0 (Chrome)", "Accept-Charset": "ISO-8859-1,utf-8;q=0.7,*;q=0.7", "Accept": "text/html,application/xhtml+xml,application/xml;q=0.9,*/*;q=0.8", "Accept-Encoding": "gzip, deflate", "Accept-Language": "en-us,en;q=0.5"}}, {"format_id": "22", "url": "https://r11---sn-4g57kn7z.googlevideo.com/videoplayback?mn=sn-4g57kn7z&mm=31&source=youtube&ip=131.159.40.117&ratebypass=yes&ipbits=0&signature=280B72CE3BB9408B6ED54AF3FE9B94133562DF6B.7EFFDF6D49DA9AC5E105CEAA10E17BAA7B058B9E&pl=16&mv=m&mt=1502217801&ms=au&ei=yQaKWZmBN4adV4rXl5gK&id=o-AEoz1r2RF0Uh2sPZiwmB-p2Mg43RgWwW57DFb9rNsLPv&dur=382.014&initcwndbps=3371250&mime=video%2Fmp4&lmt=1472456802919295&itag=22&expire=1502239530&sparams=dur%2Cei%2Cid%2Cinitcwndbps%2Cip%2Cipbits%2Citag%2Clmt%2Cmime%2Cmm%2Cmn%2Cms%2Cmv%2Cpl%2Cratebypass%2Crequiressl%2Csource%2Cexpire&key=yt6&requiressl=yes", "player_url": null, "ext": "mp4", "width": 1280, "height": 720, "acodec": "mp4a.40.2", "abr": 192, "vcodec": "avc1.64001F", "resolution": "1280x720", "format_note": "hd720", "format": "22 - 1280x720 (hd720)", "protocol": "https", "http_headers": {"User-Agent": "Mozilla/5.0 (X11; Linux x86_64; rv:10.0) Gecko/20150101 Firefox/47.0 (Chrome)", "Accept-Charset": "ISO-8859-1,utf-8;q=0.7,*;q=0.7", "Accept": "text/html,application/xhtml+xml,application/xml;q=0.9,*/*;q=0.8", "Accept-Encoding": "gzip, deflate", "Accept-Language": "en-us,en;q=0.5"}}], "is_live": null, "start_time": null, "end_time": null, "series": null, "season_number": null, "episode_number": null, "extractor": "youtube", "webpage_url_basename": "a1xn-ujCDx8", "extractor_key": "Youtube", "playlist": null, "playlist_index": null, "thumbnails": [{"url": "https://i.ytimg.com/vi/a1xn-ujCDx8/maxresdefault.jpg", "id": "0"}], "display_id": "a1xn-ujCDx8", "ext": "mp4", "height": 720, "format_note": "DASH video", "vcodec": "avc1.4d401f", "format_id": "136", "url": "https://r11---sn-4g57kn7z.googlevideo.com/videoplayback?id=6b5c67fae8c20f1f&itag=136&source=youtube&requiressl=yes&initcwndbps=3371250&mv=m&ei=ygaKWdfRI8f6V7muiMAF&ms=au&mm=31&mn=sn-4g57kn7z&pl=16&ratebypass=yes&mime=video/mp4&gir=yes&clen=57106921&lmt=1399082780603675&dur=381.921&mt=1502217801&signature=4E760356590EFFAB72D39DD7486975F183DFE9DC.3492BAFF859DFEF0A298155B26F13BC956133113&key=dg_yt0&ip=131.159.40.117&ipbits=0&expire=1502239530&sparams=ip,ipbits,expire,id,itag,source,requiressl,initcwndbps,mv,ei,ms,mm,mn,pl,ratebypass,mime,gir,clen,lmt,dur", "manifest_url": "https://manifest.googlevideo.com/api/manifest/dash/source/youtube/initcwndbps/3371250/mv/m/ei/ygaKWdfRI8f6V7muiMAF/ms/au/mt/1502217801/sparams/as%2Cei%2Chfr%2Cid%2Cinitcwndbps%2Cip%2Cipbits%2Citag%2Cmm%2Cmn%2Cms%2Cmv%2Cpl%2Cplayback_host%2Crequiressl%2Csource%2Cexpire/signature/1C77653FA98490E8265153D9BD26757E52399FBF.0C38A2B64446EF732BDFD9AE2CE6B17098E27F03/expire/1502239530/requiressl/yes/id/6b5c67fae8c20f1f/ipbits/0/key/yt6/as/fmp4_audio_clear%2Cfmp4_sd_hd_clear/playback_host/r11---sn-4g57kn7z.googlevideo.com/mm/31/ip/131.159.40.117/mn/sn-4g57kn7z/hfr/1/pl/16/itag/0", "width": 1280, "tbr": 2114.882, "asr": null, "fps": 25, "language": null, "filesize": 57106921, "acodec": "none", "format": "136 - 1280x720 (DASH video)", "protocol": "https", "http_headers": {"User-Agent": "Mozilla/5.0 (X11; Linux x86_64; rv:10.0) Gecko/20150101 Firefox/47.0 (Chrome)", "Accept-Charset": "ISO-8859-1,utf-8;q=0.7,*;q=0.7", "Accept": "text/html,application/xhtml+xml,application/xml;q=0.9,*/*;q=0.8", "Accept-Encoding": "gzip, deflate", "Accept-Language": "en-us,en;q=0.5"}, "fulltitle": "Investigan el presunto ataque de un francotirador que dej\u00f3 dos muertos en Crimea", "_filename": "a1xn-ujCDx8.mp4"}