{"id": "Cwsba0yb_dc", "uploader": "Aclarar La Piel", "uploader_id": "UChvHVApqIoej15OJBIcBhcA", "uploader_url": "http://www.youtube.com/channel/UChvHVApqIoej15OJBIcBhcA", "upload_date": "20150124", "license": "Standard YouTube License", "creator": null, "title": "C\u00f3mo Aclarar la Piel con Lim\u00f3n - Formula Natural", "alt_title": null, "thumbnail": "https://i.ytimg.com/vi/Cwsba0yb_dc/maxresdefault.jpg", "description": "Si, es cierto en este v\u00eddeo te ense\u00f1are una T\u00e9cnica Natural para Aclarar tu Piel de Forma Natural. Garantizado!\n\nSi gustas descubre mis t\u00e9cnicas en |  http://.comoaclararlapielparasiempre.com/blog/\n\nSinceramente\nMorris Huayta - Piel Sana.", "categories": ["Howto & Style"], "tags": ["como aclarar la piel", "blanqueado de piel", "blanquear la piel"], "subtitles": {}, "automatic_captions": {}, "duration": 246, "age_limit": 0, "annotations": null, "chapters": null, "webpage_url": "https://www.youtube.com/watch?v=Cwsba0yb_dc", "view_count": 27539, "like_count": 270, "dislike_count": 23, "average_rating": 4.68600702286, "formats": [{"ext": "m4a", "format_note": "DASH audio", "acodec": "mp4a.40.5", "abr": 48, "container": "m4a_dash", "format_id": "139", "url": "https://r1---sn-4g57kn7s.googlevideo.com/videoplayback?id=0b0b1b6b4c9bfdd7&itag=139&source=youtube&requiressl=yes&ei=FtOJWcjZI4eLc9CVgbgN&initcwndbps=4367500&ms=au&mv=m&pl=16&mm=31&mn=sn-4g57kn7s&ratebypass=yes&mime=audio/mp4&gir=yes&clen=1464966&lmt=1497072890646764&dur=246.224&signature=58D41D14CD19BF4C368749E4B38BB70644DABCC9.83C0A2042035EE0C53E42E2F70DF0693AA9BFA15&key=dg_yt0&mt=1502204607&ip=131.159.40.117&ipbits=0&expire=1502226294&sparams=ip,ipbits,expire,id,itag,source,requiressl,ei,initcwndbps,ms,mv,pl,mm,mn,ratebypass,mime,gir,clen,lmt,dur", "manifest_url": "https://manifest.googlevideo.com/api/manifest/dash/id/0b0b1b6b4c9bfdd7/ei/FtOJWcjZI4eLc9CVgbgN/requiressl/yes/sparams/as%2Cei%2Chfr%2Cid%2Cinitcwndbps%2Cip%2Cipbits%2Citag%2Cmm%2Cmn%2Cms%2Cmv%2Cpl%2Cplayback_host%2Crequiressl%2Csource%2Cexpire/expire/1502226294/initcwndbps/4367500/ms/au/itag/0/playback_host/r1---sn-4g57kn7s.googlevideo.com/mv/m/source/youtube/pl/16/signature/C824C22DF8029FF73B7C4283EF08C5EADFBD8A29.2F4583355DCD40AB2CEEDAF485EAB56CCAA8CD9A/mm/31/ipbits/0/key/yt6/hfr/1/mn/sn-4g57kn7s/mt/1502204607/as/fmp4_audio_clear%2Cfmp4_sd_hd_clear/ip/131.159.40.117", "width": null, "height": null, "tbr": 48.545, "asr": 22050, "fps": null, "language": null, "filesize": 1464966, "vcodec": "none", "format": "139 - audio only (DASH audio)", "protocol": "https", "http_headers": {"User-Agent": "Mozilla/5.0 (X11; Linux x86_64; rv:10.0) Gecko/20150101 Firefox/47.0 (Chrome)", "Accept-Charset": "ISO-8859-1,utf-8;q=0.7,*;q=0.7", "Accept": "text/html,application/xhtml+xml,application/xml;q=0.9,*/*;q=0.8", "Accept-Encoding": "gzip, deflate", "Accept-Language": "en-us,en;q=0.5"}}, {"format_id": "249", "url": "https://r6---sn-4g5edne7.googlevideo.com/videoplayback?ei=FtOJWeHJA4qgc57XkegF&key=yt6&keepalive=yes&initcwndbps=4367500&expire=1502226294&ms=au&requiressl=yes&mt=1502204607&pl=16&itag=249&id=o-AKscd8y5Sa44CfIZq67B0DDYeXE4g_okxPTrAZn7S6mj&dur=246.101&mime=audio%2Fwebm&sparams=clen%2Cdur%2Cei%2Cgir%2Cid%2Cinitcwndbps%2Cip%2Cipbits%2Citag%2Ckeepalive%2Clmt%2Cmime%2Cmm%2Cmn%2Cms%2Cmv%2Cpl%2Crequiressl%2Csource%2Cexpire&mm=31&ip=131.159.40.117&mn=sn-4g5edne7&lmt=1423733042367958&ipbits=0&gir=yes&mv=m&clen=1513889&source=youtube&signature=5CFB4DF6912E8AFF3DE204B790969F2B8A079D26.AA3EE89F1418491C7FB2995D6AFC70B078573BB4&ratebypass=yes", "player_url": null, "ext": "webm", "format_note": "DASH audio", "acodec": "opus", "abr": 50, "filesize": 1513889, "tbr": 58.665, "vcodec": "none", "format": "249 - audio only (DASH audio)", "protocol": "https", "http_headers": {"User-Agent": "Mozilla/5.0 (X11; Linux x86_64; rv:10.0) Gecko/20150101 Firefox/47.0 (Chrome)", "Accept-Charset": "ISO-8859-1,utf-8;q=0.7,*;q=0.7", "Accept": "text/html,application/xhtml+xml,application/xml;q=0.9,*/*;q=0.8", "Accept-Encoding": "gzip, deflate", "Accept-Language": "en-us,en;q=0.5"}}, {"format_id": "250", "url": "https://r6---sn-4g5edne7.googlevideo.com/videoplayback?ei=FtOJWeHJA4qgc57XkegF&key=yt6&keepalive=yes&initcwndbps=4367500&expire=1502226294&ms=au&requiressl=yes&mt=1502204607&pl=16&itag=250&id=o-AKscd8y5Sa44CfIZq67B0DDYeXE4g_okxPTrAZn7S6mj&dur=246.101&mime=audio%2Fwebm&sparams=clen%2Cdur%2Cei%2Cgir%2Cid%2Cinitcwndbps%2Cip%2Cipbits%2Citag%2Ckeepalive%2Clmt%2Cmime%2Cmm%2Cmn%2Cms%2Cmv%2Cpl%2Crequiressl%2Csource%2Cexpire&mm=31&ip=131.159.40.117&mn=sn-4g5edne7&lmt=1423733035158024&ipbits=0&gir=yes&mv=m&clen=1983590&source=youtube&signature=D0ECEC3EB64CDA78EB2D919DDB872FB9F280F2B8.10C21A8CDC34FC6221ECBBA374C223F8299147C0&ratebypass=yes", "player_url": null, "ext": "webm", "format_note": "DASH audio", "acodec": "opus", "abr": 70, "filesize": 1983590, "tbr": 84.407, "vcodec": "none", "format": "250 - audio only (DASH audio)", "protocol": "https", "http_headers": {"User-Agent": "Mozilla/5.0 (X11; Linux x86_64; rv:10.0) Gecko/20150101 Firefox/47.0 (Chrome)", "Accept-Charset": "ISO-8859-1,utf-8;q=0.7,*;q=0.7", "Accept": "text/html,application/xhtml+xml,application/xml;q=0.9,*/*;q=0.8", "Accept-Encoding": "gzip, deflate", "Accept-Language": "en-us,en;q=0.5"}}, {"format_id": "171", "url": "https://r6---sn-4g5edne7.googlevideo.com/videoplayback?ei=FtOJWeHJA4qgc57XkegF&key=yt6&keepalive=yes&initcwndbps=4367500&expire=1502226294&ms=au&requiressl=yes&mt=1502204607&pl=16&itag=171&id=o-AKscd8y5Sa44CfIZq67B0DDYeXE4g_okxPTrAZn7S6mj&dur=246.092&mime=audio%2Fwebm&sparams=clen%2Cdur%2Cei%2Cgir%2Cid%2Cinitcwndbps%2Cip%2Cipbits%2Citag%2Ckeepalive%2Clmt%2Cmime%2Cmm%2Cmn%2Cms%2Cmv%2Cpl%2Crequiressl%2Csource%2Cexpire&mm=31&ip=131.159.40.117&mn=sn-4g5edne7&lmt=1423733042133165&ipbits=0&gir=yes&mv=m&clen=2757019&source=youtube&signature=4C944224C2D4AB95C5EFC6989E4D173DAB867FCE.41BE63F58CF15D6CCBAE244F867E62CA3709E3E5&ratebypass=yes", "player_url": null, "ext": "webm", "acodec": "vorbis", "format_note": "DASH audio", "abr": 128, "filesize": 2757019, "tbr": 121.94, "vcodec": "none", "format": "171 - audio only (DASH audio)", "protocol": "https", "http_headers": {"User-Agent": "Mozilla/5.0 (X11; Linux x86_64; rv:10.0) Gecko/20150101 Firefox/47.0 (Chrome)", "Accept-Charset": "ISO-8859-1,utf-8;q=0.7,*;q=0.7", "Accept": "text/html,application/xhtml+xml,application/xml;q=0.9,*/*;q=0.8", "Accept-Encoding": "gzip, deflate", "Accept-Language": "en-us,en;q=0.5"}}, {"ext": "m4a", "format_note": "DASH audio", "acodec": "mp4a.40.2", "abr": 128, "container": "m4a_dash", "format_id": "140", "url": "https://r1---sn-4g57kn7s.googlevideo.com/videoplayback?id=0b0b1b6b4c9bfdd7&itag=140&source=youtube&requiressl=yes&ei=FtOJWcjZI4eLc9CVgbgN&initcwndbps=4367500&ms=au&mv=m&pl=16&mm=31&mn=sn-4g57kn7s&ratebypass=yes&mime=audio/mp4&gir=yes&clen=3910196&lmt=1497072808962907&dur=246.154&signature=8635CFCA0542C75D1AC09E9C7A8DD64A0EB6ACF2.459EAB7C1A976F81DF93C18F8E2D11FEAA459616&key=dg_yt0&mt=1502204607&ip=131.159.40.117&ipbits=0&expire=1502226294&sparams=ip,ipbits,expire,id,itag,source,requiressl,ei,initcwndbps,ms,mv,pl,mm,mn,ratebypass,mime,gir,clen,lmt,dur", "manifest_url": "https://manifest.googlevideo.com/api/manifest/dash/id/0b0b1b6b4c9bfdd7/ei/FtOJWcjZI4eLc9CVgbgN/requiressl/yes/sparams/as%2Cei%2Chfr%2Cid%2Cinitcwndbps%2Cip%2Cipbits%2Citag%2Cmm%2Cmn%2Cms%2Cmv%2Cpl%2Cplayback_host%2Crequiressl%2Csource%2Cexpire/expire/1502226294/initcwndbps/4367500/ms/au/itag/0/playback_host/r1---sn-4g57kn7s.googlevideo.com/mv/m/source/youtube/pl/16/signature/C824C22DF8029FF73B7C4283EF08C5EADFBD8A29.2F4583355DCD40AB2CEEDAF485EAB56CCAA8CD9A/mm/31/ipbits/0/key/yt6/hfr/1/mn/sn-4g57kn7s/mt/1502204607/as/fmp4_audio_clear%2Cfmp4_sd_hd_clear/ip/131.159.40.117", "width": null, "height": null, "tbr": 127.924, "asr": 44100, "fps": null, "language": null, "filesize": 3910196, "vcodec": "none", "format": "140 - audio only (DASH audio)", "protocol": "https", "http_headers": {"User-Agent": "Mozilla/5.0 (X11; Linux x86_64; rv:10.0) Gecko/20150101 Firefox/47.0 (Chrome)", "Accept-Charset": "ISO-8859-1,utf-8;q=0.7,*;q=0.7", "Accept": "text/html,application/xhtml+xml,application/xml;q=0.9,*/*;q=0.8", "Accept-Encoding": "gzip, deflate", "Accept-Language": "en-us,en;q=0.5"}}, {"format_id": "251", "url": "https://r6---sn-4g5edne7.googlevideo.com/videoplayback?ei=FtOJWeHJA4qgc57XkegF&key=yt6&keepalive=yes&initcwndbps=4367500&expire=1502226294&ms=au&requiressl=yes&mt=1502204607&pl=16&itag=251&id=o-AKscd8y5Sa44CfIZq67B0DDYeXE4g_okxPTrAZn7S6mj&dur=246.101&mime=audio%2Fwebm&sparams=clen%2Cdur%2Cei%2Cgir%2Cid%2Cinitcwndbps%2Cip%2Cipbits%2Citag%2Ckeepalive%2Clmt%2Cmime%2Cmm%2Cmn%2Cms%2Cmv%2Cpl%2Crequiressl%2Csource%2Cexpire&mm=31&ip=131.159.40.117&mn=sn-4g5edne7&lmt=1423733036093550&ipbits=0&gir=yes&mv=m&clen=5980227&source=youtube&signature=A2673EA010D5D080D5CB45A225238E53E202658B.80CA13A937A852BEFB0E5F761CAC59562A0313C6&ratebypass=yes", "player_url": null, "ext": "webm", "format_note": "DASH audio", "acodec": "opus", "abr": 160, "filesize": 5980227, "tbr": 242.032, "vcodec": "none", "format": "251 - audio only (DASH audio)", "protocol": "https", "http_headers": {"User-Agent": "Mozilla/5.0 (X11; Linux x86_64; rv:10.0) Gecko/20150101 Firefox/47.0 (Chrome)", "Accept-Charset": "ISO-8859-1,utf-8;q=0.7,*;q=0.7", "Accept": "text/html,application/xhtml+xml,application/xml;q=0.9,*/*;q=0.8", "Accept-Encoding": "gzip, deflate", "Accept-Language": "en-us,en;q=0.5"}}, {"ext": "mp4", "height": 144, "format_note": "DASH video", "vcodec": "avc1.4d400c", "format_id": "160", "url": "https://r1---sn-4g57kn7s.googlevideo.com/videoplayback?id=0b0b1b6b4c9bfdd7&itag=160&source=youtube&requiressl=yes&ei=FtOJWcjZI4eLc9CVgbgN&initcwndbps=4367500&ms=au&mv=m&pl=16&mm=31&mn=sn-4g57kn7s&ratebypass=yes&mime=video/mp4&gir=yes&clen=1552628&lmt=1497073472313329&dur=246.066&signature=5450196E25F26D895B3BCCE85F906D892B9BBB36.12753F03C3FA5D0D3F57BF7E756B244D7707A1A0&key=dg_yt0&mt=1502204607&ip=131.159.40.117&ipbits=0&expire=1502226294&sparams=ip,ipbits,expire,id,itag,source,requiressl,ei,initcwndbps,ms,mv,pl,mm,mn,ratebypass,mime,gir,clen,lmt,dur", "manifest_url": "https://manifest.googlevideo.com/api/manifest/dash/id/0b0b1b6b4c9bfdd7/ei/FtOJWcjZI4eLc9CVgbgN/requiressl/yes/sparams/as%2Cei%2Chfr%2Cid%2Cinitcwndbps%2Cip%2Cipbits%2Citag%2Cmm%2Cmn%2Cms%2Cmv%2Cpl%2Cplayback_host%2Crequiressl%2Csource%2Cexpire/expire/1502226294/initcwndbps/4367500/ms/au/itag/0/playback_host/r1---sn-4g57kn7s.googlevideo.com/mv/m/source/youtube/pl/16/signature/C824C22DF8029FF73B7C4283EF08C5EADFBD8A29.2F4583355DCD40AB2CEEDAF485EAB56CCAA8CD9A/mm/31/ipbits/0/key/yt6/hfr/1/mn/sn-4g57kn7s/mt/1502204607/as/fmp4_audio_clear%2Cfmp4_sd_hd_clear/ip/131.159.40.117", "width": 256, "tbr": 73.158, "asr": null, "fps": 30, "language": null, "filesize": 1552628, "acodec": "none", "format": "160 - 256x144 (DASH video)", "protocol": "https", "http_headers": {"User-Agent": "Mozilla/5.0 (X11; Linux x86_64; rv:10.0) Gecko/20150101 Firefox/47.0 (Chrome)", "Accept-Charset": "ISO-8859-1,utf-8;q=0.7,*;q=0.7", "Accept": "text/html,application/xhtml+xml,application/xml;q=0.9,*/*;q=0.8", "Accept-Encoding": "gzip, deflate", "Accept-Language": "en-us,en;q=0.5"}}, {"format_id": "278", "url": "https://r6---sn-4g5edne7.googlevideo.com/videoplayback?ei=FtOJWeHJA4qgc57XkegF&key=yt6&keepalive=yes&initcwndbps=4367500&expire=1502226294&ms=au&requiressl=yes&mt=1502204607&pl=16&itag=278&id=o-AKscd8y5Sa44CfIZq67B0DDYeXE4g_okxPTrAZn7S6mj&dur=246.000&mime=video%2Fwebm&sparams=clen%2Cdur%2Cei%2Cgir%2Cid%2Cinitcwndbps%2Cip%2Cipbits%2Citag%2Ckeepalive%2Clmt%2Cmime%2Cmm%2Cmn%2Cms%2Cmv%2Cpl%2Crequiressl%2Csource%2Cexpire&mm=31&ip=131.159.40.117&mn=sn-4g5edne7&lmt=1423733137414612&ipbits=0&gir=yes&mv=m&clen=2517010&source=youtube&signature=B360CB63372C31EF64F183126D53DA1B1F130E43.309E31AC6DBA33CE886CFF24F99D12EAAC58FFE7&ratebypass=yes", "player_url": null, "ext": "webm", "height": 144, "format_note": "144p", "container": "webm", "vcodec": "vp9", "filesize": 2517010, "tbr": 140.371, "width": 256, "fps": 15, "acodec": "none", "format": "278 - 256x144 (144p)", "protocol": "https", "http_headers": {"User-Agent": "Mozilla/5.0 (X11; Linux x86_64; rv:10.0) Gecko/20150101 Firefox/47.0 (Chrome)", "Accept-Charset": "ISO-8859-1,utf-8;q=0.7,*;q=0.7", "Accept": "text/html,application/xhtml+xml,application/xml;q=0.9,*/*;q=0.8", "Accept-Encoding": "gzip, deflate", "Accept-Language": "en-us,en;q=0.5"}}, {"format_id": "242", "url": "https://r6---sn-4g5edne7.googlevideo.com/videoplayback?ei=FtOJWeHJA4qgc57XkegF&key=yt6&keepalive=yes&initcwndbps=4367500&expire=1502226294&ms=au&requiressl=yes&mt=1502204607&pl=16&itag=242&id=o-AKscd8y5Sa44CfIZq67B0DDYeXE4g_okxPTrAZn7S6mj&dur=246.033&mime=video%2Fwebm&sparams=clen%2Cdur%2Cei%2Cgir%2Cid%2Cinitcwndbps%2Cip%2Cipbits%2Citag%2Ckeepalive%2Clmt%2Cmime%2Cmm%2Cmn%2Cms%2Cmv%2Cpl%2Crequiressl%2Csource%2Cexpire&mm=31&ip=131.159.40.117&mn=sn-4g5edne7&lmt=1423733090882324&ipbits=0&gir=yes&mv=m&clen=4965727&source=youtube&signature=68E52F947702AA09E7C65A61AC9232C396B73A61.63585DFA376C206AFBA6633CDC30D269DC2296F4&ratebypass=yes", "player_url": null, "ext": "webm", "height": 240, "format_note": "240p", "vcodec": "vp9", "filesize": 4965727, "tbr": 225.982, "width": 426, "fps": 30, "acodec": "none", "format": "242 - 426x240 (240p)", "protocol": "https", "http_headers": {"User-Agent": "Mozilla/5.0 (X11; Linux x86_64; rv:10.0) Gecko/20150101 Firefox/47.0 (Chrome)", "Accept-Charset": "ISO-8859-1,utf-8;q=0.7,*;q=0.7", "Accept": "text/html,application/xhtml+xml,application/xml;q=0.9,*/*;q=0.8", "Accept-Encoding": "gzip, deflate", "Accept-Language": "en-us,en;q=0.5"}}, {"ext": "mp4", "height": 240, "format_note": "DASH video", "vcodec": "avc1.4d4015", "format_id": "133", "url": "https://r1---sn-4g57kn7s.googlevideo.com/videoplayback?id=0b0b1b6b4c9bfdd7&itag=133&source=youtube&requiressl=yes&ei=FtOJWcjZI4eLc9CVgbgN&initcwndbps=4367500&ms=au&mv=m&pl=16&mm=31&mn=sn-4g57kn7s&ratebypass=yes&mime=video/mp4&gir=yes&clen=5142054&lmt=1497072972416778&dur=246.066&signature=86E455908BEFAF7737342FDEC0E77BF65AEC7600.76A3E6650EF4CF6F0C53FFDF6918DA59B99A4FF0&key=dg_yt0&mt=1502204607&ip=131.159.40.117&ipbits=0&expire=1502226294&sparams=ip,ipbits,expire,id,itag,source,requiressl,ei,initcwndbps,ms,mv,pl,mm,mn,ratebypass,mime,gir,clen,lmt,dur", "manifest_url": "https://manifest.googlevideo.com/api/manifest/dash/id/0b0b1b6b4c9bfdd7/ei/FtOJWcjZI4eLc9CVgbgN/requiressl/yes/sparams/as%2Cei%2Chfr%2Cid%2Cinitcwndbps%2Cip%2Cipbits%2Citag%2Cmm%2Cmn%2Cms%2Cmv%2Cpl%2Cplayback_host%2Crequiressl%2Csource%2Cexpire/expire/1502226294/initcwndbps/4367500/ms/au/itag/0/playback_host/r1---sn-4g57kn7s.googlevideo.com/mv/m/source/youtube/pl/16/signature/C824C22DF8029FF73B7C4283EF08C5EADFBD8A29.2F4583355DCD40AB2CEEDAF485EAB56CCAA8CD9A/mm/31/ipbits/0/key/yt6/hfr/1/mn/sn-4g57kn7s/mt/1502204607/as/fmp4_audio_clear%2Cfmp4_sd_hd_clear/ip/131.159.40.117", "width": 426, "tbr": 231.618, "asr": null, "fps": 30, "language": null, "filesize": 5142054, "acodec": "none", "format": "133 - 426x240 (DASH video)", "protocol": "https", "http_headers": {"User-Agent": "Mozilla/5.0 (X11; Linux x86_64; rv:10.0) Gecko/20150101 Firefox/47.0 (Chrome)", "Accept-Charset": "ISO-8859-1,utf-8;q=0.7,*;q=0.7", "Accept": "text/html,application/xhtml+xml,application/xml;q=0.9,*/*;q=0.8", "Accept-Encoding": "gzip, deflate", "Accept-Language": "en-us,en;q=0.5"}}, {"ext": "mp4", "height": 360, "format_note": "DASH video", "vcodec": "avc1.4d401e", "format_id": "134", "url": "https://r1---sn-4g57kn7s.googlevideo.com/videoplayback?id=0b0b1b6b4c9bfdd7&itag=134&source=youtube&requiressl=yes&ei=FtOJWcjZI4eLc9CVgbgN&initcwndbps=4367500&ms=au&mv=m&pl=16&mm=31&mn=sn-4g57kn7s&ratebypass=yes&mime=video/mp4&gir=yes&clen=7896631&lmt=1497073472815685&dur=246.066&signature=051917BF9C955FFF93F322B731E47B4462055FA0.7B61511161D2296C397F21D866349232B38F4471&key=dg_yt0&mt=1502204607&ip=131.159.40.117&ipbits=0&expire=1502226294&sparams=ip,ipbits,expire,id,itag,source,requiressl,ei,initcwndbps,ms,mv,pl,mm,mn,ratebypass,mime,gir,clen,lmt,dur", "manifest_url": "https://manifest.googlevideo.com/api/manifest/dash/id/0b0b1b6b4c9bfdd7/ei/FtOJWcjZI4eLc9CVgbgN/requiressl/yes/sparams/as%2Cei%2Chfr%2Cid%2Cinitcwndbps%2Cip%2Cipbits%2Citag%2Cmm%2Cmn%2Cms%2Cmv%2Cpl%2Cplayback_host%2Crequiressl%2Csource%2Cexpire/expire/1502226294/initcwndbps/4367500/ms/au/itag/0/playback_host/r1---sn-4g57kn7s.googlevideo.com/mv/m/source/youtube/pl/16/signature/C824C22DF8029FF73B7C4283EF08C5EADFBD8A29.2F4583355DCD40AB2CEEDAF485EAB56CCAA8CD9A/mm/31/ipbits/0/key/yt6/hfr/1/mn/sn-4g57kn7s/mt/1502204607/as/fmp4_audio_clear%2Cfmp4_sd_hd_clear/ip/131.159.40.117", "width": 640, "tbr": 342.097, "asr": null, "fps": 30, "language": null, "filesize": 7896631, "acodec": "none", "format": "134 - 640x360 (DASH video)", "protocol": "https", "http_headers": {"User-Agent": "Mozilla/5.0 (X11; Linux x86_64; rv:10.0) Gecko/20150101 Firefox/47.0 (Chrome)", "Accept-Charset": "ISO-8859-1,utf-8;q=0.7,*;q=0.7", "Accept": "text/html,application/xhtml+xml,application/xml;q=0.9,*/*;q=0.8", "Accept-Encoding": "gzip, deflate", "Accept-Language": "en-us,en;q=0.5"}}, {"format_id": "243", "url": "https://r6---sn-4g5edne7.googlevideo.com/videoplayback?ei=FtOJWeHJA4qgc57XkegF&key=yt6&keepalive=yes&initcwndbps=4367500&expire=1502226294&ms=au&requiressl=yes&mt=1502204607&pl=16&itag=243&id=o-AKscd8y5Sa44CfIZq67B0DDYeXE4g_okxPTrAZn7S6mj&dur=246.033&mime=video%2Fwebm&sparams=clen%2Cdur%2Cei%2Cgir%2Cid%2Cinitcwndbps%2Cip%2Cipbits%2Citag%2Ckeepalive%2Clmt%2Cmime%2Cmm%2Cmn%2Cms%2Cmv%2Cpl%2Crequiressl%2Csource%2Cexpire&mm=31&ip=131.159.40.117&mn=sn-4g5edne7&lmt=1423733157344340&ipbits=0&gir=yes&mv=m&clen=9662720&source=youtube&signature=ACC1D1085F364AD170F0B6AC69370360EB70DBB7.79B5509D8317F1BD63801AC41D7782E1BD101469&ratebypass=yes", "player_url": null, "ext": "webm", "height": 360, "format_note": "360p", "vcodec": "vp9", "filesize": 9662720, "tbr": 436.507, "width": 640, "fps": 30, "acodec": "none", "format": "243 - 640x360 (360p)", "protocol": "https", "http_headers": {"User-Agent": "Mozilla/5.0 (X11; Linux x86_64; rv:10.0) Gecko/20150101 Firefox/47.0 (Chrome)", "Accept-Charset": "ISO-8859-1,utf-8;q=0.7,*;q=0.7", "Accept": "text/html,application/xhtml+xml,application/xml;q=0.9,*/*;q=0.8", "Accept-Encoding": "gzip, deflate", "Accept-Language": "en-us,en;q=0.5"}}, {"ext": "mp4", "height": 480, "format_note": "DASH video", "vcodec": "avc1.4d401f", "format_id": "135", "url": "https://r1---sn-4g57kn7s.googlevideo.com/videoplayback?id=0b0b1b6b4c9bfdd7&itag=135&source=youtube&requiressl=yes&ei=FtOJWcjZI4eLc9CVgbgN&initcwndbps=4367500&ms=au&mv=m&pl=16&mm=31&mn=sn-4g57kn7s&ratebypass=yes&mime=video/mp4&gir=yes&clen=15082120&lmt=1497072969818152&dur=246.066&signature=61812BA6D65785FA9CD40EA7400134EE6CB70643.51E355D58DB1E8E762AB9FD38C5797869FA0BF9D&key=dg_yt0&mt=1502204607&ip=131.159.40.117&ipbits=0&expire=1502226294&sparams=ip,ipbits,expire,id,itag,source,requiressl,ei,initcwndbps,ms,mv,pl,mm,mn,ratebypass,mime,gir,clen,lmt,dur", "manifest_url": "https://manifest.googlevideo.com/api/manifest/dash/id/0b0b1b6b4c9bfdd7/ei/FtOJWcjZI4eLc9CVgbgN/requiressl/yes/sparams/as%2Cei%2Chfr%2Cid%2Cinitcwndbps%2Cip%2Cipbits%2Citag%2Cmm%2Cmn%2Cms%2Cmv%2Cpl%2Cplayback_host%2Crequiressl%2Csource%2Cexpire/expire/1502226294/initcwndbps/4367500/ms/au/itag/0/playback_host/r1---sn-4g57kn7s.googlevideo.com/mv/m/source/youtube/pl/16/signature/C824C22DF8029FF73B7C4283EF08C5EADFBD8A29.2F4583355DCD40AB2CEEDAF485EAB56CCAA8CD9A/mm/31/ipbits/0/key/yt6/hfr/1/mn/sn-4g57kn7s/mt/1502204607/as/fmp4_audio_clear%2Cfmp4_sd_hd_clear/ip/131.159.40.117", "width": 854, "tbr": 665.354, "asr": null, "fps": 30, "language": null, "filesize": 15082120, "acodec": "none", "format": "135 - 854x480 (DASH video)", "protocol": "https", "http_headers": {"User-Agent": "Mozilla/5.0 (X11; Linux x86_64; rv:10.0) Gecko/20150101 Firefox/47.0 (Chrome)", "Accept-Charset": "ISO-8859-1,utf-8;q=0.7,*;q=0.7", "Accept": "text/html,application/xhtml+xml,application/xml;q=0.9,*/*;q=0.8", "Accept-Encoding": "gzip, deflate", "Accept-Language": "en-us,en;q=0.5"}}, {"format_id": "244", "url": "https://r6---sn-4g5edne7.googlevideo.com/videoplayback?ei=FtOJWeHJA4qgc57XkegF&key=yt6&keepalive=yes&initcwndbps=4367500&expire=1502226294&ms=au&requiressl=yes&mt=1502204607&pl=16&itag=244&id=o-AKscd8y5Sa44CfIZq67B0DDYeXE4g_okxPTrAZn7S6mj&dur=246.033&mime=video%2Fwebm&sparams=clen%2Cdur%2Cei%2Cgir%2Cid%2Cinitcwndbps%2Cip%2Cipbits%2Citag%2Ckeepalive%2Clmt%2Cmime%2Cmm%2Cmn%2Cms%2Cmv%2Cpl%2Crequiressl%2Csource%2Cexpire&mm=31&ip=131.159.40.117&mn=sn-4g5edne7&lmt=1423733175878334&ipbits=0&gir=yes&mv=m&clen=16694401&source=youtube&signature=BDB18A720D4796900183CABDDA3AD1C0C64F30BB.62057D6ED860135BA7C576BB7C93103862213AC7&ratebypass=yes", "player_url": null, "ext": "webm", "height": 480, "format_note": "480p", "vcodec": "vp9", "filesize": 16694401, "tbr": 770.206, "width": 854, "fps": 30, "acodec": "none", "format": "244 - 854x480 (480p)", "protocol": "https", "http_headers": {"User-Agent": "Mozilla/5.0 (X11; Linux x86_64; rv:10.0) Gecko/20150101 Firefox/47.0 (Chrome)", "Accept-Charset": "ISO-8859-1,utf-8;q=0.7,*;q=0.7", "Accept": "text/html,application/xhtml+xml,application/xml;q=0.9,*/*;q=0.8", "Accept-Encoding": "gzip, deflate", "Accept-Language": "en-us,en;q=0.5"}}, {"ext": "mp4", "height": 720, "format_note": "DASH video", "vcodec": "avc1.4d401f", "format_id": "136", "url": "https://r1---sn-4g57kn7s.googlevideo.com/videoplayback?id=0b0b1b6b4c9bfdd7&itag=136&source=youtube&requiressl=yes&ei=FtOJWcjZI4eLc9CVgbgN&initcwndbps=4367500&ms=au&mv=m&pl=16&mm=31&mn=sn-4g57kn7s&ratebypass=yes&mime=video/mp4&gir=yes&clen=28115256&lmt=1497072969833798&dur=246.066&signature=3086C1D2772DCFF8440427490D34A6D128CE5289.1B1108BDD494E7D4A358C5BC6A2D296799C3C69B&key=dg_yt0&mt=1502204607&ip=131.159.40.117&ipbits=0&expire=1502226294&sparams=ip,ipbits,expire,id,itag,source,requiressl,ei,initcwndbps,ms,mv,pl,mm,mn,ratebypass,mime,gir,clen,lmt,dur", "manifest_url": "https://manifest.googlevideo.com/api/manifest/dash/id/0b0b1b6b4c9bfdd7/ei/FtOJWcjZI4eLc9CVgbgN/requiressl/yes/sparams/as%2Cei%2Chfr%2Cid%2Cinitcwndbps%2Cip%2Cipbits%2Citag%2Cmm%2Cmn%2Cms%2Cmv%2Cpl%2Cplayback_host%2Crequiressl%2Csource%2Cexpire/expire/1502226294/initcwndbps/4367500/ms/au/itag/0/playback_host/r1---sn-4g57kn7s.googlevideo.com/mv/m/source/youtube/pl/16/signature/C824C22DF8029FF73B7C4283EF08C5EADFBD8A29.2F4583355DCD40AB2CEEDAF485EAB56CCAA8CD9A/mm/31/ipbits/0/key/yt6/hfr/1/mn/sn-4g57kn7s/mt/1502204607/as/fmp4_audio_clear%2Cfmp4_sd_hd_clear/ip/131.159.40.117", "width": 1280, "tbr": 1203.807, "asr": null, "fps": 30, "language": null, "filesize": 28115256, "acodec": "none", "format": "136 - 1280x720 (DASH video)", "protocol": "https", "http_headers": {"User-Agent": "Mozilla/5.0 (X11; Linux x86_64; rv:10.0) Gecko/20150101 Firefox/47.0 (Chrome)", "Accept-Charset": "ISO-8859-1,utf-8;q=0.7,*;q=0.7", "Accept": "text/html,application/xhtml+xml,application/xml;q=0.9,*/*;q=0.8", "Accept-Encoding": "gzip, deflate", "Accept-Language": "en-us,en;q=0.5"}}, {"format_id": "247", "url": "https://r6---sn-4g5edne7.googlevideo.com/videoplayback?ei=FtOJWeHJA4qgc57XkegF&key=yt6&keepalive=yes&initcwndbps=4367500&expire=1502226294&ms=au&requiressl=yes&mt=1502204607&pl=16&itag=247&id=o-AKscd8y5Sa44CfIZq67B0DDYeXE4g_okxPTrAZn7S6mj&dur=246.033&mime=video%2Fwebm&sparams=clen%2Cdur%2Cei%2Cgir%2Cid%2Cinitcwndbps%2Cip%2Cipbits%2Citag%2Ckeepalive%2Clmt%2Cmime%2Cmm%2Cmn%2Cms%2Cmv%2Cpl%2Crequiressl%2Csource%2Cexpire&mm=31&ip=131.159.40.117&mn=sn-4g5edne7&lmt=1423733200782074&ipbits=0&gir=yes&mv=m&clen=35046970&source=youtube&signature=CC0C65B51FB7179CF92AABBDD5A4F1144134848A.D6A183C41DE38DB105D940B0ADA2B78A7E3DFC9A&ratebypass=yes", "player_url": null, "ext": "webm", "height": 720, "format_note": "720p", "vcodec": "vp9", "filesize": 35046970, "tbr": 1516.865, "width": 1280, "fps": 30, "acodec": "none", "format": "247 - 1280x720 (720p)", "protocol": "https", "http_headers": {"User-Agent": "Mozilla/5.0 (X11; Linux x86_64; rv:10.0) Gecko/20150101 Firefox/47.0 (Chrome)", "Accept-Charset": "ISO-8859-1,utf-8;q=0.7,*;q=0.7", "Accept": "text/html,application/xhtml+xml,application/xml;q=0.9,*/*;q=0.8", "Accept-Encoding": "gzip, deflate", "Accept-Language": "en-us,en;q=0.5"}}, {"format_id": "17", "url": "https://r6---sn-4g5edne7.googlevideo.com/videoplayback?ei=FtOJWeHJA4qgc57XkegF&key=yt6&initcwndbps=4367500&expire=1502226294&ms=au&requiressl=yes&mt=1502204607&pl=16&itag=17&id=o-AKscd8y5Sa44CfIZq67B0DDYeXE4g_okxPTrAZn7S6mj&dur=246.224&mime=video%2F3gpp&sparams=clen%2Cdur%2Cei%2Cgir%2Cid%2Cinitcwndbps%2Cip%2Cipbits%2Citag%2Clmt%2Cmime%2Cmm%2Cmn%2Cms%2Cmv%2Cpl%2Crequiressl%2Csource%2Cexpire&mm=31&ip=131.159.40.117&mn=sn-4g5edne7&lmt=1422151467457021&ipbits=0&gir=yes&mv=m&clen=2524943&source=youtube&signature=D5E7B2EA8B74405106145C2E77B433C311770F1E.CD5A41684BC2B7F059DE001AB56CEFFE683E8152&ratebypass=yes", "player_url": null, "ext": "3gp", "width": 176, "height": 144, "acodec": "mp4a.40.2", "abr": 24, "vcodec": "mp4v.20.3", "resolution": "176x144", "format_note": "small", "format": "17 - 176x144 (small)", "protocol": "https", "http_headers": {"User-Agent": "Mozilla/5.0 (X11; Linux x86_64; rv:10.0) Gecko/20150101 Firefox/47.0 (Chrome)", "Accept-Charset": "ISO-8859-1,utf-8;q=0.7,*;q=0.7", "Accept": "text/html,application/xhtml+xml,application/xml;q=0.9,*/*;q=0.8", "Accept-Encoding": "gzip, deflate", "Accept-Language": "en-us,en;q=0.5"}}, {"format_id": "36", "url": "https://r6---sn-4g5edne7.googlevideo.com/videoplayback?ei=FtOJWeHJA4qgc57XkegF&key=yt6&initcwndbps=4367500&expire=1502226294&ms=au&requiressl=yes&mt=1502204607&pl=16&itag=36&id=o-AKscd8y5Sa44CfIZq67B0DDYeXE4g_okxPTrAZn7S6mj&dur=246.270&mime=video%2F3gpp&sparams=clen%2Cdur%2Cei%2Cgir%2Cid%2Cinitcwndbps%2Cip%2Cipbits%2Citag%2Clmt%2Cmime%2Cmm%2Cmn%2Cms%2Cmv%2Cpl%2Crequiressl%2Csource%2Cexpire&mm=31&ip=131.159.40.117&mn=sn-4g5edne7&lmt=1422151491178032&ipbits=0&gir=yes&mv=m&clen=7060768&source=youtube&signature=3E46CA5B6B2E2A3AB355B07BD6832B3F4F4DCB23.DA3F84D7D9F6D93095F38BA40ABC981FD6D8AB50&ratebypass=yes", "player_url": null, "ext": "3gp", "width": 320, "acodec": "mp4a.40.2", "vcodec": "mp4v.20.3", "resolution": "320x180", "height": 180, "format_note": "small", "format": "36 - 320x180 (small)", "protocol": "https", "http_headers": {"User-Agent": "Mozilla/5.0 (X11; Linux x86_64; rv:10.0) Gecko/20150101 Firefox/47.0 (Chrome)", "Accept-Charset": "ISO-8859-1,utf-8;q=0.7,*;q=0.7", "Accept": "text/html,application/xhtml+xml,application/xml;q=0.9,*/*;q=0.8", "Accept-Encoding": "gzip, deflate", "Accept-Language": "en-us,en;q=0.5"}}, {"format_id": "43", "url": "https://r6---sn-4g5edne7.googlevideo.com/videoplayback?ei=FtOJWeHJA4qgc57XkegF&key=yt6&initcwndbps=4367500&expire=1502226294&ms=au&requiressl=yes&mt=1502204607&pl=16&itag=43&id=o-AKscd8y5Sa44CfIZq67B0DDYeXE4g_okxPTrAZn7S6mj&dur=0.000&mime=video%2Fwebm&sparams=clen%2Cdur%2Cei%2Cgir%2Cid%2Cinitcwndbps%2Cip%2Cipbits%2Citag%2Clmt%2Cmime%2Cmm%2Cmn%2Cms%2Cmv%2Cpl%2Cratebypass%2Crequiressl%2Csource%2Cexpire&mm=31&ip=131.159.40.117&mn=sn-4g5edne7&lmt=1422152573744892&ipbits=0&gir=yes&ratebypass=yes&mv=m&clen=23917892&source=youtube&signature=218F923AF57466D8A449EBCF937E52655C633C33.6D123D24A8C610416B4837E8DEF0B88B5D21A9FC", "player_url": null, "ext": "webm", "width": 640, "height": 360, "acodec": "vorbis", "abr": 128, "vcodec": "vp8.0", "resolution": "640x360", "format_note": "medium", "format": "43 - 640x360 (medium)", "protocol": "https", "http_headers": {"User-Agent": "Mozilla/5.0 (X11; Linux x86_64; rv:10.0) Gecko/20150101 Firefox/47.0 (Chrome)", "Accept-Charset": "ISO-8859-1,utf-8;q=0.7,*;q=0.7", "Accept": "text/html,application/xhtml+xml,application/xml;q=0.9,*/*;q=0.8", "Accept-Encoding": "gzip, deflate", "Accept-Language": "en-us,en;q=0.5"}}, {"format_id": "18", "url": "https://r6---sn-4g5edne7.googlevideo.com/videoplayback?ei=FtOJWeHJA4qgc57XkegF&key=yt6&initcwndbps=4367500&expire=1502226294&ms=au&requiressl=yes&mt=1502204607&pl=16&itag=18&id=o-AKscd8y5Sa44CfIZq67B0DDYeXE4g_okxPTrAZn7S6mj&dur=246.154&mime=video%2Fmp4&sparams=clen%2Cdur%2Cei%2Cgir%2Cid%2Cinitcwndbps%2Cip%2Cipbits%2Citag%2Clmt%2Cmime%2Cmm%2Cmn%2Cms%2Cmv%2Cpl%2Cratebypass%2Crequiressl%2Csource%2Cexpire&mm=31&ip=131.159.40.117&mn=sn-4g5edne7&lmt=1497072879824329&ipbits=0&gir=yes&ratebypass=yes&mv=m&clen=17108175&source=youtube&signature=8D5B1BD8B68D8D4BC42C02DCE493E8CDD39CDB72.78B8F10251A63B72C47E46AED8A79CD94A7CB658", "player_url": null, "ext": "mp4", "width": 640, "height": 360, "acodec": "mp4a.40.2", "abr": 96, "vcodec": "avc1.42001E", "resolution": "640x360", "format_note": "medium", "format": "18 - 640x360 (medium)", "protocol": "https", "http_headers": {"User-Agent": "Mozilla/5.0 (X11; Linux x86_64; rv:10.0) Gecko/20150101 Firefox/47.0 (Chrome)", "Accept-Charset": "ISO-8859-1,utf-8;q=0.7,*;q=0.7", "Accept": "text/html,application/xhtml+xml,application/xml;q=0.9,*/*;q=0.8", "Accept-Encoding": "gzip, deflate", "Accept-Language": "en-us,en;q=0.5"}}, {"format_id": "22", "url": "https://r6---sn-4g5edne7.googlevideo.com/videoplayback?ei=FtOJWeHJA4qgc57XkegF&lmt=1497073726679527&key=yt6&initcwndbps=4367500&ipbits=0&expire=1502226294&ms=au&requiressl=yes&ratebypass=yes&mt=1502204607&pl=16&itag=22&id=o-AKscd8y5Sa44CfIZq67B0DDYeXE4g_okxPTrAZn7S6mj&dur=246.154&mv=m&mime=video%2Fmp4&source=youtube&sparams=dur%2Cei%2Cid%2Cinitcwndbps%2Cip%2Cipbits%2Citag%2Clmt%2Cmime%2Cmm%2Cmn%2Cms%2Cmv%2Cpl%2Cratebypass%2Crequiressl%2Csource%2Cexpire&mn=sn-4g5edne7&mm=31&ip=131.159.40.117&signature=2DE16C646193E256C00B811FB293CF629BEC81B7.53FF06010CC622FD5D037CDA6E9588C5904DA4EE", "player_url": null, "ext": "mp4", "width": 1280, "height": 720, "acodec": "mp4a.40.2", "abr": 192, "vcodec": "avc1.64001F", "resolution": "1280x720", "format_note": "hd720", "format": "22 - 1280x720 (hd720)", "protocol": "https", "http_headers": {"User-Agent": "Mozilla/5.0 (X11; Linux x86_64; rv:10.0) Gecko/20150101 Firefox/47.0 (Chrome)", "Accept-Charset": "ISO-8859-1,utf-8;q=0.7,*;q=0.7", "Accept": "text/html,application/xhtml+xml,application/xml;q=0.9,*/*;q=0.8", "Accept-Encoding": "gzip, deflate", "Accept-Language": "en-us,en;q=0.5"}}], "is_live": null, "start_time": null, "end_time": null, "series": null, "season_number": null, "episode_number": null, "extractor": "youtube", "webpage_url_basename": "Cwsba0yb_dc", "extractor_key": "Youtube", "playlist": null, "playlist_index": null, "thumbnails": [{"url": "https://i.ytimg.com/vi/Cwsba0yb_dc/maxresdefault.jpg", "id": "0"}], "display_id": "Cwsba0yb_dc", "ext": "mp4", "height": 720, "format_note": "DASH video", "vcodec": "avc1.4d401f", "format_id": "136", "url": "https://r1---sn-4g57kn7s.googlevideo.com/videoplayback?id=0b0b1b6b4c9bfdd7&itag=136&source=youtube&requiressl=yes&ei=FtOJWcjZI4eLc9CVgbgN&initcwndbps=4367500&ms=au&mv=m&pl=16&mm=31&mn=sn-4g57kn7s&ratebypass=yes&mime=video/mp4&gir=yes&clen=28115256&lmt=1497072969833798&dur=246.066&signature=3086C1D2772DCFF8440427490D34A6D128CE5289.1B1108BDD494E7D4A358C5BC6A2D296799C3C69B&key=dg_yt0&mt=1502204607&ip=131.159.40.117&ipbits=0&expire=1502226294&sparams=ip,ipbits,expire,id,itag,source,requiressl,ei,initcwndbps,ms,mv,pl,mm,mn,ratebypass,mime,gir,clen,lmt,dur", "manifest_url": "https://manifest.googlevideo.com/api/manifest/dash/id/0b0b1b6b4c9bfdd7/ei/FtOJWcjZI4eLc9CVgbgN/requiressl/yes/sparams/as%2Cei%2Chfr%2Cid%2Cinitcwndbps%2Cip%2Cipbits%2Citag%2Cmm%2Cmn%2Cms%2Cmv%2Cpl%2Cplayback_host%2Crequiressl%2Csource%2Cexpire/expire/1502226294/initcwndbps/4367500/ms/au/itag/0/playback_host/r1---sn-4g57kn7s.googlevideo.com/mv/m/source/youtube/pl/16/signature/C824C22DF8029FF73B7C4283EF08C5EADFBD8A29.2F4583355DCD40AB2CEEDAF485EAB56CCAA8CD9A/mm/31/ipbits/0/key/yt6/hfr/1/mn/sn-4g57kn7s/mt/1502204607/as/fmp4_audio_clear%2Cfmp4_sd_hd_clear/ip/131.159.40.117", "width": 1280, "tbr": 1203.807, "asr": null, "fps": 30, "language": null, "filesize": 28115256, "acodec": "none", "format": "136 - 1280x720 (DASH video)", "protocol": "https", "http_headers": {"User-Agent": "Mozilla/5.0 (X11; Linux x86_64; rv:10.0) Gecko/20150101 Firefox/47.0 (Chrome)", "Accept-Charset": "ISO-8859-1,utf-8;q=0.7,*;q=0.7", "Accept": "text/html,application/xhtml+xml,application/xml;q=0.9,*/*;q=0.8", "Accept-Encoding": "gzip, deflate", "Accept-Language": "en-us,en;q=0.5"}, "fulltitle": "C\u00f3mo Aclarar la Piel con Lim\u00f3n - Formula Natural", "_filename": "Cwsba0yb_dc.mp4"}