{"id": "RWM1ZTfBuG8", "uploader": "GMA News", "uploader_id": "gmanews", "uploader_url": "http://www.youtube.com/user/gmanews", "upload_date": "20130717", "license": "Standard YouTube License", "creator": null, "title": "24oras: Kotseng nakaparada, nagiging mala-pugon sa init ang loob", "alt_title": null, "thumbnail": "https://i.ytimg.com/vi/RWM1ZTfBuG8/hqdefault.jpg", "description": "24 Oras is GMA Network's flagship newscast, anchored by Mike Enriquez and Mel Tiangco. It airs on GMA-7 Mondays to Fridays at 6:30 PM (PHL Time) and on weekends at 5:30 PM. For more videos from 24 Oras, visit http://www.gmanetwork.com/24oras.\n\nGMA News Online: http://www.gmanews.tv\nFacebook: http://www.facebook.com/gmanews\nTwitter: http://www.twitter.com/gmanews", "categories": ["News & Politics"], "tags": ["GMA", "GMA 7", "GMA7", "GMA News", "Network", "gmanews", "philippines", "philippine", "pinoy", "news", "filipino", "abs cbn", "abscbn", "rappler", "tv5", "public affairs", "24 Oras", "GMA TV", "GMA News TV", "GMA Network", "Philippines", "News", "Philippine News", "Mike Enriquez", "Mel Tiangco", "Pinoy", "GMA News and Public Affairs", "Typhoon", "Yolanda"], "subtitles": {}, "automatic_captions": {}, "duration": 370, "age_limit": 0, "annotations": null, "chapters": null, "webpage_url": "https://www.youtube.com/watch?v=RWM1ZTfBuG8", "view_count": 4335, "like_count": 8, "dislike_count": 0, "average_rating": 5.0, "formats": [{"ext": "m4a", "format_note": "DASH audio", "acodec": "mp4a.40.5", "abr": 48, "container": "m4a_dash", "format_id": "139", "url": "https://r2---sn-4g5e6ne6.googlevideo.com/videoplayback?id=4563356537c1b86f&itag=139&source=youtube&requiressl=yes&initcwndbps=3007500&mv=m&mn=sn-4g5e6ne6&mm=31&pl=16&ms=au&ei=-HWLWeKzCYniWLmjr9gK&ratebypass=yes&mime=audio/mp4&gir=yes&clen=2198859&lmt=1374065717214408&dur=369.661&key=dg_yt0&mt=1502311790&signature=88B2F55FE4FA8AD8F22D87A40B60F9C3A17588BA.947EB0156B46A3073839926CC47569A9F0D27ACF&ip=131.159.40.117&ipbits=0&expire=1502333528&sparams=ip,ipbits,expire,id,itag,source,requiressl,initcwndbps,mv,mn,mm,pl,ms,ei,ratebypass,mime,gir,clen,lmt,dur", "manifest_url": "https://manifest.googlevideo.com/api/manifest/dash/as/fmp4_audio_clear%2Cfmp4_sd_hd_clear/hfr/1/initcwndbps/3007500/ipbits/0/mv/m/mn/sn-4g5e6ne6/mm/31/source/youtube/sparams/as%2Cei%2Chfr%2Cid%2Cinitcwndbps%2Cip%2Cipbits%2Citag%2Cmm%2Cmn%2Cms%2Cmv%2Cpl%2Cplayback_host%2Crequiressl%2Csource%2Cexpire/key/yt6/pl/16/itag/0/mt/1502311790/ms/au/requiressl/yes/ei/-HWLWeKzCYniWLmjr9gK/expire/1502333528/ip/131.159.40.117/playback_host/r2---sn-4g5e6ne6.googlevideo.com/signature/420FF3D83325F1C788947B93631702B160E118D4.7DBF94E165E799E3823C7F9AE6D05B0CD51E65B1/id/4563356537c1b86f", "width": null, "height": null, "tbr": 48.799, "asr": 22050, "fps": null, "language": null, "filesize": 2198859, "vcodec": "none", "format": "139 - audio only (DASH audio)", "protocol": "https", "http_headers": {"User-Agent": "Mozilla/5.0 (X11; Linux x86_64; rv:10.0) Gecko/20150101 Firefox/47.0 (Chrome)", "Accept-Charset": "ISO-8859-1,utf-8;q=0.7,*;q=0.7", "Accept": "text/html,application/xhtml+xml,application/xml;q=0.9,*/*;q=0.8", "Accept-Encoding": "gzip, deflate", "Accept-Language": "en-us,en;q=0.5"}}, {"format_id": "249", "url": "https://r2---sn-4g5e6ne6.googlevideo.com/videoplayback?source=youtube&keepalive=yes&mt=1502311790&mv=m&ms=au&mm=31&mn=sn-4g5e6ne6&key=yt6&mime=audio%2Fwebm&clen=2266180&requiressl=yes&itag=249&signature=4BBEF10C26C201CB641A8E73A905C3481054A187.5FE5ECAC96CC3AA3D514A1179CE21E7123313D44&ipbits=0&pl=16&dur=369.441&expire=1502333527&gir=yes&lmt=1426440670029038&initcwndbps=3007500&id=o-ADRkcBggf5QrbTSajZfdtN7ngMcJOMStNQX1rXt8fazO&ei=93WLWaiLJcedWue6pxA&sparams=clen%2Cdur%2Cei%2Cgir%2Cid%2Cinitcwndbps%2Cip%2Cipbits%2Citag%2Ckeepalive%2Clmt%2Cmime%2Cmm%2Cmn%2Cms%2Cmv%2Cpl%2Crequiressl%2Csource%2Cexpire&ip=131.159.40.117&ratebypass=yes", "player_url": null, "ext": "webm", "format_note": "DASH audio", "acodec": "opus", "abr": 50, "filesize": 2266180, "tbr": 52.121, "vcodec": "none", "format": "249 - audio only (DASH audio)", "protocol": "https", "http_headers": {"User-Agent": "Mozilla/5.0 (X11; Linux x86_64; rv:10.0) Gecko/20150101 Firefox/47.0 (Chrome)", "Accept-Charset": "ISO-8859-1,utf-8;q=0.7,*;q=0.7", "Accept": "text/html,application/xhtml+xml,application/xml;q=0.9,*/*;q=0.8", "Accept-Encoding": "gzip, deflate", "Accept-Language": "en-us,en;q=0.5"}}, {"format_id": "250", "url": "https://r2---sn-4g5e6ne6.googlevideo.com/videoplayback?source=youtube&keepalive=yes&mt=1502311790&mv=m&ms=au&mm=31&mn=sn-4g5e6ne6&key=yt6&mime=audio%2Fwebm&clen=2874456&requiressl=yes&itag=250&signature=3723BA38AEA7CF74E8E1EDA3BEF07A04D46B09EC.4526EA7DBF3ACF8E4B892ADC127BCB632A247B&ipbits=0&pl=16&dur=369.441&expire=1502333527&gir=yes&lmt=1426440673513554&initcwndbps=3007500&id=o-ADRkcBggf5QrbTSajZfdtN7ngMcJOMStNQX1rXt8fazO&ei=93WLWaiLJcedWue6pxA&sparams=clen%2Cdur%2Cei%2Cgir%2Cid%2Cinitcwndbps%2Cip%2Cipbits%2Citag%2Ckeepalive%2Clmt%2Cmime%2Cmm%2Cmn%2Cms%2Cmv%2Cpl%2Crequiressl%2Csource%2Cexpire&ip=131.159.40.117&ratebypass=yes", "player_url": null, "ext": "webm", "format_note": "DASH audio", "acodec": "opus", "abr": 70, "filesize": 2874456, "tbr": 68.528, "vcodec": "none", "format": "250 - audio only (DASH audio)", "protocol": "https", "http_headers": {"User-Agent": "Mozilla/5.0 (X11; Linux x86_64; rv:10.0) Gecko/20150101 Firefox/47.0 (Chrome)", "Accept-Charset": "ISO-8859-1,utf-8;q=0.7,*;q=0.7", "Accept": "text/html,application/xhtml+xml,application/xml;q=0.9,*/*;q=0.8", "Accept-Encoding": "gzip, deflate", "Accept-Language": "en-us,en;q=0.5"}}, {"format_id": "171", "url": "https://r2---sn-4g5e6ne6.googlevideo.com/videoplayback?source=youtube&keepalive=yes&mt=1502311790&mv=m&ms=au&mm=31&mn=sn-4g5e6ne6&key=yt6&mime=audio%2Fwebm&clen=5111126&requiressl=yes&itag=171&signature=B953D851368A0CF084A4D350A60527B9D8715143.B07B17B1DDAA6F783E7820CC52E91178AD6E7B4F&ipbits=0&pl=16&dur=369.422&expire=1502333527&gir=yes&lmt=1426440706701511&initcwndbps=3007500&id=o-ADRkcBggf5QrbTSajZfdtN7ngMcJOMStNQX1rXt8fazO&ei=93WLWaiLJcedWue6pxA&sparams=clen%2Cdur%2Cei%2Cgir%2Cid%2Cinitcwndbps%2Cip%2Cipbits%2Citag%2Ckeepalive%2Clmt%2Cmime%2Cmm%2Cmn%2Cms%2Cmv%2Cpl%2Crequiressl%2Csource%2Cexpire&ip=131.159.40.117&ratebypass=yes", "player_url": null, "ext": "webm", "acodec": "vorbis", "format_note": "DASH audio", "abr": 128, "filesize": 5111126, "tbr": 122.051, "vcodec": "none", "format": "171 - audio only (DASH audio)", "protocol": "https", "http_headers": {"User-Agent": "Mozilla/5.0 (X11; Linux x86_64; rv:10.0) Gecko/20150101 Firefox/47.0 (Chrome)", "Accept-Charset": "ISO-8859-1,utf-8;q=0.7,*;q=0.7", "Accept": "text/html,application/xhtml+xml,application/xml;q=0.9,*/*;q=0.8", "Accept-Encoding": "gzip, deflate", "Accept-Language": "en-us,en;q=0.5"}}, {"ext": "m4a", "format_note": "DASH audio", "acodec": "mp4a.40.2", "abr": 128, "container": "m4a_dash", "format_id": "140", "url": "https://r2---sn-4g5e6ne6.googlevideo.com/videoplayback?id=4563356537c1b86f&itag=140&source=youtube&requiressl=yes&initcwndbps=3007500&mv=m&mn=sn-4g5e6ne6&mm=31&pl=16&ms=au&ei=-HWLWeKzCYniWLmjr9gK&ratebypass=yes&mime=audio/mp4&gir=yes&clen=5870489&lmt=1374065713086041&dur=369.592&key=dg_yt0&mt=1502311790&signature=07CB6175B7496865AF194FB21A2085C3BB1A752C.1F243B6CA540412498F05F282C7ED11653674F6C&ip=131.159.40.117&ipbits=0&expire=1502333528&sparams=ip,ipbits,expire,id,itag,source,requiressl,initcwndbps,mv,mn,mm,pl,ms,ei,ratebypass,mime,gir,clen,lmt,dur", "manifest_url": "https://manifest.googlevideo.com/api/manifest/dash/as/fmp4_audio_clear%2Cfmp4_sd_hd_clear/hfr/1/initcwndbps/3007500/ipbits/0/mv/m/mn/sn-4g5e6ne6/mm/31/source/youtube/sparams/as%2Cei%2Chfr%2Cid%2Cinitcwndbps%2Cip%2Cipbits%2Citag%2Cmm%2Cmn%2Cms%2Cmv%2Cpl%2Cplayback_host%2Crequiressl%2Csource%2Cexpire/key/yt6/pl/16/itag/0/mt/1502311790/ms/au/requiressl/yes/ei/-HWLWeKzCYniWLmjr9gK/expire/1502333528/ip/131.159.40.117/playback_host/r2---sn-4g5e6ne6.googlevideo.com/signature/420FF3D83325F1C788947B93631702B160E118D4.7DBF94E165E799E3823C7F9AE6D05B0CD51E65B1/id/4563356537c1b86f", "width": null, "height": null, "tbr": 128.19, "asr": 44100, "fps": null, "language": null, "filesize": 5870489, "vcodec": "none", "format": "140 - audio only (DASH audio)", "protocol": "https", "http_headers": {"User-Agent": "Mozilla/5.0 (X11; Linux x86_64; rv:10.0) Gecko/20150101 Firefox/47.0 (Chrome)", "Accept-Charset": "ISO-8859-1,utf-8;q=0.7,*;q=0.7", "Accept": "text/html,application/xhtml+xml,application/xml;q=0.9,*/*;q=0.8", "Accept-Encoding": "gzip, deflate", "Accept-Language": "en-us,en;q=0.5"}}, {"format_id": "251", "url": "https://r2---sn-4g5e6ne6.googlevideo.com/videoplayback?source=youtube&keepalive=yes&mt=1502311790&mv=m&ms=au&mm=31&mn=sn-4g5e6ne6&key=yt6&mime=audio%2Fwebm&clen=7154039&requiressl=yes&itag=251&signature=8ECFC514AE2264A186F9AC8B313582E19438DB55.6BBA7F76FCC0DA6A4BC8A4EBC628A171F097F096&ipbits=0&pl=16&dur=369.441&expire=1502333527&gir=yes&lmt=1426440678021217&initcwndbps=3007500&id=o-ADRkcBggf5QrbTSajZfdtN7ngMcJOMStNQX1rXt8fazO&ei=93WLWaiLJcedWue6pxA&sparams=clen%2Cdur%2Cei%2Cgir%2Cid%2Cinitcwndbps%2Cip%2Cipbits%2Citag%2Ckeepalive%2Clmt%2Cmime%2Cmm%2Cmn%2Cms%2Cmv%2Cpl%2Crequiressl%2Csource%2Cexpire&ip=131.159.40.117&ratebypass=yes", "player_url": null, "ext": "webm", "format_note": "DASH audio", "acodec": "opus", "abr": 160, "filesize": 7154039, "tbr": 170.376, "vcodec": "none", "format": "251 - audio only (DASH audio)", "protocol": "https", "http_headers": {"User-Agent": "Mozilla/5.0 (X11; Linux x86_64; rv:10.0) Gecko/20150101 Firefox/47.0 (Chrome)", "Accept-Charset": "ISO-8859-1,utf-8;q=0.7,*;q=0.7", "Accept": "text/html,application/xhtml+xml,application/xml;q=0.9,*/*;q=0.8", "Accept-Encoding": "gzip, deflate", "Accept-Language": "en-us,en;q=0.5"}}, {"format_id": "278", "url": "https://r2---sn-4g5e6ne6.googlevideo.com/videoplayback?source=youtube&keepalive=yes&mt=1502311790&mv=m&ms=au&mm=31&mn=sn-4g5e6ne6&key=yt6&mime=video%2Fwebm&clen=3348808&requiressl=yes&itag=278&signature=4ABAC928D999B983A20C8D3884EA921C20D53B16.47D29401776BE26365C2ECFD61EDF59AC4C411BC&ipbits=0&pl=16&dur=369.440&expire=1502333527&gir=yes&lmt=1426440914229746&initcwndbps=3007500&id=o-ADRkcBggf5QrbTSajZfdtN7ngMcJOMStNQX1rXt8fazO&ei=93WLWaiLJcedWue6pxA&sparams=clen%2Cdur%2Cei%2Cgir%2Cid%2Cinitcwndbps%2Cip%2Cipbits%2Citag%2Ckeepalive%2Clmt%2Cmime%2Cmm%2Cmn%2Cms%2Cmv%2Cpl%2Crequiressl%2Csource%2Cexpire&ip=131.159.40.117&ratebypass=yes", "player_url": null, "ext": "webm", "height": 144, "format_note": "144p", "container": "webm", "vcodec": "vp9", "filesize": 3348808, "tbr": 86.032, "width": 192, "fps": 13, "acodec": "none", "format": "278 - 192x144 (144p)", "protocol": "https", "http_headers": {"User-Agent": "Mozilla/5.0 (X11; Linux x86_64; rv:10.0) Gecko/20150101 Firefox/47.0 (Chrome)", "Accept-Charset": "ISO-8859-1,utf-8;q=0.7,*;q=0.7", "Accept": "text/html,application/xhtml+xml,application/xml;q=0.9,*/*;q=0.8", "Accept-Encoding": "gzip, deflate", "Accept-Language": "en-us,en;q=0.5"}}, {"ext": "mp4", "height": 144, "format_note": "DASH video", "vcodec": "avc1.42c00c", "format_id": "160", "url": "https://r2---sn-4g5e6ne6.googlevideo.com/videoplayback?id=4563356537c1b86f&itag=160&source=youtube&requiressl=yes&initcwndbps=3007500&mv=m&mn=sn-4g5e6ne6&mm=31&pl=16&ms=au&ei=-HWLWeKzCYniWLmjr9gK&ratebypass=yes&mime=video/mp4&gir=yes&clen=5111713&lmt=1374065715095998&dur=369.400&key=dg_yt0&mt=1502311790&signature=27A4491D2E20DCA0C377240E16D630EB15BF8933.677E314716E3B6C9C7DD556356FBB3ABB08AD939&ip=131.159.40.117&ipbits=0&expire=1502333528&sparams=ip,ipbits,expire,id,itag,source,requiressl,initcwndbps,mv,mn,mm,pl,ms,ei,ratebypass,mime,gir,clen,lmt,dur", "manifest_url": "https://manifest.googlevideo.com/api/manifest/dash/as/fmp4_audio_clear%2Cfmp4_sd_hd_clear/hfr/1/initcwndbps/3007500/ipbits/0/mv/m/mn/sn-4g5e6ne6/mm/31/source/youtube/sparams/as%2Cei%2Chfr%2Cid%2Cinitcwndbps%2Cip%2Cipbits%2Citag%2Cmm%2Cmn%2Cms%2Cmv%2Cpl%2Cplayback_host%2Crequiressl%2Csource%2Cexpire/key/yt6/pl/16/itag/0/mt/1502311790/ms/au/requiressl/yes/ei/-HWLWeKzCYniWLmjr9gK/expire/1502333528/ip/131.159.40.117/playback_host/r2---sn-4g5e6ne6.googlevideo.com/signature/420FF3D83325F1C788947B93631702B160E118D4.7DBF94E165E799E3823C7F9AE6D05B0CD51E65B1/id/4563356537c1b86f", "width": 192, "tbr": 117.93, "asr": null, "fps": 15, "language": null, "filesize": 5111713, "acodec": "none", "format": "160 - 192x144 (DASH video)", "protocol": "https", "http_headers": {"User-Agent": "Mozilla/5.0 (X11; Linux x86_64; rv:10.0) Gecko/20150101 Firefox/47.0 (Chrome)", "Accept-Charset": "ISO-8859-1,utf-8;q=0.7,*;q=0.7", "Accept": "text/html,application/xhtml+xml,application/xml;q=0.9,*/*;q=0.8", "Accept-Encoding": "gzip, deflate", "Accept-Language": "en-us,en;q=0.5"}}, {"ext": "mp4", "height": 240, "format_note": "DASH video", "vcodec": "avc1.4d400d", "format_id": "133", "url": "https://r2---sn-4g5e6ne6.googlevideo.com/videoplayback?id=4563356537c1b86f&itag=133&source=youtube&requiressl=yes&initcwndbps=3007500&mv=m&mn=sn-4g5e6ne6&mm=31&pl=16&ms=au&ei=-HWLWeKzCYniWLmjr9gK&ratebypass=yes&mime=video/mp4&gir=yes&clen=11282408&lmt=1374065713086996&dur=369.400&key=dg_yt0&mt=1502311790&signature=653C859948151C81DF4F9A0F2245AD66087F8EB1.43FAA68DE19E24E22D994F3718F02BBA71B68043&ip=131.159.40.117&ipbits=0&expire=1502333528&sparams=ip,ipbits,expire,id,itag,source,requiressl,initcwndbps,mv,mn,mm,pl,ms,ei,ratebypass,mime,gir,clen,lmt,dur", "manifest_url": "https://manifest.googlevideo.com/api/manifest/dash/as/fmp4_audio_clear%2Cfmp4_sd_hd_clear/hfr/1/initcwndbps/3007500/ipbits/0/mv/m/mn/sn-4g5e6ne6/mm/31/source/youtube/sparams/as%2Cei%2Chfr%2Cid%2Cinitcwndbps%2Cip%2Cipbits%2Citag%2Cmm%2Cmn%2Cms%2Cmv%2Cpl%2Cplayback_host%2Crequiressl%2Csource%2Cexpire/key/yt6/pl/16/itag/0/mt/1502311790/ms/au/requiressl/yes/ei/-HWLWeKzCYniWLmjr9gK/expire/1502333528/ip/131.159.40.117/playback_host/r2---sn-4g5e6ne6.googlevideo.com/signature/420FF3D83325F1C788947B93631702B160E118D4.7DBF94E165E799E3823C7F9AE6D05B0CD51E65B1/id/4563356537c1b86f", "width": 320, "tbr": 247.371, "asr": null, "fps": 25, "language": null, "filesize": 11282408, "acodec": "none", "format": "133 - 320x240 (DASH video)", "protocol": "https", "http_headers": {"User-Agent": "Mozilla/5.0 (X11; Linux x86_64; rv:10.0) Gecko/20150101 Firefox/47.0 (Chrome)", "Accept-Charset": "ISO-8859-1,utf-8;q=0.7,*;q=0.7", "Accept": "text/html,application/xhtml+xml,application/xml;q=0.9,*/*;q=0.8", "Accept-Encoding": "gzip, deflate", "Accept-Language": "en-us,en;q=0.5"}}, {"format_id": "242", "url": "https://r2---sn-4g5e6ne6.googlevideo.com/videoplayback?source=youtube&keepalive=yes&mt=1502311790&mv=m&ms=au&mm=31&mn=sn-4g5e6ne6&key=yt6&mime=video%2Fwebm&clen=8339417&requiressl=yes&itag=242&signature=C38299AE5B272E459FDA23FA432152D1FD2F9629.1C974DED03C43642C8ABE11BCB345914DF8DA89C&ipbits=0&pl=16&dur=369.400&expire=1502333527&gir=yes&lmt=1426440857190899&initcwndbps=3007500&id=o-ADRkcBggf5QrbTSajZfdtN7ngMcJOMStNQX1rXt8fazO&ei=93WLWaiLJcedWue6pxA&sparams=clen%2Cdur%2Cei%2Cgir%2Cid%2Cinitcwndbps%2Cip%2Cipbits%2Citag%2Ckeepalive%2Clmt%2Cmime%2Cmm%2Cmn%2Cms%2Cmv%2Cpl%2Crequiressl%2Csource%2Cexpire&ip=131.159.40.117&ratebypass=yes", "player_url": null, "ext": "webm", "height": 240, "format_note": "240p", "vcodec": "vp9", "filesize": 8339417, "tbr": 255.551, "width": 320, "fps": 25, "acodec": "none", "format": "242 - 320x240 (240p)", "protocol": "https", "http_headers": {"User-Agent": "Mozilla/5.0 (X11; Linux x86_64; rv:10.0) Gecko/20150101 Firefox/47.0 (Chrome)", "Accept-Charset": "ISO-8859-1,utf-8;q=0.7,*;q=0.7", "Accept": "text/html,application/xhtml+xml,application/xml;q=0.9,*/*;q=0.8", "Accept-Encoding": "gzip, deflate", "Accept-Language": "en-us,en;q=0.5"}}, {"format_id": "243", "url": "https://r2---sn-4g5e6ne6.googlevideo.com/videoplayback?source=youtube&keepalive=yes&mt=1502311790&mv=m&ms=au&mm=31&mn=sn-4g5e6ne6&key=yt6&mime=video%2Fwebm&clen=14683891&requiressl=yes&itag=243&signature=BEDFAB1EFD2D9900228817DB0DCA05A5ACECC1CA.874C1F902279423178C98B65E5AE628373776261&ipbits=0&pl=16&dur=369.400&expire=1502333527&gir=yes&lmt=1426441250723956&initcwndbps=3007500&id=o-ADRkcBggf5QrbTSajZfdtN7ngMcJOMStNQX1rXt8fazO&ei=93WLWaiLJcedWue6pxA&sparams=clen%2Cdur%2Cei%2Cgir%2Cid%2Cinitcwndbps%2Cip%2Cipbits%2Citag%2Ckeepalive%2Clmt%2Cmime%2Cmm%2Cmn%2Cms%2Cmv%2Cpl%2Crequiressl%2Csource%2Cexpire&ip=131.159.40.117&ratebypass=yes", "player_url": null, "ext": "webm", "height": 360, "format_note": "360p", "vcodec": "vp9", "filesize": 14683891, "tbr": 460.558, "width": 480, "fps": 25, "acodec": "none", "format": "243 - 480x360 (360p)", "protocol": "https", "http_headers": {"User-Agent": "Mozilla/5.0 (X11; Linux x86_64; rv:10.0) Gecko/20150101 Firefox/47.0 (Chrome)", "Accept-Charset": "ISO-8859-1,utf-8;q=0.7,*;q=0.7", "Accept": "text/html,application/xhtml+xml,application/xml;q=0.9,*/*;q=0.8", "Accept-Encoding": "gzip, deflate", "Accept-Language": "en-us,en;q=0.5"}}, {"ext": "mp4", "height": 360, "format_note": "DASH video", "vcodec": "avc1.4d4015", "format_id": "134", "url": "https://r2---sn-4g5e6ne6.googlevideo.com/videoplayback?id=4563356537c1b86f&itag=134&source=youtube&requiressl=yes&initcwndbps=3007500&mv=m&mn=sn-4g5e6ne6&mm=31&pl=16&ms=au&ei=-HWLWeKzCYniWLmjr9gK&ratebypass=yes&mime=video/mp4&gir=yes&clen=18060678&lmt=1374065717214131&dur=369.400&key=dg_yt0&mt=1502311790&signature=8CE3BFDD23B7E0CA1FD62397FD2014E70B3616A5.67275B41F57668880B8842DF59A17B677DD76157&ip=131.159.40.117&ipbits=0&expire=1502333528&sparams=ip,ipbits,expire,id,itag,source,requiressl,initcwndbps,mv,mn,mm,pl,ms,ei,ratebypass,mime,gir,clen,lmt,dur", "manifest_url": "https://manifest.googlevideo.com/api/manifest/dash/as/fmp4_audio_clear%2Cfmp4_sd_hd_clear/hfr/1/initcwndbps/3007500/ipbits/0/mv/m/mn/sn-4g5e6ne6/mm/31/source/youtube/sparams/as%2Cei%2Chfr%2Cid%2Cinitcwndbps%2Cip%2Cipbits%2Citag%2Cmm%2Cmn%2Cms%2Cmv%2Cpl%2Cplayback_host%2Crequiressl%2Csource%2Cexpire/key/yt6/pl/16/itag/0/mt/1502311790/ms/au/requiressl/yes/ei/-HWLWeKzCYniWLmjr9gK/expire/1502333528/ip/131.159.40.117/playback_host/r2---sn-4g5e6ne6.googlevideo.com/signature/420FF3D83325F1C788947B93631702B160E118D4.7DBF94E165E799E3823C7F9AE6D05B0CD51E65B1/id/4563356537c1b86f", "width": 480, "tbr": 482.137, "asr": null, "fps": 25, "language": null, "filesize": 18060678, "acodec": "none", "format": "134 - 480x360 (DASH video)", "protocol": "https", "http_headers": {"User-Agent": "Mozilla/5.0 (X11; Linux x86_64; rv:10.0) Gecko/20150101 Firefox/47.0 (Chrome)", "Accept-Charset": "ISO-8859-1,utf-8;q=0.7,*;q=0.7", "Accept": "text/html,application/xhtml+xml,application/xml;q=0.9,*/*;q=0.8", "Accept-Encoding": "gzip, deflate", "Accept-Language": "en-us,en;q=0.5"}}, {"format_id": "244", "url": "https://r2---sn-4g5e6ne6.googlevideo.com/videoplayback?source=youtube&keepalive=yes&mt=1502311790&mv=m&ms=au&mm=31&mn=sn-4g5e6ne6&key=yt6&mime=video%2Fwebm&clen=23921165&requiressl=yes&itag=244&signature=646883CAFADD48C20011841741EF75E339D294F5.BDD0D0BB3CBF8AAAC8A87D1196734D7598C4370C&ipbits=0&pl=16&dur=369.400&expire=1502333527&gir=yes&lmt=1426440976878943&initcwndbps=3007500&id=o-ADRkcBggf5QrbTSajZfdtN7ngMcJOMStNQX1rXt8fazO&ei=93WLWaiLJcedWue6pxA&sparams=clen%2Cdur%2Cei%2Cgir%2Cid%2Cinitcwndbps%2Cip%2Cipbits%2Citag%2Ckeepalive%2Clmt%2Cmime%2Cmm%2Cmn%2Cms%2Cmv%2Cpl%2Crequiressl%2Csource%2Cexpire&ip=131.159.40.117&ratebypass=yes", "player_url": null, "ext": "webm", "height": 480, "format_note": "480p", "vcodec": "vp9", "filesize": 23921165, "tbr": 848.561, "width": 640, "fps": 25, "acodec": "none", "format": "244 - 640x480 (480p)", "protocol": "https", "http_headers": {"User-Agent": "Mozilla/5.0 (X11; Linux x86_64; rv:10.0) Gecko/20150101 Firefox/47.0 (Chrome)", "Accept-Charset": "ISO-8859-1,utf-8;q=0.7,*;q=0.7", "Accept": "text/html,application/xhtml+xml,application/xml;q=0.9,*/*;q=0.8", "Accept-Encoding": "gzip, deflate", "Accept-Language": "en-us,en;q=0.5"}}, {"ext": "mp4", "height": 480, "format_note": "DASH video", "vcodec": "avc1.4d401e", "format_id": "135", "url": "https://r2---sn-4g5e6ne6.googlevideo.com/videoplayback?id=4563356537c1b86f&itag=135&source=youtube&requiressl=yes&initcwndbps=3007500&mv=m&mn=sn-4g5e6ne6&mm=31&pl=16&ms=au&ei=-HWLWeKzCYniWLmjr9gK&ratebypass=yes&mime=video/mp4&gir=yes&clen=37100582&lmt=1374065716148903&dur=369.400&key=dg_yt0&mt=1502311790&signature=38C3A9D9BAAFA53C89821E64E6FA5AA31CB7CAD4.1B3D991C7B3C25912246BA8AD01DC6408C5E564B&ip=131.159.40.117&ipbits=0&expire=1502333528&sparams=ip,ipbits,expire,id,itag,source,requiressl,initcwndbps,mv,mn,mm,pl,ms,ei,ratebypass,mime,gir,clen,lmt,dur", "manifest_url": "https://manifest.googlevideo.com/api/manifest/dash/as/fmp4_audio_clear%2Cfmp4_sd_hd_clear/hfr/1/initcwndbps/3007500/ipbits/0/mv/m/mn/sn-4g5e6ne6/mm/31/source/youtube/sparams/as%2Cei%2Chfr%2Cid%2Cinitcwndbps%2Cip%2Cipbits%2Citag%2Cmm%2Cmn%2Cms%2Cmv%2Cpl%2Cplayback_host%2Crequiressl%2Csource%2Cexpire/key/yt6/pl/16/itag/0/mt/1502311790/ms/au/requiressl/yes/ei/-HWLWeKzCYniWLmjr9gK/expire/1502333528/ip/131.159.40.117/playback_host/r2---sn-4g5e6ne6.googlevideo.com/signature/420FF3D83325F1C788947B93631702B160E118D4.7DBF94E165E799E3823C7F9AE6D05B0CD51E65B1/id/4563356537c1b86f", "width": 640, "tbr": 1107.262, "asr": null, "fps": 25, "language": null, "filesize": 37100582, "acodec": "none", "format": "135 - 640x480 (DASH video)", "protocol": "https", "http_headers": {"User-Agent": "Mozilla/5.0 (X11; Linux x86_64; rv:10.0) Gecko/20150101 Firefox/47.0 (Chrome)", "Accept-Charset": "ISO-8859-1,utf-8;q=0.7,*;q=0.7", "Accept": "text/html,application/xhtml+xml,application/xml;q=0.9,*/*;q=0.8", "Accept-Encoding": "gzip, deflate", "Accept-Language": "en-us,en;q=0.5"}}, {"format_id": "17", "url": "https://r2---sn-4g5e6ne6.googlevideo.com/videoplayback?source=youtube&mt=1502311790&mv=m&ms=au&mm=31&mn=sn-4g5e6ne6&key=yt6&mime=video%2F3gpp&clen=3789871&requiressl=yes&itag=17&signature=51F85A0F579926113350132C839D3D65914DE043.75FB412EB8B45C8FC6F40A4FFDF1B171B7F66AEE&ipbits=0&pl=16&dur=369.801&expire=1502333527&gir=yes&lmt=1374065355564471&initcwndbps=3007500&id=o-ADRkcBggf5QrbTSajZfdtN7ngMcJOMStNQX1rXt8fazO&ei=93WLWaiLJcedWue6pxA&sparams=clen%2Cdur%2Cei%2Cgir%2Cid%2Cinitcwndbps%2Cip%2Cipbits%2Citag%2Clmt%2Cmime%2Cmm%2Cmn%2Cms%2Cmv%2Cpl%2Crequiressl%2Csource%2Cexpire&ip=131.159.40.117&ratebypass=yes", "player_url": null, "ext": "3gp", "width": 176, "height": 144, "acodec": "mp4a.40.2", "abr": 24, "vcodec": "mp4v.20.3", "resolution": "176x144", "format_note": "small", "format": "17 - 176x144 (small)", "protocol": "https", "http_headers": {"User-Agent": "Mozilla/5.0 (X11; Linux x86_64; rv:10.0) Gecko/20150101 Firefox/47.0 (Chrome)", "Accept-Charset": "ISO-8859-1,utf-8;q=0.7,*;q=0.7", "Accept": "text/html,application/xhtml+xml,application/xml;q=0.9,*/*;q=0.8", "Accept-Encoding": "gzip, deflate", "Accept-Language": "en-us,en;q=0.5"}}, {"format_id": "36", "url": "https://r2---sn-4g5e6ne6.googlevideo.com/videoplayback?source=youtube&mt=1502311790&mv=m&ms=au&mm=31&mn=sn-4g5e6ne6&key=yt6&mime=video%2F3gpp&clen=10487428&requiressl=yes&itag=36&signature=3C2D2BE664FA633FEF2D4313DD9145EDFABEEAED.C832E157A1EEE489648E90C2F786FDCA7F0D7EB0&ipbits=0&pl=16&dur=369.661&expire=1502333527&gir=yes&lmt=1374065425256443&initcwndbps=3007500&id=o-ADRkcBggf5QrbTSajZfdtN7ngMcJOMStNQX1rXt8fazO&ei=93WLWaiLJcedWue6pxA&sparams=clen%2Cdur%2Cei%2Cgir%2Cid%2Cinitcwndbps%2Cip%2Cipbits%2Citag%2Clmt%2Cmime%2Cmm%2Cmn%2Cms%2Cmv%2Cpl%2Crequiressl%2Csource%2Cexpire&ip=131.159.40.117&ratebypass=yes", "player_url": null, "ext": "3gp", "width": 320, "acodec": "mp4a.40.2", "vcodec": "mp4v.20.3", "resolution": "320x240", "height": 240, "format_note": "small", "format": "36 - 320x240 (small)", "protocol": "https", "http_headers": {"User-Agent": "Mozilla/5.0 (X11; Linux x86_64; rv:10.0) Gecko/20150101 Firefox/47.0 (Chrome)", "Accept-Charset": "ISO-8859-1,utf-8;q=0.7,*;q=0.7", "Accept": "text/html,application/xhtml+xml,application/xml;q=0.9,*/*;q=0.8", "Accept-Encoding": "gzip, deflate", "Accept-Language": "en-us,en;q=0.5"}}, {"format_id": "18", "url": "https://r2---sn-4g5e6ne6.googlevideo.com/videoplayback?source=youtube&mt=1502311790&mv=m&ms=au&mm=31&mn=sn-4g5e6ne6&key=yt6&mime=video%2Fmp4&clen=25616266&requiressl=yes&itag=18&signature=8912A73147C8E1CC43DFF440270FA389B3242259.653356E8D0BE77DE72328853043F57E8E0C7B4A6&ipbits=0&pl=16&dur=369.592&expire=1502333527&gir=yes&ratebypass=yes&lmt=1374065333231316&initcwndbps=3007500&id=o-ADRkcBggf5QrbTSajZfdtN7ngMcJOMStNQX1rXt8fazO&ei=93WLWaiLJcedWue6pxA&sparams=clen%2Cdur%2Cei%2Cgir%2Cid%2Cinitcwndbps%2Cip%2Cipbits%2Citag%2Clmt%2Cmime%2Cmm%2Cmn%2Cms%2Cmv%2Cpl%2Cratebypass%2Crequiressl%2Csource%2Cexpire&ip=131.159.40.117", "player_url": null, "ext": "mp4", "width": 480, "height": 360, "acodec": "mp4a.40.2", "abr": 96, "vcodec": "avc1.42001E", "resolution": "480x360", "format_note": "medium", "format": "18 - 480x360 (medium)", "protocol": "https", "http_headers": {"User-Agent": "Mozilla/5.0 (X11; Linux x86_64; rv:10.0) Gecko/20150101 Firefox/47.0 (Chrome)", "Accept-Charset": "ISO-8859-1,utf-8;q=0.7,*;q=0.7", "Accept": "text/html,application/xhtml+xml,application/xml;q=0.9,*/*;q=0.8", "Accept-Encoding": "gzip, deflate", "Accept-Language": "en-us,en;q=0.5"}}, {"format_id": "43", "url": "https://r2---sn-4g5e6ne6.googlevideo.com/videoplayback?source=youtube&mt=1502311790&mv=m&ms=au&mm=31&mn=sn-4g5e6ne6&key=yt6&mime=video%2Fwebm&clen=34305809&requiressl=yes&itag=43&signature=AB53E455A7B9D3DEBDE68E089990346F1CA38302.70B6EB75BD5307DA5899F10E0B40E615B20EC3E2&ipbits=0&pl=16&dur=0.000&expire=1502333527&gir=yes&ratebypass=yes&lmt=1374067150884508&initcwndbps=3007500&id=o-ADRkcBggf5QrbTSajZfdtN7ngMcJOMStNQX1rXt8fazO&ei=93WLWaiLJcedWue6pxA&sparams=clen%2Cdur%2Cei%2Cgir%2Cid%2Cinitcwndbps%2Cip%2Cipbits%2Citag%2Clmt%2Cmime%2Cmm%2Cmn%2Cms%2Cmv%2Cpl%2Cratebypass%2Crequiressl%2Csource%2Cexpire&ip=131.159.40.117", "player_url": null, "ext": "webm", "width": 640, "height": 360, "acodec": "vorbis", "abr": 128, "vcodec": "vp8.0", "resolution": "640x360", "format_note": "medium", "format": "43 - 640x360 (medium)", "protocol": "https", "http_headers": {"User-Agent": "Mozilla/5.0 (X11; Linux x86_64; rv:10.0) Gecko/20150101 Firefox/47.0 (Chrome)", "Accept-Charset": "ISO-8859-1,utf-8;q=0.7,*;q=0.7", "Accept": "text/html,application/xhtml+xml,application/xml;q=0.9,*/*;q=0.8", "Accept-Encoding": "gzip, deflate", "Accept-Language": "en-us,en;q=0.5"}}], "is_live": null, "start_time": null, "end_time": null, "series": null, "season_number": null, "episode_number": null, "extractor": "youtube", "webpage_url_basename": "RWM1ZTfBuG8", "extractor_key": "Youtube", "playlist": null, "playlist_index": null, "thumbnails": [{"url": "https://i.ytimg.com/vi/RWM1ZTfBuG8/hqdefault.jpg", "id": "0"}], "display_id": "RWM1ZTfBuG8", "ext": "mp4", "height": 480, "format_note": "DASH video", "vcodec": "avc1.4d401e", "format_id": "135", "url": "https://r2---sn-4g5e6ne6.googlevideo.com/videoplayback?id=4563356537c1b86f&itag=135&source=youtube&requiressl=yes&initcwndbps=3007500&mv=m&mn=sn-4g5e6ne6&mm=31&pl=16&ms=au&ei=-HWLWeKzCYniWLmjr9gK&ratebypass=yes&mime=video/mp4&gir=yes&clen=37100582&lmt=1374065716148903&dur=369.400&key=dg_yt0&mt=1502311790&signature=38C3A9D9BAAFA53C89821E64E6FA5AA31CB7CAD4.1B3D991C7B3C25912246BA8AD01DC6408C5E564B&ip=131.159.40.117&ipbits=0&expire=1502333528&sparams=ip,ipbits,expire,id,itag,source,requiressl,initcwndbps,mv,mn,mm,pl,ms,ei,ratebypass,mime,gir,clen,lmt,dur", "manifest_url": "https://manifest.googlevideo.com/api/manifest/dash/as/fmp4_audio_clear%2Cfmp4_sd_hd_clear/hfr/1/initcwndbps/3007500/ipbits/0/mv/m/mn/sn-4g5e6ne6/mm/31/source/youtube/sparams/as%2Cei%2Chfr%2Cid%2Cinitcwndbps%2Cip%2Cipbits%2Citag%2Cmm%2Cmn%2Cms%2Cmv%2Cpl%2Cplayback_host%2Crequiressl%2Csource%2Cexpire/key/yt6/pl/16/itag/0/mt/1502311790/ms/au/requiressl/yes/ei/-HWLWeKzCYniWLmjr9gK/expire/1502333528/ip/131.159.40.117/playback_host/r2---sn-4g5e6ne6.googlevideo.com/signature/420FF3D83325F1C788947B93631702B160E118D4.7DBF94E165E799E3823C7F9AE6D05B0CD51E65B1/id/4563356537c1b86f", "width": 640, "tbr": 1107.262, "asr": null, "fps": 25, "language": null, "filesize": 37100582, "acodec": "none", "format": "135 - 640x480 (DASH video)", "protocol": "https", "http_headers": {"User-Agent": "Mozilla/5.0 (X11; Linux x86_64; rv:10.0) Gecko/20150101 Firefox/47.0 (Chrome)", "Accept-Charset": "ISO-8859-1,utf-8;q=0.7,*;q=0.7", "Accept": "text/html,application/xhtml+xml,application/xml;q=0.9,*/*;q=0.8", "Accept-Encoding": "gzip, deflate", "Accept-Language": "en-us,en;q=0.5"}, "fulltitle": "24oras: Kotseng nakaparada, nagiging mala-pugon sa init ang loob", "_filename": "RWM1ZTfBuG8.mp4"}