{"id": "y2hDXi4Dt5k", "uploader": "\u0623\u062e\u0628\u0627\u0631 \u0627\u0644\u0631\u064a\u0641 Akhbar-Rif", "uploader_id": "akhbarrif", "uploader_url": "http://www.youtube.com/user/akhbarrif", "upload_date": "20141216", "license": "Standard YouTube License", "creator": null, "title": "\u062c\u0628\u0627\u0644 \u0627\u0644\u0631\u064a\u0641 \u062a\u0643\u062a\u0633\u064a \u0627\u0644\u0628\u064a\u0627\u0636 \u0628\u0627\u0644\u062b\u0644\u0648\u062c", "alt_title": null, "thumbnail": "https://i.ytimg.com/vi/y2hDXi4Dt5k/hqdefault.jpg", "description": "\u062c\u0628\u0627\u0644 \u0627\u0644\u0631\u064a\u0641 \u062a\u0643\u062a\u0633\u064a \u0627\u0644\u0628\u064a\u0627\u0636 \u0628\u0627\u0644\u062b\u0644\u0648\u062c", "categories": ["News & Politics"], "tags": ["\u0623\u062e\u0628\u0627\u0631 \u0627\u0644\u0631\u064a\u0641 \u060c \u0627\u0644\u062d\u0633\u064a\u0645\u0629"], "subtitles": {}, "automatic_captions": {}, "duration": 159, "age_limit": 0, "annotations": null, "chapters": null, "webpage_url": "https://www.youtube.com/watch?v=y2hDXi4Dt5k", "view_count": 7375, "like_count": 17, "dislike_count": 3, "average_rating": 4.40000009537, "formats": [{"ext": "m4a", "format_note": "DASH audio", "acodec": "mp4a.40.5", "abr": 48, "container": "m4a_dash", "format_id": "139", "url": "https://r4---sn-4g5e6nlk.googlevideo.com/videoplayback?id=cb68435e2e03b799&itag=139&source=youtube&requiressl=yes&pl=16&mn=sn-4g5e6nlk&mm=31&initcwndbps=3112500&mv=m&ms=au&ei=8h2KWcW3A5CFcv3PoBg&ratebypass=yes&mime=audio/mp4&gir=yes&clen=962355&lmt=1418929078686143&dur=159.415&signature=9387D11919BC9D45864074E2A88D884642370EC8.4F0FF1438B959D7BD91D1017B48D897F40B2C182&key=dg_yt0&mt=1502223770&ip=131.159.40.117&ipbits=0&expire=1502245458&sparams=ip,ipbits,expire,id,itag,source,requiressl,pl,mn,mm,initcwndbps,mv,ms,ei,ratebypass,mime,gir,clen,lmt,dur", "manifest_url": "https://manifest.googlevideo.com/api/manifest/dash/pl/16/mn/sn-4g5e6nlk/mm/31/hfr/1/signature/63DBADF3A7FFD5ABF2F19EFD3318A255AD57E75E.BC32FD194D72C245EE07369079585946DBE92114/ipbits/0/initcwndbps/3112500/key/yt6/ip/131.159.40.117/playback_host/r4---sn-4g5e6nlk.googlevideo.com/requiressl/yes/as/fmp4_audio_clear%2Cfmp4_sd_hd_clear/source/youtube/sparams/as%2Cei%2Chfr%2Cid%2Cinitcwndbps%2Cip%2Cipbits%2Citag%2Cmm%2Cmn%2Cms%2Cmv%2Cpl%2Cplayback_host%2Crequiressl%2Csource%2Cexpire/expire/1502245458/mv/m/itag/0/mt/1502223770/ms/au/ei/8h2KWcW3A5CFcv3PoBg/id/cb68435e2e03b799", "width": null, "height": null, "tbr": 49.209, "asr": 22050, "fps": null, "language": null, "filesize": 962355, "vcodec": "none", "format": "139 - audio only (DASH audio)", "protocol": "https", "http_headers": {"User-Agent": "Mozilla/5.0 (X11; Linux x86_64; rv:10.0) Gecko/20150101 Firefox/47.0 (Chrome)", "Accept-Charset": "ISO-8859-1,utf-8;q=0.7,*;q=0.7", "Accept": "text/html,application/xhtml+xml,application/xml;q=0.9,*/*;q=0.8", "Accept-Encoding": "gzip, deflate", "Accept-Language": "en-us,en;q=0.5"}}, {"format_id": "249", "url": "https://r4---sn-4g5e6nlk.googlevideo.com/videoplayback?mime=audio%2Fwebm&sparams=clen%2Cdur%2Cei%2Cgir%2Cid%2Cinitcwndbps%2Cip%2Cipbits%2Citag%2Ckeepalive%2Clmt%2Cmime%2Cmm%2Cmn%2Cms%2Cmv%2Cpl%2Crequiressl%2Csource%2Cexpire&clen=1030446&initcwndbps=3112500&gir=yes&pl=16&signature=D5FEA5776474FB9E246C57962FC1FA7CA7C8A0B7.519954CEA12DB39FD5A8787DE0F470283B60C08D&mv=m&mt=1502223770&ms=au&ei=8R2KWY6ZI4_LcqzBjsgG&expire=1502245457&keepalive=yes&requiressl=yes&mn=sn-4g5e6nlk&mm=31&ipbits=0&itag=249&source=youtube&id=o-ANlyW1LTdj9pWk1Ad1nXcTCycEwqzJ-vfO1aqmHJIJlZ&key=yt6&ip=131.159.40.117&lmt=1421892439425001&dur=159.301&ratebypass=yes", "player_url": null, "ext": "webm", "format_note": "DASH audio", "acodec": "opus", "abr": 50, "filesize": 1030446, "tbr": 57.252, "vcodec": "none", "format": "249 - audio only (DASH audio)", "protocol": "https", "http_headers": {"User-Agent": "Mozilla/5.0 (X11; Linux x86_64; rv:10.0) Gecko/20150101 Firefox/47.0 (Chrome)", "Accept-Charset": "ISO-8859-1,utf-8;q=0.7,*;q=0.7", "Accept": "text/html,application/xhtml+xml,application/xml;q=0.9,*/*;q=0.8", "Accept-Encoding": "gzip, deflate", "Accept-Language": "en-us,en;q=0.5"}}, {"format_id": "250", "url": "https://r4---sn-4g5e6nlk.googlevideo.com/videoplayback?mime=audio%2Fwebm&sparams=clen%2Cdur%2Cei%2Cgir%2Cid%2Cinitcwndbps%2Cip%2Cipbits%2Citag%2Ckeepalive%2Clmt%2Cmime%2Cmm%2Cmn%2Cms%2Cmv%2Cpl%2Crequiressl%2Csource%2Cexpire&clen=1852225&initcwndbps=3112500&gir=yes&pl=16&signature=0CFC302D251F311220095143F412748A682BBFE5.30AF18FA27FBA17555B66AE94501A9C898F75074&mv=m&mt=1502223770&ms=au&ei=8R2KWY6ZI4_LcqzBjsgG&expire=1502245457&keepalive=yes&requiressl=yes&mn=sn-4g5e6nlk&mm=31&ipbits=0&itag=250&source=youtube&id=o-ANlyW1LTdj9pWk1Ad1nXcTCycEwqzJ-vfO1aqmHJIJlZ&key=yt6&ip=131.159.40.117&lmt=1421892437185145&dur=159.301&ratebypass=yes", "player_url": null, "ext": "webm", "format_note": "DASH audio", "acodec": "opus", "abr": 70, "filesize": 1852225, "tbr": 101.941, "vcodec": "none", "format": "250 - audio only (DASH audio)", "protocol": "https", "http_headers": {"User-Agent": "Mozilla/5.0 (X11; Linux x86_64; rv:10.0) Gecko/20150101 Firefox/47.0 (Chrome)", "Accept-Charset": "ISO-8859-1,utf-8;q=0.7,*;q=0.7", "Accept": "text/html,application/xhtml+xml,application/xml;q=0.9,*/*;q=0.8", "Accept-Encoding": "gzip, deflate", "Accept-Language": "en-us,en;q=0.5"}}, {"ext": "m4a", "format_note": "DASH audio", "acodec": "mp4a.40.2", "abr": 128, "container": "m4a_dash", "format_id": "140", "url": "https://r4---sn-4g5e6nlk.googlevideo.com/videoplayback?id=cb68435e2e03b799&itag=140&source=youtube&requiressl=yes&pl=16&mn=sn-4g5e6nlk&mm=31&initcwndbps=3112500&mv=m&ms=au&ei=8h2KWcW3A5CFcv3PoBg&ratebypass=yes&mime=audio/mp4&gir=yes&clen=2558951&lmt=1418929077093685&dur=159.357&signature=4DF9E7918AFCA2FBD1E280929DD641F456F8A93A.580E07AA453F30AAEEB17E278762C114E03882B1&key=dg_yt0&mt=1502223770&ip=131.159.40.117&ipbits=0&expire=1502245458&sparams=ip,ipbits,expire,id,itag,source,requiressl,pl,mn,mm,initcwndbps,mv,ms,ei,ratebypass,mime,gir,clen,lmt,dur", "manifest_url": "https://manifest.googlevideo.com/api/manifest/dash/pl/16/mn/sn-4g5e6nlk/mm/31/hfr/1/signature/63DBADF3A7FFD5ABF2F19EFD3318A255AD57E75E.BC32FD194D72C245EE07369079585946DBE92114/ipbits/0/initcwndbps/3112500/key/yt6/ip/131.159.40.117/playback_host/r4---sn-4g5e6nlk.googlevideo.com/requiressl/yes/as/fmp4_audio_clear%2Cfmp4_sd_hd_clear/source/youtube/sparams/as%2Cei%2Chfr%2Cid%2Cinitcwndbps%2Cip%2Cipbits%2Citag%2Cmm%2Cmn%2Cms%2Cmv%2Cpl%2Cplayback_host%2Crequiressl%2Csource%2Cexpire/expire/1502245458/mv/m/itag/0/mt/1502223770/ms/au/ei/8h2KWcW3A5CFcv3PoBg/id/cb68435e2e03b799", "width": null, "height": null, "tbr": 129.337, "asr": 44100, "fps": null, "language": null, "filesize": 2558951, "vcodec": "none", "format": "140 - audio only (DASH audio)", "protocol": "https", "http_headers": {"User-Agent": "Mozilla/5.0 (X11; Linux x86_64; rv:10.0) Gecko/20150101 Firefox/47.0 (Chrome)", "Accept-Charset": "ISO-8859-1,utf-8;q=0.7,*;q=0.7", "Accept": "text/html,application/xhtml+xml,application/xml;q=0.9,*/*;q=0.8", "Accept-Encoding": "gzip, deflate", "Accept-Language": "en-us,en;q=0.5"}}, {"format_id": "171", "url": "https://r4---sn-4g5e6nlk.googlevideo.com/videoplayback?mime=audio%2Fwebm&sparams=clen%2Cdur%2Cei%2Cgir%2Cid%2Cinitcwndbps%2Cip%2Cipbits%2Citag%2Ckeepalive%2Clmt%2Cmime%2Cmm%2Cmn%2Cms%2Cmv%2Cpl%2Crequiressl%2Csource%2Cexpire&clen=2362725&initcwndbps=3112500&gir=yes&pl=16&signature=4072522F3FF19D48673DA8B95F69BB120481E632.7257F0FF2188001977477EF5640990F2CAA77056&mv=m&mt=1502223770&ms=au&ei=8R2KWY6ZI4_LcqzBjsgG&expire=1502245457&keepalive=yes&requiressl=yes&mn=sn-4g5e6nlk&mm=31&ipbits=0&itag=171&source=youtube&id=o-ANlyW1LTdj9pWk1Ad1nXcTCycEwqzJ-vfO1aqmHJIJlZ&key=yt6&ip=131.159.40.117&lmt=1421892433008588&dur=159.279&ratebypass=yes", "player_url": null, "ext": "webm", "acodec": "vorbis", "format_note": "DASH audio", "abr": 128, "filesize": 2362725, "tbr": 136.863, "vcodec": "none", "format": "171 - audio only (DASH audio)", "protocol": "https", "http_headers": {"User-Agent": "Mozilla/5.0 (X11; Linux x86_64; rv:10.0) Gecko/20150101 Firefox/47.0 (Chrome)", "Accept-Charset": "ISO-8859-1,utf-8;q=0.7,*;q=0.7", "Accept": "text/html,application/xhtml+xml,application/xml;q=0.9,*/*;q=0.8", "Accept-Encoding": "gzip, deflate", "Accept-Language": "en-us,en;q=0.5"}}, {"format_id": "251", "url": "https://r4---sn-4g5e6nlk.googlevideo.com/videoplayback?mime=audio%2Fwebm&sparams=clen%2Cdur%2Cei%2Cgir%2Cid%2Cinitcwndbps%2Cip%2Cipbits%2Citag%2Ckeepalive%2Clmt%2Cmime%2Cmm%2Cmn%2Cms%2Cmv%2Cpl%2Crequiressl%2Csource%2Cexpire&clen=4242429&initcwndbps=3112500&gir=yes&pl=16&signature=795DFD38B34B6A108EB8B9C2E733DC2042D31305.32B39F955487BD028E76B4F81472CBF6AA032B85&mv=m&mt=1502223770&ms=au&ei=8R2KWY6ZI4_LcqzBjsgG&expire=1502245457&keepalive=yes&requiressl=yes&mn=sn-4g5e6nlk&mm=31&ipbits=0&itag=251&source=youtube&id=o-ANlyW1LTdj9pWk1Ad1nXcTCycEwqzJ-vfO1aqmHJIJlZ&key=yt6&ip=131.159.40.117&lmt=1421892435463277&dur=159.301&ratebypass=yes", "player_url": null, "ext": "webm", "format_note": "DASH audio", "acodec": "opus", "abr": 160, "filesize": 4242429, "tbr": 230.068, "vcodec": "none", "format": "251 - audio only (DASH audio)", "protocol": "https", "http_headers": {"User-Agent": "Mozilla/5.0 (X11; Linux x86_64; rv:10.0) Gecko/20150101 Firefox/47.0 (Chrome)", "Accept-Charset": "ISO-8859-1,utf-8;q=0.7,*;q=0.7", "Accept": "text/html,application/xhtml+xml,application/xml;q=0.9,*/*;q=0.8", "Accept-Encoding": "gzip, deflate", "Accept-Language": "en-us,en;q=0.5"}}, {"format_id": "278", "url": "https://r4---sn-4g5e6nlk.googlevideo.com/videoplayback?mime=video%2Fwebm&sparams=clen%2Cdur%2Cei%2Cgir%2Cid%2Cinitcwndbps%2Cip%2Cipbits%2Citag%2Ckeepalive%2Clmt%2Cmime%2Cmm%2Cmn%2Cms%2Cmv%2Cpl%2Crequiressl%2Csource%2Cexpire&clen=1598944&initcwndbps=3112500&gir=yes&pl=16&signature=A93C72B39F0540C41F4D62FFE346269FE0AE6FEC.88E5BF4FD4506F0A10F961763CD8D2603B0F9EE6&mv=m&mt=1502223770&ms=au&ei=8R2KWY6ZI4_LcqzBjsgG&expire=1502245457&keepalive=yes&requiressl=yes&mn=sn-4g5e6nlk&mm=31&ipbits=0&itag=278&source=youtube&id=o-ANlyW1LTdj9pWk1Ad1nXcTCycEwqzJ-vfO1aqmHJIJlZ&key=yt6&ip=131.159.40.117&lmt=1421892475881999&dur=159.226&ratebypass=yes", "player_url": null, "ext": "webm", "height": 144, "format_note": "144p", "container": "webm", "vcodec": "vp9", "filesize": 1598944, "tbr": 96.485, "width": 192, "fps": 15, "acodec": "none", "format": "278 - 192x144 (144p)", "protocol": "https", "http_headers": {"User-Agent": "Mozilla/5.0 (X11; Linux x86_64; rv:10.0) Gecko/20150101 Firefox/47.0 (Chrome)", "Accept-Charset": "ISO-8859-1,utf-8;q=0.7,*;q=0.7", "Accept": "text/html,application/xhtml+xml,application/xml;q=0.9,*/*;q=0.8", "Accept-Encoding": "gzip, deflate", "Accept-Language": "en-us,en;q=0.5"}}, {"ext": "mp4", "height": 144, "format_note": "DASH video", "vcodec": "avc1.4d400c", "format_id": "160", "url": "https://r4---sn-4g5e6nlk.googlevideo.com/videoplayback?id=cb68435e2e03b799&itag=160&source=youtube&requiressl=yes&pl=16&mn=sn-4g5e6nlk&mm=31&initcwndbps=3112500&mv=m&ms=au&ei=8h2KWcW3A5CFcv3PoBg&ratebypass=yes&mime=video/mp4&gir=yes&clen=2171900&lmt=1418929085166434&dur=159.292&signature=0F9E3400C31FA4514EAF78B71BE69E498D794335.33C53BF71071510DA81DFF2E54E02C288C9EE9A7&key=dg_yt0&mt=1502223770&ip=131.159.40.117&ipbits=0&expire=1502245458&sparams=ip,ipbits,expire,id,itag,source,requiressl,pl,mn,mm,initcwndbps,mv,ms,ei,ratebypass,mime,gir,clen,lmt,dur", "manifest_url": "https://manifest.googlevideo.com/api/manifest/dash/pl/16/mn/sn-4g5e6nlk/mm/31/hfr/1/signature/63DBADF3A7FFD5ABF2F19EFD3318A255AD57E75E.BC32FD194D72C245EE07369079585946DBE92114/ipbits/0/initcwndbps/3112500/key/yt6/ip/131.159.40.117/playback_host/r4---sn-4g5e6nlk.googlevideo.com/requiressl/yes/as/fmp4_audio_clear%2Cfmp4_sd_hd_clear/source/youtube/sparams/as%2Cei%2Chfr%2Cid%2Cinitcwndbps%2Cip%2Cipbits%2Citag%2Cmm%2Cmn%2Cms%2Cmv%2Cpl%2Cplayback_host%2Crequiressl%2Csource%2Cexpire/expire/1502245458/mv/m/itag/0/mt/1502223770/ms/au/ei/8h2KWcW3A5CFcv3PoBg/id/cb68435e2e03b799", "width": 192, "tbr": 110.868, "asr": null, "fps": 15, "language": null, "filesize": 2171900, "acodec": "none", "format": "160 - 192x144 (DASH video)", "protocol": "https", "http_headers": {"User-Agent": "Mozilla/5.0 (X11; Linux x86_64; rv:10.0) Gecko/20150101 Firefox/47.0 (Chrome)", "Accept-Charset": "ISO-8859-1,utf-8;q=0.7,*;q=0.7", "Accept": "text/html,application/xhtml+xml,application/xml;q=0.9,*/*;q=0.8", "Accept-Encoding": "gzip, deflate", "Accept-Language": "en-us,en;q=0.5"}}, {"format_id": "242", "url": "https://r4---sn-4g5e6nlk.googlevideo.com/videoplayback?mime=video%2Fwebm&sparams=clen%2Cdur%2Cei%2Cgir%2Cid%2Cinitcwndbps%2Cip%2Cipbits%2Citag%2Ckeepalive%2Clmt%2Cmime%2Cmm%2Cmn%2Cms%2Cmv%2Cpl%2Crequiressl%2Csource%2Cexpire&clen=3041162&initcwndbps=3112500&gir=yes&pl=16&signature=33C872122ECF4AD649677043D9D9EE7F0EDA4A94.8E88A6E582B2D12BFF3C40CB4053F3BEF04DDB70&mv=m&mt=1502223770&ms=au&ei=8R2KWY6ZI4_LcqzBjsgG&expire=1502245457&keepalive=yes&requiressl=yes&mn=sn-4g5e6nlk&mm=31&ipbits=0&itag=242&source=youtube&id=o-ANlyW1LTdj9pWk1Ad1nXcTCycEwqzJ-vfO1aqmHJIJlZ&key=yt6&ip=131.159.40.117&lmt=1421892460004040&dur=159.259&ratebypass=yes", "player_url": null, "ext": "webm", "height": 240, "format_note": "240p", "vcodec": "vp9", "filesize": 3041162, "tbr": 247.104, "width": 320, "fps": 30, "acodec": "none", "format": "242 - 320x240 (240p)", "protocol": "https", "http_headers": {"User-Agent": "Mozilla/5.0 (X11; Linux x86_64; rv:10.0) Gecko/20150101 Firefox/47.0 (Chrome)", "Accept-Charset": "ISO-8859-1,utf-8;q=0.7,*;q=0.7", "Accept": "text/html,application/xhtml+xml,application/xml;q=0.9,*/*;q=0.8", "Accept-Encoding": "gzip, deflate", "Accept-Language": "en-us,en;q=0.5"}}, {"ext": "mp4", "height": 240, "format_note": "DASH video", "vcodec": "avc1.4d400d", "format_id": "133", "url": "https://r4---sn-4g5e6nlk.googlevideo.com/videoplayback?id=cb68435e2e03b799&itag=133&source=youtube&requiressl=yes&pl=16&mn=sn-4g5e6nlk&mm=31&initcwndbps=3112500&mv=m&ms=au&ei=8h2KWcW3A5CFcv3PoBg&ratebypass=yes&mime=video/mp4&gir=yes&clen=4874968&lmt=1418929080661304&dur=159.259&signature=01FB1D37ACE012E36B40CE4959DB9DF91EEE2599.78FA9B50A98C90AA0F7311CDFDE3945A16068841&key=dg_yt0&mt=1502223770&ip=131.159.40.117&ipbits=0&expire=1502245458&sparams=ip,ipbits,expire,id,itag,source,requiressl,pl,mn,mm,initcwndbps,mv,ms,ei,ratebypass,mime,gir,clen,lmt,dur", "manifest_url": "https://manifest.googlevideo.com/api/manifest/dash/pl/16/mn/sn-4g5e6nlk/mm/31/hfr/1/signature/63DBADF3A7FFD5ABF2F19EFD3318A255AD57E75E.BC32FD194D72C245EE07369079585946DBE92114/ipbits/0/initcwndbps/3112500/key/yt6/ip/131.159.40.117/playback_host/r4---sn-4g5e6nlk.googlevideo.com/requiressl/yes/as/fmp4_audio_clear%2Cfmp4_sd_hd_clear/source/youtube/sparams/as%2Cei%2Chfr%2Cid%2Cinitcwndbps%2Cip%2Cipbits%2Citag%2Cmm%2Cmn%2Cms%2Cmv%2Cpl%2Cplayback_host%2Crequiressl%2Csource%2Cexpire/expire/1502245458/mv/m/itag/0/mt/1502223770/ms/au/ei/8h2KWcW3A5CFcv3PoBg/id/cb68435e2e03b799", "width": 320, "tbr": 248.433, "asr": null, "fps": 30, "language": null, "filesize": 4874968, "acodec": "none", "format": "133 - 320x240 (DASH video)", "protocol": "https", "http_headers": {"User-Agent": "Mozilla/5.0 (X11; Linux x86_64; rv:10.0) Gecko/20150101 Firefox/47.0 (Chrome)", "Accept-Charset": "ISO-8859-1,utf-8;q=0.7,*;q=0.7", "Accept": "text/html,application/xhtml+xml,application/xml;q=0.9,*/*;q=0.8", "Accept-Encoding": "gzip, deflate", "Accept-Language": "en-us,en;q=0.5"}}, {"ext": "mp4", "height": 360, "format_note": "DASH video", "vcodec": "avc1.4d401e", "format_id": "134", "url": "https://r4---sn-4g5e6nlk.googlevideo.com/videoplayback?id=cb68435e2e03b799&itag=134&source=youtube&requiressl=yes&pl=16&mn=sn-4g5e6nlk&mm=31&initcwndbps=3112500&mv=m&ms=au&ei=8h2KWcW3A5CFcv3PoBg&ratebypass=yes&mime=video/mp4&gir=yes&clen=5113853&lmt=1418929110081077&dur=159.259&signature=1622240C27AC3E622C675D5B6285F1DC3995CF14.20ED56B0AF31A46456C10CC711F758E34A2F0701&key=dg_yt0&mt=1502223770&ip=131.159.40.117&ipbits=0&expire=1502245458&sparams=ip,ipbits,expire,id,itag,source,requiressl,pl,mn,mm,initcwndbps,mv,ms,ei,ratebypass,mime,gir,clen,lmt,dur", "manifest_url": "https://manifest.googlevideo.com/api/manifest/dash/pl/16/mn/sn-4g5e6nlk/mm/31/hfr/1/signature/63DBADF3A7FFD5ABF2F19EFD3318A255AD57E75E.BC32FD194D72C245EE07369079585946DBE92114/ipbits/0/initcwndbps/3112500/key/yt6/ip/131.159.40.117/playback_host/r4---sn-4g5e6nlk.googlevideo.com/requiressl/yes/as/fmp4_audio_clear%2Cfmp4_sd_hd_clear/source/youtube/sparams/as%2Cei%2Chfr%2Cid%2Cinitcwndbps%2Cip%2Cipbits%2Citag%2Cmm%2Cmn%2Cms%2Cmv%2Cpl%2Cplayback_host%2Crequiressl%2Csource%2Cexpire/expire/1502245458/mv/m/itag/0/mt/1502223770/ms/au/ei/8h2KWcW3A5CFcv3PoBg/id/cb68435e2e03b799", "width": 480, "tbr": 411.804, "asr": null, "fps": 30, "language": null, "filesize": 5113853, "acodec": "none", "format": "134 - 480x360 (DASH video)", "protocol": "https", "http_headers": {"User-Agent": "Mozilla/5.0 (X11; Linux x86_64; rv:10.0) Gecko/20150101 Firefox/47.0 (Chrome)", "Accept-Charset": "ISO-8859-1,utf-8;q=0.7,*;q=0.7", "Accept": "text/html,application/xhtml+xml,application/xml;q=0.9,*/*;q=0.8", "Accept-Encoding": "gzip, deflate", "Accept-Language": "en-us,en;q=0.5"}}, {"format_id": "243", "url": "https://r4---sn-4g5e6nlk.googlevideo.com/videoplayback?mime=video%2Fwebm&sparams=clen%2Cdur%2Cei%2Cgir%2Cid%2Cinitcwndbps%2Cip%2Cipbits%2Citag%2Ckeepalive%2Clmt%2Cmime%2Cmm%2Cmn%2Cms%2Cmv%2Cpl%2Crequiressl%2Csource%2Cexpire&clen=5363723&initcwndbps=3112500&gir=yes&pl=16&signature=78A6DADC8485E6194B04790087344C3BE33F91C8.42BAADAB7AEC0BD0EB6695667E75F61BF24F88AC&mv=m&mt=1502223770&ms=au&ei=8R2KWY6ZI4_LcqzBjsgG&expire=1502245457&keepalive=yes&requiressl=yes&mn=sn-4g5e6nlk&mm=31&ipbits=0&itag=243&source=youtube&id=o-ANlyW1LTdj9pWk1Ad1nXcTCycEwqzJ-vfO1aqmHJIJlZ&key=yt6&ip=131.159.40.117&lmt=1421892480494229&dur=159.259&ratebypass=yes", "player_url": null, "ext": "webm", "height": 360, "format_note": "360p", "vcodec": "vp9", "filesize": 5363723, "tbr": 436.317, "width": 480, "fps": 30, "acodec": "none", "format": "243 - 480x360 (360p)", "protocol": "https", "http_headers": {"User-Agent": "Mozilla/5.0 (X11; Linux x86_64; rv:10.0) Gecko/20150101 Firefox/47.0 (Chrome)", "Accept-Charset": "ISO-8859-1,utf-8;q=0.7,*;q=0.7", "Accept": "text/html,application/xhtml+xml,application/xml;q=0.9,*/*;q=0.8", "Accept-Encoding": "gzip, deflate", "Accept-Language": "en-us,en;q=0.5"}}, {"ext": "mp4", "height": 480, "format_note": "DASH video", "vcodec": "avc1.4d401e", "format_id": "135", "url": "https://r4---sn-4g5e6nlk.googlevideo.com/videoplayback?id=cb68435e2e03b799&itag=135&source=youtube&requiressl=yes&pl=16&mn=sn-4g5e6nlk&mm=31&initcwndbps=3112500&mv=m&ms=au&ei=8h2KWcW3A5CFcv3PoBg&ratebypass=yes&mime=video/mp4&gir=yes&clen=10524065&lmt=1418929125066728&dur=159.259&signature=8B2FBFD3BCF55C65AF2642321467A1D3F5A38476.778C168B42857AA191F26BC89B699A75E3DA5586&key=dg_yt0&mt=1502223770&ip=131.159.40.117&ipbits=0&expire=1502245458&sparams=ip,ipbits,expire,id,itag,source,requiressl,pl,mn,mm,initcwndbps,mv,ms,ei,ratebypass,mime,gir,clen,lmt,dur", "manifest_url": "https://manifest.googlevideo.com/api/manifest/dash/pl/16/mn/sn-4g5e6nlk/mm/31/hfr/1/signature/63DBADF3A7FFD5ABF2F19EFD3318A255AD57E75E.BC32FD194D72C245EE07369079585946DBE92114/ipbits/0/initcwndbps/3112500/key/yt6/ip/131.159.40.117/playback_host/r4---sn-4g5e6nlk.googlevideo.com/requiressl/yes/as/fmp4_audio_clear%2Cfmp4_sd_hd_clear/source/youtube/sparams/as%2Cei%2Chfr%2Cid%2Cinitcwndbps%2Cip%2Cipbits%2Citag%2Cmm%2Cmn%2Cms%2Cmv%2Cpl%2Cplayback_host%2Crequiressl%2Csource%2Cexpire/expire/1502245458/mv/m/itag/0/mt/1502223770/ms/au/ei/8h2KWcW3A5CFcv3PoBg/id/cb68435e2e03b799", "width": 640, "tbr": 765.276, "asr": null, "fps": 30, "language": null, "filesize": 10524065, "acodec": "none", "format": "135 - 640x480 (DASH video)", "protocol": "https", "http_headers": {"User-Agent": "Mozilla/5.0 (X11; Linux x86_64; rv:10.0) Gecko/20150101 Firefox/47.0 (Chrome)", "Accept-Charset": "ISO-8859-1,utf-8;q=0.7,*;q=0.7", "Accept": "text/html,application/xhtml+xml,application/xml;q=0.9,*/*;q=0.8", "Accept-Encoding": "gzip, deflate", "Accept-Language": "en-us,en;q=0.5"}}, {"format_id": "244", "url": "https://r4---sn-4g5e6nlk.googlevideo.com/videoplayback?mime=video%2Fwebm&sparams=clen%2Cdur%2Cei%2Cgir%2Cid%2Cinitcwndbps%2Cip%2Cipbits%2Citag%2Ckeepalive%2Clmt%2Cmime%2Cmm%2Cmn%2Cms%2Cmv%2Cpl%2Crequiressl%2Csource%2Cexpire&clen=9468838&initcwndbps=3112500&gir=yes&pl=16&signature=C48E5D459965F8DF44891F1DAECE0DF0372DABDB.2DB6628704D057275C1E46D61E16D1691316E7C1&mv=m&mt=1502223770&ms=au&ei=8R2KWY6ZI4_LcqzBjsgG&expire=1502245457&keepalive=yes&requiressl=yes&mn=sn-4g5e6nlk&mm=31&ipbits=0&itag=244&source=youtube&id=o-ANlyW1LTdj9pWk1Ad1nXcTCycEwqzJ-vfO1aqmHJIJlZ&key=yt6&ip=131.159.40.117&lmt=1421892501688827&dur=159.259&ratebypass=yes", "player_url": null, "ext": "webm", "height": 480, "format_note": "480p", "vcodec": "vp9", "filesize": 9468838, "tbr": 836.382, "width": 640, "fps": 30, "acodec": "none", "format": "244 - 640x480 (480p)", "protocol": "https", "http_headers": {"User-Agent": "Mozilla/5.0 (X11; Linux x86_64; rv:10.0) Gecko/20150101 Firefox/47.0 (Chrome)", "Accept-Charset": "ISO-8859-1,utf-8;q=0.7,*;q=0.7", "Accept": "text/html,application/xhtml+xml,application/xml;q=0.9,*/*;q=0.8", "Accept-Encoding": "gzip, deflate", "Accept-Language": "en-us,en;q=0.5"}}, {"format_id": "17", "url": "https://r4---sn-4g5e6nlk.googlevideo.com/videoplayback?mime=video%2F3gpp&sparams=clen%2Cdur%2Cei%2Cgir%2Cid%2Cinitcwndbps%2Cip%2Cipbits%2Citag%2Clmt%2Cmime%2Cmm%2Cmn%2Cms%2Cmv%2Cpl%2Crequiressl%2Csource%2Cexpire&clen=1622430&initcwndbps=3112500&gir=yes&pl=16&signature=3124FD8C0DFCF9E06D59F3B430A6AC5319402660.59C0B039523719083C4E2C684F46885EDE14D1B1&mv=m&mt=1502223770&ms=au&ei=8R2KWY6ZI4_LcqzBjsgG&expire=1502245457&requiressl=yes&mn=sn-4g5e6nlk&mm=31&ipbits=0&itag=17&source=youtube&id=o-ANlyW1LTdj9pWk1Ad1nXcTCycEwqzJ-vfO1aqmHJIJlZ&key=yt6&ip=131.159.40.117&lmt=1418737524598814&dur=159.474&ratebypass=yes", "player_url": null, "ext": "3gp", "width": 176, "height": 144, "acodec": "mp4a.40.2", "abr": 24, "vcodec": "mp4v.20.3", "resolution": "176x144", "format_note": "small", "format": "17 - 176x144 (small)", "protocol": "https", "http_headers": {"User-Agent": "Mozilla/5.0 (X11; Linux x86_64; rv:10.0) Gecko/20150101 Firefox/47.0 (Chrome)", "Accept-Charset": "ISO-8859-1,utf-8;q=0.7,*;q=0.7", "Accept": "text/html,application/xhtml+xml,application/xml;q=0.9,*/*;q=0.8", "Accept-Encoding": "gzip, deflate", "Accept-Language": "en-us,en;q=0.5"}}, {"format_id": "36", "url": "https://r4---sn-4g5e6nlk.googlevideo.com/videoplayback?mime=video%2F3gpp&sparams=clen%2Cdur%2Cei%2Cgir%2Cid%2Cinitcwndbps%2Cip%2Cipbits%2Citag%2Clmt%2Cmime%2Cmm%2Cmn%2Cms%2Cmv%2Cpl%2Crequiressl%2Csource%2Cexpire&clen=4601767&initcwndbps=3112500&gir=yes&pl=16&signature=7A7DCBC05D2BE319048F3EE8C77D0D6F2C01D43C.5770462FBF657EF99F899BC0F98C74442765DCFC&mv=m&mt=1502223770&ms=au&ei=8R2KWY6ZI4_LcqzBjsgG&expire=1502245457&requiressl=yes&mn=sn-4g5e6nlk&mm=31&ipbits=0&itag=36&source=youtube&id=o-ANlyW1LTdj9pWk1Ad1nXcTCycEwqzJ-vfO1aqmHJIJlZ&key=yt6&ip=131.159.40.117&lmt=1418737542995644&dur=159.474&ratebypass=yes", "player_url": null, "ext": "3gp", "width": 320, "acodec": "mp4a.40.2", "vcodec": "mp4v.20.3", "resolution": "320x240", "height": 240, "format_note": "small", "format": "36 - 320x240 (small)", "protocol": "https", "http_headers": {"User-Agent": "Mozilla/5.0 (X11; Linux x86_64; rv:10.0) Gecko/20150101 Firefox/47.0 (Chrome)", "Accept-Charset": "ISO-8859-1,utf-8;q=0.7,*;q=0.7", "Accept": "text/html,application/xhtml+xml,application/xml;q=0.9,*/*;q=0.8", "Accept-Encoding": "gzip, deflate", "Accept-Language": "en-us,en;q=0.5"}}, {"format_id": "18", "url": "https://r4---sn-4g5e6nlk.googlevideo.com/videoplayback?mime=video%2Fmp4&sparams=clen%2Cdur%2Cei%2Cgir%2Cid%2Cinitcwndbps%2Cip%2Cipbits%2Citag%2Clmt%2Cmime%2Cmm%2Cmn%2Cms%2Cmv%2Cpl%2Cratebypass%2Crequiressl%2Csource%2Cexpire&clen=9084001&initcwndbps=3112500&gir=yes&pl=16&signature=A328C19CE8F713790D613560BE209D8DC4FF3CC1.868AEAFF0E70D0430196B40EEB1C03C078649D50&ratebypass=yes&mv=m&mt=1502223770&ms=au&ei=8R2KWY6ZI4_LcqzBjsgG&expire=1502245457&requiressl=yes&mn=sn-4g5e6nlk&mm=31&ipbits=0&itag=18&source=youtube&id=o-ANlyW1LTdj9pWk1Ad1nXcTCycEwqzJ-vfO1aqmHJIJlZ&key=yt6&ip=131.159.40.117&lmt=1418929080291255&dur=159.358", "player_url": null, "ext": "mp4", "width": 480, "height": 360, "acodec": "mp4a.40.2", "abr": 96, "vcodec": "avc1.42001E", "resolution": "480x360", "format_note": "medium", "format": "18 - 480x360 (medium)", "protocol": "https", "http_headers": {"User-Agent": "Mozilla/5.0 (X11; Linux x86_64; rv:10.0) Gecko/20150101 Firefox/47.0 (Chrome)", "Accept-Charset": "ISO-8859-1,utf-8;q=0.7,*;q=0.7", "Accept": "text/html,application/xhtml+xml,application/xml;q=0.9,*/*;q=0.8", "Accept-Encoding": "gzip, deflate", "Accept-Language": "en-us,en;q=0.5"}}, {"format_id": "43", "url": "https://r4---sn-4g5e6nlk.googlevideo.com/videoplayback?mime=video%2Fwebm&sparams=clen%2Cdur%2Cei%2Cgir%2Cid%2Cinitcwndbps%2Cip%2Cipbits%2Citag%2Clmt%2Cmime%2Cmm%2Cmn%2Cms%2Cmv%2Cpl%2Cratebypass%2Crequiressl%2Csource%2Cexpire&clen=15001853&initcwndbps=3112500&gir=yes&pl=16&signature=76F2B1AF257581B9EED64BC25788AD71AD9E5C8B.E39AFE5A5C9A80789AB0E5C5BEF2E8C94EFE398C&ratebypass=yes&mv=m&mt=1502223770&ms=au&ei=8R2KWY6ZI4_LcqzBjsgG&expire=1502245457&requiressl=yes&mn=sn-4g5e6nlk&mm=31&ipbits=0&itag=43&source=youtube&id=o-ANlyW1LTdj9pWk1Ad1nXcTCycEwqzJ-vfO1aqmHJIJlZ&key=yt6&ip=131.159.40.117&lmt=1418737578906246&dur=0.000", "player_url": null, "ext": "webm", "width": 640, "height": 360, "acodec": "vorbis", "abr": 128, "vcodec": "vp8.0", "resolution": "640x360", "format_note": "medium", "format": "43 - 640x360 (medium)", "protocol": "https", "http_headers": {"User-Agent": "Mozilla/5.0 (X11; Linux x86_64; rv:10.0) Gecko/20150101 Firefox/47.0 (Chrome)", "Accept-Charset": "ISO-8859-1,utf-8;q=0.7,*;q=0.7", "Accept": "text/html,application/xhtml+xml,application/xml;q=0.9,*/*;q=0.8", "Accept-Encoding": "gzip, deflate", "Accept-Language": "en-us,en;q=0.5"}}], "is_live": null, "start_time": null, "end_time": null, "series": null, "season_number": null, "episode_number": null, "extractor": "youtube", "webpage_url_basename": "y2hDXi4Dt5k", "extractor_key": "Youtube", "playlist": null, "playlist_index": null, "thumbnails": [{"url": "https://i.ytimg.com/vi/y2hDXi4Dt5k/hqdefault.jpg", "id": "0"}], "display_id": "y2hDXi4Dt5k", "ext": "mp4", "height": 480, "format_note": "DASH video", "vcodec": "avc1.4d401e", "format_id": "135", "url": "https://r4---sn-4g5e6nlk.googlevideo.com/videoplayback?id=cb68435e2e03b799&itag=135&source=youtube&requiressl=yes&pl=16&mn=sn-4g5e6nlk&mm=31&initcwndbps=3112500&mv=m&ms=au&ei=8h2KWcW3A5CFcv3PoBg&ratebypass=yes&mime=video/mp4&gir=yes&clen=10524065&lmt=1418929125066728&dur=159.259&signature=8B2FBFD3BCF55C65AF2642321467A1D3F5A38476.778C168B42857AA191F26BC89B699A75E3DA5586&key=dg_yt0&mt=1502223770&ip=131.159.40.117&ipbits=0&expire=1502245458&sparams=ip,ipbits,expire,id,itag,source,requiressl,pl,mn,mm,initcwndbps,mv,ms,ei,ratebypass,mime,gir,clen,lmt,dur", "manifest_url": "https://manifest.googlevideo.com/api/manifest/dash/pl/16/mn/sn-4g5e6nlk/mm/31/hfr/1/signature/63DBADF3A7FFD5ABF2F19EFD3318A255AD57E75E.BC32FD194D72C245EE07369079585946DBE92114/ipbits/0/initcwndbps/3112500/key/yt6/ip/131.159.40.117/playback_host/r4---sn-4g5e6nlk.googlevideo.com/requiressl/yes/as/fmp4_audio_clear%2Cfmp4_sd_hd_clear/source/youtube/sparams/as%2Cei%2Chfr%2Cid%2Cinitcwndbps%2Cip%2Cipbits%2Citag%2Cmm%2Cmn%2Cms%2Cmv%2Cpl%2Cplayback_host%2Crequiressl%2Csource%2Cexpire/expire/1502245458/mv/m/itag/0/mt/1502223770/ms/au/ei/8h2KWcW3A5CFcv3PoBg/id/cb68435e2e03b799", "width": 640, "tbr": 765.276, "asr": null, "fps": 30, "language": null, "filesize": 10524065, "acodec": "none", "format": "135 - 640x480 (DASH video)", "protocol": "https", "http_headers": {"User-Agent": "Mozilla/5.0 (X11; Linux x86_64; rv:10.0) Gecko/20150101 Firefox/47.0 (Chrome)", "Accept-Charset": "ISO-8859-1,utf-8;q=0.7,*;q=0.7", "Accept": "text/html,application/xhtml+xml,application/xml;q=0.9,*/*;q=0.8", "Accept-Encoding": "gzip, deflate", "Accept-Language": "en-us,en;q=0.5"}, "fulltitle": "\u062c\u0628\u0627\u0644 \u0627\u0644\u0631\u064a\u0641 \u062a\u0643\u062a\u0633\u064a \u0627\u0644\u0628\u064a\u0627\u0636 \u0628\u0627\u0644\u062b\u0644\u0648\u062c", "_filename": "y2hDXi4Dt5k.mp4"}