{"id": "pbYYDdYlnA0", "uploader": "\u0421\u0442\u043e\u043b\u0438\u0447\u043d\u043e\u0435 \u0422\u0435\u043b\u0435\u0432\u0438\u0434\u0435\u043d\u0438\u0435", "uploader_id": "ctvbyonline", "uploader_url": "http://www.youtube.com/user/ctvbyonline", "upload_date": "20130223", "license": "Standard YouTube License", "creator": null, "title": "CTV.BY: \u041d\u043e\u0432\u043e\u0441\u0442\u0438 \"24 \u0447\u0430\u0441\u0430\" 23 \u0444\u0435\u0432\u0440\u0430\u043b\u044f 2013 \u0437\u0430 19.30 (2)", "alt_title": null, "thumbnail": "https://i.ytimg.com/vi/pbYYDdYlnA0/hqdefault.jpg", "description": "\u0412\u0437\u0440\u044b\u0432 \u0432 \u043c\u043d\u043e\u0433\u043e\u044d\u0442\u0430\u0436\u043a\u0435 \u043d\u0430 \u0443\u043b\u0438\u0446\u0435 \u041f\u043b\u0435\u0445\u0430\u043d\u043e\u0432\u0430 \u0432 \u041c\u0438\u043d\u0441\u043a\u0435: 2 \u0447\u0435\u043b\u043e\u0432\u0435\u043a\u0430 \u043f\u043e\u0433\u0438\u0431\u043b\u0438  http://www.ctv.by/novosti-minska-i-minskoy-oblasti/pozhar-v-mnogoetazhke-na-ulice-plehanova-v-minske-2-cheloveka\n\u0412 \u0412\u0438\u0442\u0435\u0431\u0441\u043a\u0435 \u0438 \u041c\u0438\u043d\u0441\u043a\u0435 \u0441\u043e\u0431\u0440\u0430\u043b\u0438\u0441\u044c \u043b\u044e\u0431\u0438\u0442\u0435\u043b\u0438 \u043b\u044b\u0436\u043d\u043e\u0433\u043e \u0441\u043f\u043e\u0440\u0442\u0430 http://www.ctv.by/novosti-vitebska-i-vitebskoy-oblasti/v-vitebske-sobralis-lyubiteli-lyzhnogo-sporta", "categories": ["News & Politics"], "tags": ["\\\u041d\u043e\u0432\u043e\u0441\u0442\u0438 \u0411\u0435\u043b\u0430\u0440\u0443\u0441\u0438\\"], "subtitles": {}, "automatic_captions": {}, "duration": 410, "age_limit": 0, "annotations": null, "chapters": null, "webpage_url": "https://www.youtube.com/watch?v=pbYYDdYlnA0", "view_count": 2183, "like_count": 0, "dislike_count": 0, "average_rating": 0.0, "formats": [{"ext": "m4a", "format_note": "DASH audio", "acodec": "mp4a.40.5", "abr": 48, "container": "m4a_dash", "format_id": "139", "url": "https://r8---sn-xjpm-q0nl.googlevideo.com/videoplayback?id=a5b6180dd6259c0d&itag=139&source=youtube&requiressl=yes&mv=u&ms=au&mn=sn-xjpm-q0nl&pl=16&mm=31&ei=WImKWeHUCJGgWoWMqaAI&ratebypass=yes&mime=audio/mp4&gir=yes&clen=2439809&lmt=1380852462037153&dur=410.110&signature=076B3D5580C5A24EB0998B1BD60F54AAB2DE94BF.83E9C098F8CB9E194D9030F817B44D172EAC34AF&mt=1502251248&key=dg_yt0&ip=131.159.40.117&ipbits=0&expire=1502272952&sparams=ip,ipbits,expire,id,itag,source,requiressl,mv,ms,mn,pl,mm,ei,ratebypass,mime,gir,clen,lmt,dur", "manifest_url": "https://manifest.googlevideo.com/api/manifest/dash/sparams/as%2Cei%2Chfr%2Cid%2Cip%2Cipbits%2Citag%2Cmm%2Cmn%2Cms%2Cmv%2Cpl%2Cplayback_host%2Crequiressl%2Csource%2Cexpire/mv/u/itag/0/ip/131.159.40.117/source/youtube/ms/au/hfr/1/ipbits/0/expire/1502272952/requiressl/yes/id/a5b6180dd6259c0d/mn/sn-xjpm-q0nl/pl/16/playback_host/r8---sn-xjpm-q0nl.googlevideo.com/mm/31/signature/861091F99BD5F556C071202DF7019D1B7B3D80DB.2F34A1904AB96A07562FF825A11F8A8F7BE16C58/ei/WImKWeHUCJGgWoWMqaAI/as/fmp4_audio_clear%2Cfmp4_sd_hd_clear/mt/1502251248/key/yt6", "width": null, "height": null, "tbr": 56.43, "asr": 22050, "fps": null, "language": null, "filesize": 2439809, "vcodec": "none", "format": "139 - audio only (DASH audio)", "protocol": "https", "http_headers": {"User-Agent": "Mozilla/5.0 (X11; Linux x86_64; rv:10.0) Gecko/20150101 Firefox/47.0 (Chrome)", "Accept-Charset": "ISO-8859-1,utf-8;q=0.7,*;q=0.7", "Accept": "text/html,application/xhtml+xml,application/xml;q=0.9,*/*;q=0.8", "Accept-Encoding": "gzip, deflate", "Accept-Language": "en-us,en;q=0.5"}}, {"format_id": "249", "url": "https://r8---sn-xjpm-q0nl.googlevideo.com/videoplayback?requiressl=yes&mm=31&ei=V4mKWYiNKcqHW4L1r4gN&lmt=1453459489829487&mime=audio%2Fwebm&expire=1502272951&keepalive=yes&source=youtube&dur=410.001&itag=249&pl=16&mv=u&ipbits=0&clen=2742620&signature=40628C7BD08142A00CC1152838DEBCE3C1ED0003.1B6BD9759D8C8C47B97877E126BA281C1AD1A4AC&id=o-AFO9FK6b_CB1_3zigZFg8-enGVdA-j4Cv5ipCWYvbKjM&sparams=clen%2Cdur%2Cei%2Cgir%2Cid%2Cip%2Cipbits%2Citag%2Ckeepalive%2Clmt%2Cmime%2Cmm%2Cmn%2Cms%2Cmv%2Cpl%2Crequiressl%2Csource%2Cexpire&mn=sn-xjpm-q0nl&ms=au&mt=1502251248&gir=yes&ip=131.159.40.117&key=yt6&ratebypass=yes", "player_url": null, "ext": "webm", "format_note": "DASH audio", "acodec": "opus", "abr": 50, "filesize": 2742620, "tbr": 63.631, "vcodec": "none", "format": "249 - audio only (DASH audio)", "protocol": "https", "http_headers": {"User-Agent": "Mozilla/5.0 (X11; Linux x86_64; rv:10.0) Gecko/20150101 Firefox/47.0 (Chrome)", "Accept-Charset": "ISO-8859-1,utf-8;q=0.7,*;q=0.7", "Accept": "text/html,application/xhtml+xml,application/xml;q=0.9,*/*;q=0.8", "Accept-Encoding": "gzip, deflate", "Accept-Language": "en-us,en;q=0.5"}}, {"format_id": "171", "url": "https://r8---sn-xjpm-q0nl.googlevideo.com/videoplayback?requiressl=yes&mm=31&ei=V4mKWYiNKcqHW4L1r4gN&lmt=1453459486916426&mime=audio%2Fwebm&expire=1502272951&keepalive=yes&source=youtube&dur=410.003&itag=171&pl=16&mv=u&ipbits=0&clen=3954419&signature=AE259514FF5F020E447255A434FDB701D040273A.7F4F0C21FAE2FB70DA1CD10750C833953F1A53D9&id=o-AFO9FK6b_CB1_3zigZFg8-enGVdA-j4Cv5ipCWYvbKjM&sparams=clen%2Cdur%2Cei%2Cgir%2Cid%2Cip%2Cipbits%2Citag%2Ckeepalive%2Clmt%2Cmime%2Cmm%2Cmn%2Cms%2Cmv%2Cpl%2Crequiressl%2Csource%2Cexpire&mn=sn-xjpm-q0nl&ms=au&mt=1502251248&gir=yes&ip=131.159.40.117&key=yt6&ratebypass=yes", "player_url": null, "ext": "webm", "acodec": "vorbis", "format_note": "DASH audio", "abr": 128, "filesize": 3954419, "tbr": 83.208, "vcodec": "none", "format": "171 - audio only (DASH audio)", "protocol": "https", "http_headers": {"User-Agent": "Mozilla/5.0 (X11; Linux x86_64; rv:10.0) Gecko/20150101 Firefox/47.0 (Chrome)", "Accept-Charset": "ISO-8859-1,utf-8;q=0.7,*;q=0.7", "Accept": "text/html,application/xhtml+xml,application/xml;q=0.9,*/*;q=0.8", "Accept-Encoding": "gzip, deflate", "Accept-Language": "en-us,en;q=0.5"}}, {"format_id": "250", "url": "https://r8---sn-xjpm-q0nl.googlevideo.com/videoplayback?requiressl=yes&mm=31&ei=V4mKWYiNKcqHW4L1r4gN&lmt=1453459487275793&mime=audio%2Fwebm&expire=1502272951&keepalive=yes&source=youtube&dur=410.001&itag=250&pl=16&mv=u&ipbits=0&clen=3670907&signature=ABCACE8B9258CA9D9021B150F641B21E60D7E538.AEB3CF72192AAF206EDE953C23A2398AAE6E44A0&id=o-AFO9FK6b_CB1_3zigZFg8-enGVdA-j4Cv5ipCWYvbKjM&sparams=clen%2Cdur%2Cei%2Cgir%2Cid%2Cip%2Cipbits%2Citag%2Ckeepalive%2Clmt%2Cmime%2Cmm%2Cmn%2Cms%2Cmv%2Cpl%2Crequiressl%2Csource%2Cexpire&mn=sn-xjpm-q0nl&ms=au&mt=1502251248&gir=yes&ip=131.159.40.117&key=yt6&ratebypass=yes", "player_url": null, "ext": "webm", "format_note": "DASH audio", "acodec": "opus", "abr": 70, "filesize": 3670907, "tbr": 88.117, "vcodec": "none", "format": "250 - audio only (DASH audio)", "protocol": "https", "http_headers": {"User-Agent": "Mozilla/5.0 (X11; Linux x86_64; rv:10.0) Gecko/20150101 Firefox/47.0 (Chrome)", "Accept-Charset": "ISO-8859-1,utf-8;q=0.7,*;q=0.7", "Accept": "text/html,application/xhtml+xml,application/xml;q=0.9,*/*;q=0.8", "Accept-Encoding": "gzip, deflate", "Accept-Language": "en-us,en;q=0.5"}}, {"ext": "m4a", "format_note": "DASH audio", "acodec": "mp4a.40.2", "abr": 128, "container": "m4a_dash", "format_id": "140", "url": "https://r8---sn-xjpm-q0nl.googlevideo.com/videoplayback?id=a5b6180dd6259c0d&itag=140&source=youtube&requiressl=yes&mv=u&ms=au&mn=sn-xjpm-q0nl&pl=16&mm=31&ei=WImKWeHUCJGgWoWMqaAI&ratebypass=yes&mime=audio/mp4&gir=yes&clen=6513694&lmt=1380852462038485&dur=410.064&signature=3379206472DF4113BFB88988B6C19B8AF0886518.8C830EC70A6CF9A1815BF1CBD64E2C9EA1F42B50&mt=1502251248&key=dg_yt0&ip=131.159.40.117&ipbits=0&expire=1502272952&sparams=ip,ipbits,expire,id,itag,source,requiressl,mv,ms,mn,pl,mm,ei,ratebypass,mime,gir,clen,lmt,dur", "manifest_url": "https://manifest.googlevideo.com/api/manifest/dash/sparams/as%2Cei%2Chfr%2Cid%2Cip%2Cipbits%2Citag%2Cmm%2Cmn%2Cms%2Cmv%2Cpl%2Cplayback_host%2Crequiressl%2Csource%2Cexpire/mv/u/itag/0/ip/131.159.40.117/source/youtube/ms/au/hfr/1/ipbits/0/expire/1502272952/requiressl/yes/id/a5b6180dd6259c0d/mn/sn-xjpm-q0nl/pl/16/playback_host/r8---sn-xjpm-q0nl.googlevideo.com/mm/31/signature/861091F99BD5F556C071202DF7019D1B7B3D80DB.2F34A1904AB96A07562FF825A11F8A8F7BE16C58/ei/WImKWeHUCJGgWoWMqaAI/as/fmp4_audio_clear%2Cfmp4_sd_hd_clear/mt/1502251248/key/yt6", "width": null, "height": null, "tbr": 142.434, "asr": 44100, "fps": null, "language": null, "filesize": 6513694, "vcodec": "none", "format": "140 - audio only (DASH audio)", "protocol": "https", "http_headers": {"User-Agent": "Mozilla/5.0 (X11; Linux x86_64; rv:10.0) Gecko/20150101 Firefox/47.0 (Chrome)", "Accept-Charset": "ISO-8859-1,utf-8;q=0.7,*;q=0.7", "Accept": "text/html,application/xhtml+xml,application/xml;q=0.9,*/*;q=0.8", "Accept-Encoding": "gzip, deflate", "Accept-Language": "en-us,en;q=0.5"}}, {"format_id": "251", "url": "https://r8---sn-xjpm-q0nl.googlevideo.com/videoplayback?requiressl=yes&mm=31&ei=V4mKWYiNKcqHW4L1r4gN&lmt=1453459486905968&mime=audio%2Fwebm&expire=1502272951&keepalive=yes&source=youtube&dur=410.001&itag=251&pl=16&mv=u&ipbits=0&clen=7512141&signature=96AA63E1D9DA9CE5B86BA0227F200FB01EF8601C.C7CB34CDE7C0BA57A2E40D27436F6FE4D130ABFD&id=o-AFO9FK6b_CB1_3zigZFg8-enGVdA-j4Cv5ipCWYvbKjM&sparams=clen%2Cdur%2Cei%2Cgir%2Cid%2Cip%2Cipbits%2Citag%2Ckeepalive%2Clmt%2Cmime%2Cmm%2Cmn%2Cms%2Cmv%2Cpl%2Crequiressl%2Csource%2Cexpire&mn=sn-xjpm-q0nl&ms=au&mt=1502251248&gir=yes&ip=131.159.40.117&key=yt6&ratebypass=yes", "player_url": null, "ext": "webm", "format_note": "DASH audio", "acodec": "opus", "abr": 160, "filesize": 7512141, "tbr": 169.342, "vcodec": "none", "format": "251 - audio only (DASH audio)", "protocol": "https", "http_headers": {"User-Agent": "Mozilla/5.0 (X11; Linux x86_64; rv:10.0) Gecko/20150101 Firefox/47.0 (Chrome)", "Accept-Charset": "ISO-8859-1,utf-8;q=0.7,*;q=0.7", "Accept": "text/html,application/xhtml+xml,application/xml;q=0.9,*/*;q=0.8", "Accept-Encoding": "gzip, deflate", "Accept-Language": "en-us,en;q=0.5"}}, {"format_id": "278", "url": "https://r8---sn-xjpm-q0nl.googlevideo.com/videoplayback?requiressl=yes&mm=31&ei=V4mKWYiNKcqHW4L1r4gN&lmt=1453459793267720&mime=video%2Fwebm&expire=1502272951&keepalive=yes&source=youtube&dur=409.920&itag=278&pl=16&mv=u&ipbits=0&clen=3999083&signature=DF4584B0F089815E45054D6172044BDE5C863836.D12865E3638154E47FB3DE95BA50E97D3C44475A&id=o-AFO9FK6b_CB1_3zigZFg8-enGVdA-j4Cv5ipCWYvbKjM&sparams=clen%2Cdur%2Cei%2Cgir%2Cid%2Cip%2Cipbits%2Citag%2Ckeepalive%2Clmt%2Cmime%2Cmm%2Cmn%2Cms%2Cmv%2Cpl%2Crequiressl%2Csource%2Cexpire&mn=sn-xjpm-q0nl&ms=au&mt=1502251248&gir=yes&ip=131.159.40.117&key=yt6&ratebypass=yes", "player_url": null, "ext": "webm", "height": 144, "format_note": "144p", "container": "webm", "vcodec": "vp9", "filesize": 3999083, "tbr": 107.243, "width": 196, "fps": 13, "acodec": "none", "format": "278 - 196x144 (144p)", "protocol": "https", "http_headers": {"User-Agent": "Mozilla/5.0 (X11; Linux x86_64; rv:10.0) Gecko/20150101 Firefox/47.0 (Chrome)", "Accept-Charset": "ISO-8859-1,utf-8;q=0.7,*;q=0.7", "Accept": "text/html,application/xhtml+xml,application/xml;q=0.9,*/*;q=0.8", "Accept-Encoding": "gzip, deflate", "Accept-Language": "en-us,en;q=0.5"}}, {"ext": "mp4", "height": 144, "format_note": "DASH video", "vcodec": "avc1.42c00c", "format_id": "160", "url": "https://r8---sn-xjpm-q0nl.googlevideo.com/videoplayback?id=a5b6180dd6259c0d&itag=160&source=youtube&requiressl=yes&mv=u&ms=au&mn=sn-xjpm-q0nl&pl=16&mm=31&ei=WImKWeHUCJGgWoWMqaAI&ratebypass=yes&mime=video/mp4&gir=yes&clen=5668756&lmt=1380852461946306&dur=409.960&signature=93043AB45B14C314BC05DF3820A3B1E6B8B0574A.3FE3FDF8C066D20D7D3EEDDB1EB7A40E635D5C1C&mt=1502251248&key=dg_yt0&ip=131.159.40.117&ipbits=0&expire=1502272952&sparams=ip,ipbits,expire,id,itag,source,requiressl,mv,ms,mn,pl,mm,ei,ratebypass,mime,gir,clen,lmt,dur", "manifest_url": "https://manifest.googlevideo.com/api/manifest/dash/sparams/as%2Cei%2Chfr%2Cid%2Cip%2Cipbits%2Citag%2Cmm%2Cmn%2Cms%2Cmv%2Cpl%2Cplayback_host%2Crequiressl%2Csource%2Cexpire/mv/u/itag/0/ip/131.159.40.117/source/youtube/ms/au/hfr/1/ipbits/0/expire/1502272952/requiressl/yes/id/a5b6180dd6259c0d/mn/sn-xjpm-q0nl/pl/16/playback_host/r8---sn-xjpm-q0nl.googlevideo.com/mm/31/signature/861091F99BD5F556C071202DF7019D1B7B3D80DB.2F34A1904AB96A07562FF825A11F8A8F7BE16C58/ei/WImKWeHUCJGgWoWMqaAI/as/fmp4_audio_clear%2Cfmp4_sd_hd_clear/mt/1502251248/key/yt6", "width": 198, "tbr": 113.834, "asr": null, "fps": 15, "language": null, "filesize": 5668756, "acodec": "none", "format": "160 - 198x144 (DASH video)", "protocol": "https", "http_headers": {"User-Agent": "Mozilla/5.0 (X11; Linux x86_64; rv:10.0) Gecko/20150101 Firefox/47.0 (Chrome)", "Accept-Charset": "ISO-8859-1,utf-8;q=0.7,*;q=0.7", "Accept": "text/html,application/xhtml+xml,application/xml;q=0.9,*/*;q=0.8", "Accept-Encoding": "gzip, deflate", "Accept-Language": "en-us,en;q=0.5"}}, {"ext": "mp4", "height": 240, "format_note": "DASH video", "vcodec": "avc1.4d400d", "format_id": "133", "url": "https://r8---sn-xjpm-q0nl.googlevideo.com/videoplayback?id=a5b6180dd6259c0d&itag=133&source=youtube&requiressl=yes&mv=u&ms=au&mn=sn-xjpm-q0nl&pl=16&mm=31&ei=WImKWeHUCJGgWoWMqaAI&ratebypass=yes&mime=video/mp4&gir=yes&clen=12524567&lmt=1380852461947458&dur=409.960&signature=024D64E1842E964CD964015CEA8555E53FCEBB35.83EEE60CD12393CCDDCE7A126EC43B9BA70CF4E2&mt=1502251248&key=dg_yt0&ip=131.159.40.117&ipbits=0&expire=1502272952&sparams=ip,ipbits,expire,id,itag,source,requiressl,mv,ms,mn,pl,mm,ei,ratebypass,mime,gir,clen,lmt,dur", "manifest_url": "https://manifest.googlevideo.com/api/manifest/dash/sparams/as%2Cei%2Chfr%2Cid%2Cip%2Cipbits%2Citag%2Cmm%2Cmn%2Cms%2Cmv%2Cpl%2Cplayback_host%2Crequiressl%2Csource%2Cexpire/mv/u/itag/0/ip/131.159.40.117/source/youtube/ms/au/hfr/1/ipbits/0/expire/1502272952/requiressl/yes/id/a5b6180dd6259c0d/mn/sn-xjpm-q0nl/pl/16/playback_host/r8---sn-xjpm-q0nl.googlevideo.com/mm/31/signature/861091F99BD5F556C071202DF7019D1B7B3D80DB.2F34A1904AB96A07562FF825A11F8A8F7BE16C58/ei/WImKWeHUCJGgWoWMqaAI/as/fmp4_audio_clear%2Cfmp4_sd_hd_clear/mt/1502251248/key/yt6", "width": 328, "tbr": 248.423, "asr": null, "fps": 25, "language": null, "filesize": 12524567, "acodec": "none", "format": "133 - 328x240 (DASH video)", "protocol": "https", "http_headers": {"User-Agent": "Mozilla/5.0 (X11; Linux x86_64; rv:10.0) Gecko/20150101 Firefox/47.0 (Chrome)", "Accept-Charset": "ISO-8859-1,utf-8;q=0.7,*;q=0.7", "Accept": "text/html,application/xhtml+xml,application/xml;q=0.9,*/*;q=0.8", "Accept-Encoding": "gzip, deflate", "Accept-Language": "en-us,en;q=0.5"}}, {"format_id": "242", "url": "https://r8---sn-xjpm-q0nl.googlevideo.com/videoplayback?requiressl=yes&mm=31&ei=V4mKWYiNKcqHW4L1r4gN&lmt=1453459793271357&mime=video%2Fwebm&expire=1502272951&keepalive=yes&source=youtube&dur=409.960&itag=242&pl=16&mv=u&ipbits=0&clen=9502199&signature=BBE3827EEB019634F0A6FB44C20B26B0AF8DA8CE.90A4B3D3FE6E5545F1F2655A2A12E09D140D5A38&id=o-AFO9FK6b_CB1_3zigZFg8-enGVdA-j4Cv5ipCWYvbKjM&sparams=clen%2Cdur%2Cei%2Cgir%2Cid%2Cip%2Cipbits%2Citag%2Ckeepalive%2Clmt%2Cmime%2Cmm%2Cmn%2Cms%2Cmv%2Cpl%2Crequiressl%2Csource%2Cexpire&mn=sn-xjpm-q0nl&ms=au&mt=1502251248&gir=yes&ip=131.159.40.117&key=yt6&ratebypass=yes", "player_url": null, "ext": "webm", "height": 240, "format_note": "240p", "vcodec": "vp9", "filesize": 9502199, "tbr": 266.392, "width": 328, "fps": 25, "acodec": "none", "format": "242 - 328x240 (240p)", "protocol": "https", "http_headers": {"User-Agent": "Mozilla/5.0 (X11; Linux x86_64; rv:10.0) Gecko/20150101 Firefox/47.0 (Chrome)", "Accept-Charset": "ISO-8859-1,utf-8;q=0.7,*;q=0.7", "Accept": "text/html,application/xhtml+xml,application/xml;q=0.9,*/*;q=0.8", "Accept-Encoding": "gzip, deflate", "Accept-Language": "en-us,en;q=0.5"}}, {"format_id": "243", "url": "https://r8---sn-xjpm-q0nl.googlevideo.com/videoplayback?requiressl=yes&mm=31&ei=V4mKWYiNKcqHW4L1r4gN&lmt=1453459793971322&mime=video%2Fwebm&expire=1502272951&keepalive=yes&source=youtube&dur=409.960&itag=243&pl=16&mv=u&ipbits=0&clen=16995283&signature=9FC8AF143AA231D88D90618D06BD85D193DA30D2.68215826C31B4C8DD1D05493CF77C3DA7C706F58&id=o-AFO9FK6b_CB1_3zigZFg8-enGVdA-j4Cv5ipCWYvbKjM&sparams=clen%2Cdur%2Cei%2Cgir%2Cid%2Cip%2Cipbits%2Citag%2Ckeepalive%2Clmt%2Cmime%2Cmm%2Cmn%2Cms%2Cmv%2Cpl%2Crequiressl%2Csource%2Cexpire&mn=sn-xjpm-q0nl&ms=au&mt=1502251248&gir=yes&ip=131.159.40.117&key=yt6&ratebypass=yes", "player_url": null, "ext": "webm", "height": 360, "format_note": "360p", "vcodec": "vp9", "filesize": 16995283, "tbr": 483.279, "width": 492, "fps": 25, "acodec": "none", "format": "243 - 492x360 (360p)", "protocol": "https", "http_headers": {"User-Agent": "Mozilla/5.0 (X11; Linux x86_64; rv:10.0) Gecko/20150101 Firefox/47.0 (Chrome)", "Accept-Charset": "ISO-8859-1,utf-8;q=0.7,*;q=0.7", "Accept": "text/html,application/xhtml+xml,application/xml;q=0.9,*/*;q=0.8", "Accept-Encoding": "gzip, deflate", "Accept-Language": "en-us,en;q=0.5"}}, {"ext": "mp4", "height": 360, "format_note": "DASH video", "vcodec": "avc1.4d4015", "format_id": "134", "url": "https://r8---sn-xjpm-q0nl.googlevideo.com/videoplayback?id=a5b6180dd6259c0d&itag=134&source=youtube&requiressl=yes&mv=u&ms=au&mn=sn-xjpm-q0nl&pl=16&mm=31&ei=WImKWeHUCJGgWoWMqaAI&ratebypass=yes&mime=video/mp4&gir=yes&clen=22556652&lmt=1380852461947874&dur=409.960&signature=243AEFA864070EE6A374444F41B8A8C147C2CB2F.140AB8943884308F10AFB4EEBD4DDA1899C35278&mt=1502251248&key=dg_yt0&ip=131.159.40.117&ipbits=0&expire=1502272952&sparams=ip,ipbits,expire,id,itag,source,requiressl,mv,ms,mn,pl,mm,ei,ratebypass,mime,gir,clen,lmt,dur", "manifest_url": "https://manifest.googlevideo.com/api/manifest/dash/sparams/as%2Cei%2Chfr%2Cid%2Cip%2Cipbits%2Citag%2Cmm%2Cmn%2Cms%2Cmv%2Cpl%2Cplayback_host%2Crequiressl%2Csource%2Cexpire/mv/u/itag/0/ip/131.159.40.117/source/youtube/ms/au/hfr/1/ipbits/0/expire/1502272952/requiressl/yes/id/a5b6180dd6259c0d/mn/sn-xjpm-q0nl/pl/16/playback_host/r8---sn-xjpm-q0nl.googlevideo.com/mm/31/signature/861091F99BD5F556C071202DF7019D1B7B3D80DB.2F34A1904AB96A07562FF825A11F8A8F7BE16C58/ei/WImKWeHUCJGgWoWMqaAI/as/fmp4_audio_clear%2Cfmp4_sd_hd_clear/mt/1502251248/key/yt6", "width": 492, "tbr": 607.765, "asr": null, "fps": 25, "language": null, "filesize": 22556652, "acodec": "none", "format": "134 - 492x360 (DASH video)", "protocol": "https", "http_headers": {"User-Agent": "Mozilla/5.0 (X11; Linux x86_64; rv:10.0) Gecko/20150101 Firefox/47.0 (Chrome)", "Accept-Charset": "ISO-8859-1,utf-8;q=0.7,*;q=0.7", "Accept": "text/html,application/xhtml+xml,application/xml;q=0.9,*/*;q=0.8", "Accept-Encoding": "gzip, deflate", "Accept-Language": "en-us,en;q=0.5"}}, {"format_id": "244", "url": "https://r8---sn-xjpm-q0nl.googlevideo.com/videoplayback?requiressl=yes&mm=31&ei=V4mKWYiNKcqHW4L1r4gN&lmt=1453459794217986&mime=video%2Fwebm&expire=1502272951&keepalive=yes&source=youtube&dur=409.960&itag=244&pl=16&mv=u&ipbits=0&clen=30319997&signature=D8FDB83509C7DD8E2DC221F23AF5E5678D171C02.5FE126AC78DA614E687E9512ADF8816152B2EFF4&id=o-AFO9FK6b_CB1_3zigZFg8-enGVdA-j4Cv5ipCWYvbKjM&sparams=clen%2Cdur%2Cei%2Cgir%2Cid%2Cip%2Cipbits%2Citag%2Ckeepalive%2Clmt%2Cmime%2Cmm%2Cmn%2Cms%2Cmv%2Cpl%2Crequiressl%2Csource%2Cexpire&mn=sn-xjpm-q0nl&ms=au&mt=1502251248&gir=yes&ip=131.159.40.117&key=yt6&ratebypass=yes", "player_url": null, "ext": "webm", "height": 480, "format_note": "480p", "vcodec": "vp9", "filesize": 30319997, "tbr": 918.192, "width": 656, "fps": 25, "acodec": "none", "format": "244 - 656x480 (480p)", "protocol": "https", "http_headers": {"User-Agent": "Mozilla/5.0 (X11; Linux x86_64; rv:10.0) Gecko/20150101 Firefox/47.0 (Chrome)", "Accept-Charset": "ISO-8859-1,utf-8;q=0.7,*;q=0.7", "Accept": "text/html,application/xhtml+xml,application/xml;q=0.9,*/*;q=0.8", "Accept-Encoding": "gzip, deflate", "Accept-Language": "en-us,en;q=0.5"}}, {"ext": "mp4", "height": 480, "format_note": "DASH video", "vcodec": "avc1.4d401e", "format_id": "135", "url": "https://r8---sn-xjpm-q0nl.googlevideo.com/videoplayback?id=a5b6180dd6259c0d&itag=135&source=youtube&requiressl=yes&mv=u&ms=au&mn=sn-xjpm-q0nl&pl=16&mm=31&ei=WImKWeHUCJGgWoWMqaAI&ratebypass=yes&mime=video/mp4&gir=yes&clen=44331563&lmt=1380852462970499&dur=409.960&signature=9A6DF0A4AB89008E5DE01D1957441152307FDAB5.6842DF43B378EB93C8366A4D0A67E4A6B83EB43C&mt=1502251248&key=dg_yt0&ip=131.159.40.117&ipbits=0&expire=1502272952&sparams=ip,ipbits,expire,id,itag,source,requiressl,mv,ms,mn,pl,mm,ei,ratebypass,mime,gir,clen,lmt,dur", "manifest_url": "https://manifest.googlevideo.com/api/manifest/dash/sparams/as%2Cei%2Chfr%2Cid%2Cip%2Cipbits%2Citag%2Cmm%2Cmn%2Cms%2Cmv%2Cpl%2Cplayback_host%2Crequiressl%2Csource%2Cexpire/mv/u/itag/0/ip/131.159.40.117/source/youtube/ms/au/hfr/1/ipbits/0/expire/1502272952/requiressl/yes/id/a5b6180dd6259c0d/mn/sn-xjpm-q0nl/pl/16/playback_host/r8---sn-xjpm-q0nl.googlevideo.com/mm/31/signature/861091F99BD5F556C071202DF7019D1B7B3D80DB.2F34A1904AB96A07562FF825A11F8A8F7BE16C58/ei/WImKWeHUCJGgWoWMqaAI/as/fmp4_audio_clear%2Cfmp4_sd_hd_clear/mt/1502251248/key/yt6", "width": 656, "tbr": 1108.684, "asr": null, "fps": 25, "language": null, "filesize": 44331563, "acodec": "none", "format": "135 - 656x480 (DASH video)", "protocol": "https", "http_headers": {"User-Agent": "Mozilla/5.0 (X11; Linux x86_64; rv:10.0) Gecko/20150101 Firefox/47.0 (Chrome)", "Accept-Charset": "ISO-8859-1,utf-8;q=0.7,*;q=0.7", "Accept": "text/html,application/xhtml+xml,application/xml;q=0.9,*/*;q=0.8", "Accept-Encoding": "gzip, deflate", "Accept-Language": "en-us,en;q=0.5"}}, {"format_id": "17", "url": "https://r8---sn-xjpm-q0nl.googlevideo.com/videoplayback?mt=1502251248&mv=u&ipbits=0&clen=4219248&requiressl=yes&mm=31&ei=V4mKWYiNKcqHW4L1r4gN&signature=99C21D1B803E1BFE5B25B7FF0B28B670D7354477.96D1E31499D2275BE2378581543B4522DEE0EF0D&lmt=1361641078848467&mime=video%2F3gpp&id=o-AFO9FK6b_CB1_3zigZFg8-enGVdA-j4Cv5ipCWYvbKjM&expire=1502272951&sparams=clen%2Cdur%2Cei%2Cgir%2Cid%2Cip%2Cipbits%2Citag%2Clmt%2Cmime%2Cmm%2Cmn%2Cms%2Cmv%2Cpl%2Crequiressl%2Csource%2Cexpire&mn=sn-xjpm-q0nl&ms=au&source=youtube&gir=yes&dur=410.203&itag=17&pl=16&ip=131.159.40.117&key=yt6&ratebypass=yes", "player_url": null, "ext": "3gp", "width": 176, "height": 144, "acodec": "mp4a.40.2", "abr": 24, "vcodec": "mp4v.20.3", "resolution": "176x144", "format_note": "small", "format": "17 - 176x144 (small)", "protocol": "https", "http_headers": {"User-Agent": "Mozilla/5.0 (X11; Linux x86_64; rv:10.0) Gecko/20150101 Firefox/47.0 (Chrome)", "Accept-Charset": "ISO-8859-1,utf-8;q=0.7,*;q=0.7", "Accept": "text/html,application/xhtml+xml,application/xml;q=0.9,*/*;q=0.8", "Accept-Encoding": "gzip, deflate", "Accept-Language": "en-us,en;q=0.5"}}, {"format_id": "36", "url": "https://r8---sn-xjpm-q0nl.googlevideo.com/videoplayback?mt=1502251248&mv=u&ipbits=0&clen=11625233&requiressl=yes&mm=31&ei=V4mKWYiNKcqHW4L1r4gN&signature=2EF0DED111097FF4D9A1E2FD20B46C08CDEAF058.88FCAAEC3414F5F35009BA9800FA9C80F3EC9B27&lmt=1361641080989765&mime=video%2F3gpp&id=o-AFO9FK6b_CB1_3zigZFg8-enGVdA-j4Cv5ipCWYvbKjM&expire=1502272951&sparams=clen%2Cdur%2Cei%2Cgir%2Cid%2Cip%2Cipbits%2Citag%2Clmt%2Cmime%2Cmm%2Cmn%2Cms%2Cmv%2Cpl%2Crequiressl%2Csource%2Cexpire&mn=sn-xjpm-q0nl&ms=au&source=youtube&gir=yes&dur=410.203&itag=36&pl=16&ip=131.159.40.117&key=yt6&ratebypass=yes", "player_url": null, "ext": "3gp", "width": 320, "acodec": "mp4a.40.2", "vcodec": "mp4v.20.3", "resolution": "320x234", "height": 234, "format_note": "small", "format": "36 - 320x234 (small)", "protocol": "https", "http_headers": {"User-Agent": "Mozilla/5.0 (X11; Linux x86_64; rv:10.0) Gecko/20150101 Firefox/47.0 (Chrome)", "Accept-Charset": "ISO-8859-1,utf-8;q=0.7,*;q=0.7", "Accept": "text/html,application/xhtml+xml,application/xml;q=0.9,*/*;q=0.8", "Accept-Encoding": "gzip, deflate", "Accept-Language": "en-us,en;q=0.5"}}, {"format_id": "18", "url": "https://r8---sn-xjpm-q0nl.googlevideo.com/videoplayback?requiressl=yes&mm=31&ei=V4mKWYiNKcqHW4L1r4gN&lmt=1361641013467415&mime=video%2Fmp4&expire=1502272951&source=youtube&dur=410.134&itag=18&pl=16&mv=u&ipbits=0&clen=29862796&ratebypass=yes&signature=903D06185A02B1B03E2F115CA12D1E71C51D3B41.46080E0C100916E0AD9AE577B822C242E6056691&id=o-AFO9FK6b_CB1_3zigZFg8-enGVdA-j4Cv5ipCWYvbKjM&sparams=clen%2Cdur%2Cei%2Cgir%2Cid%2Cip%2Cipbits%2Citag%2Clmt%2Cmime%2Cmm%2Cmn%2Cms%2Cmv%2Cpl%2Cratebypass%2Crequiressl%2Csource%2Cexpire&mn=sn-xjpm-q0nl&ms=au&mt=1502251248&gir=yes&ip=131.159.40.117&key=yt6", "player_url": null, "ext": "mp4", "width": 492, "height": 360, "acodec": "mp4a.40.2", "abr": 96, "vcodec": "avc1.42001E", "resolution": "492x360", "format_note": "medium", "format": "18 - 492x360 (medium)", "protocol": "https", "http_headers": {"User-Agent": "Mozilla/5.0 (X11; Linux x86_64; rv:10.0) Gecko/20150101 Firefox/47.0 (Chrome)", "Accept-Charset": "ISO-8859-1,utf-8;q=0.7,*;q=0.7", "Accept": "text/html,application/xhtml+xml,application/xml;q=0.9,*/*;q=0.8", "Accept-Encoding": "gzip, deflate", "Accept-Language": "en-us,en;q=0.5"}}, {"format_id": "43", "url": "https://r8---sn-xjpm-q0nl.googlevideo.com/videoplayback?requiressl=yes&mm=31&ei=V4mKWYiNKcqHW4L1r4gN&lmt=1361653491900231&mime=video%2Fwebm&expire=1502272951&source=youtube&dur=0.000&itag=43&pl=16&mv=u&ipbits=0&clen=36534583&ratebypass=yes&signature=A92D3EEC96A00984F04858FA27CC43D03C79289E.C94887E635CE270807BE8408B95E764F121AD6E2&id=o-AFO9FK6b_CB1_3zigZFg8-enGVdA-j4Cv5ipCWYvbKjM&sparams=clen%2Cdur%2Cei%2Cgir%2Cid%2Cip%2Cipbits%2Citag%2Clmt%2Cmime%2Cmm%2Cmn%2Cms%2Cmv%2Cpl%2Cratebypass%2Crequiressl%2Csource%2Cexpire&mn=sn-xjpm-q0nl&ms=au&mt=1502251248&gir=yes&ip=131.159.40.117&key=yt6", "player_url": null, "ext": "webm", "width": 640, "height": 360, "acodec": "vorbis", "abr": 128, "vcodec": "vp8.0", "resolution": "640x360", "format_note": "medium", "format": "43 - 640x360 (medium)", "protocol": "https", "http_headers": {"User-Agent": "Mozilla/5.0 (X11; Linux x86_64; rv:10.0) Gecko/20150101 Firefox/47.0 (Chrome)", "Accept-Charset": "ISO-8859-1,utf-8;q=0.7,*;q=0.7", "Accept": "text/html,application/xhtml+xml,application/xml;q=0.9,*/*;q=0.8", "Accept-Encoding": "gzip, deflate", "Accept-Language": "en-us,en;q=0.5"}}], "is_live": null, "start_time": null, "end_time": null, "series": null, "season_number": null, "episode_number": null, "extractor": "youtube", "webpage_url_basename": "pbYYDdYlnA0", "extractor_key": "Youtube", "playlist": null, "playlist_index": null, "thumbnails": [{"url": "https://i.ytimg.com/vi/pbYYDdYlnA0/hqdefault.jpg", "id": "0"}], "display_id": "pbYYDdYlnA0", "ext": "mp4", "height": 480, "format_note": "DASH video", "vcodec": "avc1.4d401e", "format_id": "135", "url": "https://r8---sn-xjpm-q0nl.googlevideo.com/videoplayback?id=a5b6180dd6259c0d&itag=135&source=youtube&requiressl=yes&mv=u&ms=au&mn=sn-xjpm-q0nl&pl=16&mm=31&ei=WImKWeHUCJGgWoWMqaAI&ratebypass=yes&mime=video/mp4&gir=yes&clen=44331563&lmt=1380852462970499&dur=409.960&signature=9A6DF0A4AB89008E5DE01D1957441152307FDAB5.6842DF43B378EB93C8366A4D0A67E4A6B83EB43C&mt=1502251248&key=dg_yt0&ip=131.159.40.117&ipbits=0&expire=1502272952&sparams=ip,ipbits,expire,id,itag,source,requiressl,mv,ms,mn,pl,mm,ei,ratebypass,mime,gir,clen,lmt,dur", "manifest_url": "https://manifest.googlevideo.com/api/manifest/dash/sparams/as%2Cei%2Chfr%2Cid%2Cip%2Cipbits%2Citag%2Cmm%2Cmn%2Cms%2Cmv%2Cpl%2Cplayback_host%2Crequiressl%2Csource%2Cexpire/mv/u/itag/0/ip/131.159.40.117/source/youtube/ms/au/hfr/1/ipbits/0/expire/1502272952/requiressl/yes/id/a5b6180dd6259c0d/mn/sn-xjpm-q0nl/pl/16/playback_host/r8---sn-xjpm-q0nl.googlevideo.com/mm/31/signature/861091F99BD5F556C071202DF7019D1B7B3D80DB.2F34A1904AB96A07562FF825A11F8A8F7BE16C58/ei/WImKWeHUCJGgWoWMqaAI/as/fmp4_audio_clear%2Cfmp4_sd_hd_clear/mt/1502251248/key/yt6", "width": 656, "tbr": 1108.684, "asr": null, "fps": 25, "language": null, "filesize": 44331563, "acodec": "none", "format": "135 - 656x480 (DASH video)", "protocol": "https", "http_headers": {"User-Agent": "Mozilla/5.0 (X11; Linux x86_64; rv:10.0) Gecko/20150101 Firefox/47.0 (Chrome)", "Accept-Charset": "ISO-8859-1,utf-8;q=0.7,*;q=0.7", "Accept": "text/html,application/xhtml+xml,application/xml;q=0.9,*/*;q=0.8", "Accept-Encoding": "gzip, deflate", "Accept-Language": "en-us,en;q=0.5"}, "fulltitle": "CTV.BY: \u041d\u043e\u0432\u043e\u0441\u0442\u0438 \"24 \u0447\u0430\u0441\u0430\" 23 \u0444\u0435\u0432\u0440\u0430\u043b\u044f 2013 \u0437\u0430 19.30 (2)", "_filename": "pbYYDdYlnA0.mp4"}