{"id": "m7q59EIloX4", "uploader": "CNET", "uploader_id": "CNETTV", "uploader_url": "http://www.youtube.com/user/CNETTV", "upload_date": "20140103", "license": "Standard YouTube License", "creator": null, "title": "CNET Update - Wearable tech, gaming garner early CES buzz", "alt_title": null, "thumbnail": "https://i.ytimg.com/vi/m7q59EIloX4/hqdefault.jpg", "description": "One of the biggest tech events of the year is about to kick off in Las Vegas. CNET's Bridget Carey highlights what to expect at CES 2014.", "categories": ["News"], "tags": ["cbsepisode", "CNET Update", "CNET", "Bridget Carey", "CES2014", "CES", "CES 2014", "Basis Band", "Valve", "Steam Machine", "YouTube", "smart appliances"], "subtitles": {}, "automatic_captions": {}, "duration": 173, "age_limit": 0, "annotations": null, "chapters": null, "webpage_url": "https://www.youtube.com/watch?v=m7q59EIloX4", "view_count": 48066, "like_count": 711, "dislike_count": 22, "average_rating": 4.87994527817, "formats": [{"ext": "m4a", "format_note": "DASH audio", "acodec": "mp4a.40.5", "abr": 48, "container": "m4a_dash", "format_id": "139", "url": "https://r1---sn-4g57knll.googlevideo.com/videoplayback?id=9bbab9f44225a17e&itag=139&source=youtube&requiressl=yes&initcwndbps=3178750&pl=16&ms=au&mm=31&mn=sn-4g57knll&ei=IJuLWaoX1o1alNiYmAI&mv=m&ratebypass=yes&mime=audio/mp4&gir=yes&clen=1030421&lmt=1389675091151712&dur=173.128&key=dg_yt0&signature=66AB3C05C938B20EBE92C851FEB9FA4D515AA7F4.207E9A82CF4BCDA364FBF6A447C179E80FC5CB51&mt=1502321366&ip=131.159.40.117&ipbits=0&expire=1502343040&sparams=ip,ipbits,expire,id,itag,source,requiressl,initcwndbps,pl,ms,mm,mn,ei,mv,ratebypass,mime,gir,clen,lmt,dur", "manifest_url": "https://manifest.googlevideo.com/api/manifest/dash/ip/131.159.40.117/key/yt6/initcwndbps/3178750/signature/95F2A63E5C143C22BF6E9F408B93BE362F44B132.9FA41834A20C1DB5C29ADB4632413E72F0E26109/itag/0/pl/16/source/youtube/playback_host/r1---sn-4g57knll.googlevideo.com/as/fmp4_audio_clear%2Cfmp4_sd_hd_clear/requiressl/yes/ms/au/mm/31/mn/sn-4g57knll/sparams/as%2Cei%2Chfr%2Cid%2Cinitcwndbps%2Cip%2Cipbits%2Citag%2Cmm%2Cmn%2Cms%2Cmv%2Cpl%2Cplayback_host%2Crequiressl%2Csource%2Cexpire/hfr/1/expire/1502343040/ei/IJuLWaoX1o1alNiYmAI/id/9bbab9f44225a17e/ipbits/0/mv/m/mt/1502321366", "width": null, "height": null, "tbr": 48.374, "asr": 22050, "fps": null, "language": null, "filesize": 1030421, "vcodec": "none", "format": "139 - audio only (DASH audio)", "protocol": "https", "http_headers": {"User-Agent": "Mozilla/5.0 (X11; Linux x86_64; rv:10.0) Gecko/20150101 Firefox/47.0 (Chrome)", "Accept-Charset": "ISO-8859-1,utf-8;q=0.7,*;q=0.7", "Accept": "text/html,application/xhtml+xml,application/xml;q=0.9,*/*;q=0.8", "Accept-Encoding": "gzip, deflate", "Accept-Language": "en-us,en;q=0.5"}}, {"ext": "m4a", "format_note": "DASH audio", "acodec": "mp4a.40.2", "abr": 128, "container": "m4a_dash", "format_id": "140", "url": "https://r1---sn-4g57knll.googlevideo.com/videoplayback?id=9bbab9f44225a17e&itag=140&source=youtube&requiressl=yes&initcwndbps=3178750&pl=16&ms=au&mm=31&mn=sn-4g57knll&ei=IJuLWaoX1o1alNiYmAI&mv=m&ratebypass=yes&mime=audio/mp4&gir=yes&clen=2749300&lmt=1389675086146629&dur=173.058&key=dg_yt0&signature=58DB9785DEC385C8A1B709B276109320EF6DCAF5.02AEFFD4E4BB7A649A7C7EAD8D6CE00E04E7BDE6&mt=1502321366&ip=131.159.40.117&ipbits=0&expire=1502343040&sparams=ip,ipbits,expire,id,itag,source,requiressl,initcwndbps,pl,ms,mm,mn,ei,mv,ratebypass,mime,gir,clen,lmt,dur", "manifest_url": "https://manifest.googlevideo.com/api/manifest/dash/ip/131.159.40.117/key/yt6/initcwndbps/3178750/signature/95F2A63E5C143C22BF6E9F408B93BE362F44B132.9FA41834A20C1DB5C29ADB4632413E72F0E26109/itag/0/pl/16/source/youtube/playback_host/r1---sn-4g57knll.googlevideo.com/as/fmp4_audio_clear%2Cfmp4_sd_hd_clear/requiressl/yes/ms/au/mm/31/mn/sn-4g57knll/sparams/as%2Cei%2Chfr%2Cid%2Cinitcwndbps%2Cip%2Cipbits%2Citag%2Cmm%2Cmn%2Cms%2Cmv%2Cpl%2Cplayback_host%2Crequiressl%2Csource%2Cexpire/hfr/1/expire/1502343040/ei/IJuLWaoX1o1alNiYmAI/id/9bbab9f44225a17e/ipbits/0/mv/m/mt/1502321366", "width": null, "height": null, "tbr": 128.003, "asr": 44100, "fps": null, "language": null, "filesize": 2749300, "vcodec": "none", "format": "140 - audio only (DASH audio)", "protocol": "https", "http_headers": {"User-Agent": "Mozilla/5.0 (X11; Linux x86_64; rv:10.0) Gecko/20150101 Firefox/47.0 (Chrome)", "Accept-Charset": "ISO-8859-1,utf-8;q=0.7,*;q=0.7", "Accept": "text/html,application/xhtml+xml,application/xml;q=0.9,*/*;q=0.8", "Accept-Encoding": "gzip, deflate", "Accept-Language": "en-us,en;q=0.5"}}, {"ext": "mp4", "height": 144, "format_note": "DASH video", "vcodec": "avc1.4d400c", "format_id": "160", "url": "https://r1---sn-4g57knll.googlevideo.com/videoplayback?id=9bbab9f44225a17e&itag=160&source=youtube&requiressl=yes&initcwndbps=3178750&pl=16&ms=au&mm=31&mn=sn-4g57knll&ei=IJuLWaoX1o1alNiYmAI&mv=m&ratebypass=yes&mime=video/mp4&gir=yes&clen=2456821&lmt=1389675087154693&dur=172.973&key=dg_yt0&signature=68365D8A94197382CDB1B0907411F1633F68E8E8.04D52F302C96AD654A55AC1EAE2914DEDF2C374E&mt=1502321366&ip=131.159.40.117&ipbits=0&expire=1502343040&sparams=ip,ipbits,expire,id,itag,source,requiressl,initcwndbps,pl,ms,mm,mn,ei,mv,ratebypass,mime,gir,clen,lmt,dur", "manifest_url": "https://manifest.googlevideo.com/api/manifest/dash/ip/131.159.40.117/key/yt6/initcwndbps/3178750/signature/95F2A63E5C143C22BF6E9F408B93BE362F44B132.9FA41834A20C1DB5C29ADB4632413E72F0E26109/itag/0/pl/16/source/youtube/playback_host/r1---sn-4g57knll.googlevideo.com/as/fmp4_audio_clear%2Cfmp4_sd_hd_clear/requiressl/yes/ms/au/mm/31/mn/sn-4g57knll/sparams/as%2Cei%2Chfr%2Cid%2Cinitcwndbps%2Cip%2Cipbits%2Citag%2Cmm%2Cmn%2Cms%2Cmv%2Cpl%2Cplayback_host%2Crequiressl%2Csource%2Cexpire/hfr/1/expire/1502343040/ei/IJuLWaoX1o1alNiYmAI/id/9bbab9f44225a17e/ipbits/0/mv/m/mt/1502321366", "width": 256, "tbr": 116.866, "asr": null, "fps": 15, "language": null, "filesize": 2456821, "acodec": "none", "format": "160 - 256x144 (DASH video)", "protocol": "https", "http_headers": {"User-Agent": "Mozilla/5.0 (X11; Linux x86_64; rv:10.0) Gecko/20150101 Firefox/47.0 (Chrome)", "Accept-Charset": "ISO-8859-1,utf-8;q=0.7,*;q=0.7", "Accept": "text/html,application/xhtml+xml,application/xml;q=0.9,*/*;q=0.8", "Accept-Encoding": "gzip, deflate", "Accept-Language": "en-us,en;q=0.5"}}, {"ext": "mp4", "height": 240, "format_note": "DASH video", "vcodec": "avc1.4d4015", "format_id": "133", "url": "https://r1---sn-4g57knll.googlevideo.com/videoplayback?id=9bbab9f44225a17e&itag=133&source=youtube&requiressl=yes&initcwndbps=3178750&pl=16&ms=au&mm=31&mn=sn-4g57knll&ei=IJuLWaoX1o1alNiYmAI&mv=m&ratebypass=yes&mime=video/mp4&gir=yes&clen=5283221&lmt=1389675088144051&dur=172.973&key=dg_yt0&signature=6F2E6E173024224BCB6CC5313CD685E1176B313F.0DFEFE89B6EC384DBECDD72552E479CDFF50C31D&mt=1502321366&ip=131.159.40.117&ipbits=0&expire=1502343040&sparams=ip,ipbits,expire,id,itag,source,requiressl,initcwndbps,pl,ms,mm,mn,ei,mv,ratebypass,mime,gir,clen,lmt,dur", "manifest_url": "https://manifest.googlevideo.com/api/manifest/dash/ip/131.159.40.117/key/yt6/initcwndbps/3178750/signature/95F2A63E5C143C22BF6E9F408B93BE362F44B132.9FA41834A20C1DB5C29ADB4632413E72F0E26109/itag/0/pl/16/source/youtube/playback_host/r1---sn-4g57knll.googlevideo.com/as/fmp4_audio_clear%2Cfmp4_sd_hd_clear/requiressl/yes/ms/au/mm/31/mn/sn-4g57knll/sparams/as%2Cei%2Chfr%2Cid%2Cinitcwndbps%2Cip%2Cipbits%2Citag%2Cmm%2Cmn%2Cms%2Cmv%2Cpl%2Cplayback_host%2Crequiressl%2Csource%2Cexpire/hfr/1/expire/1502343040/ei/IJuLWaoX1o1alNiYmAI/id/9bbab9f44225a17e/ipbits/0/mv/m/mt/1502321366", "width": 426, "tbr": 248.231, "asr": null, "fps": 30, "language": null, "filesize": 5283221, "acodec": "none", "format": "133 - 426x240 (DASH video)", "protocol": "https", "http_headers": {"User-Agent": "Mozilla/5.0 (X11; Linux x86_64; rv:10.0) Gecko/20150101 Firefox/47.0 (Chrome)", "Accept-Charset": "ISO-8859-1,utf-8;q=0.7,*;q=0.7", "Accept": "text/html,application/xhtml+xml,application/xml;q=0.9,*/*;q=0.8", "Accept-Encoding": "gzip, deflate", "Accept-Language": "en-us,en;q=0.5"}}, {"ext": "mp4", "height": 360, "format_note": "DASH video", "vcodec": "avc1.4d401e", "format_id": "134", "url": "https://r1---sn-4g57knll.googlevideo.com/videoplayback?id=9bbab9f44225a17e&itag=134&source=youtube&requiressl=yes&initcwndbps=3178750&pl=16&ms=au&mm=31&mn=sn-4g57knll&ei=IJuLWaoX1o1alNiYmAI&mv=m&ratebypass=yes&mime=video/mp4&gir=yes&clen=5787725&lmt=1389675093175990&dur=172.973&key=dg_yt0&signature=5FC94994C8A7AAD333C85B51BE7E6D961459AE3E.80C35D7AA03D977C59FA13C307B1C41C5218DDF1&mt=1502321366&ip=131.159.40.117&ipbits=0&expire=1502343040&sparams=ip,ipbits,expire,id,itag,source,requiressl,initcwndbps,pl,ms,mm,mn,ei,mv,ratebypass,mime,gir,clen,lmt,dur", "manifest_url": "https://manifest.googlevideo.com/api/manifest/dash/ip/131.159.40.117/key/yt6/initcwndbps/3178750/signature/95F2A63E5C143C22BF6E9F408B93BE362F44B132.9FA41834A20C1DB5C29ADB4632413E72F0E26109/itag/0/pl/16/source/youtube/playback_host/r1---sn-4g57knll.googlevideo.com/as/fmp4_audio_clear%2Cfmp4_sd_hd_clear/requiressl/yes/ms/au/mm/31/mn/sn-4g57knll/sparams/as%2Cei%2Chfr%2Cid%2Cinitcwndbps%2Cip%2Cipbits%2Citag%2Cmm%2Cmn%2Cms%2Cmv%2Cpl%2Cplayback_host%2Crequiressl%2Csource%2Cexpire/hfr/1/expire/1502343040/ei/IJuLWaoX1o1alNiYmAI/id/9bbab9f44225a17e/ipbits/0/mv/m/mt/1502321366", "width": 640, "tbr": 510.924, "asr": null, "fps": 30, "language": null, "filesize": 5787725, "acodec": "none", "format": "134 - 640x360 (DASH video)", "protocol": "https", "http_headers": {"User-Agent": "Mozilla/5.0 (X11; Linux x86_64; rv:10.0) Gecko/20150101 Firefox/47.0 (Chrome)", "Accept-Charset": "ISO-8859-1,utf-8;q=0.7,*;q=0.7", "Accept": "text/html,application/xhtml+xml,application/xml;q=0.9,*/*;q=0.8", "Accept-Encoding": "gzip, deflate", "Accept-Language": "en-us,en;q=0.5"}}, {"ext": "mp4", "height": 480, "format_note": "DASH video", "vcodec": "avc1.4d401f", "format_id": "135", "url": "https://r1---sn-4g57knll.googlevideo.com/videoplayback?id=9bbab9f44225a17e&itag=135&source=youtube&requiressl=yes&initcwndbps=3178750&pl=16&ms=au&mm=31&mn=sn-4g57knll&ei=IJuLWaoX1o1alNiYmAI&mv=m&ratebypass=yes&mime=video/mp4&gir=yes&clen=12322518&lmt=1389675103148290&dur=172.973&key=dg_yt0&signature=4B529FB4A1272D6F11B455F263390B8B95F26483.44EB371898A1F56E2A03CE3917AA524085361EDF&mt=1502321366&ip=131.159.40.117&ipbits=0&expire=1502343040&sparams=ip,ipbits,expire,id,itag,source,requiressl,initcwndbps,pl,ms,mm,mn,ei,mv,ratebypass,mime,gir,clen,lmt,dur", "manifest_url": "https://manifest.googlevideo.com/api/manifest/dash/ip/131.159.40.117/key/yt6/initcwndbps/3178750/signature/95F2A63E5C143C22BF6E9F408B93BE362F44B132.9FA41834A20C1DB5C29ADB4632413E72F0E26109/itag/0/pl/16/source/youtube/playback_host/r1---sn-4g57knll.googlevideo.com/as/fmp4_audio_clear%2Cfmp4_sd_hd_clear/requiressl/yes/ms/au/mm/31/mn/sn-4g57knll/sparams/as%2Cei%2Chfr%2Cid%2Cinitcwndbps%2Cip%2Cipbits%2Citag%2Cmm%2Cmn%2Cms%2Cmv%2Cpl%2Cplayback_host%2Crequiressl%2Csource%2Cexpire/hfr/1/expire/1502343040/ei/IJuLWaoX1o1alNiYmAI/id/9bbab9f44225a17e/ipbits/0/mv/m/mt/1502321366", "width": 854, "tbr": 1015.875, "asr": null, "fps": 30, "language": null, "filesize": 12322518, "acodec": "none", "format": "135 - 854x480 (DASH video)", "protocol": "https", "http_headers": {"User-Agent": "Mozilla/5.0 (X11; Linux x86_64; rv:10.0) Gecko/20150101 Firefox/47.0 (Chrome)", "Accept-Charset": "ISO-8859-1,utf-8;q=0.7,*;q=0.7", "Accept": "text/html,application/xhtml+xml,application/xml;q=0.9,*/*;q=0.8", "Accept-Encoding": "gzip, deflate", "Accept-Language": "en-us,en;q=0.5"}}, {"ext": "mp4", "height": 720, "format_note": "DASH video", "vcodec": "avc1.4d401f", "format_id": "136", "url": "https://r1---sn-4g57knll.googlevideo.com/videoplayback?id=9bbab9f44225a17e&itag=136&source=youtube&requiressl=yes&initcwndbps=3178750&pl=16&ms=au&mm=31&mn=sn-4g57knll&ei=IJuLWaoX1o1alNiYmAI&mv=m&ratebypass=yes&mime=video/mp4&gir=yes&clen=23763548&lmt=1389675119160745&dur=172.973&key=dg_yt0&signature=153021C0254C20C09CED3F8BA50680BDF9DAB580.8E1BF50AD433FBF026C52EC25708CD48599BC5B2&mt=1502321366&ip=131.159.40.117&ipbits=0&expire=1502343040&sparams=ip,ipbits,expire,id,itag,source,requiressl,initcwndbps,pl,ms,mm,mn,ei,mv,ratebypass,mime,gir,clen,lmt,dur", "manifest_url": "https://manifest.googlevideo.com/api/manifest/dash/ip/131.159.40.117/key/yt6/initcwndbps/3178750/signature/95F2A63E5C143C22BF6E9F408B93BE362F44B132.9FA41834A20C1DB5C29ADB4632413E72F0E26109/itag/0/pl/16/source/youtube/playback_host/r1---sn-4g57knll.googlevideo.com/as/fmp4_audio_clear%2Cfmp4_sd_hd_clear/requiressl/yes/ms/au/mm/31/mn/sn-4g57knll/sparams/as%2Cei%2Chfr%2Cid%2Cinitcwndbps%2Cip%2Cipbits%2Citag%2Cmm%2Cmn%2Cms%2Cmv%2Cpl%2Cplayback_host%2Crequiressl%2Csource%2Cexpire/hfr/1/expire/1502343040/ei/IJuLWaoX1o1alNiYmAI/id/9bbab9f44225a17e/ipbits/0/mv/m/mt/1502321366", "width": 1280, "tbr": 1869.076, "asr": null, "fps": 30, "language": null, "filesize": 23763548, "acodec": "none", "format": "136 - 1280x720 (DASH video)", "protocol": "https", "http_headers": {"User-Agent": "Mozilla/5.0 (X11; Linux x86_64; rv:10.0) Gecko/20150101 Firefox/47.0 (Chrome)", "Accept-Charset": "ISO-8859-1,utf-8;q=0.7,*;q=0.7", "Accept": "text/html,application/xhtml+xml,application/xml;q=0.9,*/*;q=0.8", "Accept-Encoding": "gzip, deflate", "Accept-Language": "en-us,en;q=0.5"}}, {"format_id": "17", "url": "https://r3---sn-4g5edney.googlevideo.com/videoplayback?lmt=1389675152264695&ei=H5uLWY6zGoi7WePKj5AP&signature=325A632C59352AA1B0AB785FA41004CC11724F2E.434858FED53DA1E0AE58E1FA8DDC292DA3DF1B07&initcwndbps=3178750&source=youtube&itag=17&clen=1781722&key=yt6&mime=video%2F3gpp&gir=yes&dur=173.406&ipbits=0&expire=1502343039&mn=sn-4g5edney&mm=31&pl=16&id=o-AKX2A4ZSqVLNiRR3afuDYhE2-L_LlI2Nny0nERTel7x9&requiressl=yes&ip=131.159.40.117&sparams=clen%2Cdur%2Cei%2Cgir%2Cid%2Cinitcwndbps%2Cip%2Cipbits%2Citag%2Clmt%2Cmime%2Cmm%2Cmn%2Cms%2Cmv%2Cpl%2Crequiressl%2Csource%2Cexpire&mv=m&mt=1502321366&ms=au&ratebypass=yes", "player_url": null, "ext": "3gp", "width": 176, "height": 144, "acodec": "mp4a.40.2", "abr": 24, "vcodec": "mp4v.20.3", "resolution": "176x144", "format_note": "small", "format": "17 - 176x144 (small)", "protocol": "https", "http_headers": {"User-Agent": "Mozilla/5.0 (X11; Linux x86_64; rv:10.0) Gecko/20150101 Firefox/47.0 (Chrome)", "Accept-Charset": "ISO-8859-1,utf-8;q=0.7,*;q=0.7", "Accept": "text/html,application/xhtml+xml,application/xml;q=0.9,*/*;q=0.8", "Accept-Encoding": "gzip, deflate", "Accept-Language": "en-us,en;q=0.5"}}, {"format_id": "36", "url": "https://r3---sn-4g5edney.googlevideo.com/videoplayback?lmt=1389675152266171&ei=H5uLWY6zGoi7WePKj5AP&signature=16F7D7B7E1C9791D5FDC29D05F97A193B6DED997.333C0B6E4584B7E06420E9C543F68070EA664C3B&initcwndbps=3178750&source=youtube&itag=36&clen=4894688&key=yt6&mime=video%2F3gpp&gir=yes&dur=173.220&ipbits=0&expire=1502343039&mn=sn-4g5edney&mm=31&pl=16&id=o-AKX2A4ZSqVLNiRR3afuDYhE2-L_LlI2Nny0nERTel7x9&requiressl=yes&ip=131.159.40.117&sparams=clen%2Cdur%2Cei%2Cgir%2Cid%2Cinitcwndbps%2Cip%2Cipbits%2Citag%2Clmt%2Cmime%2Cmm%2Cmn%2Cms%2Cmv%2Cpl%2Crequiressl%2Csource%2Cexpire&mv=m&mt=1502321366&ms=au&ratebypass=yes", "player_url": null, "ext": "3gp", "width": 320, "acodec": "mp4a.40.2", "vcodec": "mp4v.20.3", "resolution": "320x180", "height": 180, "format_note": "small", "format": "36 - 320x180 (small)", "protocol": "https", "http_headers": {"User-Agent": "Mozilla/5.0 (X11; Linux x86_64; rv:10.0) Gecko/20150101 Firefox/47.0 (Chrome)", "Accept-Charset": "ISO-8859-1,utf-8;q=0.7,*;q=0.7", "Accept": "text/html,application/xhtml+xml,application/xml;q=0.9,*/*;q=0.8", "Accept-Encoding": "gzip, deflate", "Accept-Language": "en-us,en;q=0.5"}}, {"format_id": "43", "url": "https://r3---sn-4g5edney.googlevideo.com/videoplayback?lmt=1389015205334573&ei=H5uLWY6zGoi7WePKj5AP&signature=C09BD29896C47BAA108669DF6BD4165CF8040EB1.442C51EA1B971B244EF6AD20E6B43E41450AC1DE&initcwndbps=3178750&source=youtube&itag=43&clen=14129559&key=yt6&mime=video%2Fwebm&gir=yes&dur=0.000&ipbits=0&expire=1502343039&ratebypass=yes&mn=sn-4g5edney&mm=31&pl=16&id=o-AKX2A4ZSqVLNiRR3afuDYhE2-L_LlI2Nny0nERTel7x9&requiressl=yes&ip=131.159.40.117&sparams=clen%2Cdur%2Cei%2Cgir%2Cid%2Cinitcwndbps%2Cip%2Cipbits%2Citag%2Clmt%2Cmime%2Cmm%2Cmn%2Cms%2Cmv%2Cpl%2Cratebypass%2Crequiressl%2Csource%2Cexpire&mv=m&mt=1502321366&ms=au", "player_url": null, "ext": "webm", "width": 640, "height": 360, "acodec": "vorbis", "abr": 128, "vcodec": "vp8.0", "resolution": "640x360", "format_note": "medium", "format": "43 - 640x360 (medium)", "protocol": "https", "http_headers": {"User-Agent": "Mozilla/5.0 (X11; Linux x86_64; rv:10.0) Gecko/20150101 Firefox/47.0 (Chrome)", "Accept-Charset": "ISO-8859-1,utf-8;q=0.7,*;q=0.7", "Accept": "text/html,application/xhtml+xml,application/xml;q=0.9,*/*;q=0.8", "Accept-Encoding": "gzip, deflate", "Accept-Language": "en-us,en;q=0.5"}}, {"format_id": "18", "url": "https://r3---sn-4g5edney.googlevideo.com/videoplayback?lmt=1389675101155606&ei=H5uLWY6zGoi7WePKj5AP&signature=1E1C165AF7A0A8B5A0F8AB49532C5C356FB35B30.CB25232EE7267F5454DA720930A5B44D3593233C&initcwndbps=3178750&source=youtube&itag=18&clen=9894473&key=yt6&mime=video%2Fmp4&gir=yes&dur=173.058&ipbits=0&expire=1502343039&ratebypass=yes&mn=sn-4g5edney&mm=31&pl=16&id=o-AKX2A4ZSqVLNiRR3afuDYhE2-L_LlI2Nny0nERTel7x9&requiressl=yes&ip=131.159.40.117&sparams=clen%2Cdur%2Cei%2Cgir%2Cid%2Cinitcwndbps%2Cip%2Cipbits%2Citag%2Clmt%2Cmime%2Cmm%2Cmn%2Cms%2Cmv%2Cpl%2Cratebypass%2Crequiressl%2Csource%2Cexpire&mv=m&mt=1502321366&ms=au", "player_url": null, "ext": "mp4", "width": 640, "height": 360, "acodec": "mp4a.40.2", "abr": 96, "vcodec": "avc1.42001E", "resolution": "640x360", "format_note": "medium", "format": "18 - 640x360 (medium)", "protocol": "https", "http_headers": {"User-Agent": "Mozilla/5.0 (X11; Linux x86_64; rv:10.0) Gecko/20150101 Firefox/47.0 (Chrome)", "Accept-Charset": "ISO-8859-1,utf-8;q=0.7,*;q=0.7", "Accept": "text/html,application/xhtml+xml,application/xml;q=0.9,*/*;q=0.8", "Accept-Encoding": "gzip, deflate", "Accept-Language": "en-us,en;q=0.5"}}, {"format_id": "22", "url": "https://r3---sn-4g5edney.googlevideo.com/videoplayback?dur=173.058&ipbits=0&lmt=1471622295215788&expire=1502343039&ratebypass=yes&ei=H5uLWY6zGoi7WePKj5AP&signature=314842A837F05B0211DC2C53710F1166C910ADBB.7D0CC9857FEA70597D498297D8F44A6EECE42F8E&initcwndbps=3178750&source=youtube&mn=sn-4g5edney&mm=31&pl=16&id=o-AKX2A4ZSqVLNiRR3afuDYhE2-L_LlI2Nny0nERTel7x9&ms=au&itag=22&requiressl=yes&ip=131.159.40.117&sparams=dur%2Cei%2Cid%2Cinitcwndbps%2Cip%2Cipbits%2Citag%2Clmt%2Cmime%2Cmm%2Cmn%2Cms%2Cmv%2Cpl%2Cratebypass%2Crequiressl%2Csource%2Cexpire&mv=m&mt=1502321366&key=yt6&mime=video%2Fmp4", "player_url": null, "ext": "mp4", "width": 1280, "height": 720, "acodec": "mp4a.40.2", "abr": 192, "vcodec": "avc1.64001F", "resolution": "1280x720", "format_note": "hd720", "format": "22 - 1280x720 (hd720)", "protocol": "https", "http_headers": {"User-Agent": "Mozilla/5.0 (X11; Linux x86_64; rv:10.0) Gecko/20150101 Firefox/47.0 (Chrome)", "Accept-Charset": "ISO-8859-1,utf-8;q=0.7,*;q=0.7", "Accept": "text/html,application/xhtml+xml,application/xml;q=0.9,*/*;q=0.8", "Accept-Encoding": "gzip, deflate", "Accept-Language": "en-us,en;q=0.5"}}], "is_live": null, "start_time": null, "end_time": null, "series": null, "season_number": null, "episode_number": null, "extractor": "youtube", "webpage_url_basename": "m7q59EIloX4", "extractor_key": "Youtube", "playlist": null, "playlist_index": null, "thumbnails": [{"url": "https://i.ytimg.com/vi/m7q59EIloX4/hqdefault.jpg", "id": "0"}], "display_id": "m7q59EIloX4", "ext": "mp4", "height": 720, "format_note": "DASH video", "vcodec": "avc1.4d401f", "format_id": "136", "url": "https://r1---sn-4g57knll.googlevideo.com/videoplayback?id=9bbab9f44225a17e&itag=136&source=youtube&requiressl=yes&initcwndbps=3178750&pl=16&ms=au&mm=31&mn=sn-4g57knll&ei=IJuLWaoX1o1alNiYmAI&mv=m&ratebypass=yes&mime=video/mp4&gir=yes&clen=23763548&lmt=1389675119160745&dur=172.973&key=dg_yt0&signature=153021C0254C20C09CED3F8BA50680BDF9DAB580.8E1BF50AD433FBF026C52EC25708CD48599BC5B2&mt=1502321366&ip=131.159.40.117&ipbits=0&expire=1502343040&sparams=ip,ipbits,expire,id,itag,source,requiressl,initcwndbps,pl,ms,mm,mn,ei,mv,ratebypass,mime,gir,clen,lmt,dur", "manifest_url": "https://manifest.googlevideo.com/api/manifest/dash/ip/131.159.40.117/key/yt6/initcwndbps/3178750/signature/95F2A63E5C143C22BF6E9F408B93BE362F44B132.9FA41834A20C1DB5C29ADB4632413E72F0E26109/itag/0/pl/16/source/youtube/playback_host/r1---sn-4g57knll.googlevideo.com/as/fmp4_audio_clear%2Cfmp4_sd_hd_clear/requiressl/yes/ms/au/mm/31/mn/sn-4g57knll/sparams/as%2Cei%2Chfr%2Cid%2Cinitcwndbps%2Cip%2Cipbits%2Citag%2Cmm%2Cmn%2Cms%2Cmv%2Cpl%2Cplayback_host%2Crequiressl%2Csource%2Cexpire/hfr/1/expire/1502343040/ei/IJuLWaoX1o1alNiYmAI/id/9bbab9f44225a17e/ipbits/0/mv/m/mt/1502321366", "width": 1280, "tbr": 1869.076, "asr": null, "fps": 30, "language": null, "filesize": 23763548, "acodec": "none", "format": "136 - 1280x720 (DASH video)", "protocol": "https", "http_headers": {"User-Agent": "Mozilla/5.0 (X11; Linux x86_64; rv:10.0) Gecko/20150101 Firefox/47.0 (Chrome)", "Accept-Charset": "ISO-8859-1,utf-8;q=0.7,*;q=0.7", "Accept": "text/html,application/xhtml+xml,application/xml;q=0.9,*/*;q=0.8", "Accept-Encoding": "gzip, deflate", "Accept-Language": "en-us,en;q=0.5"}, "fulltitle": "CNET Update - Wearable tech, gaming garner early CES buzz", "_filename": "m7q59EIloX4.mp4"}