{"id": "NB8fdQIzVJM", "uploader": "PhatAlBurp", "uploader_id": "PhatAlBurp", "uploader_url": "http://www.youtube.com/user/PhatAlBurp", "upload_date": "20100525", "license": "Standard YouTube License", "creator": null, "title": "Georgia Teacher Allows Students To Wear KKK Robes For School Play Pt 3 of 3", "alt_title": null, "thumbnail": "https://i.ytimg.com/vi/NB8fdQIzVJM/hqdefault.jpg", "description": "North Georgia teacher Catherine Ariemma made news after she allowed her students to wear white robes resembling those worn by the KKK when she staged a reenactment in her classroom.   It was meant to be a history lesson for her students, but instead, it sparked controversy.\n\nNow, Ariemma awaits a decision about her future from the Lumpkin County School Board.  She joined FOX 5 on Tuesday to talk about what happened in her classroom, and what it might mean for her career\n\nAriemma says she deeply regrets the incident and calls it \"a lapse in judgment\", and insists she never meant to hurt anyone.\n\nShe says she decided to talk publicly because she felt it was important to give her own account of what happened.\n\n\"It was not my intention for anyone to be threatened but they do and I have to take responsibility and I do,\" said embattled teacher Catherine Ariemma.\n\nThe Dahlonega history appeared on Good Day Xtra Tuesday morning to address a controversial incident that has placed her at the center of a media firestorm.\n\nAriemma was placed on administrative leave after allowing for students to wear mock Ku Klux Klan outfits as part of a high school history class project.  Ariemma says the costumed students were taking part in a reenactment about the history of racism.  Some black students in the lunchroom became upset when they saw the students walking through the cafeteria in the outfits.\n\nAriemma says she was escorting the students who wear wearing sheets and didn't realize lunch was in session.\n\n\"That was the mistake, in that there were a lot of students in there who were not going to hear that this was a class project, so they saw something and took it out of context, and of course they had no way of knowing-- they had no way of knowing,\" said Ariemma.\n\nAriemma faces suspension or possible termination. She says she's received strong support from current and former students and parents.  She says she deeply regrets the incident, and she used poor judgment.\n\n\"In hindsight would I do that?  Absolutely not. But it's done and I can't undo it. All I can do is say I'm sorry, and I am,\" said Ariemma.\n\nAriemma says if she had to do it over again, she would not have allowed the advanced placement history students to film the class project at the school.", "categories": ["News & Politics"], "tags": ["Teacher", "allows", "students", "to", "wear", "kkk", "uniforms", "for", "school", "play", "Catherine", "Ariemma", "ku", "klux", "klan", "racists", "racist", "biggot", "black", "white", "kids", "georgia", "Lumpkin", "County", "School", "Board", "skinheads", "nazi", "nazis", "jews", "hispanics", "blacks", "segregation"], "subtitles": {}, "automatic_captions": {}, "duration": 397, "age_limit": 0, "annotations": null, "chapters": null, "webpage_url": "https://www.youtube.com/watch?v=NB8fdQIzVJM", "view_count": 9741, "like_count": 15, "dislike_count": 6, "average_rating": 3.85714292526, "formats": [{"ext": "m4a", "format_note": "DASH audio", "acodec": "mp4a.40.5", "abr": 48, "container": "m4a_dash", "format_id": "139", "url": "https://r6---sn-xjpm-q0ns.googlevideo.com/videoplayback?id=341f1f7502335493&itag=139&source=youtube&requiressl=yes&mm=31&mn=sn-xjpm-q0ns&pl=16&mv=u&ei=91yKWerEDML-VLvgsbgM&ms=au&ratebypass=yes&mime=audio/mp4&gir=yes&clen=2395582&lmt=1406993712192494&dur=397.014&mt=1502239623&key=dg_yt0&signature=2F8D6A6BDE2B197099F2E7741850FB7CCBFE108E.584BFD900BF297A113A62F7F1B068E9504C8CFE2&ip=131.159.40.117&ipbits=0&expire=1502261591&sparams=ip,ipbits,expire,id,itag,source,requiressl,mm,mn,pl,mv,ei,ms,ratebypass,mime,gir,clen,lmt,dur", "manifest_url": "https://manifest.googlevideo.com/api/manifest/dash/mt/1502239623/playback_host/r6---sn-xjpm-q0ns.googlevideo.com/as/fmp4_audio_clear%2Cfmp4_sd_hd_clear/sparams/as%2Cei%2Chfr%2Cid%2Cip%2Cipbits%2Citag%2Cmm%2Cmn%2Cms%2Cmv%2Cpl%2Cplayback_host%2Crequiressl%2Csource%2Cexpire/ipbits/0/ip/131.159.40.117/mm/31/mn/sn-xjpm-q0ns/key/yt6/hfr/1/itag/0/pl/16/source/youtube/mv/u/ei/91yKWerEDML-VLvgsbgM/ms/au/signature/0A54DA561419F72565888C376B6B189C7D61AB.9687087B9C77C272D3696C66E7593BAB08728483/requiressl/yes/id/341f1f7502335493/expire/1502261591", "width": null, "height": null, "tbr": 49.26, "asr": 22050, "fps": null, "language": null, "filesize": 2395582, "vcodec": "none", "format": "139 - audio only (DASH audio)", "protocol": "https", "http_headers": {"User-Agent": "Mozilla/5.0 (X11; Linux x86_64; rv:10.0) Gecko/20150101 Firefox/47.0 (Chrome)", "Accept-Charset": "ISO-8859-1,utf-8;q=0.7,*;q=0.7", "Accept": "text/html,application/xhtml+xml,application/xml;q=0.9,*/*;q=0.8", "Accept-Encoding": "gzip, deflate", "Accept-Language": "en-us,en;q=0.5"}}, {"format_id": "249", "url": "https://r6---sn-xjpm-q0ns.googlevideo.com/videoplayback?pcm2=no&pl=16&ipbits=0&sparams=clen%2Cdur%2Cei%2Cgir%2Cid%2Cip%2Cipbits%2Citag%2Ckeepalive%2Clmt%2Cmime%2Cmm%2Cmn%2Cms%2Cmv%2Cpcm2%2Cpl%2Crequiressl%2Csource%2Cexpire&source=youtube&itag=249&keepalive=yes&key=yt6&requiressl=yes&ei=9lyKWauuLYjAV8PpkOAK&mn=sn-xjpm-q0ns&mime=audio%2Fwebm&signature=776748C19C2BB87C07D442D03F9E4E3183D1C498.BF1E979624C8D35F8E3CC4A20871C3C6F5AE60F1&mm=31&gir=yes&dur=396.881&id=o-APOoaEoMyNSIp-iLbBjqmbTiIVFf1Uz9vyn5JdBsEIfI&mv=u&mt=1502239623&ms=au&clen=2499493&ip=131.159.40.117&expire=1502261590&lmt=1425476320272056&ratebypass=yes", "player_url": null, "ext": "webm", "format_note": "DASH audio", "acodec": "opus", "abr": 50, "filesize": 2499493, "tbr": 50.906, "vcodec": "none", "format": "249 - audio only (DASH audio)", "protocol": "https", "http_headers": {"User-Agent": "Mozilla/5.0 (X11; Linux x86_64; rv:10.0) Gecko/20150101 Firefox/47.0 (Chrome)", "Accept-Charset": "ISO-8859-1,utf-8;q=0.7,*;q=0.7", "Accept": "text/html,application/xhtml+xml,application/xml;q=0.9,*/*;q=0.8", "Accept-Encoding": "gzip, deflate", "Accept-Language": "en-us,en;q=0.5"}}, {"format_id": "171", "url": "https://r6---sn-xjpm-q0ns.googlevideo.com/videoplayback?pcm2=no&pl=16&ipbits=0&sparams=clen%2Cdur%2Cei%2Cgir%2Cid%2Cip%2Cipbits%2Citag%2Ckeepalive%2Clmt%2Cmime%2Cmm%2Cmn%2Cms%2Cmv%2Cpcm2%2Cpl%2Crequiressl%2Csource%2Cexpire&source=youtube&itag=171&keepalive=yes&key=yt6&requiressl=yes&ei=9lyKWauuLYjAV8PpkOAK&mn=sn-xjpm-q0ns&mime=audio%2Fwebm&signature=512E02615F6F2F4F5E3B8CA4E7111D72CAB40BDD.3BE9E64B0A5069A3A4F7F0D32418C27DCA274D7F&mm=31&gir=yes&dur=396.854&id=o-APOoaEoMyNSIp-iLbBjqmbTiIVFf1Uz9vyn5JdBsEIfI&mv=u&mt=1502239623&ms=au&clen=3674464&ip=131.159.40.117&expire=1502261590&lmt=1425476308105979&ratebypass=yes", "player_url": null, "ext": "webm", "acodec": "vorbis", "format_note": "DASH audio", "abr": 128, "filesize": 3674464, "tbr": 80.623, "vcodec": "none", "format": "171 - audio only (DASH audio)", "protocol": "https", "http_headers": {"User-Agent": "Mozilla/5.0 (X11; Linux x86_64; rv:10.0) Gecko/20150101 Firefox/47.0 (Chrome)", "Accept-Charset": "ISO-8859-1,utf-8;q=0.7,*;q=0.7", "Accept": "text/html,application/xhtml+xml,application/xml;q=0.9,*/*;q=0.8", "Accept-Encoding": "gzip, deflate", "Accept-Language": "en-us,en;q=0.5"}}, {"format_id": "250", "url": "https://r6---sn-xjpm-q0ns.googlevideo.com/videoplayback?pcm2=no&pl=16&ipbits=0&sparams=clen%2Cdur%2Cei%2Cgir%2Cid%2Cip%2Cipbits%2Citag%2Ckeepalive%2Clmt%2Cmime%2Cmm%2Cmn%2Cms%2Cmv%2Cpcm2%2Cpl%2Crequiressl%2Csource%2Cexpire&source=youtube&itag=250&keepalive=yes&key=yt6&requiressl=yes&ei=9lyKWauuLYjAV8PpkOAK&mn=sn-xjpm-q0ns&mime=audio%2Fwebm&signature=ABA4CB87328CE74E8B512FAEC191B445609B5D3E.A6720287158DEE11339852976A3C876C0CE7AA&mm=31&gir=yes&dur=396.881&id=o-APOoaEoMyNSIp-iLbBjqmbTiIVFf1Uz9vyn5JdBsEIfI&mv=u&mt=1502239623&ms=au&clen=4497087&ip=131.159.40.117&expire=1502261590&lmt=1425476337154499&ratebypass=yes", "player_url": null, "ext": "webm", "format_note": "DASH audio", "acodec": "opus", "abr": 70, "filesize": 4497087, "tbr": 100.728, "vcodec": "none", "format": "250 - audio only (DASH audio)", "protocol": "https", "http_headers": {"User-Agent": "Mozilla/5.0 (X11; Linux x86_64; rv:10.0) Gecko/20150101 Firefox/47.0 (Chrome)", "Accept-Charset": "ISO-8859-1,utf-8;q=0.7,*;q=0.7", "Accept": "text/html,application/xhtml+xml,application/xml;q=0.9,*/*;q=0.8", "Accept-Encoding": "gzip, deflate", "Accept-Language": "en-us,en;q=0.5"}}, {"ext": "m4a", "format_note": "DASH audio", "acodec": "mp4a.40.2", "abr": 128, "container": "m4a_dash", "format_id": "140", "url": "https://r6---sn-xjpm-q0ns.googlevideo.com/videoplayback?id=341f1f7502335493&itag=140&source=youtube&requiressl=yes&mm=31&mn=sn-xjpm-q0ns&pl=16&mv=u&ei=91yKWerEDML-VLvgsbgM&ms=au&ratebypass=yes&mime=audio/mp4&gir=yes&clen=6373006&lmt=1406993716419064&dur=396.921&mt=1502239623&key=dg_yt0&signature=357E53EE0695DF6BE5567C752C1A39503E2891B7.1132E95F76C393CAE17E1E60D239505B8756FAE0&ip=131.159.40.117&ipbits=0&expire=1502261591&sparams=ip,ipbits,expire,id,itag,source,requiressl,mm,mn,pl,mv,ei,ms,ratebypass,mime,gir,clen,lmt,dur", "manifest_url": "https://manifest.googlevideo.com/api/manifest/dash/mt/1502239623/playback_host/r6---sn-xjpm-q0ns.googlevideo.com/as/fmp4_audio_clear%2Cfmp4_sd_hd_clear/sparams/as%2Cei%2Chfr%2Cid%2Cip%2Cipbits%2Citag%2Cmm%2Cmn%2Cms%2Cmv%2Cpl%2Cplayback_host%2Crequiressl%2Csource%2Cexpire/ipbits/0/ip/131.159.40.117/mm/31/mn/sn-xjpm-q0ns/key/yt6/hfr/1/itag/0/pl/16/source/youtube/mv/u/ei/91yKWerEDML-VLvgsbgM/ms/au/signature/0A54DA561419F72565888C376B6B189C7D61AB.9687087B9C77C272D3696C66E7593BAB08728483/requiressl/yes/id/341f1f7502335493/expire/1502261591", "width": null, "height": null, "tbr": 129.501, "asr": 44100, "fps": null, "language": null, "filesize": 6373006, "vcodec": "none", "format": "140 - audio only (DASH audio)", "protocol": "https", "http_headers": {"User-Agent": "Mozilla/5.0 (X11; Linux x86_64; rv:10.0) Gecko/20150101 Firefox/47.0 (Chrome)", "Accept-Charset": "ISO-8859-1,utf-8;q=0.7,*;q=0.7", "Accept": "text/html,application/xhtml+xml,application/xml;q=0.9,*/*;q=0.8", "Accept-Encoding": "gzip, deflate", "Accept-Language": "en-us,en;q=0.5"}}, {"format_id": "251", "url": "https://r6---sn-xjpm-q0ns.googlevideo.com/videoplayback?pcm2=no&pl=16&ipbits=0&sparams=clen%2Cdur%2Cei%2Cgir%2Cid%2Cip%2Cipbits%2Citag%2Ckeepalive%2Clmt%2Cmime%2Cmm%2Cmn%2Cms%2Cmv%2Cpcm2%2Cpl%2Crequiressl%2Csource%2Cexpire&source=youtube&itag=251&keepalive=yes&key=yt6&requiressl=yes&ei=9lyKWauuLYjAV8PpkOAK&mn=sn-xjpm-q0ns&mime=audio%2Fwebm&signature=C38D4ABEAAE793AA52412498728E3EF092EB96C8.DCBD1FD98DE98D1092427735D0304C15E2945408&mm=31&gir=yes&dur=396.881&id=o-APOoaEoMyNSIp-iLbBjqmbTiIVFf1Uz9vyn5JdBsEIfI&mv=u&mt=1502239623&ms=au&clen=10112601&ip=131.159.40.117&expire=1502261590&lmt=1425476320713195&ratebypass=yes", "player_url": null, "ext": "webm", "format_note": "DASH audio", "acodec": "opus", "abr": 160, "filesize": 10112601, "tbr": 217.954, "vcodec": "none", "format": "251 - audio only (DASH audio)", "protocol": "https", "http_headers": {"User-Agent": "Mozilla/5.0 (X11; Linux x86_64; rv:10.0) Gecko/20150101 Firefox/47.0 (Chrome)", "Accept-Charset": "ISO-8859-1,utf-8;q=0.7,*;q=0.7", "Accept": "text/html,application/xhtml+xml,application/xml;q=0.9,*/*;q=0.8", "Accept-Encoding": "gzip, deflate", "Accept-Language": "en-us,en;q=0.5"}}, {"format_id": "278", "url": "https://r6---sn-xjpm-q0ns.googlevideo.com/videoplayback?pcm2=no&pl=16&ipbits=0&sparams=clen%2Cdur%2Cei%2Cgir%2Cid%2Cip%2Cipbits%2Citag%2Ckeepalive%2Clmt%2Cmime%2Cmm%2Cmn%2Cms%2Cmv%2Cpcm2%2Cpl%2Crequiressl%2Csource%2Cexpire&source=youtube&itag=278&keepalive=yes&key=yt6&requiressl=yes&ei=9lyKWauuLYjAV8PpkOAK&mn=sn-xjpm-q0ns&mime=video%2Fwebm&signature=654B11F32D949317DB439055AFB1A539740519CE.0F3B043562E8E99AB5745A1C859F23776A9B29B4&mm=31&gir=yes&dur=396.800&id=o-APOoaEoMyNSIp-iLbBjqmbTiIVFf1Uz9vyn5JdBsEIfI&mv=u&mt=1502239623&ms=au&clen=3876767&ip=131.159.40.117&expire=1502261590&lmt=1425476394416412&ratebypass=yes", "player_url": null, "ext": "webm", "height": 144, "format_note": "144p", "container": "webm", "vcodec": "vp9", "filesize": 3876767, "tbr": 86.224, "width": 192, "fps": 15, "acodec": "none", "format": "278 - 192x144 (144p)", "protocol": "https", "http_headers": {"User-Agent": "Mozilla/5.0 (X11; Linux x86_64; rv:10.0) Gecko/20150101 Firefox/47.0 (Chrome)", "Accept-Charset": "ISO-8859-1,utf-8;q=0.7,*;q=0.7", "Accept": "text/html,application/xhtml+xml,application/xml;q=0.9,*/*;q=0.8", "Accept-Encoding": "gzip, deflate", "Accept-Language": "en-us,en;q=0.5"}}, {"ext": "mp4", "height": 144, "format_note": "DASH video", "vcodec": "avc1.4d400c", "format_id": "160", "url": "https://r6---sn-xjpm-q0ns.googlevideo.com/videoplayback?id=341f1f7502335493&itag=160&source=youtube&requiressl=yes&mm=31&mn=sn-xjpm-q0ns&pl=16&mv=u&ei=91yKWerEDML-VLvgsbgM&ms=au&ratebypass=yes&mime=video/mp4&gir=yes&clen=5417457&lmt=1406993709091316&dur=396.866&mt=1502239623&key=dg_yt0&signature=364D008AEC4118116B872B8F8B3507ECB3726C54.3D8AB491CFA6AE2DBE47F4D0AAADA363530942AF&ip=131.159.40.117&ipbits=0&expire=1502261591&sparams=ip,ipbits,expire,id,itag,source,requiressl,mm,mn,pl,mv,ei,ms,ratebypass,mime,gir,clen,lmt,dur", "manifest_url": "https://manifest.googlevideo.com/api/manifest/dash/mt/1502239623/playback_host/r6---sn-xjpm-q0ns.googlevideo.com/as/fmp4_audio_clear%2Cfmp4_sd_hd_clear/sparams/as%2Cei%2Chfr%2Cid%2Cip%2Cipbits%2Citag%2Cmm%2Cmn%2Cms%2Cmv%2Cpl%2Cplayback_host%2Crequiressl%2Csource%2Cexpire/ipbits/0/ip/131.159.40.117/mm/31/mn/sn-xjpm-q0ns/key/yt6/hfr/1/itag/0/pl/16/source/youtube/mv/u/ei/91yKWerEDML-VLvgsbgM/ms/au/signature/0A54DA561419F72565888C376B6B189C7D61AB.9687087B9C77C272D3696C66E7593BAB08728483/requiressl/yes/id/341f1f7502335493/expire/1502261591", "width": 192, "tbr": 112.092, "asr": null, "fps": 15, "language": null, "filesize": 5417457, "acodec": "none", "format": "160 - 192x144 (DASH video)", "protocol": "https", "http_headers": {"User-Agent": "Mozilla/5.0 (X11; Linux x86_64; rv:10.0) Gecko/20150101 Firefox/47.0 (Chrome)", "Accept-Charset": "ISO-8859-1,utf-8;q=0.7,*;q=0.7", "Accept": "text/html,application/xhtml+xml,application/xml;q=0.9,*/*;q=0.8", "Accept-Encoding": "gzip, deflate", "Accept-Language": "en-us,en;q=0.5"}}, {"format_id": "242", "url": "https://r6---sn-xjpm-q0ns.googlevideo.com/videoplayback?pcm2=no&pl=16&ipbits=0&sparams=clen%2Cdur%2Cei%2Cgir%2Cid%2Cip%2Cipbits%2Citag%2Ckeepalive%2Clmt%2Cmime%2Cmm%2Cmn%2Cms%2Cmv%2Cpcm2%2Cpl%2Crequiressl%2Csource%2Cexpire&source=youtube&itag=242&keepalive=yes&key=yt6&requiressl=yes&ei=9lyKWauuLYjAV8PpkOAK&mn=sn-xjpm-q0ns&mime=video%2Fwebm&signature=9A0E82A40168F59A491286EC4D290B347F503F6A.D457247C27B0A8C08C49B76BD139E51D0A3FF557&mm=31&gir=yes&dur=396.800&id=o-APOoaEoMyNSIp-iLbBjqmbTiIVFf1Uz9vyn5JdBsEIfI&mv=u&mt=1502239623&ms=au&clen=4659920&ip=131.159.40.117&expire=1502261590&lmt=1425476326964425&ratebypass=yes", "player_url": null, "ext": "webm", "height": 240, "format_note": "240p", "vcodec": "vp9", "filesize": 4659920, "tbr": 147.053, "width": 320, "fps": 15, "acodec": "none", "format": "242 - 320x240 (240p)", "protocol": "https", "http_headers": {"User-Agent": "Mozilla/5.0 (X11; Linux x86_64; rv:10.0) Gecko/20150101 Firefox/47.0 (Chrome)", "Accept-Charset": "ISO-8859-1,utf-8;q=0.7,*;q=0.7", "Accept": "text/html,application/xhtml+xml,application/xml;q=0.9,*/*;q=0.8", "Accept-Encoding": "gzip, deflate", "Accept-Language": "en-us,en;q=0.5"}}, {"ext": "mp4", "height": 240, "format_note": "DASH video", "vcodec": "avc1.4d400d", "format_id": "133", "url": "https://r6---sn-xjpm-q0ns.googlevideo.com/videoplayback?id=341f1f7502335493&itag=133&source=youtube&requiressl=yes&mm=31&mn=sn-xjpm-q0ns&pl=16&mv=u&ei=91yKWerEDML-VLvgsbgM&ms=au&ratebypass=yes&mime=video/mp4&gir=yes&clen=12085444&lmt=1406993712587837&dur=396.866&mt=1502239623&key=dg_yt0&signature=7EA92A90AC1C2080904A31EDD12DAC16837DE30E.0C3B474B4D2D7A67D6BD9F0F6D463FAB2217003C&ip=131.159.40.117&ipbits=0&expire=1502261591&sparams=ip,ipbits,expire,id,itag,source,requiressl,mm,mn,pl,mv,ei,ms,ratebypass,mime,gir,clen,lmt,dur", "manifest_url": "https://manifest.googlevideo.com/api/manifest/dash/mt/1502239623/playback_host/r6---sn-xjpm-q0ns.googlevideo.com/as/fmp4_audio_clear%2Cfmp4_sd_hd_clear/sparams/as%2Cei%2Chfr%2Cid%2Cip%2Cipbits%2Citag%2Cmm%2Cmn%2Cms%2Cmv%2Cpl%2Cplayback_host%2Crequiressl%2Csource%2Cexpire/ipbits/0/ip/131.159.40.117/mm/31/mn/sn-xjpm-q0ns/key/yt6/hfr/1/itag/0/pl/16/source/youtube/mv/u/ei/91yKWerEDML-VLvgsbgM/ms/au/signature/0A54DA561419F72565888C376B6B189C7D61AB.9687087B9C77C272D3696C66E7593BAB08728483/requiressl/yes/id/341f1f7502335493/expire/1502261591", "width": 320, "tbr": 254.841, "asr": null, "fps": 15, "language": null, "filesize": 12085444, "acodec": "none", "format": "133 - 320x240 (DASH video)", "protocol": "https", "http_headers": {"User-Agent": "Mozilla/5.0 (X11; Linux x86_64; rv:10.0) Gecko/20150101 Firefox/47.0 (Chrome)", "Accept-Charset": "ISO-8859-1,utf-8;q=0.7,*;q=0.7", "Accept": "text/html,application/xhtml+xml,application/xml;q=0.9,*/*;q=0.8", "Accept-Encoding": "gzip, deflate", "Accept-Language": "en-us,en;q=0.5"}}, {"format_id": "243", "url": "https://r6---sn-xjpm-q0ns.googlevideo.com/videoplayback?pcm2=no&pl=16&ipbits=0&sparams=clen%2Cdur%2Cei%2Cgir%2Cid%2Cip%2Cipbits%2Citag%2Ckeepalive%2Clmt%2Cmime%2Cmm%2Cmn%2Cms%2Cmv%2Cpcm2%2Cpl%2Crequiressl%2Csource%2Cexpire&source=youtube&itag=243&keepalive=yes&key=yt6&requiressl=yes&ei=9lyKWauuLYjAV8PpkOAK&mn=sn-xjpm-q0ns&mime=video%2Fwebm&signature=531223A21C93265ACD85F8565C933C456280AF1D.373BAFE3DE29081EEF8A9C81B1188ACDC59055A3&mm=31&gir=yes&dur=396.800&id=o-APOoaEoMyNSIp-iLbBjqmbTiIVFf1Uz9vyn5JdBsEIfI&mv=u&mt=1502239623&ms=au&clen=7899625&ip=131.159.40.117&expire=1502261590&lmt=1425476364335450&ratebypass=yes", "player_url": null, "ext": "webm", "height": 360, "format_note": "360p", "vcodec": "vp9", "filesize": 7899625, "tbr": 258.531, "width": 480, "fps": 15, "acodec": "none", "format": "243 - 480x360 (360p)", "protocol": "https", "http_headers": {"User-Agent": "Mozilla/5.0 (X11; Linux x86_64; rv:10.0) Gecko/20150101 Firefox/47.0 (Chrome)", "Accept-Charset": "ISO-8859-1,utf-8;q=0.7,*;q=0.7", "Accept": "text/html,application/xhtml+xml,application/xml;q=0.9,*/*;q=0.8", "Accept-Encoding": "gzip, deflate", "Accept-Language": "en-us,en;q=0.5"}}, {"ext": "mp4", "height": 360, "format_note": "DASH video", "vcodec": "avc1.4d4015", "format_id": "134", "url": "https://r6---sn-xjpm-q0ns.googlevideo.com/videoplayback?id=341f1f7502335493&itag=134&source=youtube&requiressl=yes&mm=31&mn=sn-xjpm-q0ns&pl=16&mv=u&ei=91yKWerEDML-VLvgsbgM&ms=au&ratebypass=yes&mime=video/mp4&gir=yes&clen=11739960&lmt=1406993713693748&dur=396.866&mt=1502239623&key=dg_yt0&signature=1DFBBBEB7138BDDD1F15FB5281AEA0B6211B7A43.71FD79A36E2F13C7A2D256F332B01240E91F88A6&ip=131.159.40.117&ipbits=0&expire=1502261591&sparams=ip,ipbits,expire,id,itag,source,requiressl,mm,mn,pl,mv,ei,ms,ratebypass,mime,gir,clen,lmt,dur", "manifest_url": "https://manifest.googlevideo.com/api/manifest/dash/mt/1502239623/playback_host/r6---sn-xjpm-q0ns.googlevideo.com/as/fmp4_audio_clear%2Cfmp4_sd_hd_clear/sparams/as%2Cei%2Chfr%2Cid%2Cip%2Cipbits%2Citag%2Cmm%2Cmn%2Cms%2Cmv%2Cpl%2Cplayback_host%2Crequiressl%2Csource%2Cexpire/ipbits/0/ip/131.159.40.117/mm/31/mn/sn-xjpm-q0ns/key/yt6/hfr/1/itag/0/pl/16/source/youtube/mv/u/ei/91yKWerEDML-VLvgsbgM/ms/au/signature/0A54DA561419F72565888C376B6B189C7D61AB.9687087B9C77C272D3696C66E7593BAB08728483/requiressl/yes/id/341f1f7502335493/expire/1502261591", "width": 480, "tbr": 319.78, "asr": null, "fps": 15, "language": null, "filesize": 11739960, "acodec": "none", "format": "134 - 480x360 (DASH video)", "protocol": "https", "http_headers": {"User-Agent": "Mozilla/5.0 (X11; Linux x86_64; rv:10.0) Gecko/20150101 Firefox/47.0 (Chrome)", "Accept-Charset": "ISO-8859-1,utf-8;q=0.7,*;q=0.7", "Accept": "text/html,application/xhtml+xml,application/xml;q=0.9,*/*;q=0.8", "Accept-Encoding": "gzip, deflate", "Accept-Language": "en-us,en;q=0.5"}}, {"format_id": "244", "url": "https://r6---sn-xjpm-q0ns.googlevideo.com/videoplayback?pcm2=no&pl=16&ipbits=0&sparams=clen%2Cdur%2Cei%2Cgir%2Cid%2Cip%2Cipbits%2Citag%2Ckeepalive%2Clmt%2Cmime%2Cmm%2Cmn%2Cms%2Cmv%2Cpcm2%2Cpl%2Crequiressl%2Csource%2Cexpire&source=youtube&itag=244&keepalive=yes&key=yt6&requiressl=yes&ei=9lyKWauuLYjAV8PpkOAK&mn=sn-xjpm-q0ns&mime=video%2Fwebm&signature=48F9BEA447CDECCB679883AD34BED5AAFB797954.9E71420EE85550FEDAC63115FD388B2207EACA57&mm=31&gir=yes&dur=396.800&id=o-APOoaEoMyNSIp-iLbBjqmbTiIVFf1Uz9vyn5JdBsEIfI&mv=u&mt=1502239623&ms=au&clen=13116501&ip=131.159.40.117&expire=1502261590&lmt=1425476383629609&ratebypass=yes", "player_url": null, "ext": "webm", "height": 480, "format_note": "480p", "vcodec": "vp9", "filesize": 13116501, "tbr": 461.329, "width": 640, "fps": 15, "acodec": "none", "format": "244 - 640x480 (480p)", "protocol": "https", "http_headers": {"User-Agent": "Mozilla/5.0 (X11; Linux x86_64; rv:10.0) Gecko/20150101 Firefox/47.0 (Chrome)", "Accept-Charset": "ISO-8859-1,utf-8;q=0.7,*;q=0.7", "Accept": "text/html,application/xhtml+xml,application/xml;q=0.9,*/*;q=0.8", "Accept-Encoding": "gzip, deflate", "Accept-Language": "en-us,en;q=0.5"}}, {"ext": "mp4", "height": 480, "format_note": "DASH video", "vcodec": "avc1.4d4016", "format_id": "135", "url": "https://r6---sn-xjpm-q0ns.googlevideo.com/videoplayback?id=341f1f7502335493&itag=135&source=youtube&requiressl=yes&mm=31&mn=sn-xjpm-q0ns&pl=16&mv=u&ei=91yKWerEDML-VLvgsbgM&ms=au&ratebypass=yes&mime=video/mp4&gir=yes&clen=24851668&lmt=1406993717298576&dur=396.866&mt=1502239623&key=dg_yt0&signature=0DB050FCA7B9004DA15D7195E59A8955A770B9E5.6941B4A03FD6AAC701EA6E274EB25658B3D2BF0E&ip=131.159.40.117&ipbits=0&expire=1502261591&sparams=ip,ipbits,expire,id,itag,source,requiressl,mm,mn,pl,mv,ei,ms,ratebypass,mime,gir,clen,lmt,dur", "manifest_url": "https://manifest.googlevideo.com/api/manifest/dash/mt/1502239623/playback_host/r6---sn-xjpm-q0ns.googlevideo.com/as/fmp4_audio_clear%2Cfmp4_sd_hd_clear/sparams/as%2Cei%2Chfr%2Cid%2Cip%2Cipbits%2Citag%2Cmm%2Cmn%2Cms%2Cmv%2Cpl%2Cplayback_host%2Crequiressl%2Csource%2Cexpire/ipbits/0/ip/131.159.40.117/mm/31/mn/sn-xjpm-q0ns/key/yt6/hfr/1/itag/0/pl/16/source/youtube/mv/u/ei/91yKWerEDML-VLvgsbgM/ms/au/signature/0A54DA561419F72565888C376B6B189C7D61AB.9687087B9C77C272D3696C66E7593BAB08728483/requiressl/yes/id/341f1f7502335493/expire/1502261591", "width": 640, "tbr": 693.718, "asr": null, "fps": 15, "language": null, "filesize": 24851668, "acodec": "none", "format": "135 - 640x480 (DASH video)", "protocol": "https", "http_headers": {"User-Agent": "Mozilla/5.0 (X11; Linux x86_64; rv:10.0) Gecko/20150101 Firefox/47.0 (Chrome)", "Accept-Charset": "ISO-8859-1,utf-8;q=0.7,*;q=0.7", "Accept": "text/html,application/xhtml+xml,application/xml;q=0.9,*/*;q=0.8", "Accept-Encoding": "gzip, deflate", "Accept-Language": "en-us,en;q=0.5"}}, {"format_id": "17", "url": "https://r6---sn-xjpm-q0ns.googlevideo.com/videoplayback?pcm2=no&pl=16&ipbits=0&sparams=clen%2Cdur%2Cei%2Cgir%2Cid%2Cip%2Cipbits%2Citag%2Clmt%2Cmime%2Cmm%2Cmn%2Cms%2Cmv%2Cpcm2%2Cpl%2Crequiressl%2Csource%2Cexpire&source=youtube&itag=17&key=yt6&requiressl=yes&ei=9lyKWauuLYjAV8PpkOAK&mn=sn-xjpm-q0ns&mime=video%2F3gpp&signature=84AB8C3C038E33195AEFB66C24F08280E2DEB971.31E453C14042ECDCDCEF014C828F35D20B47CF57&mm=31&gir=yes&dur=397.432&id=o-APOoaEoMyNSIp-iLbBjqmbTiIVFf1Uz9vyn5JdBsEIfI&mv=u&mt=1502239623&ms=au&clen=4160085&ip=131.159.40.117&expire=1502261590&lmt=1274817305499389&ratebypass=yes", "player_url": null, "ext": "3gp", "width": 176, "height": 144, "acodec": "mp4a.40.2", "abr": 24, "vcodec": "mp4v.20.3", "resolution": "176x144", "format_note": "small", "format": "17 - 176x144 (small)", "protocol": "https", "http_headers": {"User-Agent": "Mozilla/5.0 (X11; Linux x86_64; rv:10.0) Gecko/20150101 Firefox/47.0 (Chrome)", "Accept-Charset": "ISO-8859-1,utf-8;q=0.7,*;q=0.7", "Accept": "text/html,application/xhtml+xml,application/xml;q=0.9,*/*;q=0.8", "Accept-Encoding": "gzip, deflate", "Accept-Language": "en-us,en;q=0.5"}}, {"format_id": "36", "url": "https://r6---sn-xjpm-q0ns.googlevideo.com/videoplayback?pcm2=no&pl=16&ipbits=0&sparams=clen%2Cdur%2Cei%2Cgir%2Cid%2Cip%2Cipbits%2Citag%2Clmt%2Cmime%2Cmm%2Cmn%2Cms%2Cmv%2Cpcm2%2Cpl%2Crequiressl%2Csource%2Cexpire&source=youtube&itag=36&key=yt6&requiressl=yes&ei=9lyKWauuLYjAV8PpkOAK&mn=sn-xjpm-q0ns&mime=video%2F3gpp&signature=C9146F6896EC7F399BAC0DAB024D09FFCA1B399D.5564ABA16E0F5CE1AE0A45C78FEF0C84131481C0&mm=31&gir=yes&dur=397.014&id=o-APOoaEoMyNSIp-iLbBjqmbTiIVFf1Uz9vyn5JdBsEIfI&mv=u&mt=1502239623&ms=au&clen=11194277&ip=131.159.40.117&expire=1502261590&lmt=1428039664147692&ratebypass=yes", "player_url": null, "ext": "3gp", "width": 320, "acodec": "mp4a.40.2", "vcodec": "mp4v.20.3", "resolution": "320x240", "height": 240, "format_note": "small", "format": "36 - 320x240 (small)", "protocol": "https", "http_headers": {"User-Agent": "Mozilla/5.0 (X11; Linux x86_64; rv:10.0) Gecko/20150101 Firefox/47.0 (Chrome)", "Accept-Charset": "ISO-8859-1,utf-8;q=0.7,*;q=0.7", "Accept": "text/html,application/xhtml+xml,application/xml;q=0.9,*/*;q=0.8", "Accept-Encoding": "gzip, deflate", "Accept-Language": "en-us,en;q=0.5"}}, {"format_id": "18", "url": "https://r6---sn-xjpm-q0ns.googlevideo.com/videoplayback?pcm2=no&pl=16&ipbits=0&sparams=clen%2Cdur%2Cei%2Cgir%2Cid%2Cip%2Cipbits%2Citag%2Clmt%2Cmime%2Cmm%2Cmn%2Cms%2Cmv%2Cpcm2%2Cpl%2Cratebypass%2Crequiressl%2Csource%2Cexpire&source=youtube&itag=18&key=yt6&requiressl=yes&ei=9lyKWauuLYjAV8PpkOAK&mn=sn-xjpm-q0ns&mime=video%2Fmp4&signature=51EA06B473FAA6BB4A72545C51E200DFE3C63A20.D1B67727FE72955C97B96811571664DC8B603BD7&mm=31&gir=yes&dur=397.386&id=o-APOoaEoMyNSIp-iLbBjqmbTiIVFf1Uz9vyn5JdBsEIfI&mv=u&mt=1502239623&ms=au&clen=23489960&ip=131.159.40.117&ratebypass=yes&expire=1502261590&lmt=1274817379972490", "player_url": null, "ext": "mp4", "width": 480, "height": 360, "acodec": "mp4a.40.2", "abr": 96, "vcodec": "avc1.42001E", "resolution": "480x360", "format_note": "medium", "format": "18 - 480x360 (medium)", "protocol": "https", "http_headers": {"User-Agent": "Mozilla/5.0 (X11; Linux x86_64; rv:10.0) Gecko/20150101 Firefox/47.0 (Chrome)", "Accept-Charset": "ISO-8859-1,utf-8;q=0.7,*;q=0.7", "Accept": "text/html,application/xhtml+xml,application/xml;q=0.9,*/*;q=0.8", "Accept-Encoding": "gzip, deflate", "Accept-Language": "en-us,en;q=0.5"}}, {"format_id": "43", "url": "https://r6---sn-xjpm-q0ns.googlevideo.com/videoplayback?pcm2=no&pl=16&ipbits=0&sparams=clen%2Cdur%2Cei%2Cgir%2Cid%2Cip%2Cipbits%2Citag%2Clmt%2Cmime%2Cmm%2Cmn%2Cms%2Cmv%2Cpcm2%2Cpl%2Cratebypass%2Crequiressl%2Csource%2Cexpire&source=youtube&itag=43&key=yt6&requiressl=yes&ei=9lyKWauuLYjAV8PpkOAK&mn=sn-xjpm-q0ns&mime=video%2Fwebm&signature=45D72AEDACFDD814AF01032DEC831C409BBBB69D.61DABEFC3D8C7B240AB0EB18B0A233C5CB45F440&mm=31&gir=yes&dur=0.000&id=o-APOoaEoMyNSIp-iLbBjqmbTiIVFf1Uz9vyn5JdBsEIfI&mv=u&mt=1502239623&ms=au&clen=16991833&ip=131.159.40.117&ratebypass=yes&expire=1502261590&lmt=1299337852913697", "player_url": null, "ext": "webm", "width": 640, "height": 360, "acodec": "vorbis", "abr": 128, "vcodec": "vp8.0", "resolution": "640x360", "format_note": "medium", "format": "43 - 640x360 (medium)", "protocol": "https", "http_headers": {"User-Agent": "Mozilla/5.0 (X11; Linux x86_64; rv:10.0) Gecko/20150101 Firefox/47.0 (Chrome)", "Accept-Charset": "ISO-8859-1,utf-8;q=0.7,*;q=0.7", "Accept": "text/html,application/xhtml+xml,application/xml;q=0.9,*/*;q=0.8", "Accept-Encoding": "gzip, deflate", "Accept-Language": "en-us,en;q=0.5"}}], "is_live": null, "start_time": null, "end_time": null, "series": null, "season_number": null, "episode_number": null, "extractor": "youtube", "webpage_url_basename": "NB8fdQIzVJM", "extractor_key": "Youtube", "playlist": null, "playlist_index": null, "thumbnails": [{"url": "https://i.ytimg.com/vi/NB8fdQIzVJM/hqdefault.jpg", "id": "0"}], "display_id": "NB8fdQIzVJM", "ext": "mp4", "height": 480, "format_note": "DASH video", "vcodec": "avc1.4d4016", "format_id": "135", "url": "https://r6---sn-xjpm-q0ns.googlevideo.com/videoplayback?id=341f1f7502335493&itag=135&source=youtube&requiressl=yes&mm=31&mn=sn-xjpm-q0ns&pl=16&mv=u&ei=91yKWerEDML-VLvgsbgM&ms=au&ratebypass=yes&mime=video/mp4&gir=yes&clen=24851668&lmt=1406993717298576&dur=396.866&mt=1502239623&key=dg_yt0&signature=0DB050FCA7B9004DA15D7195E59A8955A770B9E5.6941B4A03FD6AAC701EA6E274EB25658B3D2BF0E&ip=131.159.40.117&ipbits=0&expire=1502261591&sparams=ip,ipbits,expire,id,itag,source,requiressl,mm,mn,pl,mv,ei,ms,ratebypass,mime,gir,clen,lmt,dur", "manifest_url": "https://manifest.googlevideo.com/api/manifest/dash/mt/1502239623/playback_host/r6---sn-xjpm-q0ns.googlevideo.com/as/fmp4_audio_clear%2Cfmp4_sd_hd_clear/sparams/as%2Cei%2Chfr%2Cid%2Cip%2Cipbits%2Citag%2Cmm%2Cmn%2Cms%2Cmv%2Cpl%2Cplayback_host%2Crequiressl%2Csource%2Cexpire/ipbits/0/ip/131.159.40.117/mm/31/mn/sn-xjpm-q0ns/key/yt6/hfr/1/itag/0/pl/16/source/youtube/mv/u/ei/91yKWerEDML-VLvgsbgM/ms/au/signature/0A54DA561419F72565888C376B6B189C7D61AB.9687087B9C77C272D3696C66E7593BAB08728483/requiressl/yes/id/341f1f7502335493/expire/1502261591", "width": 640, "tbr": 693.718, "asr": null, "fps": 15, "language": null, "filesize": 24851668, "acodec": "none", "format": "135 - 640x480 (DASH video)", "protocol": "https", "http_headers": {"User-Agent": "Mozilla/5.0 (X11; Linux x86_64; rv:10.0) Gecko/20150101 Firefox/47.0 (Chrome)", "Accept-Charset": "ISO-8859-1,utf-8;q=0.7,*;q=0.7", "Accept": "text/html,application/xhtml+xml,application/xml;q=0.9,*/*;q=0.8", "Accept-Encoding": "gzip, deflate", "Accept-Language": "en-us,en;q=0.5"}, "fulltitle": "Georgia Teacher Allows Students To Wear KKK Robes For School Play Pt 3 of 3", "_filename": "NB8fdQIzVJM.mp4"}