{"id": "vV_h9VUykDg", "uploader": "Stephanie Walt", "uploader_id": "stephaniewalt", "uploader_url": "http://www.youtube.com/user/stephaniewalt", "upload_date": "20140817", "license": "Standard YouTube License", "creator": null, "title": "La Roche-Posay Anthelios Mineral | SKINCARE SUNDAY", "alt_title": null, "thumbnail": "https://i.ytimg.com/vi/vV_h9VUykDg/hqdefault.jpg", "description": "DON'T FORGET TO THROW ME INTO HD!!\n*****Nuggety Goodness is Waiting Down Here*****\n\nBecome a SUPER NUGGET by hitting SUBSCRIBE\n\nWhat I Used to Create this Chaos:\nLa Roche-Posay Anthelios SPF 50 Mineral Tinted Sunscreen\n\nSocial Media Mania!!!\nhttp://facebook.com/snwalt\nhttp://twitter.com/snwalt\nhttp://instagram.com/snwalt\n[Cause, you know I look better in a filter, GIRL]\n\nFavorite Places:\nHauteLook: http://www.hautelook.com/short/3TTS0\nEbates: http://www.ebates.com/rf.do?referrerid=M4XWaNoETxrsF%2BMm7tmaeQ%3D%3D\n\nDisclaimer: All products are purchased by me, with my own mullah, unless specified.  All the opinions are my own and my videos are not sponsored.\n\nFor business inquiries: NuggetBeauty@gmail.com\n\nHELLO NUGGETS and welcome to my BEAUTY channel - looking for tips, tricks, and tutorials? Then welcome aboard!  I have a lot of fun creating these beauty videos and sharing my stories with you, my Super Nuggets.  So thanks for stopping by and please check out more videos on my channel: www.youtube.com/stephaniewalt", "categories": ["Howto & Style"], "tags": ["Cosmetics", "Beauty", "Makeup", "stefbeauty", "tutorial", "haul", "review", "look", "foundation", "mascara", "lipstick", "blush", "bronzer", "contour", "brows", "routine", "everyday makeup", "empties", "would i repurchase", "products ive used up", "product review", "beauty blogger", "beauty guru", "makeup artist", "full face", "new beauty guru", "Health (Industry)"], "subtitles": {}, "automatic_captions": {}, "duration": 259, "age_limit": 0, "annotations": null, "chapters": null, "webpage_url": "https://www.youtube.com/watch?v=vV_h9VUykDg", "view_count": 22495, "like_count": 86, "dislike_count": 19, "average_rating": 4.27619028091, "formats": [{"ext": "m4a", "format_note": "DASH audio", "acodec": "mp4a.40.5", "abr": 48, "container": "m4a_dash", "format_id": "139", "url": "https://r6---sn-4g5edne6.googlevideo.com/videoplayback?id=bd5fe1f555329038&itag=139&source=youtube&requiressl=yes&mm=31&ei=9daKWci9ONfKcrajkvgC&mn=sn-4g5edne6&initcwndbps=4226250&pl=16&mv=m&ms=au&ratebypass=yes&mime=audio/mp4&gir=yes&clen=1565220&lmt=1425291179104157&dur=259.273&mt=1502271104&key=dg_yt0&signature=873127EB879830F0683E02FA4A3360D114A9A5EC.26AF811BE1D49E8586CBA5860B91CF8502B13007&ip=131.159.40.117&ipbits=0&expire=1502292822&sparams=ip,ipbits,expire,id,itag,source,requiressl,mm,ei,mn,initcwndbps,pl,mv,ms,ratebypass,mime,gir,clen,lmt,dur", "manifest_url": "https://manifest.googlevideo.com/api/manifest/dash/mm/31/ipbits/0/hfr/1/requiressl/yes/ip/131.159.40.117/playback_host/r6---sn-4g5edne6.googlevideo.com/sparams/as%2Cei%2Chfr%2Cid%2Cinitcwndbps%2Cip%2Cipbits%2Citag%2Cmm%2Cmn%2Cms%2Cmv%2Cpl%2Cplayback_host%2Crequiressl%2Csource%2Cexpire/ei/9daKWci9ONfKcrajkvgC/itag/0/mn/sn-4g5edne6/initcwndbps/4226250/id/bd5fe1f555329038/pl/16/expire/1502292822/source/youtube/as/fmp4_audio_clear%2Cfmp4_sd_hd_clear/mv/m/mt/1502271104/key/yt6/ms/au/signature/33F36DE98F13EF112300EB293C73054636CB5D2F.730D90CC8292FD3A27A05100CC23AA758A37FB54", "width": null, "height": null, "tbr": 49.322, "asr": 22050, "fps": null, "language": null, "filesize": 1565220, "vcodec": "none", "format": "139 - audio only (DASH audio)", "protocol": "https", "http_headers": {"User-Agent": "Mozilla/5.0 (X11; Linux x86_64; rv:10.0) Gecko/20150101 Firefox/47.0 (Chrome)", "Accept-Charset": "ISO-8859-1,utf-8;q=0.7,*;q=0.7", "Accept": "text/html,application/xhtml+xml,application/xml;q=0.9,*/*;q=0.8", "Accept-Encoding": "gzip, deflate", "Accept-Language": "en-us,en;q=0.5"}}, {"ext": "m4a", "format_note": "DASH audio", "acodec": "mp4a.40.2", "abr": 128, "container": "m4a_dash", "format_id": "140", "url": "https://r6---sn-4g5edne6.googlevideo.com/videoplayback?id=bd5fe1f555329038&itag=140&source=youtube&requiressl=yes&mm=31&ei=9daKWci9ONfKcrajkvgC&mn=sn-4g5edne6&initcwndbps=4226250&pl=16&mv=m&ms=au&ratebypass=yes&mime=audio/mp4&gir=yes&clen=4162237&lmt=1425291179992039&dur=259.226&mt=1502271104&key=dg_yt0&signature=307487DD4BB56A09435C2878BDE50FDBE2B8068F.4FDCCC97B98B1BCE6F7B29B23B2FA57F7336EF97&ip=131.159.40.117&ipbits=0&expire=1502292822&sparams=ip,ipbits,expire,id,itag,source,requiressl,mm,ei,mn,initcwndbps,pl,mv,ms,ratebypass,mime,gir,clen,lmt,dur", "manifest_url": "https://manifest.googlevideo.com/api/manifest/dash/mm/31/ipbits/0/hfr/1/requiressl/yes/ip/131.159.40.117/playback_host/r6---sn-4g5edne6.googlevideo.com/sparams/as%2Cei%2Chfr%2Cid%2Cinitcwndbps%2Cip%2Cipbits%2Citag%2Cmm%2Cmn%2Cms%2Cmv%2Cpl%2Cplayback_host%2Crequiressl%2Csource%2Cexpire/ei/9daKWci9ONfKcrajkvgC/itag/0/mn/sn-4g5edne6/initcwndbps/4226250/id/bd5fe1f555329038/pl/16/expire/1502292822/source/youtube/as/fmp4_audio_clear%2Cfmp4_sd_hd_clear/mv/m/mt/1502271104/key/yt6/ms/au/signature/33F36DE98F13EF112300EB293C73054636CB5D2F.730D90CC8292FD3A27A05100CC23AA758A37FB54", "width": null, "height": null, "tbr": 129.522, "asr": 44100, "fps": null, "language": null, "filesize": 4162237, "vcodec": "none", "format": "140 - audio only (DASH audio)", "protocol": "https", "http_headers": {"User-Agent": "Mozilla/5.0 (X11; Linux x86_64; rv:10.0) Gecko/20150101 Firefox/47.0 (Chrome)", "Accept-Charset": "ISO-8859-1,utf-8;q=0.7,*;q=0.7", "Accept": "text/html,application/xhtml+xml,application/xml;q=0.9,*/*;q=0.8", "Accept-Encoding": "gzip, deflate", "Accept-Language": "en-us,en;q=0.5"}}, {"ext": "mp4", "height": 144, "format_note": "DASH video", "vcodec": "avc1.4d400c", "format_id": "160", "url": "https://r6---sn-4g5edne6.googlevideo.com/videoplayback?id=bd5fe1f555329038&itag=160&source=youtube&requiressl=yes&mm=31&ei=9daKWci9ONfKcrajkvgC&mn=sn-4g5edne6&initcwndbps=4226250&pl=16&mv=m&ms=au&ratebypass=yes&mime=video/mp4&gir=yes&clen=3535613&lmt=1425291226970069&dur=259.192&mt=1502271104&key=dg_yt0&signature=2CB1338BA85BEC22FE7AE260233E81D4C6DD9553.34776A54BDAFC1FDCC17BE923442F14169E582B8&ip=131.159.40.117&ipbits=0&expire=1502292822&sparams=ip,ipbits,expire,id,itag,source,requiressl,mm,ei,mn,initcwndbps,pl,mv,ms,ratebypass,mime,gir,clen,lmt,dur", "manifest_url": "https://manifest.googlevideo.com/api/manifest/dash/mm/31/ipbits/0/hfr/1/requiressl/yes/ip/131.159.40.117/playback_host/r6---sn-4g5edne6.googlevideo.com/sparams/as%2Cei%2Chfr%2Cid%2Cinitcwndbps%2Cip%2Cipbits%2Citag%2Cmm%2Cmn%2Cms%2Cmv%2Cpl%2Cplayback_host%2Crequiressl%2Csource%2Cexpire/ei/9daKWci9ONfKcrajkvgC/itag/0/mn/sn-4g5edne6/initcwndbps/4226250/id/bd5fe1f555329038/pl/16/expire/1502292822/source/youtube/as/fmp4_audio_clear%2Cfmp4_sd_hd_clear/mv/m/mt/1502271104/key/yt6/ms/au/signature/33F36DE98F13EF112300EB293C73054636CB5D2F.730D90CC8292FD3A27A05100CC23AA758A37FB54", "width": 256, "tbr": 111.184, "asr": null, "fps": 15, "language": null, "filesize": 3535613, "acodec": "none", "format": "160 - 256x144 (DASH video)", "protocol": "https", "http_headers": {"User-Agent": "Mozilla/5.0 (X11; Linux x86_64; rv:10.0) Gecko/20150101 Firefox/47.0 (Chrome)", "Accept-Charset": "ISO-8859-1,utf-8;q=0.7,*;q=0.7", "Accept": "text/html,application/xhtml+xml,application/xml;q=0.9,*/*;q=0.8", "Accept-Encoding": "gzip, deflate", "Accept-Language": "en-us,en;q=0.5"}}, {"ext": "mp4", "height": 240, "format_note": "DASH video", "vcodec": "avc1.4d4015", "format_id": "133", "url": "https://r6---sn-4g5edne6.googlevideo.com/videoplayback?id=bd5fe1f555329038&itag=133&source=youtube&requiressl=yes&mm=31&ei=9daKWci9ONfKcrajkvgC&mn=sn-4g5edne6&initcwndbps=4226250&pl=16&mv=m&ms=au&ratebypass=yes&mime=video/mp4&gir=yes&clen=7922760&lmt=1425291229856245&dur=259.158&mt=1502271104&key=dg_yt0&signature=481ABF4F62521A90BDC342D3D875863908E5E30F.9B3C7C1B8A6A3C24029CDF7BBB5FDC458B18AFFB&ip=131.159.40.117&ipbits=0&expire=1502292822&sparams=ip,ipbits,expire,id,itag,source,requiressl,mm,ei,mn,initcwndbps,pl,mv,ms,ratebypass,mime,gir,clen,lmt,dur", "manifest_url": "https://manifest.googlevideo.com/api/manifest/dash/mm/31/ipbits/0/hfr/1/requiressl/yes/ip/131.159.40.117/playback_host/r6---sn-4g5edne6.googlevideo.com/sparams/as%2Cei%2Chfr%2Cid%2Cinitcwndbps%2Cip%2Cipbits%2Citag%2Cmm%2Cmn%2Cms%2Cmv%2Cpl%2Cplayback_host%2Crequiressl%2Csource%2Cexpire/ei/9daKWci9ONfKcrajkvgC/itag/0/mn/sn-4g5edne6/initcwndbps/4226250/id/bd5fe1f555329038/pl/16/expire/1502292822/source/youtube/as/fmp4_audio_clear%2Cfmp4_sd_hd_clear/mv/m/mt/1502271104/key/yt6/ms/au/signature/33F36DE98F13EF112300EB293C73054636CB5D2F.730D90CC8292FD3A27A05100CC23AA758A37FB54", "width": 426, "tbr": 246.805, "asr": null, "fps": 30, "language": null, "filesize": 7922760, "acodec": "none", "format": "133 - 426x240 (DASH video)", "protocol": "https", "http_headers": {"User-Agent": "Mozilla/5.0 (X11; Linux x86_64; rv:10.0) Gecko/20150101 Firefox/47.0 (Chrome)", "Accept-Charset": "ISO-8859-1,utf-8;q=0.7,*;q=0.7", "Accept": "text/html,application/xhtml+xml,application/xml;q=0.9,*/*;q=0.8", "Accept-Encoding": "gzip, deflate", "Accept-Language": "en-us,en;q=0.5"}}, {"ext": "mp4", "height": 360, "format_note": "DASH video", "vcodec": "avc1.4d401e", "format_id": "134", "url": "https://r6---sn-4g5edne6.googlevideo.com/videoplayback?id=bd5fe1f555329038&itag=134&source=youtube&requiressl=yes&mm=31&ei=9daKWci9ONfKcrajkvgC&mn=sn-4g5edne6&initcwndbps=4226250&pl=16&mv=m&ms=au&ratebypass=yes&mime=video/mp4&gir=yes&clen=7892134&lmt=1425291292244969&dur=259.158&mt=1502271104&key=dg_yt0&signature=2D6E58A44BE1E75B94A080312CF515E15F907BC7.84774DA38D9E9B66981D29F43516CE615374963D&ip=131.159.40.117&ipbits=0&expire=1502292822&sparams=ip,ipbits,expire,id,itag,source,requiressl,mm,ei,mn,initcwndbps,pl,mv,ms,ratebypass,mime,gir,clen,lmt,dur", "manifest_url": "https://manifest.googlevideo.com/api/manifest/dash/mm/31/ipbits/0/hfr/1/requiressl/yes/ip/131.159.40.117/playback_host/r6---sn-4g5edne6.googlevideo.com/sparams/as%2Cei%2Chfr%2Cid%2Cinitcwndbps%2Cip%2Cipbits%2Citag%2Cmm%2Cmn%2Cms%2Cmv%2Cpl%2Cplayback_host%2Crequiressl%2Csource%2Cexpire/ei/9daKWci9ONfKcrajkvgC/itag/0/mn/sn-4g5edne6/initcwndbps/4226250/id/bd5fe1f555329038/pl/16/expire/1502292822/source/youtube/as/fmp4_audio_clear%2Cfmp4_sd_hd_clear/mv/m/mt/1502271104/key/yt6/ms/au/signature/33F36DE98F13EF112300EB293C73054636CB5D2F.730D90CC8292FD3A27A05100CC23AA758A37FB54", "width": 640, "tbr": 290.79, "asr": null, "fps": 30, "language": null, "filesize": 7892134, "acodec": "none", "format": "134 - 640x360 (DASH video)", "protocol": "https", "http_headers": {"User-Agent": "Mozilla/5.0 (X11; Linux x86_64; rv:10.0) Gecko/20150101 Firefox/47.0 (Chrome)", "Accept-Charset": "ISO-8859-1,utf-8;q=0.7,*;q=0.7", "Accept": "text/html,application/xhtml+xml,application/xml;q=0.9,*/*;q=0.8", "Accept-Encoding": "gzip, deflate", "Accept-Language": "en-us,en;q=0.5"}}, {"ext": "mp4", "height": 480, "format_note": "DASH video", "vcodec": "avc1.4d401f", "format_id": "135", "url": "https://r6---sn-4g5edne6.googlevideo.com/videoplayback?id=bd5fe1f555329038&itag=135&source=youtube&requiressl=yes&mm=31&ei=9daKWci9ONfKcrajkvgC&mn=sn-4g5edne6&initcwndbps=4226250&pl=16&mv=m&ms=au&ratebypass=yes&mime=video/mp4&gir=yes&clen=16825812&lmt=1425291301982952&dur=259.158&mt=1502271104&key=dg_yt0&signature=8434323D16E15739A60366320FFEE771F16E0967.16A691123110085CF005C65EFF49719CC265B55F&ip=131.159.40.117&ipbits=0&expire=1502292822&sparams=ip,ipbits,expire,id,itag,source,requiressl,mm,ei,mn,initcwndbps,pl,mv,ms,ratebypass,mime,gir,clen,lmt,dur", "manifest_url": "https://manifest.googlevideo.com/api/manifest/dash/mm/31/ipbits/0/hfr/1/requiressl/yes/ip/131.159.40.117/playback_host/r6---sn-4g5edne6.googlevideo.com/sparams/as%2Cei%2Chfr%2Cid%2Cinitcwndbps%2Cip%2Cipbits%2Citag%2Cmm%2Cmn%2Cms%2Cmv%2Cpl%2Cplayback_host%2Crequiressl%2Csource%2Cexpire/ei/9daKWci9ONfKcrajkvgC/itag/0/mn/sn-4g5edne6/initcwndbps/4226250/id/bd5fe1f555329038/pl/16/expire/1502292822/source/youtube/as/fmp4_audio_clear%2Cfmp4_sd_hd_clear/mv/m/mt/1502271104/key/yt6/ms/au/signature/33F36DE98F13EF112300EB293C73054636CB5D2F.730D90CC8292FD3A27A05100CC23AA758A37FB54", "width": 854, "tbr": 582.791, "asr": null, "fps": 30, "language": null, "filesize": 16825812, "acodec": "none", "format": "135 - 854x480 (DASH video)", "protocol": "https", "http_headers": {"User-Agent": "Mozilla/5.0 (X11; Linux x86_64; rv:10.0) Gecko/20150101 Firefox/47.0 (Chrome)", "Accept-Charset": "ISO-8859-1,utf-8;q=0.7,*;q=0.7", "Accept": "text/html,application/xhtml+xml,application/xml;q=0.9,*/*;q=0.8", "Accept-Encoding": "gzip, deflate", "Accept-Language": "en-us,en;q=0.5"}}, {"ext": "mp4", "height": 720, "format_note": "DASH video", "vcodec": "avc1.4d401f", "format_id": "136", "url": "https://r6---sn-4g5edne6.googlevideo.com/videoplayback?id=bd5fe1f555329038&itag=136&source=youtube&requiressl=yes&mm=31&ei=9daKWci9ONfKcrajkvgC&mn=sn-4g5edne6&initcwndbps=4226250&pl=16&mv=m&ms=au&ratebypass=yes&mime=video/mp4&gir=yes&clen=33148362&lmt=1425291410866965&dur=259.158&mt=1502271104&key=dg_yt0&signature=96E45E6CCF31504F48DF3ECB6B8FF8ADA3D6ABBA.1B58E8EB6ACCA1A448AEE5ABADEA0F142017E08A&ip=131.159.40.117&ipbits=0&expire=1502292822&sparams=ip,ipbits,expire,id,itag,source,requiressl,mm,ei,mn,initcwndbps,pl,mv,ms,ratebypass,mime,gir,clen,lmt,dur", "manifest_url": "https://manifest.googlevideo.com/api/manifest/dash/mm/31/ipbits/0/hfr/1/requiressl/yes/ip/131.159.40.117/playback_host/r6---sn-4g5edne6.googlevideo.com/sparams/as%2Cei%2Chfr%2Cid%2Cinitcwndbps%2Cip%2Cipbits%2Citag%2Cmm%2Cmn%2Cms%2Cmv%2Cpl%2Cplayback_host%2Crequiressl%2Csource%2Cexpire/ei/9daKWci9ONfKcrajkvgC/itag/0/mn/sn-4g5edne6/initcwndbps/4226250/id/bd5fe1f555329038/pl/16/expire/1502292822/source/youtube/as/fmp4_audio_clear%2Cfmp4_sd_hd_clear/mv/m/mt/1502271104/key/yt6/ms/au/signature/33F36DE98F13EF112300EB293C73054636CB5D2F.730D90CC8292FD3A27A05100CC23AA758A37FB54", "width": 1280, "tbr": 1266.194, "asr": null, "fps": 30, "language": null, "filesize": 33148362, "acodec": "none", "format": "136 - 1280x720 (DASH video)", "protocol": "https", "http_headers": {"User-Agent": "Mozilla/5.0 (X11; Linux x86_64; rv:10.0) Gecko/20150101 Firefox/47.0 (Chrome)", "Accept-Charset": "ISO-8859-1,utf-8;q=0.7,*;q=0.7", "Accept": "text/html,application/xhtml+xml,application/xml;q=0.9,*/*;q=0.8", "Accept-Encoding": "gzip, deflate", "Accept-Language": "en-us,en;q=0.5"}}, {"format_id": "17", "url": "https://r1---sn-4g57knzl.googlevideo.com/videoplayback?id=o-AEMrexZGsPaniGuUwmkDXHnjYj1jSoCSoZm1VMyysuyX&mm=31&mn=sn-4g57knzl&clen=2643986&ip=131.159.40.117&ms=au&mt=1502271104&sparams=clen%2Cdur%2Cei%2Cgir%2Cid%2Cinitcwndbps%2Cip%2Cipbits%2Citag%2Clmt%2Cmime%2Cmm%2Cmn%2Cms%2Cmv%2Cpl%2Crequiressl%2Csource%2Cexpire&mv=m&signature=8D2BDB78E4B8E75A33E86115C298AA6B87ECC4F8.56B9DA90E190AEE58422D16F11316EC93106B076&initcwndbps=4226250&requiressl=yes&mime=video%2F3gpp&gir=yes&key=yt6&ipbits=0&dur=259.413&expire=1502292821&lmt=1408323549780633&pl=16&ei=9daKWZbXH5KOcJj-u5gC&itag=17&source=youtube&ratebypass=yes", "player_url": null, "ext": "3gp", "width": 176, "height": 144, "acodec": "mp4a.40.2", "abr": 24, "vcodec": "mp4v.20.3", "resolution": "176x144", "format_note": "small", "format": "17 - 176x144 (small)", "protocol": "https", "http_headers": {"User-Agent": "Mozilla/5.0 (X11; Linux x86_64; rv:10.0) Gecko/20150101 Firefox/47.0 (Chrome)", "Accept-Charset": "ISO-8859-1,utf-8;q=0.7,*;q=0.7", "Accept": "text/html,application/xhtml+xml,application/xml;q=0.9,*/*;q=0.8", "Accept-Encoding": "gzip, deflate", "Accept-Language": "en-us,en;q=0.5"}}, {"format_id": "36", "url": "https://r1---sn-4g57knzl.googlevideo.com/videoplayback?id=o-AEMrexZGsPaniGuUwmkDXHnjYj1jSoCSoZm1VMyysuyX&mm=31&mn=sn-4g57knzl&clen=7341301&ip=131.159.40.117&ms=au&mt=1502271104&sparams=clen%2Cdur%2Cei%2Cgir%2Cid%2Cinitcwndbps%2Cip%2Cipbits%2Citag%2Clmt%2Cmime%2Cmm%2Cmn%2Cms%2Cmv%2Cpl%2Crequiressl%2Csource%2Cexpire&mv=m&signature=B5BB5F15037BD667F1EB180B0B361CFCE80A7E89.2A22122016D191AEFD8B29ECFAEF267B4B7756B1&initcwndbps=4226250&requiressl=yes&mime=video%2F3gpp&gir=yes&key=yt6&ipbits=0&dur=259.366&expire=1502292821&lmt=1408323568348998&pl=16&ei=9daKWZbXH5KOcJj-u5gC&itag=36&source=youtube&ratebypass=yes", "player_url": null, "ext": "3gp", "width": 320, "acodec": "mp4a.40.2", "vcodec": "mp4v.20.3", "resolution": "320x180", "height": 180, "format_note": "small", "format": "36 - 320x180 (small)", "protocol": "https", "http_headers": {"User-Agent": "Mozilla/5.0 (X11; Linux x86_64; rv:10.0) Gecko/20150101 Firefox/47.0 (Chrome)", "Accept-Charset": "ISO-8859-1,utf-8;q=0.7,*;q=0.7", "Accept": "text/html,application/xhtml+xml,application/xml;q=0.9,*/*;q=0.8", "Accept-Encoding": "gzip, deflate", "Accept-Language": "en-us,en;q=0.5"}}, {"format_id": "43", "url": "https://r1---sn-4g57knzl.googlevideo.com/videoplayback?id=o-AEMrexZGsPaniGuUwmkDXHnjYj1jSoCSoZm1VMyysuyX&mm=31&mn=sn-4g57knzl&clen=19154374&ip=131.159.40.117&ms=au&mt=1502271104&sparams=clen%2Cdur%2Cei%2Cgir%2Cid%2Cinitcwndbps%2Cip%2Cipbits%2Citag%2Clmt%2Cmime%2Cmm%2Cmn%2Cms%2Cmv%2Cpl%2Cratebypass%2Crequiressl%2Csource%2Cexpire&mv=m&signature=39F479BC3B7BA26FAAA1DB5023873A29637D42DF.B07CFD15A73D084350075B69AA07C3E9EE6BDFDC&ratebypass=yes&initcwndbps=4226250&requiressl=yes&mime=video%2Fwebm&gir=yes&key=yt6&ipbits=0&dur=0.000&expire=1502292821&lmt=1437136008585214&pl=16&ei=9daKWZbXH5KOcJj-u5gC&itag=43&source=youtube", "player_url": null, "ext": "webm", "width": 640, "height": 360, "acodec": "vorbis", "abr": 128, "vcodec": "vp8.0", "resolution": "640x360", "format_note": "medium", "format": "43 - 640x360 (medium)", "protocol": "https", "http_headers": {"User-Agent": "Mozilla/5.0 (X11; Linux x86_64; rv:10.0) Gecko/20150101 Firefox/47.0 (Chrome)", "Accept-Charset": "ISO-8859-1,utf-8;q=0.7,*;q=0.7", "Accept": "text/html,application/xhtml+xml,application/xml;q=0.9,*/*;q=0.8", "Accept-Encoding": "gzip, deflate", "Accept-Language": "en-us,en;q=0.5"}}, {"format_id": "18", "url": "https://r1---sn-4g57knzl.googlevideo.com/videoplayback?id=o-AEMrexZGsPaniGuUwmkDXHnjYj1jSoCSoZm1VMyysuyX&mm=31&mn=sn-4g57knzl&clen=12738486&ip=131.159.40.117&ms=au&mt=1502271104&sparams=clen%2Cdur%2Cei%2Cgir%2Cid%2Cinitcwndbps%2Cip%2Cipbits%2Citag%2Clmt%2Cmime%2Cmm%2Cmn%2Cms%2Cmv%2Cpl%2Cratebypass%2Crequiressl%2Csource%2Cexpire&mv=m&signature=50FFC99B558DF8774D06C6F166BEDC5A92D7D8C5.6208E40B449037AC50B5D9DACED3299306D75104&ratebypass=yes&initcwndbps=4226250&requiressl=yes&mime=video%2Fmp4&gir=yes&key=yt6&ipbits=0&dur=259.227&expire=1502292821&lmt=1425291195889717&pl=16&ei=9daKWZbXH5KOcJj-u5gC&itag=18&source=youtube", "player_url": null, "ext": "mp4", "width": 640, "height": 360, "acodec": "mp4a.40.2", "abr": 96, "vcodec": "avc1.42001E", "resolution": "640x360", "format_note": "medium", "format": "18 - 640x360 (medium)", "protocol": "https", "http_headers": {"User-Agent": "Mozilla/5.0 (X11; Linux x86_64; rv:10.0) Gecko/20150101 Firefox/47.0 (Chrome)", "Accept-Charset": "ISO-8859-1,utf-8;q=0.7,*;q=0.7", "Accept": "text/html,application/xhtml+xml,application/xml;q=0.9,*/*;q=0.8", "Accept-Encoding": "gzip, deflate", "Accept-Language": "en-us,en;q=0.5"}}, {"format_id": "22", "url": "https://r1---sn-4g57knzl.googlevideo.com/videoplayback?id=o-AEMrexZGsPaniGuUwmkDXHnjYj1jSoCSoZm1VMyysuyX&signature=A95D4C9B8FAF7FF221C3733387E3F07D658142BC.E3A5349FDEF265191E46A0E452FF5279D24669FE&mm=31&ipbits=0&dur=259.227&mn=sn-4g57knzl&expire=1502292821&lmt=1471146295116340&ip=131.159.40.117&ms=au&mt=1502271104&sparams=dur%2Cei%2Cid%2Cinitcwndbps%2Cip%2Cipbits%2Citag%2Clmt%2Cmime%2Cmm%2Cmn%2Cms%2Cmv%2Cpl%2Cratebypass%2Crequiressl%2Csource%2Cexpire&mv=m&pl=16&ei=9daKWZbXH5KOcJj-u5gC&itag=22&ratebypass=yes&initcwndbps=4226250&requiressl=yes&mime=video%2Fmp4&key=yt6&source=youtube", "player_url": null, "ext": "mp4", "width": 1280, "height": 720, "acodec": "mp4a.40.2", "abr": 192, "vcodec": "avc1.64001F", "resolution": "1280x720", "format_note": "hd720", "format": "22 - 1280x720 (hd720)", "protocol": "https", "http_headers": {"User-Agent": "Mozilla/5.0 (X11; Linux x86_64; rv:10.0) Gecko/20150101 Firefox/47.0 (Chrome)", "Accept-Charset": "ISO-8859-1,utf-8;q=0.7,*;q=0.7", "Accept": "text/html,application/xhtml+xml,application/xml;q=0.9,*/*;q=0.8", "Accept-Encoding": "gzip, deflate", "Accept-Language": "en-us,en;q=0.5"}}], "is_live": null, "start_time": null, "end_time": null, "series": null, "season_number": null, "episode_number": null, "extractor": "youtube", "webpage_url_basename": "vV_h9VUykDg", "extractor_key": "Youtube", "playlist": null, "playlist_index": null, "thumbnails": [{"url": "https://i.ytimg.com/vi/vV_h9VUykDg/hqdefault.jpg", "id": "0"}], "display_id": "vV_h9VUykDg", "ext": "mp4", "height": 720, "format_note": "DASH video", "vcodec": "avc1.4d401f", "format_id": "136", "url": "https://r6---sn-4g5edne6.googlevideo.com/videoplayback?id=bd5fe1f555329038&itag=136&source=youtube&requiressl=yes&mm=31&ei=9daKWci9ONfKcrajkvgC&mn=sn-4g5edne6&initcwndbps=4226250&pl=16&mv=m&ms=au&ratebypass=yes&mime=video/mp4&gir=yes&clen=33148362&lmt=1425291410866965&dur=259.158&mt=1502271104&key=dg_yt0&signature=96E45E6CCF31504F48DF3ECB6B8FF8ADA3D6ABBA.1B58E8EB6ACCA1A448AEE5ABADEA0F142017E08A&ip=131.159.40.117&ipbits=0&expire=1502292822&sparams=ip,ipbits,expire,id,itag,source,requiressl,mm,ei,mn,initcwndbps,pl,mv,ms,ratebypass,mime,gir,clen,lmt,dur", "manifest_url": "https://manifest.googlevideo.com/api/manifest/dash/mm/31/ipbits/0/hfr/1/requiressl/yes/ip/131.159.40.117/playback_host/r6---sn-4g5edne6.googlevideo.com/sparams/as%2Cei%2Chfr%2Cid%2Cinitcwndbps%2Cip%2Cipbits%2Citag%2Cmm%2Cmn%2Cms%2Cmv%2Cpl%2Cplayback_host%2Crequiressl%2Csource%2Cexpire/ei/9daKWci9ONfKcrajkvgC/itag/0/mn/sn-4g5edne6/initcwndbps/4226250/id/bd5fe1f555329038/pl/16/expire/1502292822/source/youtube/as/fmp4_audio_clear%2Cfmp4_sd_hd_clear/mv/m/mt/1502271104/key/yt6/ms/au/signature/33F36DE98F13EF112300EB293C73054636CB5D2F.730D90CC8292FD3A27A05100CC23AA758A37FB54", "width": 1280, "tbr": 1266.194, "asr": null, "fps": 30, "language": null, "filesize": 33148362, "acodec": "none", "format": "136 - 1280x720 (DASH video)", "protocol": "https", "http_headers": {"User-Agent": "Mozilla/5.0 (X11; Linux x86_64; rv:10.0) Gecko/20150101 Firefox/47.0 (Chrome)", "Accept-Charset": "ISO-8859-1,utf-8;q=0.7,*;q=0.7", "Accept": "text/html,application/xhtml+xml,application/xml;q=0.9,*/*;q=0.8", "Accept-Encoding": "gzip, deflate", "Accept-Language": "en-us,en;q=0.5"}, "fulltitle": "La Roche-Posay Anthelios Mineral | SKINCARE SUNDAY", "_filename": "vV_h9VUykDg.mp4"}