{"id": "rGszRN55VHs", "uploader": "Dezy", "uploader_id": "Masterczulekk", "uploader_url": "http://www.youtube.com/user/Masterczulekk", "upload_date": "20140722", "license": "Standard YouTube License", "creator": null, "title": "DLACZEGO POKAZA\u0141EM TWARZ?", "alt_title": null, "thumbnail": "https://i.ytimg.com/vi/rGszRN55VHs/maxresdefault.jpg", "description": "Dzi\u0119ki za Wasze wsparcie!\n\n\u25bc Subskrybuj! http://youtube.masterczulek.pl\n\u25bc Facebook: http://facebook.com/Czulekk\n\n\u25bc Ninja koszulki!: http://masterczulek.cupsell.pl/\n\u25bc Biznes mail: biznes@masterczulek.pl\n\u25cf Twitter: http://twitter.com/Masterczuek\n\u25cf Ask: http://ask.fm/Masterczulekodpowiada\n\u25cf Czu\u0142ek na \u017cywo: http://pl.twitch.tv/masterczulek\n\n\u25cf Action!: http://mirillis.pl/pl/products/action.html\n----------------------------------------\nDzi\u0119ki za Wasze oceny i komentarze!\n\nLove ya!", "categories": ["Gaming"], "tags": ["Masterczulekk", "Masterczulek", "czulek", "twarz"], "subtitles": {}, "automatic_captions": {}, "duration": 210, "age_limit": 0, "annotations": null, "chapters": null, "webpage_url": "https://www.youtube.com/watch?v=rGszRN55VHs", "view_count": 555625, "like_count": 30271, "dislike_count": 648, "average_rating": 4.91616821289, "formats": [{"ext": "m4a", "format_note": "DASH audio", "acodec": "mp4a.40.5", "abr": 48, "container": "m4a_dash", "format_id": "139", "url": "https://r6---sn-4g5ednle.googlevideo.com/videoplayback?id=ac6b3344de79547b&itag=139&source=youtube&requiressl=yes&pl=16&mv=m&mn=sn-4g5ednle&ms=au&mm=31&ei=7fiKWfmSC4myWrqhrJAP&initcwndbps=4467500&ratebypass=yes&mime=audio/mp4&gir=yes&clen=1253789&lmt=1439635265773087&dur=210.140&signature=632348FA92241851BD5491DA1CFCA156A1B76520.5D0BDD863C11C4F6E642F5D843854B1DC097E391&key=dg_yt0&mt=1502279801&ip=131.159.40.117&ipbits=0&expire=1502301517&sparams=ip,ipbits,expire,id,itag,source,requiressl,pl,mv,mn,ms,mm,ei,initcwndbps,ratebypass,mime,gir,clen,lmt,dur", "manifest_url": "https://manifest.googlevideo.com/api/manifest/dash/ip/131.159.40.117/requiressl/yes/expire/1502301517/pl/16/source/youtube/mv/m/as/fmp4_audio_clear%2Cfmp4_sd_hd_clear/mn/sn-4g5ednle/itag/0/ms/au/ipbits/0/mm/31/hfr/1/ei/7fiKWfmSC4myWrqhrJAP/id/ac6b3344de79547b/signature/D4DF76839EB38C90731EBE5EFF3AD248C5B73C99.E228533C25405193056DE14FC0AD305948F2589B/key/yt6/playback_host/r6---sn-4g5ednle.googlevideo.com/mt/1502279801/initcwndbps/4467500/sparams/as%2Cei%2Chfr%2Cid%2Cinitcwndbps%2Cip%2Cipbits%2Citag%2Cmm%2Cmn%2Cms%2Cmv%2Cpl%2Cplayback_host%2Crequiressl%2Csource%2Cexpire", "width": null, "height": null, "tbr": 49.29, "asr": 22050, "fps": null, "language": null, "filesize": 1253789, "vcodec": "none", "format": "139 - audio only (DASH audio)", "protocol": "https", "http_headers": {"User-Agent": "Mozilla/5.0 (X11; Linux x86_64; rv:10.0) Gecko/20150101 Firefox/47.0 (Chrome)", "Accept-Charset": "ISO-8859-1,utf-8;q=0.7,*;q=0.7", "Accept": "text/html,application/xhtml+xml,application/xml;q=0.9,*/*;q=0.8", "Accept-Encoding": "gzip, deflate", "Accept-Language": "en-us,en;q=0.5"}}, {"format_id": "171", "url": "https://r6---sn-4g5e6ne6.googlevideo.com/videoplayback?requiressl=yes&ip=131.159.40.117&ms=au&mv=m&sparams=clen%2Cdur%2Cei%2Cgir%2Cid%2Cinitcwndbps%2Cip%2Cipbits%2Citag%2Ckeepalive%2Clmt%2Cmime%2Cmm%2Cmn%2Cms%2Cmv%2Cpl%2Crequiressl%2Csource%2Cexpire&mt=1502279801&itag=171&pl=16&id=o-AMVmyKfGu0SBsZaGpo7ZMwWOuffgWWeWcHfBuIAC7rCR&mn=sn-4g5e6ne6&mm=31&lmt=1406338233556353&source=youtube&keepalive=yes&ei=7PiKWcmaM838W4r-oNAK&key=yt6&gir=yes&mime=audio%2Fwebm&initcwndbps=4467500&signature=BF3CD77531F9BB7F84BD1F595EB75FC7DE8E4DB8.873443D49AEA7B98916D7AB2094581670B400422&clen=2754130&dur=210.003&ipbits=0&expire=1502301516&ratebypass=yes", "player_url": null, "ext": "webm", "acodec": "vorbis", "format_note": "DASH audio", "abr": 128, "filesize": 2754130, "tbr": 126.778, "fps": 1, "vcodec": "none", "format": "171 - audio only (DASH audio)", "protocol": "https", "http_headers": {"User-Agent": "Mozilla/5.0 (X11; Linux x86_64; rv:10.0) Gecko/20150101 Firefox/47.0 (Chrome)", "Accept-Charset": "ISO-8859-1,utf-8;q=0.7,*;q=0.7", "Accept": "text/html,application/xhtml+xml,application/xml;q=0.9,*/*;q=0.8", "Accept-Encoding": "gzip, deflate", "Accept-Language": "en-us,en;q=0.5"}}, {"ext": "m4a", "format_note": "DASH audio", "acodec": "mp4a.40.2", "abr": 128, "container": "m4a_dash", "format_id": "140", "url": "https://r6---sn-4g5ednle.googlevideo.com/videoplayback?id=ac6b3344de79547b&itag=140&source=youtube&requiressl=yes&pl=16&mv=m&mn=sn-4g5ednle&ms=au&mm=31&ei=7fiKWfmSC4myWrqhrJAP&initcwndbps=4467500&ratebypass=yes&mime=audio/mp4&gir=yes&clen=3337081&lmt=1439635265881557&dur=210.070&signature=1D0197BCB2F101464E4D8F6E7226A1FCCE8FD006.72846BA6497BF776452C52729C68804F884AAFBD&key=dg_yt0&mt=1502279801&ip=131.159.40.117&ipbits=0&expire=1502301517&sparams=ip,ipbits,expire,id,itag,source,requiressl,pl,mv,mn,ms,mm,ei,initcwndbps,ratebypass,mime,gir,clen,lmt,dur", "manifest_url": "https://manifest.googlevideo.com/api/manifest/dash/ip/131.159.40.117/requiressl/yes/expire/1502301517/pl/16/source/youtube/mv/m/as/fmp4_audio_clear%2Cfmp4_sd_hd_clear/mn/sn-4g5ednle/itag/0/ms/au/ipbits/0/mm/31/hfr/1/ei/7fiKWfmSC4myWrqhrJAP/id/ac6b3344de79547b/signature/D4DF76839EB38C90731EBE5EFF3AD248C5B73C99.E228533C25405193056DE14FC0AD305948F2589B/key/yt6/playback_host/r6---sn-4g5ednle.googlevideo.com/mt/1502279801/initcwndbps/4467500/sparams/as%2Cei%2Chfr%2Cid%2Cinitcwndbps%2Cip%2Cipbits%2Citag%2Cmm%2Cmn%2Cms%2Cmv%2Cpl%2Cplayback_host%2Crequiressl%2Csource%2Cexpire", "width": null, "height": null, "tbr": 128.063, "asr": 44100, "fps": null, "language": null, "filesize": 3337081, "vcodec": "none", "format": "140 - audio only (DASH audio)", "protocol": "https", "http_headers": {"User-Agent": "Mozilla/5.0 (X11; Linux x86_64; rv:10.0) Gecko/20150101 Firefox/47.0 (Chrome)", "Accept-Charset": "ISO-8859-1,utf-8;q=0.7,*;q=0.7", "Accept": "text/html,application/xhtml+xml,application/xml;q=0.9,*/*;q=0.8", "Accept-Encoding": "gzip, deflate", "Accept-Language": "en-us,en;q=0.5"}}, {"ext": "mp4", "height": 144, "format_note": "DASH video", "vcodec": "avc1.4d400c", "format_id": "160", "url": "https://r6---sn-4g5ednle.googlevideo.com/videoplayback?id=ac6b3344de79547b&itag=160&source=youtube&requiressl=yes&pl=16&mv=m&mn=sn-4g5ednle&ms=au&mm=31&ei=7fiKWfmSC4myWrqhrJAP&initcwndbps=4467500&ratebypass=yes&mime=video/mp4&gir=yes&clen=2794923&lmt=1439635437406833&dur=210.009&signature=0C130E7CC94F22B8CEFCBC6B83938103A8152CF7.8E27C7576898AA724A46A250017C4A0C12BEA5E6&key=dg_yt0&mt=1502279801&ip=131.159.40.117&ipbits=0&expire=1502301517&sparams=ip,ipbits,expire,id,itag,source,requiressl,pl,mv,mn,ms,mm,ei,initcwndbps,ratebypass,mime,gir,clen,lmt,dur", "manifest_url": "https://manifest.googlevideo.com/api/manifest/dash/ip/131.159.40.117/requiressl/yes/expire/1502301517/pl/16/source/youtube/mv/m/as/fmp4_audio_clear%2Cfmp4_sd_hd_clear/mn/sn-4g5ednle/itag/0/ms/au/ipbits/0/mm/31/hfr/1/ei/7fiKWfmSC4myWrqhrJAP/id/ac6b3344de79547b/signature/D4DF76839EB38C90731EBE5EFF3AD248C5B73C99.E228533C25405193056DE14FC0AD305948F2589B/key/yt6/playback_host/r6---sn-4g5ednle.googlevideo.com/mt/1502279801/initcwndbps/4467500/sparams/as%2Cei%2Chfr%2Cid%2Cinitcwndbps%2Cip%2Cipbits%2Citag%2Cmm%2Cmn%2Cms%2Cmv%2Cpl%2Cplayback_host%2Crequiressl%2Csource%2Cexpire", "width": 256, "tbr": 110.808, "asr": null, "fps": 15, "language": null, "filesize": 2794923, "acodec": "none", "format": "160 - 256x144 (DASH video)", "protocol": "https", "http_headers": {"User-Agent": "Mozilla/5.0 (X11; Linux x86_64; rv:10.0) Gecko/20150101 Firefox/47.0 (Chrome)", "Accept-Charset": "ISO-8859-1,utf-8;q=0.7,*;q=0.7", "Accept": "text/html,application/xhtml+xml,application/xml;q=0.9,*/*;q=0.8", "Accept-Encoding": "gzip, deflate", "Accept-Language": "en-us,en;q=0.5"}}, {"ext": "mp4", "height": 240, "format_note": "DASH video", "vcodec": "avc1.4d4015", "format_id": "133", "url": "https://r6---sn-4g5ednle.googlevideo.com/videoplayback?id=ac6b3344de79547b&itag=133&source=youtube&requiressl=yes&pl=16&mv=m&mn=sn-4g5ednle&ms=au&mm=31&ei=7fiKWfmSC4myWrqhrJAP&initcwndbps=4467500&ratebypass=yes&mime=video/mp4&gir=yes&clen=6284830&lmt=1439635437758509&dur=210.009&signature=8D87B8C4E2A3765522C5F1E26379E7CDB5E703DA.17F7FDE8771C6DC9ABC855A3B7A7851D7095C414&key=dg_yt0&mt=1502279801&ip=131.159.40.117&ipbits=0&expire=1502301517&sparams=ip,ipbits,expire,id,itag,source,requiressl,pl,mv,mn,ms,mm,ei,initcwndbps,ratebypass,mime,gir,clen,lmt,dur", "manifest_url": "https://manifest.googlevideo.com/api/manifest/dash/ip/131.159.40.117/requiressl/yes/expire/1502301517/pl/16/source/youtube/mv/m/as/fmp4_audio_clear%2Cfmp4_sd_hd_clear/mn/sn-4g5ednle/itag/0/ms/au/ipbits/0/mm/31/hfr/1/ei/7fiKWfmSC4myWrqhrJAP/id/ac6b3344de79547b/signature/D4DF76839EB38C90731EBE5EFF3AD248C5B73C99.E228533C25405193056DE14FC0AD305948F2589B/key/yt6/playback_host/r6---sn-4g5ednle.googlevideo.com/mt/1502279801/initcwndbps/4467500/sparams/as%2Cei%2Chfr%2Cid%2Cinitcwndbps%2Cip%2Cipbits%2Citag%2Cmm%2Cmn%2Cms%2Cmv%2Cpl%2Cplayback_host%2Crequiressl%2Csource%2Cexpire", "width": 426, "tbr": 245.758, "asr": null, "fps": 30, "language": null, "filesize": 6284830, "acodec": "none", "format": "133 - 426x240 (DASH video)", "protocol": "https", "http_headers": {"User-Agent": "Mozilla/5.0 (X11; Linux x86_64; rv:10.0) Gecko/20150101 Firefox/47.0 (Chrome)", "Accept-Charset": "ISO-8859-1,utf-8;q=0.7,*;q=0.7", "Accept": "text/html,application/xhtml+xml,application/xml;q=0.9,*/*;q=0.8", "Accept-Encoding": "gzip, deflate", "Accept-Language": "en-us,en;q=0.5"}}, {"ext": "mp4", "height": 360, "format_note": "DASH video", "vcodec": "avc1.4d401e", "format_id": "134", "url": "https://r6---sn-4g5ednle.googlevideo.com/videoplayback?id=ac6b3344de79547b&itag=134&source=youtube&requiressl=yes&pl=16&mv=m&mn=sn-4g5ednle&ms=au&mm=31&ei=7fiKWfmSC4myWrqhrJAP&initcwndbps=4467500&ratebypass=yes&mime=video/mp4&gir=yes&clen=6290332&lmt=1439635514956899&dur=210.009&signature=4F3CCA62F07D88C9D787C84758EE236CB915B18A.7CFEF5344DF6B8C8C6B104FC7B2DF7AC52D78889&key=dg_yt0&mt=1502279801&ip=131.159.40.117&ipbits=0&expire=1502301517&sparams=ip,ipbits,expire,id,itag,source,requiressl,pl,mv,mn,ms,mm,ei,initcwndbps,ratebypass,mime,gir,clen,lmt,dur", "manifest_url": "https://manifest.googlevideo.com/api/manifest/dash/ip/131.159.40.117/requiressl/yes/expire/1502301517/pl/16/source/youtube/mv/m/as/fmp4_audio_clear%2Cfmp4_sd_hd_clear/mn/sn-4g5ednle/itag/0/ms/au/ipbits/0/mm/31/hfr/1/ei/7fiKWfmSC4myWrqhrJAP/id/ac6b3344de79547b/signature/D4DF76839EB38C90731EBE5EFF3AD248C5B73C99.E228533C25405193056DE14FC0AD305948F2589B/key/yt6/playback_host/r6---sn-4g5ednle.googlevideo.com/mt/1502279801/initcwndbps/4467500/sparams/as%2Cei%2Chfr%2Cid%2Cinitcwndbps%2Cip%2Cipbits%2Citag%2Cmm%2Cmn%2Cms%2Cmv%2Cpl%2Cplayback_host%2Crequiressl%2Csource%2Cexpire", "width": 640, "tbr": 483.683, "asr": null, "fps": 30, "language": null, "filesize": 6290332, "acodec": "none", "format": "134 - 640x360 (DASH video)", "protocol": "https", "http_headers": {"User-Agent": "Mozilla/5.0 (X11; Linux x86_64; rv:10.0) Gecko/20150101 Firefox/47.0 (Chrome)", "Accept-Charset": "ISO-8859-1,utf-8;q=0.7,*;q=0.7", "Accept": "text/html,application/xhtml+xml,application/xml;q=0.9,*/*;q=0.8", "Accept-Encoding": "gzip, deflate", "Accept-Language": "en-us,en;q=0.5"}}, {"ext": "mp4", "height": 480, "format_note": "DASH video", "vcodec": "avc1.4d401f", "format_id": "135", "url": "https://r6---sn-4g5ednle.googlevideo.com/videoplayback?id=ac6b3344de79547b&itag=135&source=youtube&requiressl=yes&pl=16&mv=m&mn=sn-4g5ednle&ms=au&mm=31&ei=7fiKWfmSC4myWrqhrJAP&initcwndbps=4467500&ratebypass=yes&mime=video/mp4&gir=yes&clen=13498142&lmt=1439635437955887&dur=210.009&signature=9A7D1BF8746DC296A9B03872EC1741C5A9D36CEC.3E41F4A3079264B83973DAC9A695CEEB8A892A9A&key=dg_yt0&mt=1502279801&ip=131.159.40.117&ipbits=0&expire=1502301517&sparams=ip,ipbits,expire,id,itag,source,requiressl,pl,mv,mn,ms,mm,ei,initcwndbps,ratebypass,mime,gir,clen,lmt,dur", "manifest_url": "https://manifest.googlevideo.com/api/manifest/dash/ip/131.159.40.117/requiressl/yes/expire/1502301517/pl/16/source/youtube/mv/m/as/fmp4_audio_clear%2Cfmp4_sd_hd_clear/mn/sn-4g5ednle/itag/0/ms/au/ipbits/0/mm/31/hfr/1/ei/7fiKWfmSC4myWrqhrJAP/id/ac6b3344de79547b/signature/D4DF76839EB38C90731EBE5EFF3AD248C5B73C99.E228533C25405193056DE14FC0AD305948F2589B/key/yt6/playback_host/r6---sn-4g5ednle.googlevideo.com/mt/1502279801/initcwndbps/4467500/sparams/as%2Cei%2Chfr%2Cid%2Cinitcwndbps%2Cip%2Cipbits%2Citag%2Cmm%2Cmn%2Cms%2Cmv%2Cpl%2Cplayback_host%2Crequiressl%2Csource%2Cexpire", "width": 854, "tbr": 891.1, "asr": null, "fps": 30, "language": null, "filesize": 13498142, "acodec": "none", "format": "135 - 854x480 (DASH video)", "protocol": "https", "http_headers": {"User-Agent": "Mozilla/5.0 (X11; Linux x86_64; rv:10.0) Gecko/20150101 Firefox/47.0 (Chrome)", "Accept-Charset": "ISO-8859-1,utf-8;q=0.7,*;q=0.7", "Accept": "text/html,application/xhtml+xml,application/xml;q=0.9,*/*;q=0.8", "Accept-Encoding": "gzip, deflate", "Accept-Language": "en-us,en;q=0.5"}}, {"ext": "mp4", "height": 720, "format_note": "DASH video", "vcodec": "avc1.4d401f", "format_id": "136", "url": "https://r6---sn-4g5ednle.googlevideo.com/videoplayback?id=ac6b3344de79547b&itag=136&source=youtube&requiressl=yes&pl=16&mv=m&mn=sn-4g5ednle&ms=au&mm=31&ei=7fiKWfmSC4myWrqhrJAP&initcwndbps=4467500&ratebypass=yes&mime=video/mp4&gir=yes&clen=27310601&lmt=1439635438581722&dur=210.009&signature=603DF7C113C68080A18E831AF4A4C4DB7AF433A9.58254EBA51B18B222BB1A62DBC5556E0BA4D8E28&key=dg_yt0&mt=1502279801&ip=131.159.40.117&ipbits=0&expire=1502301517&sparams=ip,ipbits,expire,id,itag,source,requiressl,pl,mv,mn,ms,mm,ei,initcwndbps,ratebypass,mime,gir,clen,lmt,dur", "manifest_url": "https://manifest.googlevideo.com/api/manifest/dash/ip/131.159.40.117/requiressl/yes/expire/1502301517/pl/16/source/youtube/mv/m/as/fmp4_audio_clear%2Cfmp4_sd_hd_clear/mn/sn-4g5ednle/itag/0/ms/au/ipbits/0/mm/31/hfr/1/ei/7fiKWfmSC4myWrqhrJAP/id/ac6b3344de79547b/signature/D4DF76839EB38C90731EBE5EFF3AD248C5B73C99.E228533C25405193056DE14FC0AD305948F2589B/key/yt6/playback_host/r6---sn-4g5ednle.googlevideo.com/mt/1502279801/initcwndbps/4467500/sparams/as%2Cei%2Chfr%2Cid%2Cinitcwndbps%2Cip%2Cipbits%2Citag%2Cmm%2Cmn%2Cms%2Cmv%2Cpl%2Cplayback_host%2Crequiressl%2Csource%2Cexpire", "width": 1280, "tbr": 1604.58, "asr": null, "fps": 30, "language": null, "filesize": 27310601, "acodec": "none", "format": "136 - 1280x720 (DASH video)", "protocol": "https", "http_headers": {"User-Agent": "Mozilla/5.0 (X11; Linux x86_64; rv:10.0) Gecko/20150101 Firefox/47.0 (Chrome)", "Accept-Charset": "ISO-8859-1,utf-8;q=0.7,*;q=0.7", "Accept": "text/html,application/xhtml+xml,application/xml;q=0.9,*/*;q=0.8", "Accept-Encoding": "gzip, deflate", "Accept-Language": "en-us,en;q=0.5"}}, {"ext": "mp4", "height": 1080, "format_note": "DASH video", "vcodec": "avc1.640028", "format_id": "137", "url": "https://r6---sn-4g5ednle.googlevideo.com/videoplayback?id=ac6b3344de79547b&itag=137&source=youtube&requiressl=yes&pl=16&mv=m&mn=sn-4g5ednle&ms=au&mm=31&ei=7fiKWfmSC4myWrqhrJAP&initcwndbps=4467500&ratebypass=yes&mime=video/mp4&gir=yes&clen=51576938&lmt=1439635500994857&dur=210.009&signature=5B47D989DD55302FDDEBE57016588D990F93CB0A.68F13EB0100C845BDDBD5711CCC3F73776966DC2&key=dg_yt0&mt=1502279801&ip=131.159.40.117&ipbits=0&expire=1502301517&sparams=ip,ipbits,expire,id,itag,source,requiressl,pl,mv,mn,ms,mm,ei,initcwndbps,ratebypass,mime,gir,clen,lmt,dur", "manifest_url": "https://manifest.googlevideo.com/api/manifest/dash/ip/131.159.40.117/requiressl/yes/expire/1502301517/pl/16/source/youtube/mv/m/as/fmp4_audio_clear%2Cfmp4_sd_hd_clear/mn/sn-4g5ednle/itag/0/ms/au/ipbits/0/mm/31/hfr/1/ei/7fiKWfmSC4myWrqhrJAP/id/ac6b3344de79547b/signature/D4DF76839EB38C90731EBE5EFF3AD248C5B73C99.E228533C25405193056DE14FC0AD305948F2589B/key/yt6/playback_host/r6---sn-4g5ednle.googlevideo.com/mt/1502279801/initcwndbps/4467500/sparams/as%2Cei%2Chfr%2Cid%2Cinitcwndbps%2Cip%2Cipbits%2Citag%2Cmm%2Cmn%2Cms%2Cmv%2Cpl%2Cplayback_host%2Crequiressl%2Csource%2Cexpire", "width": 1920, "tbr": 2928.812, "asr": null, "fps": 30, "language": null, "filesize": 51576938, "acodec": "none", "format": "137 - 1920x1080 (DASH video)", "protocol": "https", "http_headers": {"User-Agent": "Mozilla/5.0 (X11; Linux x86_64; rv:10.0) Gecko/20150101 Firefox/47.0 (Chrome)", "Accept-Charset": "ISO-8859-1,utf-8;q=0.7,*;q=0.7", "Accept": "text/html,application/xhtml+xml,application/xml;q=0.9,*/*;q=0.8", "Accept-Encoding": "gzip, deflate", "Accept-Language": "en-us,en;q=0.5"}}, {"format_id": "17", "url": "https://r6---sn-4g5e6ne6.googlevideo.com/videoplayback?requiressl=yes&ip=131.159.40.117&ms=au&mv=m&sparams=clen%2Cdur%2Cei%2Cgir%2Cid%2Cinitcwndbps%2Cip%2Cipbits%2Citag%2Clmt%2Cmime%2Cmm%2Cmn%2Cms%2Cmv%2Cpl%2Crequiressl%2Csource%2Cexpire&mt=1502279801&itag=17&pl=16&id=o-AMVmyKfGu0SBsZaGpo7ZMwWOuffgWWeWcHfBuIAC7rCR&mn=sn-4g5e6ne6&mm=31&lmt=1405963851359807&source=youtube&ei=7PiKWcmaM838W4r-oNAK&key=yt6&gir=yes&mime=video%2F3gpp&initcwndbps=4467500&signature=A38A79E8FCC2B6EA6936FEBF4A0DA86E16516F77.62461F080BB0D83F172BC81E69D416C5DC0B6B55&clen=2157299&dur=210.233&ipbits=0&expire=1502301516&ratebypass=yes", "player_url": null, "ext": "3gp", "width": 176, "height": 144, "acodec": "mp4a.40.2", "abr": 24, "vcodec": "mp4v.20.3", "resolution": "176x144", "format_note": "small", "format": "17 - 176x144 (small)", "protocol": "https", "http_headers": {"User-Agent": "Mozilla/5.0 (X11; Linux x86_64; rv:10.0) Gecko/20150101 Firefox/47.0 (Chrome)", "Accept-Charset": "ISO-8859-1,utf-8;q=0.7,*;q=0.7", "Accept": "text/html,application/xhtml+xml,application/xml;q=0.9,*/*;q=0.8", "Accept-Encoding": "gzip, deflate", "Accept-Language": "en-us,en;q=0.5"}}, {"format_id": "36", "url": "https://r6---sn-4g5e6ne6.googlevideo.com/videoplayback?requiressl=yes&ip=131.159.40.117&ms=au&mv=m&sparams=clen%2Cdur%2Cei%2Cgir%2Cid%2Cinitcwndbps%2Cip%2Cipbits%2Citag%2Clmt%2Cmime%2Cmm%2Cmn%2Cms%2Cmv%2Cpl%2Crequiressl%2Csource%2Cexpire&mt=1502279801&itag=36&pl=16&id=o-AMVmyKfGu0SBsZaGpo7ZMwWOuffgWWeWcHfBuIAC7rCR&mn=sn-4g5e6ne6&mm=31&lmt=1405963872035227&source=youtube&ei=7PiKWcmaM838W4r-oNAK&key=yt6&gir=yes&mime=video%2F3gpp&initcwndbps=4467500&signature=096D401108908254F5656106329E0D31FB2984C4.CCE6A6400607BE1FB5E54B8DAFF57F6BBD0C8F9B&clen=5963673&dur=210.233&ipbits=0&expire=1502301516&ratebypass=yes", "player_url": null, "ext": "3gp", "width": 320, "acodec": "mp4a.40.2", "vcodec": "mp4v.20.3", "resolution": "320x180", "height": 180, "format_note": "small", "format": "36 - 320x180 (small)", "protocol": "https", "http_headers": {"User-Agent": "Mozilla/5.0 (X11; Linux x86_64; rv:10.0) Gecko/20150101 Firefox/47.0 (Chrome)", "Accept-Charset": "ISO-8859-1,utf-8;q=0.7,*;q=0.7", "Accept": "text/html,application/xhtml+xml,application/xml;q=0.9,*/*;q=0.8", "Accept-Encoding": "gzip, deflate", "Accept-Language": "en-us,en;q=0.5"}}, {"format_id": "43", "url": "https://r6---sn-4g5e6ne6.googlevideo.com/videoplayback?requiressl=yes&ip=131.159.40.117&ms=au&mv=m&sparams=clen%2Cdur%2Cei%2Cgir%2Cid%2Cinitcwndbps%2Cip%2Cipbits%2Citag%2Clmt%2Cmime%2Cmm%2Cmn%2Cms%2Cmv%2Cpl%2Cratebypass%2Crequiressl%2Csource%2Cexpire&mt=1502279801&itag=43&pl=16&id=o-AMVmyKfGu0SBsZaGpo7ZMwWOuffgWWeWcHfBuIAC7rCR&mn=sn-4g5e6ne6&mm=31&lmt=1405965329310857&source=youtube&ei=7PiKWcmaM838W4r-oNAK&key=yt6&gir=yes&mime=video%2Fwebm&initcwndbps=4467500&signature=A6455F1F51EEB7B61B1663883FA56F24E1647943.56371AE2363BC1643FC634669647A70266E4E358&clen=13421643&dur=0.000&ipbits=0&expire=1502301516&ratebypass=yes", "player_url": null, "ext": "webm", "width": 640, "height": 360, "acodec": "vorbis", "abr": 128, "vcodec": "vp8.0", "resolution": "640x360", "format_note": "medium", "format": "43 - 640x360 (medium)", "protocol": "https", "http_headers": {"User-Agent": "Mozilla/5.0 (X11; Linux x86_64; rv:10.0) Gecko/20150101 Firefox/47.0 (Chrome)", "Accept-Charset": "ISO-8859-1,utf-8;q=0.7,*;q=0.7", "Accept": "text/html,application/xhtml+xml,application/xml;q=0.9,*/*;q=0.8", "Accept-Encoding": "gzip, deflate", "Accept-Language": "en-us,en;q=0.5"}}, {"format_id": "18", "url": "https://r6---sn-4g5e6ne6.googlevideo.com/videoplayback?requiressl=yes&ip=131.159.40.117&ms=au&mv=m&sparams=clen%2Cdur%2Cei%2Cgir%2Cid%2Cinitcwndbps%2Cip%2Cipbits%2Citag%2Clmt%2Cmime%2Cmm%2Cmn%2Cms%2Cmv%2Cpl%2Cratebypass%2Crequiressl%2Csource%2Cexpire&mt=1502279801&itag=18&pl=16&id=o-AMVmyKfGu0SBsZaGpo7ZMwWOuffgWWeWcHfBuIAC7rCR&mn=sn-4g5e6ne6&mm=31&lmt=1439635388084426&source=youtube&ei=7PiKWcmaM838W4r-oNAK&key=yt6&gir=yes&mime=video%2Fmp4&initcwndbps=4467500&signature=0BE9C8CF64AED09F9D4BC49DE79F987CED0D07BB.9126C810B740B6E271FE8DE4F48D4CC15DB03F38&clen=9781501&dur=210.070&ipbits=0&expire=1502301516&ratebypass=yes", "player_url": null, "ext": "mp4", "width": 640, "height": 360, "acodec": "mp4a.40.2", "abr": 96, "vcodec": "avc1.42001E", "resolution": "640x360", "format_note": "medium", "format": "18 - 640x360 (medium)", "protocol": "https", "http_headers": {"User-Agent": "Mozilla/5.0 (X11; Linux x86_64; rv:10.0) Gecko/20150101 Firefox/47.0 (Chrome)", "Accept-Charset": "ISO-8859-1,utf-8;q=0.7,*;q=0.7", "Accept": "text/html,application/xhtml+xml,application/xml;q=0.9,*/*;q=0.8", "Accept-Encoding": "gzip, deflate", "Accept-Language": "en-us,en;q=0.5"}}, {"format_id": "22", "url": "https://r6---sn-4g5e6ne6.googlevideo.com/videoplayback?requiressl=yes&ip=131.159.40.117&ms=au&mime=video%2Fmp4&mv=m&sparams=dur%2Cei%2Cid%2Cinitcwndbps%2Cip%2Cipbits%2Citag%2Clmt%2Cmime%2Cmm%2Cmn%2Cms%2Cmv%2Cpl%2Cratebypass%2Crequiressl%2Csource%2Cexpire&mt=1502279801&itag=22&pl=16&id=o-AMVmyKfGu0SBsZaGpo7ZMwWOuffgWWeWcHfBuIAC7rCR&initcwndbps=4467500&mn=sn-4g5e6ne6&mm=31&signature=A058019B26E54CD9CDE08F06DF32C6BAA048BA2C.4C616606AC529B0153DE134FA422EB8275F6AF8E&lmt=1471225221133201&source=youtube&dur=210.070&ipbits=0&key=yt6&ei=7PiKWcmaM838W4r-oNAK&expire=1502301516&ratebypass=yes", "player_url": null, "ext": "mp4", "width": 1280, "height": 720, "acodec": "mp4a.40.2", "abr": 192, "vcodec": "avc1.64001F", "resolution": "1280x720", "format_note": "hd720", "format": "22 - 1280x720 (hd720)", "protocol": "https", "http_headers": {"User-Agent": "Mozilla/5.0 (X11; Linux x86_64; rv:10.0) Gecko/20150101 Firefox/47.0 (Chrome)", "Accept-Charset": "ISO-8859-1,utf-8;q=0.7,*;q=0.7", "Accept": "text/html,application/xhtml+xml,application/xml;q=0.9,*/*;q=0.8", "Accept-Encoding": "gzip, deflate", "Accept-Language": "en-us,en;q=0.5"}}], "is_live": null, "start_time": null, "end_time": null, "series": null, "season_number": null, "episode_number": null, "extractor": "youtube", "webpage_url_basename": "rGszRN55VHs", "extractor_key": "Youtube", "playlist": null, "playlist_index": null, "thumbnails": [{"url": "https://i.ytimg.com/vi/rGszRN55VHs/maxresdefault.jpg", "id": "0"}], "display_id": "rGszRN55VHs", "ext": "mp4", "height": 1080, "format_note": "DASH video", "vcodec": "avc1.640028", "format_id": "137", "url": "https://r6---sn-4g5ednle.googlevideo.com/videoplayback?id=ac6b3344de79547b&itag=137&source=youtube&requiressl=yes&pl=16&mv=m&mn=sn-4g5ednle&ms=au&mm=31&ei=7fiKWfmSC4myWrqhrJAP&initcwndbps=4467500&ratebypass=yes&mime=video/mp4&gir=yes&clen=51576938&lmt=1439635500994857&dur=210.009&signature=5B47D989DD55302FDDEBE57016588D990F93CB0A.68F13EB0100C845BDDBD5711CCC3F73776966DC2&key=dg_yt0&mt=1502279801&ip=131.159.40.117&ipbits=0&expire=1502301517&sparams=ip,ipbits,expire,id,itag,source,requiressl,pl,mv,mn,ms,mm,ei,initcwndbps,ratebypass,mime,gir,clen,lmt,dur", "manifest_url": "https://manifest.googlevideo.com/api/manifest/dash/ip/131.159.40.117/requiressl/yes/expire/1502301517/pl/16/source/youtube/mv/m/as/fmp4_audio_clear%2Cfmp4_sd_hd_clear/mn/sn-4g5ednle/itag/0/ms/au/ipbits/0/mm/31/hfr/1/ei/7fiKWfmSC4myWrqhrJAP/id/ac6b3344de79547b/signature/D4DF76839EB38C90731EBE5EFF3AD248C5B73C99.E228533C25405193056DE14FC0AD305948F2589B/key/yt6/playback_host/r6---sn-4g5ednle.googlevideo.com/mt/1502279801/initcwndbps/4467500/sparams/as%2Cei%2Chfr%2Cid%2Cinitcwndbps%2Cip%2Cipbits%2Citag%2Cmm%2Cmn%2Cms%2Cmv%2Cpl%2Cplayback_host%2Crequiressl%2Csource%2Cexpire", "width": 1920, "tbr": 2928.812, "asr": null, "fps": 30, "language": null, "filesize": 51576938, "acodec": "none", "format": "137 - 1920x1080 (DASH video)", "protocol": "https", "http_headers": {"User-Agent": "Mozilla/5.0 (X11; Linux x86_64; rv:10.0) Gecko/20150101 Firefox/47.0 (Chrome)", "Accept-Charset": "ISO-8859-1,utf-8;q=0.7,*;q=0.7", "Accept": "text/html,application/xhtml+xml,application/xml;q=0.9,*/*;q=0.8", "Accept-Encoding": "gzip, deflate", "Accept-Language": "en-us,en;q=0.5"}, "fulltitle": "DLACZEGO POKAZA\u0141EM TWARZ?", "_filename": "rGszRN55VHs.mp4"}