{"id": "rI7GbgEhwoY", "uploader": "Make Me Up, Chris!", "uploader_id": "MakeMeUpChris", "uploader_url": "http://www.youtube.com/user/MakeMeUpChris", "upload_date": "20130605", "license": "Standard YouTube License", "creator": null, "title": "Makeup For Men", "alt_title": null, "thumbnail": "https://i.ytimg.com/vi/rI7GbgEhwoY/maxresdefault.jpg", "description": "EXPAND FOR MORE INFO!!!\n\n\nTwitter & Instagram: @ButteredMuffN\n\nPRODUCTS USED:\nMAC Fix+\nMAC Natural Radiance Primer\nMAC Face & Body Foundation\nMAC MatchMaster Foundation\nMAC NW25 Studio Finish Concealer\nMAC Pure Sculpture Sculpting Creme\n\nMODEL:\nMAC Fix+\nMAC Natural Radiance Primer\nMAC NC50 Studio Sculpt Foundation\nLaura Mericer #6 Secret Concealer\nLaura Mercier Universal Loose Setting Powder\nEos Lip Balm\n\nTHANK YOU!", "categories": ["Howto & Style"], "tags": ["makeup", "make up", "makeup for men", "howto", "how to", "daily face routine", "foundation routine", "men", "pixiwoo", "beatfacehoney", "gossmakeupartist", "routine", "mac", "face and body", "matchmaster", "studio sculpt", "studio finish", "brushes"], "subtitles": {}, "automatic_captions": {}, "duration": 396, "age_limit": 0, "annotations": null, "chapters": null, "webpage_url": "https://www.youtube.com/watch?v=rI7GbgEhwoY", "view_count": 8659, "like_count": 123, "dislike_count": 11, "average_rating": 4.67164182663, "formats": [{"ext": "m4a", "format_note": "DASH audio", "acodec": "mp4a.40.5", "abr": 48, "container": "m4a_dash", "format_id": "139", "url": "https://r6---sn-4g5edne7.googlevideo.com/videoplayback?id=ac8ec66e0121c286&itag=139&source=youtube&requiressl=yes&pl=16&mv=m&ms=au&ei=LXuJWYSoFdjicbvKnPgM&mn=sn-4g5edne7&mm=31&initcwndbps=4548750&ratebypass=yes&mime=audio/mp4&gir=yes&clen=2359716&lmt=1435824650386180&dur=396.271&signature=215A04ADCC0E1B76030F0EB04B37C534557366D3.3E944134F3454F1450561571DFCEF269572C1659&key=dg_yt0&mt=1502182065&ip=131.159.40.117&ipbits=0&expire=1502203789&sparams=ip,ipbits,expire,id,itag,source,requiressl,pl,mv,ms,ei,mn,mm,initcwndbps,ratebypass,mime,gir,clen,lmt,dur", "manifest_url": "https://manifest.googlevideo.com/api/manifest/dash/itag/0/pl/16/ipbits/0/sparams/as%2Cei%2Chfr%2Cid%2Cinitcwndbps%2Cip%2Cipbits%2Citag%2Cmm%2Cmn%2Cms%2Cmv%2Cpl%2Cplayback_host%2Crequiressl%2Csource%2Cexpire/signature/DA86427993FA38EC0E4BDA9ADCB2D959FC140A2A.330C051BE0FDED592463A9B365A576F85361E530/ip/131.159.40.117/key/yt6/mv/m/ms/au/ei/LXuJWYSoFdjicbvKnPgM/playback_host/r6---sn-4g5edne7.googlevideo.com/id/ac8ec66e0121c286/source/youtube/as/fmp4_audio_clear%2Cfmp4_sd_hd_clear/expire/1502203789/hfr/1/mn/sn-4g5edne7/mt/1502182065/mm/31/requiressl/yes/initcwndbps/4548750", "width": null, "height": null, "tbr": 49.587, "asr": 22050, "fps": null, "language": null, "filesize": 2359716, "vcodec": "none", "format": "139 - audio only (DASH audio)", "protocol": "https", "http_headers": {"User-Agent": "Mozilla/5.0 (X11; Linux x86_64; rv:10.0) Gecko/20150101 Firefox/47.0 (Chrome)", "Accept-Charset": "ISO-8859-1,utf-8;q=0.7,*;q=0.7", "Accept": "text/html,application/xhtml+xml,application/xml;q=0.9,*/*;q=0.8", "Accept-Encoding": "gzip, deflate", "Accept-Language": "en-us,en;q=0.5"}}, {"format_id": "249", "url": "https://r6---sn-4g5e6nes.googlevideo.com/videoplayback?ip=131.159.40.117&ms=au&sparams=clen%2Cdur%2Cei%2Cgir%2Cid%2Cinitcwndbps%2Cip%2Cipbits%2Citag%2Ckeepalive%2Clmt%2Cmime%2Cmm%2Cmn%2Cms%2Cmv%2Cpl%2Crequiressl%2Csource%2Cexpire&mv=m&mt=1502182065&keepalive=yes&id=o-AOCUjnvknjYcrx59Fw8YRaV2-hvlruraq45Lo4keVhk6&mn=sn-4g5e6nes&mm=31&clen=2390763&source=youtube&pl=16&itag=249&ei=LHuJWenGLY2ScPndvKgH&lmt=1411202854462891&dur=396.121&ipbits=0&expire=1502203788&initcwndbps=4548750&requiressl=yes&key=yt6&mime=audio%2Fwebm&gir=yes&signature=B2D17B79744DAE2065024EF50FB8C488414A1CC2.8CB7DAD02334D35C67AF365D4952E926658814CD&ratebypass=yes", "player_url": null, "ext": "webm", "format_note": "DASH audio", "acodec": "opus", "abr": 50, "filesize": 2390763, "tbr": 53.443, "fps": 1, "vcodec": "none", "format": "249 - audio only (DASH audio)", "protocol": "https", "http_headers": {"User-Agent": "Mozilla/5.0 (X11; Linux x86_64; rv:10.0) Gecko/20150101 Firefox/47.0 (Chrome)", "Accept-Charset": "ISO-8859-1,utf-8;q=0.7,*;q=0.7", "Accept": "text/html,application/xhtml+xml,application/xml;q=0.9,*/*;q=0.8", "Accept-Encoding": "gzip, deflate", "Accept-Language": "en-us,en;q=0.5"}}, {"format_id": "250", "url": "https://r6---sn-4g5e6nes.googlevideo.com/videoplayback?ip=131.159.40.117&ms=au&sparams=clen%2Cdur%2Cei%2Cgir%2Cid%2Cinitcwndbps%2Cip%2Cipbits%2Citag%2Ckeepalive%2Clmt%2Cmime%2Cmm%2Cmn%2Cms%2Cmv%2Cpl%2Crequiressl%2Csource%2Cexpire&mv=m&mt=1502182065&keepalive=yes&id=o-AOCUjnvknjYcrx59Fw8YRaV2-hvlruraq45Lo4keVhk6&mn=sn-4g5e6nes&mm=31&clen=3057594&source=youtube&pl=16&itag=250&ei=LHuJWenGLY2ScPndvKgH&lmt=1411202854009602&dur=396.121&ipbits=0&expire=1502203788&initcwndbps=4548750&requiressl=yes&key=yt6&mime=audio%2Fwebm&gir=yes&signature=447C946BD129D76A02C53B8DCDAF398D1D86DB17.4AF9FBB14285D1D020F13C10BC6BDF1FBC4AAA9B&ratebypass=yes", "player_url": null, "ext": "webm", "format_note": "DASH audio", "acodec": "opus", "abr": 70, "filesize": 3057594, "tbr": 69.76, "fps": 1, "vcodec": "none", "format": "250 - audio only (DASH audio)", "protocol": "https", "http_headers": {"User-Agent": "Mozilla/5.0 (X11; Linux x86_64; rv:10.0) Gecko/20150101 Firefox/47.0 (Chrome)", "Accept-Charset": "ISO-8859-1,utf-8;q=0.7,*;q=0.7", "Accept": "text/html,application/xhtml+xml,application/xml;q=0.9,*/*;q=0.8", "Accept-Encoding": "gzip, deflate", "Accept-Language": "en-us,en;q=0.5"}}, {"format_id": "171", "url": "https://r6---sn-4g5e6nes.googlevideo.com/videoplayback?ip=131.159.40.117&ms=au&sparams=clen%2Cdur%2Cei%2Cgir%2Cid%2Cinitcwndbps%2Cip%2Cipbits%2Citag%2Ckeepalive%2Clmt%2Cmime%2Cmm%2Cmn%2Cms%2Cmv%2Cpl%2Crequiressl%2Csource%2Cexpire&mv=m&mt=1502182065&keepalive=yes&id=o-AOCUjnvknjYcrx59Fw8YRaV2-hvlruraq45Lo4keVhk6&mn=sn-4g5e6nes&mm=31&clen=5065181&source=youtube&pl=16&itag=171&ei=LHuJWenGLY2ScPndvKgH&lmt=1411202853053640&dur=396.122&ipbits=0&expire=1502203788&initcwndbps=4548750&requiressl=yes&key=yt6&mime=audio%2Fwebm&gir=yes&signature=904FC4E1626FD279C2F0F224A3F94E036ABAA0D8.387E0161D2E8B7D99CBE9ED87D6411F528F022CA&ratebypass=yes", "player_url": null, "ext": "webm", "acodec": "vorbis", "format_note": "DASH audio", "abr": 128, "filesize": 5065181, "tbr": 118.026, "fps": 1, "vcodec": "none", "format": "171 - audio only (DASH audio)", "protocol": "https", "http_headers": {"User-Agent": "Mozilla/5.0 (X11; Linux x86_64; rv:10.0) Gecko/20150101 Firefox/47.0 (Chrome)", "Accept-Charset": "ISO-8859-1,utf-8;q=0.7,*;q=0.7", "Accept": "text/html,application/xhtml+xml,application/xml;q=0.9,*/*;q=0.8", "Accept-Encoding": "gzip, deflate", "Accept-Language": "en-us,en;q=0.5"}}, {"ext": "m4a", "format_note": "DASH audio", "acodec": "mp4a.40.2", "abr": 128, "container": "m4a_dash", "format_id": "140", "url": "https://r6---sn-4g5edne7.googlevideo.com/videoplayback?id=ac8ec66e0121c286&itag=140&source=youtube&requiressl=yes&pl=16&mv=m&ms=au&ei=LXuJWYSoFdjicbvKnPgM&mn=sn-4g5edne7&mm=31&initcwndbps=4548750&ratebypass=yes&mime=audio/mp4&gir=yes&clen=6292779&lmt=1435824651031924&dur=396.178&signature=4A0F66CB5DEDEBDC994C998754C07C7D0CE221C2.237834CC472426C043192110F75CA3F1B121970F&key=dg_yt0&mt=1502182065&ip=131.159.40.117&ipbits=0&expire=1502203789&sparams=ip,ipbits,expire,id,itag,source,requiressl,pl,mv,ms,ei,mn,mm,initcwndbps,ratebypass,mime,gir,clen,lmt,dur", "manifest_url": "https://manifest.googlevideo.com/api/manifest/dash/itag/0/pl/16/ipbits/0/sparams/as%2Cei%2Chfr%2Cid%2Cinitcwndbps%2Cip%2Cipbits%2Citag%2Cmm%2Cmn%2Cms%2Cmv%2Cpl%2Cplayback_host%2Crequiressl%2Csource%2Cexpire/signature/DA86427993FA38EC0E4BDA9ADCB2D959FC140A2A.330C051BE0FDED592463A9B365A576F85361E530/ip/131.159.40.117/key/yt6/mv/m/ms/au/ei/LXuJWYSoFdjicbvKnPgM/playback_host/r6---sn-4g5edne7.googlevideo.com/id/ac8ec66e0121c286/source/youtube/as/fmp4_audio_clear%2Cfmp4_sd_hd_clear/expire/1502203789/hfr/1/mn/sn-4g5edne7/mt/1502182065/mm/31/requiressl/yes/initcwndbps/4548750", "width": null, "height": null, "tbr": 128.157, "asr": 44100, "fps": null, "language": null, "filesize": 6292779, "vcodec": "none", "format": "140 - audio only (DASH audio)", "protocol": "https", "http_headers": {"User-Agent": "Mozilla/5.0 (X11; Linux x86_64; rv:10.0) Gecko/20150101 Firefox/47.0 (Chrome)", "Accept-Charset": "ISO-8859-1,utf-8;q=0.7,*;q=0.7", "Accept": "text/html,application/xhtml+xml,application/xml;q=0.9,*/*;q=0.8", "Accept-Encoding": "gzip, deflate", "Accept-Language": "en-us,en;q=0.5"}}, {"format_id": "251", "url": "https://r6---sn-4g5e6nes.googlevideo.com/videoplayback?ip=131.159.40.117&ms=au&sparams=clen%2Cdur%2Cei%2Cgir%2Cid%2Cinitcwndbps%2Cip%2Cipbits%2Citag%2Ckeepalive%2Clmt%2Cmime%2Cmm%2Cmn%2Cms%2Cmv%2Cpl%2Crequiressl%2Csource%2Cexpire&mv=m&mt=1502182065&keepalive=yes&id=o-AOCUjnvknjYcrx59Fw8YRaV2-hvlruraq45Lo4keVhk6&mn=sn-4g5e6nes&mm=31&clen=7306022&source=youtube&pl=16&itag=251&ei=LHuJWenGLY2ScPndvKgH&lmt=1411202849808031&dur=396.121&ipbits=0&expire=1502203788&initcwndbps=4548750&requiressl=yes&key=yt6&mime=audio%2Fwebm&gir=yes&signature=693A81ED5356AEC87932E715E47EE7006D244A48.B45B8E476FDE6355D4401F8C9F62BCD253C1A86D&ratebypass=yes", "player_url": null, "ext": "webm", "format_note": "DASH audio", "acodec": "opus", "abr": 160, "filesize": 7306022, "tbr": 169.161, "fps": 1, "vcodec": "none", "format": "251 - audio only (DASH audio)", "protocol": "https", "http_headers": {"User-Agent": "Mozilla/5.0 (X11; Linux x86_64; rv:10.0) Gecko/20150101 Firefox/47.0 (Chrome)", "Accept-Charset": "ISO-8859-1,utf-8;q=0.7,*;q=0.7", "Accept": "text/html,application/xhtml+xml,application/xml;q=0.9,*/*;q=0.8", "Accept-Encoding": "gzip, deflate", "Accept-Language": "en-us,en;q=0.5"}}, {"ext": "mp4", "height": 144, "format_note": "DASH video", "vcodec": "avc1.4d400c", "format_id": "160", "url": "https://r6---sn-4g5edne7.googlevideo.com/videoplayback?id=ac8ec66e0121c286&itag=160&source=youtube&requiressl=yes&pl=16&mv=m&ms=au&ei=LXuJWYSoFdjicbvKnPgM&mn=sn-4g5edne7&mm=31&initcwndbps=4548750&ratebypass=yes&mime=video/mp4&gir=yes&clen=5386368&lmt=1435824665775973&dur=396.129&signature=71880C95098F6C0517FD2E4786B64B049F0AE36F.4E6CF576FA4E2D130F51F5B1ED1BDE124982CEFF&key=dg_yt0&mt=1502182065&ip=131.159.40.117&ipbits=0&expire=1502203789&sparams=ip,ipbits,expire,id,itag,source,requiressl,pl,mv,ms,ei,mn,mm,initcwndbps,ratebypass,mime,gir,clen,lmt,dur", "manifest_url": "https://manifest.googlevideo.com/api/manifest/dash/itag/0/pl/16/ipbits/0/sparams/as%2Cei%2Chfr%2Cid%2Cinitcwndbps%2Cip%2Cipbits%2Citag%2Cmm%2Cmn%2Cms%2Cmv%2Cpl%2Cplayback_host%2Crequiressl%2Csource%2Cexpire/signature/DA86427993FA38EC0E4BDA9ADCB2D959FC140A2A.330C051BE0FDED592463A9B365A576F85361E530/ip/131.159.40.117/key/yt6/mv/m/ms/au/ei/LXuJWYSoFdjicbvKnPgM/playback_host/r6---sn-4g5edne7.googlevideo.com/id/ac8ec66e0121c286/source/youtube/as/fmp4_audio_clear%2Cfmp4_sd_hd_clear/expire/1502203789/hfr/1/mn/sn-4g5edne7/mt/1502182065/mm/31/requiressl/yes/initcwndbps/4548750", "width": 256, "tbr": 111.665, "asr": null, "fps": 15, "language": null, "filesize": 5386368, "acodec": "none", "format": "160 - 256x144 (DASH video)", "protocol": "https", "http_headers": {"User-Agent": "Mozilla/5.0 (X11; Linux x86_64; rv:10.0) Gecko/20150101 Firefox/47.0 (Chrome)", "Accept-Charset": "ISO-8859-1,utf-8;q=0.7,*;q=0.7", "Accept": "text/html,application/xhtml+xml,application/xml;q=0.9,*/*;q=0.8", "Accept-Encoding": "gzip, deflate", "Accept-Language": "en-us,en;q=0.5"}}, {"ext": "mp4", "height": 240, "format_note": "DASH video", "vcodec": "avc1.4d4015", "format_id": "133", "url": "https://r6---sn-4g5edne7.googlevideo.com/videoplayback?id=ac8ec66e0121c286&itag=133&source=youtube&requiressl=yes&pl=16&mv=m&ms=au&ei=LXuJWYSoFdjicbvKnPgM&mn=sn-4g5edne7&mm=31&initcwndbps=4548750&ratebypass=yes&mime=video/mp4&gir=yes&clen=12087217&lmt=1435824683602759&dur=396.129&signature=588086C1DB012CA5CFA180C14B70A87844553134.681E9BE896FF9CB8C3795356E48B015A1154A341&key=dg_yt0&mt=1502182065&ip=131.159.40.117&ipbits=0&expire=1502203789&sparams=ip,ipbits,expire,id,itag,source,requiressl,pl,mv,ms,ei,mn,mm,initcwndbps,ratebypass,mime,gir,clen,lmt,dur", "manifest_url": "https://manifest.googlevideo.com/api/manifest/dash/itag/0/pl/16/ipbits/0/sparams/as%2Cei%2Chfr%2Cid%2Cinitcwndbps%2Cip%2Cipbits%2Citag%2Cmm%2Cmn%2Cms%2Cmv%2Cpl%2Cplayback_host%2Crequiressl%2Csource%2Cexpire/signature/DA86427993FA38EC0E4BDA9ADCB2D959FC140A2A.330C051BE0FDED592463A9B365A576F85361E530/ip/131.159.40.117/key/yt6/mv/m/ms/au/ei/LXuJWYSoFdjicbvKnPgM/playback_host/r6---sn-4g5edne7.googlevideo.com/id/ac8ec66e0121c286/source/youtube/as/fmp4_audio_clear%2Cfmp4_sd_hd_clear/expire/1502203789/hfr/1/mn/sn-4g5edne7/mt/1502182065/mm/31/requiressl/yes/initcwndbps/4548750", "width": 426, "tbr": 247.965, "asr": null, "fps": 30, "language": null, "filesize": 12087217, "acodec": "none", "format": "133 - 426x240 (DASH video)", "protocol": "https", "http_headers": {"User-Agent": "Mozilla/5.0 (X11; Linux x86_64; rv:10.0) Gecko/20150101 Firefox/47.0 (Chrome)", "Accept-Charset": "ISO-8859-1,utf-8;q=0.7,*;q=0.7", "Accept": "text/html,application/xhtml+xml,application/xml;q=0.9,*/*;q=0.8", "Accept-Encoding": "gzip, deflate", "Accept-Language": "en-us,en;q=0.5"}}, {"ext": "mp4", "height": 360, "format_note": "DASH video", "vcodec": "avc1.4d401e", "format_id": "134", "url": "https://r6---sn-4g5edne7.googlevideo.com/videoplayback?id=ac8ec66e0121c286&itag=134&source=youtube&requiressl=yes&pl=16&mv=m&ms=au&ei=LXuJWYSoFdjicbvKnPgM&mn=sn-4g5edne7&mm=31&initcwndbps=4548750&ratebypass=yes&mime=video/mp4&gir=yes&clen=12099849&lmt=1435824688924452&dur=396.129&signature=39C65DBDA1A3625C560B15762FD63C507BB970D9.66E8AFB44A8E8789998FA80DFD3726264ECCFBB9&key=dg_yt0&mt=1502182065&ip=131.159.40.117&ipbits=0&expire=1502203789&sparams=ip,ipbits,expire,id,itag,source,requiressl,pl,mv,ms,ei,mn,mm,initcwndbps,ratebypass,mime,gir,clen,lmt,dur", "manifest_url": "https://manifest.googlevideo.com/api/manifest/dash/itag/0/pl/16/ipbits/0/sparams/as%2Cei%2Chfr%2Cid%2Cinitcwndbps%2Cip%2Cipbits%2Citag%2Cmm%2Cmn%2Cms%2Cmv%2Cpl%2Cplayback_host%2Crequiressl%2Csource%2Cexpire/signature/DA86427993FA38EC0E4BDA9ADCB2D959FC140A2A.330C051BE0FDED592463A9B365A576F85361E530/ip/131.159.40.117/key/yt6/mv/m/ms/au/ei/LXuJWYSoFdjicbvKnPgM/playback_host/r6---sn-4g5edne7.googlevideo.com/id/ac8ec66e0121c286/source/youtube/as/fmp4_audio_clear%2Cfmp4_sd_hd_clear/expire/1502203789/hfr/1/mn/sn-4g5edne7/mt/1502182065/mm/31/requiressl/yes/initcwndbps/4548750", "width": 640, "tbr": 307.864, "asr": null, "fps": 30, "language": null, "filesize": 12099849, "acodec": "none", "format": "134 - 640x360 (DASH video)", "protocol": "https", "http_headers": {"User-Agent": "Mozilla/5.0 (X11; Linux x86_64; rv:10.0) Gecko/20150101 Firefox/47.0 (Chrome)", "Accept-Charset": "ISO-8859-1,utf-8;q=0.7,*;q=0.7", "Accept": "text/html,application/xhtml+xml,application/xml;q=0.9,*/*;q=0.8", "Accept-Encoding": "gzip, deflate", "Accept-Language": "en-us,en;q=0.5"}}, {"ext": "mp4", "height": 480, "format_note": "DASH video", "vcodec": "avc1.4d401f", "format_id": "135", "url": "https://r6---sn-4g5edne7.googlevideo.com/videoplayback?id=ac8ec66e0121c286&itag=135&source=youtube&requiressl=yes&pl=16&mv=m&ms=au&ei=LXuJWYSoFdjicbvKnPgM&mn=sn-4g5edne7&mm=31&initcwndbps=4548750&ratebypass=yes&mime=video/mp4&gir=yes&clen=25852362&lmt=1435824785073342&dur=396.129&signature=49BAC2523EFDA1AD0D068F3E45CF35042D8828DE.01DE2C1C86C0B05299D9AF10F5DE1E6333311AB0&key=dg_yt0&mt=1502182065&ip=131.159.40.117&ipbits=0&expire=1502203789&sparams=ip,ipbits,expire,id,itag,source,requiressl,pl,mv,ms,ei,mn,mm,initcwndbps,ratebypass,mime,gir,clen,lmt,dur", "manifest_url": "https://manifest.googlevideo.com/api/manifest/dash/itag/0/pl/16/ipbits/0/sparams/as%2Cei%2Chfr%2Cid%2Cinitcwndbps%2Cip%2Cipbits%2Citag%2Cmm%2Cmn%2Cms%2Cmv%2Cpl%2Cplayback_host%2Crequiressl%2Csource%2Cexpire/signature/DA86427993FA38EC0E4BDA9ADCB2D959FC140A2A.330C051BE0FDED592463A9B365A576F85361E530/ip/131.159.40.117/key/yt6/mv/m/ms/au/ei/LXuJWYSoFdjicbvKnPgM/playback_host/r6---sn-4g5edne7.googlevideo.com/id/ac8ec66e0121c286/source/youtube/as/fmp4_audio_clear%2Cfmp4_sd_hd_clear/expire/1502203789/hfr/1/mn/sn-4g5edne7/mt/1502182065/mm/31/requiressl/yes/initcwndbps/4548750", "width": 854, "tbr": 615.826, "asr": null, "fps": 30, "language": null, "filesize": 25852362, "acodec": "none", "format": "135 - 854x480 (DASH video)", "protocol": "https", "http_headers": {"User-Agent": "Mozilla/5.0 (X11; Linux x86_64; rv:10.0) Gecko/20150101 Firefox/47.0 (Chrome)", "Accept-Charset": "ISO-8859-1,utf-8;q=0.7,*;q=0.7", "Accept": "text/html,application/xhtml+xml,application/xml;q=0.9,*/*;q=0.8", "Accept-Encoding": "gzip, deflate", "Accept-Language": "en-us,en;q=0.5"}}, {"ext": "mp4", "height": 720, "format_note": "DASH video", "vcodec": "avc1.4d401f", "format_id": "136", "url": "https://r6---sn-4g5edne7.googlevideo.com/videoplayback?id=ac8ec66e0121c286&itag=136&source=youtube&requiressl=yes&pl=16&mv=m&ms=au&ei=LXuJWYSoFdjicbvKnPgM&mn=sn-4g5edne7&mm=31&initcwndbps=4548750&ratebypass=yes&mime=video/mp4&gir=yes&clen=50374311&lmt=1435824876682538&dur=396.129&signature=0C561EFBA5EE9F26DEEF20A59602E26EA848BE3D.8331027DB407FB92B4F8A6835AEAA0100B9242C2&key=dg_yt0&mt=1502182065&ip=131.159.40.117&ipbits=0&expire=1502203789&sparams=ip,ipbits,expire,id,itag,source,requiressl,pl,mv,ms,ei,mn,mm,initcwndbps,ratebypass,mime,gir,clen,lmt,dur", "manifest_url": "https://manifest.googlevideo.com/api/manifest/dash/itag/0/pl/16/ipbits/0/sparams/as%2Cei%2Chfr%2Cid%2Cinitcwndbps%2Cip%2Cipbits%2Citag%2Cmm%2Cmn%2Cms%2Cmv%2Cpl%2Cplayback_host%2Crequiressl%2Csource%2Cexpire/signature/DA86427993FA38EC0E4BDA9ADCB2D959FC140A2A.330C051BE0FDED592463A9B365A576F85361E530/ip/131.159.40.117/key/yt6/mv/m/ms/au/ei/LXuJWYSoFdjicbvKnPgM/playback_host/r6---sn-4g5edne7.googlevideo.com/id/ac8ec66e0121c286/source/youtube/as/fmp4_audio_clear%2Cfmp4_sd_hd_clear/expire/1502203789/hfr/1/mn/sn-4g5edne7/mt/1502182065/mm/31/requiressl/yes/initcwndbps/4548750", "width": 1280, "tbr": 1226.542, "asr": null, "fps": 30, "language": null, "filesize": 50374311, "acodec": "none", "format": "136 - 1280x720 (DASH video)", "protocol": "https", "http_headers": {"User-Agent": "Mozilla/5.0 (X11; Linux x86_64; rv:10.0) Gecko/20150101 Firefox/47.0 (Chrome)", "Accept-Charset": "ISO-8859-1,utf-8;q=0.7,*;q=0.7", "Accept": "text/html,application/xhtml+xml,application/xml;q=0.9,*/*;q=0.8", "Accept-Encoding": "gzip, deflate", "Accept-Language": "en-us,en;q=0.5"}}, {"format_id": "17", "url": "https://r6---sn-4g5e6nes.googlevideo.com/videoplayback?ip=131.159.40.117&ms=au&sparams=clen%2Cdur%2Cei%2Cgir%2Cid%2Cinitcwndbps%2Cip%2Cipbits%2Citag%2Clmt%2Cmime%2Cmm%2Cmn%2Cms%2Cmv%2Cpl%2Crequiressl%2Csource%2Cexpire&mv=m&mt=1502182065&id=o-AOCUjnvknjYcrx59Fw8YRaV2-hvlruraq45Lo4keVhk6&mn=sn-4g5e6nes&mm=31&clen=4081509&source=youtube&pl=16&itag=17&ei=LHuJWenGLY2ScPndvKgH&lmt=1370474400695411&dur=396.550&ipbits=0&expire=1502203788&initcwndbps=4548750&requiressl=yes&key=yt6&mime=video%2F3gpp&gir=yes&signature=58A837F5FAD38854E3032FEB357876577FA6EAFF.65193DF8A536FD677D2B9262D76C55403520C8E4&ratebypass=yes", "player_url": null, "ext": "3gp", "width": 176, "height": 144, "acodec": "mp4a.40.2", "abr": 24, "vcodec": "mp4v.20.3", "resolution": "176x144", "format_note": "small", "format": "17 - 176x144 (small)", "protocol": "https", "http_headers": {"User-Agent": "Mozilla/5.0 (X11; Linux x86_64; rv:10.0) Gecko/20150101 Firefox/47.0 (Chrome)", "Accept-Charset": "ISO-8859-1,utf-8;q=0.7,*;q=0.7", "Accept": "text/html,application/xhtml+xml,application/xml;q=0.9,*/*;q=0.8", "Accept-Encoding": "gzip, deflate", "Accept-Language": "en-us,en;q=0.5"}}, {"format_id": "36", "url": "https://r6---sn-4g5e6nes.googlevideo.com/videoplayback?ip=131.159.40.117&ms=au&sparams=clen%2Cdur%2Cei%2Cgir%2Cid%2Cinitcwndbps%2Cip%2Cipbits%2Citag%2Clmt%2Cmime%2Cmm%2Cmn%2Cms%2Cmv%2Cpl%2Crequiressl%2Csource%2Cexpire&mv=m&mt=1502182065&id=o-AOCUjnvknjYcrx59Fw8YRaV2-hvlruraq45Lo4keVhk6&mn=sn-4g5e6nes&mm=31&clen=11249739&source=youtube&pl=16&itag=36&ei=LHuJWenGLY2ScPndvKgH&lmt=1370474428244867&dur=396.411&ipbits=0&expire=1502203788&initcwndbps=4548750&requiressl=yes&key=yt6&mime=video%2F3gpp&gir=yes&signature=0B3EF1949AC2769D34D5101796530AE6BA359EF5.52908D1C79BDB1E2B85479966835315A233BA4C6&ratebypass=yes", "player_url": null, "ext": "3gp", "width": 320, "acodec": "mp4a.40.2", "vcodec": "mp4v.20.3", "resolution": "320x180", "height": 180, "format_note": "small", "format": "36 - 320x180 (small)", "protocol": "https", "http_headers": {"User-Agent": "Mozilla/5.0 (X11; Linux x86_64; rv:10.0) Gecko/20150101 Firefox/47.0 (Chrome)", "Accept-Charset": "ISO-8859-1,utf-8;q=0.7,*;q=0.7", "Accept": "text/html,application/xhtml+xml,application/xml;q=0.9,*/*;q=0.8", "Accept-Encoding": "gzip, deflate", "Accept-Language": "en-us,en;q=0.5"}}, {"format_id": "43", "url": "https://r6---sn-4g5e6nes.googlevideo.com/videoplayback?ip=131.159.40.117&ms=au&sparams=clen%2Cdur%2Cei%2Cgir%2Cid%2Cinitcwndbps%2Cip%2Cipbits%2Citag%2Clmt%2Cmime%2Cmm%2Cmn%2Cms%2Cmv%2Cpl%2Cratebypass%2Crequiressl%2Csource%2Cexpire&mv=m&mt=1502182065&id=o-AOCUjnvknjYcrx59Fw8YRaV2-hvlruraq45Lo4keVhk6&mn=sn-4g5e6nes&mm=31&clen=28767547&source=youtube&pl=16&itag=43&ei=LHuJWenGLY2ScPndvKgH&lmt=1370483603081126&dur=0.000&ipbits=0&expire=1502203788&initcwndbps=4548750&requiressl=yes&key=yt6&mime=video%2Fwebm&gir=yes&signature=9E493A3571D00EBE7320A326A45C0DF05948EC97.53BA3671E530700629F0855AE9EE7D36638980B2&ratebypass=yes", "player_url": null, "ext": "webm", "width": 640, "height": 360, "acodec": "vorbis", "abr": 128, "vcodec": "vp8.0", "resolution": "640x360", "format_note": "medium", "format": "43 - 640x360 (medium)", "protocol": "https", "http_headers": {"User-Agent": "Mozilla/5.0 (X11; Linux x86_64; rv:10.0) Gecko/20150101 Firefox/47.0 (Chrome)", "Accept-Charset": "ISO-8859-1,utf-8;q=0.7,*;q=0.7", "Accept": "text/html,application/xhtml+xml,application/xml;q=0.9,*/*;q=0.8", "Accept-Encoding": "gzip, deflate", "Accept-Language": "en-us,en;q=0.5"}}, {"format_id": "18", "url": "https://r6---sn-4g5e6nes.googlevideo.com/videoplayback?ip=131.159.40.117&ms=au&sparams=clen%2Cdur%2Cei%2Cgir%2Cid%2Cinitcwndbps%2Cip%2Cipbits%2Citag%2Clmt%2Cmime%2Cmm%2Cmn%2Cms%2Cmv%2Cpl%2Cratebypass%2Crequiressl%2Csource%2Cexpire&mv=m&mt=1502182065&id=o-AOCUjnvknjYcrx59Fw8YRaV2-hvlruraq45Lo4keVhk6&mn=sn-4g5e6nes&mm=31&clen=20391196&source=youtube&pl=16&itag=18&ei=LHuJWenGLY2ScPndvKgH&lmt=1435824704876193&dur=396.178&ipbits=0&expire=1502203788&initcwndbps=4548750&requiressl=yes&key=yt6&mime=video%2Fmp4&gir=yes&signature=2444F3313C9A57EF5BB395E0A81EC3FB6620BA7B.750BD57114A784C376028C457C5048A2FD63C34C&ratebypass=yes", "player_url": null, "ext": "mp4", "width": 640, "height": 360, "acodec": "mp4a.40.2", "abr": 96, "vcodec": "avc1.42001E", "resolution": "640x360", "format_note": "medium", "format": "18 - 640x360 (medium)", "protocol": "https", "http_headers": {"User-Agent": "Mozilla/5.0 (X11; Linux x86_64; rv:10.0) Gecko/20150101 Firefox/47.0 (Chrome)", "Accept-Charset": "ISO-8859-1,utf-8;q=0.7,*;q=0.7", "Accept": "text/html,application/xhtml+xml,application/xml;q=0.9,*/*;q=0.8", "Accept-Encoding": "gzip, deflate", "Accept-Language": "en-us,en;q=0.5"}}, {"format_id": "22", "url": "https://r6---sn-4g5e6nes.googlevideo.com/videoplayback?lmt=1471833900117663&ip=131.159.40.117&ms=au&sparams=dur%2Cei%2Cid%2Cinitcwndbps%2Cip%2Cipbits%2Citag%2Clmt%2Cmime%2Cmm%2Cmn%2Cms%2Cmv%2Cpl%2Cratebypass%2Crequiressl%2Csource%2Cexpire&mv=m&mt=1502182065&id=o-AOCUjnvknjYcrx59Fw8YRaV2-hvlruraq45Lo4keVhk6&dur=396.178&mn=sn-4g5e6nes&mm=31&ipbits=0&expire=1502203788&initcwndbps=4548750&requiressl=yes&key=yt6&mime=video%2Fmp4&source=youtube&pl=16&signature=C9CC79451300F799B5DD9AD1311EFF87F4B1AAC4.83389B9FC2374CA2862DE9F9DE1D7FC0768DB956&itag=22&ei=LHuJWenGLY2ScPndvKgH&ratebypass=yes", "player_url": null, "ext": "mp4", "width": 1280, "height": 720, "acodec": "mp4a.40.2", "abr": 192, "vcodec": "avc1.64001F", "resolution": "1280x720", "format_note": "hd720", "format": "22 - 1280x720 (hd720)", "protocol": "https", "http_headers": {"User-Agent": "Mozilla/5.0 (X11; Linux x86_64; rv:10.0) Gecko/20150101 Firefox/47.0 (Chrome)", "Accept-Charset": "ISO-8859-1,utf-8;q=0.7,*;q=0.7", "Accept": "text/html,application/xhtml+xml,application/xml;q=0.9,*/*;q=0.8", "Accept-Encoding": "gzip, deflate", "Accept-Language": "en-us,en;q=0.5"}}], "is_live": null, "start_time": null, "end_time": null, "series": null, "season_number": null, "episode_number": null, "extractor": "youtube", "webpage_url_basename": "rI7GbgEhwoY", "extractor_key": "Youtube", "playlist": null, "playlist_index": null, "thumbnails": [{"url": "https://i.ytimg.com/vi/rI7GbgEhwoY/maxresdefault.jpg", "id": "0"}], "display_id": "rI7GbgEhwoY", "ext": "mp4", "height": 720, "format_note": "DASH video", "vcodec": "avc1.4d401f", "format_id": "136", "url": "https://r6---sn-4g5edne7.googlevideo.com/videoplayback?id=ac8ec66e0121c286&itag=136&source=youtube&requiressl=yes&pl=16&mv=m&ms=au&ei=LXuJWYSoFdjicbvKnPgM&mn=sn-4g5edne7&mm=31&initcwndbps=4548750&ratebypass=yes&mime=video/mp4&gir=yes&clen=50374311&lmt=1435824876682538&dur=396.129&signature=0C561EFBA5EE9F26DEEF20A59602E26EA848BE3D.8331027DB407FB92B4F8A6835AEAA0100B9242C2&key=dg_yt0&mt=1502182065&ip=131.159.40.117&ipbits=0&expire=1502203789&sparams=ip,ipbits,expire,id,itag,source,requiressl,pl,mv,ms,ei,mn,mm,initcwndbps,ratebypass,mime,gir,clen,lmt,dur", "manifest_url": "https://manifest.googlevideo.com/api/manifest/dash/itag/0/pl/16/ipbits/0/sparams/as%2Cei%2Chfr%2Cid%2Cinitcwndbps%2Cip%2Cipbits%2Citag%2Cmm%2Cmn%2Cms%2Cmv%2Cpl%2Cplayback_host%2Crequiressl%2Csource%2Cexpire/signature/DA86427993FA38EC0E4BDA9ADCB2D959FC140A2A.330C051BE0FDED592463A9B365A576F85361E530/ip/131.159.40.117/key/yt6/mv/m/ms/au/ei/LXuJWYSoFdjicbvKnPgM/playback_host/r6---sn-4g5edne7.googlevideo.com/id/ac8ec66e0121c286/source/youtube/as/fmp4_audio_clear%2Cfmp4_sd_hd_clear/expire/1502203789/hfr/1/mn/sn-4g5edne7/mt/1502182065/mm/31/requiressl/yes/initcwndbps/4548750", "width": 1280, "tbr": 1226.542, "asr": null, "fps": 30, "language": null, "filesize": 50374311, "acodec": "none", "format": "136 - 1280x720 (DASH video)", "protocol": "https", "http_headers": {"User-Agent": "Mozilla/5.0 (X11; Linux x86_64; rv:10.0) Gecko/20150101 Firefox/47.0 (Chrome)", "Accept-Charset": "ISO-8859-1,utf-8;q=0.7,*;q=0.7", "Accept": "text/html,application/xhtml+xml,application/xml;q=0.9,*/*;q=0.8", "Accept-Encoding": "gzip, deflate", "Accept-Language": "en-us,en;q=0.5"}, "fulltitle": "Makeup For Men", "_filename": "rI7GbgEhwoY.mp4"}