{"id": "J6JiC28882A", "uploader": "BDJ BOX", "uploader_id": "bdjbox", "uploader_url": "http://www.youtube.com/user/bdjbox", "upload_date": "20140304", "license": "Standard YouTube License", "creator": null, "title": "Diamond Face", "alt_title": null, "thumbnail": "https://i.ytimg.com/vi/J6JiC28882A/maxresdefault.jpg", "description": "", "categories": ["Howto & Style"], "tags": ["bdjbox", "barbi chan", "makeup", "tutorial"], "subtitles": {}, "automatic_captions": {}, "duration": 296, "age_limit": 0, "annotations": null, "chapters": null, "webpage_url": "https://www.youtube.com/watch?v=J6JiC28882A", "view_count": 41702, "like_count": 359, "dislike_count": 24, "average_rating": 4.74934720993, "formats": [{"ext": "m4a", "format_note": "DASH audio", "acodec": "mp4a.40.5", "abr": 48, "container": "m4a_dash", "format_id": "139", "url": "https://r1---sn-4g57kn6e.googlevideo.com/videoplayback?id=27a2620b6f3cf360&itag=139&source=youtube&requiressl=yes&mm=31&ei=zhSKWda7PJeocvGvgcgB&mv=m&mn=sn-4g57kn6e&ms=au&pl=16&initcwndbps=3321250&ratebypass=yes&mime=audio/mp4&gir=yes&clen=1785168&lmt=1419184217641172&dur=295.821&signature=3E0A406677A1A9B11ADA1C1FB84864DEEB893C8B.4FC03FE8AB6072C3C96A9CB2996B6330272AEF0C&key=dg_yt0&mt=1502221438&ip=131.159.40.117&ipbits=0&expire=1502243119&sparams=ip,ipbits,expire,id,itag,source,requiressl,mm,ei,mv,mn,ms,pl,initcwndbps,ratebypass,mime,gir,clen,lmt,dur", "manifest_url": "https://manifest.googlevideo.com/api/manifest/dash/expire/1502243119/playback_host/r1---sn-4g57kn6e.googlevideo.com/itag/0/ip/131.159.40.117/as/fmp4_audio_clear%2Cfmp4_sd_hd_clear/hfr/1/ipbits/0/mm/31/sparams/as%2Cei%2Chfr%2Cid%2Cinitcwndbps%2Cip%2Cipbits%2Citag%2Cmm%2Cmn%2Cms%2Cmv%2Cpl%2Cplayback_host%2Crequiressl%2Csource%2Cexpire/ei/zhSKWda7PJeocvGvgcgB/mv/m/mn/sn-4g57kn6e/source/youtube/signature/D0AE69A9D5961A161D38EEDB27635E3DB25D6A31.1A97704D68AAC52280BC9B4824D5590D435B8FD6/ms/au/key/yt6/requiressl/yes/mt/1502221438/pl/16/id/27a2620b6f3cf360/initcwndbps/3321250", "width": null, "height": null, "tbr": 49.506, "asr": 22050, "fps": null, "language": null, "filesize": 1785168, "vcodec": "none", "format": "139 - audio only (DASH audio)", "protocol": "https", "http_headers": {"User-Agent": "Mozilla/5.0 (X11; Linux x86_64; rv:10.0) Gecko/20150101 Firefox/47.0 (Chrome)", "Accept-Charset": "ISO-8859-1,utf-8;q=0.7,*;q=0.7", "Accept": "text/html,application/xhtml+xml,application/xml;q=0.9,*/*;q=0.8", "Accept-Encoding": "gzip, deflate", "Accept-Language": "en-us,en;q=0.5"}}, {"ext": "m4a", "format_note": "DASH audio", "acodec": "mp4a.40.2", "abr": 128, "container": "m4a_dash", "format_id": "140", "url": "https://r1---sn-4g57kn6e.googlevideo.com/videoplayback?id=27a2620b6f3cf360&itag=140&source=youtube&requiressl=yes&mm=31&ei=zhSKWda7PJeocvGvgcgB&mv=m&mn=sn-4g57kn6e&ms=au&pl=16&initcwndbps=3321250&ratebypass=yes&mime=audio/mp4&gir=yes&clen=4749014&lmt=1419184215487566&dur=295.775&signature=28B797AACB8512E181BB28DEC79EBD1EDE41E09B.1615FF22E6AC0092B7F427D4FBDFBEC1A565F98B&key=dg_yt0&mt=1502221438&ip=131.159.40.117&ipbits=0&expire=1502243119&sparams=ip,ipbits,expire,id,itag,source,requiressl,mm,ei,mv,mn,ms,pl,initcwndbps,ratebypass,mime,gir,clen,lmt,dur", "manifest_url": "https://manifest.googlevideo.com/api/manifest/dash/expire/1502243119/playback_host/r1---sn-4g57kn6e.googlevideo.com/itag/0/ip/131.159.40.117/as/fmp4_audio_clear%2Cfmp4_sd_hd_clear/hfr/1/ipbits/0/mm/31/sparams/as%2Cei%2Chfr%2Cid%2Cinitcwndbps%2Cip%2Cipbits%2Citag%2Cmm%2Cmn%2Cms%2Cmv%2Cpl%2Cplayback_host%2Crequiressl%2Csource%2Cexpire/ei/zhSKWda7PJeocvGvgcgB/mv/m/mn/sn-4g57kn6e/source/youtube/signature/D0AE69A9D5961A161D38EEDB27635E3DB25D6A31.1A97704D68AAC52280BC9B4824D5590D435B8FD6/ms/au/key/yt6/requiressl/yes/mt/1502221438/pl/16/id/27a2620b6f3cf360/initcwndbps/3321250", "width": null, "height": null, "tbr": 129.613, "asr": 44100, "fps": null, "language": null, "filesize": 4749014, "vcodec": "none", "format": "140 - audio only (DASH audio)", "protocol": "https", "http_headers": {"User-Agent": "Mozilla/5.0 (X11; Linux x86_64; rv:10.0) Gecko/20150101 Firefox/47.0 (Chrome)", "Accept-Charset": "ISO-8859-1,utf-8;q=0.7,*;q=0.7", "Accept": "text/html,application/xhtml+xml,application/xml;q=0.9,*/*;q=0.8", "Accept-Encoding": "gzip, deflate", "Accept-Language": "en-us,en;q=0.5"}}, {"ext": "mp4", "height": 144, "format_note": "DASH video", "vcodec": "avc1.4d400c", "format_id": "160", "url": "https://r1---sn-4g57kn6e.googlevideo.com/videoplayback?id=27a2620b6f3cf360&itag=160&source=youtube&requiressl=yes&mm=31&ei=zhSKWda7PJeocvGvgcgB&mv=m&mn=sn-4g57kn6e&ms=au&pl=16&initcwndbps=3321250&ratebypass=yes&mime=video/mp4&gir=yes&clen=3984866&lmt=1419184227161076&dur=295.712&signature=1B0DB2D4E16B5482CA6D14BC02330EB35C6092E9.03FCF995AD65A129DBF31D19B468C5166CBEE2DF&key=dg_yt0&mt=1502221438&ip=131.159.40.117&ipbits=0&expire=1502243119&sparams=ip,ipbits,expire,id,itag,source,requiressl,mm,ei,mv,mn,ms,pl,initcwndbps,ratebypass,mime,gir,clen,lmt,dur", "manifest_url": "https://manifest.googlevideo.com/api/manifest/dash/expire/1502243119/playback_host/r1---sn-4g57kn6e.googlevideo.com/itag/0/ip/131.159.40.117/as/fmp4_audio_clear%2Cfmp4_sd_hd_clear/hfr/1/ipbits/0/mm/31/sparams/as%2Cei%2Chfr%2Cid%2Cinitcwndbps%2Cip%2Cipbits%2Citag%2Cmm%2Cmn%2Cms%2Cmv%2Cpl%2Cplayback_host%2Crequiressl%2Csource%2Cexpire/ei/zhSKWda7PJeocvGvgcgB/mv/m/mn/sn-4g57kn6e/source/youtube/signature/D0AE69A9D5961A161D38EEDB27635E3DB25D6A31.1A97704D68AAC52280BC9B4824D5590D435B8FD6/ms/au/key/yt6/requiressl/yes/mt/1502221438/pl/16/id/27a2620b6f3cf360/initcwndbps/3321250", "width": 256, "tbr": 111.55, "asr": null, "fps": 12, "language": null, "filesize": 3984866, "acodec": "none", "format": "160 - 256x144 (DASH video)", "protocol": "https", "http_headers": {"User-Agent": "Mozilla/5.0 (X11; Linux x86_64; rv:10.0) Gecko/20150101 Firefox/47.0 (Chrome)", "Accept-Charset": "ISO-8859-1,utf-8;q=0.7,*;q=0.7", "Accept": "text/html,application/xhtml+xml,application/xml;q=0.9,*/*;q=0.8", "Accept-Encoding": "gzip, deflate", "Accept-Language": "en-us,en;q=0.5"}}, {"ext": "mp4", "height": 240, "format_note": "DASH video", "vcodec": "avc1.4d4015", "format_id": "133", "url": "https://r1---sn-4g57kn6e.googlevideo.com/videoplayback?id=27a2620b6f3cf360&itag=133&source=youtube&requiressl=yes&mm=31&ei=zhSKWda7PJeocvGvgcgB&mv=m&mn=sn-4g57kn6e&ms=au&pl=16&initcwndbps=3321250&ratebypass=yes&mime=video/mp4&gir=yes&clen=8921451&lmt=1419184250318561&dur=295.670&signature=8AF1F142BA5373704FFE9FE13072695C012C04FB.7B0E88C0A7A428CE9251FF501FCC1109ED04CCB9&key=dg_yt0&mt=1502221438&ip=131.159.40.117&ipbits=0&expire=1502243119&sparams=ip,ipbits,expire,id,itag,source,requiressl,mm,ei,mv,mn,ms,pl,initcwndbps,ratebypass,mime,gir,clen,lmt,dur", "manifest_url": "https://manifest.googlevideo.com/api/manifest/dash/expire/1502243119/playback_host/r1---sn-4g57kn6e.googlevideo.com/itag/0/ip/131.159.40.117/as/fmp4_audio_clear%2Cfmp4_sd_hd_clear/hfr/1/ipbits/0/mm/31/sparams/as%2Cei%2Chfr%2Cid%2Cinitcwndbps%2Cip%2Cipbits%2Citag%2Cmm%2Cmn%2Cms%2Cmv%2Cpl%2Cplayback_host%2Crequiressl%2Csource%2Cexpire/ei/zhSKWda7PJeocvGvgcgB/mv/m/mn/sn-4g57kn6e/source/youtube/signature/D0AE69A9D5961A161D38EEDB27635E3DB25D6A31.1A97704D68AAC52280BC9B4824D5590D435B8FD6/ms/au/key/yt6/requiressl/yes/mt/1502221438/pl/16/id/27a2620b6f3cf360/initcwndbps/3321250", "width": 426, "tbr": 246.738, "asr": null, "fps": 24, "language": null, "filesize": 8921451, "acodec": "none", "format": "133 - 426x240 (DASH video)", "protocol": "https", "http_headers": {"User-Agent": "Mozilla/5.0 (X11; Linux x86_64; rv:10.0) Gecko/20150101 Firefox/47.0 (Chrome)", "Accept-Charset": "ISO-8859-1,utf-8;q=0.7,*;q=0.7", "Accept": "text/html,application/xhtml+xml,application/xml;q=0.9,*/*;q=0.8", "Accept-Encoding": "gzip, deflate", "Accept-Language": "en-us,en;q=0.5"}}, {"ext": "mp4", "height": 360, "format_note": "DASH video", "vcodec": "avc1.4d401e", "format_id": "134", "url": "https://r1---sn-4g57kn6e.googlevideo.com/videoplayback?id=27a2620b6f3cf360&itag=134&source=youtube&requiressl=yes&mm=31&ei=zhSKWda7PJeocvGvgcgB&mv=m&mn=sn-4g57kn6e&ms=au&pl=16&initcwndbps=3321250&ratebypass=yes&mime=video/mp4&gir=yes&clen=8714641&lmt=1419184258970882&dur=295.670&signature=0142CEDECA43C1BEAD1F94C39CDEEB730A52D36B.89270F342930A5C1C5995DCA5BB922358D75BAC6&key=dg_yt0&mt=1502221438&ip=131.159.40.117&ipbits=0&expire=1502243119&sparams=ip,ipbits,expire,id,itag,source,requiressl,mm,ei,mv,mn,ms,pl,initcwndbps,ratebypass,mime,gir,clen,lmt,dur", "manifest_url": "https://manifest.googlevideo.com/api/manifest/dash/expire/1502243119/playback_host/r1---sn-4g57kn6e.googlevideo.com/itag/0/ip/131.159.40.117/as/fmp4_audio_clear%2Cfmp4_sd_hd_clear/hfr/1/ipbits/0/mm/31/sparams/as%2Cei%2Chfr%2Cid%2Cinitcwndbps%2Cip%2Cipbits%2Citag%2Cmm%2Cmn%2Cms%2Cmv%2Cpl%2Cplayback_host%2Crequiressl%2Csource%2Cexpire/ei/zhSKWda7PJeocvGvgcgB/mv/m/mn/sn-4g57kn6e/source/youtube/signature/D0AE69A9D5961A161D38EEDB27635E3DB25D6A31.1A97704D68AAC52280BC9B4824D5590D435B8FD6/ms/au/key/yt6/requiressl/yes/mt/1502221438/pl/16/id/27a2620b6f3cf360/initcwndbps/3321250", "width": 640, "tbr": 261.086, "asr": null, "fps": 24, "language": null, "filesize": 8714641, "acodec": "none", "format": "134 - 640x360 (DASH video)", "protocol": "https", "http_headers": {"User-Agent": "Mozilla/5.0 (X11; Linux x86_64; rv:10.0) Gecko/20150101 Firefox/47.0 (Chrome)", "Accept-Charset": "ISO-8859-1,utf-8;q=0.7,*;q=0.7", "Accept": "text/html,application/xhtml+xml,application/xml;q=0.9,*/*;q=0.8", "Accept-Encoding": "gzip, deflate", "Accept-Language": "en-us,en;q=0.5"}}, {"ext": "mp4", "height": 480, "format_note": "DASH video", "vcodec": "avc1.4d401e", "format_id": "135", "url": "https://r1---sn-4g57kn6e.googlevideo.com/videoplayback?id=27a2620b6f3cf360&itag=135&source=youtube&requiressl=yes&mm=31&ei=zhSKWda7PJeocvGvgcgB&mv=m&mn=sn-4g57kn6e&ms=au&pl=16&initcwndbps=3321250&ratebypass=yes&mime=video/mp4&gir=yes&clen=18560732&lmt=1419184286553851&dur=295.670&signature=470E2DC0C763E9BE6A17195EE2B15B00B606D8E2.3B39945B5410E2F52EDE3DCCAEBB7C9CA9249A&key=dg_yt0&mt=1502221438&ip=131.159.40.117&ipbits=0&expire=1502243119&sparams=ip,ipbits,expire,id,itag,source,requiressl,mm,ei,mv,mn,ms,pl,initcwndbps,ratebypass,mime,gir,clen,lmt,dur", "manifest_url": "https://manifest.googlevideo.com/api/manifest/dash/expire/1502243119/playback_host/r1---sn-4g57kn6e.googlevideo.com/itag/0/ip/131.159.40.117/as/fmp4_audio_clear%2Cfmp4_sd_hd_clear/hfr/1/ipbits/0/mm/31/sparams/as%2Cei%2Chfr%2Cid%2Cinitcwndbps%2Cip%2Cipbits%2Citag%2Cmm%2Cmn%2Cms%2Cmv%2Cpl%2Cplayback_host%2Crequiressl%2Csource%2Cexpire/ei/zhSKWda7PJeocvGvgcgB/mv/m/mn/sn-4g57kn6e/source/youtube/signature/D0AE69A9D5961A161D38EEDB27635E3DB25D6A31.1A97704D68AAC52280BC9B4824D5590D435B8FD6/ms/au/key/yt6/requiressl/yes/mt/1502221438/pl/16/id/27a2620b6f3cf360/initcwndbps/3321250", "width": 854, "tbr": 554.282, "asr": null, "fps": 24, "language": null, "filesize": 18560732, "acodec": "none", "format": "135 - 854x480 (DASH video)", "protocol": "https", "http_headers": {"User-Agent": "Mozilla/5.0 (X11; Linux x86_64; rv:10.0) Gecko/20150101 Firefox/47.0 (Chrome)", "Accept-Charset": "ISO-8859-1,utf-8;q=0.7,*;q=0.7", "Accept": "text/html,application/xhtml+xml,application/xml;q=0.9,*/*;q=0.8", "Accept-Encoding": "gzip, deflate", "Accept-Language": "en-us,en;q=0.5"}}, {"ext": "mp4", "height": 720, "format_note": "DASH video", "vcodec": "avc1.4d401f", "format_id": "136", "url": "https://r1---sn-4g57kn6e.googlevideo.com/videoplayback?id=27a2620b6f3cf360&itag=136&source=youtube&requiressl=yes&mm=31&ei=zhSKWda7PJeocvGvgcgB&mv=m&mn=sn-4g57kn6e&ms=au&pl=16&initcwndbps=3321250&ratebypass=yes&mime=video/mp4&gir=yes&clen=35968230&lmt=1419184362708002&dur=295.670&signature=53B97A55C8EFE4876941A2C8DF97B06725F6EC56.5F5989D7A403C3B48C5C810E7E9D549A37EA15E3&key=dg_yt0&mt=1502221438&ip=131.159.40.117&ipbits=0&expire=1502243119&sparams=ip,ipbits,expire,id,itag,source,requiressl,mm,ei,mv,mn,ms,pl,initcwndbps,ratebypass,mime,gir,clen,lmt,dur", "manifest_url": "https://manifest.googlevideo.com/api/manifest/dash/expire/1502243119/playback_host/r1---sn-4g57kn6e.googlevideo.com/itag/0/ip/131.159.40.117/as/fmp4_audio_clear%2Cfmp4_sd_hd_clear/hfr/1/ipbits/0/mm/31/sparams/as%2Cei%2Chfr%2Cid%2Cinitcwndbps%2Cip%2Cipbits%2Citag%2Cmm%2Cmn%2Cms%2Cmv%2Cpl%2Cplayback_host%2Crequiressl%2Csource%2Cexpire/ei/zhSKWda7PJeocvGvgcgB/mv/m/mn/sn-4g57kn6e/source/youtube/signature/D0AE69A9D5961A161D38EEDB27635E3DB25D6A31.1A97704D68AAC52280BC9B4824D5590D435B8FD6/ms/au/key/yt6/requiressl/yes/mt/1502221438/pl/16/id/27a2620b6f3cf360/initcwndbps/3321250", "width": 1280, "tbr": 1138.098, "asr": null, "fps": 24, "language": null, "filesize": 35968230, "acodec": "none", "format": "136 - 1280x720 (DASH video)", "protocol": "https", "http_headers": {"User-Agent": "Mozilla/5.0 (X11; Linux x86_64; rv:10.0) Gecko/20150101 Firefox/47.0 (Chrome)", "Accept-Charset": "ISO-8859-1,utf-8;q=0.7,*;q=0.7", "Accept": "text/html,application/xhtml+xml,application/xml;q=0.9,*/*;q=0.8", "Accept-Encoding": "gzip, deflate", "Accept-Language": "en-us,en;q=0.5"}}, {"format_id": "17", "url": "https://r1---sn-4g57kn6e.googlevideo.com/videoplayback?dur=296.147&pl=16&ip=131.159.40.117&lmt=1393987831154001&ei=zhSKWa78FIqZcvCpp_gH&ms=au&source=youtube&mv=m&id=o-ALed5lOxSnQaMJ4oMwlwaU4Xk1D7UD1UffAJWVxPbVyO&mm=31&mn=sn-4g57kn6e&key=yt6&gir=yes&expire=1502243118&sparams=clen%2Cdur%2Cei%2Cgir%2Cid%2Cinitcwndbps%2Cip%2Cipbits%2Citag%2Clmt%2Cmime%2Cmm%2Cmn%2Cms%2Cmv%2Cpl%2Crequiressl%2Csource%2Cexpire&itag=17&mt=1502221438&ipbits=0&mime=video%2F3gpp&initcwndbps=3321250&signature=A5ED2AE188F04C1CE70963A2C8BF50141B3DD565.3EF525CF29A0AC23B18769F6E3D0C418580C2821&clen=3030222&requiressl=yes&ratebypass=yes", "player_url": null, "ext": "3gp", "width": 176, "height": 144, "acodec": "mp4a.40.2", "abr": 24, "vcodec": "mp4v.20.3", "resolution": "176x144", "format_note": "small", "format": "17 - 176x144 (small)", "protocol": "https", "http_headers": {"User-Agent": "Mozilla/5.0 (X11; Linux x86_64; rv:10.0) Gecko/20150101 Firefox/47.0 (Chrome)", "Accept-Charset": "ISO-8859-1,utf-8;q=0.7,*;q=0.7", "Accept": "text/html,application/xhtml+xml,application/xml;q=0.9,*/*;q=0.8", "Accept-Encoding": "gzip, deflate", "Accept-Language": "en-us,en;q=0.5"}}, {"format_id": "36", "url": "https://r1---sn-4g57kn6e.googlevideo.com/videoplayback?dur=295.961&pl=16&ip=131.159.40.117&lmt=1393987827237703&ei=zhSKWa78FIqZcvCpp_gH&ms=au&source=youtube&mv=m&id=o-ALed5lOxSnQaMJ4oMwlwaU4Xk1D7UD1UffAJWVxPbVyO&mm=31&mn=sn-4g57kn6e&key=yt6&gir=yes&expire=1502243118&sparams=clen%2Cdur%2Cei%2Cgir%2Cid%2Cinitcwndbps%2Cip%2Cipbits%2Citag%2Clmt%2Cmime%2Cmm%2Cmn%2Cms%2Cmv%2Cpl%2Crequiressl%2Csource%2Cexpire&itag=36&mt=1502221438&ipbits=0&mime=video%2F3gpp&initcwndbps=3321250&signature=9A11838E52F568116B0CB25BFC3070D4403A5765.5D8FA7C179D7068DD15E2151BF880FDBFEDA34F8&clen=8379098&requiressl=yes&ratebypass=yes", "player_url": null, "ext": "3gp", "width": 320, "acodec": "mp4a.40.2", "vcodec": "mp4v.20.3", "resolution": "320x180", "height": 180, "format_note": "small", "format": "36 - 320x180 (small)", "protocol": "https", "http_headers": {"User-Agent": "Mozilla/5.0 (X11; Linux x86_64; rv:10.0) Gecko/20150101 Firefox/47.0 (Chrome)", "Accept-Charset": "ISO-8859-1,utf-8;q=0.7,*;q=0.7", "Accept": "text/html,application/xhtml+xml,application/xml;q=0.9,*/*;q=0.8", "Accept-Encoding": "gzip, deflate", "Accept-Language": "en-us,en;q=0.5"}}, {"format_id": "43", "url": "https://r1---sn-4g57kn6e.googlevideo.com/videoplayback?dur=0.000&pl=16&ip=131.159.40.117&lmt=1394080794012176&ei=zhSKWa78FIqZcvCpp_gH&ms=au&source=youtube&mv=m&id=o-ALed5lOxSnQaMJ4oMwlwaU4Xk1D7UD1UffAJWVxPbVyO&mm=31&mn=sn-4g57kn6e&key=yt6&gir=yes&expire=1502243118&sparams=clen%2Cdur%2Cei%2Cgir%2Cid%2Cinitcwndbps%2Cip%2Cipbits%2Citag%2Clmt%2Cmime%2Cmm%2Cmn%2Cms%2Cmv%2Cpl%2Cratebypass%2Crequiressl%2Csource%2Cexpire&itag=43&ratebypass=yes&mt=1502221438&ipbits=0&mime=video%2Fwebm&initcwndbps=3321250&signature=1E134F2ED7CD3196BCCA4488ABFDF79AAE36B7A7.B3569436D9147614B5D1892C2F2DFFF66652AB05&clen=18515606&requiressl=yes", "player_url": null, "ext": "webm", "width": 640, "height": 360, "acodec": "vorbis", "abr": 128, "vcodec": "vp8.0", "resolution": "640x360", "format_note": "medium", "format": "43 - 640x360 (medium)", "protocol": "https", "http_headers": {"User-Agent": "Mozilla/5.0 (X11; Linux x86_64; rv:10.0) Gecko/20150101 Firefox/47.0 (Chrome)", "Accept-Charset": "ISO-8859-1,utf-8;q=0.7,*;q=0.7", "Accept": "text/html,application/xhtml+xml,application/xml;q=0.9,*/*;q=0.8", "Accept-Encoding": "gzip, deflate", "Accept-Language": "en-us,en;q=0.5"}}, {"format_id": "18", "url": "https://r1---sn-4g57kn6e.googlevideo.com/videoplayback?dur=295.775&pl=16&ip=131.159.40.117&lmt=1419184228485411&ei=zhSKWa78FIqZcvCpp_gH&ms=au&source=youtube&mv=m&id=o-ALed5lOxSnQaMJ4oMwlwaU4Xk1D7UD1UffAJWVxPbVyO&mm=31&mn=sn-4g57kn6e&key=yt6&gir=yes&expire=1502243118&sparams=clen%2Cdur%2Cei%2Cgir%2Cid%2Cinitcwndbps%2Cip%2Cipbits%2Citag%2Clmt%2Cmime%2Cmm%2Cmn%2Cms%2Cmv%2Cpl%2Cratebypass%2Crequiressl%2Csource%2Cexpire&itag=18&ratebypass=yes&mt=1502221438&ipbits=0&mime=video%2Fmp4&initcwndbps=3321250&signature=1FEFA8F848F00A029EA24DA88A895E70A6CDE206.73457DFFF88FA29595867932852CC09775DFA4B4&clen=13485124&requiressl=yes", "player_url": null, "ext": "mp4", "width": 640, "height": 360, "acodec": "mp4a.40.2", "abr": 96, "vcodec": "avc1.42001E", "resolution": "640x360", "format_note": "medium", "format": "18 - 640x360 (medium)", "protocol": "https", "http_headers": {"User-Agent": "Mozilla/5.0 (X11; Linux x86_64; rv:10.0) Gecko/20150101 Firefox/47.0 (Chrome)", "Accept-Charset": "ISO-8859-1,utf-8;q=0.7,*;q=0.7", "Accept": "text/html,application/xhtml+xml,application/xml;q=0.9,*/*;q=0.8", "Accept-Encoding": "gzip, deflate", "Accept-Language": "en-us,en;q=0.5"}}, {"format_id": "22", "url": "https://r1---sn-4g57kn6e.googlevideo.com/videoplayback?dur=295.775&pl=16&itag=22&ip=131.159.40.117&lmt=1472846140393834&ratebypass=yes&ms=au&source=youtube&mv=m&ipbits=0&mm=31&mn=sn-4g57kn6e&mime=video%2Fmp4&initcwndbps=3321250&key=yt6&signature=BF27B908D8A33F8D4D59A37F51E85FA8CBAA1947.7BC9D535685D2D28041E8AE9BE0AB0DB28E13956&id=o-ALed5lOxSnQaMJ4oMwlwaU4Xk1D7UD1UffAJWVxPbVyO&ei=zhSKWa78FIqZcvCpp_gH&expire=1502243118&sparams=dur%2Cei%2Cid%2Cinitcwndbps%2Cip%2Cipbits%2Citag%2Clmt%2Cmime%2Cmm%2Cmn%2Cms%2Cmv%2Cpl%2Cratebypass%2Crequiressl%2Csource%2Cexpire&requiressl=yes&mt=1502221438", "player_url": null, "ext": "mp4", "width": 1280, "height": 720, "acodec": "mp4a.40.2", "abr": 192, "vcodec": "avc1.64001F", "resolution": "1280x720", "format_note": "hd720", "format": "22 - 1280x720 (hd720)", "protocol": "https", "http_headers": {"User-Agent": "Mozilla/5.0 (X11; Linux x86_64; rv:10.0) Gecko/20150101 Firefox/47.0 (Chrome)", "Accept-Charset": "ISO-8859-1,utf-8;q=0.7,*;q=0.7", "Accept": "text/html,application/xhtml+xml,application/xml;q=0.9,*/*;q=0.8", "Accept-Encoding": "gzip, deflate", "Accept-Language": "en-us,en;q=0.5"}}], "is_live": null, "start_time": null, "end_time": null, "series": null, "season_number": null, "episode_number": null, "extractor": "youtube", "webpage_url_basename": "J6JiC28882A", "extractor_key": "Youtube", "playlist": null, "playlist_index": null, "thumbnails": [{"url": "https://i.ytimg.com/vi/J6JiC28882A/maxresdefault.jpg", "id": "0"}], "display_id": "J6JiC28882A", "ext": "mp4", "height": 720, "format_note": "DASH video", "vcodec": "avc1.4d401f", "format_id": "136", "url": "https://r1---sn-4g57kn6e.googlevideo.com/videoplayback?id=27a2620b6f3cf360&itag=136&source=youtube&requiressl=yes&mm=31&ei=zhSKWda7PJeocvGvgcgB&mv=m&mn=sn-4g57kn6e&ms=au&pl=16&initcwndbps=3321250&ratebypass=yes&mime=video/mp4&gir=yes&clen=35968230&lmt=1419184362708002&dur=295.670&signature=53B97A55C8EFE4876941A2C8DF97B06725F6EC56.5F5989D7A403C3B48C5C810E7E9D549A37EA15E3&key=dg_yt0&mt=1502221438&ip=131.159.40.117&ipbits=0&expire=1502243119&sparams=ip,ipbits,expire,id,itag,source,requiressl,mm,ei,mv,mn,ms,pl,initcwndbps,ratebypass,mime,gir,clen,lmt,dur", "manifest_url": "https://manifest.googlevideo.com/api/manifest/dash/expire/1502243119/playback_host/r1---sn-4g57kn6e.googlevideo.com/itag/0/ip/131.159.40.117/as/fmp4_audio_clear%2Cfmp4_sd_hd_clear/hfr/1/ipbits/0/mm/31/sparams/as%2Cei%2Chfr%2Cid%2Cinitcwndbps%2Cip%2Cipbits%2Citag%2Cmm%2Cmn%2Cms%2Cmv%2Cpl%2Cplayback_host%2Crequiressl%2Csource%2Cexpire/ei/zhSKWda7PJeocvGvgcgB/mv/m/mn/sn-4g57kn6e/source/youtube/signature/D0AE69A9D5961A161D38EEDB27635E3DB25D6A31.1A97704D68AAC52280BC9B4824D5590D435B8FD6/ms/au/key/yt6/requiressl/yes/mt/1502221438/pl/16/id/27a2620b6f3cf360/initcwndbps/3321250", "width": 1280, "tbr": 1138.098, "asr": null, "fps": 24, "language": null, "filesize": 35968230, "acodec": "none", "format": "136 - 1280x720 (DASH video)", "protocol": "https", "http_headers": {"User-Agent": "Mozilla/5.0 (X11; Linux x86_64; rv:10.0) Gecko/20150101 Firefox/47.0 (Chrome)", "Accept-Charset": "ISO-8859-1,utf-8;q=0.7,*;q=0.7", "Accept": "text/html,application/xhtml+xml,application/xml;q=0.9,*/*;q=0.8", "Accept-Encoding": "gzip, deflate", "Accept-Language": "en-us,en;q=0.5"}, "fulltitle": "Diamond Face", "_filename": "J6JiC28882A.mp4"}