{"id": "UERuiCqLfII", "uploader": "GMA News", "uploader_id": "gmanews", "uploader_url": "http://www.youtube.com/user/gmanews", "upload_date": "20141219", "license": "Standard YouTube License", "creator": null, "title": "SONA: Ilang dati at kasalukuyang opisyal ng New Bilibid Prison, sinibak sa pwesto", "alt_title": null, "thumbnail": "https://i.ytimg.com/vi/UERuiCqLfII/hqdefault.jpg", "description": "State of the Nation is a nightly newscast anchored by award-winning broadcast journalist, Jessica Soho. It airs Mondays to Fridays at 9:00 PM (PHL Time) on GMA News TV Channel 11. For more videos from State of the Nation, visit http://www.gmanetwork.com/stateofthenation.\n\nGMA News Online: http://www.gmanews.tv\nFacebook: http://www.facebook.com/gmanews\nTwitter: http://www.twitter.com/gmanews", "categories": ["News & Politics"], "tags": ["GMA", "GMA 7", "GMA7", "GMA News", "Network", "gmanews", "philippines", "philippine", "pinoy", "news", "filipino", "abs cbn", "abscbn", "rappler", "tv5", "public affairs", "State of the Nation"], "subtitles": {}, "automatic_captions": {}, "duration": 416, "age_limit": 0, "annotations": null, "chapters": null, "webpage_url": "https://www.youtube.com/watch?v=UERuiCqLfII", "view_count": 4149, "like_count": 6, "dislike_count": 0, "average_rating": 5.0, "formats": [{"ext": "m4a", "format_note": "DASH audio", "acodec": "mp4a.40.5", "abr": 48, "container": "m4a_dash", "format_id": "139", "url": "https://r9---sn-4g57knek.googlevideo.com/videoplayback?id=50446e882a8b7c82&itag=139&source=youtube&requiressl=yes&ei=z5KJWfj1Adu-Vr3_kfAE&ms=au&mv=m&mn=sn-4g57knek&pl=16&initcwndbps=4355000&mm=31&ratebypass=yes&mime=audio/mp4&gir=yes&clen=2511010&lmt=1418997724979844&dur=416.147&signature=180E6B47813082368CD491BC6524B084632B612B.0B3A887D23AD91EC1BE8D634FCC520A6EFA284D4&mt=1502188146&key=dg_yt0&ip=131.159.40.117&ipbits=0&expire=1502209839&sparams=ip,ipbits,expire,id,itag,source,requiressl,ei,ms,mv,mn,pl,initcwndbps,mm,ratebypass,mime,gir,clen,lmt,dur", "manifest_url": "https://manifest.googlevideo.com/api/manifest/dash/expire/1502209839/signature/3331A304BEA9A2005A61193DA0803C5BF56CE478.6B97A784F053D647786062F5D33A2604FF06F737/as/fmp4_audio_clear%2Cfmp4_sd_hd_clear/id/50446e882a8b7c82/ei/z5KJWfj1Adu-Vr3_kfAE/mt/1502188146/ms/au/sparams/as%2Cei%2Chfr%2Cid%2Cinitcwndbps%2Cip%2Cipbits%2Citag%2Cmm%2Cmn%2Cms%2Cmv%2Cpl%2Cplayback_host%2Crequiressl%2Csource%2Cexpire/itag/0/key/yt6/ipbits/0/hfr/1/mv/m/mn/sn-4g57knek/pl/16/source/youtube/playback_host/r9---sn-4g57knek.googlevideo.com/initcwndbps/4355000/ip/131.159.40.117/requiressl/yes/mm/31", "width": null, "height": null, "tbr": 49.425, "asr": 22050, "fps": null, "language": null, "filesize": 2511010, "vcodec": "none", "format": "139 - audio only (DASH audio)", "protocol": "https", "http_headers": {"User-Agent": "Mozilla/5.0 (X11; Linux x86_64; rv:10.0) Gecko/20150101 Firefox/47.0 (Chrome)", "Accept-Charset": "ISO-8859-1,utf-8;q=0.7,*;q=0.7", "Accept": "text/html,application/xhtml+xml,application/xml;q=0.9,*/*;q=0.8", "Accept-Encoding": "gzip, deflate", "Accept-Language": "en-us,en;q=0.5"}}, {"format_id": "249", "url": "https://r9---sn-4g57knek.googlevideo.com/videoplayback?source=youtube&pl=16&ei=zpKJWc3bKIf_VM6bl_AO&itag=249&lmt=1419282970376171&ipbits=0&dur=416.021&expire=1502209838&requiressl=yes&initcwndbps=4355000&mime=audio%2Fwebm&gir=yes&key=yt6&signature=BB384F86A1EE574D13BD71C1A49F5994C0276BF3.CC3EDFD21C357CCA918A706FE217C7A02EEA037F&ip=131.159.40.117&mt=1502188146&sparams=clen%2Cdur%2Cei%2Cgir%2Cid%2Cinitcwndbps%2Cip%2Cipbits%2Citag%2Ckeepalive%2Clmt%2Cmime%2Cmm%2Cmn%2Cms%2Cmv%2Cpl%2Crequiressl%2Csource%2Cexpire&mv=m&ms=au&mm=31&mn=sn-4g57knek&id=o-APf807DPI5yv9Yx48YfgtzI-81eRwiA6Ueda9fSRiuBC&keepalive=yes&clen=2621989&ratebypass=yes", "player_url": null, "ext": "webm", "format_note": "DASH audio", "acodec": "opus", "abr": 50, "filesize": 2621989, "tbr": 52.44, "vcodec": "none", "format": "249 - audio only (DASH audio)", "protocol": "https", "http_headers": {"User-Agent": "Mozilla/5.0 (X11; Linux x86_64; rv:10.0) Gecko/20150101 Firefox/47.0 (Chrome)", "Accept-Charset": "ISO-8859-1,utf-8;q=0.7,*;q=0.7", "Accept": "text/html,application/xhtml+xml,application/xml;q=0.9,*/*;q=0.8", "Accept-Encoding": "gzip, deflate", "Accept-Language": "en-us,en;q=0.5"}}, {"format_id": "250", "url": "https://r9---sn-4g57knek.googlevideo.com/videoplayback?source=youtube&pl=16&ei=zpKJWc3bKIf_VM6bl_AO&itag=250&lmt=1419282918756718&ipbits=0&dur=416.021&expire=1502209838&requiressl=yes&initcwndbps=4355000&mime=audio%2Fwebm&gir=yes&key=yt6&signature=BB6CC6CCE31361905BE2C3C56AC4578B6699EB9A.7D14D7F74AE7F81BA9C7EA2ED798A795490E452D&ip=131.159.40.117&mt=1502188146&sparams=clen%2Cdur%2Cei%2Cgir%2Cid%2Cinitcwndbps%2Cip%2Cipbits%2Citag%2Ckeepalive%2Clmt%2Cmime%2Cmm%2Cmn%2Cms%2Cmv%2Cpl%2Crequiressl%2Csource%2Cexpire&mv=m&ms=au&mm=31&mn=sn-4g57knek&id=o-APf807DPI5yv9Yx48YfgtzI-81eRwiA6Ueda9fSRiuBC&keepalive=yes&clen=3223705&ratebypass=yes", "player_url": null, "ext": "webm", "format_note": "DASH audio", "acodec": "opus", "abr": 70, "filesize": 3223705, "tbr": 68.773, "vcodec": "none", "format": "250 - audio only (DASH audio)", "protocol": "https", "http_headers": {"User-Agent": "Mozilla/5.0 (X11; Linux x86_64; rv:10.0) Gecko/20150101 Firefox/47.0 (Chrome)", "Accept-Charset": "ISO-8859-1,utf-8;q=0.7,*;q=0.7", "Accept": "text/html,application/xhtml+xml,application/xml;q=0.9,*/*;q=0.8", "Accept-Encoding": "gzip, deflate", "Accept-Language": "en-us,en;q=0.5"}}, {"format_id": "171", "url": "https://r9---sn-4g57knek.googlevideo.com/videoplayback?source=youtube&pl=16&ei=zpKJWc3bKIf_VM6bl_AO&itag=171&lmt=1419282924995678&ipbits=0&dur=416.007&expire=1502209838&requiressl=yes&initcwndbps=4355000&mime=audio%2Fwebm&gir=yes&key=yt6&signature=038335752FC45578504B4A967BAFE3DF80A5E579.6ABF6FE3987A5E9CD0BAE4BC7E7A3B625F5F450D&ip=131.159.40.117&mt=1502188146&sparams=clen%2Cdur%2Cei%2Cgir%2Cid%2Cinitcwndbps%2Cip%2Cipbits%2Citag%2Ckeepalive%2Clmt%2Cmime%2Cmm%2Cmn%2Cms%2Cmv%2Cpl%2Crequiressl%2Csource%2Cexpire&mv=m&ms=au&mm=31&mn=sn-4g57knek&id=o-APf807DPI5yv9Yx48YfgtzI-81eRwiA6Ueda9fSRiuBC&keepalive=yes&clen=5847331&ratebypass=yes", "player_url": null, "ext": "webm", "acodec": "vorbis", "format_note": "DASH audio", "abr": 128, "filesize": 5847331, "tbr": 120.159, "vcodec": "none", "format": "171 - audio only (DASH audio)", "protocol": "https", "http_headers": {"User-Agent": "Mozilla/5.0 (X11; Linux x86_64; rv:10.0) Gecko/20150101 Firefox/47.0 (Chrome)", "Accept-Charset": "ISO-8859-1,utf-8;q=0.7,*;q=0.7", "Accept": "text/html,application/xhtml+xml,application/xml;q=0.9,*/*;q=0.8", "Accept-Encoding": "gzip, deflate", "Accept-Language": "en-us,en;q=0.5"}}, {"ext": "m4a", "format_note": "DASH audio", "acodec": "mp4a.40.2", "abr": 128, "container": "m4a_dash", "format_id": "140", "url": "https://r9---sn-4g57knek.googlevideo.com/videoplayback?id=50446e882a8b7c82&itag=140&source=youtube&requiressl=yes&ei=z5KJWfj1Adu-Vr3_kfAE&ms=au&mv=m&mn=sn-4g57knek&pl=16&initcwndbps=4355000&mm=31&ratebypass=yes&mime=audio/mp4&gir=yes&clen=6680332&lmt=1418997720756223&dur=416.077&signature=239F57ACDA1AD15467549B55F8A66008E4D5BB93.829D0070B383A4DF06A7E5BA4C01FFFD2BBBEF57&mt=1502188146&key=dg_yt0&ip=131.159.40.117&ipbits=0&expire=1502209839&sparams=ip,ipbits,expire,id,itag,source,requiressl,ei,ms,mv,mn,pl,initcwndbps,mm,ratebypass,mime,gir,clen,lmt,dur", "manifest_url": "https://manifest.googlevideo.com/api/manifest/dash/expire/1502209839/signature/3331A304BEA9A2005A61193DA0803C5BF56CE478.6B97A784F053D647786062F5D33A2604FF06F737/as/fmp4_audio_clear%2Cfmp4_sd_hd_clear/id/50446e882a8b7c82/ei/z5KJWfj1Adu-Vr3_kfAE/mt/1502188146/ms/au/sparams/as%2Cei%2Chfr%2Cid%2Cinitcwndbps%2Cip%2Cipbits%2Citag%2Cmm%2Cmn%2Cms%2Cmv%2Cpl%2Cplayback_host%2Crequiressl%2Csource%2Cexpire/itag/0/key/yt6/ipbits/0/hfr/1/mv/m/mn/sn-4g57knek/pl/16/source/youtube/playback_host/r9---sn-4g57knek.googlevideo.com/initcwndbps/4355000/ip/131.159.40.117/requiressl/yes/mm/31", "width": null, "height": null, "tbr": 129.577, "asr": 44100, "fps": null, "language": null, "filesize": 6680332, "vcodec": "none", "format": "140 - audio only (DASH audio)", "protocol": "https", "http_headers": {"User-Agent": "Mozilla/5.0 (X11; Linux x86_64; rv:10.0) Gecko/20150101 Firefox/47.0 (Chrome)", "Accept-Charset": "ISO-8859-1,utf-8;q=0.7,*;q=0.7", "Accept": "text/html,application/xhtml+xml,application/xml;q=0.9,*/*;q=0.8", "Accept-Encoding": "gzip, deflate", "Accept-Language": "en-us,en;q=0.5"}}, {"format_id": "251", "url": "https://r9---sn-4g57knek.googlevideo.com/videoplayback?source=youtube&pl=16&ei=zpKJWc3bKIf_VM6bl_AO&itag=251&lmt=1419282920425226&ipbits=0&dur=416.021&expire=1502209838&requiressl=yes&initcwndbps=4355000&mime=audio%2Fwebm&gir=yes&key=yt6&signature=CA9E90CF4A52544A89AAF2F7257B551030BCDBCC.567BF1A163848C1E8D4909C906316B2BBB861A0B&ip=131.159.40.117&mt=1502188146&sparams=clen%2Cdur%2Cei%2Cgir%2Cid%2Cinitcwndbps%2Cip%2Cipbits%2Citag%2Ckeepalive%2Clmt%2Cmime%2Cmm%2Cmn%2Cms%2Cmv%2Cpl%2Crequiressl%2Csource%2Cexpire&mv=m&ms=au&mm=31&mn=sn-4g57knek&id=o-APf807DPI5yv9Yx48YfgtzI-81eRwiA6Ueda9fSRiuBC&keepalive=yes&clen=8744261&ratebypass=yes", "player_url": null, "ext": "webm", "format_note": "DASH audio", "acodec": "opus", "abr": 160, "filesize": 8744261, "tbr": 184.193, "vcodec": "none", "format": "251 - audio only (DASH audio)", "protocol": "https", "http_headers": {"User-Agent": "Mozilla/5.0 (X11; Linux x86_64; rv:10.0) Gecko/20150101 Firefox/47.0 (Chrome)", "Accept-Charset": "ISO-8859-1,utf-8;q=0.7,*;q=0.7", "Accept": "text/html,application/xhtml+xml,application/xml;q=0.9,*/*;q=0.8", "Accept-Encoding": "gzip, deflate", "Accept-Language": "en-us,en;q=0.5"}}, {"ext": "mp4", "height": 144, "format_note": "DASH video", "vcodec": "avc1.42c00c", "format_id": "160", "url": "https://r9---sn-4g57knek.googlevideo.com/videoplayback?id=50446e882a8b7c82&itag=160&source=youtube&requiressl=yes&ei=z5KJWfj1Adu-Vr3_kfAE&ms=au&mv=m&mn=sn-4g57knek&pl=16&initcwndbps=4355000&mm=31&ratebypass=yes&mime=video/mp4&gir=yes&clen=5723978&lmt=1418997723333738&dur=416.080&signature=7E142D23329503AA8AC21D8409304F9F72186D5A.525D87704770FB125BD74517166FA54D30A13115&mt=1502188146&key=dg_yt0&ip=131.159.40.117&ipbits=0&expire=1502209839&sparams=ip,ipbits,expire,id,itag,source,requiressl,ei,ms,mv,mn,pl,initcwndbps,mm,ratebypass,mime,gir,clen,lmt,dur", "manifest_url": "https://manifest.googlevideo.com/api/manifest/dash/expire/1502209839/signature/3331A304BEA9A2005A61193DA0803C5BF56CE478.6B97A784F053D647786062F5D33A2604FF06F737/as/fmp4_audio_clear%2Cfmp4_sd_hd_clear/id/50446e882a8b7c82/ei/z5KJWfj1Adu-Vr3_kfAE/mt/1502188146/ms/au/sparams/as%2Cei%2Chfr%2Cid%2Cinitcwndbps%2Cip%2Cipbits%2Citag%2Cmm%2Cmn%2Cms%2Cmv%2Cpl%2Cplayback_host%2Crequiressl%2Csource%2Cexpire/itag/0/key/yt6/ipbits/0/hfr/1/mv/m/mn/sn-4g57knek/pl/16/source/youtube/playback_host/r9---sn-4g57knek.googlevideo.com/initcwndbps/4355000/ip/131.159.40.117/requiressl/yes/mm/31", "width": 216, "tbr": 112.519, "asr": null, "fps": 13, "language": null, "filesize": 5723978, "acodec": "none", "format": "160 - 216x144 (DASH video)", "protocol": "https", "http_headers": {"User-Agent": "Mozilla/5.0 (X11; Linux x86_64; rv:10.0) Gecko/20150101 Firefox/47.0 (Chrome)", "Accept-Charset": "ISO-8859-1,utf-8;q=0.7,*;q=0.7", "Accept": "text/html,application/xhtml+xml,application/xml;q=0.9,*/*;q=0.8", "Accept-Encoding": "gzip, deflate", "Accept-Language": "en-us,en;q=0.5"}}, {"ext": "mp4", "height": 240, "format_note": "DASH video", "vcodec": "avc1.4d400d", "format_id": "133", "url": "https://r9---sn-4g57knek.googlevideo.com/videoplayback?id=50446e882a8b7c82&itag=133&source=youtube&requiressl=yes&ei=z5KJWfj1Adu-Vr3_kfAE&ms=au&mv=m&mn=sn-4g57knek&pl=16&initcwndbps=4355000&mm=31&ratebypass=yes&mime=video/mp4&gir=yes&clen=12714186&lmt=1418997727313136&dur=416.000&signature=95C06D88BB18DA99790FA73AFDC67D255F3A886F.6E459EB1951EA0616BA681F0A596D3E0E6B6F835&mt=1502188146&key=dg_yt0&ip=131.159.40.117&ipbits=0&expire=1502209839&sparams=ip,ipbits,expire,id,itag,source,requiressl,ei,ms,mv,mn,pl,initcwndbps,mm,ratebypass,mime,gir,clen,lmt,dur", "manifest_url": "https://manifest.googlevideo.com/api/manifest/dash/expire/1502209839/signature/3331A304BEA9A2005A61193DA0803C5BF56CE478.6B97A784F053D647786062F5D33A2604FF06F737/as/fmp4_audio_clear%2Cfmp4_sd_hd_clear/id/50446e882a8b7c82/ei/z5KJWfj1Adu-Vr3_kfAE/mt/1502188146/ms/au/sparams/as%2Cei%2Chfr%2Cid%2Cinitcwndbps%2Cip%2Cipbits%2Citag%2Cmm%2Cmn%2Cms%2Cmv%2Cpl%2Cplayback_host%2Crequiressl%2Csource%2Cexpire/itag/0/key/yt6/ipbits/0/hfr/1/mv/m/mn/sn-4g57knek/pl/16/source/youtube/playback_host/r9---sn-4g57knek.googlevideo.com/initcwndbps/4355000/ip/131.159.40.117/requiressl/yes/mm/31", "width": 360, "tbr": 249.509, "asr": null, "fps": 25, "language": null, "filesize": 12714186, "acodec": "none", "format": "133 - 360x240 (DASH video)", "protocol": "https", "http_headers": {"User-Agent": "Mozilla/5.0 (X11; Linux x86_64; rv:10.0) Gecko/20150101 Firefox/47.0 (Chrome)", "Accept-Charset": "ISO-8859-1,utf-8;q=0.7,*;q=0.7", "Accept": "text/html,application/xhtml+xml,application/xml;q=0.9,*/*;q=0.8", "Accept-Encoding": "gzip, deflate", "Accept-Language": "en-us,en;q=0.5"}}, {"ext": "mp4", "height": 360, "format_note": "DASH video", "vcodec": "avc1.4d4015", "format_id": "134", "url": "https://r9---sn-4g57knek.googlevideo.com/videoplayback?id=50446e882a8b7c82&itag=134&source=youtube&requiressl=yes&ei=z5KJWfj1Adu-Vr3_kfAE&ms=au&mv=m&mn=sn-4g57knek&pl=16&initcwndbps=4355000&mm=31&ratebypass=yes&mime=video/mp4&gir=yes&clen=22853573&lmt=1418997740718436&dur=416.000&signature=72BB09BB79D315C9AE87D4CC0BE0E3F912C61F8A.40F16AB54495640A474C36DC880A451D9104BC40&mt=1502188146&key=dg_yt0&ip=131.159.40.117&ipbits=0&expire=1502209839&sparams=ip,ipbits,expire,id,itag,source,requiressl,ei,ms,mv,mn,pl,initcwndbps,mm,ratebypass,mime,gir,clen,lmt,dur", "manifest_url": "https://manifest.googlevideo.com/api/manifest/dash/expire/1502209839/signature/3331A304BEA9A2005A61193DA0803C5BF56CE478.6B97A784F053D647786062F5D33A2604FF06F737/as/fmp4_audio_clear%2Cfmp4_sd_hd_clear/id/50446e882a8b7c82/ei/z5KJWfj1Adu-Vr3_kfAE/mt/1502188146/ms/au/sparams/as%2Cei%2Chfr%2Cid%2Cinitcwndbps%2Cip%2Cipbits%2Citag%2Cmm%2Cmn%2Cms%2Cmv%2Cpl%2Cplayback_host%2Crequiressl%2Csource%2Cexpire/itag/0/key/yt6/ipbits/0/hfr/1/mv/m/mn/sn-4g57knek/pl/16/source/youtube/playback_host/r9---sn-4g57knek.googlevideo.com/initcwndbps/4355000/ip/131.159.40.117/requiressl/yes/mm/31", "width": 540, "tbr": 615.56, "asr": null, "fps": 25, "language": null, "filesize": 22853573, "acodec": "none", "format": "134 - 540x360 (DASH video)", "protocol": "https", "http_headers": {"User-Agent": "Mozilla/5.0 (X11; Linux x86_64; rv:10.0) Gecko/20150101 Firefox/47.0 (Chrome)", "Accept-Charset": "ISO-8859-1,utf-8;q=0.7,*;q=0.7", "Accept": "text/html,application/xhtml+xml,application/xml;q=0.9,*/*;q=0.8", "Accept-Encoding": "gzip, deflate", "Accept-Language": "en-us,en;q=0.5"}}, {"ext": "mp4", "height": 480, "format_note": "DASH video", "vcodec": "avc1.4d401e", "format_id": "135", "url": "https://r9---sn-4g57knek.googlevideo.com/videoplayback?id=50446e882a8b7c82&itag=135&source=youtube&requiressl=yes&ei=z5KJWfj1Adu-Vr3_kfAE&ms=au&mv=m&mn=sn-4g57knek&pl=16&initcwndbps=4355000&mm=31&ratebypass=yes&mime=video/mp4&gir=yes&clen=45672781&lmt=1418997751315460&dur=416.000&signature=2D5DA73893829FCA0C7589599F3C0598B66F90E9.4421E582AEE263F18CCEA4029B68DB71A19AD958&mt=1502188146&key=dg_yt0&ip=131.159.40.117&ipbits=0&expire=1502209839&sparams=ip,ipbits,expire,id,itag,source,requiressl,ei,ms,mv,mn,pl,initcwndbps,mm,ratebypass,mime,gir,clen,lmt,dur", "manifest_url": "https://manifest.googlevideo.com/api/manifest/dash/expire/1502209839/signature/3331A304BEA9A2005A61193DA0803C5BF56CE478.6B97A784F053D647786062F5D33A2604FF06F737/as/fmp4_audio_clear%2Cfmp4_sd_hd_clear/id/50446e882a8b7c82/ei/z5KJWfj1Adu-Vr3_kfAE/mt/1502188146/ms/au/sparams/as%2Cei%2Chfr%2Cid%2Cinitcwndbps%2Cip%2Cipbits%2Citag%2Cmm%2Cmn%2Cms%2Cmv%2Cpl%2Cplayback_host%2Crequiressl%2Csource%2Cexpire/itag/0/key/yt6/ipbits/0/hfr/1/mv/m/mn/sn-4g57knek/pl/16/source/youtube/playback_host/r9---sn-4g57knek.googlevideo.com/initcwndbps/4355000/ip/131.159.40.117/requiressl/yes/mm/31", "width": 720, "tbr": 1115.254, "asr": null, "fps": 25, "language": null, "filesize": 45672781, "acodec": "none", "format": "135 - 720x480 (DASH video)", "protocol": "https", "http_headers": {"User-Agent": "Mozilla/5.0 (X11; Linux x86_64; rv:10.0) Gecko/20150101 Firefox/47.0 (Chrome)", "Accept-Charset": "ISO-8859-1,utf-8;q=0.7,*;q=0.7", "Accept": "text/html,application/xhtml+xml,application/xml;q=0.9,*/*;q=0.8", "Accept-Encoding": "gzip, deflate", "Accept-Language": "en-us,en;q=0.5"}}, {"format_id": "17", "url": "https://r9---sn-4g57knek.googlevideo.com/videoplayback?source=youtube&pl=16&ei=zpKJWc3bKIf_VM6bl_AO&itag=17&lmt=1418997797311933&ipbits=0&dur=416.194&expire=1502209838&requiressl=yes&initcwndbps=4355000&mime=video%2F3gpp&gir=yes&key=yt6&signature=244146B9C4CE7A776232FDB9BC374074A45BA190.9F3145E11ACEB503043649CA3387728F66C8EC8B&ip=131.159.40.117&mt=1502188146&sparams=clen%2Cdur%2Cei%2Cgir%2Cid%2Cinitcwndbps%2Cip%2Cipbits%2Citag%2Clmt%2Cmime%2Cmm%2Cmn%2Cms%2Cmv%2Cpl%2Crequiressl%2Csource%2Cexpire&mv=m&ms=au&mm=31&mn=sn-4g57knek&id=o-APf807DPI5yv9Yx48YfgtzI-81eRwiA6Ueda9fSRiuBC&clen=4250587&ratebypass=yes", "player_url": null, "ext": "3gp", "width": 176, "height": 144, "acodec": "mp4a.40.2", "abr": 24, "vcodec": "mp4v.20.3", "resolution": "176x144", "format_note": "small", "format": "17 - 176x144 (small)", "protocol": "https", "http_headers": {"User-Agent": "Mozilla/5.0 (X11; Linux x86_64; rv:10.0) Gecko/20150101 Firefox/47.0 (Chrome)", "Accept-Charset": "ISO-8859-1,utf-8;q=0.7,*;q=0.7", "Accept": "text/html,application/xhtml+xml,application/xml;q=0.9,*/*;q=0.8", "Accept-Encoding": "gzip, deflate", "Accept-Language": "en-us,en;q=0.5"}}, {"format_id": "36", "url": "https://r9---sn-4g57knek.googlevideo.com/videoplayback?source=youtube&pl=16&ei=zpKJWc3bKIf_VM6bl_AO&itag=36&lmt=1418997868854655&ipbits=0&dur=416.194&expire=1502209838&requiressl=yes&initcwndbps=4355000&mime=video%2F3gpp&gir=yes&key=yt6&signature=3EAB16DAFE5C3054F7DD685674F4B2221716901F.41072A3C76F8B64B0AFF843344B923492E9A7329&ip=131.159.40.117&mt=1502188146&sparams=clen%2Cdur%2Cei%2Cgir%2Cid%2Cinitcwndbps%2Cip%2Cipbits%2Citag%2Clmt%2Cmime%2Cmm%2Cmn%2Cms%2Cmv%2Cpl%2Crequiressl%2Csource%2Cexpire&mv=m&ms=au&mm=31&mn=sn-4g57knek&id=o-APf807DPI5yv9Yx48YfgtzI-81eRwiA6Ueda9fSRiuBC&clen=11747353&ratebypass=yes", "player_url": null, "ext": "3gp", "width": 320, "acodec": "mp4a.40.2", "vcodec": "mp4v.20.3", "resolution": "320x214", "height": 214, "format_note": "small", "format": "36 - 320x214 (small)", "protocol": "https", "http_headers": {"User-Agent": "Mozilla/5.0 (X11; Linux x86_64; rv:10.0) Gecko/20150101 Firefox/47.0 (Chrome)", "Accept-Charset": "ISO-8859-1,utf-8;q=0.7,*;q=0.7", "Accept": "text/html,application/xhtml+xml,application/xml;q=0.9,*/*;q=0.8", "Accept-Encoding": "gzip, deflate", "Accept-Language": "en-us,en;q=0.5"}}, {"format_id": "18", "url": "https://r9---sn-4g57knek.googlevideo.com/videoplayback?source=youtube&pl=16&ei=zpKJWc3bKIf_VM6bl_AO&itag=18&lmt=1418997597937491&ipbits=0&dur=416.078&expire=1502209838&requiressl=yes&initcwndbps=4355000&mime=video%2Fmp4&gir=yes&key=yt6&ratebypass=yes&signature=BA23315768051C1DF7EC083BC6F514F652A8DB53.024EE6AC0C0AC6C421568DF09BB8F5403737C846&ip=131.159.40.117&mt=1502188146&sparams=clen%2Cdur%2Cei%2Cgir%2Cid%2Cinitcwndbps%2Cip%2Cipbits%2Citag%2Clmt%2Cmime%2Cmm%2Cmn%2Cms%2Cmv%2Cpl%2Cratebypass%2Crequiressl%2Csource%2Cexpire&mv=m&ms=au&mm=31&mn=sn-4g57knek&id=o-APf807DPI5yv9Yx48YfgtzI-81eRwiA6Ueda9fSRiuBC&clen=28757067", "player_url": null, "ext": "mp4", "width": 540, "height": 360, "acodec": "mp4a.40.2", "abr": 96, "vcodec": "avc1.42001E", "resolution": "540x360", "format_note": "medium", "format": "18 - 540x360 (medium)", "protocol": "https", "http_headers": {"User-Agent": "Mozilla/5.0 (X11; Linux x86_64; rv:10.0) Gecko/20150101 Firefox/47.0 (Chrome)", "Accept-Charset": "ISO-8859-1,utf-8;q=0.7,*;q=0.7", "Accept": "text/html,application/xhtml+xml,application/xml;q=0.9,*/*;q=0.8", "Accept-Encoding": "gzip, deflate", "Accept-Language": "en-us,en;q=0.5"}}, {"format_id": "43", "url": "https://r9---sn-4g57knek.googlevideo.com/videoplayback?source=youtube&pl=16&ei=zpKJWc3bKIf_VM6bl_AO&itag=43&lmt=1418998753564999&ipbits=0&dur=0.000&expire=1502209838&requiressl=yes&initcwndbps=4355000&mime=video%2Fwebm&gir=yes&key=yt6&ratebypass=yes&signature=92FE53E068483CF39BEA0462C565E422ADBFC0DC.D2DAEA506F1E4FD2F8E85004356C1B29C4648C63&ip=131.159.40.117&mt=1502188146&sparams=clen%2Cdur%2Cei%2Cgir%2Cid%2Cinitcwndbps%2Cip%2Cipbits%2Citag%2Clmt%2Cmime%2Cmm%2Cmn%2Cms%2Cmv%2Cpl%2Cratebypass%2Crequiressl%2Csource%2Cexpire&mv=m&ms=au&mm=31&mn=sn-4g57knek&id=o-APf807DPI5yv9Yx48YfgtzI-81eRwiA6Ueda9fSRiuBC&clen=43235325", "player_url": null, "ext": "webm", "width": 640, "height": 360, "acodec": "vorbis", "abr": 128, "vcodec": "vp8.0", "resolution": "640x360", "format_note": "medium", "format": "43 - 640x360 (medium)", "protocol": "https", "http_headers": {"User-Agent": "Mozilla/5.0 (X11; Linux x86_64; rv:10.0) Gecko/20150101 Firefox/47.0 (Chrome)", "Accept-Charset": "ISO-8859-1,utf-8;q=0.7,*;q=0.7", "Accept": "text/html,application/xhtml+xml,application/xml;q=0.9,*/*;q=0.8", "Accept-Encoding": "gzip, deflate", "Accept-Language": "en-us,en;q=0.5"}}], "is_live": null, "start_time": null, "end_time": null, "series": null, "season_number": null, "episode_number": null, "extractor": "youtube", "webpage_url_basename": "UERuiCqLfII", "extractor_key": "Youtube", "playlist": null, "playlist_index": null, "thumbnails": [{"url": "https://i.ytimg.com/vi/UERuiCqLfII/hqdefault.jpg", "id": "0"}], "display_id": "UERuiCqLfII", "ext": "mp4", "height": 480, "format_note": "DASH video", "vcodec": "avc1.4d401e", "format_id": "135", "url": "https://r9---sn-4g57knek.googlevideo.com/videoplayback?id=50446e882a8b7c82&itag=135&source=youtube&requiressl=yes&ei=z5KJWfj1Adu-Vr3_kfAE&ms=au&mv=m&mn=sn-4g57knek&pl=16&initcwndbps=4355000&mm=31&ratebypass=yes&mime=video/mp4&gir=yes&clen=45672781&lmt=1418997751315460&dur=416.000&signature=2D5DA73893829FCA0C7589599F3C0598B66F90E9.4421E582AEE263F18CCEA4029B68DB71A19AD958&mt=1502188146&key=dg_yt0&ip=131.159.40.117&ipbits=0&expire=1502209839&sparams=ip,ipbits,expire,id,itag,source,requiressl,ei,ms,mv,mn,pl,initcwndbps,mm,ratebypass,mime,gir,clen,lmt,dur", "manifest_url": "https://manifest.googlevideo.com/api/manifest/dash/expire/1502209839/signature/3331A304BEA9A2005A61193DA0803C5BF56CE478.6B97A784F053D647786062F5D33A2604FF06F737/as/fmp4_audio_clear%2Cfmp4_sd_hd_clear/id/50446e882a8b7c82/ei/z5KJWfj1Adu-Vr3_kfAE/mt/1502188146/ms/au/sparams/as%2Cei%2Chfr%2Cid%2Cinitcwndbps%2Cip%2Cipbits%2Citag%2Cmm%2Cmn%2Cms%2Cmv%2Cpl%2Cplayback_host%2Crequiressl%2Csource%2Cexpire/itag/0/key/yt6/ipbits/0/hfr/1/mv/m/mn/sn-4g57knek/pl/16/source/youtube/playback_host/r9---sn-4g57knek.googlevideo.com/initcwndbps/4355000/ip/131.159.40.117/requiressl/yes/mm/31", "width": 720, "tbr": 1115.254, "asr": null, "fps": 25, "language": null, "filesize": 45672781, "acodec": "none", "format": "135 - 720x480 (DASH video)", "protocol": "https", "http_headers": {"User-Agent": "Mozilla/5.0 (X11; Linux x86_64; rv:10.0) Gecko/20150101 Firefox/47.0 (Chrome)", "Accept-Charset": "ISO-8859-1,utf-8;q=0.7,*;q=0.7", "Accept": "text/html,application/xhtml+xml,application/xml;q=0.9,*/*;q=0.8", "Accept-Encoding": "gzip, deflate", "Accept-Language": "en-us,en;q=0.5"}, "fulltitle": "SONA: Ilang dati at kasalukuyang opisyal ng New Bilibid Prison, sinibak sa pwesto", "_filename": "UERuiCqLfII.mp4"}