{"id": "lRFGkvACXt0", "uploader": "Yasmany", "uploader_id": "Ydelreal", "uploader_url": "http://www.youtube.com/user/Ydelreal", "upload_date": "20131003", "license": "Standard YouTube License", "creator": null, "title": "Mascarilla Casera Reafirmante E Hidratante Para La Piel - Yasmany", "alt_title": null, "thumbnail": "https://i.ytimg.com/vi/lRFGkvACXt0/hqdefault.jpg", "description": "Hoy vamos a preparar una mascarilla casera reafirmante para nuestro rostro. Es muy normal que por cuestionse de la edad nuestra piel se empieza a caer.\n\nTips de belleza caseros!\n------------------------------------------------------------\nVideo nuevo todos los MARTES!\n\nPARA VER MAS TIPS DE BELLEZA Y SALUD,  SUSCRIBETE ES GRATIS! http://bit.ly/1lMsdbY\n\nBLOG: www.yasmany.com\n------------------------------\u00ad---------\u00ad\u00ad\u00ad\u00ad\u00ad\u00ad\u00ad\u00ad\u00ad\u00ad-\u00ad\u00ad\u00ad\u00ad\u00ad\u00ad\u00ad\u00ad------------\u00ad---------\u00ad-\u00ad-\nFACEBOOK: http://facebook.com/holayasmany\nTWITTER: https://twitter.com/holayasmany\nINSTAGRAM: https://instagram.com/holayasmany\nMandame tu video-saludos holayasmany@gmail.com\n------------------------------\u00ad---------\u00ad\u00ad\u00ad\u00ad\u00ad\u00ad\u00ad\u00ad\u00ad\u00ad-\u00ad\u00ad\u00ad\u00ad\u00ad\u00ad\u00ad\u00ad------------\u00ad---------\u00ad-\u00ad-\nMAS TIPS PARA LA PIEL: http://bit.ly/1vYgXwl\nMAS TIPS PARA EL PELO: http://bit.ly/1wbTLYN\n------------------------------\u00ad---------\u00ad\u00ad\u00ad\u00ad\u00ad\u00ad\u00ad\u00ad\u00ad\u00ad-\u00ad\u00ad\u00ad\u00ad\u00ad\u00ad\u00ad\u00ad------------\u00ad---------\u00ad-\u00ad-\nAudio file(s) provided by http://www.audiomicro.com", "categories": ["Howto & Style"], "tags": ["mascarilla hidratante", "yasmany del real", "consejos para la cara", "mascarilla facial", "mascarilla", "belleza", "mascarilla reafirmante", "tips para cutis perfecto", "mascarillas naturales", "mascarilla casera", "mascarilla natural", "yasmani", "yasmany", "tips de belleza", "tips para la cara", "tips de belleza caseros", "cara", "consejos de belleza caseros", "consejos para la piel", "piel", "consejos de belleza", "cutis", "remedios caseros", "tips para la piel", "tips para el cutis", "facial", "consejos para un cutis perfecto"], "subtitles": {}, "automatic_captions": {}, "duration": 219, "age_limit": 0, "annotations": null, "chapters": null, "webpage_url": "https://www.youtube.com/watch?v=lRFGkvACXt0", "view_count": 20623, "like_count": 525, "dislike_count": 3, "average_rating": 4.97727251053, "formats": [{"ext": "m4a", "format_note": "DASH audio", "acodec": "mp4a.40.5", "abr": 48, "container": "m4a_dash", "format_id": "139", "url": "https://r3---sn-xjpm-q0ns.googlevideo.com/videoplayback?id=95114692f0025edd&itag=139&source=youtube&requiressl=yes&mm=31&ei=UkeKWee9Hte9Vti2opgK&ms=au&mn=sn-xjpm-q0ns&mv=u&pl=16&ratebypass=yes&mime=audio/mp4&gir=yes&clen=1320692&lmt=1410571240933623&dur=218.824&key=dg_yt0&signature=45C34B371AE5EE76DD457569E5289B6D93F39EBD.06129B6D56CE449528A90F8943C462612BCCEA01&mt=1502233965&ip=131.159.40.117&ipbits=0&expire=1502256050&sparams=ip,ipbits,expire,id,itag,source,requiressl,mm,ei,ms,mn,mv,pl,ratebypass,mime,gir,clen,lmt,dur", "manifest_url": "https://manifest.googlevideo.com/api/manifest/dash/ipbits/0/ip/131.159.40.117/key/yt6/sparams/as%2Cei%2Chfr%2Cid%2Cip%2Cipbits%2Citag%2Cmm%2Cmn%2Cms%2Cmv%2Cpl%2Cplayback_host%2Crequiressl%2Csource%2Cexpire/signature/4C11F73AD7D989D547948CD238B6DC951E4D969E.CC58DDD9B56489E2D16B4716C8922332EAEE5B8E/playback_host/r3---sn-xjpm-q0ns.googlevideo.com/hfr/1/mm/31/itag/0/id/95114692f0025edd/ei/UkeKWee9Hte9Vti2opgK/ms/au/mt/1502233965/mn/sn-xjpm-q0ns/mv/u/pl/16/expire/1502256050/source/youtube/requiressl/yes/as/fmp4_audio_clear%2Cfmp4_sd_hd_clear", "width": null, "height": null, "tbr": 49.264, "asr": 22050, "fps": null, "language": null, "filesize": 1320692, "vcodec": "none", "format": "139 - audio only (DASH audio)", "protocol": "https", "http_headers": {"User-Agent": "Mozilla/5.0 (X11; Linux x86_64; rv:10.0) Gecko/20150101 Firefox/47.0 (Chrome)", "Accept-Charset": "ISO-8859-1,utf-8;q=0.7,*;q=0.7", "Accept": "text/html,application/xhtml+xml,application/xml;q=0.9,*/*;q=0.8", "Accept-Encoding": "gzip, deflate", "Accept-Language": "en-us,en;q=0.5"}}, {"format_id": "249", "url": "https://r3---sn-xjpm-q0ns.googlevideo.com/videoplayback?signature=8AC74E7BD6A40B2C726D9155AD689E560F40173D.1150BC6E398482CC97109A330641A450664A25A7&mn=sn-xjpm-q0ns&requiressl=yes&mv=u&mime=audio%2Fwebm&id=o-AEOqIFGLXQME9n71L-4qE8V9u9PLYTSdV3ynyQT9kZtn&expire=1502256050&mm=31&ms=au&ei=UUeKWaOFOI-6VNmumVA&pl=16&clen=1368623&mt=1502233965&itag=249&sparams=clen%2Cdur%2Cei%2Cgir%2Cid%2Cip%2Cipbits%2Citag%2Ckeepalive%2Clmt%2Cmime%2Cmm%2Cmn%2Cms%2Cmv%2Cpl%2Crequiressl%2Csource%2Cexpire&gir=yes&source=youtube&keepalive=yes&ip=131.159.40.117&ipbits=0&dur=218.681&key=yt6&lmt=1410595482805035&ratebypass=yes", "player_url": null, "ext": "webm", "format_note": "DASH audio", "acodec": "opus", "abr": 50, "filesize": 1368623, "tbr": 52.131, "fps": 1, "vcodec": "none", "format": "249 - audio only (DASH audio)", "protocol": "https", "http_headers": {"User-Agent": "Mozilla/5.0 (X11; Linux x86_64; rv:10.0) Gecko/20150101 Firefox/47.0 (Chrome)", "Accept-Charset": "ISO-8859-1,utf-8;q=0.7,*;q=0.7", "Accept": "text/html,application/xhtml+xml,application/xml;q=0.9,*/*;q=0.8", "Accept-Encoding": "gzip, deflate", "Accept-Language": "en-us,en;q=0.5"}}, {"format_id": "250", "url": "https://r3---sn-xjpm-q0ns.googlevideo.com/videoplayback?signature=910491AB9DC9BADB8ECCFCB91E84D106F71C582F.B607E34ABA3EA59C2BAD2021C6F639D027DB50AD&mn=sn-xjpm-q0ns&requiressl=yes&mv=u&mime=audio%2Fwebm&id=o-AEOqIFGLXQME9n71L-4qE8V9u9PLYTSdV3ynyQT9kZtn&expire=1502256050&mm=31&ms=au&ei=UUeKWaOFOI-6VNmumVA&pl=16&clen=1794433&mt=1502233965&itag=250&sparams=clen%2Cdur%2Cei%2Cgir%2Cid%2Cip%2Cipbits%2Citag%2Ckeepalive%2Clmt%2Cmime%2Cmm%2Cmn%2Cms%2Cmv%2Cpl%2Crequiressl%2Csource%2Cexpire&gir=yes&source=youtube&keepalive=yes&ip=131.159.40.117&ipbits=0&dur=218.681&key=yt6&lmt=1410595479542285&ratebypass=yes", "player_url": null, "ext": "webm", "format_note": "DASH audio", "acodec": "opus", "abr": 70, "filesize": 1794433, "tbr": 73.41, "fps": 1, "vcodec": "none", "format": "250 - audio only (DASH audio)", "protocol": "https", "http_headers": {"User-Agent": "Mozilla/5.0 (X11; Linux x86_64; rv:10.0) Gecko/20150101 Firefox/47.0 (Chrome)", "Accept-Charset": "ISO-8859-1,utf-8;q=0.7,*;q=0.7", "Accept": "text/html,application/xhtml+xml,application/xml;q=0.9,*/*;q=0.8", "Accept-Encoding": "gzip, deflate", "Accept-Language": "en-us,en;q=0.5"}}, {"format_id": "171", "url": "https://r3---sn-xjpm-q0ns.googlevideo.com/videoplayback?signature=8DC3EC5F001253DDCEEDF8547FBE6AA7A88D2CCF.70FCADF4DFBE0814DB408FB90327B6E3DC1ECB39&mn=sn-xjpm-q0ns&requiressl=yes&mv=u&mime=audio%2Fwebm&id=o-AEOqIFGLXQME9n71L-4qE8V9u9PLYTSdV3ynyQT9kZtn&expire=1502256050&mm=31&ms=au&ei=UUeKWaOFOI-6VNmumVA&pl=16&clen=3072899&mt=1502233965&itag=171&sparams=clen%2Cdur%2Cei%2Cgir%2Cid%2Cip%2Cipbits%2Citag%2Ckeepalive%2Clmt%2Cmime%2Cmm%2Cmn%2Cms%2Cmv%2Cpl%2Crequiressl%2Csource%2Cexpire&gir=yes&source=youtube&keepalive=yes&ip=131.159.40.117&ipbits=0&dur=218.670&key=yt6&lmt=1410595475673053&ratebypass=yes", "player_url": null, "ext": "webm", "acodec": "vorbis", "format_note": "DASH audio", "abr": 128, "filesize": 3072899, "tbr": 116.187, "fps": 1, "vcodec": "none", "format": "171 - audio only (DASH audio)", "protocol": "https", "http_headers": {"User-Agent": "Mozilla/5.0 (X11; Linux x86_64; rv:10.0) Gecko/20150101 Firefox/47.0 (Chrome)", "Accept-Charset": "ISO-8859-1,utf-8;q=0.7,*;q=0.7", "Accept": "text/html,application/xhtml+xml,application/xml;q=0.9,*/*;q=0.8", "Accept-Encoding": "gzip, deflate", "Accept-Language": "en-us,en;q=0.5"}}, {"ext": "m4a", "format_note": "DASH audio", "acodec": "mp4a.40.2", "abr": 128, "container": "m4a_dash", "format_id": "140", "url": "https://r3---sn-xjpm-q0ns.googlevideo.com/videoplayback?id=95114692f0025edd&itag=140&source=youtube&requiressl=yes&mm=31&ei=UkeKWee9Hte9Vti2opgK&ms=au&mn=sn-xjpm-q0ns&mv=u&pl=16&ratebypass=yes&mime=audio/mp4&gir=yes&clen=3512361&lmt=1410571240510114&dur=218.731&key=dg_yt0&signature=09511858237467B063929A5DF74E1E77CCD75BFA.70681374DEADA20D7580C768D982B092B1B43C8A&mt=1502233965&ip=131.159.40.117&ipbits=0&expire=1502256050&sparams=ip,ipbits,expire,id,itag,source,requiressl,mm,ei,ms,mn,mv,pl,ratebypass,mime,gir,clen,lmt,dur", "manifest_url": "https://manifest.googlevideo.com/api/manifest/dash/ipbits/0/ip/131.159.40.117/key/yt6/sparams/as%2Cei%2Chfr%2Cid%2Cip%2Cipbits%2Citag%2Cmm%2Cmn%2Cms%2Cmv%2Cpl%2Cplayback_host%2Crequiressl%2Csource%2Cexpire/signature/4C11F73AD7D989D547948CD238B6DC951E4D969E.CC58DDD9B56489E2D16B4716C8922332EAEE5B8E/playback_host/r3---sn-xjpm-q0ns.googlevideo.com/hfr/1/mm/31/itag/0/id/95114692f0025edd/ei/UkeKWee9Hte9Vti2opgK/ms/au/mt/1502233965/mn/sn-xjpm-q0ns/mv/u/pl/16/expire/1502256050/source/youtube/requiressl/yes/as/fmp4_audio_clear%2Cfmp4_sd_hd_clear", "width": null, "height": null, "tbr": 129.545, "asr": 44100, "fps": null, "language": null, "filesize": 3512361, "vcodec": "none", "format": "140 - audio only (DASH audio)", "protocol": "https", "http_headers": {"User-Agent": "Mozilla/5.0 (X11; Linux x86_64; rv:10.0) Gecko/20150101 Firefox/47.0 (Chrome)", "Accept-Charset": "ISO-8859-1,utf-8;q=0.7,*;q=0.7", "Accept": "text/html,application/xhtml+xml,application/xml;q=0.9,*/*;q=0.8", "Accept-Encoding": "gzip, deflate", "Accept-Language": "en-us,en;q=0.5"}}, {"format_id": "251", "url": "https://r3---sn-xjpm-q0ns.googlevideo.com/videoplayback?signature=80D6B03BB283B5E99983170F4124166E069058D7.6D1969353EB85E5B1F933855BD49684155F9D852&mn=sn-xjpm-q0ns&requiressl=yes&mv=u&mime=audio%2Fwebm&id=o-AEOqIFGLXQME9n71L-4qE8V9u9PLYTSdV3ynyQT9kZtn&expire=1502256050&mm=31&ms=au&ei=UUeKWaOFOI-6VNmumVA&pl=16&clen=4515701&mt=1502233965&itag=251&sparams=clen%2Cdur%2Cei%2Cgir%2Cid%2Cip%2Cipbits%2Citag%2Ckeepalive%2Clmt%2Cmime%2Cmm%2Cmn%2Cms%2Cmv%2Cpl%2Crequiressl%2Csource%2Cexpire&gir=yes&source=youtube&keepalive=yes&ip=131.159.40.117&ipbits=0&dur=218.681&key=yt6&lmt=1410595481705531&ratebypass=yes", "player_url": null, "ext": "webm", "format_note": "DASH audio", "acodec": "opus", "abr": 160, "filesize": 4515701, "tbr": 184.671, "fps": 1, "vcodec": "none", "format": "251 - audio only (DASH audio)", "protocol": "https", "http_headers": {"User-Agent": "Mozilla/5.0 (X11; Linux x86_64; rv:10.0) Gecko/20150101 Firefox/47.0 (Chrome)", "Accept-Charset": "ISO-8859-1,utf-8;q=0.7,*;q=0.7", "Accept": "text/html,application/xhtml+xml,application/xml;q=0.9,*/*;q=0.8", "Accept-Encoding": "gzip, deflate", "Accept-Language": "en-us,en;q=0.5"}}, {"ext": "mp4", "height": 144, "format_note": "DASH video", "vcodec": "avc1.4d400c", "format_id": "160", "url": "https://r3---sn-xjpm-q0ns.googlevideo.com/videoplayback?id=95114692f0025edd&itag=160&source=youtube&requiressl=yes&mm=31&ei=UkeKWee9Hte9Vti2opgK&ms=au&mn=sn-xjpm-q0ns&mv=u&pl=16&ratebypass=yes&mime=video/mp4&gir=yes&clen=2875393&lmt=1410571242811328&dur=218.685&key=dg_yt0&signature=326FA7593AF2776F4F8252E421856FF8ADFCC337.967E27D26D23687161D6F75283C327E16E8E5106&mt=1502233965&ip=131.159.40.117&ipbits=0&expire=1502256050&sparams=ip,ipbits,expire,id,itag,source,requiressl,mm,ei,ms,mn,mv,pl,ratebypass,mime,gir,clen,lmt,dur", "manifest_url": "https://manifest.googlevideo.com/api/manifest/dash/ipbits/0/ip/131.159.40.117/key/yt6/sparams/as%2Cei%2Chfr%2Cid%2Cip%2Cipbits%2Citag%2Cmm%2Cmn%2Cms%2Cmv%2Cpl%2Cplayback_host%2Crequiressl%2Csource%2Cexpire/signature/4C11F73AD7D989D547948CD238B6DC951E4D969E.CC58DDD9B56489E2D16B4716C8922332EAEE5B8E/playback_host/r3---sn-xjpm-q0ns.googlevideo.com/hfr/1/mm/31/itag/0/id/95114692f0025edd/ei/UkeKWee9Hte9Vti2opgK/ms/au/mt/1502233965/mn/sn-xjpm-q0ns/mv/u/pl/16/expire/1502256050/source/youtube/requiressl/yes/as/fmp4_audio_clear%2Cfmp4_sd_hd_clear", "width": 256, "tbr": 112.829, "asr": null, "fps": 15, "language": null, "filesize": 2875393, "acodec": "none", "format": "160 - 256x144 (DASH video)", "protocol": "https", "http_headers": {"User-Agent": "Mozilla/5.0 (X11; Linux x86_64; rv:10.0) Gecko/20150101 Firefox/47.0 (Chrome)", "Accept-Charset": "ISO-8859-1,utf-8;q=0.7,*;q=0.7", "Accept": "text/html,application/xhtml+xml,application/xml;q=0.9,*/*;q=0.8", "Accept-Encoding": "gzip, deflate", "Accept-Language": "en-us,en;q=0.5"}}, {"ext": "mp4", "height": 240, "format_note": "DASH video", "vcodec": "avc1.4d4015", "format_id": "133", "url": "https://r3---sn-xjpm-q0ns.googlevideo.com/videoplayback?id=95114692f0025edd&itag=133&source=youtube&requiressl=yes&mm=31&ei=UkeKWee9Hte9Vti2opgK&ms=au&mn=sn-xjpm-q0ns&mv=u&pl=16&ratebypass=yes&mime=video/mp4&gir=yes&clen=6695636&lmt=1410571245010506&dur=218.651&key=dg_yt0&signature=5F2B68C91EAA1B258D3D738DBB06B79C9E7CE8C6.2A422CDDF479181600F51A975C5C6033929F3017&mt=1502233965&ip=131.159.40.117&ipbits=0&expire=1502256050&sparams=ip,ipbits,expire,id,itag,source,requiressl,mm,ei,ms,mn,mv,pl,ratebypass,mime,gir,clen,lmt,dur", "manifest_url": "https://manifest.googlevideo.com/api/manifest/dash/ipbits/0/ip/131.159.40.117/key/yt6/sparams/as%2Cei%2Chfr%2Cid%2Cip%2Cipbits%2Citag%2Cmm%2Cmn%2Cms%2Cmv%2Cpl%2Cplayback_host%2Crequiressl%2Csource%2Cexpire/signature/4C11F73AD7D989D547948CD238B6DC951E4D969E.CC58DDD9B56489E2D16B4716C8922332EAEE5B8E/playback_host/r3---sn-xjpm-q0ns.googlevideo.com/hfr/1/mm/31/itag/0/id/95114692f0025edd/ei/UkeKWee9Hte9Vti2opgK/ms/au/mt/1502233965/mn/sn-xjpm-q0ns/mv/u/pl/16/expire/1502256050/source/youtube/requiressl/yes/as/fmp4_audio_clear%2Cfmp4_sd_hd_clear", "width": 426, "tbr": 265.731, "asr": null, "fps": 30, "language": null, "filesize": 6695636, "acodec": "none", "format": "133 - 426x240 (DASH video)", "protocol": "https", "http_headers": {"User-Agent": "Mozilla/5.0 (X11; Linux x86_64; rv:10.0) Gecko/20150101 Firefox/47.0 (Chrome)", "Accept-Charset": "ISO-8859-1,utf-8;q=0.7,*;q=0.7", "Accept": "text/html,application/xhtml+xml,application/xml;q=0.9,*/*;q=0.8", "Accept-Encoding": "gzip, deflate", "Accept-Language": "en-us,en;q=0.5"}}, {"ext": "mp4", "height": 360, "format_note": "DASH video", "vcodec": "avc1.4d401e", "format_id": "134", "url": "https://r3---sn-xjpm-q0ns.googlevideo.com/videoplayback?id=95114692f0025edd&itag=134&source=youtube&requiressl=yes&mm=31&ei=UkeKWee9Hte9Vti2opgK&ms=au&mn=sn-xjpm-q0ns&mv=u&pl=16&ratebypass=yes&mime=video/mp4&gir=yes&clen=6572489&lmt=1410571246813878&dur=218.651&key=dg_yt0&signature=91DDEC65F417253836FB75EDF177E672DEE7A0E7.055F5CEC52E1C6D47B8D2A16CBFA3534F8658991&mt=1502233965&ip=131.159.40.117&ipbits=0&expire=1502256050&sparams=ip,ipbits,expire,id,itag,source,requiressl,mm,ei,ms,mn,mv,pl,ratebypass,mime,gir,clen,lmt,dur", "manifest_url": "https://manifest.googlevideo.com/api/manifest/dash/ipbits/0/ip/131.159.40.117/key/yt6/sparams/as%2Cei%2Chfr%2Cid%2Cip%2Cipbits%2Citag%2Cmm%2Cmn%2Cms%2Cmv%2Cpl%2Cplayback_host%2Crequiressl%2Csource%2Cexpire/signature/4C11F73AD7D989D547948CD238B6DC951E4D969E.CC58DDD9B56489E2D16B4716C8922332EAEE5B8E/playback_host/r3---sn-xjpm-q0ns.googlevideo.com/hfr/1/mm/31/itag/0/id/95114692f0025edd/ei/UkeKWee9Hte9Vti2opgK/ms/au/mt/1502233965/mn/sn-xjpm-q0ns/mv/u/pl/16/expire/1502256050/source/youtube/requiressl/yes/as/fmp4_audio_clear%2Cfmp4_sd_hd_clear", "width": 640, "tbr": 321.731, "asr": null, "fps": 30, "language": null, "filesize": 6572489, "acodec": "none", "format": "134 - 640x360 (DASH video)", "protocol": "https", "http_headers": {"User-Agent": "Mozilla/5.0 (X11; Linux x86_64; rv:10.0) Gecko/20150101 Firefox/47.0 (Chrome)", "Accept-Charset": "ISO-8859-1,utf-8;q=0.7,*;q=0.7", "Accept": "text/html,application/xhtml+xml,application/xml;q=0.9,*/*;q=0.8", "Accept-Encoding": "gzip, deflate", "Accept-Language": "en-us,en;q=0.5"}}, {"ext": "mp4", "height": 480, "format_note": "DASH video", "vcodec": "avc1.4d401f", "format_id": "135", "url": "https://r3---sn-xjpm-q0ns.googlevideo.com/videoplayback?id=95114692f0025edd&itag=135&source=youtube&requiressl=yes&mm=31&ei=UkeKWee9Hte9Vti2opgK&ms=au&mn=sn-xjpm-q0ns&mv=u&pl=16&ratebypass=yes&mime=video/mp4&gir=yes&clen=13626987&lmt=1410571255520403&dur=218.651&key=dg_yt0&signature=5AFA288B136C209999AE87AD4D86E7A6C25161EA.2E4F80785682796239B3A7F942D507200DD67C0F&mt=1502233965&ip=131.159.40.117&ipbits=0&expire=1502256050&sparams=ip,ipbits,expire,id,itag,source,requiressl,mm,ei,ms,mn,mv,pl,ratebypass,mime,gir,clen,lmt,dur", "manifest_url": "https://manifest.googlevideo.com/api/manifest/dash/ipbits/0/ip/131.159.40.117/key/yt6/sparams/as%2Cei%2Chfr%2Cid%2Cip%2Cipbits%2Citag%2Cmm%2Cmn%2Cms%2Cmv%2Cpl%2Cplayback_host%2Crequiressl%2Csource%2Cexpire/signature/4C11F73AD7D989D547948CD238B6DC951E4D969E.CC58DDD9B56489E2D16B4716C8922332EAEE5B8E/playback_host/r3---sn-xjpm-q0ns.googlevideo.com/hfr/1/mm/31/itag/0/id/95114692f0025edd/ei/UkeKWee9Hte9Vti2opgK/ms/au/mt/1502233965/mn/sn-xjpm-q0ns/mv/u/pl/16/expire/1502256050/source/youtube/requiressl/yes/as/fmp4_audio_clear%2Cfmp4_sd_hd_clear", "width": 854, "tbr": 619.713, "asr": null, "fps": 30, "language": null, "filesize": 13626987, "acodec": "none", "format": "135 - 854x480 (DASH video)", "protocol": "https", "http_headers": {"User-Agent": "Mozilla/5.0 (X11; Linux x86_64; rv:10.0) Gecko/20150101 Firefox/47.0 (Chrome)", "Accept-Charset": "ISO-8859-1,utf-8;q=0.7,*;q=0.7", "Accept": "text/html,application/xhtml+xml,application/xml;q=0.9,*/*;q=0.8", "Accept-Encoding": "gzip, deflate", "Accept-Language": "en-us,en;q=0.5"}}, {"ext": "mp4", "height": 720, "format_note": "DASH video", "vcodec": "avc1.4d401f", "format_id": "136", "url": "https://r3---sn-xjpm-q0ns.googlevideo.com/videoplayback?id=95114692f0025edd&itag=136&source=youtube&requiressl=yes&mm=31&ei=UkeKWee9Hte9Vti2opgK&ms=au&mn=sn-xjpm-q0ns&mv=u&pl=16&ratebypass=yes&mime=video/mp4&gir=yes&clen=32482434&lmt=1410571267244988&dur=218.651&key=dg_yt0&signature=2D7BCF8AF2CC001CED876EC1F83BC2723B9614B0.5B7B94CF90B81C86A2A768F075034D09413292CE&mt=1502233965&ip=131.159.40.117&ipbits=0&expire=1502256050&sparams=ip,ipbits,expire,id,itag,source,requiressl,mm,ei,ms,mn,mv,pl,ratebypass,mime,gir,clen,lmt,dur", "manifest_url": "https://manifest.googlevideo.com/api/manifest/dash/ipbits/0/ip/131.159.40.117/key/yt6/sparams/as%2Cei%2Chfr%2Cid%2Cip%2Cipbits%2Citag%2Cmm%2Cmn%2Cms%2Cmv%2Cpl%2Cplayback_host%2Crequiressl%2Csource%2Cexpire/signature/4C11F73AD7D989D547948CD238B6DC951E4D969E.CC58DDD9B56489E2D16B4716C8922332EAEE5B8E/playback_host/r3---sn-xjpm-q0ns.googlevideo.com/hfr/1/mm/31/itag/0/id/95114692f0025edd/ei/UkeKWee9Hte9Vti2opgK/ms/au/mt/1502233965/mn/sn-xjpm-q0ns/mv/u/pl/16/expire/1502256050/source/youtube/requiressl/yes/as/fmp4_audio_clear%2Cfmp4_sd_hd_clear", "width": 1280, "tbr": 1454.014, "asr": null, "fps": 30, "language": null, "filesize": 32482434, "acodec": "none", "format": "136 - 1280x720 (DASH video)", "protocol": "https", "http_headers": {"User-Agent": "Mozilla/5.0 (X11; Linux x86_64; rv:10.0) Gecko/20150101 Firefox/47.0 (Chrome)", "Accept-Charset": "ISO-8859-1,utf-8;q=0.7,*;q=0.7", "Accept": "text/html,application/xhtml+xml,application/xml;q=0.9,*/*;q=0.8", "Accept-Encoding": "gzip, deflate", "Accept-Language": "en-us,en;q=0.5"}}, {"format_id": "17", "url": "https://r3---sn-xjpm-q0ns.googlevideo.com/videoplayback?sparams=clen%2Cdur%2Cei%2Cgir%2Cid%2Cip%2Cipbits%2Citag%2Clmt%2Cmime%2Cmm%2Cmn%2Cms%2Cmv%2Cpl%2Crequiressl%2Csource%2Cexpire&signature=4B6750C9949E765C3B387E3B092D744DB9EB6531.4D6341FD35A8262327AC41482849715F747914CA&gir=yes&requiressl=yes&mv=u&source=youtube&mime=video%2F3gpp&id=o-AEOqIFGLXQME9n71L-4qE8V9u9PLYTSdV3ynyQT9kZtn&mn=sn-xjpm-q0ns&ipbits=0&expire=1502256050&mm=31&ms=au&ei=UUeKWaOFOI-6VNmumVA&ip=131.159.40.117&pl=16&clen=2253697&mt=1502233965&dur=219.057&key=yt6&lmt=1380986070475939&itag=17&ratebypass=yes", "player_url": null, "ext": "3gp", "width": 176, "height": 144, "acodec": "mp4a.40.2", "abr": 24, "vcodec": "mp4v.20.3", "resolution": "176x144", "format_note": "small", "format": "17 - 176x144 (small)", "protocol": "https", "http_headers": {"User-Agent": "Mozilla/5.0 (X11; Linux x86_64; rv:10.0) Gecko/20150101 Firefox/47.0 (Chrome)", "Accept-Charset": "ISO-8859-1,utf-8;q=0.7,*;q=0.7", "Accept": "text/html,application/xhtml+xml,application/xml;q=0.9,*/*;q=0.8", "Accept-Encoding": "gzip, deflate", "Accept-Language": "en-us,en;q=0.5"}}, {"format_id": "36", "url": "https://r3---sn-xjpm-q0ns.googlevideo.com/videoplayback?sparams=clen%2Cdur%2Cei%2Cgir%2Cid%2Cip%2Cipbits%2Citag%2Clmt%2Cmime%2Cmm%2Cmn%2Cms%2Cmv%2Cpl%2Crequiressl%2Csource%2Cexpire&signature=CC8AFFB365EA8208A6626BC6D82FA79EC40AC30C.52FBEE88D109C8379A998EB336460E20D464A2EE&gir=yes&requiressl=yes&mv=u&source=youtube&mime=video%2F3gpp&id=o-AEOqIFGLXQME9n71L-4qE8V9u9PLYTSdV3ynyQT9kZtn&mn=sn-xjpm-q0ns&ipbits=0&expire=1502256050&mm=31&ms=au&ei=UUeKWaOFOI-6VNmumVA&ip=131.159.40.117&pl=16&clen=6196481&mt=1502233965&dur=218.918&key=yt6&lmt=1380986092408149&itag=36&ratebypass=yes", "player_url": null, "ext": "3gp", "width": 320, "acodec": "mp4a.40.2", "vcodec": "mp4v.20.3", "resolution": "320x180", "height": 180, "format_note": "small", "format": "36 - 320x180 (small)", "protocol": "https", "http_headers": {"User-Agent": "Mozilla/5.0 (X11; Linux x86_64; rv:10.0) Gecko/20150101 Firefox/47.0 (Chrome)", "Accept-Charset": "ISO-8859-1,utf-8;q=0.7,*;q=0.7", "Accept": "text/html,application/xhtml+xml,application/xml;q=0.9,*/*;q=0.8", "Accept-Encoding": "gzip, deflate", "Accept-Language": "en-us,en;q=0.5"}}, {"format_id": "43", "url": "https://r3---sn-xjpm-q0ns.googlevideo.com/videoplayback?signature=47F61FFDD660F91B426DA304E2F2DF0CD77C48B7.2E6612CC4E26DE52996170F3C156283C029B02FC&mn=sn-xjpm-q0ns&requiressl=yes&mv=u&mime=video%2Fwebm&id=o-AEOqIFGLXQME9n71L-4qE8V9u9PLYTSdV3ynyQT9kZtn&expire=1502256050&mm=31&ms=au&ei=UUeKWaOFOI-6VNmumVA&pl=16&clen=18251456&mt=1502233965&itag=43&sparams=clen%2Cdur%2Cei%2Cgir%2Cid%2Cip%2Cipbits%2Citag%2Clmt%2Cmime%2Cmm%2Cmn%2Cms%2Cmv%2Cpl%2Cratebypass%2Crequiressl%2Csource%2Cexpire&gir=yes&ratebypass=yes&source=youtube&ip=131.159.40.117&ipbits=0&dur=0.000&key=yt6&lmt=1380772447855180", "player_url": null, "ext": "webm", "width": 640, "height": 360, "acodec": "vorbis", "abr": 128, "vcodec": "vp8.0", "resolution": "640x360", "format_note": "medium", "format": "43 - 640x360 (medium)", "protocol": "https", "http_headers": {"User-Agent": "Mozilla/5.0 (X11; Linux x86_64; rv:10.0) Gecko/20150101 Firefox/47.0 (Chrome)", "Accept-Charset": "ISO-8859-1,utf-8;q=0.7,*;q=0.7", "Accept": "text/html,application/xhtml+xml,application/xml;q=0.9,*/*;q=0.8", "Accept-Encoding": "gzip, deflate", "Accept-Language": "en-us,en;q=0.5"}}, {"format_id": "18", "url": "https://r3---sn-xjpm-q0ns.googlevideo.com/videoplayback?signature=26CED956718DD545D858EECD4B5EA12E10AAE987.2D95C633F11C50B521A0E1D08D5C9F0A4EC3640A&mn=sn-xjpm-q0ns&requiressl=yes&mv=u&mime=video%2Fmp4&id=o-AEOqIFGLXQME9n71L-4qE8V9u9PLYTSdV3ynyQT9kZtn&expire=1502256050&mm=31&ms=au&ei=UUeKWaOFOI-6VNmumVA&pl=16&clen=13222890&mt=1502233965&itag=18&sparams=clen%2Cdur%2Cei%2Cgir%2Cid%2Cip%2Cipbits%2Citag%2Clmt%2Cmime%2Cmm%2Cmn%2Cms%2Cmv%2Cpl%2Cratebypass%2Crequiressl%2Csource%2Cexpire&gir=yes&ratebypass=yes&source=youtube&ip=131.159.40.117&ipbits=0&dur=218.731&key=yt6&lmt=1410571267157729", "player_url": null, "ext": "mp4", "width": 640, "height": 360, "acodec": "mp4a.40.2", "abr": 96, "vcodec": "avc1.42001E", "resolution": "640x360", "format_note": "medium", "format": "18 - 640x360 (medium)", "protocol": "https", "http_headers": {"User-Agent": "Mozilla/5.0 (X11; Linux x86_64; rv:10.0) Gecko/20150101 Firefox/47.0 (Chrome)", "Accept-Charset": "ISO-8859-1,utf-8;q=0.7,*;q=0.7", "Accept": "text/html,application/xhtml+xml,application/xml;q=0.9,*/*;q=0.8", "Accept-Encoding": "gzip, deflate", "Accept-Language": "en-us,en;q=0.5"}}, {"format_id": "22", "url": "https://r3---sn-xjpm-q0ns.googlevideo.com/videoplayback?mime=video%2Fmp4&signature=54B30C9A65280E77EBE4E8F7C22556D0B9F6299D.ACDC2A657BCDF21B4A5BC95BE74A6B681CBC975C&ipbits=0&sparams=dur%2Cei%2Cid%2Cip%2Cipbits%2Citag%2Clmt%2Cmime%2Cmm%2Cmn%2Cms%2Cmv%2Cpl%2Cratebypass%2Crequiressl%2Csource%2Cexpire&expire=1502256050&mn=sn-xjpm-q0ns&mm=31&source=youtube&ms=au&requiressl=yes&ei=UUeKWaOFOI-6VNmumVA&ip=131.159.40.117&pl=16&itag=22&ratebypass=yes&mt=1502233965&dur=218.731&id=o-AEOqIFGLXQME9n71L-4qE8V9u9PLYTSdV3ynyQT9kZtn&key=yt6&lmt=1472443181715185&mv=u", "player_url": null, "ext": "mp4", "width": 1280, "height": 720, "acodec": "mp4a.40.2", "abr": 192, "vcodec": "avc1.64001F", "resolution": "1280x720", "format_note": "hd720", "format": "22 - 1280x720 (hd720)", "protocol": "https", "http_headers": {"User-Agent": "Mozilla/5.0 (X11; Linux x86_64; rv:10.0) Gecko/20150101 Firefox/47.0 (Chrome)", "Accept-Charset": "ISO-8859-1,utf-8;q=0.7,*;q=0.7", "Accept": "text/html,application/xhtml+xml,application/xml;q=0.9,*/*;q=0.8", "Accept-Encoding": "gzip, deflate", "Accept-Language": "en-us,en;q=0.5"}}], "is_live": null, "start_time": null, "end_time": null, "series": null, "season_number": null, "episode_number": null, "extractor": "youtube", "webpage_url_basename": "lRFGkvACXt0", "extractor_key": "Youtube", "playlist": null, "playlist_index": null, "thumbnails": [{"url": "https://i.ytimg.com/vi/lRFGkvACXt0/hqdefault.jpg", "id": "0"}], "display_id": "lRFGkvACXt0", "ext": "mp4", "height": 720, "format_note": "DASH video", "vcodec": "avc1.4d401f", "format_id": "136", "url": "https://r3---sn-xjpm-q0ns.googlevideo.com/videoplayback?id=95114692f0025edd&itag=136&source=youtube&requiressl=yes&mm=31&ei=UkeKWee9Hte9Vti2opgK&ms=au&mn=sn-xjpm-q0ns&mv=u&pl=16&ratebypass=yes&mime=video/mp4&gir=yes&clen=32482434&lmt=1410571267244988&dur=218.651&key=dg_yt0&signature=2D7BCF8AF2CC001CED876EC1F83BC2723B9614B0.5B7B94CF90B81C86A2A768F075034D09413292CE&mt=1502233965&ip=131.159.40.117&ipbits=0&expire=1502256050&sparams=ip,ipbits,expire,id,itag,source,requiressl,mm,ei,ms,mn,mv,pl,ratebypass,mime,gir,clen,lmt,dur", "manifest_url": "https://manifest.googlevideo.com/api/manifest/dash/ipbits/0/ip/131.159.40.117/key/yt6/sparams/as%2Cei%2Chfr%2Cid%2Cip%2Cipbits%2Citag%2Cmm%2Cmn%2Cms%2Cmv%2Cpl%2Cplayback_host%2Crequiressl%2Csource%2Cexpire/signature/4C11F73AD7D989D547948CD238B6DC951E4D969E.CC58DDD9B56489E2D16B4716C8922332EAEE5B8E/playback_host/r3---sn-xjpm-q0ns.googlevideo.com/hfr/1/mm/31/itag/0/id/95114692f0025edd/ei/UkeKWee9Hte9Vti2opgK/ms/au/mt/1502233965/mn/sn-xjpm-q0ns/mv/u/pl/16/expire/1502256050/source/youtube/requiressl/yes/as/fmp4_audio_clear%2Cfmp4_sd_hd_clear", "width": 1280, "tbr": 1454.014, "asr": null, "fps": 30, "language": null, "filesize": 32482434, "acodec": "none", "format": "136 - 1280x720 (DASH video)", "protocol": "https", "http_headers": {"User-Agent": "Mozilla/5.0 (X11; Linux x86_64; rv:10.0) Gecko/20150101 Firefox/47.0 (Chrome)", "Accept-Charset": "ISO-8859-1,utf-8;q=0.7,*;q=0.7", "Accept": "text/html,application/xhtml+xml,application/xml;q=0.9,*/*;q=0.8", "Accept-Encoding": "gzip, deflate", "Accept-Language": "en-us,en;q=0.5"}, "fulltitle": "Mascarilla Casera Reafirmante E Hidratante Para La Piel - Yasmany", "_filename": "lRFGkvACXt0.mp4"}