{"id": "wYvBjtHdE7I", "uploader": "AnderLyneGames", "uploader_id": "AnderLyneGames", "uploader_url": "http://www.youtube.com/user/AnderLyneGames", "upload_date": "20150801", "license": "Standard YouTube License", "creator": null, "title": "MASCARA CAIU, ROSTO REVELADO DE RATO BORRACHUDO ?  - #For\u00e7aRato!", "alt_title": null, "thumbnail": "https://i.ytimg.com/vi/wYvBjtHdE7I/maxresdefault.jpg", "description": "\u25ba\u25ba\u25ba\u25ba\u25ba LEIA A DESCRI\u00c7\u00c3O \u25c4\u25c4\u25c4\u25c4\u25c4\n\nCOMPRE O GTA 5 MOD MENU ENTRE AQUI \u25ba\u25ba\u25ba\u25ba\u25ba https://www.facebook.com/LifeModz \u25c4\u25c4\u25c4\u25c4\u25c4\n\n\u2738 Voc\u00ea deseja receber not\u00edcias do canal sempre em primeira m\u00e3o? Ent\u00e3o baixe agora mesmo a extens\u00e3o do canal: (Chrome / Firefox) http://myapp.wips.com/anderlynegames-videos-novos\n\u2738 Agora o canal Anderlynegames tem um aplicativo para celulares (Android, IOS, Windows Phone), para voc\u00eas ficarem ligados sempre tudo que acontece no canal e tamb\u00e9m nas redes sociais. Baixe j\u00e1: http://galeria.fabricadeaplicativos.com.br/anderlynegamesofficial#gsc.tab=0\n\n\u25ac\u25ac\u25ac\u25ac\u25ac\u25ac\u25ac\u25ac\u25ac\u25ac\u25ac\u25ac\u25ac\u25ac\u25ac\u25ac\u25ac\u25ac\u25ac\u25ac\u25ac\u25ac\u25ac\u25ac\u25ac\u25ac\u25ac\u25ac\u25ac\u25ac\u25ac\u25ac\u25ac\u25ac\u25ac\u25ac\u25ac\u25ac\u25ac\u25ac\n\nFala galera do youtube, tudo firmeza?\nHoje venho trazer o video sobre o acontecimento com rato borrachudo for\u00e7a mano tamo junto, Espero que todos gostem e quer mais v\u00eddeos como esse!? Ent\u00e3o n\u00e3o esque\u00e7a de deixar seu LIKE + FAVORITO e deixe seu Coment\u00e1rio falando o que achou do v\u00eddeo ou ideias para futuros v\u00eddeos! Obrigado\n\n\u2738 Quer trocar uma ideia? Me adicione agora.\n\n\u25ba Facebook: https://www.facebook.com/Anderlynegames\n\u25ba Twitter: https://twitter.com/Anderlynegames\n\u25ba Steam: http://steamcommunity.com/id/anderssonhenrique\n\u25ba Skype: Anderlynegames\n\n\u2738 Quer ganhar v\u00e1rias recompensas!? Valorize meu trabalho. Como? Torne-se o meu Patr\u00e3o: http://www.patreon.com/anderlynegames\n\n\u25ac\u25ac\u25ac\u25ac\u25ac\u25ac\u25ac\u25ac\u25ac\u25ac\u25ac\u25ac\u25ac\u25ac\u25ac\u25ac\u25ac\u25ac\u25ac\u25ac\u25ac\u25ac\u25ac\u25ac\u25ac\u25ac\u25ac\u25ac\u25ac\u25ac\u25ac\u25ac\u25ac\u25ac\u25ac\u25ac\u25ac\u25ac\u25ac\u25ac\n\n\u2738 PATROCINADORES DO CANAL\n\nVAGAS ABERTAS, POR FAVOR CONTATAR NO EMAIL:\n\nandeerssonhenrique@gmail.com\n\n\u25ac\u25ac\u25ac\u25ac\u25ac\u25ac\u25ac\u25ac\u25ac\u25ac\u25ac\u25ac\u25ac\u25ac\u25ac\u25ac\u25ac\u25ac\u25ac\u25ac\u25ac\u25ac\u25ac\u25ac\u25ac\u25ac\u25ac\u25ac\u25ac\u25ac\u25ac\u25ac\u25ac\u25ac\u25ac\u25ac\u25ac\u25ac\u25ac\u25ac\n\n\ue135Contato Profissional: andeerssonhenrique@gmail.com", "categories": ["Gaming"], "tags": ["RATO", "rato", "ratoborrachudo", "rato mascara caiu", "rosto ratoborrachudo", "ratoborrachudo rosto", "rosto rato borrachudo canal", "rosto revelado rato borrachudo", "for\u00e7a rato borrachudo", "rosto ratao", "ratoborrachudo revela\u00e7ao", "ander", "anderlyne", "anderlynegames"], "subtitles": {}, "automatic_captions": {}, "duration": 243, "age_limit": 0, "annotations": null, "chapters": null, "webpage_url": "https://www.youtube.com/watch?v=wYvBjtHdE7I", "view_count": 75125, "like_count": 2738, "dislike_count": 478, "average_rating": 4.40547275543, "formats": [{"ext": "m4a", "format_note": "DASH audio", "acodec": "mp4a.40.5", "abr": 48, "container": "m4a_dash", "format_id": "139", "url": "https://r6---sn-xjpm-q0ns.googlevideo.com/videoplayback?id=c18bc18ed1dd13b2&itag=139&source=youtube&requiressl=yes&mn=sn-xjpm-q0ns&mm=31&ei=GZyKWfaaAs3uWJHsp4AD&pl=16&mv=u&ms=au&ratebypass=yes&mime=audio/mp4&gir=yes&clen=1450079&lmt=1438588263815628&dur=242.787&signature=5A11B29F3A2A670B89F3721225B376DD4CF9BA9C.47F40DC744ADE57FB41E954A8D03C7BB2148FD99&key=dg_yt0&mt=1502255786&ip=131.159.40.117&ipbits=0&expire=1502277753&sparams=ip,ipbits,expire,id,itag,source,requiressl,mn,mm,ei,pl,mv,ms,ratebypass,mime,gir,clen,lmt,dur", "manifest_url": "https://manifest.googlevideo.com/api/manifest/dash/mn/sn-xjpm-q0ns/requiressl/yes/ip/131.159.40.117/mm/31/itag/0/playback_host/r6---sn-xjpm-q0ns.googlevideo.com/signature/4AA61F73F8B1F4A32EDE7E27B50350895A7D5FC2.892F424C2E063CCE1CE08578DECD8731855D8FEF/hfr/1/ei/GZyKWfaaAs3uWJHsp4AD/key/yt6/expire/1502277753/pl/16/id/c18bc18ed1dd13b2/mt/1502255786/mv/u/as/fmp4_audio_clear%2Cfmp4_sd_hd_clear/source/youtube/sparams/as%2Cei%2Chfr%2Cid%2Cip%2Cipbits%2Citag%2Cmm%2Cmn%2Cms%2Cmv%2Cpl%2Cplayback_host%2Crequiressl%2Csource%2Cexpire/ms/au/ipbits/0", "width": null, "height": null, "tbr": 49.185, "asr": 22050, "fps": null, "language": null, "filesize": 1450079, "vcodec": "none", "format": "139 - audio only (DASH audio)", "protocol": "https", "http_headers": {"User-Agent": "Mozilla/5.0 (X11; Linux x86_64; rv:10.0) Gecko/20150101 Firefox/47.0 (Chrome)", "Accept-Charset": "ISO-8859-1,utf-8;q=0.7,*;q=0.7", "Accept": "text/html,application/xhtml+xml,application/xml;q=0.9,*/*;q=0.8", "Accept-Encoding": "gzip, deflate", "Accept-Language": "en-us,en;q=0.5"}}, {"format_id": "249", "url": "https://r6---sn-xjpm-q0ns.googlevideo.com/videoplayback?source=youtube&ip=131.159.40.117&ipbits=0&pl=16&mv=u&ei=GJyKWeflIY-J0wXDu5TIAg&ms=au&mm=31&keepalive=yes&id=o-ADLspNKURuIfL_AJWXJ39fNNTWPun_Ob2UnmS9EkNfga&itag=249&signature=1CEBB1F4721E4EC2DEACD2867F5559E83F0B09B7.2E420A9E897FB5B0328ABDE996E53E61F8699387&sparams=clen%2Cdur%2Cei%2Cgir%2Cid%2Cip%2Cipbits%2Citag%2Ckeepalive%2Clmt%2Cmime%2Cmm%2Cmn%2Cms%2Cmv%2Cpcm2%2Cpl%2Crequiressl%2Csource%2Cexpire&mt=1502255786&expire=1502277752&requiressl=yes&mime=audio%2Fwebm&gir=yes&key=yt6&clen=1563928&pcm2=yes&lmt=1438446498827336&mn=sn-xjpm-q0ns&dur=242.681&ratebypass=yes", "player_url": null, "ext": "webm", "format_note": "DASH audio", "acodec": "opus", "abr": 50, "filesize": 1563928, "tbr": 52.526, "vcodec": "none", "format": "249 - audio only (DASH audio)", "protocol": "https", "http_headers": {"User-Agent": "Mozilla/5.0 (X11; Linux x86_64; rv:10.0) Gecko/20150101 Firefox/47.0 (Chrome)", "Accept-Charset": "ISO-8859-1,utf-8;q=0.7,*;q=0.7", "Accept": "text/html,application/xhtml+xml,application/xml;q=0.9,*/*;q=0.8", "Accept-Encoding": "gzip, deflate", "Accept-Language": "en-us,en;q=0.5"}}, {"format_id": "250", "url": "https://r6---sn-xjpm-q0ns.googlevideo.com/videoplayback?source=youtube&ip=131.159.40.117&ipbits=0&pl=16&mv=u&ei=GJyKWeflIY-J0wXDu5TIAg&ms=au&mm=31&keepalive=yes&id=o-ADLspNKURuIfL_AJWXJ39fNNTWPun_Ob2UnmS9EkNfga&itag=250&signature=B633E439334E49FE15C4651F6161CC804A2EA272.59CF4BE8E8F17F1E38AFDBF938E18A413669010D&sparams=clen%2Cdur%2Cei%2Cgir%2Cid%2Cip%2Cipbits%2Citag%2Ckeepalive%2Clmt%2Cmime%2Cmm%2Cmn%2Cms%2Cmv%2Cpcm2%2Cpl%2Crequiressl%2Csource%2Cexpire&mt=1502255786&expire=1502277752&requiressl=yes&mime=audio%2Fwebm&gir=yes&key=yt6&clen=1974366&pcm2=yes&lmt=1438446495423136&mn=sn-xjpm-q0ns&dur=242.681&ratebypass=yes", "player_url": null, "ext": "webm", "format_note": "DASH audio", "acodec": "opus", "abr": 70, "filesize": 1974366, "tbr": 69.595, "vcodec": "none", "format": "250 - audio only (DASH audio)", "protocol": "https", "http_headers": {"User-Agent": "Mozilla/5.0 (X11; Linux x86_64; rv:10.0) Gecko/20150101 Firefox/47.0 (Chrome)", "Accept-Charset": "ISO-8859-1,utf-8;q=0.7,*;q=0.7", "Accept": "text/html,application/xhtml+xml,application/xml;q=0.9,*/*;q=0.8", "Accept-Encoding": "gzip, deflate", "Accept-Language": "en-us,en;q=0.5"}}, {"format_id": "171", "url": "https://r6---sn-xjpm-q0ns.googlevideo.com/videoplayback?source=youtube&ip=131.159.40.117&ipbits=0&pl=16&mv=u&ei=GJyKWeflIY-J0wXDu5TIAg&ms=au&mm=31&keepalive=yes&id=o-ADLspNKURuIfL_AJWXJ39fNNTWPun_Ob2UnmS9EkNfga&itag=171&signature=B1C9A0E37463527A23B4D61F7AADCB5B2A54D064.8F0B5ABC426C95D33C57E27A066FA22998F93985&sparams=clen%2Cdur%2Cei%2Cgir%2Cid%2Cip%2Cipbits%2Citag%2Ckeepalive%2Clmt%2Cmime%2Cmm%2Cmn%2Cms%2Cmv%2Cpcm2%2Cpl%2Crequiressl%2Csource%2Cexpire&mt=1502255786&expire=1502277752&requiressl=yes&mime=audio%2Fwebm&gir=yes&key=yt6&clen=3247232&pcm2=yes&lmt=1438446501585561&mn=sn-xjpm-q0ns&dur=242.662&ratebypass=yes", "player_url": null, "ext": "webm", "acodec": "vorbis", "format_note": "DASH audio", "abr": 128, "filesize": 3247232, "tbr": 116.267, "vcodec": "none", "format": "171 - audio only (DASH audio)", "protocol": "https", "http_headers": {"User-Agent": "Mozilla/5.0 (X11; Linux x86_64; rv:10.0) Gecko/20150101 Firefox/47.0 (Chrome)", "Accept-Charset": "ISO-8859-1,utf-8;q=0.7,*;q=0.7", "Accept": "text/html,application/xhtml+xml,application/xml;q=0.9,*/*;q=0.8", "Accept-Encoding": "gzip, deflate", "Accept-Language": "en-us,en;q=0.5"}}, {"ext": "m4a", "format_note": "DASH audio", "acodec": "mp4a.40.2", "abr": 128, "container": "m4a_dash", "format_id": "140", "url": "https://r6---sn-xjpm-q0ns.googlevideo.com/videoplayback?id=c18bc18ed1dd13b2&itag=140&source=youtube&requiressl=yes&mn=sn-xjpm-q0ns&mm=31&ei=GZyKWfaaAs3uWJHsp4AD&pl=16&mv=u&ms=au&ratebypass=yes&mime=audio/mp4&gir=yes&clen=3855924&lmt=1438588261397331&dur=242.741&signature=2448892CC53D4D942079A66913D28B4E02396855.47B7447A4637AFA795D3C86E22925FB010C068BF&key=dg_yt0&mt=1502255786&ip=131.159.40.117&ipbits=0&expire=1502277753&sparams=ip,ipbits,expire,id,itag,source,requiressl,mn,mm,ei,pl,mv,ms,ratebypass,mime,gir,clen,lmt,dur", "manifest_url": "https://manifest.googlevideo.com/api/manifest/dash/mn/sn-xjpm-q0ns/requiressl/yes/ip/131.159.40.117/mm/31/itag/0/playback_host/r6---sn-xjpm-q0ns.googlevideo.com/signature/4AA61F73F8B1F4A32EDE7E27B50350895A7D5FC2.892F424C2E063CCE1CE08578DECD8731855D8FEF/hfr/1/ei/GZyKWfaaAs3uWJHsp4AD/key/yt6/expire/1502277753/pl/16/id/c18bc18ed1dd13b2/mt/1502255786/mv/u/as/fmp4_audio_clear%2Cfmp4_sd_hd_clear/source/youtube/sparams/as%2Cei%2Chfr%2Cid%2Cip%2Cipbits%2Citag%2Cmm%2Cmn%2Cms%2Cmv%2Cpl%2Cplayback_host%2Crequiressl%2Csource%2Cexpire/ms/au/ipbits/0", "width": null, "height": null, "tbr": 128.0, "asr": 44100, "fps": null, "language": null, "filesize": 3855924, "vcodec": "none", "format": "140 - audio only (DASH audio)", "protocol": "https", "http_headers": {"User-Agent": "Mozilla/5.0 (X11; Linux x86_64; rv:10.0) Gecko/20150101 Firefox/47.0 (Chrome)", "Accept-Charset": "ISO-8859-1,utf-8;q=0.7,*;q=0.7", "Accept": "text/html,application/xhtml+xml,application/xml;q=0.9,*/*;q=0.8", "Accept-Encoding": "gzip, deflate", "Accept-Language": "en-us,en;q=0.5"}}, {"format_id": "251", "url": "https://r6---sn-xjpm-q0ns.googlevideo.com/videoplayback?source=youtube&ip=131.159.40.117&ipbits=0&pl=16&mv=u&ei=GJyKWeflIY-J0wXDu5TIAg&ms=au&mm=31&keepalive=yes&id=o-ADLspNKURuIfL_AJWXJ39fNNTWPun_Ob2UnmS9EkNfga&itag=251&signature=067F756A2A656A4919FD2BB906651E762BA515C8.1723B5EDB9D5486B596F587C1721BB427378B381&sparams=clen%2Cdur%2Cei%2Cgir%2Cid%2Cip%2Cipbits%2Citag%2Ckeepalive%2Clmt%2Cmime%2Cmm%2Cmn%2Cms%2Cmv%2Cpcm2%2Cpl%2Crequiressl%2Csource%2Cexpire&mt=1502255786&expire=1502277752&requiressl=yes&mime=audio%2Fwebm&gir=yes&key=yt6&clen=3795511&pcm2=yes&lmt=1438446494410663&mn=sn-xjpm-q0ns&dur=242.681&ratebypass=yes", "player_url": null, "ext": "webm", "format_note": "DASH audio", "acodec": "opus", "abr": 160, "filesize": 3795511, "tbr": 135.973, "vcodec": "none", "format": "251 - audio only (DASH audio)", "protocol": "https", "http_headers": {"User-Agent": "Mozilla/5.0 (X11; Linux x86_64; rv:10.0) Gecko/20150101 Firefox/47.0 (Chrome)", "Accept-Charset": "ISO-8859-1,utf-8;q=0.7,*;q=0.7", "Accept": "text/html,application/xhtml+xml,application/xml;q=0.9,*/*;q=0.8", "Accept-Encoding": "gzip, deflate", "Accept-Language": "en-us,en;q=0.5"}}, {"format_id": "278", "url": "https://r6---sn-xjpm-q0ns.googlevideo.com/videoplayback?source=youtube&ip=131.159.40.117&ipbits=0&pl=16&mv=u&ei=GJyKWeflIY-J0wXDu5TIAg&ms=au&mm=31&keepalive=yes&id=o-ADLspNKURuIfL_AJWXJ39fNNTWPun_Ob2UnmS9EkNfga&itag=278&signature=A574CE900C4B0B838016F64D362A4B05338E8640.A1075CCBE1ED943B9EE613F105C2541B6ECE236A&sparams=clen%2Cdur%2Cei%2Cgir%2Cid%2Cip%2Cipbits%2Citag%2Ckeepalive%2Clmt%2Cmime%2Cmm%2Cmn%2Cms%2Cmv%2Cpcm2%2Cpl%2Crequiressl%2Csource%2Cexpire&mt=1502255786&expire=1502277752&requiressl=yes&mime=video%2Fwebm&gir=yes&key=yt6&clen=2712916&pcm2=yes&lmt=1438446538899571&mn=sn-xjpm-q0ns&dur=242.642&ratebypass=yes", "player_url": null, "ext": "webm", "height": 144, "format_note": "144p", "container": "webm", "vcodec": "vp9", "filesize": 2712916, "tbr": 96.756, "width": 256, "fps": 15, "acodec": "none", "format": "278 - 256x144 (144p)", "protocol": "https", "http_headers": {"User-Agent": "Mozilla/5.0 (X11; Linux x86_64; rv:10.0) Gecko/20150101 Firefox/47.0 (Chrome)", "Accept-Charset": "ISO-8859-1,utf-8;q=0.7,*;q=0.7", "Accept": "text/html,application/xhtml+xml,application/xml;q=0.9,*/*;q=0.8", "Accept-Encoding": "gzip, deflate", "Accept-Language": "en-us,en;q=0.5"}}, {"ext": "mp4", "height": 144, "format_note": "DASH video", "vcodec": "avc1.4d400c", "format_id": "160", "url": "https://r6---sn-xjpm-q0ns.googlevideo.com/videoplayback?id=c18bc18ed1dd13b2&itag=160&source=youtube&requiressl=yes&mn=sn-xjpm-q0ns&mm=31&ei=GZyKWfaaAs3uWJHsp4AD&pl=16&mv=u&ms=au&ratebypass=yes&mime=video/mp4&gir=yes&clen=3316775&lmt=1438588269641574&dur=242.709&signature=50C4E14FFF6B85389773A2EA2DFF4C49D6623FA7.64C697C3EF2FD70B7600ADEED658B0906A1E6225&key=dg_yt0&mt=1502255786&ip=131.159.40.117&ipbits=0&expire=1502277753&sparams=ip,ipbits,expire,id,itag,source,requiressl,mn,mm,ei,pl,mv,ms,ratebypass,mime,gir,clen,lmt,dur", "manifest_url": "https://manifest.googlevideo.com/api/manifest/dash/mn/sn-xjpm-q0ns/requiressl/yes/ip/131.159.40.117/mm/31/itag/0/playback_host/r6---sn-xjpm-q0ns.googlevideo.com/signature/4AA61F73F8B1F4A32EDE7E27B50350895A7D5FC2.892F424C2E063CCE1CE08578DECD8731855D8FEF/hfr/1/ei/GZyKWfaaAs3uWJHsp4AD/key/yt6/expire/1502277753/pl/16/id/c18bc18ed1dd13b2/mt/1502255786/mv/u/as/fmp4_audio_clear%2Cfmp4_sd_hd_clear/source/youtube/sparams/as%2Cei%2Chfr%2Cid%2Cip%2Cipbits%2Citag%2Cmm%2Cmn%2Cms%2Cmv%2Cpl%2Cplayback_host%2Crequiressl%2Csource%2Cexpire/ms/au/ipbits/0", "width": 256, "tbr": 119.781, "asr": null, "fps": 15, "language": null, "filesize": 3316775, "acodec": "none", "format": "160 - 256x144 (DASH video)", "protocol": "https", "http_headers": {"User-Agent": "Mozilla/5.0 (X11; Linux x86_64; rv:10.0) Gecko/20150101 Firefox/47.0 (Chrome)", "Accept-Charset": "ISO-8859-1,utf-8;q=0.7,*;q=0.7", "Accept": "text/html,application/xhtml+xml,application/xml;q=0.9,*/*;q=0.8", "Accept-Encoding": "gzip, deflate", "Accept-Language": "en-us,en;q=0.5"}}, {"format_id": "242", "url": "https://r6---sn-xjpm-q0ns.googlevideo.com/videoplayback?source=youtube&ip=131.159.40.117&ipbits=0&pl=16&mv=u&ei=GJyKWeflIY-J0wXDu5TIAg&ms=au&mm=31&keepalive=yes&id=o-ADLspNKURuIfL_AJWXJ39fNNTWPun_Ob2UnmS9EkNfga&itag=242&signature=34A729BB317665B3C4AAA7BA1C7C664103E085FF.BFAF78EB3409CE338139DD0D9BF3C8AA5BA8F597&sparams=clen%2Cdur%2Cei%2Cgir%2Cid%2Cip%2Cipbits%2Citag%2Ckeepalive%2Clmt%2Cmime%2Cmm%2Cmn%2Cms%2Cmv%2Cpcm2%2Cpl%2Crequiressl%2Csource%2Cexpire&mt=1502255786&expire=1502277752&requiressl=yes&mime=video%2Fwebm&gir=yes&key=yt6&clen=4630710&pcm2=yes&lmt=1438446570332700&mn=sn-xjpm-q0ns&dur=242.642&ratebypass=yes", "player_url": null, "ext": "webm", "height": 240, "format_note": "240p", "vcodec": "vp9", "filesize": 4630710, "tbr": 216.713, "width": 426, "fps": 30, "acodec": "none", "format": "242 - 426x240 (240p)", "protocol": "https", "http_headers": {"User-Agent": "Mozilla/5.0 (X11; Linux x86_64; rv:10.0) Gecko/20150101 Firefox/47.0 (Chrome)", "Accept-Charset": "ISO-8859-1,utf-8;q=0.7,*;q=0.7", "Accept": "text/html,application/xhtml+xml,application/xml;q=0.9,*/*;q=0.8", "Accept-Encoding": "gzip, deflate", "Accept-Language": "en-us,en;q=0.5"}}, {"ext": "mp4", "height": 240, "format_note": "DASH video", "vcodec": "avc1.4d4015", "format_id": "133", "url": "https://r6---sn-xjpm-q0ns.googlevideo.com/videoplayback?id=c18bc18ed1dd13b2&itag=133&source=youtube&requiressl=yes&mn=sn-xjpm-q0ns&mm=31&ei=GZyKWfaaAs3uWJHsp4AD&pl=16&mv=u&ms=au&ratebypass=yes&mime=video/mp4&gir=yes&clen=7434372&lmt=1438588268522527&dur=242.675&signature=15DC8991813C4B8CCBDB08BE7F9C5075DC78D0CB.4A9F078B7F6DAA9EDFFCF386761ABE8889986754&key=dg_yt0&mt=1502255786&ip=131.159.40.117&ipbits=0&expire=1502277753&sparams=ip,ipbits,expire,id,itag,source,requiressl,mn,mm,ei,pl,mv,ms,ratebypass,mime,gir,clen,lmt,dur", "manifest_url": "https://manifest.googlevideo.com/api/manifest/dash/mn/sn-xjpm-q0ns/requiressl/yes/ip/131.159.40.117/mm/31/itag/0/playback_host/r6---sn-xjpm-q0ns.googlevideo.com/signature/4AA61F73F8B1F4A32EDE7E27B50350895A7D5FC2.892F424C2E063CCE1CE08578DECD8731855D8FEF/hfr/1/ei/GZyKWfaaAs3uWJHsp4AD/key/yt6/expire/1502277753/pl/16/id/c18bc18ed1dd13b2/mt/1502255786/mv/u/as/fmp4_audio_clear%2Cfmp4_sd_hd_clear/source/youtube/sparams/as%2Cei%2Chfr%2Cid%2Cip%2Cipbits%2Citag%2Cmm%2Cmn%2Cms%2Cmv%2Cpl%2Cplayback_host%2Crequiressl%2Csource%2Cexpire/ms/au/ipbits/0", "width": 426, "tbr": 256.262, "asr": null, "fps": 30, "language": null, "filesize": 7434372, "acodec": "none", "format": "133 - 426x240 (DASH video)", "protocol": "https", "http_headers": {"User-Agent": "Mozilla/5.0 (X11; Linux x86_64; rv:10.0) Gecko/20150101 Firefox/47.0 (Chrome)", "Accept-Charset": "ISO-8859-1,utf-8;q=0.7,*;q=0.7", "Accept": "text/html,application/xhtml+xml,application/xml;q=0.9,*/*;q=0.8", "Accept-Encoding": "gzip, deflate", "Accept-Language": "en-us,en;q=0.5"}}, {"ext": "mp4", "height": 360, "format_note": "DASH video", "vcodec": "avc1.4d401e", "format_id": "134", "url": "https://r6---sn-xjpm-q0ns.googlevideo.com/videoplayback?id=c18bc18ed1dd13b2&itag=134&source=youtube&requiressl=yes&mn=sn-xjpm-q0ns&mm=31&ei=GZyKWfaaAs3uWJHsp4AD&pl=16&mv=u&ms=au&ratebypass=yes&mime=video/mp4&gir=yes&clen=7543870&lmt=1438588253924980&dur=242.675&signature=9A28152FD334BE52414CF0375E5034511DAA7148.9173BD782A81C00819B718341A85C234F4CDC299&key=dg_yt0&mt=1502255786&ip=131.159.40.117&ipbits=0&expire=1502277753&sparams=ip,ipbits,expire,id,itag,source,requiressl,mn,mm,ei,pl,mv,ms,ratebypass,mime,gir,clen,lmt,dur", "manifest_url": "https://manifest.googlevideo.com/api/manifest/dash/mn/sn-xjpm-q0ns/requiressl/yes/ip/131.159.40.117/mm/31/itag/0/playback_host/r6---sn-xjpm-q0ns.googlevideo.com/signature/4AA61F73F8B1F4A32EDE7E27B50350895A7D5FC2.892F424C2E063CCE1CE08578DECD8731855D8FEF/hfr/1/ei/GZyKWfaaAs3uWJHsp4AD/key/yt6/expire/1502277753/pl/16/id/c18bc18ed1dd13b2/mt/1502255786/mv/u/as/fmp4_audio_clear%2Cfmp4_sd_hd_clear/source/youtube/sparams/as%2Cei%2Chfr%2Cid%2Cip%2Cipbits%2Citag%2Cmm%2Cmn%2Cms%2Cmv%2Cpl%2Cplayback_host%2Crequiressl%2Csource%2Cexpire/ms/au/ipbits/0", "width": 640, "tbr": 358.257, "asr": null, "fps": 30, "language": null, "filesize": 7543870, "acodec": "none", "format": "134 - 640x360 (DASH video)", "protocol": "https", "http_headers": {"User-Agent": "Mozilla/5.0 (X11; Linux x86_64; rv:10.0) Gecko/20150101 Firefox/47.0 (Chrome)", "Accept-Charset": "ISO-8859-1,utf-8;q=0.7,*;q=0.7", "Accept": "text/html,application/xhtml+xml,application/xml;q=0.9,*/*;q=0.8", "Accept-Encoding": "gzip, deflate", "Accept-Language": "en-us,en;q=0.5"}}, {"format_id": "243", "url": "https://r6---sn-xjpm-q0ns.googlevideo.com/videoplayback?source=youtube&ip=131.159.40.117&ipbits=0&pl=16&mv=u&ei=GJyKWeflIY-J0wXDu5TIAg&ms=au&mm=31&keepalive=yes&id=o-ADLspNKURuIfL_AJWXJ39fNNTWPun_Ob2UnmS9EkNfga&itag=243&signature=6A5BA905BF867C183D45D066171E238F623F02FB.AE9CFF88BC36E8054F1B1716F9BE9ABC50B3B878&sparams=clen%2Cdur%2Cei%2Cgir%2Cid%2Cip%2Cipbits%2Citag%2Ckeepalive%2Clmt%2Cmime%2Cmm%2Cmn%2Cms%2Cmv%2Cpcm2%2Cpl%2Crequiressl%2Csource%2Cexpire&mt=1502255786&expire=1502277752&requiressl=yes&mime=video%2Fwebm&gir=yes&key=yt6&clen=8785144&pcm2=yes&lmt=1438446556344203&mn=sn-xjpm-q0ns&dur=242.642&ratebypass=yes", "player_url": null, "ext": "webm", "height": 360, "format_note": "360p", "vcodec": "vp9", "filesize": 8785144, "tbr": 386.369, "width": 640, "fps": 30, "acodec": "none", "format": "243 - 640x360 (360p)", "protocol": "https", "http_headers": {"User-Agent": "Mozilla/5.0 (X11; Linux x86_64; rv:10.0) Gecko/20150101 Firefox/47.0 (Chrome)", "Accept-Charset": "ISO-8859-1,utf-8;q=0.7,*;q=0.7", "Accept": "text/html,application/xhtml+xml,application/xml;q=0.9,*/*;q=0.8", "Accept-Encoding": "gzip, deflate", "Accept-Language": "en-us,en;q=0.5"}}, {"format_id": "244", "url": "https://r6---sn-xjpm-q0ns.googlevideo.com/videoplayback?source=youtube&ip=131.159.40.117&ipbits=0&pl=16&mv=u&ei=GJyKWeflIY-J0wXDu5TIAg&ms=au&mm=31&keepalive=yes&id=o-ADLspNKURuIfL_AJWXJ39fNNTWPun_Ob2UnmS9EkNfga&itag=244&signature=48BB0FEB68F2AEA6623E4E751663EE10A61DF86F.D4B6D82FCFB5627E8DB11EE9399AAC87F0A98055&sparams=clen%2Cdur%2Cei%2Cgir%2Cid%2Cip%2Cipbits%2Citag%2Ckeepalive%2Clmt%2Cmime%2Cmm%2Cmn%2Cms%2Cmv%2Cpcm2%2Cpl%2Crequiressl%2Csource%2Cexpire&mt=1502255786&expire=1502277752&requiressl=yes&mime=video%2Fwebm&gir=yes&key=yt6&clen=15116116&pcm2=yes&lmt=1438446596235057&mn=sn-xjpm-q0ns&dur=242.642&ratebypass=yes", "player_url": null, "ext": "webm", "height": 480, "format_note": "480p", "vcodec": "vp9", "filesize": 15116116, "tbr": 637.02, "width": 854, "fps": 30, "acodec": "none", "format": "244 - 854x480 (480p)", "protocol": "https", "http_headers": {"User-Agent": "Mozilla/5.0 (X11; Linux x86_64; rv:10.0) Gecko/20150101 Firefox/47.0 (Chrome)", "Accept-Charset": "ISO-8859-1,utf-8;q=0.7,*;q=0.7", "Accept": "text/html,application/xhtml+xml,application/xml;q=0.9,*/*;q=0.8", "Accept-Encoding": "gzip, deflate", "Accept-Language": "en-us,en;q=0.5"}}, {"ext": "mp4", "height": 480, "format_note": "DASH video", "vcodec": "avc1.4d401f", "format_id": "135", "url": "https://r6---sn-xjpm-q0ns.googlevideo.com/videoplayback?id=c18bc18ed1dd13b2&itag=135&source=youtube&requiressl=yes&mn=sn-xjpm-q0ns&mm=31&ei=GZyKWfaaAs3uWJHsp4AD&pl=16&mv=u&ms=au&ratebypass=yes&mime=video/mp4&gir=yes&clen=15572264&lmt=1438588271488796&dur=242.675&signature=0C1ADF227A087B55F4F18417D7CD5A549172AE2E.3F173BE3A7158367EAFFD210CAE023AE1B5447DC&key=dg_yt0&mt=1502255786&ip=131.159.40.117&ipbits=0&expire=1502277753&sparams=ip,ipbits,expire,id,itag,source,requiressl,mn,mm,ei,pl,mv,ms,ratebypass,mime,gir,clen,lmt,dur", "manifest_url": "https://manifest.googlevideo.com/api/manifest/dash/mn/sn-xjpm-q0ns/requiressl/yes/ip/131.159.40.117/mm/31/itag/0/playback_host/r6---sn-xjpm-q0ns.googlevideo.com/signature/4AA61F73F8B1F4A32EDE7E27B50350895A7D5FC2.892F424C2E063CCE1CE08578DECD8731855D8FEF/hfr/1/ei/GZyKWfaaAs3uWJHsp4AD/key/yt6/expire/1502277753/pl/16/id/c18bc18ed1dd13b2/mt/1502255786/mv/u/as/fmp4_audio_clear%2Cfmp4_sd_hd_clear/source/youtube/sparams/as%2Cei%2Chfr%2Cid%2Cip%2Cipbits%2Citag%2Cmm%2Cmn%2Cms%2Cmv%2Cpl%2Cplayback_host%2Crequiressl%2Csource%2Cexpire/ms/au/ipbits/0", "width": 854, "tbr": 684.45, "asr": null, "fps": 30, "language": null, "filesize": 15572264, "acodec": "none", "format": "135 - 854x480 (DASH video)", "protocol": "https", "http_headers": {"User-Agent": "Mozilla/5.0 (X11; Linux x86_64; rv:10.0) Gecko/20150101 Firefox/47.0 (Chrome)", "Accept-Charset": "ISO-8859-1,utf-8;q=0.7,*;q=0.7", "Accept": "text/html,application/xhtml+xml,application/xml;q=0.9,*/*;q=0.8", "Accept-Encoding": "gzip, deflate", "Accept-Language": "en-us,en;q=0.5"}}, {"format_id": "247", "url": "https://r6---sn-xjpm-q0ns.googlevideo.com/videoplayback?source=youtube&ip=131.159.40.117&ipbits=0&pl=16&mv=u&ei=GJyKWeflIY-J0wXDu5TIAg&ms=au&mm=31&keepalive=yes&id=o-ADLspNKURuIfL_AJWXJ39fNNTWPun_Ob2UnmS9EkNfga&itag=247&signature=D791040A1D72E64AD3A5720AD74C1AD1FD83A2D2.664F11F8F0E3E5F94C54675F892DCB129AD4FA93&sparams=clen%2Cdur%2Cei%2Cgir%2Cid%2Cip%2Cipbits%2Citag%2Ckeepalive%2Clmt%2Cmime%2Cmm%2Cmn%2Cms%2Cmv%2Cpcm2%2Cpl%2Crequiressl%2Csource%2Cexpire&mt=1502255786&expire=1502277752&requiressl=yes&mime=video%2Fwebm&gir=yes&key=yt6&clen=34118671&pcm2=yes&lmt=1438446616113627&mn=sn-xjpm-q0ns&dur=242.642&ratebypass=yes", "player_url": null, "ext": "webm", "height": 720, "format_note": "720p", "vcodec": "vp9", "filesize": 34118671, "tbr": 1360.777, "width": 1280, "fps": 30, "acodec": "none", "format": "247 - 1280x720 (720p)", "protocol": "https", "http_headers": {"User-Agent": "Mozilla/5.0 (X11; Linux x86_64; rv:10.0) Gecko/20150101 Firefox/47.0 (Chrome)", "Accept-Charset": "ISO-8859-1,utf-8;q=0.7,*;q=0.7", "Accept": "text/html,application/xhtml+xml,application/xml;q=0.9,*/*;q=0.8", "Accept-Encoding": "gzip, deflate", "Accept-Language": "en-us,en;q=0.5"}}, {"ext": "mp4", "height": 720, "format_note": "DASH video", "vcodec": "avc1.4d401f", "format_id": "136", "url": "https://r6---sn-xjpm-q0ns.googlevideo.com/videoplayback?id=c18bc18ed1dd13b2&itag=136&source=youtube&requiressl=yes&mn=sn-xjpm-q0ns&mm=31&ei=GZyKWfaaAs3uWJHsp4AD&pl=16&mv=u&ms=au&ratebypass=yes&mime=video/mp4&gir=yes&clen=31667399&lmt=1438588282417693&dur=242.675&signature=9657EB07C36DB63FDA0C9073C18A2283E150F36E.2AAACFF0D33D5BED9403A2EB80682BDC1B0259E4&key=dg_yt0&mt=1502255786&ip=131.159.40.117&ipbits=0&expire=1502277753&sparams=ip,ipbits,expire,id,itag,source,requiressl,mn,mm,ei,pl,mv,ms,ratebypass,mime,gir,clen,lmt,dur", "manifest_url": "https://manifest.googlevideo.com/api/manifest/dash/mn/sn-xjpm-q0ns/requiressl/yes/ip/131.159.40.117/mm/31/itag/0/playback_host/r6---sn-xjpm-q0ns.googlevideo.com/signature/4AA61F73F8B1F4A32EDE7E27B50350895A7D5FC2.892F424C2E063CCE1CE08578DECD8731855D8FEF/hfr/1/ei/GZyKWfaaAs3uWJHsp4AD/key/yt6/expire/1502277753/pl/16/id/c18bc18ed1dd13b2/mt/1502255786/mv/u/as/fmp4_audio_clear%2Cfmp4_sd_hd_clear/source/youtube/sparams/as%2Cei%2Chfr%2Cid%2Cip%2Cipbits%2Citag%2Cmm%2Cmn%2Cms%2Cmv%2Cpl%2Cplayback_host%2Crequiressl%2Csource%2Cexpire/ms/au/ipbits/0", "width": 1280, "tbr": 1399.18, "asr": null, "fps": 30, "language": null, "filesize": 31667399, "acodec": "none", "format": "136 - 1280x720 (DASH video)", "protocol": "https", "http_headers": {"User-Agent": "Mozilla/5.0 (X11; Linux x86_64; rv:10.0) Gecko/20150101 Firefox/47.0 (Chrome)", "Accept-Charset": "ISO-8859-1,utf-8;q=0.7,*;q=0.7", "Accept": "text/html,application/xhtml+xml,application/xml;q=0.9,*/*;q=0.8", "Accept-Encoding": "gzip, deflate", "Accept-Language": "en-us,en;q=0.5"}}, {"format_id": "17", "url": "https://r6---sn-xjpm-q0ns.googlevideo.com/videoplayback?source=youtube&ip=131.159.40.117&ipbits=0&pl=16&mv=u&ei=GJyKWeflIY-J0wXDu5TIAg&ms=au&mm=31&mn=sn-xjpm-q0ns&id=o-ADLspNKURuIfL_AJWXJ39fNNTWPun_Ob2UnmS9EkNfga&itag=17&signature=78F76A0504A2F21BE370155EA3159FEB0848519A.17A421744F011B54676406186F39B535984085A4&sparams=clen%2Cdur%2Cei%2Cgir%2Cid%2Cip%2Cipbits%2Citag%2Clmt%2Cmime%2Cmm%2Cmn%2Cms%2Cmv%2Cpcm2%2Cpl%2Crequiressl%2Csource%2Cexpire&mt=1502255786&requiressl=yes&mime=video%2F3gpp&gir=yes&key=yt6&clen=2484364&pcm2=yes&lmt=1438446015167689&expire=1502277752&dur=242.880&ratebypass=yes", "player_url": null, "ext": "3gp", "width": 176, "height": 144, "acodec": "mp4a.40.2", "abr": 24, "vcodec": "mp4v.20.3", "resolution": "176x144", "format_note": "small", "format": "17 - 176x144 (small)", "protocol": "https", "http_headers": {"User-Agent": "Mozilla/5.0 (X11; Linux x86_64; rv:10.0) Gecko/20150101 Firefox/47.0 (Chrome)", "Accept-Charset": "ISO-8859-1,utf-8;q=0.7,*;q=0.7", "Accept": "text/html,application/xhtml+xml,application/xml;q=0.9,*/*;q=0.8", "Accept-Encoding": "gzip, deflate", "Accept-Language": "en-us,en;q=0.5"}}, {"format_id": "36", "url": "https://r6---sn-xjpm-q0ns.googlevideo.com/videoplayback?source=youtube&ip=131.159.40.117&ipbits=0&pl=16&mv=u&ei=GJyKWeflIY-J0wXDu5TIAg&ms=au&mm=31&mn=sn-xjpm-q0ns&id=o-ADLspNKURuIfL_AJWXJ39fNNTWPun_Ob2UnmS9EkNfga&itag=36&signature=A49E81BBC52CA2AFC18EC2969BE13F841DB354AA.D3EC2E1A67258C4DE947BB71915D60EB95A32A13&sparams=clen%2Cdur%2Cei%2Cgir%2Cid%2Cip%2Cipbits%2Citag%2Clmt%2Cmime%2Cmm%2Cmn%2Cms%2Cmv%2Cpcm2%2Cpl%2Crequiressl%2Csource%2Cexpire&mt=1502255786&requiressl=yes&mime=video%2F3gpp&gir=yes&key=yt6&clen=6872028&pcm2=yes&lmt=1438446053827792&expire=1502277752&dur=242.880&ratebypass=yes", "player_url": null, "ext": "3gp", "width": 320, "acodec": "mp4a.40.2", "vcodec": "mp4v.20.3", "resolution": "320x180", "height": 180, "format_note": "small", "format": "36 - 320x180 (small)", "protocol": "https", "http_headers": {"User-Agent": "Mozilla/5.0 (X11; Linux x86_64; rv:10.0) Gecko/20150101 Firefox/47.0 (Chrome)", "Accept-Charset": "ISO-8859-1,utf-8;q=0.7,*;q=0.7", "Accept": "text/html,application/xhtml+xml,application/xml;q=0.9,*/*;q=0.8", "Accept-Encoding": "gzip, deflate", "Accept-Language": "en-us,en;q=0.5"}}, {"format_id": "43", "url": "https://r6---sn-xjpm-q0ns.googlevideo.com/videoplayback?source=youtube&ip=131.159.40.117&ipbits=0&pl=16&mv=u&ei=GJyKWeflIY-J0wXDu5TIAg&ms=au&mm=31&mn=sn-xjpm-q0ns&id=o-ADLspNKURuIfL_AJWXJ39fNNTWPun_Ob2UnmS9EkNfga&itag=43&signature=22A382737E5F9639047E68754EC542C24D6865E9.C313C4BA839D864B4CE62C0D15CFB759FD2A6F55&sparams=clen%2Cdur%2Cei%2Cgir%2Cid%2Cip%2Cipbits%2Citag%2Clmt%2Cmime%2Cmm%2Cmn%2Cms%2Cmv%2Cpcm2%2Cpl%2Cratebypass%2Crequiressl%2Csource%2Cexpire&mt=1502255786&requiressl=yes&mime=video%2Fwebm&gir=yes&key=yt6&clen=25262524&pcm2=yes&lmt=1438446516627397&expire=1502277752&dur=0.000&ratebypass=yes", "player_url": null, "ext": "webm", "width": 640, "height": 360, "acodec": "vorbis", "abr": 128, "vcodec": "vp8.0", "resolution": "640x360", "format_note": "medium", "format": "43 - 640x360 (medium)", "protocol": "https", "http_headers": {"User-Agent": "Mozilla/5.0 (X11; Linux x86_64; rv:10.0) Gecko/20150101 Firefox/47.0 (Chrome)", "Accept-Charset": "ISO-8859-1,utf-8;q=0.7,*;q=0.7", "Accept": "text/html,application/xhtml+xml,application/xml;q=0.9,*/*;q=0.8", "Accept-Encoding": "gzip, deflate", "Accept-Language": "en-us,en;q=0.5"}}, {"format_id": "18", "url": "https://r6---sn-xjpm-q0ns.googlevideo.com/videoplayback?source=youtube&ip=131.159.40.117&ipbits=0&pl=16&mv=u&ei=GJyKWeflIY-J0wXDu5TIAg&ms=au&mm=31&mn=sn-xjpm-q0ns&id=o-ADLspNKURuIfL_AJWXJ39fNNTWPun_Ob2UnmS9EkNfga&itag=18&signature=50C6BA38CE54C7B6D75A76DE8E24C816785692FA.4C65F0E5302F94F73B93B85ACF1A15E230F316B4&sparams=clen%2Cdur%2Cei%2Cgir%2Cid%2Cip%2Cipbits%2Citag%2Clmt%2Cmime%2Cmm%2Cmn%2Cms%2Cmv%2Cpcm2%2Cpl%2Cratebypass%2Crequiressl%2Csource%2Cexpire&mt=1502255786&requiressl=yes&mime=video%2Fmp4&gir=yes&key=yt6&clen=14332749&pcm2=yes&lmt=1438587045556715&expire=1502277752&dur=242.741&ratebypass=yes", "player_url": null, "ext": "mp4", "width": 640, "height": 360, "acodec": "mp4a.40.2", "abr": 96, "vcodec": "avc1.42001E", "resolution": "640x360", "format_note": "medium", "format": "18 - 640x360 (medium)", "protocol": "https", "http_headers": {"User-Agent": "Mozilla/5.0 (X11; Linux x86_64; rv:10.0) Gecko/20150101 Firefox/47.0 (Chrome)", "Accept-Charset": "ISO-8859-1,utf-8;q=0.7,*;q=0.7", "Accept": "text/html,application/xhtml+xml,application/xml;q=0.9,*/*;q=0.8", "Accept-Encoding": "gzip, deflate", "Accept-Language": "en-us,en;q=0.5"}}, {"format_id": "22", "url": "https://r6---sn-xjpm-q0ns.googlevideo.com/videoplayback?source=youtube&dur=242.741&ip=131.159.40.117&ipbits=0&pl=16&mv=u&ei=GJyKWeflIY-J0wXDu5TIAg&ms=au&requiressl=yes&mime=video%2Fmp4&key=yt6&mn=sn-xjpm-q0ns&id=o-ADLspNKURuIfL_AJWXJ39fNNTWPun_Ob2UnmS9EkNfga&mm=31&itag=22&pcm2=yes&lmt=1472314669365774&signature=1D668921A06198E7DC44F57DD161CAA139562A3D.0AA97F7B5F308D58D21FF7AF00F55A5CF2B65223&sparams=dur%2Cei%2Cid%2Cip%2Cipbits%2Citag%2Clmt%2Cmime%2Cmm%2Cmn%2Cms%2Cmv%2Cpcm2%2Cpl%2Cratebypass%2Crequiressl%2Csource%2Cexpire&mt=1502255786&ratebypass=yes&expire=1502277752", "player_url": null, "ext": "mp4", "width": 1280, "height": 720, "acodec": "mp4a.40.2", "abr": 192, "vcodec": "avc1.64001F", "resolution": "1280x720", "format_note": "hd720", "format": "22 - 1280x720 (hd720)", "protocol": "https", "http_headers": {"User-Agent": "Mozilla/5.0 (X11; Linux x86_64; rv:10.0) Gecko/20150101 Firefox/47.0 (Chrome)", "Accept-Charset": "ISO-8859-1,utf-8;q=0.7,*;q=0.7", "Accept": "text/html,application/xhtml+xml,application/xml;q=0.9,*/*;q=0.8", "Accept-Encoding": "gzip, deflate", "Accept-Language": "en-us,en;q=0.5"}}], "is_live": null, "start_time": null, "end_time": null, "series": null, "season_number": null, "episode_number": null, "extractor": "youtube", "webpage_url_basename": "wYvBjtHdE7I", "extractor_key": "Youtube", "playlist": null, "playlist_index": null, "thumbnails": [{"url": "https://i.ytimg.com/vi/wYvBjtHdE7I/maxresdefault.jpg", "id": "0"}], "display_id": "wYvBjtHdE7I", "ext": "mp4", "height": 720, "format_note": "DASH video", "vcodec": "avc1.4d401f", "format_id": "136", "url": "https://r6---sn-xjpm-q0ns.googlevideo.com/videoplayback?id=c18bc18ed1dd13b2&itag=136&source=youtube&requiressl=yes&mn=sn-xjpm-q0ns&mm=31&ei=GZyKWfaaAs3uWJHsp4AD&pl=16&mv=u&ms=au&ratebypass=yes&mime=video/mp4&gir=yes&clen=31667399&lmt=1438588282417693&dur=242.675&signature=9657EB07C36DB63FDA0C9073C18A2283E150F36E.2AAACFF0D33D5BED9403A2EB80682BDC1B0259E4&key=dg_yt0&mt=1502255786&ip=131.159.40.117&ipbits=0&expire=1502277753&sparams=ip,ipbits,expire,id,itag,source,requiressl,mn,mm,ei,pl,mv,ms,ratebypass,mime,gir,clen,lmt,dur", "manifest_url": "https://manifest.googlevideo.com/api/manifest/dash/mn/sn-xjpm-q0ns/requiressl/yes/ip/131.159.40.117/mm/31/itag/0/playback_host/r6---sn-xjpm-q0ns.googlevideo.com/signature/4AA61F73F8B1F4A32EDE7E27B50350895A7D5FC2.892F424C2E063CCE1CE08578DECD8731855D8FEF/hfr/1/ei/GZyKWfaaAs3uWJHsp4AD/key/yt6/expire/1502277753/pl/16/id/c18bc18ed1dd13b2/mt/1502255786/mv/u/as/fmp4_audio_clear%2Cfmp4_sd_hd_clear/source/youtube/sparams/as%2Cei%2Chfr%2Cid%2Cip%2Cipbits%2Citag%2Cmm%2Cmn%2Cms%2Cmv%2Cpl%2Cplayback_host%2Crequiressl%2Csource%2Cexpire/ms/au/ipbits/0", "width": 1280, "tbr": 1399.18, "asr": null, "fps": 30, "language": null, "filesize": 31667399, "acodec": "none", "format": "136 - 1280x720 (DASH video)", "protocol": "https", "http_headers": {"User-Agent": "Mozilla/5.0 (X11; Linux x86_64; rv:10.0) Gecko/20150101 Firefox/47.0 (Chrome)", "Accept-Charset": "ISO-8859-1,utf-8;q=0.7,*;q=0.7", "Accept": "text/html,application/xhtml+xml,application/xml;q=0.9,*/*;q=0.8", "Accept-Encoding": "gzip, deflate", "Accept-Language": "en-us,en;q=0.5"}, "fulltitle": "MASCARA CAIU, ROSTO REVELADO DE RATO BORRACHUDO ?  - #For\u00e7aRato!", "_filename": "wYvBjtHdE7I.mp4"}