{"id": "cKEOpX4isuE", "uploader": "Hansa4Life1965", "uploader_id": "Hansa4Life1965", "uploader_url": "http://www.youtube.com/user/Hansa4Life1965", "upload_date": "20121029", "license": "Standard YouTube License", "creator": null, "title": "Weiterer Bericht zum B\u00f6ller bei Borussia Dortmund gegen Hansa Rostock...", "alt_title": null, "thumbnail": "https://i.ytimg.com/vi/cKEOpX4isuE/maxresdefault.jpg", "description": "Weiterer Bericht zum B\u00f6ller bei Borussia Dortmund gegen Hansa Rostock...", "categories": ["Sports"], "tags": ["Weiterer", "Bericht", "zum", "B\u00f6ller", "bei", "Borussia", "Dortmund", "gegen", "Hansa", "Rostock", "fch", "bvb", "fu\u00dfball", "b\u00f6ller"], "subtitles": {}, "automatic_captions": {}, "duration": 213, "age_limit": 0, "annotations": null, "chapters": null, "webpage_url": "https://www.youtube.com/watch?v=cKEOpX4isuE", "view_count": 7453, "like_count": 4, "dislike_count": 39, "average_rating": 1.37209308147, "formats": [{"ext": "m4a", "format_note": "DASH audio", "acodec": "mp4a.40.5", "abr": 48, "container": "m4a_dash", "format_id": "139", "url": "https://r5---sn-4g5e6ney.googlevideo.com/videoplayback?id=70a10ea57e22b2e1&itag=139&source=youtube&requiressl=yes&mv=m&ei=BeSKWcDtII6uVbefifgH&ms=au&initcwndbps=4135000&mn=sn-4g5e6ney&mm=31&pl=16&ratebypass=yes&mime=audio/mp4&gir=yes&clen=1284053&lmt=1426215809678569&dur=212.740&key=dg_yt0&mt=1502274458&signature=7EB2DD6B4C24187E2783383DBBF8175842A9EDCD.59C03862CF17C02926F31C40CC8771E25C9D5D9A&ip=131.159.40.117&ipbits=0&expire=1502296165&sparams=ip,ipbits,expire,id,itag,source,requiressl,mv,ei,ms,initcwndbps,mn,mm,pl,ratebypass,mime,gir,clen,lmt,dur", "manifest_url": "https://manifest.googlevideo.com/api/manifest/dash/mv/m/playback_host/r5---sn-4g5e6ney.googlevideo.com/ei/BeSKWcDtII6uVbefifgH/itag/0/ms/au/initcwndbps/4135000/expire/1502296165/sparams/as%2Cei%2Chfr%2Cid%2Cinitcwndbps%2Cip%2Cipbits%2Citag%2Cmm%2Cmn%2Cms%2Cmv%2Cpl%2Cplayback_host%2Crequiressl%2Csource%2Cexpire/requiressl/yes/ip/131.159.40.117/source/youtube/id/70a10ea57e22b2e1/key/yt6/mn/sn-4g5e6ney/as/fmp4_audio_clear%2Cfmp4_sd_hd_clear/mt/1502274458/hfr/1/ipbits/0/mm/31/signature/6E597051DD464BAABEDDE8EB81FE1949ED2254D6.C9EE763E0FD1E491D1F29664073E3307E9819612/pl/16", "width": null, "height": null, "tbr": 49.225, "asr": 22050, "fps": null, "language": null, "filesize": 1284053, "vcodec": "none", "format": "139 - audio only (DASH audio)", "protocol": "https", "http_headers": {"User-Agent": "Mozilla/5.0 (X11; Linux x86_64; rv:10.0) Gecko/20150101 Firefox/47.0 (Chrome)", "Accept-Charset": "ISO-8859-1,utf-8;q=0.7,*;q=0.7", "Accept": "text/html,application/xhtml+xml,application/xml;q=0.9,*/*;q=0.8", "Accept-Encoding": "gzip, deflate", "Accept-Language": "en-us,en;q=0.5"}}, {"format_id": "249", "url": "https://r5---sn-4g5edn7y.googlevideo.com/videoplayback?key=yt6&sparams=clen%2Cdur%2Cei%2Cgir%2Cid%2Cinitcwndbps%2Cip%2Cipbits%2Citag%2Ckeepalive%2Clmt%2Cmime%2Cmm%2Cmn%2Cms%2Cmv%2Cpl%2Crequiressl%2Csource%2Cexpire&ip=131.159.40.117&ipbits=0&initcwndbps=4135000&mime=audio%2Fwebm&signature=D56862E526E8737DC803A636B138F25284707B96.C90A78629152E1D41FE8359161B6FF3A064C40A5&expire=1502296165&pl=16&id=o-AGWaCjhuqSr69Z6INNKdMbDsSjDI2AP4d5YZ70UUDZ63&dur=212.621&gir=yes&mm=31&mn=sn-4g5edn7y&source=youtube&clen=1354975&ms=au&mt=1502274458&mv=m&lmt=1429515949312819&keepalive=yes&ei=BeSKWcvHA47iVru4kLgN&requiressl=yes&itag=249&ratebypass=yes", "player_url": null, "ext": "webm", "format_note": "DASH audio", "acodec": "opus", "abr": 50, "filesize": 1354975, "tbr": 53.218, "vcodec": "none", "format": "249 - audio only (DASH audio)", "protocol": "https", "http_headers": {"User-Agent": "Mozilla/5.0 (X11; Linux x86_64; rv:10.0) Gecko/20150101 Firefox/47.0 (Chrome)", "Accept-Charset": "ISO-8859-1,utf-8;q=0.7,*;q=0.7", "Accept": "text/html,application/xhtml+xml,application/xml;q=0.9,*/*;q=0.8", "Accept-Encoding": "gzip, deflate", "Accept-Language": "en-us,en;q=0.5"}}, {"format_id": "250", "url": "https://r5---sn-4g5edn7y.googlevideo.com/videoplayback?key=yt6&sparams=clen%2Cdur%2Cei%2Cgir%2Cid%2Cinitcwndbps%2Cip%2Cipbits%2Citag%2Ckeepalive%2Clmt%2Cmime%2Cmm%2Cmn%2Cms%2Cmv%2Cpl%2Crequiressl%2Csource%2Cexpire&ip=131.159.40.117&ipbits=0&initcwndbps=4135000&mime=audio%2Fwebm&signature=35F042FD9EC33E3C554D73F3BFC92B7FD9F55BFD.B27EC2A2453A781E6368B0D713B932E43221C767&expire=1502296165&pl=16&id=o-AGWaCjhuqSr69Z6INNKdMbDsSjDI2AP4d5YZ70UUDZ63&dur=212.621&gir=yes&mm=31&mn=sn-4g5edn7y&source=youtube&clen=1659939&ms=au&mt=1502274458&mv=m&lmt=1429515944142129&keepalive=yes&ei=BeSKWcvHA47iVru4kLgN&requiressl=yes&itag=250&ratebypass=yes", "player_url": null, "ext": "webm", "format_note": "DASH audio", "acodec": "opus", "abr": 70, "filesize": 1659939, "tbr": 67.268, "vcodec": "none", "format": "250 - audio only (DASH audio)", "protocol": "https", "http_headers": {"User-Agent": "Mozilla/5.0 (X11; Linux x86_64; rv:10.0) Gecko/20150101 Firefox/47.0 (Chrome)", "Accept-Charset": "ISO-8859-1,utf-8;q=0.7,*;q=0.7", "Accept": "text/html,application/xhtml+xml,application/xml;q=0.9,*/*;q=0.8", "Accept-Encoding": "gzip, deflate", "Accept-Language": "en-us,en;q=0.5"}}, {"format_id": "171", "url": "https://r5---sn-4g5edn7y.googlevideo.com/videoplayback?key=yt6&sparams=clen%2Cdur%2Cei%2Cgir%2Cid%2Cinitcwndbps%2Cip%2Cipbits%2Citag%2Ckeepalive%2Clmt%2Cmime%2Cmm%2Cmn%2Cms%2Cmv%2Cpl%2Crequiressl%2Csource%2Cexpire&ip=131.159.40.117&ipbits=0&initcwndbps=4135000&mime=audio%2Fwebm&signature=BFAC658C7F1F052A9A30EAE93168B4BCDFA6FA74.D14B77AABACCBC05177B5680C74A5E5F062E2A07&expire=1502296165&pl=16&id=o-AGWaCjhuqSr69Z6INNKdMbDsSjDI2AP4d5YZ70UUDZ63&dur=212.624&gir=yes&mm=31&mn=sn-4g5edn7y&source=youtube&clen=2603027&ms=au&mt=1502274458&mv=m&lmt=1429515946391974&keepalive=yes&ei=BeSKWcvHA47iVru4kLgN&requiressl=yes&itag=171&ratebypass=yes", "player_url": null, "ext": "webm", "acodec": "vorbis", "format_note": "DASH audio", "abr": 128, "filesize": 2603027, "tbr": 105.833, "vcodec": "none", "format": "171 - audio only (DASH audio)", "protocol": "https", "http_headers": {"User-Agent": "Mozilla/5.0 (X11; Linux x86_64; rv:10.0) Gecko/20150101 Firefox/47.0 (Chrome)", "Accept-Charset": "ISO-8859-1,utf-8;q=0.7,*;q=0.7", "Accept": "text/html,application/xhtml+xml,application/xml;q=0.9,*/*;q=0.8", "Accept-Encoding": "gzip, deflate", "Accept-Language": "en-us,en;q=0.5"}}, {"ext": "m4a", "format_note": "DASH audio", "acodec": "mp4a.40.2", "abr": 128, "container": "m4a_dash", "format_id": "140", "url": "https://r5---sn-4g5e6ney.googlevideo.com/videoplayback?id=70a10ea57e22b2e1&itag=140&source=youtube&requiressl=yes&mv=m&ei=BeSKWcDtII6uVbefifgH&ms=au&initcwndbps=4135000&mn=sn-4g5e6ney&mm=31&pl=16&ratebypass=yes&mime=audio/mp4&gir=yes&clen=3414904&lmt=1426215820883904&dur=212.671&key=dg_yt0&mt=1502274458&signature=645A6A19CEC15854BC003D705100F072106B25BB.797DEF8DFF9850F99E98C285FE9006A6BC71607B&ip=131.159.40.117&ipbits=0&expire=1502296165&sparams=ip,ipbits,expire,id,itag,source,requiressl,mv,ei,ms,initcwndbps,mn,mm,pl,ratebypass,mime,gir,clen,lmt,dur", "manifest_url": "https://manifest.googlevideo.com/api/manifest/dash/mv/m/playback_host/r5---sn-4g5e6ney.googlevideo.com/ei/BeSKWcDtII6uVbefifgH/itag/0/ms/au/initcwndbps/4135000/expire/1502296165/sparams/as%2Cei%2Chfr%2Cid%2Cinitcwndbps%2Cip%2Cipbits%2Citag%2Cmm%2Cmn%2Cms%2Cmv%2Cpl%2Cplayback_host%2Crequiressl%2Csource%2Cexpire/requiressl/yes/ip/131.159.40.117/source/youtube/id/70a10ea57e22b2e1/key/yt6/mn/sn-4g5e6ney/as/fmp4_audio_clear%2Cfmp4_sd_hd_clear/mt/1502274458/hfr/1/ipbits/0/mm/31/signature/6E597051DD464BAABEDDE8EB81FE1949ED2254D6.C9EE763E0FD1E491D1F29664073E3307E9819612/pl/16", "width": null, "height": null, "tbr": 129.167, "asr": 44100, "fps": null, "language": null, "filesize": 3414904, "vcodec": "none", "format": "140 - audio only (DASH audio)", "protocol": "https", "http_headers": {"User-Agent": "Mozilla/5.0 (X11; Linux x86_64; rv:10.0) Gecko/20150101 Firefox/47.0 (Chrome)", "Accept-Charset": "ISO-8859-1,utf-8;q=0.7,*;q=0.7", "Accept": "text/html,application/xhtml+xml,application/xml;q=0.9,*/*;q=0.8", "Accept-Encoding": "gzip, deflate", "Accept-Language": "en-us,en;q=0.5"}}, {"format_id": "251", "url": "https://r5---sn-4g5edn7y.googlevideo.com/videoplayback?key=yt6&sparams=clen%2Cdur%2Cei%2Cgir%2Cid%2Cinitcwndbps%2Cip%2Cipbits%2Citag%2Ckeepalive%2Clmt%2Cmime%2Cmm%2Cmn%2Cms%2Cmv%2Cpl%2Crequiressl%2Csource%2Cexpire&ip=131.159.40.117&ipbits=0&initcwndbps=4135000&mime=audio%2Fwebm&signature=D3B51231DD57A3850A9A84ADE32476D5F2D08910.402E494F9388C8484C9F6D21CB7BF6A1A9207BC4&expire=1502296165&pl=16&id=o-AGWaCjhuqSr69Z6INNKdMbDsSjDI2AP4d5YZ70UUDZ63&dur=212.621&gir=yes&mm=31&mn=sn-4g5edn7y&source=youtube&clen=3757708&ms=au&mt=1502274458&mv=m&lmt=1429515945240842&keepalive=yes&ei=BeSKWcvHA47iVru4kLgN&requiressl=yes&itag=251&ratebypass=yes", "player_url": null, "ext": "webm", "format_note": "DASH audio", "acodec": "opus", "abr": 160, "filesize": 3757708, "tbr": 159.544, "vcodec": "none", "format": "251 - audio only (DASH audio)", "protocol": "https", "http_headers": {"User-Agent": "Mozilla/5.0 (X11; Linux x86_64; rv:10.0) Gecko/20150101 Firefox/47.0 (Chrome)", "Accept-Charset": "ISO-8859-1,utf-8;q=0.7,*;q=0.7", "Accept": "text/html,application/xhtml+xml,application/xml;q=0.9,*/*;q=0.8", "Accept-Encoding": "gzip, deflate", "Accept-Language": "en-us,en;q=0.5"}}, {"format_id": "278", "url": "https://r5---sn-4g5edn7y.googlevideo.com/videoplayback?key=yt6&sparams=clen%2Cdur%2Cei%2Cgir%2Cid%2Cinitcwndbps%2Cip%2Cipbits%2Citag%2Ckeepalive%2Clmt%2Cmime%2Cmm%2Cmn%2Cms%2Cmv%2Cpl%2Crequiressl%2Csource%2Cexpire&ip=131.159.40.117&ipbits=0&initcwndbps=4135000&mime=video%2Fwebm&signature=53A4C1F2A7F0CEA5B5B1395A8227B47514E1A9D2.E0F80E5DC4A897008782E3A7E89A9284C9F4B642&expire=1502296165&pl=16&id=o-AGWaCjhuqSr69Z6INNKdMbDsSjDI2AP4d5YZ70UUDZ63&dur=212.560&gir=yes&mm=31&mn=sn-4g5edn7y&source=youtube&clen=1937640&ms=au&mt=1502274458&mv=m&lmt=1429516020355840&keepalive=yes&ei=BeSKWcvHA47iVru4kLgN&requiressl=yes&itag=278&ratebypass=yes", "player_url": null, "ext": "webm", "height": 144, "format_note": "144p", "container": "webm", "vcodec": "vp9", "filesize": 1937640, "tbr": 105.384, "width": 256, "fps": 13, "acodec": "none", "format": "278 - 256x144 (144p)", "protocol": "https", "http_headers": {"User-Agent": "Mozilla/5.0 (X11; Linux x86_64; rv:10.0) Gecko/20150101 Firefox/47.0 (Chrome)", "Accept-Charset": "ISO-8859-1,utf-8;q=0.7,*;q=0.7", "Accept": "text/html,application/xhtml+xml,application/xml;q=0.9,*/*;q=0.8", "Accept-Encoding": "gzip, deflate", "Accept-Language": "en-us,en;q=0.5"}}, {"ext": "mp4", "height": 144, "format_note": "DASH video", "vcodec": "avc1.4d400c", "format_id": "160", "url": "https://r5---sn-4g5e6ney.googlevideo.com/videoplayback?id=70a10ea57e22b2e1&itag=160&source=youtube&requiressl=yes&mv=m&ei=BeSKWcDtII6uVbefifgH&ms=au&initcwndbps=4135000&mn=sn-4g5e6ney&mm=31&pl=16&ratebypass=yes&mime=video/mp4&gir=yes&clen=2945877&lmt=1426215817159876&dur=212.700&key=dg_yt0&mt=1502274458&signature=4EE5C4AE071F72E49019D94928594367DEEF8052.2580A5BA48B48B33183EA22D420347078E20CCC2&ip=131.159.40.117&ipbits=0&expire=1502296165&sparams=ip,ipbits,expire,id,itag,source,requiressl,mv,ei,ms,initcwndbps,mn,mm,pl,ratebypass,mime,gir,clen,lmt,dur", "manifest_url": "https://manifest.googlevideo.com/api/manifest/dash/mv/m/playback_host/r5---sn-4g5e6ney.googlevideo.com/ei/BeSKWcDtII6uVbefifgH/itag/0/ms/au/initcwndbps/4135000/expire/1502296165/sparams/as%2Cei%2Chfr%2Cid%2Cinitcwndbps%2Cip%2Cipbits%2Citag%2Cmm%2Cmn%2Cms%2Cmv%2Cpl%2Cplayback_host%2Crequiressl%2Csource%2Cexpire/requiressl/yes/ip/131.159.40.117/source/youtube/id/70a10ea57e22b2e1/key/yt6/mn/sn-4g5e6ney/as/fmp4_audio_clear%2Cfmp4_sd_hd_clear/mt/1502274458/hfr/1/ipbits/0/mm/31/signature/6E597051DD464BAABEDDE8EB81FE1949ED2254D6.C9EE763E0FD1E491D1F29664073E3307E9819612/pl/16", "width": 256, "tbr": 113.021, "asr": null, "fps": 13, "language": null, "filesize": 2945877, "acodec": "none", "format": "160 - 256x144 (DASH video)", "protocol": "https", "http_headers": {"User-Agent": "Mozilla/5.0 (X11; Linux x86_64; rv:10.0) Gecko/20150101 Firefox/47.0 (Chrome)", "Accept-Charset": "ISO-8859-1,utf-8;q=0.7,*;q=0.7", "Accept": "text/html,application/xhtml+xml,application/xml;q=0.9,*/*;q=0.8", "Accept-Encoding": "gzip, deflate", "Accept-Language": "en-us,en;q=0.5"}}, {"format_id": "242", "url": "https://r5---sn-4g5edn7y.googlevideo.com/videoplayback?key=yt6&sparams=clen%2Cdur%2Cei%2Cgir%2Cid%2Cinitcwndbps%2Cip%2Cipbits%2Citag%2Ckeepalive%2Clmt%2Cmime%2Cmm%2Cmn%2Cms%2Cmv%2Cpl%2Crequiressl%2Csource%2Cexpire&ip=131.159.40.117&ipbits=0&initcwndbps=4135000&mime=video%2Fwebm&signature=D50B5F1B5C46F815BC9D2EE0E7E745820B217BB1.7871A81729A619DD854D4B19CBFA3835CBEE8165&expire=1502296165&pl=16&id=o-AGWaCjhuqSr69Z6INNKdMbDsSjDI2AP4d5YZ70UUDZ63&dur=212.600&gir=yes&mm=31&mn=sn-4g5edn7y&source=youtube&clen=3226247&ms=au&mt=1502274458&mv=m&lmt=1429515991005356&keepalive=yes&ei=BeSKWcvHA47iVru4kLgN&requiressl=yes&itag=242&ratebypass=yes", "player_url": null, "ext": "webm", "height": 240, "format_note": "240p", "vcodec": "vp9", "filesize": 3226247, "tbr": 249.956, "width": 426, "fps": 25, "acodec": "none", "format": "242 - 426x240 (240p)", "protocol": "https", "http_headers": {"User-Agent": "Mozilla/5.0 (X11; Linux x86_64; rv:10.0) Gecko/20150101 Firefox/47.0 (Chrome)", "Accept-Charset": "ISO-8859-1,utf-8;q=0.7,*;q=0.7", "Accept": "text/html,application/xhtml+xml,application/xml;q=0.9,*/*;q=0.8", "Accept-Encoding": "gzip, deflate", "Accept-Language": "en-us,en;q=0.5"}}, {"ext": "mp4", "height": 240, "format_note": "DASH video", "vcodec": "avc1.4d4015", "format_id": "133", "url": "https://r5---sn-4g5e6ney.googlevideo.com/videoplayback?id=70a10ea57e22b2e1&itag=133&source=youtube&requiressl=yes&mv=m&ei=BeSKWcDtII6uVbefifgH&ms=au&initcwndbps=4135000&mn=sn-4g5e6ney&mm=31&pl=16&ratebypass=yes&mime=video/mp4&gir=yes&clen=6530500&lmt=1426215815982555&dur=212.660&key=dg_yt0&mt=1502274458&signature=783C0109C10E987DB5AEE61FA2DC380FB22EA8CA.14D72FD9C4FC18D3FEAE619497AF6DB1ADE5F0EC&ip=131.159.40.117&ipbits=0&expire=1502296165&sparams=ip,ipbits,expire,id,itag,source,requiressl,mv,ei,ms,initcwndbps,mn,mm,pl,ratebypass,mime,gir,clen,lmt,dur", "manifest_url": "https://manifest.googlevideo.com/api/manifest/dash/mv/m/playback_host/r5---sn-4g5e6ney.googlevideo.com/ei/BeSKWcDtII6uVbefifgH/itag/0/ms/au/initcwndbps/4135000/expire/1502296165/sparams/as%2Cei%2Chfr%2Cid%2Cinitcwndbps%2Cip%2Cipbits%2Citag%2Cmm%2Cmn%2Cms%2Cmv%2Cpl%2Cplayback_host%2Crequiressl%2Csource%2Cexpire/requiressl/yes/ip/131.159.40.117/source/youtube/id/70a10ea57e22b2e1/key/yt6/mn/sn-4g5e6ney/as/fmp4_audio_clear%2Cfmp4_sd_hd_clear/mt/1502274458/hfr/1/ipbits/0/mm/31/signature/6E597051DD464BAABEDDE8EB81FE1949ED2254D6.C9EE763E0FD1E491D1F29664073E3307E9819612/pl/16", "width": 426, "tbr": 255.651, "asr": null, "fps": 25, "language": null, "filesize": 6530500, "acodec": "none", "format": "133 - 426x240 (DASH video)", "protocol": "https", "http_headers": {"User-Agent": "Mozilla/5.0 (X11; Linux x86_64; rv:10.0) Gecko/20150101 Firefox/47.0 (Chrome)", "Accept-Charset": "ISO-8859-1,utf-8;q=0.7,*;q=0.7", "Accept": "text/html,application/xhtml+xml,application/xml;q=0.9,*/*;q=0.8", "Accept-Encoding": "gzip, deflate", "Accept-Language": "en-us,en;q=0.5"}}, {"format_id": "243", "url": "https://r5---sn-4g5edn7y.googlevideo.com/videoplayback?key=yt6&sparams=clen%2Cdur%2Cei%2Cgir%2Cid%2Cinitcwndbps%2Cip%2Cipbits%2Citag%2Ckeepalive%2Clmt%2Cmime%2Cmm%2Cmn%2Cms%2Cmv%2Cpl%2Crequiressl%2Csource%2Cexpire&ip=131.159.40.117&ipbits=0&initcwndbps=4135000&mime=video%2Fwebm&signature=21B591B8D1497F47FAEC94EACECA2279BFD0384D.0C968643004CD042956B07AD05318FE7EDA209B8&expire=1502296165&pl=16&id=o-AGWaCjhuqSr69Z6INNKdMbDsSjDI2AP4d5YZ70UUDZ63&dur=212.600&gir=yes&mm=31&mn=sn-4g5edn7y&source=youtube&clen=5958708&ms=au&mt=1502274458&mv=m&lmt=1429516008213807&keepalive=yes&ei=BeSKWcvHA47iVru4kLgN&requiressl=yes&itag=243&ratebypass=yes", "player_url": null, "ext": "webm", "height": 360, "format_note": "360p", "vcodec": "vp9", "filesize": 5958708, "tbr": 469.673, "width": 640, "fps": 25, "acodec": "none", "format": "243 - 640x360 (360p)", "protocol": "https", "http_headers": {"User-Agent": "Mozilla/5.0 (X11; Linux x86_64; rv:10.0) Gecko/20150101 Firefox/47.0 (Chrome)", "Accept-Charset": "ISO-8859-1,utf-8;q=0.7,*;q=0.7", "Accept": "text/html,application/xhtml+xml,application/xml;q=0.9,*/*;q=0.8", "Accept-Encoding": "gzip, deflate", "Accept-Language": "en-us,en;q=0.5"}}, {"ext": "mp4", "height": 360, "format_note": "DASH video", "vcodec": "avc1.4d401e", "format_id": "134", "url": "https://r5---sn-4g5e6ney.googlevideo.com/videoplayback?id=70a10ea57e22b2e1&itag=134&source=youtube&requiressl=yes&mv=m&ei=BeSKWcDtII6uVbefifgH&ms=au&initcwndbps=4135000&mn=sn-4g5e6ney&mm=31&pl=16&ratebypass=yes&mime=video/mp4&gir=yes&clen=8801558&lmt=1426215840020778&dur=212.660&key=dg_yt0&mt=1502274458&signature=930EB20737F9084FE13D823C8FEC6D0225C48121.8C953752348C9796AD1875F49990FB7FE745D43C&ip=131.159.40.117&ipbits=0&expire=1502296165&sparams=ip,ipbits,expire,id,itag,source,requiressl,mv,ei,ms,initcwndbps,mn,mm,pl,ratebypass,mime,gir,clen,lmt,dur", "manifest_url": "https://manifest.googlevideo.com/api/manifest/dash/mv/m/playback_host/r5---sn-4g5e6ney.googlevideo.com/ei/BeSKWcDtII6uVbefifgH/itag/0/ms/au/initcwndbps/4135000/expire/1502296165/sparams/as%2Cei%2Chfr%2Cid%2Cinitcwndbps%2Cip%2Cipbits%2Citag%2Cmm%2Cmn%2Cms%2Cmv%2Cpl%2Cplayback_host%2Crequiressl%2Csource%2Cexpire/requiressl/yes/ip/131.159.40.117/source/youtube/id/70a10ea57e22b2e1/key/yt6/mn/sn-4g5e6ney/as/fmp4_audio_clear%2Cfmp4_sd_hd_clear/mt/1502274458/hfr/1/ipbits/0/mm/31/signature/6E597051DD464BAABEDDE8EB81FE1949ED2254D6.C9EE763E0FD1E491D1F29664073E3307E9819612/pl/16", "width": 640, "tbr": 612.26, "asr": null, "fps": 25, "language": null, "filesize": 8801558, "acodec": "none", "format": "134 - 640x360 (DASH video)", "protocol": "https", "http_headers": {"User-Agent": "Mozilla/5.0 (X11; Linux x86_64; rv:10.0) Gecko/20150101 Firefox/47.0 (Chrome)", "Accept-Charset": "ISO-8859-1,utf-8;q=0.7,*;q=0.7", "Accept": "text/html,application/xhtml+xml,application/xml;q=0.9,*/*;q=0.8", "Accept-Encoding": "gzip, deflate", "Accept-Language": "en-us,en;q=0.5"}}, {"format_id": "244", "url": "https://r5---sn-4g5edn7y.googlevideo.com/videoplayback?key=yt6&sparams=clen%2Cdur%2Cei%2Cgir%2Cid%2Cinitcwndbps%2Cip%2Cipbits%2Citag%2Ckeepalive%2Clmt%2Cmime%2Cmm%2Cmn%2Cms%2Cmv%2Cpl%2Crequiressl%2Csource%2Cexpire&ip=131.159.40.117&ipbits=0&initcwndbps=4135000&mime=video%2Fwebm&signature=A5BEDD6FA04428D5CCDCE861C62FB815CAC254B9.14B9F0E2654F681F8D972A9B27A60D7D55EEB3CC&expire=1502296165&pl=16&id=o-AGWaCjhuqSr69Z6INNKdMbDsSjDI2AP4d5YZ70UUDZ63&dur=212.600&gir=yes&mm=31&mn=sn-4g5edn7y&source=youtube&clen=10305516&ms=au&mt=1502274458&mv=m&lmt=1429516051423375&keepalive=yes&ei=BeSKWcvHA47iVru4kLgN&requiressl=yes&itag=244&ratebypass=yes", "player_url": null, "ext": "webm", "height": 480, "format_note": "480p", "vcodec": "vp9", "filesize": 10305516, "tbr": 831.959, "width": 854, "fps": 25, "acodec": "none", "format": "244 - 854x480 (480p)", "protocol": "https", "http_headers": {"User-Agent": "Mozilla/5.0 (X11; Linux x86_64; rv:10.0) Gecko/20150101 Firefox/47.0 (Chrome)", "Accept-Charset": "ISO-8859-1,utf-8;q=0.7,*;q=0.7", "Accept": "text/html,application/xhtml+xml,application/xml;q=0.9,*/*;q=0.8", "Accept-Encoding": "gzip, deflate", "Accept-Language": "en-us,en;q=0.5"}}, {"ext": "mp4", "height": 480, "format_note": "DASH video", "vcodec": "avc1.4d401e", "format_id": "135", "url": "https://r5---sn-4g5e6ney.googlevideo.com/videoplayback?id=70a10ea57e22b2e1&itag=135&source=youtube&requiressl=yes&mv=m&ei=BeSKWcDtII6uVbefifgH&ms=au&initcwndbps=4135000&mn=sn-4g5e6ney&mm=31&pl=16&ratebypass=yes&mime=video/mp4&gir=yes&clen=17650751&lmt=1426215859057454&dur=212.660&key=dg_yt0&mt=1502274458&signature=034FECA55DA1BA4B6CB9413001AFDF056FA745B9.3575A01FFF11BF42923DA06B2EABB2A9376E536D&ip=131.159.40.117&ipbits=0&expire=1502296165&sparams=ip,ipbits,expire,id,itag,source,requiressl,mv,ei,ms,initcwndbps,mn,mm,pl,ratebypass,mime,gir,clen,lmt,dur", "manifest_url": "https://manifest.googlevideo.com/api/manifest/dash/mv/m/playback_host/r5---sn-4g5e6ney.googlevideo.com/ei/BeSKWcDtII6uVbefifgH/itag/0/ms/au/initcwndbps/4135000/expire/1502296165/sparams/as%2Cei%2Chfr%2Cid%2Cinitcwndbps%2Cip%2Cipbits%2Citag%2Cmm%2Cmn%2Cms%2Cmv%2Cpl%2Cplayback_host%2Crequiressl%2Csource%2Cexpire/requiressl/yes/ip/131.159.40.117/source/youtube/id/70a10ea57e22b2e1/key/yt6/mn/sn-4g5e6ney/as/fmp4_audio_clear%2Cfmp4_sd_hd_clear/mt/1502274458/hfr/1/ipbits/0/mm/31/signature/6E597051DD464BAABEDDE8EB81FE1949ED2254D6.C9EE763E0FD1E491D1F29664073E3307E9819612/pl/16", "width": 854, "tbr": 1119.607, "asr": null, "fps": 25, "language": null, "filesize": 17650751, "acodec": "none", "format": "135 - 854x480 (DASH video)", "protocol": "https", "http_headers": {"User-Agent": "Mozilla/5.0 (X11; Linux x86_64; rv:10.0) Gecko/20150101 Firefox/47.0 (Chrome)", "Accept-Charset": "ISO-8859-1,utf-8;q=0.7,*;q=0.7", "Accept": "text/html,application/xhtml+xml,application/xml;q=0.9,*/*;q=0.8", "Accept-Encoding": "gzip, deflate", "Accept-Language": "en-us,en;q=0.5"}}, {"format_id": "247", "url": "https://r5---sn-4g5edn7y.googlevideo.com/videoplayback?key=yt6&sparams=clen%2Cdur%2Cei%2Cgir%2Cid%2Cinitcwndbps%2Cip%2Cipbits%2Citag%2Ckeepalive%2Clmt%2Cmime%2Cmm%2Cmn%2Cms%2Cmv%2Cpl%2Crequiressl%2Csource%2Cexpire&ip=131.159.40.117&ipbits=0&initcwndbps=4135000&mime=video%2Fwebm&signature=5FB740E9F59D512FD08830F69BB2E9A3172CBBB1.BCD90C17F252C0A7FF8FCFBC6D4A3775FFCE31E7&expire=1502296165&pl=16&id=o-AGWaCjhuqSr69Z6INNKdMbDsSjDI2AP4d5YZ70UUDZ63&dur=212.600&gir=yes&mm=31&mn=sn-4g5edn7y&source=youtube&clen=22891712&ms=au&mt=1502274458&mv=m&lmt=1429516114137228&keepalive=yes&ei=BeSKWcvHA47iVru4kLgN&requiressl=yes&itag=247&ratebypass=yes", "player_url": null, "ext": "webm", "height": 720, "format_note": "720p", "vcodec": "vp9", "filesize": 22891712, "tbr": 1852.915, "width": 1280, "fps": 25, "acodec": "none", "format": "247 - 1280x720 (720p)", "protocol": "https", "http_headers": {"User-Agent": "Mozilla/5.0 (X11; Linux x86_64; rv:10.0) Gecko/20150101 Firefox/47.0 (Chrome)", "Accept-Charset": "ISO-8859-1,utf-8;q=0.7,*;q=0.7", "Accept": "text/html,application/xhtml+xml,application/xml;q=0.9,*/*;q=0.8", "Accept-Encoding": "gzip, deflate", "Accept-Language": "en-us,en;q=0.5"}}, {"format_id": "136", "url": "https://r5---sn-4g5edn7y.googlevideo.com/videoplayback?key=yt6&sparams=clen%2Cdur%2Cei%2Cgir%2Cid%2Cinitcwndbps%2Cip%2Cipbits%2Citag%2Ckeepalive%2Clmt%2Cmime%2Cmm%2Cmn%2Cms%2Cmv%2Cpl%2Crequiressl%2Csource%2Cexpire&ip=131.159.40.117&ipbits=0&initcwndbps=4135000&mime=video%2Fmp4&signature=90DB18949351060DC66765FB50EC80B87565D9C2.6ECEAE988CB7A4477D3A015A61C222F3AEA5AE05&expire=1502296165&pl=16&id=o-AGWaCjhuqSr69Z6INNKdMbDsSjDI2AP4d5YZ70UUDZ63&dur=212.660&gir=yes&mm=31&mn=sn-4g5edn7y&source=youtube&clen=35597372&ms=au&mt=1502274458&mv=m&lmt=1426215912276805&keepalive=yes&ei=BeSKWcvHA47iVru4kLgN&requiressl=yes&itag=136&ratebypass=yes", "player_url": null, "ext": "mp4", "height": 720, "format_note": "720p", "vcodec": "avc1.4d401f", "filesize": 35597372, "tbr": 2227.116, "width": 1280, "fps": 25, "acodec": "none", "format": "136 - 1280x720 (720p)", "protocol": "https", "http_headers": {"User-Agent": "Mozilla/5.0 (X11; Linux x86_64; rv:10.0) Gecko/20150101 Firefox/47.0 (Chrome)", "Accept-Charset": "ISO-8859-1,utf-8;q=0.7,*;q=0.7", "Accept": "text/html,application/xhtml+xml,application/xml;q=0.9,*/*;q=0.8", "Accept-Encoding": "gzip, deflate", "Accept-Language": "en-us,en;q=0.5"}}, {"ext": "mp4", "height": 720, "format_note": "DASH video", "vcodec": "avc1.4d4020", "fps": 50, "format_id": "298", "url": "https://r5---sn-4g5e6ney.googlevideo.com/videoplayback?id=70a10ea57e22b2e1&itag=298&source=youtube&requiressl=yes&mv=m&ei=BeSKWcDtII6uVbefifgH&ms=au&initcwndbps=4135000&mn=sn-4g5e6ney&mm=31&pl=16&ratebypass=yes&mime=video/mp4&gir=yes&clen=60463112&lmt=1426215969908260&dur=212.620&key=dg_yt0&mt=1502274458&signature=697F59AAA648E972BE3E37317258906368EF79D2.3444A1FADFFB818FF86BF9CEF228C64DF3FCCB0C&ip=131.159.40.117&ipbits=0&expire=1502296165&sparams=ip,ipbits,expire,id,itag,source,requiressl,mv,ei,ms,initcwndbps,mn,mm,pl,ratebypass,mime,gir,clen,lmt,dur", "manifest_url": "https://manifest.googlevideo.com/api/manifest/dash/mv/m/playback_host/r5---sn-4g5e6ney.googlevideo.com/ei/BeSKWcDtII6uVbefifgH/itag/0/ms/au/initcwndbps/4135000/expire/1502296165/sparams/as%2Cei%2Chfr%2Cid%2Cinitcwndbps%2Cip%2Cipbits%2Citag%2Cmm%2Cmn%2Cms%2Cmv%2Cpl%2Cplayback_host%2Crequiressl%2Csource%2Cexpire/requiressl/yes/ip/131.159.40.117/source/youtube/id/70a10ea57e22b2e1/key/yt6/mn/sn-4g5e6ney/as/fmp4_audio_clear%2Cfmp4_sd_hd_clear/mt/1502274458/hfr/1/ipbits/0/mm/31/signature/6E597051DD464BAABEDDE8EB81FE1949ED2254D6.C9EE763E0FD1E491D1F29664073E3307E9819612/pl/16", "width": 1280, "tbr": 3313.758, "asr": null, "language": null, "filesize": 60463112, "acodec": "none", "format": "298 - 1280x720 (DASH video)", "protocol": "https", "http_headers": {"User-Agent": "Mozilla/5.0 (X11; Linux x86_64; rv:10.0) Gecko/20150101 Firefox/47.0 (Chrome)", "Accept-Charset": "ISO-8859-1,utf-8;q=0.7,*;q=0.7", "Accept": "text/html,application/xhtml+xml,application/xml;q=0.9,*/*;q=0.8", "Accept-Encoding": "gzip, deflate", "Accept-Language": "en-us,en;q=0.5"}}, {"format_id": "302", "url": "https://r5---sn-4g5edn7y.googlevideo.com/videoplayback?key=yt6&sparams=clen%2Cdur%2Cei%2Cgir%2Cid%2Cinitcwndbps%2Cip%2Cipbits%2Citag%2Ckeepalive%2Clmt%2Cmime%2Cmm%2Cmn%2Cms%2Cmv%2Cpl%2Crequiressl%2Csource%2Cexpire&ip=131.159.40.117&ipbits=0&initcwndbps=4135000&mime=video%2Fwebm&signature=0EC05839F7448AD049C0B701CB5AB414F5570686.C1B6EEFCA44D65C8AFAE0152656D83FAF5B5C2B6&expire=1502296165&pl=16&id=o-AGWaCjhuqSr69Z6INNKdMbDsSjDI2AP4d5YZ70UUDZ63&dur=212.600&gir=yes&mm=31&mn=sn-4g5edn7y&source=youtube&clen=39304192&ms=au&mt=1502274458&mv=m&lmt=1429516135955540&keepalive=yes&ei=BeSKWcvHA47iVru4kLgN&requiressl=yes&itag=302&ratebypass=yes", "player_url": null, "ext": "webm", "height": 720, "format_note": "720p50", "vcodec": "vp9", "fps": 50, "filesize": 39304192, "tbr": 3375.834, "width": 1280, "acodec": "none", "format": "302 - 1280x720 (720p50)", "protocol": "https", "http_headers": {"User-Agent": "Mozilla/5.0 (X11; Linux x86_64; rv:10.0) Gecko/20150101 Firefox/47.0 (Chrome)", "Accept-Charset": "ISO-8859-1,utf-8;q=0.7,*;q=0.7", "Accept": "text/html,application/xhtml+xml,application/xml;q=0.9,*/*;q=0.8", "Accept-Encoding": "gzip, deflate", "Accept-Language": "en-us,en;q=0.5"}}, {"format_id": "17", "url": "https://r5---sn-4g5edn7y.googlevideo.com/videoplayback?key=yt6&sparams=clen%2Cdur%2Cei%2Cgir%2Cid%2Cinitcwndbps%2Cip%2Cipbits%2Citag%2Clmt%2Cmime%2Cmm%2Cmn%2Cms%2Cmv%2Cpl%2Crequiressl%2Csource%2Cexpire&ip=131.159.40.117&ipbits=0&initcwndbps=4135000&mime=video%2F3gpp&signature=D60342171540FB35C3D750AF717529555D2D9651.8E9F684C21BCDAAFB1E760FC08403EC750DCB49E&expire=1502296165&pl=16&id=o-AGWaCjhuqSr69Z6INNKdMbDsSjDI2AP4d5YZ70UUDZ63&dur=213.066&gir=yes&mm=31&mn=sn-4g5edn7y&source=youtube&clen=2223919&ms=au&mt=1502274458&mv=m&lmt=1394603029753627&ei=BeSKWcvHA47iVru4kLgN&requiressl=yes&itag=17&ratebypass=yes", "player_url": null, "ext": "3gp", "width": 176, "height": 144, "acodec": "mp4a.40.2", "abr": 24, "vcodec": "mp4v.20.3", "resolution": "176x144", "format_note": "small", "format": "17 - 176x144 (small)", "protocol": "https", "http_headers": {"User-Agent": "Mozilla/5.0 (X11; Linux x86_64; rv:10.0) Gecko/20150101 Firefox/47.0 (Chrome)", "Accept-Charset": "ISO-8859-1,utf-8;q=0.7,*;q=0.7", "Accept": "text/html,application/xhtml+xml,application/xml;q=0.9,*/*;q=0.8", "Accept-Encoding": "gzip, deflate", "Accept-Language": "en-us,en;q=0.5"}}, {"format_id": "36", "url": "https://r5---sn-4g5edn7y.googlevideo.com/videoplayback?key=yt6&sparams=clen%2Cdur%2Cei%2Cgir%2Cid%2Cinitcwndbps%2Cip%2Cipbits%2Citag%2Clmt%2Cmime%2Cmm%2Cmn%2Cms%2Cmv%2Cpl%2Crequiressl%2Csource%2Cexpire&ip=131.159.40.117&ipbits=0&initcwndbps=4135000&mime=video%2F3gpp&signature=D4170AEC4EF7FFF83138349D5D0EF5455D1E2077.CFFCEBE625AC544148BDC5667FC49BFF22C2CA3E&expire=1502296165&pl=16&id=o-AGWaCjhuqSr69Z6INNKdMbDsSjDI2AP4d5YZ70UUDZ63&dur=212.926&gir=yes&mm=31&mn=sn-4g5edn7y&source=youtube&clen=5989163&ms=au&mt=1502274458&mv=m&lmt=1394602997157082&ei=BeSKWcvHA47iVru4kLgN&requiressl=yes&itag=36&ratebypass=yes", "player_url": null, "ext": "3gp", "width": 320, "acodec": "mp4a.40.2", "vcodec": "mp4v.20.3", "resolution": "320x180", "height": 180, "format_note": "small", "format": "36 - 320x180 (small)", "protocol": "https", "http_headers": {"User-Agent": "Mozilla/5.0 (X11; Linux x86_64; rv:10.0) Gecko/20150101 Firefox/47.0 (Chrome)", "Accept-Charset": "ISO-8859-1,utf-8;q=0.7,*;q=0.7", "Accept": "text/html,application/xhtml+xml,application/xml;q=0.9,*/*;q=0.8", "Accept-Encoding": "gzip, deflate", "Accept-Language": "en-us,en;q=0.5"}}, {"format_id": "43", "url": "https://r5---sn-4g5edn7y.googlevideo.com/videoplayback?key=yt6&signature=144E5ACC87AB3C10ABA07065905407C52A13D76B.AC0A1E3BB14798B60AF05A6A9941DC9BA2C6D1F2&sparams=clen%2Cdur%2Cei%2Cgir%2Cid%2Cinitcwndbps%2Cip%2Cipbits%2Citag%2Clmt%2Cmime%2Cmm%2Cmn%2Cms%2Cmv%2Cpl%2Cratebypass%2Crequiressl%2Csource%2Cexpire&ip=131.159.40.117&ipbits=0&initcwndbps=4135000&mime=video%2Fwebm&lmt=1351543253287025&expire=1502296165&ratebypass=yes&pl=16&id=o-AGWaCjhuqSr69Z6INNKdMbDsSjDI2AP4d5YZ70UUDZ63&dur=0.000&gir=yes&mm=31&mn=sn-4g5edn7y&source=youtube&clen=12963675&ms=au&mt=1502274458&mv=m&ei=BeSKWcvHA47iVru4kLgN&requiressl=yes&itag=43", "player_url": null, "ext": "webm", "width": 640, "height": 360, "acodec": "vorbis", "abr": 128, "vcodec": "vp8.0", "resolution": "640x360", "format_note": "medium", "format": "43 - 640x360 (medium)", "protocol": "https", "http_headers": {"User-Agent": "Mozilla/5.0 (X11; Linux x86_64; rv:10.0) Gecko/20150101 Firefox/47.0 (Chrome)", "Accept-Charset": "ISO-8859-1,utf-8;q=0.7,*;q=0.7", "Accept": "text/html,application/xhtml+xml,application/xml;q=0.9,*/*;q=0.8", "Accept-Encoding": "gzip, deflate", "Accept-Language": "en-us,en;q=0.5"}}, {"format_id": "18", "url": "https://r5---sn-4g5edn7y.googlevideo.com/videoplayback?key=yt6&signature=D4103A7AB4FB63B0E2C64EAE4EFC99746937B5F1.B0D9EDF59DE6695A70EF036B5FCC7689D2C0665C&sparams=clen%2Cdur%2Cei%2Cgir%2Cid%2Cinitcwndbps%2Cip%2Cipbits%2Citag%2Clmt%2Cmime%2Cmm%2Cmn%2Cms%2Cmv%2Cpl%2Cratebypass%2Crequiressl%2Csource%2Cexpire&ip=131.159.40.117&ipbits=0&initcwndbps=4135000&mime=video%2Fmp4&lmt=1394602961081416&expire=1502296165&ratebypass=yes&pl=16&id=o-AGWaCjhuqSr69Z6INNKdMbDsSjDI2AP4d5YZ70UUDZ63&dur=212.787&gir=yes&mm=31&mn=sn-4g5edn7y&source=youtube&clen=12469417&ms=au&mt=1502274458&mv=m&ei=BeSKWcvHA47iVru4kLgN&requiressl=yes&itag=18", "player_url": null, "ext": "mp4", "width": 640, "height": 360, "acodec": "mp4a.40.2", "abr": 96, "vcodec": "avc1.42001E", "resolution": "640x360", "format_note": "medium", "format": "18 - 640x360 (medium)", "protocol": "https", "http_headers": {"User-Agent": "Mozilla/5.0 (X11; Linux x86_64; rv:10.0) Gecko/20150101 Firefox/47.0 (Chrome)", "Accept-Charset": "ISO-8859-1,utf-8;q=0.7,*;q=0.7", "Accept": "text/html,application/xhtml+xml,application/xml;q=0.9,*/*;q=0.8", "Accept-Encoding": "gzip, deflate", "Accept-Language": "en-us,en;q=0.5"}}, {"format_id": "22", "url": "https://r5---sn-4g5edn7y.googlevideo.com/videoplayback?id=o-AGWaCjhuqSr69Z6INNKdMbDsSjDI2AP4d5YZ70UUDZ63&dur=212.671&mm=31&mn=sn-4g5edn7y&key=yt6&signature=09453ABA6965EB3E69D6EE8B8DF7BF445BDFA8FB.49510B75A5127D49E7CA06289E884332118BF4FD&sparams=dur%2Cei%2Cid%2Cinitcwndbps%2Cip%2Cipbits%2Citag%2Clmt%2Cmime%2Cmm%2Cmn%2Cms%2Cmv%2Cpl%2Cratebypass%2Crequiressl%2Csource%2Cexpire&source=youtube&ip=131.159.40.117&ms=au&ipbits=0&initcwndbps=4135000&mv=m&mime=video%2Fmp4&lmt=1472226752330744&expire=1502296165&mt=1502274458&ratebypass=yes&ei=BeSKWcvHA47iVru4kLgN&requiressl=yes&pl=16&itag=22", "player_url": null, "ext": "mp4", "width": 1280, "height": 720, "acodec": "mp4a.40.2", "abr": 192, "vcodec": "avc1.64001F", "resolution": "1280x720", "format_note": "hd720", "format": "22 - 1280x720 (hd720)", "protocol": "https", "http_headers": {"User-Agent": "Mozilla/5.0 (X11; Linux x86_64; rv:10.0) Gecko/20150101 Firefox/47.0 (Chrome)", "Accept-Charset": "ISO-8859-1,utf-8;q=0.7,*;q=0.7", "Accept": "text/html,application/xhtml+xml,application/xml;q=0.9,*/*;q=0.8", "Accept-Encoding": "gzip, deflate", "Accept-Language": "en-us,en;q=0.5"}}], "is_live": null, "start_time": null, "end_time": null, "series": null, "season_number": null, "episode_number": null, "extractor": "youtube", "webpage_url_basename": "cKEOpX4isuE", "extractor_key": "Youtube", "playlist": null, "playlist_index": null, "thumbnails": [{"url": "https://i.ytimg.com/vi/cKEOpX4isuE/maxresdefault.jpg", "id": "0"}], "display_id": "cKEOpX4isuE", "ext": "mp4", "height": 720, "format_note": "DASH video", "vcodec": "avc1.4d4020", "fps": 50, "format_id": "298", "url": "https://r5---sn-4g5e6ney.googlevideo.com/videoplayback?id=70a10ea57e22b2e1&itag=298&source=youtube&requiressl=yes&mv=m&ei=BeSKWcDtII6uVbefifgH&ms=au&initcwndbps=4135000&mn=sn-4g5e6ney&mm=31&pl=16&ratebypass=yes&mime=video/mp4&gir=yes&clen=60463112&lmt=1426215969908260&dur=212.620&key=dg_yt0&mt=1502274458&signature=697F59AAA648E972BE3E37317258906368EF79D2.3444A1FADFFB818FF86BF9CEF228C64DF3FCCB0C&ip=131.159.40.117&ipbits=0&expire=1502296165&sparams=ip,ipbits,expire,id,itag,source,requiressl,mv,ei,ms,initcwndbps,mn,mm,pl,ratebypass,mime,gir,clen,lmt,dur", "manifest_url": "https://manifest.googlevideo.com/api/manifest/dash/mv/m/playback_host/r5---sn-4g5e6ney.googlevideo.com/ei/BeSKWcDtII6uVbefifgH/itag/0/ms/au/initcwndbps/4135000/expire/1502296165/sparams/as%2Cei%2Chfr%2Cid%2Cinitcwndbps%2Cip%2Cipbits%2Citag%2Cmm%2Cmn%2Cms%2Cmv%2Cpl%2Cplayback_host%2Crequiressl%2Csource%2Cexpire/requiressl/yes/ip/131.159.40.117/source/youtube/id/70a10ea57e22b2e1/key/yt6/mn/sn-4g5e6ney/as/fmp4_audio_clear%2Cfmp4_sd_hd_clear/mt/1502274458/hfr/1/ipbits/0/mm/31/signature/6E597051DD464BAABEDDE8EB81FE1949ED2254D6.C9EE763E0FD1E491D1F29664073E3307E9819612/pl/16", "width": 1280, "tbr": 3313.758, "asr": null, "language": null, "filesize": 60463112, "acodec": "none", "format": "298 - 1280x720 (DASH video)", "protocol": "https", "http_headers": {"User-Agent": "Mozilla/5.0 (X11; Linux x86_64; rv:10.0) Gecko/20150101 Firefox/47.0 (Chrome)", "Accept-Charset": "ISO-8859-1,utf-8;q=0.7,*;q=0.7", "Accept": "text/html,application/xhtml+xml,application/xml;q=0.9,*/*;q=0.8", "Accept-Encoding": "gzip, deflate", "Accept-Language": "en-us,en;q=0.5"}, "fulltitle": "Weiterer Bericht zum B\u00f6ller bei Borussia Dortmund gegen Hansa Rostock...", "_filename": "cKEOpX4isuE.mp4"}