{"id": "46Wi4MvIfe4", "uploader": "ABS-CBN News", "uploader_id": "TheABSCBNNews", "uploader_url": "http://www.youtube.com/user/TheABSCBNNews", "upload_date": "20121018", "license": "Standard YouTube License", "creator": null, "title": "New vehicle license plate design eyed", "alt_title": null, "thumbnail": "https://i.ytimg.com/vi/46Wi4MvIfe4/hqdefault.jpg", "description": "Planong baguhin ng LTO ang disenyo ng mga plaka ng mga sasakyan simula 2013. Lalagyan ito ng mga security feature para maiwasan ang pamemeke o magamit ito sa krimen. Magba-Bandila si Jeck Batallones. Bandila, Oktubre 18, 2012, Huwebes", "categories": ["News & Politics"], "tags": ["Bandila", "October 18 2012", "latest videos", "Jeck Batallones", "LTO", "plate", "license", "register"], "subtitles": {}, "automatic_captions": {}, "duration": 128, "age_limit": 0, "annotations": null, "chapters": null, "webpage_url": "https://www.youtube.com/watch?v=46Wi4MvIfe4", "view_count": 15536, "like_count": 10, "dislike_count": 6, "average_rating": 3.5, "formats": [{"ext": "m4a", "format_note": "DASH audio", "acodec": "mp4a.40.5", "abr": 48, "container": "m4a_dash", "format_id": "139", "url": "https://r4---sn-4g57knze.googlevideo.com/videoplayback?id=e3a5a2e0cbc87dee&itag=139&source=youtube&requiressl=yes&initcwndbps=4432500&mn=sn-4g57knze&mm=31&mv=m&pl=16&ms=au&ei=3o6JWdyXJcKscP6Hp0A&ratebypass=yes&mime=audio/mp4&gir=yes&clen=770478&lmt=1404522253213391&dur=127.616&key=dg_yt0&signature=5A29FE53626E7CA58C10A5D6457AD55B302AA28B.5B5064B252948DE8D8FBEB76099003AD4B130B50&beids=[9466594]&mt=1502187116&ip=131.159.40.117&ipbits=0&expire=1502208830&sparams=ip,ipbits,expire,id,itag,source,requiressl,initcwndbps,mn,mm,mv,pl,ms,ei,ratebypass,mime,gir,clen,lmt,dur", "manifest_url": "https://manifest.googlevideo.com/api/manifest/dash/hfr/1/as/fmp4_audio_clear%2Cfmp4_sd_hd_clear/key/yt6/ip/131.159.40.117/playback_host/r4---sn-4g57knze.googlevideo.com/initcwndbps/4432500/requiressl/yes/signature/464BD37C036434B98B39CE1EE8853B7299FBA115.2741B6C9D3F214623E5DD6550D637A8685047950/expire/1502208830/sparams/as%2Cei%2Chfr%2Cid%2Cinitcwndbps%2Cip%2Cipbits%2Citag%2Cmm%2Cmn%2Cms%2Cmv%2Cpl%2Cplayback_host%2Crequiressl%2Csource%2Cexpire/beids/%5B9466594%5D/itag/0/ipbits/0/mn/sn-4g57knze/mm/31/id/e3a5a2e0cbc87dee/source/youtube/mv/m/pl/16/mt/1502187116/ms/au/ei/3o6JWdyXJcKscP6Hp0A", "width": null, "height": null, "tbr": 49.143, "asr": 22050, "fps": null, "language": null, "filesize": 770478, "vcodec": "none", "format": "139 - audio only (DASH audio)", "protocol": "https", "http_headers": {"User-Agent": "Mozilla/5.0 (X11; Linux x86_64; rv:10.0) Gecko/20150101 Firefox/47.0 (Chrome)", "Accept-Charset": "ISO-8859-1,utf-8;q=0.7,*;q=0.7", "Accept": "text/html,application/xhtml+xml,application/xml;q=0.9,*/*;q=0.8", "Accept-Encoding": "gzip, deflate", "Accept-Language": "en-us,en;q=0.5"}}, {"format_id": "171", "url": "https://r4---sn-4g57knze.googlevideo.com/videoplayback?sparams=clen%2Cdur%2Cei%2Cgir%2Cid%2Cinitcwndbps%2Cip%2Cipbits%2Citag%2Ckeepalive%2Clmt%2Cmime%2Cmm%2Cmn%2Cms%2Cmv%2Cpl%2Crequiressl%2Csource%2Cexpire&beids=%5B9466594%5D&requiressl=yes&ei=3o6JWajdB42icLnWiogH&dur=127.499&ip=131.159.40.117&key=yt6&keepalive=yes&mm=31&mn=sn-4g57knze&mv=m&mt=1502187116&gir=yes&pl=16&id=o-AD_YadDZzW0xQ5dd_QZ-UuZmB8HCA7ORoyAUKzTqVUHK&ms=au&signature=2B4D977CBCFA4D5CA8979515D4329A3619EF399B.2DF5916436F84150945307F576B1296354E1DAC8&ipbits=0&lmt=1404460405703737&source=youtube&initcwndbps=4432500&clen=1550027&mime=audio%2Fwebm&itag=171&expire=1502208830&ratebypass=yes", "player_url": null, "ext": "webm", "acodec": "vorbis", "format_note": "DASH audio", "abr": 128, "filesize": 1550027, "tbr": 110.95, "fps": 1, "vcodec": "none", "format": "171 - audio only (DASH audio)", "protocol": "https", "http_headers": {"User-Agent": "Mozilla/5.0 (X11; Linux x86_64; rv:10.0) Gecko/20150101 Firefox/47.0 (Chrome)", "Accept-Charset": "ISO-8859-1,utf-8;q=0.7,*;q=0.7", "Accept": "text/html,application/xhtml+xml,application/xml;q=0.9,*/*;q=0.8", "Accept-Encoding": "gzip, deflate", "Accept-Language": "en-us,en;q=0.5"}}, {"ext": "m4a", "format_note": "DASH audio", "acodec": "mp4a.40.2", "abr": 128, "container": "m4a_dash", "format_id": "140", "url": "https://r4---sn-4g57knze.googlevideo.com/videoplayback?id=e3a5a2e0cbc87dee&itag=140&source=youtube&requiressl=yes&initcwndbps=4432500&mn=sn-4g57knze&mm=31&mv=m&pl=16&ms=au&ei=3o6JWdyXJcKscP6Hp0A&ratebypass=yes&mime=audio/mp4&gir=yes&clen=2048276&lmt=1404522253252130&dur=127.546&key=dg_yt0&signature=7750917A46DEDBFBCCD6F85ECD8FBF5574978E10.0F6708722E4620533B3DCB6B2661C33EEAC76160&beids=[9466594]&mt=1502187116&ip=131.159.40.117&ipbits=0&expire=1502208830&sparams=ip,ipbits,expire,id,itag,source,requiressl,initcwndbps,mn,mm,mv,pl,ms,ei,ratebypass,mime,gir,clen,lmt,dur", "manifest_url": "https://manifest.googlevideo.com/api/manifest/dash/hfr/1/as/fmp4_audio_clear%2Cfmp4_sd_hd_clear/key/yt6/ip/131.159.40.117/playback_host/r4---sn-4g57knze.googlevideo.com/initcwndbps/4432500/requiressl/yes/signature/464BD37C036434B98B39CE1EE8853B7299FBA115.2741B6C9D3F214623E5DD6550D637A8685047950/expire/1502208830/sparams/as%2Cei%2Chfr%2Cid%2Cinitcwndbps%2Cip%2Cipbits%2Citag%2Cmm%2Cmn%2Cms%2Cmv%2Cpl%2Cplayback_host%2Crequiressl%2Csource%2Cexpire/beids/%5B9466594%5D/itag/0/ipbits/0/mn/sn-4g57knze/mm/31/id/e3a5a2e0cbc87dee/source/youtube/mv/m/pl/16/mt/1502187116/ms/au/ei/3o6JWdyXJcKscP6Hp0A", "width": null, "height": null, "tbr": 129.124, "asr": 44100, "fps": null, "language": null, "filesize": 2048276, "vcodec": "none", "format": "140 - audio only (DASH audio)", "protocol": "https", "http_headers": {"User-Agent": "Mozilla/5.0 (X11; Linux x86_64; rv:10.0) Gecko/20150101 Firefox/47.0 (Chrome)", "Accept-Charset": "ISO-8859-1,utf-8;q=0.7,*;q=0.7", "Accept": "text/html,application/xhtml+xml,application/xml;q=0.9,*/*;q=0.8", "Accept-Encoding": "gzip, deflate", "Accept-Language": "en-us,en;q=0.5"}}, {"ext": "mp4", "height": 144, "format_note": "DASH video", "vcodec": "avc1.4d400c", "format_id": "160", "url": "https://r4---sn-4g57knze.googlevideo.com/videoplayback?id=e3a5a2e0cbc87dee&itag=160&source=youtube&requiressl=yes&initcwndbps=4432500&mn=sn-4g57knze&mm=31&mv=m&pl=16&ms=au&ei=3o6JWdyXJcKscP6Hp0A&ratebypass=yes&mime=video/mp4&gir=yes&clen=1709226&lmt=1404522253097267&dur=127.468&key=dg_yt0&signature=0411AB96587E86568A794DA71B44865AC4A9D0CC.0EDE4F88895EE7B8CE92533E4263C27D05A6D94D&beids=[9466594]&mt=1502187116&ip=131.159.40.117&ipbits=0&expire=1502208830&sparams=ip,ipbits,expire,id,itag,source,requiressl,initcwndbps,mn,mm,mv,pl,ms,ei,ratebypass,mime,gir,clen,lmt,dur", "manifest_url": "https://manifest.googlevideo.com/api/manifest/dash/hfr/1/as/fmp4_audio_clear%2Cfmp4_sd_hd_clear/key/yt6/ip/131.159.40.117/playback_host/r4---sn-4g57knze.googlevideo.com/initcwndbps/4432500/requiressl/yes/signature/464BD37C036434B98B39CE1EE8853B7299FBA115.2741B6C9D3F214623E5DD6550D637A8685047950/expire/1502208830/sparams/as%2Cei%2Chfr%2Cid%2Cinitcwndbps%2Cip%2Cipbits%2Citag%2Cmm%2Cmn%2Cms%2Cmv%2Cpl%2Cplayback_host%2Crequiressl%2Csource%2Cexpire/beids/%5B9466594%5D/itag/0/ipbits/0/mn/sn-4g57knze/mm/31/id/e3a5a2e0cbc87dee/source/youtube/mv/m/pl/16/mt/1502187116/ms/au/ei/3o6JWdyXJcKscP6Hp0A", "width": 192, "tbr": 112.645, "asr": null, "fps": 15, "language": null, "filesize": 1709226, "acodec": "none", "format": "160 - 192x144 (DASH video)", "protocol": "https", "http_headers": {"User-Agent": "Mozilla/5.0 (X11; Linux x86_64; rv:10.0) Gecko/20150101 Firefox/47.0 (Chrome)", "Accept-Charset": "ISO-8859-1,utf-8;q=0.7,*;q=0.7", "Accept": "text/html,application/xhtml+xml,application/xml;q=0.9,*/*;q=0.8", "Accept-Encoding": "gzip, deflate", "Accept-Language": "en-us,en;q=0.5"}}, {"ext": "mp4", "height": 240, "format_note": "DASH video", "vcodec": "avc1.4d400d", "format_id": "133", "url": "https://r4---sn-4g57knze.googlevideo.com/videoplayback?id=e3a5a2e0cbc87dee&itag=133&source=youtube&requiressl=yes&initcwndbps=4432500&mn=sn-4g57knze&mm=31&mv=m&pl=16&ms=au&ei=3o6JWdyXJcKscP6Hp0A&ratebypass=yes&mime=video/mp4&gir=yes&clen=3898683&lmt=1404522253204375&dur=127.468&key=dg_yt0&signature=6D1DA5B7B4B0758EAC8B0796B0C79D02DCF484BD.30F0D225C388F4FFED2DA119C683AA767ACC8A83&beids=[9466594]&mt=1502187116&ip=131.159.40.117&ipbits=0&expire=1502208830&sparams=ip,ipbits,expire,id,itag,source,requiressl,initcwndbps,mn,mm,mv,pl,ms,ei,ratebypass,mime,gir,clen,lmt,dur", "manifest_url": "https://manifest.googlevideo.com/api/manifest/dash/hfr/1/as/fmp4_audio_clear%2Cfmp4_sd_hd_clear/key/yt6/ip/131.159.40.117/playback_host/r4---sn-4g57knze.googlevideo.com/initcwndbps/4432500/requiressl/yes/signature/464BD37C036434B98B39CE1EE8853B7299FBA115.2741B6C9D3F214623E5DD6550D637A8685047950/expire/1502208830/sparams/as%2Cei%2Chfr%2Cid%2Cinitcwndbps%2Cip%2Cipbits%2Citag%2Cmm%2Cmn%2Cms%2Cmv%2Cpl%2Cplayback_host%2Crequiressl%2Csource%2Cexpire/beids/%5B9466594%5D/itag/0/ipbits/0/mn/sn-4g57knze/mm/31/id/e3a5a2e0cbc87dee/source/youtube/mv/m/pl/16/mt/1502187116/ms/au/ei/3o6JWdyXJcKscP6Hp0A", "width": 320, "tbr": 248.123, "asr": null, "fps": 30, "language": null, "filesize": 3898683, "acodec": "none", "format": "133 - 320x240 (DASH video)", "protocol": "https", "http_headers": {"User-Agent": "Mozilla/5.0 (X11; Linux x86_64; rv:10.0) Gecko/20150101 Firefox/47.0 (Chrome)", "Accept-Charset": "ISO-8859-1,utf-8;q=0.7,*;q=0.7", "Accept": "text/html,application/xhtml+xml,application/xml;q=0.9,*/*;q=0.8", "Accept-Encoding": "gzip, deflate", "Accept-Language": "en-us,en;q=0.5"}}, {"ext": "mp4", "height": 360, "format_note": "DASH video", "vcodec": "avc1.4d401e", "format_id": "134", "url": "https://r4---sn-4g57knze.googlevideo.com/videoplayback?id=e3a5a2e0cbc87dee&itag=134&source=youtube&requiressl=yes&initcwndbps=4432500&mn=sn-4g57knze&mm=31&mv=m&pl=16&ms=au&ei=3o6JWdyXJcKscP6Hp0A&ratebypass=yes&mime=video/mp4&gir=yes&clen=4315827&lmt=1404522253209003&dur=127.468&key=dg_yt0&signature=341ED1361F7332B019F6ED059870F489ACBDC78A.2BBF95711DEB23F78396DEB7F267A55002553A6B&beids=[9466594]&mt=1502187116&ip=131.159.40.117&ipbits=0&expire=1502208830&sparams=ip,ipbits,expire,id,itag,source,requiressl,initcwndbps,mn,mm,mv,pl,ms,ei,ratebypass,mime,gir,clen,lmt,dur", "manifest_url": "https://manifest.googlevideo.com/api/manifest/dash/hfr/1/as/fmp4_audio_clear%2Cfmp4_sd_hd_clear/key/yt6/ip/131.159.40.117/playback_host/r4---sn-4g57knze.googlevideo.com/initcwndbps/4432500/requiressl/yes/signature/464BD37C036434B98B39CE1EE8853B7299FBA115.2741B6C9D3F214623E5DD6550D637A8685047950/expire/1502208830/sparams/as%2Cei%2Chfr%2Cid%2Cinitcwndbps%2Cip%2Cipbits%2Citag%2Cmm%2Cmn%2Cms%2Cmv%2Cpl%2Cplayback_host%2Crequiressl%2Csource%2Cexpire/beids/%5B9466594%5D/itag/0/ipbits/0/mn/sn-4g57knze/mm/31/id/e3a5a2e0cbc87dee/source/youtube/mv/m/pl/16/mt/1502187116/ms/au/ei/3o6JWdyXJcKscP6Hp0A", "width": 480, "tbr": 525.422, "asr": null, "fps": 30, "language": null, "filesize": 4315827, "acodec": "none", "format": "134 - 480x360 (DASH video)", "protocol": "https", "http_headers": {"User-Agent": "Mozilla/5.0 (X11; Linux x86_64; rv:10.0) Gecko/20150101 Firefox/47.0 (Chrome)", "Accept-Charset": "ISO-8859-1,utf-8;q=0.7,*;q=0.7", "Accept": "text/html,application/xhtml+xml,application/xml;q=0.9,*/*;q=0.8", "Accept-Encoding": "gzip, deflate", "Accept-Language": "en-us,en;q=0.5"}}, {"ext": "mp4", "height": 480, "format_note": "DASH video", "vcodec": "avc1.4d401e", "format_id": "135", "url": "https://r4---sn-4g57knze.googlevideo.com/videoplayback?id=e3a5a2e0cbc87dee&itag=135&source=youtube&requiressl=yes&initcwndbps=4432500&mn=sn-4g57knze&mm=31&mv=m&pl=16&ms=au&ei=3o6JWdyXJcKscP6Hp0A&ratebypass=yes&mime=video/mp4&gir=yes&clen=9268385&lmt=1404522258175299&dur=127.468&key=dg_yt0&signature=9B65C90AEE2E0FD0A5FE411DDD389E86EAB73F44.79D68E51778995E82C664DA2E2173097FA82566B&beids=[9466594]&mt=1502187116&ip=131.159.40.117&ipbits=0&expire=1502208830&sparams=ip,ipbits,expire,id,itag,source,requiressl,initcwndbps,mn,mm,mv,pl,ms,ei,ratebypass,mime,gir,clen,lmt,dur", "manifest_url": "https://manifest.googlevideo.com/api/manifest/dash/hfr/1/as/fmp4_audio_clear%2Cfmp4_sd_hd_clear/key/yt6/ip/131.159.40.117/playback_host/r4---sn-4g57knze.googlevideo.com/initcwndbps/4432500/requiressl/yes/signature/464BD37C036434B98B39CE1EE8853B7299FBA115.2741B6C9D3F214623E5DD6550D637A8685047950/expire/1502208830/sparams/as%2Cei%2Chfr%2Cid%2Cinitcwndbps%2Cip%2Cipbits%2Citag%2Cmm%2Cmn%2Cms%2Cmv%2Cpl%2Cplayback_host%2Crequiressl%2Csource%2Cexpire/beids/%5B9466594%5D/itag/0/ipbits/0/mn/sn-4g57knze/mm/31/id/e3a5a2e0cbc87dee/source/youtube/mv/m/pl/16/mt/1502187116/ms/au/ei/3o6JWdyXJcKscP6Hp0A", "width": 640, "tbr": 1084.55, "asr": null, "fps": 30, "language": null, "filesize": 9268385, "acodec": "none", "format": "135 - 640x480 (DASH video)", "protocol": "https", "http_headers": {"User-Agent": "Mozilla/5.0 (X11; Linux x86_64; rv:10.0) Gecko/20150101 Firefox/47.0 (Chrome)", "Accept-Charset": "ISO-8859-1,utf-8;q=0.7,*;q=0.7", "Accept": "text/html,application/xhtml+xml,application/xml;q=0.9,*/*;q=0.8", "Accept-Encoding": "gzip, deflate", "Accept-Language": "en-us,en;q=0.5"}}, {"format_id": "17", "url": "https://r4---sn-4g57knze.googlevideo.com/videoplayback?sparams=clen%2Cdur%2Cei%2Cgir%2Cid%2Cinitcwndbps%2Cip%2Cipbits%2Citag%2Clmt%2Cmime%2Cmm%2Cmn%2Cms%2Cmv%2Cpl%2Crequiressl%2Csource%2Cexpire&beids=%5B9466594%5D&requiressl=yes&ei=3o6JWajdB42icLnWiogH&dur=127.709&ip=131.159.40.117&key=yt6&mm=31&mn=sn-4g57knze&mv=m&mt=1502187116&gir=yes&pl=16&id=o-AD_YadDZzW0xQ5dd_QZ-UuZmB8HCA7ORoyAUKzTqVUHK&ms=au&signature=70FA57C5B33166F7FE2789D779AC071F209A3998.A5E74EC879DC6C5C601023C26F23ED92F5A61AE0&ipbits=0&lmt=1350579352737637&source=youtube&initcwndbps=4432500&clen=1286281&mime=video%2F3gpp&itag=17&expire=1502208830&ratebypass=yes", "player_url": null, "ext": "3gp", "width": 176, "height": 144, "acodec": "mp4a.40.2", "abr": 24, "vcodec": "mp4v.20.3", "resolution": "176x144", "format_note": "small", "format": "17 - 176x144 (small)", "protocol": "https", "http_headers": {"User-Agent": "Mozilla/5.0 (X11; Linux x86_64; rv:10.0) Gecko/20150101 Firefox/47.0 (Chrome)", "Accept-Charset": "ISO-8859-1,utf-8;q=0.7,*;q=0.7", "Accept": "text/html,application/xhtml+xml,application/xml;q=0.9,*/*;q=0.8", "Accept-Encoding": "gzip, deflate", "Accept-Language": "en-us,en;q=0.5"}}, {"format_id": "36", "url": "https://r4---sn-4g57knze.googlevideo.com/videoplayback?sparams=clen%2Cdur%2Cei%2Cgir%2Cid%2Cinitcwndbps%2Cip%2Cipbits%2Citag%2Clmt%2Cmime%2Cmm%2Cmn%2Cms%2Cmv%2Cpl%2Crequiressl%2Csource%2Cexpire&beids=%5B9466594%5D&requiressl=yes&ei=3o6JWajdB42icLnWiogH&dur=127.663&ip=131.159.40.117&key=yt6&mm=31&mn=sn-4g57knze&mv=m&mt=1502187116&gir=yes&pl=16&id=o-AD_YadDZzW0xQ5dd_QZ-UuZmB8HCA7ORoyAUKzTqVUHK&ms=au&signature=B25BFB5F460B7477DA2FFE4F6A3FFB455258F6EC.B2D1E86CB0219767C49A5EF5A963F66DE10F0EDC&ipbits=0&lmt=1350579380894322&source=youtube&initcwndbps=4432500&clen=3633819&mime=video%2F3gpp&itag=36&expire=1502208830&ratebypass=yes", "player_url": null, "ext": "3gp", "width": 320, "acodec": "mp4a.40.2", "vcodec": "mp4v.20.3", "resolution": "320x240", "height": 240, "format_note": "small", "format": "36 - 320x240 (small)", "protocol": "https", "http_headers": {"User-Agent": "Mozilla/5.0 (X11; Linux x86_64; rv:10.0) Gecko/20150101 Firefox/47.0 (Chrome)", "Accept-Charset": "ISO-8859-1,utf-8;q=0.7,*;q=0.7", "Accept": "text/html,application/xhtml+xml,application/xml;q=0.9,*/*;q=0.8", "Accept-Encoding": "gzip, deflate", "Accept-Language": "en-us,en;q=0.5"}}, {"format_id": "18", "url": "https://r4---sn-4g57knze.googlevideo.com/videoplayback?sparams=clen%2Cdur%2Cei%2Cgir%2Cid%2Cinitcwndbps%2Cip%2Cipbits%2Citag%2Clmt%2Cmime%2Cmm%2Cmn%2Cms%2Cmv%2Cpl%2Cratebypass%2Crequiressl%2Csource%2Cexpire&beids=%5B9466594%5D&requiressl=yes&ei=3o6JWajdB42icLnWiogH&dur=127.547&ip=131.159.40.117&key=yt6&mm=31&mn=sn-4g57knze&mv=m&mt=1502187116&gir=yes&pl=16&id=o-AD_YadDZzW0xQ5dd_QZ-UuZmB8HCA7ORoyAUKzTqVUHK&ms=au&signature=B85EAEB3187A98163498514B52D471792E6807E3.E5D0C22ACCF151F12982489B7608B86D0EF2D9&ipbits=0&lmt=1404522253099291&ratebypass=yes&source=youtube&initcwndbps=4432500&clen=8009664&mime=video%2Fmp4&itag=18&expire=1502208830", "player_url": null, "ext": "mp4", "width": 480, "height": 360, "acodec": "mp4a.40.2", "abr": 96, "vcodec": "avc1.42001E", "resolution": "480x360", "format_note": "medium", "format": "18 - 480x360 (medium)", "protocol": "https", "http_headers": {"User-Agent": "Mozilla/5.0 (X11; Linux x86_64; rv:10.0) Gecko/20150101 Firefox/47.0 (Chrome)", "Accept-Charset": "ISO-8859-1,utf-8;q=0.7,*;q=0.7", "Accept": "text/html,application/xhtml+xml,application/xml;q=0.9,*/*;q=0.8", "Accept-Encoding": "gzip, deflate", "Accept-Language": "en-us,en;q=0.5"}}, {"format_id": "43", "url": "https://r4---sn-4g57knze.googlevideo.com/videoplayback?sparams=clen%2Cdur%2Cei%2Cgir%2Cid%2Cinitcwndbps%2Cip%2Cipbits%2Citag%2Clmt%2Cmime%2Cmm%2Cmn%2Cms%2Cmv%2Cpl%2Cratebypass%2Crequiressl%2Csource%2Cexpire&beids=%5B9466594%5D&requiressl=yes&ei=3o6JWajdB42icLnWiogH&dur=0.000&ip=131.159.40.117&key=yt6&mm=31&mn=sn-4g57knze&mv=m&mt=1502187116&gir=yes&pl=16&id=o-AD_YadDZzW0xQ5dd_QZ-UuZmB8HCA7ORoyAUKzTqVUHK&ms=au&signature=3387ADA5AB43DABAD9115DAF52A8D978AB330297.CBFECF5C4DCB6C486EC023D7379DC41BAB44DDD5&ipbits=0&lmt=1350581219262275&ratebypass=yes&source=youtube&initcwndbps=4432500&clen=10597281&mime=video%2Fwebm&itag=43&expire=1502208830", "player_url": null, "ext": "webm", "width": 640, "height": 360, "acodec": "vorbis", "abr": 128, "vcodec": "vp8.0", "resolution": "640x360", "format_note": "medium", "format": "43 - 640x360 (medium)", "protocol": "https", "http_headers": {"User-Agent": "Mozilla/5.0 (X11; Linux x86_64; rv:10.0) Gecko/20150101 Firefox/47.0 (Chrome)", "Accept-Charset": "ISO-8859-1,utf-8;q=0.7,*;q=0.7", "Accept": "text/html,application/xhtml+xml,application/xml;q=0.9,*/*;q=0.8", "Accept-Encoding": "gzip, deflate", "Accept-Language": "en-us,en;q=0.5"}}], "is_live": null, "start_time": null, "end_time": null, "series": null, "season_number": null, "episode_number": null, "extractor": "youtube", "webpage_url_basename": "46Wi4MvIfe4", "extractor_key": "Youtube", "playlist": null, "playlist_index": null, "thumbnails": [{"url": "https://i.ytimg.com/vi/46Wi4MvIfe4/hqdefault.jpg", "id": "0"}], "display_id": "46Wi4MvIfe4", "ext": "mp4", "height": 480, "format_note": "DASH video", "vcodec": "avc1.4d401e", "format_id": "135", "url": "https://r4---sn-4g57knze.googlevideo.com/videoplayback?id=e3a5a2e0cbc87dee&itag=135&source=youtube&requiressl=yes&initcwndbps=4432500&mn=sn-4g57knze&mm=31&mv=m&pl=16&ms=au&ei=3o6JWdyXJcKscP6Hp0A&ratebypass=yes&mime=video/mp4&gir=yes&clen=9268385&lmt=1404522258175299&dur=127.468&key=dg_yt0&signature=9B65C90AEE2E0FD0A5FE411DDD389E86EAB73F44.79D68E51778995E82C664DA2E2173097FA82566B&beids=[9466594]&mt=1502187116&ip=131.159.40.117&ipbits=0&expire=1502208830&sparams=ip,ipbits,expire,id,itag,source,requiressl,initcwndbps,mn,mm,mv,pl,ms,ei,ratebypass,mime,gir,clen,lmt,dur", "manifest_url": "https://manifest.googlevideo.com/api/manifest/dash/hfr/1/as/fmp4_audio_clear%2Cfmp4_sd_hd_clear/key/yt6/ip/131.159.40.117/playback_host/r4---sn-4g57knze.googlevideo.com/initcwndbps/4432500/requiressl/yes/signature/464BD37C036434B98B39CE1EE8853B7299FBA115.2741B6C9D3F214623E5DD6550D637A8685047950/expire/1502208830/sparams/as%2Cei%2Chfr%2Cid%2Cinitcwndbps%2Cip%2Cipbits%2Citag%2Cmm%2Cmn%2Cms%2Cmv%2Cpl%2Cplayback_host%2Crequiressl%2Csource%2Cexpire/beids/%5B9466594%5D/itag/0/ipbits/0/mn/sn-4g57knze/mm/31/id/e3a5a2e0cbc87dee/source/youtube/mv/m/pl/16/mt/1502187116/ms/au/ei/3o6JWdyXJcKscP6Hp0A", "width": 640, "tbr": 1084.55, "asr": null, "fps": 30, "language": null, "filesize": 9268385, "acodec": "none", "format": "135 - 640x480 (DASH video)", "protocol": "https", "http_headers": {"User-Agent": "Mozilla/5.0 (X11; Linux x86_64; rv:10.0) Gecko/20150101 Firefox/47.0 (Chrome)", "Accept-Charset": "ISO-8859-1,utf-8;q=0.7,*;q=0.7", "Accept": "text/html,application/xhtml+xml,application/xml;q=0.9,*/*;q=0.8", "Accept-Encoding": "gzip, deflate", "Accept-Language": "en-us,en;q=0.5"}, "fulltitle": "New vehicle license plate design eyed", "_filename": "46Wi4MvIfe4.mp4"}