{"id": "TfxLjCUySRM", "uploader": "\u041c\u0430\u043a\u0441 \u041f\u043e\u0440\u0442\u0430\u043b", "uploader_id": "maksportal", "uploader_url": "http://www.youtube.com/user/maksportal", "upload_date": "20110908", "license": "Standard YouTube License", "creator": null, "title": "\u0420\u0435\u0437\u0438\u0434\u0435\u043d\u0442\u044b COMEDY \u0411\u0410\u0422\u0422\u041b \u0432 \u0421\u043e\u0447\u0438    \u043f\u0440\u043e\u0445\u043e\u0434\u0438\u043b \u043e\u0434\u0438\u043d, \u043f\u043e\u0435\u0445\u0430\u043b\u0438 \u0434\u0432\u043e\u0435", "alt_title": null, "thumbnail": "https://i.ytimg.com/vi/TfxLjCUySRM/maxresdefault.jpg", "description": "", "categories": ["News & Politics"], "tags": ["\u0420\u0435\u0437\u0438\u0434\u0435\u043d\u0442\u044b COMEDY \u0411\u0410\u0422\u0422\u041b \u0432 \u0421\u043e\u0447\u0438 \u043f\u0440\u043e\u0445\u043e\u0434\u0438\u043b \u043e\u0434\u0438\u043d", "\u043f\u043e\u0435\u0445\u0430\u043b\u0438 \u0434\u0432\u043e\u0435"], "subtitles": {}, "automatic_captions": {}, "duration": 251, "age_limit": 0, "annotations": null, "chapters": null, "webpage_url": "https://www.youtube.com/watch?v=TfxLjCUySRM", "view_count": 3975, "like_count": 0, "dislike_count": 4, "average_rating": 1.0, "formats": [{"ext": "m4a", "format_note": "DASH audio", "acodec": "mp4a.40.5", "abr": 48, "container": "m4a_dash", "format_id": "139", "url": "https://r3---sn-4g5e6nez.googlevideo.com/videoplayback?id=4dfc4b8c25324913&itag=139&source=youtube&requiressl=yes&ms=au&initcwndbps=3467500&mv=m&pl=16&ei=9Z-LWen_NNOyVp_dtMgE&mn=sn-4g5e6nez&mm=31&ratebypass=yes&mime=audio/mp4&gir=yes&clen=1493643&lmt=1395009524445394&dur=251.054&mt=1502322604&signature=757862A6F50CB9F85EA7815F3F27BB28BFB328A1.5CE54911E718EFE17DD979DE34CD19B33C9C9479&key=dg_yt0&ip=131.159.40.117&ipbits=0&expire=1502344277&sparams=ip,ipbits,expire,id,itag,source,requiressl,ms,initcwndbps,mv,pl,ei,mn,mm,ratebypass,mime,gir,clen,lmt,dur", "manifest_url": "https://manifest.googlevideo.com/api/manifest/dash/expire/1502344277/ms/au/mt/1502322604/initcwndbps/3467500/mv/m/as/fmp4_audio_clear%2Cfmp4_sd_hd_clear/id/4dfc4b8c25324913/source/youtube/requiressl/yes/ip/131.159.40.117/signature/831965F62D3BCAD161DCC2D424E88C79E0063AD7.7384CA1563035392961C2BFBF3923959A482F055/pl/16/ei/9Z-LWen_NNOyVp_dtMgE/ipbits/0/mn/sn-4g5e6nez/hfr/1/sparams/as%2Cei%2Chfr%2Cid%2Cinitcwndbps%2Cip%2Cipbits%2Citag%2Cmm%2Cmn%2Cms%2Cmv%2Cpl%2Cplayback_host%2Crequiressl%2Csource%2Cexpire/playback_host/r3---sn-4g5e6nez.googlevideo.com/mm/31/itag/0/key/yt6", "width": null, "height": null, "tbr": 48.534, "asr": 22050, "fps": null, "language": null, "filesize": 1493643, "vcodec": "none", "format": "139 - audio only (DASH audio)", "protocol": "https", "http_headers": {"User-Agent": "Mozilla/5.0 (X11; Linux x86_64; rv:10.0) Gecko/20150101 Firefox/47.0 (Chrome)", "Accept-Charset": "ISO-8859-1,utf-8;q=0.7,*;q=0.7", "Accept": "text/html,application/xhtml+xml,application/xml;q=0.9,*/*;q=0.8", "Accept-Encoding": "gzip, deflate", "Accept-Language": "en-us,en;q=0.5"}}, {"format_id": "249", "url": "https://r3---sn-4g5e6nez.googlevideo.com/videoplayback?expire=1502344277&ipbits=0&gir=yes&clen=1600725&requiressl=yes&mime=audio%2Fwebm&lmt=1414227185779322&itag=249&keepalive=yes&dur=250.941&source=youtube&pl=16&id=o-ACB9kgEe79z7yqltqmndhVfe9TFlZnybW-tSESbxyGcI&ei=9Z-LWeXsGYnoVcuNkegE&ms=au&mt=1502322604&mv=m&signature=B9726A0C41A5DA5BCFD412D15B6DA7E814514A5A.76337EF2EAD2A8B2E9CBEC67359AB8C98305906B&mm=31&mn=sn-4g5e6nez&ip=131.159.40.117&key=yt6&initcwndbps=3467500&sparams=clen%2Cdur%2Cei%2Cgir%2Cid%2Cinitcwndbps%2Cip%2Cipbits%2Citag%2Ckeepalive%2Clmt%2Cmime%2Cmm%2Cmn%2Cms%2Cmv%2Cpl%2Crequiressl%2Csource%2Cexpire&ratebypass=yes", "player_url": null, "ext": "webm", "format_note": "DASH audio", "acodec": "opus", "abr": 50, "filesize": 1600725, "tbr": 54.068, "vcodec": "none", "format": "249 - audio only (DASH audio)", "protocol": "https", "http_headers": {"User-Agent": "Mozilla/5.0 (X11; Linux x86_64; rv:10.0) Gecko/20150101 Firefox/47.0 (Chrome)", "Accept-Charset": "ISO-8859-1,utf-8;q=0.7,*;q=0.7", "Accept": "text/html,application/xhtml+xml,application/xml;q=0.9,*/*;q=0.8", "Accept-Encoding": "gzip, deflate", "Accept-Language": "en-us,en;q=0.5"}}, {"format_id": "250", "url": "https://r3---sn-4g5e6nez.googlevideo.com/videoplayback?expire=1502344277&ipbits=0&gir=yes&clen=1987206&requiressl=yes&mime=audio%2Fwebm&lmt=1414227185681845&itag=250&keepalive=yes&dur=250.941&source=youtube&pl=16&id=o-ACB9kgEe79z7yqltqmndhVfe9TFlZnybW-tSESbxyGcI&ei=9Z-LWeXsGYnoVcuNkegE&ms=au&mt=1502322604&mv=m&signature=5836E6061C2F2F5ED08617BE40FF383B29FD8D9F.D935E86B08C7DD1B19C739F2840D24E20F1C1D77&mm=31&mn=sn-4g5e6nez&ip=131.159.40.117&key=yt6&initcwndbps=3467500&sparams=clen%2Cdur%2Cei%2Cgir%2Cid%2Cinitcwndbps%2Cip%2Cipbits%2Citag%2Ckeepalive%2Clmt%2Cmime%2Cmm%2Cmn%2Cms%2Cmv%2Cpl%2Crequiressl%2Csource%2Cexpire&ratebypass=yes", "player_url": null, "ext": "webm", "format_note": "DASH audio", "acodec": "opus", "abr": 70, "filesize": 1987206, "tbr": 70.98, "vcodec": "none", "format": "250 - audio only (DASH audio)", "protocol": "https", "http_headers": {"User-Agent": "Mozilla/5.0 (X11; Linux x86_64; rv:10.0) Gecko/20150101 Firefox/47.0 (Chrome)", "Accept-Charset": "ISO-8859-1,utf-8;q=0.7,*;q=0.7", "Accept": "text/html,application/xhtml+xml,application/xml;q=0.9,*/*;q=0.8", "Accept-Encoding": "gzip, deflate", "Accept-Language": "en-us,en;q=0.5"}}, {"ext": "m4a", "format_note": "DASH audio", "acodec": "mp4a.40.2", "abr": 128, "container": "m4a_dash", "format_id": "140", "url": "https://r3---sn-4g5e6nez.googlevideo.com/videoplayback?id=4dfc4b8c25324913&itag=140&source=youtube&requiressl=yes&ms=au&initcwndbps=3467500&mv=m&pl=16&ei=9Z-LWen_NNOyVp_dtMgE&mn=sn-4g5e6nez&mm=31&ratebypass=yes&mime=audio/mp4&gir=yes&clen=3986860&lmt=1395009525717942&dur=250.984&mt=1502322604&signature=0983C1F2F902BFEF719F09B0DFE9C9126EDBBE60.5B022248C64A18170DB3FA87ABDA039FC84E9FF9&key=dg_yt0&ip=131.159.40.117&ipbits=0&expire=1502344277&sparams=ip,ipbits,expire,id,itag,source,requiressl,ms,initcwndbps,mv,pl,ei,mn,mm,ratebypass,mime,gir,clen,lmt,dur", "manifest_url": "https://manifest.googlevideo.com/api/manifest/dash/expire/1502344277/ms/au/mt/1502322604/initcwndbps/3467500/mv/m/as/fmp4_audio_clear%2Cfmp4_sd_hd_clear/id/4dfc4b8c25324913/source/youtube/requiressl/yes/ip/131.159.40.117/signature/831965F62D3BCAD161DCC2D424E88C79E0063AD7.7384CA1563035392961C2BFBF3923959A482F055/pl/16/ei/9Z-LWen_NNOyVp_dtMgE/ipbits/0/mn/sn-4g5e6nez/hfr/1/sparams/as%2Cei%2Chfr%2Cid%2Cinitcwndbps%2Cip%2Cipbits%2Citag%2Cmm%2Cmn%2Cms%2Cmv%2Cpl%2Cplayback_host%2Crequiressl%2Csource%2Cexpire/playback_host/r3---sn-4g5e6nez.googlevideo.com/mm/31/itag/0/key/yt6", "width": null, "height": null, "tbr": 127.96, "asr": 44100, "fps": null, "language": null, "filesize": 3986860, "vcodec": "none", "format": "140 - audio only (DASH audio)", "protocol": "https", "http_headers": {"User-Agent": "Mozilla/5.0 (X11; Linux x86_64; rv:10.0) Gecko/20150101 Firefox/47.0 (Chrome)", "Accept-Charset": "ISO-8859-1,utf-8;q=0.7,*;q=0.7", "Accept": "text/html,application/xhtml+xml,application/xml;q=0.9,*/*;q=0.8", "Accept-Encoding": "gzip, deflate", "Accept-Language": "en-us,en;q=0.5"}}, {"format_id": "171", "url": "https://r3---sn-4g5e6nez.googlevideo.com/videoplayback?expire=1502344277&ipbits=0&gir=yes&clen=2933078&requiressl=yes&mime=audio%2Fwebm&lmt=1414227184878609&itag=171&keepalive=yes&dur=250.925&source=youtube&pl=16&id=o-ACB9kgEe79z7yqltqmndhVfe9TFlZnybW-tSESbxyGcI&ei=9Z-LWeXsGYnoVcuNkegE&ms=au&mt=1502322604&mv=m&signature=7FC3A8CE874A706838BF9FED155F2DB6E661C631.1561687E9C9017DA2F319CA0BC5ECD04C39695C7&mm=31&mn=sn-4g5e6nez&ip=131.159.40.117&key=yt6&initcwndbps=3467500&sparams=clen%2Cdur%2Cei%2Cgir%2Cid%2Cinitcwndbps%2Cip%2Cipbits%2Citag%2Ckeepalive%2Clmt%2Cmime%2Cmm%2Cmn%2Cms%2Cmv%2Cpl%2Crequiressl%2Csource%2Cexpire&ratebypass=yes", "player_url": null, "ext": "webm", "acodec": "vorbis", "format_note": "DASH audio", "abr": 128, "filesize": 2933078, "tbr": 128.864, "vcodec": "none", "format": "171 - audio only (DASH audio)", "protocol": "https", "http_headers": {"User-Agent": "Mozilla/5.0 (X11; Linux x86_64; rv:10.0) Gecko/20150101 Firefox/47.0 (Chrome)", "Accept-Charset": "ISO-8859-1,utf-8;q=0.7,*;q=0.7", "Accept": "text/html,application/xhtml+xml,application/xml;q=0.9,*/*;q=0.8", "Accept-Encoding": "gzip, deflate", "Accept-Language": "en-us,en;q=0.5"}}, {"format_id": "251", "url": "https://r3---sn-4g5e6nez.googlevideo.com/videoplayback?expire=1502344277&ipbits=0&gir=yes&clen=5369048&requiressl=yes&mime=audio%2Fwebm&lmt=1414227185391335&itag=251&keepalive=yes&dur=250.941&source=youtube&pl=16&id=o-ACB9kgEe79z7yqltqmndhVfe9TFlZnybW-tSESbxyGcI&ei=9Z-LWeXsGYnoVcuNkegE&ms=au&mt=1502322604&mv=m&signature=835ACA930A81CADC5085AB5D0365C99767C6155C.A546B48F4D0C2DC29A6A21EBD07A9A0084C86248&mm=31&mn=sn-4g5e6nez&ip=131.159.40.117&key=yt6&initcwndbps=3467500&sparams=clen%2Cdur%2Cei%2Cgir%2Cid%2Cinitcwndbps%2Cip%2Cipbits%2Citag%2Ckeepalive%2Clmt%2Cmime%2Cmm%2Cmn%2Cms%2Cmv%2Cpl%2Crequiressl%2Csource%2Cexpire&ratebypass=yes", "player_url": null, "ext": "webm", "format_note": "DASH audio", "acodec": "opus", "abr": 160, "filesize": 5369048, "tbr": 183.367, "vcodec": "none", "format": "251 - audio only (DASH audio)", "protocol": "https", "http_headers": {"User-Agent": "Mozilla/5.0 (X11; Linux x86_64; rv:10.0) Gecko/20150101 Firefox/47.0 (Chrome)", "Accept-Charset": "ISO-8859-1,utf-8;q=0.7,*;q=0.7", "Accept": "text/html,application/xhtml+xml,application/xml;q=0.9,*/*;q=0.8", "Accept-Encoding": "gzip, deflate", "Accept-Language": "en-us,en;q=0.5"}}, {"ext": "mp4", "height": 144, "format_note": "DASH video", "vcodec": "avc1.4d400c", "format_id": "160", "url": "https://r3---sn-4g5e6nez.googlevideo.com/videoplayback?id=4dfc4b8c25324913&itag=160&source=youtube&requiressl=yes&ms=au&initcwndbps=3467500&mv=m&pl=16&ei=9Z-LWen_NNOyVp_dtMgE&mn=sn-4g5e6nez&mm=31&ratebypass=yes&mime=video/mp4&gir=yes&clen=3478055&lmt=1395009528614309&dur=250.841&mt=1502322604&signature=6974867FD62560B6AE06D85F1581EF4F8717B068.88F83736DF8946119B436EE2FAD24F192E648EB3&key=dg_yt0&ip=131.159.40.117&ipbits=0&expire=1502344277&sparams=ip,ipbits,expire,id,itag,source,requiressl,ms,initcwndbps,mv,pl,ei,mn,mm,ratebypass,mime,gir,clen,lmt,dur", "manifest_url": "https://manifest.googlevideo.com/api/manifest/dash/expire/1502344277/ms/au/mt/1502322604/initcwndbps/3467500/mv/m/as/fmp4_audio_clear%2Cfmp4_sd_hd_clear/id/4dfc4b8c25324913/source/youtube/requiressl/yes/ip/131.159.40.117/signature/831965F62D3BCAD161DCC2D424E88C79E0063AD7.7384CA1563035392961C2BFBF3923959A482F055/pl/16/ei/9Z-LWen_NNOyVp_dtMgE/ipbits/0/mn/sn-4g5e6nez/hfr/1/sparams/as%2Cei%2Chfr%2Cid%2Cinitcwndbps%2Cip%2Cipbits%2Citag%2Cmm%2Cmn%2Cms%2Cmv%2Cpl%2Cplayback_host%2Crequiressl%2Csource%2Cexpire/playback_host/r3---sn-4g5e6nez.googlevideo.com/mm/31/itag/0/key/yt6", "width": 256, "tbr": 118.187, "asr": null, "fps": 15, "language": null, "filesize": 3478055, "acodec": "none", "format": "160 - 256x144 (DASH video)", "protocol": "https", "http_headers": {"User-Agent": "Mozilla/5.0 (X11; Linux x86_64; rv:10.0) Gecko/20150101 Firefox/47.0 (Chrome)", "Accept-Charset": "ISO-8859-1,utf-8;q=0.7,*;q=0.7", "Accept": "text/html,application/xhtml+xml,application/xml;q=0.9,*/*;q=0.8", "Accept-Encoding": "gzip, deflate", "Accept-Language": "en-us,en;q=0.5"}}, {"ext": "mp4", "height": 240, "format_note": "DASH video", "vcodec": "avc1.4d4015", "format_id": "133", "url": "https://r3---sn-4g5e6nez.googlevideo.com/videoplayback?id=4dfc4b8c25324913&itag=133&source=youtube&requiressl=yes&ms=au&initcwndbps=3467500&mv=m&pl=16&ei=9Z-LWen_NNOyVp_dtMgE&mn=sn-4g5e6nez&mm=31&ratebypass=yes&mime=video/mp4&gir=yes&clen=7677219&lmt=1395009542760317&dur=250.841&mt=1502322604&signature=7A7217611310704BC96C49CE5389D789DE390399.04AB07C420E1D5534F4EB23A97DB96B9566915A6&key=dg_yt0&ip=131.159.40.117&ipbits=0&expire=1502344277&sparams=ip,ipbits,expire,id,itag,source,requiressl,ms,initcwndbps,mv,pl,ei,mn,mm,ratebypass,mime,gir,clen,lmt,dur", "manifest_url": "https://manifest.googlevideo.com/api/manifest/dash/expire/1502344277/ms/au/mt/1502322604/initcwndbps/3467500/mv/m/as/fmp4_audio_clear%2Cfmp4_sd_hd_clear/id/4dfc4b8c25324913/source/youtube/requiressl/yes/ip/131.159.40.117/signature/831965F62D3BCAD161DCC2D424E88C79E0063AD7.7384CA1563035392961C2BFBF3923959A482F055/pl/16/ei/9Z-LWen_NNOyVp_dtMgE/ipbits/0/mn/sn-4g5e6nez/hfr/1/sparams/as%2Cei%2Chfr%2Cid%2Cinitcwndbps%2Cip%2Cipbits%2Citag%2Cmm%2Cmn%2Cms%2Cmv%2Cpl%2Cplayback_host%2Crequiressl%2Csource%2Cexpire/playback_host/r3---sn-4g5e6nez.googlevideo.com/mm/31/itag/0/key/yt6", "width": 426, "tbr": 256.448, "asr": null, "fps": 25, "language": null, "filesize": 7677219, "acodec": "none", "format": "133 - 426x240 (DASH video)", "protocol": "https", "http_headers": {"User-Agent": "Mozilla/5.0 (X11; Linux x86_64; rv:10.0) Gecko/20150101 Firefox/47.0 (Chrome)", "Accept-Charset": "ISO-8859-1,utf-8;q=0.7,*;q=0.7", "Accept": "text/html,application/xhtml+xml,application/xml;q=0.9,*/*;q=0.8", "Accept-Encoding": "gzip, deflate", "Accept-Language": "en-us,en;q=0.5"}}, {"ext": "mp4", "height": 360, "format_note": "DASH video", "vcodec": "avc1.4d401e", "format_id": "134", "url": "https://r3---sn-4g5e6nez.googlevideo.com/videoplayback?id=4dfc4b8c25324913&itag=134&source=youtube&requiressl=yes&ms=au&initcwndbps=3467500&mv=m&pl=16&ei=9Z-LWen_NNOyVp_dtMgE&mn=sn-4g5e6nez&mm=31&ratebypass=yes&mime=video/mp4&gir=yes&clen=9020474&lmt=1395009538638693&dur=250.841&mt=1502322604&signature=780924DE12EC08E9D343200B1F2B143DA4C33BEA.9A651E4217E8CE6697970D2641F3E8F213391D40&key=dg_yt0&ip=131.159.40.117&ipbits=0&expire=1502344277&sparams=ip,ipbits,expire,id,itag,source,requiressl,ms,initcwndbps,mv,pl,ei,mn,mm,ratebypass,mime,gir,clen,lmt,dur", "manifest_url": "https://manifest.googlevideo.com/api/manifest/dash/expire/1502344277/ms/au/mt/1502322604/initcwndbps/3467500/mv/m/as/fmp4_audio_clear%2Cfmp4_sd_hd_clear/id/4dfc4b8c25324913/source/youtube/requiressl/yes/ip/131.159.40.117/signature/831965F62D3BCAD161DCC2D424E88C79E0063AD7.7384CA1563035392961C2BFBF3923959A482F055/pl/16/ei/9Z-LWen_NNOyVp_dtMgE/ipbits/0/mn/sn-4g5e6nez/hfr/1/sparams/as%2Cei%2Chfr%2Cid%2Cinitcwndbps%2Cip%2Cipbits%2Citag%2Cmm%2Cmn%2Cms%2Cmv%2Cpl%2Cplayback_host%2Crequiressl%2Csource%2Cexpire/playback_host/r3---sn-4g5e6nez.googlevideo.com/mm/31/itag/0/key/yt6", "width": 640, "tbr": 529.078, "asr": null, "fps": 25, "language": null, "filesize": 9020474, "acodec": "none", "format": "134 - 640x360 (DASH video)", "protocol": "https", "http_headers": {"User-Agent": "Mozilla/5.0 (X11; Linux x86_64; rv:10.0) Gecko/20150101 Firefox/47.0 (Chrome)", "Accept-Charset": "ISO-8859-1,utf-8;q=0.7,*;q=0.7", "Accept": "text/html,application/xhtml+xml,application/xml;q=0.9,*/*;q=0.8", "Accept-Encoding": "gzip, deflate", "Accept-Language": "en-us,en;q=0.5"}}, {"ext": "mp4", "height": 480, "format_note": "DASH video", "vcodec": "avc1.4d401e", "format_id": "135", "url": "https://r3---sn-4g5e6nez.googlevideo.com/videoplayback?id=4dfc4b8c25324913&itag=135&source=youtube&requiressl=yes&ms=au&initcwndbps=3467500&mv=m&pl=16&ei=9Z-LWen_NNOyVp_dtMgE&mn=sn-4g5e6nez&mm=31&ratebypass=yes&mime=video/mp4&gir=yes&clen=18520279&lmt=1395009557014698&dur=250.841&mt=1502322604&signature=7F577CDDCAF4663CAD97B3C6B00F1721792CE93D.8C54B4510FB570E5C27EB9697B6A87C27BD587D7&key=dg_yt0&ip=131.159.40.117&ipbits=0&expire=1502344277&sparams=ip,ipbits,expire,id,itag,source,requiressl,ms,initcwndbps,mv,pl,ei,mn,mm,ratebypass,mime,gir,clen,lmt,dur", "manifest_url": "https://manifest.googlevideo.com/api/manifest/dash/expire/1502344277/ms/au/mt/1502322604/initcwndbps/3467500/mv/m/as/fmp4_audio_clear%2Cfmp4_sd_hd_clear/id/4dfc4b8c25324913/source/youtube/requiressl/yes/ip/131.159.40.117/signature/831965F62D3BCAD161DCC2D424E88C79E0063AD7.7384CA1563035392961C2BFBF3923959A482F055/pl/16/ei/9Z-LWen_NNOyVp_dtMgE/ipbits/0/mn/sn-4g5e6nez/hfr/1/sparams/as%2Cei%2Chfr%2Cid%2Cinitcwndbps%2Cip%2Cipbits%2Citag%2Cmm%2Cmn%2Cms%2Cmv%2Cpl%2Cplayback_host%2Crequiressl%2Csource%2Cexpire/playback_host/r3---sn-4g5e6nez.googlevideo.com/mm/31/itag/0/key/yt6", "width": 854, "tbr": 1039.019, "asr": null, "fps": 25, "language": null, "filesize": 18520279, "acodec": "none", "format": "135 - 854x480 (DASH video)", "protocol": "https", "http_headers": {"User-Agent": "Mozilla/5.0 (X11; Linux x86_64; rv:10.0) Gecko/20150101 Firefox/47.0 (Chrome)", "Accept-Charset": "ISO-8859-1,utf-8;q=0.7,*;q=0.7", "Accept": "text/html,application/xhtml+xml,application/xml;q=0.9,*/*;q=0.8", "Accept-Encoding": "gzip, deflate", "Accept-Language": "en-us,en;q=0.5"}}, {"format_id": "17", "url": "https://r3---sn-4g5e6nez.googlevideo.com/videoplayback?expire=1502344277&ipbits=0&gir=yes&clen=2566414&requiressl=yes&mime=video%2F3gpp&lmt=1395009594214950&itag=17&dur=251.239&source=youtube&pl=16&id=o-ACB9kgEe79z7yqltqmndhVfe9TFlZnybW-tSESbxyGcI&ei=9Z-LWeXsGYnoVcuNkegE&ms=au&mt=1502322604&mv=m&signature=135AEEE41643CD9092A6ACF9C6D92CE085870292.955190818D071EE581497DC1E4FA56442D72C069&sparams=clen%2Cdur%2Cei%2Cgir%2Cid%2Cinitcwndbps%2Cip%2Cipbits%2Citag%2Clmt%2Cmime%2Cmm%2Cmn%2Cms%2Cmv%2Cpl%2Crequiressl%2Csource%2Cexpire&mn=sn-4g5e6nez&ip=131.159.40.117&key=yt6&initcwndbps=3467500&mm=31&ratebypass=yes", "player_url": null, "ext": "3gp", "width": 176, "height": 144, "acodec": "mp4a.40.2", "abr": 24, "vcodec": "mp4v.20.3", "resolution": "176x144", "format_note": "small", "format": "17 - 176x144 (small)", "protocol": "https", "http_headers": {"User-Agent": "Mozilla/5.0 (X11; Linux x86_64; rv:10.0) Gecko/20150101 Firefox/47.0 (Chrome)", "Accept-Charset": "ISO-8859-1,utf-8;q=0.7,*;q=0.7", "Accept": "text/html,application/xhtml+xml,application/xml;q=0.9,*/*;q=0.8", "Accept-Encoding": "gzip, deflate", "Accept-Language": "en-us,en;q=0.5"}}, {"format_id": "36", "url": "https://r3---sn-4g5e6nez.googlevideo.com/videoplayback?expire=1502344277&ipbits=0&gir=yes&clen=7056392&requiressl=yes&mime=video%2F3gpp&lmt=1428428003539192&itag=36&dur=251.054&source=youtube&pl=16&id=o-ACB9kgEe79z7yqltqmndhVfe9TFlZnybW-tSESbxyGcI&ei=9Z-LWeXsGYnoVcuNkegE&ms=au&mt=1502322604&mv=m&signature=BF94C9D7551459F54E0D326B81D517D30FA918AD.E2FC0CE7B9501CDBB20A510C8DE52548022CC590&sparams=clen%2Cdur%2Cei%2Cgir%2Cid%2Cinitcwndbps%2Cip%2Cipbits%2Citag%2Clmt%2Cmime%2Cmm%2Cmn%2Cms%2Cmv%2Cpl%2Crequiressl%2Csource%2Cexpire&mn=sn-4g5e6nez&ip=131.159.40.117&key=yt6&initcwndbps=3467500&mm=31&ratebypass=yes", "player_url": null, "ext": "3gp", "width": 320, "acodec": "mp4a.40.2", "vcodec": "mp4v.20.3", "resolution": "320x180", "height": 180, "format_note": "small", "format": "36 - 320x180 (small)", "protocol": "https", "http_headers": {"User-Agent": "Mozilla/5.0 (X11; Linux x86_64; rv:10.0) Gecko/20150101 Firefox/47.0 (Chrome)", "Accept-Charset": "ISO-8859-1,utf-8;q=0.7,*;q=0.7", "Accept": "text/html,application/xhtml+xml,application/xml;q=0.9,*/*;q=0.8", "Accept-Encoding": "gzip, deflate", "Accept-Language": "en-us,en;q=0.5"}}, {"format_id": "43", "url": "https://r3---sn-4g5e6nez.googlevideo.com/videoplayback?expire=1502344277&ipbits=0&ratebypass=yes&gir=yes&clen=23087063&requiressl=yes&mime=video%2Fwebm&lmt=1315520514470043&itag=43&dur=0.000&source=youtube&pl=16&id=o-ACB9kgEe79z7yqltqmndhVfe9TFlZnybW-tSESbxyGcI&ei=9Z-LWeXsGYnoVcuNkegE&ms=au&mt=1502322604&mv=m&signature=308810157C4A0FD940EBCF075A8758D37CCA7851.9BA38C1A05667B080FA7DC1313921B07760C0A8B&mm=31&mn=sn-4g5e6nez&ip=131.159.40.117&key=yt6&initcwndbps=3467500&sparams=clen%2Cdur%2Cei%2Cgir%2Cid%2Cinitcwndbps%2Cip%2Cipbits%2Citag%2Clmt%2Cmime%2Cmm%2Cmn%2Cms%2Cmv%2Cpl%2Cratebypass%2Crequiressl%2Csource%2Cexpire", "player_url": null, "ext": "webm", "width": 640, "height": 360, "acodec": "vorbis", "abr": 128, "vcodec": "vp8.0", "resolution": "640x360", "format_note": "medium", "format": "43 - 640x360 (medium)", "protocol": "https", "http_headers": {"User-Agent": "Mozilla/5.0 (X11; Linux x86_64; rv:10.0) Gecko/20150101 Firefox/47.0 (Chrome)", "Accept-Charset": "ISO-8859-1,utf-8;q=0.7,*;q=0.7", "Accept": "text/html,application/xhtml+xml,application/xml;q=0.9,*/*;q=0.8", "Accept-Encoding": "gzip, deflate", "Accept-Language": "en-us,en;q=0.5"}}, {"format_id": "18", "url": "https://r3---sn-4g5e6nez.googlevideo.com/videoplayback?expire=1502344277&ipbits=0&ratebypass=yes&gir=yes&clen=14817407&requiressl=yes&mime=video%2Fmp4&lmt=1395009539136979&itag=18&dur=250.984&source=youtube&pl=16&id=o-ACB9kgEe79z7yqltqmndhVfe9TFlZnybW-tSESbxyGcI&ei=9Z-LWeXsGYnoVcuNkegE&ms=au&mt=1502322604&mv=m&signature=D0D8982D417F7772FE2DF35E6B5D5A011E1CC80D.2C718F688F72FA1F51102B7E5101293501B03392&mm=31&mn=sn-4g5e6nez&ip=131.159.40.117&key=yt6&initcwndbps=3467500&sparams=clen%2Cdur%2Cei%2Cgir%2Cid%2Cinitcwndbps%2Cip%2Cipbits%2Citag%2Clmt%2Cmime%2Cmm%2Cmn%2Cms%2Cmv%2Cpl%2Cratebypass%2Crequiressl%2Csource%2Cexpire", "player_url": null, "ext": "mp4", "width": 640, "height": 360, "acodec": "mp4a.40.2", "abr": 96, "vcodec": "avc1.42001E", "resolution": "640x360", "format_note": "medium", "format": "18 - 640x360 (medium)", "protocol": "https", "http_headers": {"User-Agent": "Mozilla/5.0 (X11; Linux x86_64; rv:10.0) Gecko/20150101 Firefox/47.0 (Chrome)", "Accept-Charset": "ISO-8859-1,utf-8;q=0.7,*;q=0.7", "Accept": "text/html,application/xhtml+xml,application/xml;q=0.9,*/*;q=0.8", "Accept-Encoding": "gzip, deflate", "Accept-Language": "en-us,en;q=0.5"}}], "is_live": null, "start_time": null, "end_time": null, "series": null, "season_number": null, "episode_number": null, "extractor": "youtube", "webpage_url_basename": "TfxLjCUySRM", "extractor_key": "Youtube", "playlist": null, "playlist_index": null, "thumbnails": [{"url": "https://i.ytimg.com/vi/TfxLjCUySRM/maxresdefault.jpg", "id": "0"}], "display_id": "TfxLjCUySRM", "ext": "mp4", "height": 480, "format_note": "DASH video", "vcodec": "avc1.4d401e", "format_id": "135", "url": "https://r3---sn-4g5e6nez.googlevideo.com/videoplayback?id=4dfc4b8c25324913&itag=135&source=youtube&requiressl=yes&ms=au&initcwndbps=3467500&mv=m&pl=16&ei=9Z-LWen_NNOyVp_dtMgE&mn=sn-4g5e6nez&mm=31&ratebypass=yes&mime=video/mp4&gir=yes&clen=18520279&lmt=1395009557014698&dur=250.841&mt=1502322604&signature=7F577CDDCAF4663CAD97B3C6B00F1721792CE93D.8C54B4510FB570E5C27EB9697B6A87C27BD587D7&key=dg_yt0&ip=131.159.40.117&ipbits=0&expire=1502344277&sparams=ip,ipbits,expire,id,itag,source,requiressl,ms,initcwndbps,mv,pl,ei,mn,mm,ratebypass,mime,gir,clen,lmt,dur", "manifest_url": "https://manifest.googlevideo.com/api/manifest/dash/expire/1502344277/ms/au/mt/1502322604/initcwndbps/3467500/mv/m/as/fmp4_audio_clear%2Cfmp4_sd_hd_clear/id/4dfc4b8c25324913/source/youtube/requiressl/yes/ip/131.159.40.117/signature/831965F62D3BCAD161DCC2D424E88C79E0063AD7.7384CA1563035392961C2BFBF3923959A482F055/pl/16/ei/9Z-LWen_NNOyVp_dtMgE/ipbits/0/mn/sn-4g5e6nez/hfr/1/sparams/as%2Cei%2Chfr%2Cid%2Cinitcwndbps%2Cip%2Cipbits%2Citag%2Cmm%2Cmn%2Cms%2Cmv%2Cpl%2Cplayback_host%2Crequiressl%2Csource%2Cexpire/playback_host/r3---sn-4g5e6nez.googlevideo.com/mm/31/itag/0/key/yt6", "width": 854, "tbr": 1039.019, "asr": null, "fps": 25, "language": null, "filesize": 18520279, "acodec": "none", "format": "135 - 854x480 (DASH video)", "protocol": "https", "http_headers": {"User-Agent": "Mozilla/5.0 (X11; Linux x86_64; rv:10.0) Gecko/20150101 Firefox/47.0 (Chrome)", "Accept-Charset": "ISO-8859-1,utf-8;q=0.7,*;q=0.7", "Accept": "text/html,application/xhtml+xml,application/xml;q=0.9,*/*;q=0.8", "Accept-Encoding": "gzip, deflate", "Accept-Language": "en-us,en;q=0.5"}, "fulltitle": "\u0420\u0435\u0437\u0438\u0434\u0435\u043d\u0442\u044b COMEDY \u0411\u0410\u0422\u0422\u041b \u0432 \u0421\u043e\u0447\u0438    \u043f\u0440\u043e\u0445\u043e\u0434\u0438\u043b \u043e\u0434\u0438\u043d, \u043f\u043e\u0435\u0445\u0430\u043b\u0438 \u0434\u0432\u043e\u0435", "_filename": "TfxLjCUySRM.mp4"}