{"id": "1LOX4wtfg50", "uploader": "Bri", "uploader_id": "evisruc", "uploader_url": "http://www.youtube.com/user/evisruc", "upload_date": "20121209", "license": "Standard YouTube License", "creator": null, "title": "How to Look Sharp-A Makeup Tutorial", "alt_title": null, "thumbnail": "https://i.ytimg.com/vi/1LOX4wtfg50/maxresdefault.jpg", "description": "Music from incompetech.com, by Kevin MacLeod.\n\nWell this was a fun time--somewhat inspired by John Green's Sharpie Face, mostly inspired by the fact that I've been watching a lot of beauty gurus lately and don't have the money or talents to do REAL makeup.\n\nThank you for watching!\n\n\nhttp://twitter.com/briannakb", "categories": ["People & Blogs"], "tags": ["How-to (Conference Subject)", "Cosmetics (Industry)"], "subtitles": {}, "automatic_captions": {}, "duration": 383, "age_limit": 0, "annotations": null, "chapters": null, "webpage_url": "https://www.youtube.com/watch?v=1LOX4wtfg50", "view_count": 12427, "like_count": 393, "dislike_count": 7, "average_rating": 4.92999982834, "formats": [{"ext": "m4a", "format_note": "DASH audio", "acodec": "mp4a.40.5", "abr": 48, "container": "m4a_dash", "format_id": "139", "url": "https://r11---sn-4g57knld.googlevideo.com/videoplayback?id=d4b397e30b5f839d&itag=139&source=youtube&requiressl=yes&ei=byyKWYuGIc-PcbiCqsgD&ms=au&pl=16&initcwndbps=3252500&mv=m&mm=31&mn=sn-4g57knld&ratebypass=yes&mime=audio/mp4&gir=yes&clen=2280396&lmt=1386766986145572&dur=383.361&mt=1502227490&key=dg_yt0&signature=73BC4083D5183EB439D75645CF8920E52F435C97.18085442E3672EA9E5EB8F064EC4DA81C7811371&ip=131.159.40.117&ipbits=0&expire=1502249167&sparams=ip,ipbits,expire,id,itag,source,requiressl,ei,ms,pl,initcwndbps,mv,mm,mn,ratebypass,mime,gir,clen,lmt,dur", "manifest_url": "https://manifest.googlevideo.com/api/manifest/dash/source/youtube/as/fmp4_audio_clear%2Cfmp4_sd_hd_clear/playback_host/r11---sn-4g57knld.googlevideo.com/ei/byyKWYuGIc-PcbiCqsgD/mt/1502227490/ms/au/requiressl/yes/key/yt6/ip/131.159.40.117/id/d4b397e30b5f839d/pl/16/itag/0/ipbits/0/sparams/as%2Cei%2Chfr%2Cid%2Cinitcwndbps%2Cip%2Cipbits%2Citag%2Cmm%2Cmn%2Cms%2Cmv%2Cpl%2Cplayback_host%2Crequiressl%2Csource%2Cexpire/initcwndbps/3252500/mv/m/signature/4AFC75988F8668CCBD1B2F533D61BA310958EEC9.D4488990DABBE589C56B449B94D78859792F5F66/mm/31/mn/sn-4g57knld/hfr/1/expire/1502249167", "width": null, "height": null, "tbr": 48.749, "asr": 22050, "fps": null, "language": null, "filesize": 2280396, "vcodec": "none", "format": "139 - audio only (DASH audio)", "protocol": "https", "http_headers": {"User-Agent": "Mozilla/5.0 (X11; Linux x86_64; rv:10.0) Gecko/20150101 Firefox/47.0 (Chrome)", "Accept-Charset": "ISO-8859-1,utf-8;q=0.7,*;q=0.7", "Accept": "text/html,application/xhtml+xml,application/xml;q=0.9,*/*;q=0.8", "Accept-Encoding": "gzip, deflate", "Accept-Language": "en-us,en;q=0.5"}}, {"format_id": "171", "url": "https://r11---sn-4g57knld.googlevideo.com/videoplayback?key=yt6&gir=yes&mime=audio%2Fwebm&signature=5CD9E62C826BA07EA70D749134BB638CD9995732.61D17AE70AC9101DE689E53DA7139D2F45FF6373&clen=5799711&itag=171&dur=383.206&ipbits=0&expire=1502249167&requiressl=yes&ip=131.159.40.117&mv=m&sparams=clen%2Cdur%2Cei%2Cgir%2Cid%2Cinitcwndbps%2Cip%2Cipbits%2Citag%2Ckeepalive%2Clmt%2Cmime%2Cmm%2Cmn%2Cms%2Cmv%2Cpl%2Crequiressl%2Csource%2Cexpire&mt=1502227490&ms=au&mn=sn-4g57knld&mm=31&pl=16&id=o-AB01HuDyFGNyQb91Boo0OgWGqUx9hoy6r0YzupNoCYHP&lmt=1404624846545811&source=youtube&initcwndbps=3252500&keepalive=yes&ei=biyKWbCAPcmkcteKt8gP&ratebypass=yes", "player_url": null, "ext": "webm", "acodec": "vorbis", "format_note": "DASH audio", "abr": 128, "filesize": 5799711, "tbr": 126.828, "fps": 1, "vcodec": "none", "format": "171 - audio only (DASH audio)", "protocol": "https", "http_headers": {"User-Agent": "Mozilla/5.0 (X11; Linux x86_64; rv:10.0) Gecko/20150101 Firefox/47.0 (Chrome)", "Accept-Charset": "ISO-8859-1,utf-8;q=0.7,*;q=0.7", "Accept": "text/html,application/xhtml+xml,application/xml;q=0.9,*/*;q=0.8", "Accept-Encoding": "gzip, deflate", "Accept-Language": "en-us,en;q=0.5"}}, {"ext": "m4a", "format_note": "DASH audio", "acodec": "mp4a.40.2", "abr": 128, "container": "m4a_dash", "format_id": "140", "url": "https://r11---sn-4g57knld.googlevideo.com/videoplayback?id=d4b397e30b5f839d&itag=140&source=youtube&requiressl=yes&ei=byyKWYuGIc-PcbiCqsgD&ms=au&pl=16&initcwndbps=3252500&mv=m&mm=31&mn=sn-4g57knld&ratebypass=yes&mime=audio/mp4&gir=yes&clen=6087771&lmt=1386766985281107&dur=383.268&mt=1502227490&key=dg_yt0&signature=37F5BC37151036259AF6541C561A6EF909412D35.80ABA79F89E45B624B27D562E74074171E30F0DE&ip=131.159.40.117&ipbits=0&expire=1502249167&sparams=ip,ipbits,expire,id,itag,source,requiressl,ei,ms,pl,initcwndbps,mv,mm,mn,ratebypass,mime,gir,clen,lmt,dur", "manifest_url": "https://manifest.googlevideo.com/api/manifest/dash/source/youtube/as/fmp4_audio_clear%2Cfmp4_sd_hd_clear/playback_host/r11---sn-4g57knld.googlevideo.com/ei/byyKWYuGIc-PcbiCqsgD/mt/1502227490/ms/au/requiressl/yes/key/yt6/ip/131.159.40.117/id/d4b397e30b5f839d/pl/16/itag/0/ipbits/0/sparams/as%2Cei%2Chfr%2Cid%2Cinitcwndbps%2Cip%2Cipbits%2Citag%2Cmm%2Cmn%2Cms%2Cmv%2Cpl%2Cplayback_host%2Crequiressl%2Csource%2Cexpire/initcwndbps/3252500/mv/m/signature/4AFC75988F8668CCBD1B2F533D61BA310958EEC9.D4488990DABBE589C56B449B94D78859792F5F66/mm/31/mn/sn-4g57knld/hfr/1/expire/1502249167", "width": null, "height": null, "tbr": 128.203, "asr": 44100, "fps": null, "language": null, "filesize": 6087771, "vcodec": "none", "format": "140 - audio only (DASH audio)", "protocol": "https", "http_headers": {"User-Agent": "Mozilla/5.0 (X11; Linux x86_64; rv:10.0) Gecko/20150101 Firefox/47.0 (Chrome)", "Accept-Charset": "ISO-8859-1,utf-8;q=0.7,*;q=0.7", "Accept": "text/html,application/xhtml+xml,application/xml;q=0.9,*/*;q=0.8", "Accept-Encoding": "gzip, deflate", "Accept-Language": "en-us,en;q=0.5"}}, {"ext": "mp4", "height": 144, "format_note": "DASH video", "vcodec": "avc1.4d400c", "format_id": "160", "url": "https://r11---sn-4g57knld.googlevideo.com/videoplayback?id=d4b397e30b5f839d&itag=160&source=youtube&requiressl=yes&ei=byyKWYuGIc-PcbiCqsgD&ms=au&pl=16&initcwndbps=3252500&mv=m&mm=31&mn=sn-4g57knld&ratebypass=yes&mime=video/mp4&gir=yes&clen=5408898&lmt=1386766996999234&dur=383.183&mt=1502227490&key=dg_yt0&signature=07FD8FCFE09CC12AABEDC34AB7C0B54FCB2C52DC.0D990145FC8424DEA6F9B3EC950745966571D6F9&ip=131.159.40.117&ipbits=0&expire=1502249167&sparams=ip,ipbits,expire,id,itag,source,requiressl,ei,ms,pl,initcwndbps,mv,mm,mn,ratebypass,mime,gir,clen,lmt,dur", "manifest_url": "https://manifest.googlevideo.com/api/manifest/dash/source/youtube/as/fmp4_audio_clear%2Cfmp4_sd_hd_clear/playback_host/r11---sn-4g57knld.googlevideo.com/ei/byyKWYuGIc-PcbiCqsgD/mt/1502227490/ms/au/requiressl/yes/key/yt6/ip/131.159.40.117/id/d4b397e30b5f839d/pl/16/itag/0/ipbits/0/sparams/as%2Cei%2Chfr%2Cid%2Cinitcwndbps%2Cip%2Cipbits%2Citag%2Cmm%2Cmn%2Cms%2Cmv%2Cpl%2Cplayback_host%2Crequiressl%2Csource%2Cexpire/initcwndbps/3252500/mv/m/signature/4AFC75988F8668CCBD1B2F533D61BA310958EEC9.D4488990DABBE589C56B449B94D78859792F5F66/mm/31/mn/sn-4g57knld/hfr/1/expire/1502249167", "width": 256, "tbr": 116.378, "asr": null, "fps": 15, "language": null, "filesize": 5408898, "acodec": "none", "format": "160 - 256x144 (DASH video)", "protocol": "https", "http_headers": {"User-Agent": "Mozilla/5.0 (X11; Linux x86_64; rv:10.0) Gecko/20150101 Firefox/47.0 (Chrome)", "Accept-Charset": "ISO-8859-1,utf-8;q=0.7,*;q=0.7", "Accept": "text/html,application/xhtml+xml,application/xml;q=0.9,*/*;q=0.8", "Accept-Encoding": "gzip, deflate", "Accept-Language": "en-us,en;q=0.5"}}, {"ext": "mp4", "height": 240, "format_note": "DASH video", "vcodec": "avc1.4d4015", "format_id": "133", "url": "https://r11---sn-4g57knld.googlevideo.com/videoplayback?id=d4b397e30b5f839d&itag=133&source=youtube&requiressl=yes&ei=byyKWYuGIc-PcbiCqsgD&ms=au&pl=16&initcwndbps=3252500&mv=m&mm=31&mn=sn-4g57knld&ratebypass=yes&mime=video/mp4&gir=yes&clen=11708739&lmt=1386766997456118&dur=383.183&mt=1502227490&key=dg_yt0&signature=199462D8CFF018F3A0B7C34958E1E991D791D9F0.9574F240D26784CDCBB0A8C9DA1D24B6235B2467&ip=131.159.40.117&ipbits=0&expire=1502249167&sparams=ip,ipbits,expire,id,itag,source,requiressl,ei,ms,pl,initcwndbps,mv,mm,mn,ratebypass,mime,gir,clen,lmt,dur", "manifest_url": "https://manifest.googlevideo.com/api/manifest/dash/source/youtube/as/fmp4_audio_clear%2Cfmp4_sd_hd_clear/playback_host/r11---sn-4g57knld.googlevideo.com/ei/byyKWYuGIc-PcbiCqsgD/mt/1502227490/ms/au/requiressl/yes/key/yt6/ip/131.159.40.117/id/d4b397e30b5f839d/pl/16/itag/0/ipbits/0/sparams/as%2Cei%2Chfr%2Cid%2Cinitcwndbps%2Cip%2Cipbits%2Citag%2Cmm%2Cmn%2Cms%2Cmv%2Cpl%2Cplayback_host%2Crequiressl%2Csource%2Cexpire/initcwndbps/3252500/mv/m/signature/4AFC75988F8668CCBD1B2F533D61BA310958EEC9.D4488990DABBE589C56B449B94D78859792F5F66/mm/31/mn/sn-4g57knld/hfr/1/expire/1502249167", "width": 426, "tbr": 248.117, "asr": null, "fps": 30, "language": null, "filesize": 11708739, "acodec": "none", "format": "133 - 426x240 (DASH video)", "protocol": "https", "http_headers": {"User-Agent": "Mozilla/5.0 (X11; Linux x86_64; rv:10.0) Gecko/20150101 Firefox/47.0 (Chrome)", "Accept-Charset": "ISO-8859-1,utf-8;q=0.7,*;q=0.7", "Accept": "text/html,application/xhtml+xml,application/xml;q=0.9,*/*;q=0.8", "Accept-Encoding": "gzip, deflate", "Accept-Language": "en-us,en;q=0.5"}}, {"ext": "mp4", "height": 360, "format_note": "DASH video", "vcodec": "avc1.4d401e", "format_id": "134", "url": "https://r11---sn-4g57knld.googlevideo.com/videoplayback?id=d4b397e30b5f839d&itag=134&source=youtube&requiressl=yes&ei=byyKWYuGIc-PcbiCqsgD&ms=au&pl=16&initcwndbps=3252500&mv=m&mm=31&mn=sn-4g57knld&ratebypass=yes&mime=video/mp4&gir=yes&clen=12331744&lmt=1386767005182713&dur=383.183&mt=1502227490&key=dg_yt0&signature=9A085AB1AA39AB3AC19C058DD7CD3419775650C5.316A84452ED52DE2AAD469C335AFF4308A2C1735&ip=131.159.40.117&ipbits=0&expire=1502249167&sparams=ip,ipbits,expire,id,itag,source,requiressl,ei,ms,pl,initcwndbps,mv,mm,mn,ratebypass,mime,gir,clen,lmt,dur", "manifest_url": "https://manifest.googlevideo.com/api/manifest/dash/source/youtube/as/fmp4_audio_clear%2Cfmp4_sd_hd_clear/playback_host/r11---sn-4g57knld.googlevideo.com/ei/byyKWYuGIc-PcbiCqsgD/mt/1502227490/ms/au/requiressl/yes/key/yt6/ip/131.159.40.117/id/d4b397e30b5f839d/pl/16/itag/0/ipbits/0/sparams/as%2Cei%2Chfr%2Cid%2Cinitcwndbps%2Cip%2Cipbits%2Citag%2Cmm%2Cmn%2Cms%2Cmv%2Cpl%2Cplayback_host%2Crequiressl%2Csource%2Cexpire/initcwndbps/3252500/mv/m/signature/4AFC75988F8668CCBD1B2F533D61BA310958EEC9.D4488990DABBE589C56B449B94D78859792F5F66/mm/31/mn/sn-4g57knld/hfr/1/expire/1502249167", "width": 640, "tbr": 390.499, "asr": null, "fps": 30, "language": null, "filesize": 12331744, "acodec": "none", "format": "134 - 640x360 (DASH video)", "protocol": "https", "http_headers": {"User-Agent": "Mozilla/5.0 (X11; Linux x86_64; rv:10.0) Gecko/20150101 Firefox/47.0 (Chrome)", "Accept-Charset": "ISO-8859-1,utf-8;q=0.7,*;q=0.7", "Accept": "text/html,application/xhtml+xml,application/xml;q=0.9,*/*;q=0.8", "Accept-Encoding": "gzip, deflate", "Accept-Language": "en-us,en;q=0.5"}}, {"ext": "mp4", "height": 480, "format_note": "DASH video", "vcodec": "avc1.4d401f", "format_id": "135", "url": "https://r11---sn-4g57knld.googlevideo.com/videoplayback?id=d4b397e30b5f839d&itag=135&source=youtube&requiressl=yes&ei=byyKWYuGIc-PcbiCqsgD&ms=au&pl=16&initcwndbps=3252500&mv=m&mm=31&mn=sn-4g57knld&ratebypass=yes&mime=video/mp4&gir=yes&clen=25272252&lmt=1386767015144549&dur=383.183&mt=1502227490&key=dg_yt0&signature=44D97B5ED5202CD6E92B5944DBA24B7BF3F376E0.7D20C70B300EF335D138C61072B129814A9E5B89&ip=131.159.40.117&ipbits=0&expire=1502249167&sparams=ip,ipbits,expire,id,itag,source,requiressl,ei,ms,pl,initcwndbps,mv,mm,mn,ratebypass,mime,gir,clen,lmt,dur", "manifest_url": "https://manifest.googlevideo.com/api/manifest/dash/source/youtube/as/fmp4_audio_clear%2Cfmp4_sd_hd_clear/playback_host/r11---sn-4g57knld.googlevideo.com/ei/byyKWYuGIc-PcbiCqsgD/mt/1502227490/ms/au/requiressl/yes/key/yt6/ip/131.159.40.117/id/d4b397e30b5f839d/pl/16/itag/0/ipbits/0/sparams/as%2Cei%2Chfr%2Cid%2Cinitcwndbps%2Cip%2Cipbits%2Citag%2Cmm%2Cmn%2Cms%2Cmv%2Cpl%2Cplayback_host%2Crequiressl%2Csource%2Cexpire/initcwndbps/3252500/mv/m/signature/4AFC75988F8668CCBD1B2F533D61BA310958EEC9.D4488990DABBE589C56B449B94D78859792F5F66/mm/31/mn/sn-4g57knld/hfr/1/expire/1502249167", "width": 854, "tbr": 711.125, "asr": null, "fps": 30, "language": null, "filesize": 25272252, "acodec": "none", "format": "135 - 854x480 (DASH video)", "protocol": "https", "http_headers": {"User-Agent": "Mozilla/5.0 (X11; Linux x86_64; rv:10.0) Gecko/20150101 Firefox/47.0 (Chrome)", "Accept-Charset": "ISO-8859-1,utf-8;q=0.7,*;q=0.7", "Accept": "text/html,application/xhtml+xml,application/xml;q=0.9,*/*;q=0.8", "Accept-Encoding": "gzip, deflate", "Accept-Language": "en-us,en;q=0.5"}}, {"ext": "mp4", "height": 720, "format_note": "DASH video", "vcodec": "avc1.4d401f", "format_id": "136", "url": "https://r11---sn-4g57knld.googlevideo.com/videoplayback?id=d4b397e30b5f839d&itag=136&source=youtube&requiressl=yes&ei=byyKWYuGIc-PcbiCqsgD&ms=au&pl=16&initcwndbps=3252500&mv=m&mm=31&mn=sn-4g57knld&ratebypass=yes&mime=video/mp4&gir=yes&clen=54442853&lmt=1386767017503016&dur=383.183&mt=1502227490&key=dg_yt0&signature=4811E609AD51314F2EDBF5573ED989594C10C7E7.915B02C1C7731012A28BF32A3CD219DE004BB0CD&ip=131.159.40.117&ipbits=0&expire=1502249167&sparams=ip,ipbits,expire,id,itag,source,requiressl,ei,ms,pl,initcwndbps,mv,mm,mn,ratebypass,mime,gir,clen,lmt,dur", "manifest_url": "https://manifest.googlevideo.com/api/manifest/dash/source/youtube/as/fmp4_audio_clear%2Cfmp4_sd_hd_clear/playback_host/r11---sn-4g57knld.googlevideo.com/ei/byyKWYuGIc-PcbiCqsgD/mt/1502227490/ms/au/requiressl/yes/key/yt6/ip/131.159.40.117/id/d4b397e30b5f839d/pl/16/itag/0/ipbits/0/sparams/as%2Cei%2Chfr%2Cid%2Cinitcwndbps%2Cip%2Cipbits%2Citag%2Cmm%2Cmn%2Cms%2Cmv%2Cpl%2Cplayback_host%2Crequiressl%2Csource%2Cexpire/initcwndbps/3252500/mv/m/signature/4AFC75988F8668CCBD1B2F533D61BA310958EEC9.D4488990DABBE589C56B449B94D78859792F5F66/mm/31/mn/sn-4g57knld/hfr/1/expire/1502249167", "width": 1280, "tbr": 1600.239, "asr": null, "fps": 30, "language": null, "filesize": 54442853, "acodec": "none", "format": "136 - 1280x720 (DASH video)", "protocol": "https", "http_headers": {"User-Agent": "Mozilla/5.0 (X11; Linux x86_64; rv:10.0) Gecko/20150101 Firefox/47.0 (Chrome)", "Accept-Charset": "ISO-8859-1,utf-8;q=0.7,*;q=0.7", "Accept": "text/html,application/xhtml+xml,application/xml;q=0.9,*/*;q=0.8", "Accept-Encoding": "gzip, deflate", "Accept-Language": "en-us,en;q=0.5"}}, {"format_id": "17", "url": "https://r11---sn-4g57knld.googlevideo.com/videoplayback?key=yt6&gir=yes&mime=video%2F3gpp&signature=DAA9E815764186155DA3782582A8377FC2A6698B.24952BDF6C24CCDA3FF3F463928B11F070ECB827&clen=3927557&itag=17&dur=383.547&ipbits=0&expire=1502249167&requiressl=yes&ip=131.159.40.117&mv=m&sparams=clen%2Cdur%2Cei%2Cgir%2Cid%2Cinitcwndbps%2Cip%2Cipbits%2Citag%2Clmt%2Cmime%2Cmm%2Cmn%2Cms%2Cmv%2Cpl%2Crequiressl%2Csource%2Cexpire&mt=1502227490&ms=au&mn=sn-4g57knld&mm=31&pl=16&id=o-AB01HuDyFGNyQb91Boo0OgWGqUx9hoy6r0YzupNoCYHP&lmt=1386767113266997&source=youtube&initcwndbps=3252500&ei=biyKWbCAPcmkcteKt8gP&ratebypass=yes", "player_url": null, "ext": "3gp", "width": 176, "height": 144, "acodec": "mp4a.40.2", "abr": 24, "vcodec": "mp4v.20.3", "resolution": "176x144", "format_note": "small", "format": "17 - 176x144 (small)", "protocol": "https", "http_headers": {"User-Agent": "Mozilla/5.0 (X11; Linux x86_64; rv:10.0) Gecko/20150101 Firefox/47.0 (Chrome)", "Accept-Charset": "ISO-8859-1,utf-8;q=0.7,*;q=0.7", "Accept": "text/html,application/xhtml+xml,application/xml;q=0.9,*/*;q=0.8", "Accept-Encoding": "gzip, deflate", "Accept-Language": "en-us,en;q=0.5"}}, {"format_id": "36", "url": "https://r11---sn-4g57knld.googlevideo.com/videoplayback?key=yt6&gir=yes&mime=video%2F3gpp&signature=27F86F2894C604ADE4C9AF218A17C9438063BFAF.A9F23C78456E25B2CB584E912D15B819429273C6&clen=10841057&itag=36&dur=383.407&ipbits=0&expire=1502249167&requiressl=yes&ip=131.159.40.117&mv=m&sparams=clen%2Cdur%2Cei%2Cgir%2Cid%2Cinitcwndbps%2Cip%2Cipbits%2Citag%2Clmt%2Cmime%2Cmm%2Cmn%2Cms%2Cmv%2Cpl%2Crequiressl%2Csource%2Cexpire&mt=1502227490&ms=au&mn=sn-4g57knld&mm=31&pl=16&id=o-AB01HuDyFGNyQb91Boo0OgWGqUx9hoy6r0YzupNoCYHP&lmt=1386767229365401&source=youtube&initcwndbps=3252500&ei=biyKWbCAPcmkcteKt8gP&ratebypass=yes", "player_url": null, "ext": "3gp", "width": 320, "acodec": "mp4a.40.2", "vcodec": "mp4v.20.3", "resolution": "320x180", "height": 180, "format_note": "small", "format": "36 - 320x180 (small)", "protocol": "https", "http_headers": {"User-Agent": "Mozilla/5.0 (X11; Linux x86_64; rv:10.0) Gecko/20150101 Firefox/47.0 (Chrome)", "Accept-Charset": "ISO-8859-1,utf-8;q=0.7,*;q=0.7", "Accept": "text/html,application/xhtml+xml,application/xml;q=0.9,*/*;q=0.8", "Accept-Encoding": "gzip, deflate", "Accept-Language": "en-us,en;q=0.5"}}, {"format_id": "43", "url": "https://r11---sn-4g57knld.googlevideo.com/videoplayback?key=yt6&gir=yes&mime=video%2Fwebm&signature=30DAF062E91A71BA2C6F9B628C0C65BD61440CEE.0F38E2D0BD2DE3C59FCC5C92DF03C78BDE1E33DB&clen=28709251&itag=43&dur=0.000&ipbits=0&expire=1502249167&ratebypass=yes&requiressl=yes&ip=131.159.40.117&mv=m&sparams=clen%2Cdur%2Cei%2Cgir%2Cid%2Cinitcwndbps%2Cip%2Cipbits%2Citag%2Clmt%2Cmime%2Cmm%2Cmn%2Cms%2Cmv%2Cpl%2Cratebypass%2Crequiressl%2Csource%2Cexpire&mt=1502227490&ms=au&mn=sn-4g57knld&mm=31&pl=16&id=o-AB01HuDyFGNyQb91Boo0OgWGqUx9hoy6r0YzupNoCYHP&lmt=1355137190190309&source=youtube&initcwndbps=3252500&ei=biyKWbCAPcmkcteKt8gP", "player_url": null, "ext": "webm", "width": 640, "height": 360, "acodec": "vorbis", "abr": 128, "vcodec": "vp8.0", "resolution": "640x360", "format_note": "medium", "format": "43 - 640x360 (medium)", "protocol": "https", "http_headers": {"User-Agent": "Mozilla/5.0 (X11; Linux x86_64; rv:10.0) Gecko/20150101 Firefox/47.0 (Chrome)", "Accept-Charset": "ISO-8859-1,utf-8;q=0.7,*;q=0.7", "Accept": "text/html,application/xhtml+xml,application/xml;q=0.9,*/*;q=0.8", "Accept-Encoding": "gzip, deflate", "Accept-Language": "en-us,en;q=0.5"}}, {"format_id": "18", "url": "https://r11---sn-4g57knld.googlevideo.com/videoplayback?key=yt6&gir=yes&mime=video%2Fmp4&signature=36DE0D38274D5430F6625F40687E0B0DF79A624B.D37789CF495402DBA0D36B0936FA3A2557950B4D&clen=22714423&itag=18&dur=383.268&ipbits=0&expire=1502249167&ratebypass=yes&requiressl=yes&ip=131.159.40.117&mv=m&sparams=clen%2Cdur%2Cei%2Cgir%2Cid%2Cinitcwndbps%2Cip%2Cipbits%2Citag%2Clmt%2Cmime%2Cmm%2Cmn%2Cms%2Cmv%2Cpl%2Cratebypass%2Crequiressl%2Csource%2Cexpire&mt=1502227490&ms=au&mn=sn-4g57knld&mm=31&pl=16&id=o-AB01HuDyFGNyQb91Boo0OgWGqUx9hoy6r0YzupNoCYHP&lmt=1386767100832561&source=youtube&initcwndbps=3252500&ei=biyKWbCAPcmkcteKt8gP", "player_url": null, "ext": "mp4", "width": 640, "height": 360, "acodec": "mp4a.40.2", "abr": 96, "vcodec": "avc1.42001E", "resolution": "640x360", "format_note": "medium", "format": "18 - 640x360 (medium)", "protocol": "https", "http_headers": {"User-Agent": "Mozilla/5.0 (X11; Linux x86_64; rv:10.0) Gecko/20150101 Firefox/47.0 (Chrome)", "Accept-Charset": "ISO-8859-1,utf-8;q=0.7,*;q=0.7", "Accept": "text/html,application/xhtml+xml,application/xml;q=0.9,*/*;q=0.8", "Accept-Encoding": "gzip, deflate", "Accept-Language": "en-us,en;q=0.5"}}, {"format_id": "22", "url": "https://r11---sn-4g57knld.googlevideo.com/videoplayback?requiressl=yes&ip=131.159.40.117&mv=m&sparams=dur%2Cei%2Cid%2Cinitcwndbps%2Cip%2Cipbits%2Citag%2Clmt%2Cmime%2Cmm%2Cmn%2Cms%2Cmv%2Cpl%2Cratebypass%2Crequiressl%2Csource%2Cexpire&mt=1502227490&ms=au&mime=video%2Fmp4&mn=sn-4g57knld&mm=31&pl=16&id=o-AB01HuDyFGNyQb91Boo0OgWGqUx9hoy6r0YzupNoCYHP&signature=BFD618265A79C9803610E6C5D80B97DE2D7CDA92.8DB48ABF41E5A2683A3B6112C0735404309C9A86&lmt=1471709715213327&itag=22&source=youtube&initcwndbps=3252500&key=yt6&dur=383.268&ipbits=0&expire=1502249167&ratebypass=yes&ei=biyKWbCAPcmkcteKt8gP", "player_url": null, "ext": "mp4", "width": 1280, "height": 720, "acodec": "mp4a.40.2", "abr": 192, "vcodec": "avc1.64001F", "resolution": "1280x720", "format_note": "hd720", "format": "22 - 1280x720 (hd720)", "protocol": "https", "http_headers": {"User-Agent": "Mozilla/5.0 (X11; Linux x86_64; rv:10.0) Gecko/20150101 Firefox/47.0 (Chrome)", "Accept-Charset": "ISO-8859-1,utf-8;q=0.7,*;q=0.7", "Accept": "text/html,application/xhtml+xml,application/xml;q=0.9,*/*;q=0.8", "Accept-Encoding": "gzip, deflate", "Accept-Language": "en-us,en;q=0.5"}}], "is_live": null, "start_time": null, "end_time": null, "series": null, "season_number": null, "episode_number": null, "extractor": "youtube", "webpage_url_basename": "1LOX4wtfg50", "extractor_key": "Youtube", "playlist": null, "playlist_index": null, "thumbnails": [{"url": "https://i.ytimg.com/vi/1LOX4wtfg50/maxresdefault.jpg", "id": "0"}], "display_id": "1LOX4wtfg50", "ext": "mp4", "height": 720, "format_note": "DASH video", "vcodec": "avc1.4d401f", "format_id": "136", "url": "https://r11---sn-4g57knld.googlevideo.com/videoplayback?id=d4b397e30b5f839d&itag=136&source=youtube&requiressl=yes&ei=byyKWYuGIc-PcbiCqsgD&ms=au&pl=16&initcwndbps=3252500&mv=m&mm=31&mn=sn-4g57knld&ratebypass=yes&mime=video/mp4&gir=yes&clen=54442853&lmt=1386767017503016&dur=383.183&mt=1502227490&key=dg_yt0&signature=4811E609AD51314F2EDBF5573ED989594C10C7E7.915B02C1C7731012A28BF32A3CD219DE004BB0CD&ip=131.159.40.117&ipbits=0&expire=1502249167&sparams=ip,ipbits,expire,id,itag,source,requiressl,ei,ms,pl,initcwndbps,mv,mm,mn,ratebypass,mime,gir,clen,lmt,dur", "manifest_url": "https://manifest.googlevideo.com/api/manifest/dash/source/youtube/as/fmp4_audio_clear%2Cfmp4_sd_hd_clear/playback_host/r11---sn-4g57knld.googlevideo.com/ei/byyKWYuGIc-PcbiCqsgD/mt/1502227490/ms/au/requiressl/yes/key/yt6/ip/131.159.40.117/id/d4b397e30b5f839d/pl/16/itag/0/ipbits/0/sparams/as%2Cei%2Chfr%2Cid%2Cinitcwndbps%2Cip%2Cipbits%2Citag%2Cmm%2Cmn%2Cms%2Cmv%2Cpl%2Cplayback_host%2Crequiressl%2Csource%2Cexpire/initcwndbps/3252500/mv/m/signature/4AFC75988F8668CCBD1B2F533D61BA310958EEC9.D4488990DABBE589C56B449B94D78859792F5F66/mm/31/mn/sn-4g57knld/hfr/1/expire/1502249167", "width": 1280, "tbr": 1600.239, "asr": null, "fps": 30, "language": null, "filesize": 54442853, "acodec": "none", "format": "136 - 1280x720 (DASH video)", "protocol": "https", "http_headers": {"User-Agent": "Mozilla/5.0 (X11; Linux x86_64; rv:10.0) Gecko/20150101 Firefox/47.0 (Chrome)", "Accept-Charset": "ISO-8859-1,utf-8;q=0.7,*;q=0.7", "Accept": "text/html,application/xhtml+xml,application/xml;q=0.9,*/*;q=0.8", "Accept-Encoding": "gzip, deflate", "Accept-Language": "en-us,en;q=0.5"}, "fulltitle": "How to Look Sharp-A Makeup Tutorial", "_filename": "1LOX4wtfg50.mp4"}