{"id": "J19a5jzhs64", "uploader": "RT en Espa\u00f1ol", "uploader_id": "ActualidadRT", "uploader_url": "http://www.youtube.com/user/ActualidadRT", "upload_date": "20150124", "license": "Standard YouTube License", "creator": null, "title": "Merkel propone negociar un acuerdo entre la UE y la Uni\u00f3n Euroasi\u00e1tica", "alt_title": null, "thumbnail": "https://i.ytimg.com/vi/J19a5jzhs64/maxresdefault.jpg", "description": "\u00bfSer\u00eda posible un \u00e1rea de libre comercio que abarcara desde Lisboa hasta Vladivostok? La canciller alemana, Angela Merkel, ha propuesto negociaciones entre la Uni\u00f3n Europea y la Uni\u00f3n Econ\u00f3mica Eurasi\u00e1tica y precis\u00f3 que Bruselas est\u00e1 dispuesta a abordar las posibilidades de cooperar con Rusia LEER M\u00c1S:  http://es.rt.com/3it3\n\n\u00a1Suscr\u00edbete a RT en espa\u00f1ol!\nhttp://www.youtube.com/user/ActualidadRT?sub_confirmation=1\n\nRT en Twitter: https://twitter.com/ActualidadRT\nRT en Facebook: https://www.facebook.com/ActualidadRT\nRT en Google+: https://plus.google.com/+RTenEspanol/posts\nRT en Vkontakte: http://vk.com/actualidadrt\n\nVea nuestra se\u00f1al en vivo: http://actualidad.rt.com/en_vivo\n\nRT EN ESPA\u00d1OL: DESDE RUSIA CON INFORMACI\u00d3N", "categories": ["News & Politics"], "tags": ["rt", "rt espa\u00f1ol", "Merkel", "UE", "Uni\u00f3n Euroasi\u00e1tica", "Vladivostok", "Econ\u00f3mica Eurasi\u00e1tica", "Uni\u00f3n Econ\u00f3mica", "dinero", "miedo", "Bruselas", "Rusia", "posibilidades", "Angela Merkel", "alemania", "rusia", "putin", "divisas", "import", "export", "mercados"], "subtitles": {}, "automatic_captions": {}, "duration": 123, "age_limit": 0, "annotations": null, "chapters": null, "webpage_url": "https://www.youtube.com/watch?v=J19a5jzhs64", "view_count": 10024, "like_count": 78, "dislike_count": 1, "average_rating": 4.94936704636, "formats": [{"ext": "m4a", "format_note": "DASH audio", "acodec": "mp4a.40.5", "abr": 48, "container": "m4a_dash", "format_id": "139", "url": "https://r6---sn-xjpm-q0nl.googlevideo.com/videoplayback?id=275f5ae63ce1b3ae&itag=139&source=youtube&requiressl=yes&mv=u&mn=sn-xjpm-q0nl&mm=31&pl=16&ms=au&ei=5ZqKWd7MF9Wocd_yr_AJ&ratebypass=yes&mime=audio/mp4&gir=yes&clen=741395&lmt=1422863760727478&dur=122.786&key=dg_yt0&signature=562E50B8964BF4D9B997B8B35C93B19B1CDAFF0D.93C5FC1F197C23B7C404893B3C08BE20F41081DE&mt=1502255306&ip=131.159.40.117&ipbits=0&expire=1502277445&sparams=ip,ipbits,expire,id,itag,source,requiressl,mv,mn,mm,pl,ms,ei,ratebypass,mime,gir,clen,lmt,dur", "manifest_url": "https://manifest.googlevideo.com/api/manifest/dash/as/fmp4_audio_clear%2Cfmp4_sd_hd_clear/source/youtube/mv/u/sparams/as%2Cei%2Chfr%2Cid%2Cip%2Cipbits%2Citag%2Cmm%2Cmn%2Cms%2Cmv%2Cpl%2Cplayback_host%2Crequiressl%2Csource%2Cexpire/hfr/1/key/yt6/mn/sn-xjpm-q0nl/mm/31/signature/A1066DB77E9421D29CA9299BB2B4C2ED113146E8.10522AB60938C8977D5AE22777EC4A0548F20540/id/275f5ae63ce1b3ae/pl/16/itag/0/ip/131.159.40.117/ipbits/0/ms/au/requiressl/yes/ei/5ZqKWd7MF9Wocd_yr_AJ/expire/1502277445/mt/1502255306/playback_host/r6---sn-xjpm-q0nl.googlevideo.com", "width": null, "height": null, "tbr": 49.161, "asr": 22050, "fps": null, "language": null, "filesize": 741395, "vcodec": "none", "format": "139 - audio only (DASH audio)", "protocol": "https", "http_headers": {"User-Agent": "Mozilla/5.0 (X11; Linux x86_64; rv:10.0) Gecko/20150101 Firefox/47.0 (Chrome)", "Accept-Charset": "ISO-8859-1,utf-8;q=0.7,*;q=0.7", "Accept": "text/html,application/xhtml+xml,application/xml;q=0.9,*/*;q=0.8", "Accept-Encoding": "gzip, deflate", "Accept-Language": "en-us,en;q=0.5"}}, {"format_id": "249", "url": "https://r6---sn-xjpm-q0nl.googlevideo.com/videoplayback?lmt=1422177148876388&source=youtube&keepalive=yes&ei=5JqKWc2ANcHDcqOJsvAL&mime=audio%2Fwebm&gir=yes&key=yt6&clen=778316&signature=7A745EB4BD44A47BC389FEC689BA246A42B05D23.6AF1345B4F2331784AE44E60546053708192176F&ipbits=0&dur=122.681&expire=1502277445&itag=249&ip=131.159.40.117&requiressl=yes&ms=au&mt=1502255306&sparams=clen%2Cdur%2Cei%2Cgir%2Cid%2Cip%2Cipbits%2Citag%2Ckeepalive%2Clmt%2Cmime%2Cmm%2Cmn%2Cms%2Cmv%2Cpl%2Crequiressl%2Csource%2Cexpire&mv=u&id=o-ABiNJv24dvYbn8VuAJLMEI7s_61mDwvL32qWWAYS-E0L&pl=16&mm=31&mn=sn-xjpm-q0nl&ratebypass=yes", "player_url": null, "ext": "webm", "format_note": "DASH audio", "acodec": "opus", "abr": 50, "filesize": 778316, "tbr": 51.484, "vcodec": "none", "format": "249 - audio only (DASH audio)", "protocol": "https", "http_headers": {"User-Agent": "Mozilla/5.0 (X11; Linux x86_64; rv:10.0) Gecko/20150101 Firefox/47.0 (Chrome)", "Accept-Charset": "ISO-8859-1,utf-8;q=0.7,*;q=0.7", "Accept": "text/html,application/xhtml+xml,application/xml;q=0.9,*/*;q=0.8", "Accept-Encoding": "gzip, deflate", "Accept-Language": "en-us,en;q=0.5"}}, {"format_id": "250", "url": "https://r6---sn-xjpm-q0nl.googlevideo.com/videoplayback?lmt=1422177147812926&source=youtube&keepalive=yes&ei=5JqKWc2ANcHDcqOJsvAL&mime=audio%2Fwebm&gir=yes&key=yt6&clen=955891&signature=94645D14AEE81C649F379A89DF248999160ADE33.967A71E8DAE177BCFC7389F2B5556EABC72283BA&ipbits=0&dur=122.681&expire=1502277445&itag=250&ip=131.159.40.117&requiressl=yes&ms=au&mt=1502255306&sparams=clen%2Cdur%2Cei%2Cgir%2Cid%2Cip%2Cipbits%2Citag%2Ckeepalive%2Clmt%2Cmime%2Cmm%2Cmn%2Cms%2Cmv%2Cpl%2Crequiressl%2Csource%2Cexpire&mv=u&id=o-ABiNJv24dvYbn8VuAJLMEI7s_61mDwvL32qWWAYS-E0L&pl=16&mm=31&mn=sn-xjpm-q0nl&ratebypass=yes", "player_url": null, "ext": "webm", "format_note": "DASH audio", "acodec": "opus", "abr": 70, "filesize": 955891, "tbr": 69.362, "vcodec": "none", "format": "250 - audio only (DASH audio)", "protocol": "https", "http_headers": {"User-Agent": "Mozilla/5.0 (X11; Linux x86_64; rv:10.0) Gecko/20150101 Firefox/47.0 (Chrome)", "Accept-Charset": "ISO-8859-1,utf-8;q=0.7,*;q=0.7", "Accept": "text/html,application/xhtml+xml,application/xml;q=0.9,*/*;q=0.8", "Accept-Encoding": "gzip, deflate", "Accept-Language": "en-us,en;q=0.5"}}, {"format_id": "171", "url": "https://r6---sn-xjpm-q0nl.googlevideo.com/videoplayback?lmt=1422177149049669&source=youtube&keepalive=yes&ei=5JqKWc2ANcHDcqOJsvAL&mime=audio%2Fwebm&gir=yes&key=yt6&clen=1128023&signature=D964503D5FD8137A6C47BC745FA62AC1FF6CF8EB.2349508BBADC9E3A9721E49D1F01D2FCAB487C51&ipbits=0&dur=122.667&expire=1502277445&itag=171&ip=131.159.40.117&requiressl=yes&ms=au&mt=1502255306&sparams=clen%2Cdur%2Cei%2Cgir%2Cid%2Cip%2Cipbits%2Citag%2Ckeepalive%2Clmt%2Cmime%2Cmm%2Cmn%2Cms%2Cmv%2Cpl%2Crequiressl%2Csource%2Cexpire&mv=u&id=o-ABiNJv24dvYbn8VuAJLMEI7s_61mDwvL32qWWAYS-E0L&pl=16&mm=31&mn=sn-xjpm-q0nl&ratebypass=yes", "player_url": null, "ext": "webm", "acodec": "vorbis", "format_note": "DASH audio", "abr": 128, "filesize": 1128023, "tbr": 77.77, "vcodec": "none", "format": "171 - audio only (DASH audio)", "protocol": "https", "http_headers": {"User-Agent": "Mozilla/5.0 (X11; Linux x86_64; rv:10.0) Gecko/20150101 Firefox/47.0 (Chrome)", "Accept-Charset": "ISO-8859-1,utf-8;q=0.7,*;q=0.7", "Accept": "text/html,application/xhtml+xml,application/xml;q=0.9,*/*;q=0.8", "Accept-Encoding": "gzip, deflate", "Accept-Language": "en-us,en;q=0.5"}}, {"ext": "m4a", "format_note": "DASH audio", "acodec": "mp4a.40.2", "abr": 128, "container": "m4a_dash", "format_id": "140", "url": "https://r6---sn-xjpm-q0nl.googlevideo.com/videoplayback?id=275f5ae63ce1b3ae&itag=140&source=youtube&requiressl=yes&mv=u&mn=sn-xjpm-q0nl&mm=31&pl=16&ms=au&ei=5ZqKWd7MF9Wocd_yr_AJ&ratebypass=yes&mime=audio/mp4&gir=yes&clen=1971164&lmt=1422863761422033&dur=122.740&key=dg_yt0&signature=4FFEA405BA33725E19D95D5E6A571CFF3218D4B0.79FA231A49D65E1E9F02898E1613815879CD9E06&mt=1502255306&ip=131.159.40.117&ipbits=0&expire=1502277445&sparams=ip,ipbits,expire,id,itag,source,requiressl,mv,mn,mm,pl,ms,ei,ratebypass,mime,gir,clen,lmt,dur", "manifest_url": "https://manifest.googlevideo.com/api/manifest/dash/as/fmp4_audio_clear%2Cfmp4_sd_hd_clear/source/youtube/mv/u/sparams/as%2Cei%2Chfr%2Cid%2Cip%2Cipbits%2Citag%2Cmm%2Cmn%2Cms%2Cmv%2Cpl%2Cplayback_host%2Crequiressl%2Csource%2Cexpire/hfr/1/key/yt6/mn/sn-xjpm-q0nl/mm/31/signature/A1066DB77E9421D29CA9299BB2B4C2ED113146E8.10522AB60938C8977D5AE22777EC4A0548F20540/id/275f5ae63ce1b3ae/pl/16/itag/0/ip/131.159.40.117/ipbits/0/ms/au/requiressl/yes/ei/5ZqKWd7MF9Wocd_yr_AJ/expire/1502277445/mt/1502255306/playback_host/r6---sn-xjpm-q0nl.googlevideo.com", "width": null, "height": null, "tbr": 129.496, "asr": 44100, "fps": null, "language": null, "filesize": 1971164, "vcodec": "none", "format": "140 - audio only (DASH audio)", "protocol": "https", "http_headers": {"User-Agent": "Mozilla/5.0 (X11; Linux x86_64; rv:10.0) Gecko/20150101 Firefox/47.0 (Chrome)", "Accept-Charset": "ISO-8859-1,utf-8;q=0.7,*;q=0.7", "Accept": "text/html,application/xhtml+xml,application/xml;q=0.9,*/*;q=0.8", "Accept-Encoding": "gzip, deflate", "Accept-Language": "en-us,en;q=0.5"}}, {"format_id": "251", "url": "https://r6---sn-xjpm-q0nl.googlevideo.com/videoplayback?lmt=1422177150721102&source=youtube&keepalive=yes&ei=5JqKWc2ANcHDcqOJsvAL&mime=audio%2Fwebm&gir=yes&key=yt6&clen=2764192&signature=277A994DDDB491D20C994377289D92863AF8E103.7FCA0D6BAD27350963253000B60941079EC76937&ipbits=0&dur=122.681&expire=1502277445&itag=251&ip=131.159.40.117&requiressl=yes&ms=au&mt=1502255306&sparams=clen%2Cdur%2Cei%2Cgir%2Cid%2Cip%2Cipbits%2Citag%2Ckeepalive%2Clmt%2Cmime%2Cmm%2Cmn%2Cms%2Cmv%2Cpl%2Crequiressl%2Csource%2Cexpire&mv=u&id=o-ABiNJv24dvYbn8VuAJLMEI7s_61mDwvL32qWWAYS-E0L&pl=16&mm=31&mn=sn-xjpm-q0nl&ratebypass=yes", "player_url": null, "ext": "webm", "format_note": "DASH audio", "acodec": "opus", "abr": 160, "filesize": 2764192, "tbr": 188.72, "vcodec": "none", "format": "251 - audio only (DASH audio)", "protocol": "https", "http_headers": {"User-Agent": "Mozilla/5.0 (X11; Linux x86_64; rv:10.0) Gecko/20150101 Firefox/47.0 (Chrome)", "Accept-Charset": "ISO-8859-1,utf-8;q=0.7,*;q=0.7", "Accept": "text/html,application/xhtml+xml,application/xml;q=0.9,*/*;q=0.8", "Accept-Encoding": "gzip, deflate", "Accept-Language": "en-us,en;q=0.5"}}, {"format_id": "278", "url": "https://r6---sn-xjpm-q0nl.googlevideo.com/videoplayback?lmt=1422177173426586&source=youtube&keepalive=yes&ei=5JqKWc2ANcHDcqOJsvAL&mime=video%2Fwebm&gir=yes&key=yt6&clen=1168944&signature=6C054BC509D545FD06478C674047B6E49F869AF5.A6941F7AE8B63AB857A34A30F380117991AF2F8B&ipbits=0&dur=122.640&expire=1502277445&itag=278&ip=131.159.40.117&requiressl=yes&ms=au&mt=1502255306&sparams=clen%2Cdur%2Cei%2Cgir%2Cid%2Cip%2Cipbits%2Citag%2Ckeepalive%2Clmt%2Cmime%2Cmm%2Cmn%2Cms%2Cmv%2Cpl%2Crequiressl%2Csource%2Cexpire&mv=u&id=o-ABiNJv24dvYbn8VuAJLMEI7s_61mDwvL32qWWAYS-E0L&pl=16&mm=31&mn=sn-xjpm-q0nl&ratebypass=yes", "player_url": null, "ext": "webm", "height": 144, "format_note": "144p", "container": "webm", "vcodec": "vp9", "filesize": 1168944, "tbr": 94.191, "width": 256, "fps": 13, "acodec": "none", "format": "278 - 256x144 (144p)", "protocol": "https", "http_headers": {"User-Agent": "Mozilla/5.0 (X11; Linux x86_64; rv:10.0) Gecko/20150101 Firefox/47.0 (Chrome)", "Accept-Charset": "ISO-8859-1,utf-8;q=0.7,*;q=0.7", "Accept": "text/html,application/xhtml+xml,application/xml;q=0.9,*/*;q=0.8", "Accept-Encoding": "gzip, deflate", "Accept-Language": "en-us,en;q=0.5"}}, {"ext": "mp4", "height": 144, "format_note": "DASH video", "vcodec": "avc1.4d400c", "format_id": "160", "url": "https://r6---sn-xjpm-q0nl.googlevideo.com/videoplayback?id=275f5ae63ce1b3ae&itag=160&source=youtube&requiressl=yes&mv=u&mn=sn-xjpm-q0nl&mm=31&pl=16&ms=au&ei=5ZqKWd7MF9Wocd_yr_AJ&ratebypass=yes&mime=video/mp4&gir=yes&clen=1692648&lmt=1422863774522963&dur=122.720&key=dg_yt0&signature=2ED2558A5F5504973AAF24660FB289C5EEE26A75.510AB984125672FFF628F57028D8A3A633F30B41&mt=1502255306&ip=131.159.40.117&ipbits=0&expire=1502277445&sparams=ip,ipbits,expire,id,itag,source,requiressl,mv,mn,mm,pl,ms,ei,ratebypass,mime,gir,clen,lmt,dur", "manifest_url": "https://manifest.googlevideo.com/api/manifest/dash/as/fmp4_audio_clear%2Cfmp4_sd_hd_clear/source/youtube/mv/u/sparams/as%2Cei%2Chfr%2Cid%2Cip%2Cipbits%2Citag%2Cmm%2Cmn%2Cms%2Cmv%2Cpl%2Cplayback_host%2Crequiressl%2Csource%2Cexpire/hfr/1/key/yt6/mn/sn-xjpm-q0nl/mm/31/signature/A1066DB77E9421D29CA9299BB2B4C2ED113146E8.10522AB60938C8977D5AE22777EC4A0548F20540/id/275f5ae63ce1b3ae/pl/16/itag/0/ip/131.159.40.117/ipbits/0/ms/au/requiressl/yes/ei/5ZqKWd7MF9Wocd_yr_AJ/expire/1502277445/mt/1502255306/playback_host/r6---sn-xjpm-q0nl.googlevideo.com", "width": 256, "tbr": 112.3, "asr": null, "fps": 13, "language": null, "filesize": 1692648, "acodec": "none", "format": "160 - 256x144 (DASH video)", "protocol": "https", "http_headers": {"User-Agent": "Mozilla/5.0 (X11; Linux x86_64; rv:10.0) Gecko/20150101 Firefox/47.0 (Chrome)", "Accept-Charset": "ISO-8859-1,utf-8;q=0.7,*;q=0.7", "Accept": "text/html,application/xhtml+xml,application/xml;q=0.9,*/*;q=0.8", "Accept-Encoding": "gzip, deflate", "Accept-Language": "en-us,en;q=0.5"}}, {"format_id": "242", "url": "https://r6---sn-xjpm-q0nl.googlevideo.com/videoplayback?lmt=1422177163820038&source=youtube&keepalive=yes&ei=5JqKWc2ANcHDcqOJsvAL&mime=video%2Fwebm&gir=yes&key=yt6&clen=1902754&signature=9C960E87D618586CD7A470E651D660AC9772CE43.9AB58297C6E5047BB9B14509808A8FE380E30701&ipbits=0&dur=122.640&expire=1502277445&itag=242&ip=131.159.40.117&requiressl=yes&ms=au&mt=1502255306&sparams=clen%2Cdur%2Cei%2Cgir%2Cid%2Cip%2Cipbits%2Citag%2Ckeepalive%2Clmt%2Cmime%2Cmm%2Cmn%2Cms%2Cmv%2Cpl%2Crequiressl%2Csource%2Cexpire&mv=u&id=o-ABiNJv24dvYbn8VuAJLMEI7s_61mDwvL32qWWAYS-E0L&pl=16&mm=31&mn=sn-xjpm-q0nl&ratebypass=yes", "player_url": null, "ext": "webm", "height": 240, "format_note": "240p", "vcodec": "vp9", "filesize": 1902754, "tbr": 196.05, "width": 426, "fps": 25, "acodec": "none", "format": "242 - 426x240 (240p)", "protocol": "https", "http_headers": {"User-Agent": "Mozilla/5.0 (X11; Linux x86_64; rv:10.0) Gecko/20150101 Firefox/47.0 (Chrome)", "Accept-Charset": "ISO-8859-1,utf-8;q=0.7,*;q=0.7", "Accept": "text/html,application/xhtml+xml,application/xml;q=0.9,*/*;q=0.8", "Accept-Encoding": "gzip, deflate", "Accept-Language": "en-us,en;q=0.5"}}, {"ext": "mp4", "height": 240, "format_note": "DASH video", "vcodec": "avc1.4d4015", "format_id": "133", "url": "https://r6---sn-xjpm-q0nl.googlevideo.com/videoplayback?id=275f5ae63ce1b3ae&itag=133&source=youtube&requiressl=yes&mv=u&mn=sn-xjpm-q0nl&mm=31&pl=16&ms=au&ei=5ZqKWd7MF9Wocd_yr_AJ&ratebypass=yes&mime=video/mp4&gir=yes&clen=3796631&lmt=1422863765673194&dur=122.640&key=dg_yt0&signature=4BCA0C2CF66D82551EB80572E75A9DB53D767A02.0F28C1976F4017A8942777183C9ACE0A0C6F1335&mt=1502255306&ip=131.159.40.117&ipbits=0&expire=1502277445&sparams=ip,ipbits,expire,id,itag,source,requiressl,mv,mn,mm,pl,ms,ei,ratebypass,mime,gir,clen,lmt,dur", "manifest_url": "https://manifest.googlevideo.com/api/manifest/dash/as/fmp4_audio_clear%2Cfmp4_sd_hd_clear/source/youtube/mv/u/sparams/as%2Cei%2Chfr%2Cid%2Cip%2Cipbits%2Citag%2Cmm%2Cmn%2Cms%2Cmv%2Cpl%2Cplayback_host%2Crequiressl%2Csource%2Cexpire/hfr/1/key/yt6/mn/sn-xjpm-q0nl/mm/31/signature/A1066DB77E9421D29CA9299BB2B4C2ED113146E8.10522AB60938C8977D5AE22777EC4A0548F20540/id/275f5ae63ce1b3ae/pl/16/itag/0/ip/131.159.40.117/ipbits/0/ms/au/requiressl/yes/ei/5ZqKWd7MF9Wocd_yr_AJ/expire/1502277445/mt/1502255306/playback_host/r6---sn-xjpm-q0nl.googlevideo.com", "width": 426, "tbr": 258.788, "asr": null, "fps": 25, "language": null, "filesize": 3796631, "acodec": "none", "format": "133 - 426x240 (DASH video)", "protocol": "https", "http_headers": {"User-Agent": "Mozilla/5.0 (X11; Linux x86_64; rv:10.0) Gecko/20150101 Firefox/47.0 (Chrome)", "Accept-Charset": "ISO-8859-1,utf-8;q=0.7,*;q=0.7", "Accept": "text/html,application/xhtml+xml,application/xml;q=0.9,*/*;q=0.8", "Accept-Encoding": "gzip, deflate", "Accept-Language": "en-us,en;q=0.5"}}, {"format_id": "243", "url": "https://r6---sn-xjpm-q0nl.googlevideo.com/videoplayback?lmt=1422177170679121&source=youtube&keepalive=yes&ei=5JqKWc2ANcHDcqOJsvAL&mime=video%2Fwebm&gir=yes&key=yt6&clen=4000716&signature=E1B9A04F0D793C01F81B352CDAFD40D7DA2B6B50.E058232B0F951A2E232F00B9B29738832C9CEA65&ipbits=0&dur=122.640&expire=1502277445&itag=243&ip=131.159.40.117&requiressl=yes&ms=au&mt=1502255306&sparams=clen%2Cdur%2Cei%2Cgir%2Cid%2Cip%2Cipbits%2Citag%2Ckeepalive%2Clmt%2Cmime%2Cmm%2Cmn%2Cms%2Cmv%2Cpl%2Crequiressl%2Csource%2Cexpire&mv=u&id=o-ABiNJv24dvYbn8VuAJLMEI7s_61mDwvL32qWWAYS-E0L&pl=16&mm=31&mn=sn-xjpm-q0nl&ratebypass=yes", "player_url": null, "ext": "webm", "height": 360, "format_note": "360p", "vcodec": "vp9", "filesize": 4000716, "tbr": 390.426, "width": 640, "fps": 25, "acodec": "none", "format": "243 - 640x360 (360p)", "protocol": "https", "http_headers": {"User-Agent": "Mozilla/5.0 (X11; Linux x86_64; rv:10.0) Gecko/20150101 Firefox/47.0 (Chrome)", "Accept-Charset": "ISO-8859-1,utf-8;q=0.7,*;q=0.7", "Accept": "text/html,application/xhtml+xml,application/xml;q=0.9,*/*;q=0.8", "Accept-Encoding": "gzip, deflate", "Accept-Language": "en-us,en;q=0.5"}}, {"ext": "mp4", "height": 360, "format_note": "DASH video", "vcodec": "avc1.4d401e", "format_id": "134", "url": "https://r6---sn-xjpm-q0nl.googlevideo.com/videoplayback?id=275f5ae63ce1b3ae&itag=134&source=youtube&requiressl=yes&mv=u&mn=sn-xjpm-q0nl&mm=31&pl=16&ms=au&ei=5ZqKWd7MF9Wocd_yr_AJ&ratebypass=yes&mime=video/mp4&gir=yes&clen=4206827&lmt=1422863769297286&dur=122.640&key=dg_yt0&signature=0B22A967D38AAC9D59A6DF217B98BFB1AA689F90.1FEE118AD904E7D845E7C6A6255BBD2C85168E77&mt=1502255306&ip=131.159.40.117&ipbits=0&expire=1502277445&sparams=ip,ipbits,expire,id,itag,source,requiressl,mv,mn,mm,pl,ms,ei,ratebypass,mime,gir,clen,lmt,dur", "manifest_url": "https://manifest.googlevideo.com/api/manifest/dash/as/fmp4_audio_clear%2Cfmp4_sd_hd_clear/source/youtube/mv/u/sparams/as%2Cei%2Chfr%2Cid%2Cip%2Cipbits%2Citag%2Cmm%2Cmn%2Cms%2Cmv%2Cpl%2Cplayback_host%2Crequiressl%2Csource%2Cexpire/hfr/1/key/yt6/mn/sn-xjpm-q0nl/mm/31/signature/A1066DB77E9421D29CA9299BB2B4C2ED113146E8.10522AB60938C8977D5AE22777EC4A0548F20540/id/275f5ae63ce1b3ae/pl/16/itag/0/ip/131.159.40.117/ipbits/0/ms/au/requiressl/yes/ei/5ZqKWd7MF9Wocd_yr_AJ/expire/1502277445/mt/1502255306/playback_host/r6---sn-xjpm-q0nl.googlevideo.com", "width": 640, "tbr": 525.128, "asr": null, "fps": 25, "language": null, "filesize": 4206827, "acodec": "none", "format": "134 - 640x360 (DASH video)", "protocol": "https", "http_headers": {"User-Agent": "Mozilla/5.0 (X11; Linux x86_64; rv:10.0) Gecko/20150101 Firefox/47.0 (Chrome)", "Accept-Charset": "ISO-8859-1,utf-8;q=0.7,*;q=0.7", "Accept": "text/html,application/xhtml+xml,application/xml;q=0.9,*/*;q=0.8", "Accept-Encoding": "gzip, deflate", "Accept-Language": "en-us,en;q=0.5"}}, {"format_id": "244", "url": "https://r6---sn-xjpm-q0nl.googlevideo.com/videoplayback?lmt=1422177217165256&source=youtube&keepalive=yes&ei=5JqKWc2ANcHDcqOJsvAL&mime=video%2Fwebm&gir=yes&key=yt6&clen=6630372&signature=CC9789AAAB544198B7906932883C98A831B34418.7E524C666C05C1B4A05AB82339380B1CC3A7C606&ipbits=0&dur=122.640&expire=1502277445&itag=244&ip=131.159.40.117&requiressl=yes&ms=au&mt=1502255306&sparams=clen%2Cdur%2Cei%2Cgir%2Cid%2Cip%2Cipbits%2Citag%2Ckeepalive%2Clmt%2Cmime%2Cmm%2Cmn%2Cms%2Cmv%2Cpl%2Crequiressl%2Csource%2Cexpire&mv=u&id=o-ABiNJv24dvYbn8VuAJLMEI7s_61mDwvL32qWWAYS-E0L&pl=16&mm=31&mn=sn-xjpm-q0nl&ratebypass=yes", "player_url": null, "ext": "webm", "height": 480, "format_note": "480p", "vcodec": "vp9", "filesize": 6630372, "tbr": 659.54, "width": 854, "fps": 25, "acodec": "none", "format": "244 - 854x480 (480p)", "protocol": "https", "http_headers": {"User-Agent": "Mozilla/5.0 (X11; Linux x86_64; rv:10.0) Gecko/20150101 Firefox/47.0 (Chrome)", "Accept-Charset": "ISO-8859-1,utf-8;q=0.7,*;q=0.7", "Accept": "text/html,application/xhtml+xml,application/xml;q=0.9,*/*;q=0.8", "Accept-Encoding": "gzip, deflate", "Accept-Language": "en-us,en;q=0.5"}}, {"ext": "mp4", "height": 480, "format_note": "DASH video", "vcodec": "avc1.4d401e", "format_id": "135", "url": "https://r6---sn-xjpm-q0nl.googlevideo.com/videoplayback?id=275f5ae63ce1b3ae&itag=135&source=youtube&requiressl=yes&mv=u&mn=sn-xjpm-q0nl&mm=31&pl=16&ms=au&ei=5ZqKWd7MF9Wocd_yr_AJ&ratebypass=yes&mime=video/mp4&gir=yes&clen=8612439&lmt=1422863780160205&dur=122.640&key=dg_yt0&signature=89289DEB116F052B1EDD592C40223BBFF1F711C3.7F0522A925DD6AD0C8CA0D3A2DF4B6CF03E77193&mt=1502255306&ip=131.159.40.117&ipbits=0&expire=1502277445&sparams=ip,ipbits,expire,id,itag,source,requiressl,mv,mn,mm,pl,ms,ei,ratebypass,mime,gir,clen,lmt,dur", "manifest_url": "https://manifest.googlevideo.com/api/manifest/dash/as/fmp4_audio_clear%2Cfmp4_sd_hd_clear/source/youtube/mv/u/sparams/as%2Cei%2Chfr%2Cid%2Cip%2Cipbits%2Citag%2Cmm%2Cmn%2Cms%2Cmv%2Cpl%2Cplayback_host%2Crequiressl%2Csource%2Cexpire/hfr/1/key/yt6/mn/sn-xjpm-q0nl/mm/31/signature/A1066DB77E9421D29CA9299BB2B4C2ED113146E8.10522AB60938C8977D5AE22777EC4A0548F20540/id/275f5ae63ce1b3ae/pl/16/itag/0/ip/131.159.40.117/ipbits/0/ms/au/requiressl/yes/ei/5ZqKWd7MF9Wocd_yr_AJ/expire/1502277445/mt/1502255306/playback_host/r6---sn-xjpm-q0nl.googlevideo.com", "width": 854, "tbr": 994.531, "asr": null, "fps": 25, "language": null, "filesize": 8612439, "acodec": "none", "format": "135 - 854x480 (DASH video)", "protocol": "https", "http_headers": {"User-Agent": "Mozilla/5.0 (X11; Linux x86_64; rv:10.0) Gecko/20150101 Firefox/47.0 (Chrome)", "Accept-Charset": "ISO-8859-1,utf-8;q=0.7,*;q=0.7", "Accept": "text/html,application/xhtml+xml,application/xml;q=0.9,*/*;q=0.8", "Accept-Encoding": "gzip, deflate", "Accept-Language": "en-us,en;q=0.5"}}, {"format_id": "247", "url": "https://r6---sn-xjpm-q0nl.googlevideo.com/videoplayback?lmt=1422177226967458&source=youtube&keepalive=yes&ei=5JqKWc2ANcHDcqOJsvAL&mime=video%2Fwebm&gir=yes&key=yt6&clen=13946478&signature=90AD432DD474C370872CA99D5E99D0E1328B91C6.AB44F02E7F97CEBF2364EDFA7F7F64306DF8D2EB&ipbits=0&dur=122.640&expire=1502277445&itag=247&ip=131.159.40.117&requiressl=yes&ms=au&mt=1502255306&sparams=clen%2Cdur%2Cei%2Cgir%2Cid%2Cip%2Cipbits%2Citag%2Ckeepalive%2Clmt%2Cmime%2Cmm%2Cmn%2Cms%2Cmv%2Cpl%2Crequiressl%2Csource%2Cexpire&mv=u&id=o-ABiNJv24dvYbn8VuAJLMEI7s_61mDwvL32qWWAYS-E0L&pl=16&mm=31&mn=sn-xjpm-q0nl&ratebypass=yes", "player_url": null, "ext": "webm", "height": 720, "format_note": "720p", "vcodec": "vp9", "filesize": 13946478, "tbr": 1386.546, "width": 1280, "fps": 25, "acodec": "none", "format": "247 - 1280x720 (720p)", "protocol": "https", "http_headers": {"User-Agent": "Mozilla/5.0 (X11; Linux x86_64; rv:10.0) Gecko/20150101 Firefox/47.0 (Chrome)", "Accept-Charset": "ISO-8859-1,utf-8;q=0.7,*;q=0.7", "Accept": "text/html,application/xhtml+xml,application/xml;q=0.9,*/*;q=0.8", "Accept-Encoding": "gzip, deflate", "Accept-Language": "en-us,en;q=0.5"}}, {"ext": "mp4", "height": 720, "format_note": "DASH video", "vcodec": "avc1.4d401f", "format_id": "136", "url": "https://r6---sn-xjpm-q0nl.googlevideo.com/videoplayback?id=275f5ae63ce1b3ae&itag=136&source=youtube&requiressl=yes&mv=u&mn=sn-xjpm-q0nl&mm=31&pl=16&ms=au&ei=5ZqKWd7MF9Wocd_yr_AJ&ratebypass=yes&mime=video/mp4&gir=yes&clen=16763303&lmt=1422863805569890&dur=122.640&key=dg_yt0&signature=8FF50DFD72AB9FB1D78E51CD34A4533FF9E1255E.889A3878640A428FE5346A122C91C444D00D21C9&mt=1502255306&ip=131.159.40.117&ipbits=0&expire=1502277445&sparams=ip,ipbits,expire,id,itag,source,requiressl,mv,mn,mm,pl,ms,ei,ratebypass,mime,gir,clen,lmt,dur", "manifest_url": "https://manifest.googlevideo.com/api/manifest/dash/as/fmp4_audio_clear%2Cfmp4_sd_hd_clear/source/youtube/mv/u/sparams/as%2Cei%2Chfr%2Cid%2Cip%2Cipbits%2Citag%2Cmm%2Cmn%2Cms%2Cmv%2Cpl%2Cplayback_host%2Crequiressl%2Csource%2Cexpire/hfr/1/key/yt6/mn/sn-xjpm-q0nl/mm/31/signature/A1066DB77E9421D29CA9299BB2B4C2ED113146E8.10522AB60938C8977D5AE22777EC4A0548F20540/id/275f5ae63ce1b3ae/pl/16/itag/0/ip/131.159.40.117/ipbits/0/ms/au/requiressl/yes/ei/5ZqKWd7MF9Wocd_yr_AJ/expire/1502277445/mt/1502255306/playback_host/r6---sn-xjpm-q0nl.googlevideo.com", "width": 1280, "tbr": 1772.485, "asr": null, "fps": 25, "language": null, "filesize": 16763303, "acodec": "none", "format": "136 - 1280x720 (DASH video)", "protocol": "https", "http_headers": {"User-Agent": "Mozilla/5.0 (X11; Linux x86_64; rv:10.0) Gecko/20150101 Firefox/47.0 (Chrome)", "Accept-Charset": "ISO-8859-1,utf-8;q=0.7,*;q=0.7", "Accept": "text/html,application/xhtml+xml,application/xml;q=0.9,*/*;q=0.8", "Accept-Encoding": "gzip, deflate", "Accept-Language": "en-us,en;q=0.5"}}, {"format_id": "17", "url": "https://r6---sn-xjpm-q0nl.googlevideo.com/videoplayback?lmt=1422111635241828&source=youtube&ipbits=0&dur=122.880&ei=5JqKWc2ANcHDcqOJsvAL&expire=1502277445&itag=17&ip=131.159.40.117&requiressl=yes&mime=video%2F3gpp&gir=yes&ms=au&mt=1502255306&sparams=clen%2Cdur%2Cei%2Cgir%2Cid%2Cip%2Cipbits%2Citag%2Clmt%2Cmime%2Cmm%2Cmn%2Cms%2Cmv%2Cpl%2Crequiressl%2Csource%2Cexpire&mv=u&id=o-ABiNJv24dvYbn8VuAJLMEI7s_61mDwvL32qWWAYS-E0L&pl=16&mm=31&mn=sn-xjpm-q0nl&clen=1260159&signature=9BEF8209E161734A43306B1888CE722A6322C676.C7E709B5CAD14D648C3A945894B2D4E24B8A96A9&key=yt6&ratebypass=yes", "player_url": null, "ext": "3gp", "width": 176, "height": 144, "acodec": "mp4a.40.2", "abr": 24, "vcodec": "mp4v.20.3", "resolution": "176x144", "format_note": "small", "format": "17 - 176x144 (small)", "protocol": "https", "http_headers": {"User-Agent": "Mozilla/5.0 (X11; Linux x86_64; rv:10.0) Gecko/20150101 Firefox/47.0 (Chrome)", "Accept-Charset": "ISO-8859-1,utf-8;q=0.7,*;q=0.7", "Accept": "text/html,application/xhtml+xml,application/xml;q=0.9,*/*;q=0.8", "Accept-Encoding": "gzip, deflate", "Accept-Language": "en-us,en;q=0.5"}}, {"format_id": "36", "url": "https://r6---sn-xjpm-q0nl.googlevideo.com/videoplayback?lmt=1422111643746931&source=youtube&ipbits=0&dur=122.880&ei=5JqKWc2ANcHDcqOJsvAL&expire=1502277445&itag=36&ip=131.159.40.117&requiressl=yes&mime=video%2F3gpp&gir=yes&ms=au&mt=1502255306&sparams=clen%2Cdur%2Cei%2Cgir%2Cid%2Cip%2Cipbits%2Citag%2Clmt%2Cmime%2Cmm%2Cmn%2Cms%2Cmv%2Cpl%2Crequiressl%2Csource%2Cexpire&mv=u&id=o-ABiNJv24dvYbn8VuAJLMEI7s_61mDwvL32qWWAYS-E0L&pl=16&mm=31&mn=sn-xjpm-q0nl&clen=3501946&signature=CF07C5E39FB33F0B5AE68DAA375A82C20DF01776.5B21AB2B2ADFD463E2AF1DB113A9AB69A5081701&key=yt6&ratebypass=yes", "player_url": null, "ext": "3gp", "width": 320, "acodec": "mp4a.40.2", "vcodec": "mp4v.20.3", "resolution": "320x180", "height": 180, "format_note": "small", "format": "36 - 320x180 (small)", "protocol": "https", "http_headers": {"User-Agent": "Mozilla/5.0 (X11; Linux x86_64; rv:10.0) Gecko/20150101 Firefox/47.0 (Chrome)", "Accept-Charset": "ISO-8859-1,utf-8;q=0.7,*;q=0.7", "Accept": "text/html,application/xhtml+xml,application/xml;q=0.9,*/*;q=0.8", "Accept-Encoding": "gzip, deflate", "Accept-Language": "en-us,en;q=0.5"}}, {"format_id": "43", "url": "https://r6---sn-xjpm-q0nl.googlevideo.com/videoplayback?lmt=1422112149615714&source=youtube&ei=5JqKWc2ANcHDcqOJsvAL&mime=video%2Fwebm&gir=yes&key=yt6&clen=9295064&signature=5F16089F265781DE7A73A28778BBA634073EEF2A.E385675AEAF79DD2D9FEAC6FB9EAD9DC1412DCAC&ipbits=0&dur=0.000&ratebypass=yes&expire=1502277445&itag=43&ip=131.159.40.117&requiressl=yes&ms=au&mt=1502255306&sparams=clen%2Cdur%2Cei%2Cgir%2Cid%2Cip%2Cipbits%2Citag%2Clmt%2Cmime%2Cmm%2Cmn%2Cms%2Cmv%2Cpl%2Cratebypass%2Crequiressl%2Csource%2Cexpire&mv=u&id=o-ABiNJv24dvYbn8VuAJLMEI7s_61mDwvL32qWWAYS-E0L&pl=16&mm=31&mn=sn-xjpm-q0nl", "player_url": null, "ext": "webm", "width": 640, "height": 360, "acodec": "vorbis", "abr": 128, "vcodec": "vp8.0", "resolution": "640x360", "format_note": "medium", "format": "43 - 640x360 (medium)", "protocol": "https", "http_headers": {"User-Agent": "Mozilla/5.0 (X11; Linux x86_64; rv:10.0) Gecko/20150101 Firefox/47.0 (Chrome)", "Accept-Charset": "ISO-8859-1,utf-8;q=0.7,*;q=0.7", "Accept": "text/html,application/xhtml+xml,application/xml;q=0.9,*/*;q=0.8", "Accept-Encoding": "gzip, deflate", "Accept-Language": "en-us,en;q=0.5"}}, {"format_id": "18", "url": "https://r6---sn-xjpm-q0nl.googlevideo.com/videoplayback?lmt=1422863753418393&source=youtube&ei=5JqKWc2ANcHDcqOJsvAL&mime=video%2Fmp4&gir=yes&key=yt6&clen=7008282&signature=2DA6F77F80B22F5C3B0E8A051F4307D830EB4AFF.4E3D50A9FA81720057A9914C997B667AF90E7145&ipbits=0&dur=122.740&ratebypass=yes&expire=1502277445&itag=18&ip=131.159.40.117&requiressl=yes&ms=au&mt=1502255306&sparams=clen%2Cdur%2Cei%2Cgir%2Cid%2Cip%2Cipbits%2Citag%2Clmt%2Cmime%2Cmm%2Cmn%2Cms%2Cmv%2Cpl%2Cratebypass%2Crequiressl%2Csource%2Cexpire&mv=u&id=o-ABiNJv24dvYbn8VuAJLMEI7s_61mDwvL32qWWAYS-E0L&pl=16&mm=31&mn=sn-xjpm-q0nl", "player_url": null, "ext": "mp4", "width": 640, "height": 360, "acodec": "mp4a.40.2", "abr": 96, "vcodec": "avc1.42001E", "resolution": "640x360", "format_note": "medium", "format": "18 - 640x360 (medium)", "protocol": "https", "http_headers": {"User-Agent": "Mozilla/5.0 (X11; Linux x86_64; rv:10.0) Gecko/20150101 Firefox/47.0 (Chrome)", "Accept-Charset": "ISO-8859-1,utf-8;q=0.7,*;q=0.7", "Accept": "text/html,application/xhtml+xml,application/xml;q=0.9,*/*;q=0.8", "Accept-Encoding": "gzip, deflate", "Accept-Language": "en-us,en;q=0.5"}}, {"format_id": "22", "url": "https://r6---sn-xjpm-q0nl.googlevideo.com/videoplayback?lmt=1471050744713681&signature=E1D97C285942ADFD1CD2FEA258E9F7D00D753946.917F72460C668465D17C86021BD9BC7B734D883B&ip=131.159.40.117&requiressl=yes&mime=video%2Fmp4&ms=au&source=youtube&sparams=dur%2Cei%2Cid%2Cip%2Cipbits%2Citag%2Clmt%2Cmime%2Cmm%2Cmn%2Cms%2Cmv%2Cpl%2Cratebypass%2Crequiressl%2Csource%2Cexpire&mv=u&id=o-ABiNJv24dvYbn8VuAJLMEI7s_61mDwvL32qWWAYS-E0L&pl=16&mm=31&ipbits=0&dur=122.740&mn=sn-xjpm-q0nl&ei=5JqKWc2ANcHDcqOJsvAL&itag=22&ratebypass=yes&key=yt6&mt=1502255306&expire=1502277445", "player_url": null, "ext": "mp4", "width": 1280, "height": 720, "acodec": "mp4a.40.2", "abr": 192, "vcodec": "avc1.64001F", "resolution": "1280x720", "format_note": "hd720", "format": "22 - 1280x720 (hd720)", "protocol": "https", "http_headers": {"User-Agent": "Mozilla/5.0 (X11; Linux x86_64; rv:10.0) Gecko/20150101 Firefox/47.0 (Chrome)", "Accept-Charset": "ISO-8859-1,utf-8;q=0.7,*;q=0.7", "Accept": "text/html,application/xhtml+xml,application/xml;q=0.9,*/*;q=0.8", "Accept-Encoding": "gzip, deflate", "Accept-Language": "en-us,en;q=0.5"}}], "is_live": null, "start_time": null, "end_time": null, "series": null, "season_number": null, "episode_number": null, "extractor": "youtube", "webpage_url_basename": "J19a5jzhs64", "extractor_key": "Youtube", "playlist": null, "playlist_index": null, "thumbnails": [{"url": "https://i.ytimg.com/vi/J19a5jzhs64/maxresdefault.jpg", "id": "0"}], "display_id": "J19a5jzhs64", "ext": "mp4", "height": 720, "format_note": "DASH video", "vcodec": "avc1.4d401f", "format_id": "136", "url": "https://r6---sn-xjpm-q0nl.googlevideo.com/videoplayback?id=275f5ae63ce1b3ae&itag=136&source=youtube&requiressl=yes&mv=u&mn=sn-xjpm-q0nl&mm=31&pl=16&ms=au&ei=5ZqKWd7MF9Wocd_yr_AJ&ratebypass=yes&mime=video/mp4&gir=yes&clen=16763303&lmt=1422863805569890&dur=122.640&key=dg_yt0&signature=8FF50DFD72AB9FB1D78E51CD34A4533FF9E1255E.889A3878640A428FE5346A122C91C444D00D21C9&mt=1502255306&ip=131.159.40.117&ipbits=0&expire=1502277445&sparams=ip,ipbits,expire,id,itag,source,requiressl,mv,mn,mm,pl,ms,ei,ratebypass,mime,gir,clen,lmt,dur", "manifest_url": "https://manifest.googlevideo.com/api/manifest/dash/as/fmp4_audio_clear%2Cfmp4_sd_hd_clear/source/youtube/mv/u/sparams/as%2Cei%2Chfr%2Cid%2Cip%2Cipbits%2Citag%2Cmm%2Cmn%2Cms%2Cmv%2Cpl%2Cplayback_host%2Crequiressl%2Csource%2Cexpire/hfr/1/key/yt6/mn/sn-xjpm-q0nl/mm/31/signature/A1066DB77E9421D29CA9299BB2B4C2ED113146E8.10522AB60938C8977D5AE22777EC4A0548F20540/id/275f5ae63ce1b3ae/pl/16/itag/0/ip/131.159.40.117/ipbits/0/ms/au/requiressl/yes/ei/5ZqKWd7MF9Wocd_yr_AJ/expire/1502277445/mt/1502255306/playback_host/r6---sn-xjpm-q0nl.googlevideo.com", "width": 1280, "tbr": 1772.485, "asr": null, "fps": 25, "language": null, "filesize": 16763303, "acodec": "none", "format": "136 - 1280x720 (DASH video)", "protocol": "https", "http_headers": {"User-Agent": "Mozilla/5.0 (X11; Linux x86_64; rv:10.0) Gecko/20150101 Firefox/47.0 (Chrome)", "Accept-Charset": "ISO-8859-1,utf-8;q=0.7,*;q=0.7", "Accept": "text/html,application/xhtml+xml,application/xml;q=0.9,*/*;q=0.8", "Accept-Encoding": "gzip, deflate", "Accept-Language": "en-us,en;q=0.5"}, "fulltitle": "Merkel propone negociar un acuerdo entre la UE y la Uni\u00f3n Euroasi\u00e1tica", "_filename": "J19a5jzhs64.mp4"}