{"id": "d9ZKYP2EK5A", "uploader": "jesilicious19", "uploader_id": "jesilicious19", "uploader_url": "http://www.youtube.com/user/jesilicious19", "upload_date": "20120203", "license": "Standard YouTube License", "creator": null, "title": "Quick Review: Daiso Charcoal Mask and How to get rid of blackheads", "alt_title": null, "thumbnail": "https://i.ytimg.com/vi/d9ZKYP2EK5A/hqdefault.jpg", "description": "Activated Charcoal (Carbon) is known of its detoxifying benefits! Please watch and enjoy! :)\n\n\nDaiso peel off facial mask - $2 SGD\n\n\nPlease rate, comment and sub\n\n\nJesi Lee", "categories": ["Howto & Style"], "tags": ["How-to", "Review", "charcoal", "peel", "off", "mask", "singapore"], "subtitles": {}, "automatic_captions": {}, "duration": 279, "age_limit": 0, "annotations": null, "chapters": null, "webpage_url": "https://www.youtube.com/watch?v=d9ZKYP2EK5A", "view_count": 5154, "like_count": 21, "dislike_count": 2, "average_rating": 4.65217399597, "formats": [{"ext": "m4a", "format_note": "DASH audio", "acodec": "mp4a.40.5", "abr": 48, "container": "m4a_dash", "format_id": "139", "url": "https://r3---sn-4g5e6nld.googlevideo.com/videoplayback?id=77d64a60fd842b90&itag=139&source=youtube&requiressl=yes&mm=31&initcwndbps=3848750&pl=16&ms=au&ei=PDiLWdi7E8y4VeC6lxA&mv=m&mn=sn-4g5e6nld&ratebypass=yes&mime=audio/mp4&gir=yes&clen=1660397&lmt=1388286138607763&dur=279.057&key=dg_yt0&signature=4294FE92729DE25770D673320A56B6D4DD1A7BD0.691F9ACBCC228EFF0716BC8E9AFB971D95B62346&mt=1502295979&ip=131.159.40.117&ipbits=0&expire=1502317724&sparams=ip,ipbits,expire,id,itag,source,requiressl,mm,initcwndbps,pl,ms,ei,mv,mn,ratebypass,mime,gir,clen,lmt,dur", "manifest_url": "https://manifest.googlevideo.com/api/manifest/dash/key/yt6/signature/B3B575C11F3575DA7FEBCB8EE2BB5FB00972FFDD.1B3B66157C6A9FB438A480BFD3067A70F357BF3B/id/77d64a60fd842b90/expire/1502317724/hfr/1/mm/31/ipbits/0/initcwndbps/3848750/playback_host/r3---sn-4g5e6nld.googlevideo.com/pl/16/sparams/as%2Cei%2Chfr%2Cid%2Cinitcwndbps%2Cip%2Cipbits%2Citag%2Cmm%2Cmn%2Cms%2Cmv%2Cpl%2Cplayback_host%2Crequiressl%2Csource%2Cexpire/requiressl/yes/mt/1502295979/ip/131.159.40.117/ms/au/itag/0/ei/PDiLWdi7E8y4VeC6lxA/source/youtube/as/fmp4_audio_clear%2Cfmp4_sd_hd_clear/mv/m/mn/sn-4g5e6nld", "width": null, "height": null, "tbr": 48.603, "asr": 22050, "fps": null, "language": null, "filesize": 1660397, "vcodec": "none", "format": "139 - audio only (DASH audio)", "protocol": "https", "http_headers": {"User-Agent": "Mozilla/5.0 (X11; Linux x86_64; rv:10.0) Gecko/20150101 Firefox/47.0 (Chrome)", "Accept-Charset": "ISO-8859-1,utf-8;q=0.7,*;q=0.7", "Accept": "text/html,application/xhtml+xml,application/xml;q=0.9,*/*;q=0.8", "Accept-Encoding": "gzip, deflate", "Accept-Language": "en-us,en;q=0.5"}}, {"format_id": "249", "url": "https://r5---sn-4g57knk6.googlevideo.com/videoplayback?id=o-APSOc5ubafG6my63nyyt75pzlpvdxqhEKsuzIkzS0-NT&sparams=clen%2Cdur%2Cei%2Cgir%2Cid%2Cinitcwndbps%2Cip%2Cipbits%2Citag%2Ckeepalive%2Clmt%2Cmime%2Cmm%2Cmn%2Cms%2Cmv%2Cpl%2Crequiressl%2Csource%2Cexpire&initcwndbps=3848750&ip=131.159.40.117&mm=31&dur=278.941&mt=1502295979&mv=m&ms=au&source=youtube&clen=1799469&mn=sn-4g57knk6&lmt=1424193303091317&signature=13512118ED9FDAC51AF5A7C9DD0A51A19925798A.A571B231FDD3BE4B6E73C94B13F86F8616E68340&mime=audio%2Fwebm&itag=249&key=yt6&ipbits=0&keepalive=yes&pl=16&requiressl=yes&gir=yes&ei=OziLWa-qKtnKVumRoYgM&expire=1502317723&ratebypass=yes", "player_url": null, "ext": "webm", "format_note": "DASH audio", "acodec": "opus", "abr": 50, "filesize": 1799469, "tbr": 53.609, "vcodec": "none", "format": "249 - audio only (DASH audio)", "protocol": "https", "http_headers": {"User-Agent": "Mozilla/5.0 (X11; Linux x86_64; rv:10.0) Gecko/20150101 Firefox/47.0 (Chrome)", "Accept-Charset": "ISO-8859-1,utf-8;q=0.7,*;q=0.7", "Accept": "text/html,application/xhtml+xml,application/xml;q=0.9,*/*;q=0.8", "Accept-Encoding": "gzip, deflate", "Accept-Language": "en-us,en;q=0.5"}}, {"format_id": "250", "url": "https://r5---sn-4g57knk6.googlevideo.com/videoplayback?id=o-APSOc5ubafG6my63nyyt75pzlpvdxqhEKsuzIkzS0-NT&sparams=clen%2Cdur%2Cei%2Cgir%2Cid%2Cinitcwndbps%2Cip%2Cipbits%2Citag%2Ckeepalive%2Clmt%2Cmime%2Cmm%2Cmn%2Cms%2Cmv%2Cpl%2Crequiressl%2Csource%2Cexpire&initcwndbps=3848750&ip=131.159.40.117&mm=31&dur=278.941&mt=1502295979&mv=m&ms=au&source=youtube&clen=2227831&mn=sn-4g57knk6&lmt=1424193300172294&signature=B6E8E835C86FD5A11BBC9856304C6A6A1AED62F6.0E7E23A80DB5E404D21345BA35C2A26CFB055920&mime=audio%2Fwebm&itag=250&key=yt6&ipbits=0&keepalive=yes&pl=16&requiressl=yes&gir=yes&ei=OziLWa-qKtnKVumRoYgM&expire=1502317723&ratebypass=yes", "player_url": null, "ext": "webm", "format_note": "DASH audio", "acodec": "opus", "abr": 70, "filesize": 2227831, "tbr": 74.864, "vcodec": "none", "format": "250 - audio only (DASH audio)", "protocol": "https", "http_headers": {"User-Agent": "Mozilla/5.0 (X11; Linux x86_64; rv:10.0) Gecko/20150101 Firefox/47.0 (Chrome)", "Accept-Charset": "ISO-8859-1,utf-8;q=0.7,*;q=0.7", "Accept": "text/html,application/xhtml+xml,application/xml;q=0.9,*/*;q=0.8", "Accept-Encoding": "gzip, deflate", "Accept-Language": "en-us,en;q=0.5"}}, {"format_id": "171", "url": "https://r5---sn-4g57knk6.googlevideo.com/videoplayback?id=o-APSOc5ubafG6my63nyyt75pzlpvdxqhEKsuzIkzS0-NT&sparams=clen%2Cdur%2Cei%2Cgir%2Cid%2Cinitcwndbps%2Cip%2Cipbits%2Citag%2Ckeepalive%2Clmt%2Cmime%2Cmm%2Cmn%2Cms%2Cmv%2Cpl%2Crequiressl%2Csource%2Cexpire&initcwndbps=3848750&ip=131.159.40.117&mm=31&dur=278.940&mt=1502295979&mv=m&ms=au&source=youtube&clen=3466048&mn=sn-4g57knk6&lmt=1424193311258443&signature=6E6A87DD11A47726AEAC3A79794D9E0FD87EB655.CAB9D7B345830EDC71423AF601EA9D39A64D3FA4&mime=audio%2Fwebm&itag=171&key=yt6&ipbits=0&keepalive=yes&pl=16&requiressl=yes&gir=yes&ei=OziLWa-qKtnKVumRoYgM&expire=1502317723&ratebypass=yes", "player_url": null, "ext": "webm", "acodec": "vorbis", "format_note": "DASH audio", "abr": 128, "filesize": 3466048, "tbr": 121.825, "vcodec": "none", "format": "171 - audio only (DASH audio)", "protocol": "https", "http_headers": {"User-Agent": "Mozilla/5.0 (X11; Linux x86_64; rv:10.0) Gecko/20150101 Firefox/47.0 (Chrome)", "Accept-Charset": "ISO-8859-1,utf-8;q=0.7,*;q=0.7", "Accept": "text/html,application/xhtml+xml,application/xml;q=0.9,*/*;q=0.8", "Accept-Encoding": "gzip, deflate", "Accept-Language": "en-us,en;q=0.5"}}, {"ext": "m4a", "format_note": "DASH audio", "acodec": "mp4a.40.2", "abr": 128, "container": "m4a_dash", "format_id": "140", "url": "https://r3---sn-4g5e6nld.googlevideo.com/videoplayback?id=77d64a60fd842b90&itag=140&source=youtube&requiressl=yes&mm=31&initcwndbps=3848750&pl=16&ms=au&ei=PDiLWdi7E8y4VeC6lxA&mv=m&mn=sn-4g5e6nld&ratebypass=yes&mime=audio/mp4&gir=yes&clen=4432254&lmt=1388286102324569&dur=279.010&key=dg_yt0&signature=6EA9505CF8F5137E2641CC8068DFDD99050940CB.7179065A4AF323F6F4F17A813875F70F7E70EF9A&mt=1502295979&ip=131.159.40.117&ipbits=0&expire=1502317724&sparams=ip,ipbits,expire,id,itag,source,requiressl,mm,initcwndbps,pl,ms,ei,mv,mn,ratebypass,mime,gir,clen,lmt,dur", "manifest_url": "https://manifest.googlevideo.com/api/manifest/dash/key/yt6/signature/B3B575C11F3575DA7FEBCB8EE2BB5FB00972FFDD.1B3B66157C6A9FB438A480BFD3067A70F357BF3B/id/77d64a60fd842b90/expire/1502317724/hfr/1/mm/31/ipbits/0/initcwndbps/3848750/playback_host/r3---sn-4g5e6nld.googlevideo.com/pl/16/sparams/as%2Cei%2Chfr%2Cid%2Cinitcwndbps%2Cip%2Cipbits%2Citag%2Cmm%2Cmn%2Cms%2Cmv%2Cpl%2Cplayback_host%2Crequiressl%2Csource%2Cexpire/requiressl/yes/mt/1502295979/ip/131.159.40.117/ms/au/itag/0/ei/PDiLWdi7E8y4VeC6lxA/source/youtube/as/fmp4_audio_clear%2Cfmp4_sd_hd_clear/mv/m/mn/sn-4g5e6nld", "width": null, "height": null, "tbr": 127.943, "asr": 44100, "fps": null, "language": null, "filesize": 4432254, "vcodec": "none", "format": "140 - audio only (DASH audio)", "protocol": "https", "http_headers": {"User-Agent": "Mozilla/5.0 (X11; Linux x86_64; rv:10.0) Gecko/20150101 Firefox/47.0 (Chrome)", "Accept-Charset": "ISO-8859-1,utf-8;q=0.7,*;q=0.7", "Accept": "text/html,application/xhtml+xml,application/xml;q=0.9,*/*;q=0.8", "Accept-Encoding": "gzip, deflate", "Accept-Language": "en-us,en;q=0.5"}}, {"format_id": "251", "url": "https://r5---sn-4g57knk6.googlevideo.com/videoplayback?id=o-APSOc5ubafG6my63nyyt75pzlpvdxqhEKsuzIkzS0-NT&sparams=clen%2Cdur%2Cei%2Cgir%2Cid%2Cinitcwndbps%2Cip%2Cipbits%2Citag%2Ckeepalive%2Clmt%2Cmime%2Cmm%2Cmn%2Cms%2Cmv%2Cpl%2Crequiressl%2Csource%2Cexpire&initcwndbps=3848750&ip=131.159.40.117&mm=31&dur=278.941&mt=1502295979&mv=m&ms=au&source=youtube&clen=5119034&mn=sn-4g57knk6&lmt=1424193307939090&signature=C9862D9A230872CDAE9A323E2D60BDEFFF6C8A11.561FDB1886B4034CB2CE14BC7654FDB111F0088F&mime=audio%2Fwebm&itag=251&key=yt6&ipbits=0&keepalive=yes&pl=16&requiressl=yes&gir=yes&ei=OziLWa-qKtnKVumRoYgM&expire=1502317723&ratebypass=yes", "player_url": null, "ext": "webm", "format_note": "DASH audio", "acodec": "opus", "abr": 160, "filesize": 5119034, "tbr": 179.056, "vcodec": "none", "format": "251 - audio only (DASH audio)", "protocol": "https", "http_headers": {"User-Agent": "Mozilla/5.0 (X11; Linux x86_64; rv:10.0) Gecko/20150101 Firefox/47.0 (Chrome)", "Accept-Charset": "ISO-8859-1,utf-8;q=0.7,*;q=0.7", "Accept": "text/html,application/xhtml+xml,application/xml;q=0.9,*/*;q=0.8", "Accept-Encoding": "gzip, deflate", "Accept-Language": "en-us,en;q=0.5"}}, {"ext": "mp4", "height": 144, "format_note": "DASH video", "vcodec": "avc1.4d400c", "format_id": "160", "url": "https://r3---sn-4g5e6nld.googlevideo.com/videoplayback?id=77d64a60fd842b90&itag=160&source=youtube&requiressl=yes&mm=31&initcwndbps=3848750&pl=16&ms=au&ei=PDiLWdi7E8y4VeC6lxA&mv=m&mn=sn-4g5e6nld&ratebypass=yes&mime=video/mp4&gir=yes&clen=3716936&lmt=1388286157968400&dur=278.867&key=dg_yt0&signature=787BB47B41DD20971F675B9A1B2CAD1C1681BFA7.4C23194BCFFF0A766A91313EEEC6279DB359BEDA&mt=1502295979&ip=131.159.40.117&ipbits=0&expire=1502317724&sparams=ip,ipbits,expire,id,itag,source,requiressl,mm,initcwndbps,pl,ms,ei,mv,mn,ratebypass,mime,gir,clen,lmt,dur", "manifest_url": "https://manifest.googlevideo.com/api/manifest/dash/key/yt6/signature/B3B575C11F3575DA7FEBCB8EE2BB5FB00972FFDD.1B3B66157C6A9FB438A480BFD3067A70F357BF3B/id/77d64a60fd842b90/expire/1502317724/hfr/1/mm/31/ipbits/0/initcwndbps/3848750/playback_host/r3---sn-4g5e6nld.googlevideo.com/pl/16/sparams/as%2Cei%2Chfr%2Cid%2Cinitcwndbps%2Cip%2Cipbits%2Citag%2Cmm%2Cmn%2Cms%2Cmv%2Cpl%2Cplayback_host%2Crequiressl%2Csource%2Cexpire/requiressl/yes/mt/1502295979/ip/131.159.40.117/ms/au/itag/0/ei/PDiLWdi7E8y4VeC6lxA/source/youtube/as/fmp4_audio_clear%2Cfmp4_sd_hd_clear/mv/m/mn/sn-4g5e6nld", "width": 192, "tbr": 114.081, "asr": null, "fps": 15, "language": null, "filesize": 3716936, "acodec": "none", "format": "160 - 192x144 (DASH video)", "protocol": "https", "http_headers": {"User-Agent": "Mozilla/5.0 (X11; Linux x86_64; rv:10.0) Gecko/20150101 Firefox/47.0 (Chrome)", "Accept-Charset": "ISO-8859-1,utf-8;q=0.7,*;q=0.7", "Accept": "text/html,application/xhtml+xml,application/xml;q=0.9,*/*;q=0.8", "Accept-Encoding": "gzip, deflate", "Accept-Language": "en-us,en;q=0.5"}}, {"format_id": "278", "url": "https://r5---sn-4g57knk6.googlevideo.com/videoplayback?id=o-APSOc5ubafG6my63nyyt75pzlpvdxqhEKsuzIkzS0-NT&sparams=clen%2Cdur%2Cei%2Cgir%2Cid%2Cinitcwndbps%2Cip%2Cipbits%2Citag%2Ckeepalive%2Clmt%2Cmime%2Cmm%2Cmn%2Cms%2Cmv%2Cpl%2Crequiressl%2Csource%2Cexpire&initcwndbps=3848750&ip=131.159.40.117&mm=31&dur=278.867&mt=1502295979&mv=m&ms=au&source=youtube&clen=3047160&mn=sn-4g57knk6&lmt=1424193508456352&signature=B938D4B5F338B2151F72EA05D3387E58DEBA32D4.C3BD21B750454C6AFF20D81256F523B83493D688&mime=video%2Fwebm&itag=278&key=yt6&ipbits=0&keepalive=yes&pl=16&requiressl=yes&gir=yes&ei=OziLWa-qKtnKVumRoYgM&expire=1502317723&ratebypass=yes", "player_url": null, "ext": "webm", "height": 144, "format_note": "144p", "container": "webm", "vcodec": "vp9", "filesize": 3047160, "tbr": 159.276, "width": 192, "fps": 15, "acodec": "none", "format": "278 - 192x144 (144p)", "protocol": "https", "http_headers": {"User-Agent": "Mozilla/5.0 (X11; Linux x86_64; rv:10.0) Gecko/20150101 Firefox/47.0 (Chrome)", "Accept-Charset": "ISO-8859-1,utf-8;q=0.7,*;q=0.7", "Accept": "text/html,application/xhtml+xml,application/xml;q=0.9,*/*;q=0.8", "Accept-Encoding": "gzip, deflate", "Accept-Language": "en-us,en;q=0.5"}}, {"format_id": "242", "url": "https://r5---sn-4g57knk6.googlevideo.com/videoplayback?id=o-APSOc5ubafG6my63nyyt75pzlpvdxqhEKsuzIkzS0-NT&sparams=clen%2Cdur%2Cei%2Cgir%2Cid%2Cinitcwndbps%2Cip%2Cipbits%2Citag%2Ckeepalive%2Clmt%2Cmime%2Cmm%2Cmn%2Cms%2Cmv%2Cpl%2Crequiressl%2Csource%2Cexpire&initcwndbps=3848750&ip=131.159.40.117&mm=31&dur=278.867&mt=1502295979&mv=m&ms=au&source=youtube&clen=5070115&mn=sn-4g57knk6&lmt=1424193342817967&signature=8B7936C9E6FFCF2C1F0472546B9A73F30F37EAA9.876F2ECBDD30A0AB691571F5613FB922DCBC38A3&mime=video%2Fwebm&itag=242&key=yt6&ipbits=0&keepalive=yes&pl=16&requiressl=yes&gir=yes&ei=OziLWa-qKtnKVumRoYgM&expire=1502317723&ratebypass=yes", "player_url": null, "ext": "webm", "height": 240, "format_note": "240p", "vcodec": "vp9", "filesize": 5070115, "tbr": 218.606, "width": 320, "fps": 30, "acodec": "none", "format": "242 - 320x240 (240p)", "protocol": "https", "http_headers": {"User-Agent": "Mozilla/5.0 (X11; Linux x86_64; rv:10.0) Gecko/20150101 Firefox/47.0 (Chrome)", "Accept-Charset": "ISO-8859-1,utf-8;q=0.7,*;q=0.7", "Accept": "text/html,application/xhtml+xml,application/xml;q=0.9,*/*;q=0.8", "Accept-Encoding": "gzip, deflate", "Accept-Language": "en-us,en;q=0.5"}}, {"ext": "mp4", "height": 240, "format_note": "DASH video", "vcodec": "avc1.4d400d", "format_id": "133", "url": "https://r3---sn-4g5e6nld.googlevideo.com/videoplayback?id=77d64a60fd842b90&itag=133&source=youtube&requiressl=yes&mm=31&initcwndbps=3848750&pl=16&ms=au&ei=PDiLWdi7E8y4VeC6lxA&mv=m&mn=sn-4g5e6nld&ratebypass=yes&mime=video/mp4&gir=yes&clen=8519877&lmt=1388286165883112&dur=278.867&key=dg_yt0&signature=63FAF3CD375D18CC9EE8ADF158957A4046C170FD.3B8313C625F5E12FF6E0C0D5E030DE254FDF7DE0&mt=1502295979&ip=131.159.40.117&ipbits=0&expire=1502317724&sparams=ip,ipbits,expire,id,itag,source,requiressl,mm,initcwndbps,pl,ms,ei,mv,mn,ratebypass,mime,gir,clen,lmt,dur", "manifest_url": "https://manifest.googlevideo.com/api/manifest/dash/key/yt6/signature/B3B575C11F3575DA7FEBCB8EE2BB5FB00972FFDD.1B3B66157C6A9FB438A480BFD3067A70F357BF3B/id/77d64a60fd842b90/expire/1502317724/hfr/1/mm/31/ipbits/0/initcwndbps/3848750/playback_host/r3---sn-4g5e6nld.googlevideo.com/pl/16/sparams/as%2Cei%2Chfr%2Cid%2Cinitcwndbps%2Cip%2Cipbits%2Citag%2Cmm%2Cmn%2Cms%2Cmv%2Cpl%2Cplayback_host%2Crequiressl%2Csource%2Cexpire/requiressl/yes/mt/1502295979/ip/131.159.40.117/ms/au/itag/0/ei/PDiLWdi7E8y4VeC6lxA/source/youtube/as/fmp4_audio_clear%2Cfmp4_sd_hd_clear/mv/m/mn/sn-4g5e6nld", "width": 320, "tbr": 250.379, "asr": null, "fps": 30, "language": null, "filesize": 8519877, "acodec": "none", "format": "133 - 320x240 (DASH video)", "protocol": "https", "http_headers": {"User-Agent": "Mozilla/5.0 (X11; Linux x86_64; rv:10.0) Gecko/20150101 Firefox/47.0 (Chrome)", "Accept-Charset": "ISO-8859-1,utf-8;q=0.7,*;q=0.7", "Accept": "text/html,application/xhtml+xml,application/xml;q=0.9,*/*;q=0.8", "Accept-Encoding": "gzip, deflate", "Accept-Language": "en-us,en;q=0.5"}}, {"ext": "mp4", "height": 360, "format_note": "DASH video", "vcodec": "avc1.4d401e", "format_id": "134", "url": "https://r3---sn-4g5e6nld.googlevideo.com/videoplayback?id=77d64a60fd842b90&itag=134&source=youtube&requiressl=yes&mm=31&initcwndbps=3848750&pl=16&ms=au&ei=PDiLWdi7E8y4VeC6lxA&mv=m&mn=sn-4g5e6nld&ratebypass=yes&mime=video/mp4&gir=yes&clen=8552915&lmt=1388286163720772&dur=278.867&key=dg_yt0&signature=36DB2FEC92264AB134B711889CF5378605EEF53B.123D3B37B9482326AC44E10D7812ED97F4EBCB5C&mt=1502295979&ip=131.159.40.117&ipbits=0&expire=1502317724&sparams=ip,ipbits,expire,id,itag,source,requiressl,mm,initcwndbps,pl,ms,ei,mv,mn,ratebypass,mime,gir,clen,lmt,dur", "manifest_url": "https://manifest.googlevideo.com/api/manifest/dash/key/yt6/signature/B3B575C11F3575DA7FEBCB8EE2BB5FB00972FFDD.1B3B66157C6A9FB438A480BFD3067A70F357BF3B/id/77d64a60fd842b90/expire/1502317724/hfr/1/mm/31/ipbits/0/initcwndbps/3848750/playback_host/r3---sn-4g5e6nld.googlevideo.com/pl/16/sparams/as%2Cei%2Chfr%2Cid%2Cinitcwndbps%2Cip%2Cipbits%2Citag%2Cmm%2Cmn%2Cms%2Cmv%2Cpl%2Cplayback_host%2Crequiressl%2Csource%2Cexpire/requiressl/yes/mt/1502295979/ip/131.159.40.117/ms/au/itag/0/ei/PDiLWdi7E8y4VeC6lxA/source/youtube/as/fmp4_audio_clear%2Cfmp4_sd_hd_clear/mv/m/mn/sn-4g5e6nld", "width": 480, "tbr": 342.804, "asr": null, "fps": 30, "language": null, "filesize": 8552915, "acodec": "none", "format": "134 - 480x360 (DASH video)", "protocol": "https", "http_headers": {"User-Agent": "Mozilla/5.0 (X11; Linux x86_64; rv:10.0) Gecko/20150101 Firefox/47.0 (Chrome)", "Accept-Charset": "ISO-8859-1,utf-8;q=0.7,*;q=0.7", "Accept": "text/html,application/xhtml+xml,application/xml;q=0.9,*/*;q=0.8", "Accept-Encoding": "gzip, deflate", "Accept-Language": "en-us,en;q=0.5"}}, {"format_id": "243", "url": "https://r5---sn-4g57knk6.googlevideo.com/videoplayback?id=o-APSOc5ubafG6my63nyyt75pzlpvdxqhEKsuzIkzS0-NT&sparams=clen%2Cdur%2Cei%2Cgir%2Cid%2Cinitcwndbps%2Cip%2Cipbits%2Citag%2Ckeepalive%2Clmt%2Cmime%2Cmm%2Cmn%2Cms%2Cmv%2Cpl%2Crequiressl%2Csource%2Cexpire&initcwndbps=3848750&ip=131.159.40.117&mm=31&dur=278.867&mt=1502295979&mv=m&ms=au&source=youtube&clen=9531826&mn=sn-4g57knk6&lmt=1424193396392203&signature=5EB9A0C21E2506576D7019D50BA011B06FD96233.69CFA7F04A9FCFBA8ADCC2E05FA6FFCBFC1749BC&mime=video%2Fwebm&itag=243&key=yt6&ipbits=0&keepalive=yes&pl=16&requiressl=yes&gir=yes&ei=OziLWa-qKtnKVumRoYgM&expire=1502317723&ratebypass=yes", "player_url": null, "ext": "webm", "height": 360, "format_note": "360p", "vcodec": "vp9", "filesize": 9531826, "tbr": 389.208, "width": 480, "fps": 30, "acodec": "none", "format": "243 - 480x360 (360p)", "protocol": "https", "http_headers": {"User-Agent": "Mozilla/5.0 (X11; Linux x86_64; rv:10.0) Gecko/20150101 Firefox/47.0 (Chrome)", "Accept-Charset": "ISO-8859-1,utf-8;q=0.7,*;q=0.7", "Accept": "text/html,application/xhtml+xml,application/xml;q=0.9,*/*;q=0.8", "Accept-Encoding": "gzip, deflate", "Accept-Language": "en-us,en;q=0.5"}}, {"ext": "mp4", "height": 480, "format_note": "DASH video", "vcodec": "avc1.4d401e", "format_id": "135", "url": "https://r3---sn-4g5e6nld.googlevideo.com/videoplayback?id=77d64a60fd842b90&itag=135&source=youtube&requiressl=yes&mm=31&initcwndbps=3848750&pl=16&ms=au&ei=PDiLWdi7E8y4VeC6lxA&mv=m&mn=sn-4g5e6nld&ratebypass=yes&mime=video/mp4&gir=yes&clen=19655162&lmt=1388286167499898&dur=278.867&key=dg_yt0&signature=8F98B080051132BE70A022F9EE26B31C5641B92D.8C9FCD0F8FF2AA1EEC7DDA54924C36AFB192A63D&mt=1502295979&ip=131.159.40.117&ipbits=0&expire=1502317724&sparams=ip,ipbits,expire,id,itag,source,requiressl,mm,initcwndbps,pl,ms,ei,mv,mn,ratebypass,mime,gir,clen,lmt,dur", "manifest_url": "https://manifest.googlevideo.com/api/manifest/dash/key/yt6/signature/B3B575C11F3575DA7FEBCB8EE2BB5FB00972FFDD.1B3B66157C6A9FB438A480BFD3067A70F357BF3B/id/77d64a60fd842b90/expire/1502317724/hfr/1/mm/31/ipbits/0/initcwndbps/3848750/playback_host/r3---sn-4g5e6nld.googlevideo.com/pl/16/sparams/as%2Cei%2Chfr%2Cid%2Cinitcwndbps%2Cip%2Cipbits%2Citag%2Cmm%2Cmn%2Cms%2Cmv%2Cpl%2Cplayback_host%2Crequiressl%2Csource%2Cexpire/requiressl/yes/mt/1502295979/ip/131.159.40.117/ms/au/itag/0/ei/PDiLWdi7E8y4VeC6lxA/source/youtube/as/fmp4_audio_clear%2Cfmp4_sd_hd_clear/mv/m/mn/sn-4g5e6nld", "width": 640, "tbr": 752.334, "asr": null, "fps": 30, "language": null, "filesize": 19655162, "acodec": "none", "format": "135 - 640x480 (DASH video)", "protocol": "https", "http_headers": {"User-Agent": "Mozilla/5.0 (X11; Linux x86_64; rv:10.0) Gecko/20150101 Firefox/47.0 (Chrome)", "Accept-Charset": "ISO-8859-1,utf-8;q=0.7,*;q=0.7", "Accept": "text/html,application/xhtml+xml,application/xml;q=0.9,*/*;q=0.8", "Accept-Encoding": "gzip, deflate", "Accept-Language": "en-us,en;q=0.5"}}, {"format_id": "244", "url": "https://r5---sn-4g57knk6.googlevideo.com/videoplayback?id=o-APSOc5ubafG6my63nyyt75pzlpvdxqhEKsuzIkzS0-NT&sparams=clen%2Cdur%2Cei%2Cgir%2Cid%2Cinitcwndbps%2Cip%2Cipbits%2Citag%2Ckeepalive%2Clmt%2Cmime%2Cmm%2Cmn%2Cms%2Cmv%2Cpl%2Crequiressl%2Csource%2Cexpire&initcwndbps=3848750&ip=131.159.40.117&mm=31&dur=278.867&mt=1502295979&mv=m&ms=au&source=youtube&clen=18547357&mn=sn-4g57knk6&lmt=1424193436669526&signature=CCB58DED2238F6C8F0E72C8D436B706CA46953FD.E0BFA345EBFC12F9808C67627CB12E0A5BE663BD&mime=video%2Fwebm&itag=244&key=yt6&ipbits=0&keepalive=yes&pl=16&requiressl=yes&gir=yes&ei=OziLWa-qKtnKVumRoYgM&expire=1502317723&ratebypass=yes", "player_url": null, "ext": "webm", "height": 480, "format_note": "480p", "vcodec": "vp9", "filesize": 18547357, "tbr": 801.91, "width": 640, "fps": 30, "acodec": "none", "format": "244 - 640x480 (480p)", "protocol": "https", "http_headers": {"User-Agent": "Mozilla/5.0 (X11; Linux x86_64; rv:10.0) Gecko/20150101 Firefox/47.0 (Chrome)", "Accept-Charset": "ISO-8859-1,utf-8;q=0.7,*;q=0.7", "Accept": "text/html,application/xhtml+xml,application/xml;q=0.9,*/*;q=0.8", "Accept-Encoding": "gzip, deflate", "Accept-Language": "en-us,en;q=0.5"}}, {"format_id": "17", "url": "https://r5---sn-4g57knk6.googlevideo.com/videoplayback?id=o-APSOc5ubafG6my63nyyt75pzlpvdxqhEKsuzIkzS0-NT&sparams=clen%2Cdur%2Cei%2Cgir%2Cid%2Cinitcwndbps%2Cip%2Cipbits%2Citag%2Clmt%2Cmime%2Cmm%2Cmn%2Cms%2Cmv%2Cpl%2Crequiressl%2Csource%2Cexpire&initcwndbps=3848750&ip=131.159.40.117&mm=31&dur=279.243&mt=1502295979&mv=m&ms=au&source=youtube&clen=2860920&mn=sn-4g57knk6&lmt=1388286175762342&signature=6AE8D2CDCD72B60995896683E7CC37E7D5294D09.4DE372E544E7421EE9FAC08F35B33A14D162AAE2&mime=video%2F3gpp&itag=17&key=yt6&ipbits=0&pl=16&requiressl=yes&gir=yes&ei=OziLWa-qKtnKVumRoYgM&expire=1502317723&ratebypass=yes", "player_url": null, "ext": "3gp", "width": 176, "height": 144, "acodec": "mp4a.40.2", "abr": 24, "vcodec": "mp4v.20.3", "resolution": "176x144", "format_note": "small", "format": "17 - 176x144 (small)", "protocol": "https", "http_headers": {"User-Agent": "Mozilla/5.0 (X11; Linux x86_64; rv:10.0) Gecko/20150101 Firefox/47.0 (Chrome)", "Accept-Charset": "ISO-8859-1,utf-8;q=0.7,*;q=0.7", "Accept": "text/html,application/xhtml+xml,application/xml;q=0.9,*/*;q=0.8", "Accept-Encoding": "gzip, deflate", "Accept-Language": "en-us,en;q=0.5"}}, {"format_id": "36", "url": "https://r5---sn-4g57knk6.googlevideo.com/videoplayback?id=o-APSOc5ubafG6my63nyyt75pzlpvdxqhEKsuzIkzS0-NT&sparams=clen%2Cdur%2Cei%2Cgir%2Cid%2Cinitcwndbps%2Cip%2Cipbits%2Citag%2Clmt%2Cmime%2Cmm%2Cmn%2Cms%2Cmv%2Cpl%2Crequiressl%2Csource%2Cexpire&initcwndbps=3848750&ip=131.159.40.117&mm=31&dur=279.103&mt=1502295979&mv=m&ms=au&source=youtube&clen=7958539&mn=sn-4g57knk6&lmt=1427155297002325&signature=6305E3B3CCA7AD395136546C66C883E8E6EE4208.D4B3EECE2F2624D2B0F91889AA9ADDF9E1C18A0C&mime=video%2F3gpp&itag=36&key=yt6&ipbits=0&pl=16&requiressl=yes&gir=yes&ei=OziLWa-qKtnKVumRoYgM&expire=1502317723&ratebypass=yes", "player_url": null, "ext": "3gp", "width": 320, "acodec": "mp4a.40.2", "vcodec": "mp4v.20.3", "resolution": "320x240", "height": 240, "format_note": "small", "format": "36 - 320x240 (small)", "protocol": "https", "http_headers": {"User-Agent": "Mozilla/5.0 (X11; Linux x86_64; rv:10.0) Gecko/20150101 Firefox/47.0 (Chrome)", "Accept-Charset": "ISO-8859-1,utf-8;q=0.7,*;q=0.7", "Accept": "text/html,application/xhtml+xml,application/xml;q=0.9,*/*;q=0.8", "Accept-Encoding": "gzip, deflate", "Accept-Language": "en-us,en;q=0.5"}}, {"format_id": "18", "url": "https://r5---sn-4g57knk6.googlevideo.com/videoplayback?id=o-APSOc5ubafG6my63nyyt75pzlpvdxqhEKsuzIkzS0-NT&sparams=clen%2Cdur%2Cei%2Cgir%2Cid%2Cinitcwndbps%2Cip%2Cipbits%2Citag%2Clmt%2Cmime%2Cmm%2Cmn%2Cms%2Cmv%2Cpl%2Cratebypass%2Crequiressl%2Csource%2Cexpire&initcwndbps=3848750&ip=131.159.40.117&mm=31&dur=279.010&mt=1502295979&mv=m&ms=au&source=youtube&clen=15697083&mn=sn-4g57knk6&ratebypass=yes&lmt=1388286193443712&signature=4281DA861AD5817302C9A2ACE68E144CF1A5B1FE.718BC63FC87DE68C26BDD033AD8CA52CBCC6AB34&mime=video%2Fmp4&itag=18&key=yt6&ipbits=0&pl=16&requiressl=yes&gir=yes&ei=OziLWa-qKtnKVumRoYgM&expire=1502317723", "player_url": null, "ext": "mp4", "width": 480, "height": 360, "acodec": "mp4a.40.2", "abr": 96, "vcodec": "avc1.42001E", "resolution": "480x360", "format_note": "medium", "format": "18 - 480x360 (medium)", "protocol": "https", "http_headers": {"User-Agent": "Mozilla/5.0 (X11; Linux x86_64; rv:10.0) Gecko/20150101 Firefox/47.0 (Chrome)", "Accept-Charset": "ISO-8859-1,utf-8;q=0.7,*;q=0.7", "Accept": "text/html,application/xhtml+xml,application/xml;q=0.9,*/*;q=0.8", "Accept-Encoding": "gzip, deflate", "Accept-Language": "en-us,en;q=0.5"}}, {"format_id": "43", "url": "https://r5---sn-4g57knk6.googlevideo.com/videoplayback?id=o-APSOc5ubafG6my63nyyt75pzlpvdxqhEKsuzIkzS0-NT&sparams=clen%2Cdur%2Cei%2Cgir%2Cid%2Cinitcwndbps%2Cip%2Cipbits%2Citag%2Clmt%2Cmime%2Cmm%2Cmn%2Cms%2Cmv%2Cpl%2Cratebypass%2Crequiressl%2Csource%2Cexpire&initcwndbps=3848750&ip=131.159.40.117&mm=31&dur=0.000&mt=1502295979&mv=m&ms=au&source=youtube&clen=24111551&mn=sn-4g57knk6&ratebypass=yes&lmt=1328256497058592&signature=733FFD99B2135753C360F3B35839AB95B407B331.7819485F51E00A676A7034ABD091D7C29A54D5CB&mime=video%2Fwebm&itag=43&key=yt6&ipbits=0&pl=16&requiressl=yes&gir=yes&ei=OziLWa-qKtnKVumRoYgM&expire=1502317723", "player_url": null, "ext": "webm", "width": 640, "height": 360, "acodec": "vorbis", "abr": 128, "vcodec": "vp8.0", "resolution": "640x360", "format_note": "medium", "format": "43 - 640x360 (medium)", "protocol": "https", "http_headers": {"User-Agent": "Mozilla/5.0 (X11; Linux x86_64; rv:10.0) Gecko/20150101 Firefox/47.0 (Chrome)", "Accept-Charset": "ISO-8859-1,utf-8;q=0.7,*;q=0.7", "Accept": "text/html,application/xhtml+xml,application/xml;q=0.9,*/*;q=0.8", "Accept-Encoding": "gzip, deflate", "Accept-Language": "en-us,en;q=0.5"}}], "is_live": null, "start_time": null, "end_time": null, "series": null, "season_number": null, "episode_number": null, "extractor": "youtube", "webpage_url_basename": "d9ZKYP2EK5A", "extractor_key": "Youtube", "playlist": null, "playlist_index": null, "thumbnails": [{"url": "https://i.ytimg.com/vi/d9ZKYP2EK5A/hqdefault.jpg", "id": "0"}], "display_id": "d9ZKYP2EK5A", "ext": "mp4", "height": 480, "format_note": "DASH video", "vcodec": "avc1.4d401e", "format_id": "135", "url": "https://r3---sn-4g5e6nld.googlevideo.com/videoplayback?id=77d64a60fd842b90&itag=135&source=youtube&requiressl=yes&mm=31&initcwndbps=3848750&pl=16&ms=au&ei=PDiLWdi7E8y4VeC6lxA&mv=m&mn=sn-4g5e6nld&ratebypass=yes&mime=video/mp4&gir=yes&clen=19655162&lmt=1388286167499898&dur=278.867&key=dg_yt0&signature=8F98B080051132BE70A022F9EE26B31C5641B92D.8C9FCD0F8FF2AA1EEC7DDA54924C36AFB192A63D&mt=1502295979&ip=131.159.40.117&ipbits=0&expire=1502317724&sparams=ip,ipbits,expire,id,itag,source,requiressl,mm,initcwndbps,pl,ms,ei,mv,mn,ratebypass,mime,gir,clen,lmt,dur", "manifest_url": "https://manifest.googlevideo.com/api/manifest/dash/key/yt6/signature/B3B575C11F3575DA7FEBCB8EE2BB5FB00972FFDD.1B3B66157C6A9FB438A480BFD3067A70F357BF3B/id/77d64a60fd842b90/expire/1502317724/hfr/1/mm/31/ipbits/0/initcwndbps/3848750/playback_host/r3---sn-4g5e6nld.googlevideo.com/pl/16/sparams/as%2Cei%2Chfr%2Cid%2Cinitcwndbps%2Cip%2Cipbits%2Citag%2Cmm%2Cmn%2Cms%2Cmv%2Cpl%2Cplayback_host%2Crequiressl%2Csource%2Cexpire/requiressl/yes/mt/1502295979/ip/131.159.40.117/ms/au/itag/0/ei/PDiLWdi7E8y4VeC6lxA/source/youtube/as/fmp4_audio_clear%2Cfmp4_sd_hd_clear/mv/m/mn/sn-4g5e6nld", "width": 640, "tbr": 752.334, "asr": null, "fps": 30, "language": null, "filesize": 19655162, "acodec": "none", "format": "135 - 640x480 (DASH video)", "protocol": "https", "http_headers": {"User-Agent": "Mozilla/5.0 (X11; Linux x86_64; rv:10.0) Gecko/20150101 Firefox/47.0 (Chrome)", "Accept-Charset": "ISO-8859-1,utf-8;q=0.7,*;q=0.7", "Accept": "text/html,application/xhtml+xml,application/xml;q=0.9,*/*;q=0.8", "Accept-Encoding": "gzip, deflate", "Accept-Language": "en-us,en;q=0.5"}, "fulltitle": "Quick Review: Daiso Charcoal Mask and How to get rid of blackheads", "_filename": "d9ZKYP2EK5A.mp4"}