{"id": "ugyYHAxIMrc", "uploader": "TIMES NOW", "uploader_id": "timesnowonline", "uploader_url": "http://www.youtube.com/user/timesnowonline", "upload_date": "20140305", "license": "Standard YouTube License", "creator": null, "title": "Knockout punch for Indian boxing", "alt_title": null, "thumbnail": "https://i.ytimg.com/vi/ugyYHAxIMrc/hqdefault.jpg", "description": "Furious with the current logjam in the suspended Indian Boxing Federation, the International Boxing Association has terminated the IBF from its fold stating that the current set of office-bearers are damaging the image, reputation and interest of the sport. Download the Times Now India's Election HQ app and get all the election info at one go. Click here: http://bit.ly/1iwcRBr Social Media Links :-\n\nFacebook - http://goo.gl/CC7rGc\nG+ -  http://goo.gl/O1iEp5\nTwitter - http://goo.gl/uHYsqP\nAlso visit our website - http://goo.gl/XPUXe8\n\u200b\u200b\u200b\nTo Stay Updated Download the Times Now App :-\nAndroid Google Play :  https://goo.gl/zJhWjC\nApple App Store :  https://goo.gl/d7QBQZ", "categories": ["News & Politics"], "tags": ["Knockout punch for Indian boxing", "International Boxing Association", "World body derecognises India", "Indian Boxing Federation", "sports news", "TIMES NOW", "current affairs", "breaking news", "world", "daily stories", "crime", "live", "news", "view", "exclusive", "channel", "latest", "official youtube channel", "most watched", "most viewed", "today", "2013", "India", "headlines", "trending news", "news updates"], "subtitles": {}, "automatic_captions": {}, "duration": 128, "age_limit": 0, "annotations": null, "chapters": null, "webpage_url": "https://www.youtube.com/watch?v=ugyYHAxIMrc", "view_count": 30744, "like_count": 60, "dislike_count": 6, "average_rating": 4.63636350632, "formats": [{"ext": "m4a", "format_note": "DASH audio", "acodec": "mp4a.40.5", "abr": 48, "container": "m4a_dash", "format_id": "139", "url": "https://r1---sn-xjpm-q0ns.googlevideo.com/videoplayback?id=ba0c981c0c4832b7&itag=139&source=youtube&requiressl=yes&pl=16&mn=sn-xjpm-q0ns&mm=31&mv=u&ei=6lyKWcqVDsjAV4C1jZAM&ms=au&ratebypass=yes&mime=audio/mp4&gir=yes&clen=776391&lmt=1428828369909812&dur=128.544&signature=8C84223953D83CFDA75A331DDEDC45CF058E0ACF.0304B757A03D68AAFF4423C1C7DEAF07388C64F9&beids=[9466594]&mt=1502239623&key=dg_yt0&ip=131.159.40.117&ipbits=0&expire=1502261578&sparams=ip,ipbits,expire,id,itag,source,requiressl,pl,mn,mm,mv,ei,ms,ratebypass,mime,gir,clen,lmt,dur", "manifest_url": "https://manifest.googlevideo.com/api/manifest/dash/pl/16/id/ba0c981c0c4832b7/mn/sn-xjpm-q0ns/signature/2B1740B53E50BC7B5A3CEF995437BC4652671E7F.CB0CA30D3607D8248E4A1708FD8F8EF6EDFDB0BB/mm/31/beids/%5B9466594%5D/mv/u/ipbits/0/ei/6lyKWcqVDsjAV4C1jZAM/as/fmp4_audio_clear%2Cfmp4_sd_hd_clear/sparams/as%2Cei%2Chfr%2Cid%2Cip%2Cipbits%2Citag%2Cmm%2Cmn%2Cms%2Cmv%2Cpl%2Cplayback_host%2Crequiressl%2Csource%2Cexpire/itag/0/expire/1502261578/requiressl/yes/mt/1502239623/ip/131.159.40.117/key/yt6/ms/au/hfr/1/playback_host/r1---sn-xjpm-q0ns.googlevideo.com/source/youtube", "width": null, "height": null, "tbr": 49.067, "asr": 22050, "fps": null, "language": null, "filesize": 776391, "vcodec": "none", "format": "139 - audio only (DASH audio)", "protocol": "https", "http_headers": {"User-Agent": "Mozilla/5.0 (X11; Linux x86_64; rv:10.0) Gecko/20150101 Firefox/47.0 (Chrome)", "Accept-Charset": "ISO-8859-1,utf-8;q=0.7,*;q=0.7", "Accept": "text/html,application/xhtml+xml,application/xml;q=0.9,*/*;q=0.8", "Accept-Encoding": "gzip, deflate", "Accept-Language": "en-us,en;q=0.5"}}, {"ext": "m4a", "format_note": "DASH audio", "acodec": "mp4a.40.2", "abr": 128, "container": "m4a_dash", "format_id": "140", "url": "https://r1---sn-xjpm-q0ns.googlevideo.com/videoplayback?id=ba0c981c0c4832b7&itag=140&source=youtube&requiressl=yes&pl=16&mn=sn-xjpm-q0ns&mm=31&mv=u&ei=6lyKWcqVDsjAV4C1jZAM&ms=au&ratebypass=yes&mime=audio/mp4&gir=yes&clen=2063559&lmt=1428828368331148&dur=128.498&signature=743512815124D00DCBC363F499C9D091C6BF91A7.54A557A3BE43FA445D27C48040A3F6BC936B3BBC&beids=[9466594]&mt=1502239623&key=dg_yt0&ip=131.159.40.117&ipbits=0&expire=1502261578&sparams=ip,ipbits,expire,id,itag,source,requiressl,pl,mn,mm,mv,ei,ms,ratebypass,mime,gir,clen,lmt,dur", "manifest_url": "https://manifest.googlevideo.com/api/manifest/dash/pl/16/id/ba0c981c0c4832b7/mn/sn-xjpm-q0ns/signature/2B1740B53E50BC7B5A3CEF995437BC4652671E7F.CB0CA30D3607D8248E4A1708FD8F8EF6EDFDB0BB/mm/31/beids/%5B9466594%5D/mv/u/ipbits/0/ei/6lyKWcqVDsjAV4C1jZAM/as/fmp4_audio_clear%2Cfmp4_sd_hd_clear/sparams/as%2Cei%2Chfr%2Cid%2Cip%2Cipbits%2Citag%2Cmm%2Cmn%2Cms%2Cmv%2Cpl%2Cplayback_host%2Crequiressl%2Csource%2Cexpire/itag/0/expire/1502261578/requiressl/yes/mt/1502239623/ip/131.159.40.117/key/yt6/ms/au/hfr/1/playback_host/r1---sn-xjpm-q0ns.googlevideo.com/source/youtube", "width": null, "height": null, "tbr": 129.167, "asr": 44100, "fps": null, "language": null, "filesize": 2063559, "vcodec": "none", "format": "140 - audio only (DASH audio)", "protocol": "https", "http_headers": {"User-Agent": "Mozilla/5.0 (X11; Linux x86_64; rv:10.0) Gecko/20150101 Firefox/47.0 (Chrome)", "Accept-Charset": "ISO-8859-1,utf-8;q=0.7,*;q=0.7", "Accept": "text/html,application/xhtml+xml,application/xml;q=0.9,*/*;q=0.8", "Accept-Encoding": "gzip, deflate", "Accept-Language": "en-us,en;q=0.5"}}, {"ext": "mp4", "height": 144, "format_note": "DASH video", "vcodec": "avc1.4d400c", "format_id": "160", "url": "https://r1---sn-xjpm-q0ns.googlevideo.com/videoplayback?id=ba0c981c0c4832b7&itag=160&source=youtube&requiressl=yes&pl=16&mn=sn-xjpm-q0ns&mm=31&mv=u&ei=6lyKWcqVDsjAV4C1jZAM&ms=au&ratebypass=yes&mime=video/mp4&gir=yes&clen=1749192&lmt=1428828383288773&dur=128.480&signature=6F8E376FADB34574D893D9B3640CCFFD1CFBCEBC.5A1EB36C11D3E06CFD38AE1E51D06A25D6DD50AF&beids=[9466594]&mt=1502239623&key=dg_yt0&ip=131.159.40.117&ipbits=0&expire=1502261578&sparams=ip,ipbits,expire,id,itag,source,requiressl,pl,mn,mm,mv,ei,ms,ratebypass,mime,gir,clen,lmt,dur", "manifest_url": "https://manifest.googlevideo.com/api/manifest/dash/pl/16/id/ba0c981c0c4832b7/mn/sn-xjpm-q0ns/signature/2B1740B53E50BC7B5A3CEF995437BC4652671E7F.CB0CA30D3607D8248E4A1708FD8F8EF6EDFDB0BB/mm/31/beids/%5B9466594%5D/mv/u/ipbits/0/ei/6lyKWcqVDsjAV4C1jZAM/as/fmp4_audio_clear%2Cfmp4_sd_hd_clear/sparams/as%2Cei%2Chfr%2Cid%2Cip%2Cipbits%2Citag%2Cmm%2Cmn%2Cms%2Cmv%2Cpl%2Cplayback_host%2Crequiressl%2Csource%2Cexpire/itag/0/expire/1502261578/requiressl/yes/mt/1502239623/ip/131.159.40.117/key/yt6/ms/au/hfr/1/playback_host/r1---sn-xjpm-q0ns.googlevideo.com/source/youtube", "width": 192, "tbr": 110.598, "asr": null, "fps": 13, "language": null, "filesize": 1749192, "acodec": "none", "format": "160 - 192x144 (DASH video)", "protocol": "https", "http_headers": {"User-Agent": "Mozilla/5.0 (X11; Linux x86_64; rv:10.0) Gecko/20150101 Firefox/47.0 (Chrome)", "Accept-Charset": "ISO-8859-1,utf-8;q=0.7,*;q=0.7", "Accept": "text/html,application/xhtml+xml,application/xml;q=0.9,*/*;q=0.8", "Accept-Encoding": "gzip, deflate", "Accept-Language": "en-us,en;q=0.5"}}, {"ext": "mp4", "height": 240, "format_note": "DASH video", "vcodec": "avc1.4d400d", "format_id": "133", "url": "https://r1---sn-xjpm-q0ns.googlevideo.com/videoplayback?id=ba0c981c0c4832b7&itag=133&source=youtube&requiressl=yes&pl=16&mn=sn-xjpm-q0ns&mm=31&mv=u&ei=6lyKWcqVDsjAV4C1jZAM&ms=au&ratebypass=yes&mime=video/mp4&gir=yes&clen=3925178&lmt=1428828384209993&dur=128.440&signature=999B408CF11FC1EF1BA84E7F183BC927A8EC82EF.7F50DAA9A8426DDE1A99B2D3754A23E5160CCFBA&beids=[9466594]&mt=1502239623&key=dg_yt0&ip=131.159.40.117&ipbits=0&expire=1502261578&sparams=ip,ipbits,expire,id,itag,source,requiressl,pl,mn,mm,mv,ei,ms,ratebypass,mime,gir,clen,lmt,dur", "manifest_url": "https://manifest.googlevideo.com/api/manifest/dash/pl/16/id/ba0c981c0c4832b7/mn/sn-xjpm-q0ns/signature/2B1740B53E50BC7B5A3CEF995437BC4652671E7F.CB0CA30D3607D8248E4A1708FD8F8EF6EDFDB0BB/mm/31/beids/%5B9466594%5D/mv/u/ipbits/0/ei/6lyKWcqVDsjAV4C1jZAM/as/fmp4_audio_clear%2Cfmp4_sd_hd_clear/sparams/as%2Cei%2Chfr%2Cid%2Cip%2Cipbits%2Citag%2Cmm%2Cmn%2Cms%2Cmv%2Cpl%2Cplayback_host%2Crequiressl%2Csource%2Cexpire/itag/0/expire/1502261578/requiressl/yes/mt/1502239623/ip/131.159.40.117/key/yt6/ms/au/hfr/1/playback_host/r1---sn-xjpm-q0ns.googlevideo.com/source/youtube", "width": 320, "tbr": 247.534, "asr": null, "fps": 25, "language": null, "filesize": 3925178, "acodec": "none", "format": "133 - 320x240 (DASH video)", "protocol": "https", "http_headers": {"User-Agent": "Mozilla/5.0 (X11; Linux x86_64; rv:10.0) Gecko/20150101 Firefox/47.0 (Chrome)", "Accept-Charset": "ISO-8859-1,utf-8;q=0.7,*;q=0.7", "Accept": "text/html,application/xhtml+xml,application/xml;q=0.9,*/*;q=0.8", "Accept-Encoding": "gzip, deflate", "Accept-Language": "en-us,en;q=0.5"}}, {"ext": "mp4", "height": 360, "format_note": "DASH video", "vcodec": "avc1.4d4015", "format_id": "134", "url": "https://r1---sn-xjpm-q0ns.googlevideo.com/videoplayback?id=ba0c981c0c4832b7&itag=134&source=youtube&requiressl=yes&pl=16&mn=sn-xjpm-q0ns&mm=31&mv=u&ei=6lyKWcqVDsjAV4C1jZAM&ms=au&ratebypass=yes&mime=video/mp4&gir=yes&clen=6195161&lmt=1428828394021526&dur=128.440&signature=7A569EC2A1E81E569BC129B5915EE67FDDED2497.1946C76E052E71B2E2989D9CDD327293499376E3&beids=[9466594]&mt=1502239623&key=dg_yt0&ip=131.159.40.117&ipbits=0&expire=1502261578&sparams=ip,ipbits,expire,id,itag,source,requiressl,pl,mn,mm,mv,ei,ms,ratebypass,mime,gir,clen,lmt,dur", "manifest_url": "https://manifest.googlevideo.com/api/manifest/dash/pl/16/id/ba0c981c0c4832b7/mn/sn-xjpm-q0ns/signature/2B1740B53E50BC7B5A3CEF995437BC4652671E7F.CB0CA30D3607D8248E4A1708FD8F8EF6EDFDB0BB/mm/31/beids/%5B9466594%5D/mv/u/ipbits/0/ei/6lyKWcqVDsjAV4C1jZAM/as/fmp4_audio_clear%2Cfmp4_sd_hd_clear/sparams/as%2Cei%2Chfr%2Cid%2Cip%2Cipbits%2Citag%2Cmm%2Cmn%2Cms%2Cmv%2Cpl%2Cplayback_host%2Crequiressl%2Csource%2Cexpire/itag/0/expire/1502261578/requiressl/yes/mt/1502239623/ip/131.159.40.117/key/yt6/ms/au/hfr/1/playback_host/r1---sn-xjpm-q0ns.googlevideo.com/source/youtube", "width": 480, "tbr": 594.548, "asr": null, "fps": 25, "language": null, "filesize": 6195161, "acodec": "none", "format": "134 - 480x360 (DASH video)", "protocol": "https", "http_headers": {"User-Agent": "Mozilla/5.0 (X11; Linux x86_64; rv:10.0) Gecko/20150101 Firefox/47.0 (Chrome)", "Accept-Charset": "ISO-8859-1,utf-8;q=0.7,*;q=0.7", "Accept": "text/html,application/xhtml+xml,application/xml;q=0.9,*/*;q=0.8", "Accept-Encoding": "gzip, deflate", "Accept-Language": "en-us,en;q=0.5"}}, {"ext": "mp4", "height": 480, "format_note": "DASH video", "vcodec": "avc1.4d401e", "format_id": "135", "url": "https://r1---sn-xjpm-q0ns.googlevideo.com/videoplayback?id=ba0c981c0c4832b7&itag=135&source=youtube&requiressl=yes&pl=16&mn=sn-xjpm-q0ns&mm=31&mv=u&ei=6lyKWcqVDsjAV4C1jZAM&ms=au&ratebypass=yes&mime=video/mp4&gir=yes&clen=13880080&lmt=1428828432748493&dur=128.440&signature=8B83816C319DD07BAECE04D0D75AEFE842F9AE0A.926242E25C3339C16BDFB79DEC863CCD57E6271F&beids=[9466594]&mt=1502239623&key=dg_yt0&ip=131.159.40.117&ipbits=0&expire=1502261578&sparams=ip,ipbits,expire,id,itag,source,requiressl,pl,mn,mm,mv,ei,ms,ratebypass,mime,gir,clen,lmt,dur", "manifest_url": "https://manifest.googlevideo.com/api/manifest/dash/pl/16/id/ba0c981c0c4832b7/mn/sn-xjpm-q0ns/signature/2B1740B53E50BC7B5A3CEF995437BC4652671E7F.CB0CA30D3607D8248E4A1708FD8F8EF6EDFDB0BB/mm/31/beids/%5B9466594%5D/mv/u/ipbits/0/ei/6lyKWcqVDsjAV4C1jZAM/as/fmp4_audio_clear%2Cfmp4_sd_hd_clear/sparams/as%2Cei%2Chfr%2Cid%2Cip%2Cipbits%2Citag%2Cmm%2Cmn%2Cms%2Cmv%2Cpl%2Cplayback_host%2Crequiressl%2Csource%2Cexpire/itag/0/expire/1502261578/requiressl/yes/mt/1502239623/ip/131.159.40.117/key/yt6/ms/au/hfr/1/playback_host/r1---sn-xjpm-q0ns.googlevideo.com/source/youtube", "width": 640, "tbr": 1116.754, "asr": null, "fps": 25, "language": null, "filesize": 13880080, "acodec": "none", "format": "135 - 640x480 (DASH video)", "protocol": "https", "http_headers": {"User-Agent": "Mozilla/5.0 (X11; Linux x86_64; rv:10.0) Gecko/20150101 Firefox/47.0 (Chrome)", "Accept-Charset": "ISO-8859-1,utf-8;q=0.7,*;q=0.7", "Accept": "text/html,application/xhtml+xml,application/xml;q=0.9,*/*;q=0.8", "Accept-Encoding": "gzip, deflate", "Accept-Language": "en-us,en;q=0.5"}}, {"format_id": "17", "url": "https://r1---sn-xjpm-q0ns.googlevideo.com/videoplayback?ei=6VyKWdPbMNWWVvmUuKAH&mt=1502239623&ip=131.159.40.117&requiressl=yes&lmt=1428828393645656&ipbits=0&key=yt6&beids=%5B9466594%5D&id=o-AIJJYEY2vPPxMky-4_VE1j9Jtygjs-yTMeqQhczr9loU&mime=video%2F3gpp&expire=1502261577&clen=1293095&gir=yes&itag=17&signature=7C5A425E387D6EA2CB79B379F196356D4F252627.5DEEE884D923A208B63CDC3043F6F75880C2B46B&mm=31&mn=sn-xjpm-q0ns&ms=au&source=youtube&sparams=clen%2Cdur%2Cei%2Cgir%2Cid%2Cip%2Cipbits%2Citag%2Clmt%2Cmime%2Cmm%2Cmn%2Cms%2Cmv%2Cpl%2Crequiressl%2Csource%2Cexpire&mv=u&dur=128.638&pl=16&ratebypass=yes", "player_url": null, "ext": "3gp", "width": 176, "height": 144, "acodec": "mp4a.40.2", "abr": 24, "vcodec": "mp4v.20.3", "resolution": "176x144", "format_note": "small", "format": "17 - 176x144 (small)", "protocol": "https", "http_headers": {"User-Agent": "Mozilla/5.0 (X11; Linux x86_64; rv:10.0) Gecko/20150101 Firefox/47.0 (Chrome)", "Accept-Charset": "ISO-8859-1,utf-8;q=0.7,*;q=0.7", "Accept": "text/html,application/xhtml+xml,application/xml;q=0.9,*/*;q=0.8", "Accept-Encoding": "gzip, deflate", "Accept-Language": "en-us,en;q=0.5"}}, {"format_id": "36", "url": "https://r1---sn-xjpm-q0ns.googlevideo.com/videoplayback?ei=6VyKWdPbMNWWVvmUuKAH&mt=1502239623&ip=131.159.40.117&requiressl=yes&lmt=1428828410155303&ipbits=0&key=yt6&beids=%5B9466594%5D&id=o-AIJJYEY2vPPxMky-4_VE1j9Jtygjs-yTMeqQhczr9loU&mime=video%2F3gpp&expire=1502261577&clen=3635781&gir=yes&itag=36&signature=E13D67BC562B17D99399BA6C69DB34A559174CC8.62B95A42371542B04C8B192643DDE4B41CDA73A5&mm=31&mn=sn-xjpm-q0ns&ms=au&source=youtube&sparams=clen%2Cdur%2Cei%2Cgir%2Cid%2Cip%2Cipbits%2Citag%2Clmt%2Cmime%2Cmm%2Cmn%2Cms%2Cmv%2Cpl%2Crequiressl%2Csource%2Cexpire&mv=u&dur=128.638&pl=16&ratebypass=yes", "player_url": null, "ext": "3gp", "width": 320, "acodec": "mp4a.40.2", "vcodec": "mp4v.20.3", "resolution": "320x240", "height": 240, "format_note": "small", "format": "36 - 320x240 (small)", "protocol": "https", "http_headers": {"User-Agent": "Mozilla/5.0 (X11; Linux x86_64; rv:10.0) Gecko/20150101 Firefox/47.0 (Chrome)", "Accept-Charset": "ISO-8859-1,utf-8;q=0.7,*;q=0.7", "Accept": "text/html,application/xhtml+xml,application/xml;q=0.9,*/*;q=0.8", "Accept-Encoding": "gzip, deflate", "Accept-Language": "en-us,en;q=0.5"}}, {"format_id": "18", "url": "https://r1---sn-xjpm-q0ns.googlevideo.com/videoplayback?ratebypass=yes&requiressl=yes&key=yt6&ipbits=0&mime=video%2Fmp4&clen=10752376&gir=yes&itag=18&signature=1D1CE1E524BC75DF66CCA467D91950A67B20EC81.C63B3C99E651FDD4302A752901124E58504716DA&mm=31&mn=sn-xjpm-q0ns&ms=au&mt=1502239623&mv=u&dur=128.499&ei=6VyKWdPbMNWWVvmUuKAH&ip=131.159.40.117&lmt=1428828384836206&id=o-AIJJYEY2vPPxMky-4_VE1j9Jtygjs-yTMeqQhczr9loU&expire=1502261577&source=youtube&sparams=clen%2Cdur%2Cei%2Cgir%2Cid%2Cip%2Cipbits%2Citag%2Clmt%2Cmime%2Cmm%2Cmn%2Cms%2Cmv%2Cpl%2Cratebypass%2Crequiressl%2Csource%2Cexpire&beids=%5B9466594%5D&pl=16", "player_url": null, "ext": "mp4", "width": 480, "height": 360, "acodec": "mp4a.40.2", "abr": 96, "vcodec": "avc1.42001E", "resolution": "480x360", "format_note": "medium", "format": "18 - 480x360 (medium)", "protocol": "https", "http_headers": {"User-Agent": "Mozilla/5.0 (X11; Linux x86_64; rv:10.0) Gecko/20150101 Firefox/47.0 (Chrome)", "Accept-Charset": "ISO-8859-1,utf-8;q=0.7,*;q=0.7", "Accept": "text/html,application/xhtml+xml,application/xml;q=0.9,*/*;q=0.8", "Accept-Encoding": "gzip, deflate", "Accept-Language": "en-us,en;q=0.5"}}, {"format_id": "43", "url": "https://r1---sn-xjpm-q0ns.googlevideo.com/videoplayback?ratebypass=yes&requiressl=yes&key=yt6&ipbits=0&mime=video%2Fwebm&clen=12909380&gir=yes&itag=43&signature=4622DF8418B6102442587790F4ACC23DF80BABB1.1E79E90623EAD4C4867879378C94CB8629E1544A&mm=31&mn=sn-xjpm-q0ns&ms=au&mt=1502239623&mv=u&dur=0.000&ei=6VyKWdPbMNWWVvmUuKAH&ip=131.159.40.117&lmt=1428828913852555&id=o-AIJJYEY2vPPxMky-4_VE1j9Jtygjs-yTMeqQhczr9loU&expire=1502261577&source=youtube&sparams=clen%2Cdur%2Cei%2Cgir%2Cid%2Cip%2Cipbits%2Citag%2Clmt%2Cmime%2Cmm%2Cmn%2Cms%2Cmv%2Cpl%2Cratebypass%2Crequiressl%2Csource%2Cexpire&beids=%5B9466594%5D&pl=16", "player_url": null, "ext": "webm", "width": 640, "height": 360, "acodec": "vorbis", "abr": 128, "vcodec": "vp8.0", "resolution": "640x360", "format_note": "medium", "format": "43 - 640x360 (medium)", "protocol": "https", "http_headers": {"User-Agent": "Mozilla/5.0 (X11; Linux x86_64; rv:10.0) Gecko/20150101 Firefox/47.0 (Chrome)", "Accept-Charset": "ISO-8859-1,utf-8;q=0.7,*;q=0.7", "Accept": "text/html,application/xhtml+xml,application/xml;q=0.9,*/*;q=0.8", "Accept-Encoding": "gzip, deflate", "Accept-Language": "en-us,en;q=0.5"}}], "is_live": null, "start_time": null, "end_time": null, "series": null, "season_number": null, "episode_number": null, "extractor": "youtube", "webpage_url_basename": "ugyYHAxIMrc", "extractor_key": "Youtube", "playlist": null, "playlist_index": null, "thumbnails": [{"url": "https://i.ytimg.com/vi/ugyYHAxIMrc/hqdefault.jpg", "id": "0"}], "display_id": "ugyYHAxIMrc", "ext": "mp4", "height": 480, "format_note": "DASH video", "vcodec": "avc1.4d401e", "format_id": "135", "url": "https://r1---sn-xjpm-q0ns.googlevideo.com/videoplayback?id=ba0c981c0c4832b7&itag=135&source=youtube&requiressl=yes&pl=16&mn=sn-xjpm-q0ns&mm=31&mv=u&ei=6lyKWcqVDsjAV4C1jZAM&ms=au&ratebypass=yes&mime=video/mp4&gir=yes&clen=13880080&lmt=1428828432748493&dur=128.440&signature=8B83816C319DD07BAECE04D0D75AEFE842F9AE0A.926242E25C3339C16BDFB79DEC863CCD57E6271F&beids=[9466594]&mt=1502239623&key=dg_yt0&ip=131.159.40.117&ipbits=0&expire=1502261578&sparams=ip,ipbits,expire,id,itag,source,requiressl,pl,mn,mm,mv,ei,ms,ratebypass,mime,gir,clen,lmt,dur", "manifest_url": "https://manifest.googlevideo.com/api/manifest/dash/pl/16/id/ba0c981c0c4832b7/mn/sn-xjpm-q0ns/signature/2B1740B53E50BC7B5A3CEF995437BC4652671E7F.CB0CA30D3607D8248E4A1708FD8F8EF6EDFDB0BB/mm/31/beids/%5B9466594%5D/mv/u/ipbits/0/ei/6lyKWcqVDsjAV4C1jZAM/as/fmp4_audio_clear%2Cfmp4_sd_hd_clear/sparams/as%2Cei%2Chfr%2Cid%2Cip%2Cipbits%2Citag%2Cmm%2Cmn%2Cms%2Cmv%2Cpl%2Cplayback_host%2Crequiressl%2Csource%2Cexpire/itag/0/expire/1502261578/requiressl/yes/mt/1502239623/ip/131.159.40.117/key/yt6/ms/au/hfr/1/playback_host/r1---sn-xjpm-q0ns.googlevideo.com/source/youtube", "width": 640, "tbr": 1116.754, "asr": null, "fps": 25, "language": null, "filesize": 13880080, "acodec": "none", "format": "135 - 640x480 (DASH video)", "protocol": "https", "http_headers": {"User-Agent": "Mozilla/5.0 (X11; Linux x86_64; rv:10.0) Gecko/20150101 Firefox/47.0 (Chrome)", "Accept-Charset": "ISO-8859-1,utf-8;q=0.7,*;q=0.7", "Accept": "text/html,application/xhtml+xml,application/xml;q=0.9,*/*;q=0.8", "Accept-Encoding": "gzip, deflate", "Accept-Language": "en-us,en;q=0.5"}, "fulltitle": "Knockout punch for Indian boxing", "_filename": "ugyYHAxIMrc.mp4"}