{"id": "1vpfHf42UuI", "uploader": "RT America", "uploader_id": "RTAmerica", "uploader_url": "http://www.youtube.com/user/RTAmerica", "upload_date": "20101109", "license": "Standard YouTube License", "creator": null, "title": "Mystery missile over California", "alt_title": null, "thumbnail": "https://i.ytimg.com/vi/1vpfHf42UuI/hqdefault.jpg", "description": "A mystery missile was caught on video flying off the coast of Los Angeles, but the Pentagon says they have no clue who launched it.", "categories": ["News & Politics"], "tags": ["Dina Gusovsky", "Ramon Galindo", "RTAmerica", "RT America", "mystery", "missile", "Los Angeles", "Navy", "Air Force", "Pentagon", "military", "Viktor Mizin", "Robert Ellsworth", "Russia", "submarine", "nuclear", "NORAD", "Catalina Island"], "subtitles": {}, "automatic_captions": {}, "duration": 269, "age_limit": 0, "annotations": null, "chapters": null, "webpage_url": "https://www.youtube.com/watch?v=1vpfHf42UuI", "view_count": 72689, "like_count": 168, "dislike_count": 17, "average_rating": 4.63243246078, "formats": [{"ext": "m4a", "format_note": "DASH audio", "acodec": "mp4a.40.5", "abr": 48, "container": "m4a_dash", "format_id": "139", "url": "https://r5---sn-4g57knk7.googlevideo.com/videoplayback?id=d6fa5f1dfe3652e2&itag=139&source=youtube&requiressl=yes&ei=X1OLWYzHA4bnWqmIkuAN&mm=31&pl=16&mv=m&mn=sn-4g57knk7&ms=au&initcwndbps=3626250&ratebypass=yes&mime=audio/mp4&gir=yes&clen=1622094&lmt=1425722156688651&dur=268.793&mt=1502302985&signature=3495EA05B111462F436E94CD24557A6EA641FD43.1128AEDD7104207626EA3A7C21C256A4E0C4346D&key=dg_yt0&ip=131.159.40.117&ipbits=0&expire=1502324671&sparams=ip,ipbits,expire,id,itag,source,requiressl,ei,mm,pl,mv,mn,ms,initcwndbps,ratebypass,mime,gir,clen,lmt,dur", "manifest_url": "https://manifest.googlevideo.com/api/manifest/dash/as/fmp4_audio_clear%2Cfmp4_sd_hd_clear/ei/X1OLWYzHA4bnWqmIkuAN/requiressl/yes/mt/1502302985/hfr/1/ipbits/0/mm/31/signature/CA7F0B07D68BF38A391F37071908EA99C2A6E389.DEC8F08D1D977ED69349D400833E43A06AD32D26/pl/16/key/yt6/mv/m/mn/sn-4g57knk7/playback_host/r5---sn-4g57knk7.googlevideo.com/itag/0/ms/au/source/youtube/initcwndbps/3626250/expire/1502324671/sparams/as%2Cei%2Chfr%2Cid%2Cinitcwndbps%2Cip%2Cipbits%2Citag%2Cmm%2Cmn%2Cms%2Cmv%2Cpl%2Cplayback_host%2Crequiressl%2Csource%2Cexpire/ip/131.159.40.117/id/d6fa5f1dfe3652e2", "width": null, "height": null, "tbr": 49.228, "asr": 22050, "fps": null, "language": null, "filesize": 1622094, "vcodec": "none", "format": "139 - audio only (DASH audio)", "protocol": "https", "http_headers": {"User-Agent": "Mozilla/5.0 (X11; Linux x86_64; rv:10.0) Gecko/20150101 Firefox/47.0 (Chrome)", "Accept-Charset": "ISO-8859-1,utf-8;q=0.7,*;q=0.7", "Accept": "text/html,application/xhtml+xml,application/xml;q=0.9,*/*;q=0.8", "Accept-Encoding": "gzip, deflate", "Accept-Language": "en-us,en;q=0.5"}}, {"ext": "m4a", "format_note": "DASH audio", "acodec": "mp4a.40.2", "abr": 128, "container": "m4a_dash", "format_id": "140", "url": "https://r5---sn-4g57knk7.googlevideo.com/videoplayback?id=d6fa5f1dfe3652e2&itag=140&source=youtube&requiressl=yes&ei=X1OLWYzHA4bnWqmIkuAN&mm=31&pl=16&mv=m&mn=sn-4g57knk7&ms=au&initcwndbps=3626250&ratebypass=yes&mime=audio/mp4&gir=yes&clen=4314788&lmt=1425722155852186&dur=268.723&mt=1502302985&signature=8FEEA747D62C931EA1E1134CEFEE286D0E77469E.0AF41129F34B47D9BB68FE783791359F48B79EC8&key=dg_yt0&ip=131.159.40.117&ipbits=0&expire=1502324671&sparams=ip,ipbits,expire,id,itag,source,requiressl,ei,mm,pl,mv,mn,ms,initcwndbps,ratebypass,mime,gir,clen,lmt,dur", "manifest_url": "https://manifest.googlevideo.com/api/manifest/dash/as/fmp4_audio_clear%2Cfmp4_sd_hd_clear/ei/X1OLWYzHA4bnWqmIkuAN/requiressl/yes/mt/1502302985/hfr/1/ipbits/0/mm/31/signature/CA7F0B07D68BF38A391F37071908EA99C2A6E389.DEC8F08D1D977ED69349D400833E43A06AD32D26/pl/16/key/yt6/mv/m/mn/sn-4g57knk7/playback_host/r5---sn-4g57knk7.googlevideo.com/itag/0/ms/au/source/youtube/initcwndbps/3626250/expire/1502324671/sparams/as%2Cei%2Chfr%2Cid%2Cinitcwndbps%2Cip%2Cipbits%2Citag%2Cmm%2Cmn%2Cms%2Cmv%2Cpl%2Cplayback_host%2Crequiressl%2Csource%2Cexpire/ip/131.159.40.117/id/d6fa5f1dfe3652e2", "width": null, "height": null, "tbr": 129.361, "asr": 44100, "fps": null, "language": null, "filesize": 4314788, "vcodec": "none", "format": "140 - audio only (DASH audio)", "protocol": "https", "http_headers": {"User-Agent": "Mozilla/5.0 (X11; Linux x86_64; rv:10.0) Gecko/20150101 Firefox/47.0 (Chrome)", "Accept-Charset": "ISO-8859-1,utf-8;q=0.7,*;q=0.7", "Accept": "text/html,application/xhtml+xml,application/xml;q=0.9,*/*;q=0.8", "Accept-Encoding": "gzip, deflate", "Accept-Language": "en-us,en;q=0.5"}}, {"ext": "mp4", "height": 144, "format_note": "DASH video", "vcodec": "avc1.4d400c", "format_id": "160", "url": "https://r5---sn-4g57knk7.googlevideo.com/videoplayback?id=d6fa5f1dfe3652e2&itag=160&source=youtube&requiressl=yes&ei=X1OLWYzHA4bnWqmIkuAN&mm=31&pl=16&mv=m&mn=sn-4g57knk7&ms=au&initcwndbps=3626250&ratebypass=yes&mime=video/mp4&gir=yes&clen=3665971&lmt=1425722227473133&dur=268.668&mt=1502302985&signature=3585BD97A69850963B9AEFB574A5CF1E6AA20DF5.1871E1684F3F2AB6ACE14B9E140A41E656D9CF51&key=dg_yt0&ip=131.159.40.117&ipbits=0&expire=1502324671&sparams=ip,ipbits,expire,id,itag,source,requiressl,ei,mm,pl,mv,mn,ms,initcwndbps,ratebypass,mime,gir,clen,lmt,dur", "manifest_url": "https://manifest.googlevideo.com/api/manifest/dash/as/fmp4_audio_clear%2Cfmp4_sd_hd_clear/ei/X1OLWYzHA4bnWqmIkuAN/requiressl/yes/mt/1502302985/hfr/1/ipbits/0/mm/31/signature/CA7F0B07D68BF38A391F37071908EA99C2A6E389.DEC8F08D1D977ED69349D400833E43A06AD32D26/pl/16/key/yt6/mv/m/mn/sn-4g57knk7/playback_host/r5---sn-4g57knk7.googlevideo.com/itag/0/ms/au/source/youtube/initcwndbps/3626250/expire/1502324671/sparams/as%2Cei%2Chfr%2Cid%2Cinitcwndbps%2Cip%2Cipbits%2Citag%2Cmm%2Cmn%2Cms%2Cmv%2Cpl%2Cplayback_host%2Crequiressl%2Csource%2Cexpire/ip/131.159.40.117/id/d6fa5f1dfe3652e2", "width": 196, "tbr": 111.2, "asr": null, "fps": 15, "language": null, "filesize": 3665971, "acodec": "none", "format": "160 - 196x144 (DASH video)", "protocol": "https", "http_headers": {"User-Agent": "Mozilla/5.0 (X11; Linux x86_64; rv:10.0) Gecko/20150101 Firefox/47.0 (Chrome)", "Accept-Charset": "ISO-8859-1,utf-8;q=0.7,*;q=0.7", "Accept": "text/html,application/xhtml+xml,application/xml;q=0.9,*/*;q=0.8", "Accept-Encoding": "gzip, deflate", "Accept-Language": "en-us,en;q=0.5"}}, {"ext": "mp4", "height": 240, "format_note": "DASH video", "vcodec": "avc1.4d400d", "format_id": "133", "url": "https://r5---sn-4g57knk7.googlevideo.com/videoplayback?id=d6fa5f1dfe3652e2&itag=133&source=youtube&requiressl=yes&ei=X1OLWYzHA4bnWqmIkuAN&mm=31&pl=16&mv=m&mn=sn-4g57knk7&ms=au&initcwndbps=3626250&ratebypass=yes&mime=video/mp4&gir=yes&clen=8217464&lmt=1425722187076163&dur=268.668&mt=1502302985&signature=5208FC96AF1E277D6AF992862FB3E1B0DF1AE557.03FC8E7CB7725CBE53E1A3043DC65D3780D49357&key=dg_yt0&ip=131.159.40.117&ipbits=0&expire=1502324671&sparams=ip,ipbits,expire,id,itag,source,requiressl,ei,mm,pl,mv,mn,ms,initcwndbps,ratebypass,mime,gir,clen,lmt,dur", "manifest_url": "https://manifest.googlevideo.com/api/manifest/dash/as/fmp4_audio_clear%2Cfmp4_sd_hd_clear/ei/X1OLWYzHA4bnWqmIkuAN/requiressl/yes/mt/1502302985/hfr/1/ipbits/0/mm/31/signature/CA7F0B07D68BF38A391F37071908EA99C2A6E389.DEC8F08D1D977ED69349D400833E43A06AD32D26/pl/16/key/yt6/mv/m/mn/sn-4g57knk7/playback_host/r5---sn-4g57knk7.googlevideo.com/itag/0/ms/au/source/youtube/initcwndbps/3626250/expire/1502324671/sparams/as%2Cei%2Chfr%2Cid%2Cinitcwndbps%2Cip%2Cipbits%2Citag%2Cmm%2Cmn%2Cms%2Cmv%2Cpl%2Cplayback_host%2Crequiressl%2Csource%2Cexpire/ip/131.159.40.117/id/d6fa5f1dfe3652e2", "width": 328, "tbr": 257.524, "asr": null, "fps": 30, "language": null, "filesize": 8217464, "acodec": "none", "format": "133 - 328x240 (DASH video)", "protocol": "https", "http_headers": {"User-Agent": "Mozilla/5.0 (X11; Linux x86_64; rv:10.0) Gecko/20150101 Firefox/47.0 (Chrome)", "Accept-Charset": "ISO-8859-1,utf-8;q=0.7,*;q=0.7", "Accept": "text/html,application/xhtml+xml,application/xml;q=0.9,*/*;q=0.8", "Accept-Encoding": "gzip, deflate", "Accept-Language": "en-us,en;q=0.5"}}, {"ext": "mp4", "height": 360, "format_note": "DASH video", "vcodec": "avc1.4d401e", "format_id": "134", "url": "https://r5---sn-4g57knk7.googlevideo.com/videoplayback?id=d6fa5f1dfe3652e2&itag=134&source=youtube&requiressl=yes&ei=X1OLWYzHA4bnWqmIkuAN&mm=31&pl=16&mv=m&mn=sn-4g57knk7&ms=au&initcwndbps=3626250&ratebypass=yes&mime=video/mp4&gir=yes&clen=8102573&lmt=1425722230963296&dur=268.668&mt=1502302985&signature=93D049FCEA3CFAE0AA4D0404BD9B8F1389B40863.6D7CB154E575C2FB9A104D637A8DAA7EC3E3B189&key=dg_yt0&ip=131.159.40.117&ipbits=0&expire=1502324671&sparams=ip,ipbits,expire,id,itag,source,requiressl,ei,mm,pl,mv,mn,ms,initcwndbps,ratebypass,mime,gir,clen,lmt,dur", "manifest_url": "https://manifest.googlevideo.com/api/manifest/dash/as/fmp4_audio_clear%2Cfmp4_sd_hd_clear/ei/X1OLWYzHA4bnWqmIkuAN/requiressl/yes/mt/1502302985/hfr/1/ipbits/0/mm/31/signature/CA7F0B07D68BF38A391F37071908EA99C2A6E389.DEC8F08D1D977ED69349D400833E43A06AD32D26/pl/16/key/yt6/mv/m/mn/sn-4g57knk7/playback_host/r5---sn-4g57knk7.googlevideo.com/itag/0/ms/au/source/youtube/initcwndbps/3626250/expire/1502324671/sparams/as%2Cei%2Chfr%2Cid%2Cinitcwndbps%2Cip%2Cipbits%2Citag%2Cmm%2Cmn%2Cms%2Cmv%2Cpl%2Cplayback_host%2Crequiressl%2Csource%2Cexpire/ip/131.159.40.117/id/d6fa5f1dfe3652e2", "width": 490, "tbr": 350.31, "asr": null, "fps": 30, "language": null, "filesize": 8102573, "acodec": "none", "format": "134 - 490x360 (DASH video)", "protocol": "https", "http_headers": {"User-Agent": "Mozilla/5.0 (X11; Linux x86_64; rv:10.0) Gecko/20150101 Firefox/47.0 (Chrome)", "Accept-Charset": "ISO-8859-1,utf-8;q=0.7,*;q=0.7", "Accept": "text/html,application/xhtml+xml,application/xml;q=0.9,*/*;q=0.8", "Accept-Encoding": "gzip, deflate", "Accept-Language": "en-us,en;q=0.5"}}, {"ext": "mp4", "height": 480, "format_note": "DASH video", "vcodec": "avc1.4d401e", "format_id": "135", "url": "https://r5---sn-4g57knk7.googlevideo.com/videoplayback?id=d6fa5f1dfe3652e2&itag=135&source=youtube&requiressl=yes&ei=X1OLWYzHA4bnWqmIkuAN&mm=31&pl=16&mv=m&mn=sn-4g57knk7&ms=au&initcwndbps=3626250&ratebypass=yes&mime=video/mp4&gir=yes&clen=17315133&lmt=1425722299463241&dur=268.668&mt=1502302985&signature=0E07C6F122AE9B7990017374385F654BA8329364.1F2930B8CE6CD2DB3123E9A732AF750BF91BEB25&key=dg_yt0&ip=131.159.40.117&ipbits=0&expire=1502324671&sparams=ip,ipbits,expire,id,itag,source,requiressl,ei,mm,pl,mv,mn,ms,initcwndbps,ratebypass,mime,gir,clen,lmt,dur", "manifest_url": "https://manifest.googlevideo.com/api/manifest/dash/as/fmp4_audio_clear%2Cfmp4_sd_hd_clear/ei/X1OLWYzHA4bnWqmIkuAN/requiressl/yes/mt/1502302985/hfr/1/ipbits/0/mm/31/signature/CA7F0B07D68BF38A391F37071908EA99C2A6E389.DEC8F08D1D977ED69349D400833E43A06AD32D26/pl/16/key/yt6/mv/m/mn/sn-4g57knk7/playback_host/r5---sn-4g57knk7.googlevideo.com/itag/0/ms/au/source/youtube/initcwndbps/3626250/expire/1502324671/sparams/as%2Cei%2Chfr%2Cid%2Cinitcwndbps%2Cip%2Cipbits%2Citag%2Cmm%2Cmn%2Cms%2Cmv%2Cpl%2Cplayback_host%2Crequiressl%2Csource%2Cexpire/ip/131.159.40.117/id/d6fa5f1dfe3652e2", "width": 654, "tbr": 690.976, "asr": null, "fps": 30, "language": null, "filesize": 17315133, "acodec": "none", "format": "135 - 654x480 (DASH video)", "protocol": "https", "http_headers": {"User-Agent": "Mozilla/5.0 (X11; Linux x86_64; rv:10.0) Gecko/20150101 Firefox/47.0 (Chrome)", "Accept-Charset": "ISO-8859-1,utf-8;q=0.7,*;q=0.7", "Accept": "text/html,application/xhtml+xml,application/xml;q=0.9,*/*;q=0.8", "Accept-Encoding": "gzip, deflate", "Accept-Language": "en-us,en;q=0.5"}}, {"format_id": "17", "url": "https://r13---sn-4g57knkr.googlevideo.com/videoplayback?lmt=1289339468500142&clen=2834574&source=youtube&ip=131.159.40.117&key=yt6&mn=sn-4g57knkr&ipbits=0&mm=31&ms=au&id=o-AOhUQc6tlja2FVMDU4sAFxZlDewG84nEnRVGf4fKxsPG&mv=m&pl=16&mt=1502302985&gir=yes&signature=C17040EE63E093B007F39C14205BC73887FCD75E.86492FAA7B7CECFDC81DFB2C9FCE06983E0D3BE0&initcwndbps=3626250&sparams=clen%2Cdur%2Cei%2Cgir%2Cid%2Cinitcwndbps%2Cip%2Cipbits%2Citag%2Clmt%2Cmime%2Cmm%2Cmn%2Cms%2Cmv%2Cpl%2Crequiressl%2Csource%2Cexpire&requiressl=yes&ei=XlOLWaf6H4OkWtH2g_AN&dur=269.212&mime=video%2F3gpp&itag=17&expire=1502324670&ratebypass=yes", "player_url": null, "ext": "3gp", "width": 176, "height": 144, "acodec": "mp4a.40.2", "abr": 24, "vcodec": "mp4v.20.3", "resolution": "176x144", "format_note": "small", "format": "17 - 176x144 (small)", "protocol": "https", "http_headers": {"User-Agent": "Mozilla/5.0 (X11; Linux x86_64; rv:10.0) Gecko/20150101 Firefox/47.0 (Chrome)", "Accept-Charset": "ISO-8859-1,utf-8;q=0.7,*;q=0.7", "Accept": "text/html,application/xhtml+xml,application/xml;q=0.9,*/*;q=0.8", "Accept-Encoding": "gzip, deflate", "Accept-Language": "en-us,en;q=0.5"}}, {"format_id": "36", "url": "https://r13---sn-4g57knkr.googlevideo.com/videoplayback?lmt=1427598859988335&clen=7637984&source=youtube&ip=131.159.40.117&key=yt6&mn=sn-4g57knkr&ipbits=0&mm=31&ms=au&id=o-AOhUQc6tlja2FVMDU4sAFxZlDewG84nEnRVGf4fKxsPG&mv=m&pl=16&mt=1502302985&gir=yes&signature=B692CD9C9BA445901C06AC2BF6A626D69C477C5F.9DF9ED40A21EFE5B99FCD28E588BCE4CC49F9BD8&initcwndbps=3626250&sparams=clen%2Cdur%2Cei%2Cgir%2Cid%2Cinitcwndbps%2Cip%2Cipbits%2Citag%2Clmt%2Cmime%2Cmm%2Cmn%2Cms%2Cmv%2Cpl%2Crequiressl%2Csource%2Cexpire&requiressl=yes&ei=XlOLWaf6H4OkWtH2g_AN&dur=268.887&mime=video%2F3gpp&itag=36&expire=1502324670&ratebypass=yes", "player_url": null, "ext": "3gp", "width": 320, "acodec": "mp4a.40.2", "vcodec": "mp4v.20.3", "resolution": "320x234", "height": 234, "format_note": "small", "format": "36 - 320x234 (small)", "protocol": "https", "http_headers": {"User-Agent": "Mozilla/5.0 (X11; Linux x86_64; rv:10.0) Gecko/20150101 Firefox/47.0 (Chrome)", "Accept-Charset": "ISO-8859-1,utf-8;q=0.7,*;q=0.7", "Accept": "text/html,application/xhtml+xml,application/xml;q=0.9,*/*;q=0.8", "Accept-Encoding": "gzip, deflate", "Accept-Language": "en-us,en;q=0.5"}}, {"format_id": "18", "url": "https://r13---sn-4g57knkr.googlevideo.com/videoplayback?lmt=1425722173759908&ratebypass=yes&clen=14848969&source=youtube&ip=131.159.40.117&key=yt6&mn=sn-4g57knkr&ipbits=0&mm=31&ms=au&id=o-AOhUQc6tlja2FVMDU4sAFxZlDewG84nEnRVGf4fKxsPG&mv=m&pl=16&mt=1502302985&gir=yes&signature=7B52B0CF4C629091B8B4A403F81168405746EA9F.D05EF591D8B3837C5927F8069EEF2B3BCBB1FA9C&initcwndbps=3626250&sparams=clen%2Cdur%2Cei%2Cgir%2Cid%2Cinitcwndbps%2Cip%2Cipbits%2Citag%2Clmt%2Cmime%2Cmm%2Cmn%2Cms%2Cmv%2Cpl%2Cratebypass%2Crequiressl%2Csource%2Cexpire&requiressl=yes&ei=XlOLWaf6H4OkWtH2g_AN&dur=268.724&mime=video%2Fmp4&itag=18&expire=1502324670", "player_url": null, "ext": "mp4", "width": 490, "height": 360, "acodec": "mp4a.40.2", "abr": 96, "vcodec": "avc1.42001E", "resolution": "490x360", "format_note": "medium", "format": "18 - 490x360 (medium)", "protocol": "https", "http_headers": {"User-Agent": "Mozilla/5.0 (X11; Linux x86_64; rv:10.0) Gecko/20150101 Firefox/47.0 (Chrome)", "Accept-Charset": "ISO-8859-1,utf-8;q=0.7,*;q=0.7", "Accept": "text/html,application/xhtml+xml,application/xml;q=0.9,*/*;q=0.8", "Accept-Encoding": "gzip, deflate", "Accept-Language": "en-us,en;q=0.5"}}, {"format_id": "43", "url": "https://r13---sn-4g57knkr.googlevideo.com/videoplayback?lmt=1298913792402515&ratebypass=yes&clen=19950238&source=youtube&ip=131.159.40.117&key=yt6&mn=sn-4g57knkr&ipbits=0&mm=31&ms=au&id=o-AOhUQc6tlja2FVMDU4sAFxZlDewG84nEnRVGf4fKxsPG&mv=m&pl=16&mt=1502302985&gir=yes&signature=9D47D39EBE2A3ADCB870C4B1C80BE1F0FD227855.366E5FD866193BD62DB90122F59EA91BD34D16E1&initcwndbps=3626250&sparams=clen%2Cdur%2Cei%2Cgir%2Cid%2Cinitcwndbps%2Cip%2Cipbits%2Citag%2Clmt%2Cmime%2Cmm%2Cmn%2Cms%2Cmv%2Cpl%2Cratebypass%2Crequiressl%2Csource%2Cexpire&requiressl=yes&ei=XlOLWaf6H4OkWtH2g_AN&dur=0.000&mime=video%2Fwebm&itag=43&expire=1502324670", "player_url": null, "ext": "webm", "width": 640, "height": 360, "acodec": "vorbis", "abr": 128, "vcodec": "vp8.0", "resolution": "640x360", "format_note": "medium", "format": "43 - 640x360 (medium)", "protocol": "https", "http_headers": {"User-Agent": "Mozilla/5.0 (X11; Linux x86_64; rv:10.0) Gecko/20150101 Firefox/47.0 (Chrome)", "Accept-Charset": "ISO-8859-1,utf-8;q=0.7,*;q=0.7", "Accept": "text/html,application/xhtml+xml,application/xml;q=0.9,*/*;q=0.8", "Accept-Encoding": "gzip, deflate", "Accept-Language": "en-us,en;q=0.5"}}], "is_live": null, "start_time": null, "end_time": null, "series": null, "season_number": null, "episode_number": null, "extractor": "youtube", "webpage_url_basename": "1vpfHf42UuI", "extractor_key": "Youtube", "playlist": null, "playlist_index": null, "thumbnails": [{"url": "https://i.ytimg.com/vi/1vpfHf42UuI/hqdefault.jpg", "id": "0"}], "display_id": "1vpfHf42UuI", "ext": "mp4", "height": 480, "format_note": "DASH video", "vcodec": "avc1.4d401e", "format_id": "135", "url": "https://r5---sn-4g57knk7.googlevideo.com/videoplayback?id=d6fa5f1dfe3652e2&itag=135&source=youtube&requiressl=yes&ei=X1OLWYzHA4bnWqmIkuAN&mm=31&pl=16&mv=m&mn=sn-4g57knk7&ms=au&initcwndbps=3626250&ratebypass=yes&mime=video/mp4&gir=yes&clen=17315133&lmt=1425722299463241&dur=268.668&mt=1502302985&signature=0E07C6F122AE9B7990017374385F654BA8329364.1F2930B8CE6CD2DB3123E9A732AF750BF91BEB25&key=dg_yt0&ip=131.159.40.117&ipbits=0&expire=1502324671&sparams=ip,ipbits,expire,id,itag,source,requiressl,ei,mm,pl,mv,mn,ms,initcwndbps,ratebypass,mime,gir,clen,lmt,dur", "manifest_url": "https://manifest.googlevideo.com/api/manifest/dash/as/fmp4_audio_clear%2Cfmp4_sd_hd_clear/ei/X1OLWYzHA4bnWqmIkuAN/requiressl/yes/mt/1502302985/hfr/1/ipbits/0/mm/31/signature/CA7F0B07D68BF38A391F37071908EA99C2A6E389.DEC8F08D1D977ED69349D400833E43A06AD32D26/pl/16/key/yt6/mv/m/mn/sn-4g57knk7/playback_host/r5---sn-4g57knk7.googlevideo.com/itag/0/ms/au/source/youtube/initcwndbps/3626250/expire/1502324671/sparams/as%2Cei%2Chfr%2Cid%2Cinitcwndbps%2Cip%2Cipbits%2Citag%2Cmm%2Cmn%2Cms%2Cmv%2Cpl%2Cplayback_host%2Crequiressl%2Csource%2Cexpire/ip/131.159.40.117/id/d6fa5f1dfe3652e2", "width": 654, "tbr": 690.976, "asr": null, "fps": 30, "language": null, "filesize": 17315133, "acodec": "none", "format": "135 - 654x480 (DASH video)", "protocol": "https", "http_headers": {"User-Agent": "Mozilla/5.0 (X11; Linux x86_64; rv:10.0) Gecko/20150101 Firefox/47.0 (Chrome)", "Accept-Charset": "ISO-8859-1,utf-8;q=0.7,*;q=0.7", "Accept": "text/html,application/xhtml+xml,application/xml;q=0.9,*/*;q=0.8", "Accept-Encoding": "gzip, deflate", "Accept-Language": "en-us,en;q=0.5"}, "fulltitle": "Mystery missile over California", "_filename": "1vpfHf42UuI.mp4"}