{"id": "bNaSzFKBUrU", "uploader": "Diana", "uploader_id": "Diana0380", "uploader_url": "http://www.youtube.com/user/Diana0380", "upload_date": "20150222", "license": "Standard YouTube License", "creator": null, "title": "GET READY - SEMI SWEET CHOCOLATE BAR Palette", "alt_title": null, "thumbnail": "https://i.ytimg.com/vi/bNaSzFKBUrU/hqdefault.jpg", "description": "Das Video hatte ich noch auf der Festplatte und nun hab ich es endlich mal geschnitten. :) Viel Spa\u00df.\n\nAlle verwendeten Produkte findet ihr nochmal hier: http://our-funworld.blogspot.de/2015/02/produktliste-get-ready-video-vom.html\n\n\u2605\u2605\u2605 Mein Kanal: http://www.youtube.com/user/Diana0380 \u2605\u2605\u2605\n\nPLAYLISTS:\n\u2605\u2605\u2605 AUFGEBRAUCHT: http://bit.ly/1emi1D2 \u2605\u2605\u2605\n\u2605\u2605\u2605 TAG-Videos: http://bit.ly/1hYhgy0 \u2605\u2605\u2605\n\u2605\u2605\u2605 FAVORITEN UND MEHR: http://bit.ly/KqrFaa \u2605\u2605\u2605\n\u2605\u2605\u2605 GET READY Videos: http://bitly.com/1exgOIT \u2605\u2605\u2605\n\u2605\u2605\u2605 TUTORIALS: http://bit.ly/1f0ZJmi \u2605\u2605\u2605\n\u2605\u2605\u2605 SHOPPING http://bit.ly/1eQVJF2 \u2605\u2605\u2605\n\nMich findet ihr auch noch hier:\nDiana0380 auf Facebook: https://www.facebook.com/Diana0380\nUnser Blog: http://our-funworld.blogspot.de/\nTwitter: https://twitter.com/#!/Diana0380\ninstagram: Diana0380\nEMail: Diana0380YT \u00e4t gmail.com\nKleiderkorb: http://www.kleiderkorb.de/profil/71282/Diana0380\n\nMusik: http://de.audionetwork.com/", "categories": ["Howto & Style"], "tags": ["Diana", "Diana0380", "Beauty", "get ready", "grwm", "semi sweet", "chocolate bar", "too faced", "look", "Makeup", "Tutorial"], "subtitles": {}, "automatic_captions": {}, "duration": 466, "age_limit": 0, "annotations": null, "chapters": null, "webpage_url": "https://www.youtube.com/watch?v=bNaSzFKBUrU", "view_count": 1921, "like_count": 97, "dislike_count": 9, "average_rating": 4.66037750244, "formats": [{"ext": "m4a", "format_note": "DASH audio", "acodec": "mp4a.40.5", "abr": 48, "container": "m4a_dash", "format_id": "139", "url": "https://r4---sn-4g5ednld.googlevideo.com/videoplayback?id=6cd692cc528152b5&itag=139&source=youtube&requiressl=yes&initcwndbps=4202500&pl=16&mv=m&ms=au&mn=sn-4g5ednld&mm=31&ei=kyCLWfr1LsazVNykrYgC&ratebypass=yes&mime=audio/mp4&gir=yes&clen=2811323&lmt=1424602363715539&dur=465.931&key=dg_yt0&mt=1502289991&signature=753BE32F52F7B11350B909EF5F8438AAEB08CAAE.3C4AA56312B4148B458E0257D8C47FF9C2F64088&ip=131.159.40.117&ipbits=0&expire=1502311667&sparams=ip,ipbits,expire,id,itag,source,requiressl,initcwndbps,pl,mv,ms,mn,mm,ei,ratebypass,mime,gir,clen,lmt,dur", "manifest_url": "https://manifest.googlevideo.com/api/manifest/dash/expire/1502311667/initcwndbps/4202500/id/6cd692cc528152b5/pl/16/ip/131.159.40.117/source/youtube/as/fmp4_audio_clear%2Cfmp4_sd_hd_clear/mv/m/requiressl/yes/ms/au/mn/sn-4g5ednld/mm/31/ipbits/0/hfr/1/key/yt6/mt/1502289991/playback_host/r4---sn-4g5ednld.googlevideo.com/sparams/as%2Cei%2Chfr%2Cid%2Cinitcwndbps%2Cip%2Cipbits%2Citag%2Cmm%2Cmn%2Cms%2Cmv%2Cpl%2Cplayback_host%2Crequiressl%2Csource%2Cexpire/signature/4A291DFD3994867819243E8DD85FB74B73386449.262DB99489096F57758EE22BA91A6141D41E5AEE/ei/kyCLWfr1LsazVNykrYgC/itag/0", "width": null, "height": null, "tbr": 49.197, "asr": 22050, "fps": null, "language": null, "filesize": 2811323, "vcodec": "none", "format": "139 - audio only (DASH audio)", "protocol": "https", "http_headers": {"User-Agent": "Mozilla/5.0 (X11; Linux x86_64; rv:10.0) Gecko/20150101 Firefox/47.0 (Chrome)", "Accept-Charset": "ISO-8859-1,utf-8;q=0.7,*;q=0.7", "Accept": "text/html,application/xhtml+xml,application/xml;q=0.9,*/*;q=0.8", "Accept-Encoding": "gzip, deflate", "Accept-Language": "en-us,en;q=0.5"}}, {"format_id": "249", "url": "https://r4---sn-4g5ednld.googlevideo.com/videoplayback?ms=au&id=o-AHb6F0j74mjjz0GYZwWxyzaC9iJZ0jhuEDo0QNjOiKCu&pl=16&mv=m&mt=1502289991&signature=7A21B70F2EA9520309150F82A0CA0A925E3B2EF5.88BC6D159182E25C93B4C262199FDB28FCDF1686&keepalive=yes&key=yt6&ip=131.159.40.117&ipbits=0&initcwndbps=4202500&mn=sn-4g5ednld&mm=31&gir=yes&ei=kyCLWfTODofGVZaXthA&dur=465.781&sparams=clen%2Cdur%2Cei%2Cgir%2Cid%2Cinitcwndbps%2Cip%2Cipbits%2Citag%2Ckeepalive%2Clmt%2Cmime%2Cmm%2Cmn%2Cms%2Cmv%2Cpl%2Crequiressl%2Csource%2Cexpire&requiressl=yes&expire=1502311667&mime=audio%2Fwebm&itag=249&clen=3065868&source=youtube&lmt=1424671214726159&ratebypass=yes", "player_url": null, "ext": "webm", "format_note": "DASH audio", "acodec": "opus", "abr": 50, "filesize": 3065868, "tbr": 58.48, "vcodec": "none", "format": "249 - audio only (DASH audio)", "protocol": "https", "http_headers": {"User-Agent": "Mozilla/5.0 (X11; Linux x86_64; rv:10.0) Gecko/20150101 Firefox/47.0 (Chrome)", "Accept-Charset": "ISO-8859-1,utf-8;q=0.7,*;q=0.7", "Accept": "text/html,application/xhtml+xml,application/xml;q=0.9,*/*;q=0.8", "Accept-Encoding": "gzip, deflate", "Accept-Language": "en-us,en;q=0.5"}}, {"format_id": "250", "url": "https://r4---sn-4g5ednld.googlevideo.com/videoplayback?ms=au&id=o-AHb6F0j74mjjz0GYZwWxyzaC9iJZ0jhuEDo0QNjOiKCu&pl=16&mv=m&mt=1502289991&signature=64D31CCE2FFC0EA6DB1BAD82F3FE571643BFBAC7.CB845ECFF54C779ABE9D4D69BFEF5BFD77F63C2B&keepalive=yes&key=yt6&ip=131.159.40.117&ipbits=0&initcwndbps=4202500&mn=sn-4g5ednld&mm=31&gir=yes&ei=kyCLWfTODofGVZaXthA&dur=465.781&sparams=clen%2Cdur%2Cei%2Cgir%2Cid%2Cinitcwndbps%2Cip%2Cipbits%2Citag%2Ckeepalive%2Clmt%2Cmime%2Cmm%2Cmn%2Cms%2Cmv%2Cpl%2Crequiressl%2Csource%2Cexpire&requiressl=yes&expire=1502311667&mime=audio%2Fwebm&itag=250&clen=4000220&source=youtube&lmt=1424671250914360&ratebypass=yes", "player_url": null, "ext": "webm", "format_note": "DASH audio", "acodec": "opus", "abr": 70, "filesize": 4000220, "tbr": 80.355, "vcodec": "none", "format": "250 - audio only (DASH audio)", "protocol": "https", "http_headers": {"User-Agent": "Mozilla/5.0 (X11; Linux x86_64; rv:10.0) Gecko/20150101 Firefox/47.0 (Chrome)", "Accept-Charset": "ISO-8859-1,utf-8;q=0.7,*;q=0.7", "Accept": "text/html,application/xhtml+xml,application/xml;q=0.9,*/*;q=0.8", "Accept-Encoding": "gzip, deflate", "Accept-Language": "en-us,en;q=0.5"}}, {"format_id": "171", "url": "https://r4---sn-4g5ednld.googlevideo.com/videoplayback?ms=au&id=o-AHb6F0j74mjjz0GYZwWxyzaC9iJZ0jhuEDo0QNjOiKCu&pl=16&mv=m&mt=1502289991&signature=A55BE1C77EB8BD2CEB116F1C717DA74FC5DB0986.3CDD138DCC6C02BB9BE272050F060F32ADEB6A01&keepalive=yes&key=yt6&ip=131.159.40.117&ipbits=0&initcwndbps=4202500&mn=sn-4g5ednld&mm=31&gir=yes&ei=kyCLWfTODofGVZaXthA&dur=465.785&sparams=clen%2Cdur%2Cei%2Cgir%2Cid%2Cinitcwndbps%2Cip%2Cipbits%2Citag%2Ckeepalive%2Clmt%2Cmime%2Cmm%2Cmn%2Cms%2Cmv%2Cpl%2Crequiressl%2Csource%2Cexpire&requiressl=yes&expire=1502311667&mime=audio%2Fwebm&itag=171&clen=5970814&source=youtube&lmt=1424671206484834&ratebypass=yes", "player_url": null, "ext": "webm", "acodec": "vorbis", "format_note": "DASH audio", "abr": 128, "filesize": 5970814, "tbr": 117.568, "vcodec": "none", "format": "171 - audio only (DASH audio)", "protocol": "https", "http_headers": {"User-Agent": "Mozilla/5.0 (X11; Linux x86_64; rv:10.0) Gecko/20150101 Firefox/47.0 (Chrome)", "Accept-Charset": "ISO-8859-1,utf-8;q=0.7,*;q=0.7", "Accept": "text/html,application/xhtml+xml,application/xml;q=0.9,*/*;q=0.8", "Accept-Encoding": "gzip, deflate", "Accept-Language": "en-us,en;q=0.5"}}, {"ext": "m4a", "format_note": "DASH audio", "acodec": "mp4a.40.2", "abr": 128, "container": "m4a_dash", "format_id": "140", "url": "https://r4---sn-4g5ednld.googlevideo.com/videoplayback?id=6cd692cc528152b5&itag=140&source=youtube&requiressl=yes&initcwndbps=4202500&pl=16&mv=m&ms=au&mn=sn-4g5ednld&mm=31&ei=kyCLWfr1LsazVNykrYgC&ratebypass=yes&mime=audio/mp4&gir=yes&clen=7479181&lmt=1424602370791689&dur=465.838&key=dg_yt0&mt=1502289991&signature=13E102E7945C2879BDBD050BB385AB52C5D8BF4E.23EC97DEE2E00F89590DC0DA46AE2C6F43BE3958&ip=131.159.40.117&ipbits=0&expire=1502311667&sparams=ip,ipbits,expire,id,itag,source,requiressl,initcwndbps,pl,mv,ms,mn,mm,ei,ratebypass,mime,gir,clen,lmt,dur", "manifest_url": "https://manifest.googlevideo.com/api/manifest/dash/expire/1502311667/initcwndbps/4202500/id/6cd692cc528152b5/pl/16/ip/131.159.40.117/source/youtube/as/fmp4_audio_clear%2Cfmp4_sd_hd_clear/mv/m/requiressl/yes/ms/au/mn/sn-4g5ednld/mm/31/ipbits/0/hfr/1/key/yt6/mt/1502289991/playback_host/r4---sn-4g5ednld.googlevideo.com/sparams/as%2Cei%2Chfr%2Cid%2Cinitcwndbps%2Cip%2Cipbits%2Citag%2Cmm%2Cmn%2Cms%2Cmv%2Cpl%2Cplayback_host%2Crequiressl%2Csource%2Cexpire/signature/4A291DFD3994867819243E8DD85FB74B73386449.262DB99489096F57758EE22BA91A6141D41E5AEE/ei/kyCLWfr1LsazVNykrYgC/itag/0", "width": null, "height": null, "tbr": 129.367, "asr": 44100, "fps": null, "language": null, "filesize": 7479181, "vcodec": "none", "format": "140 - audio only (DASH audio)", "protocol": "https", "http_headers": {"User-Agent": "Mozilla/5.0 (X11; Linux x86_64; rv:10.0) Gecko/20150101 Firefox/47.0 (Chrome)", "Accept-Charset": "ISO-8859-1,utf-8;q=0.7,*;q=0.7", "Accept": "text/html,application/xhtml+xml,application/xml;q=0.9,*/*;q=0.8", "Accept-Encoding": "gzip, deflate", "Accept-Language": "en-us,en;q=0.5"}}, {"format_id": "251", "url": "https://r4---sn-4g5ednld.googlevideo.com/videoplayback?ms=au&id=o-AHb6F0j74mjjz0GYZwWxyzaC9iJZ0jhuEDo0QNjOiKCu&pl=16&mv=m&mt=1502289991&signature=B31008117568D7D21D877B998FB3AE5949CD03FD.D1BFCFDAE00F3FD07346A4FF56C254D87D5A9A21&keepalive=yes&key=yt6&ip=131.159.40.117&ipbits=0&initcwndbps=4202500&mn=sn-4g5ednld&mm=31&gir=yes&ei=kyCLWfTODofGVZaXthA&dur=465.781&sparams=clen%2Cdur%2Cei%2Cgir%2Cid%2Cinitcwndbps%2Cip%2Cipbits%2Citag%2Ckeepalive%2Clmt%2Cmime%2Cmm%2Cmn%2Cms%2Cmv%2Cpl%2Crequiressl%2Csource%2Cexpire&requiressl=yes&expire=1502311667&mime=audio%2Fwebm&itag=251&clen=9348445&source=youtube&lmt=1424671206868382&ratebypass=yes", "player_url": null, "ext": "webm", "format_note": "DASH audio", "acodec": "opus", "abr": 160, "filesize": 9348445, "tbr": 184.175, "vcodec": "none", "format": "251 - audio only (DASH audio)", "protocol": "https", "http_headers": {"User-Agent": "Mozilla/5.0 (X11; Linux x86_64; rv:10.0) Gecko/20150101 Firefox/47.0 (Chrome)", "Accept-Charset": "ISO-8859-1,utf-8;q=0.7,*;q=0.7", "Accept": "text/html,application/xhtml+xml,application/xml;q=0.9,*/*;q=0.8", "Accept-Encoding": "gzip, deflate", "Accept-Language": "en-us,en;q=0.5"}}, {"format_id": "278", "url": "https://r4---sn-4g5ednld.googlevideo.com/videoplayback?ms=au&id=o-AHb6F0j74mjjz0GYZwWxyzaC9iJZ0jhuEDo0QNjOiKCu&pl=16&mv=m&mt=1502289991&signature=56980F61D3AC2C66020DC27431270E45D38060BF.B279397894A1D65A6A98B47ED3B25ACBD178AEAD&keepalive=yes&key=yt6&ip=131.159.40.117&ipbits=0&initcwndbps=4202500&mn=sn-4g5ednld&mm=31&gir=yes&ei=kyCLWfTODofGVZaXthA&dur=465.750&sparams=clen%2Cdur%2Cei%2Cgir%2Cid%2Cinitcwndbps%2Cip%2Cipbits%2Citag%2Ckeepalive%2Clmt%2Cmime%2Cmm%2Cmn%2Cms%2Cmv%2Cpl%2Crequiressl%2Csource%2Cexpire&requiressl=yes&expire=1502311667&mime=video%2Fwebm&itag=278&clen=4554749&source=youtube&lmt=1424671306693690&ratebypass=yes", "player_url": null, "ext": "webm", "height": 144, "format_note": "144p", "container": "webm", "vcodec": "vp9", "filesize": 4554749, "tbr": 97.782, "width": 256, "fps": 12, "acodec": "none", "format": "278 - 256x144 (144p)", "protocol": "https", "http_headers": {"User-Agent": "Mozilla/5.0 (X11; Linux x86_64; rv:10.0) Gecko/20150101 Firefox/47.0 (Chrome)", "Accept-Charset": "ISO-8859-1,utf-8;q=0.7,*;q=0.7", "Accept": "text/html,application/xhtml+xml,application/xml;q=0.9,*/*;q=0.8", "Accept-Encoding": "gzip, deflate", "Accept-Language": "en-us,en;q=0.5"}}, {"ext": "mp4", "height": 144, "format_note": "DASH video", "vcodec": "avc1.42c00c", "format_id": "160", "url": "https://r4---sn-4g5ednld.googlevideo.com/videoplayback?id=6cd692cc528152b5&itag=160&source=youtube&requiressl=yes&initcwndbps=4202500&pl=16&mv=m&ms=au&mn=sn-4g5ednld&mm=31&ei=kyCLWfr1LsazVNykrYgC&ratebypass=yes&mime=video/mp4&gir=yes&clen=6341276&lmt=1424602365945034&dur=465.833&key=dg_yt0&mt=1502289991&signature=46351A85C63F28AD8D16C8441023738C738A15E3.977ACECECD1E967F5B5073265C27946FD8DAF09C&ip=131.159.40.117&ipbits=0&expire=1502311667&sparams=ip,ipbits,expire,id,itag,source,requiressl,initcwndbps,pl,mv,ms,mn,mm,ei,ratebypass,mime,gir,clen,lmt,dur", "manifest_url": "https://manifest.googlevideo.com/api/manifest/dash/expire/1502311667/initcwndbps/4202500/id/6cd692cc528152b5/pl/16/ip/131.159.40.117/source/youtube/as/fmp4_audio_clear%2Cfmp4_sd_hd_clear/mv/m/requiressl/yes/ms/au/mn/sn-4g5ednld/mm/31/ipbits/0/hfr/1/key/yt6/mt/1502289991/playback_host/r4---sn-4g5ednld.googlevideo.com/sparams/as%2Cei%2Chfr%2Cid%2Cinitcwndbps%2Cip%2Cipbits%2Citag%2Cmm%2Cmn%2Cms%2Cmv%2Cpl%2Cplayback_host%2Crequiressl%2Csource%2Cexpire/signature/4A291DFD3994867819243E8DD85FB74B73386449.262DB99489096F57758EE22BA91A6141D41E5AEE/ei/kyCLWfr1LsazVNykrYgC/itag/0", "width": 256, "tbr": 112.032, "asr": null, "fps": 12, "language": null, "filesize": 6341276, "acodec": "none", "format": "160 - 256x144 (DASH video)", "protocol": "https", "http_headers": {"User-Agent": "Mozilla/5.0 (X11; Linux x86_64; rv:10.0) Gecko/20150101 Firefox/47.0 (Chrome)", "Accept-Charset": "ISO-8859-1,utf-8;q=0.7,*;q=0.7", "Accept": "text/html,application/xhtml+xml,application/xml;q=0.9,*/*;q=0.8", "Accept-Encoding": "gzip, deflate", "Accept-Language": "en-us,en;q=0.5"}}, {"format_id": "242", "url": "https://r4---sn-4g5ednld.googlevideo.com/videoplayback?ms=au&id=o-AHb6F0j74mjjz0GYZwWxyzaC9iJZ0jhuEDo0QNjOiKCu&pl=16&mv=m&mt=1502289991&signature=1DA7C9DA0C3DB803981D7AAA4F3E18C69D54B0C3.3C42D6BDC4B7AD79BB9121B456A41656E713E013&keepalive=yes&key=yt6&ip=131.159.40.117&ipbits=0&initcwndbps=4202500&mn=sn-4g5ednld&mm=31&gir=yes&ei=kyCLWfTODofGVZaXthA&dur=465.750&sparams=clen%2Cdur%2Cei%2Cgir%2Cid%2Cinitcwndbps%2Cip%2Cipbits%2Citag%2Ckeepalive%2Clmt%2Cmime%2Cmm%2Cmn%2Cms%2Cmv%2Cpl%2Crequiressl%2Csource%2Cexpire&requiressl=yes&expire=1502311667&mime=video%2Fwebm&itag=242&clen=6660150&source=youtube&lmt=1424671272388830&ratebypass=yes", "player_url": null, "ext": "webm", "height": 240, "format_note": "240p", "vcodec": "vp9", "filesize": 6660150, "tbr": 170.441, "width": 426, "fps": 24, "acodec": "none", "format": "242 - 426x240 (240p)", "protocol": "https", "http_headers": {"User-Agent": "Mozilla/5.0 (X11; Linux x86_64; rv:10.0) Gecko/20150101 Firefox/47.0 (Chrome)", "Accept-Charset": "ISO-8859-1,utf-8;q=0.7,*;q=0.7", "Accept": "text/html,application/xhtml+xml,application/xml;q=0.9,*/*;q=0.8", "Accept-Encoding": "gzip, deflate", "Accept-Language": "en-us,en;q=0.5"}}, {"ext": "mp4", "height": 240, "format_note": "DASH video", "vcodec": "avc1.4d4015", "format_id": "133", "url": "https://r4---sn-4g5ednld.googlevideo.com/videoplayback?id=6cd692cc528152b5&itag=133&source=youtube&requiressl=yes&initcwndbps=4202500&pl=16&mv=m&ms=au&mn=sn-4g5ednld&mm=31&ei=kyCLWfr1LsazVNykrYgC&ratebypass=yes&mime=video/mp4&gir=yes&clen=14204232&lmt=1424602376949834&dur=465.791&key=dg_yt0&mt=1502289991&signature=2BC5EC7403F559CC1AF28D66B786459C524B5816.61D3A56A1A0BCC8A279B3A4E00DD7B3A919BC677&ip=131.159.40.117&ipbits=0&expire=1502311667&sparams=ip,ipbits,expire,id,itag,source,requiressl,initcwndbps,pl,mv,ms,mn,mm,ei,ratebypass,mime,gir,clen,lmt,dur", "manifest_url": "https://manifest.googlevideo.com/api/manifest/dash/expire/1502311667/initcwndbps/4202500/id/6cd692cc528152b5/pl/16/ip/131.159.40.117/source/youtube/as/fmp4_audio_clear%2Cfmp4_sd_hd_clear/mv/m/requiressl/yes/ms/au/mn/sn-4g5ednld/mm/31/ipbits/0/hfr/1/key/yt6/mt/1502289991/playback_host/r4---sn-4g5ednld.googlevideo.com/sparams/as%2Cei%2Chfr%2Cid%2Cinitcwndbps%2Cip%2Cipbits%2Citag%2Cmm%2Cmn%2Cms%2Cmv%2Cpl%2Cplayback_host%2Crequiressl%2Csource%2Cexpire/signature/4A291DFD3994867819243E8DD85FB74B73386449.262DB99489096F57758EE22BA91A6141D41E5AEE/ei/kyCLWfr1LsazVNykrYgC/itag/0", "width": 426, "tbr": 249.188, "asr": null, "fps": 24, "language": null, "filesize": 14204232, "acodec": "none", "format": "133 - 426x240 (DASH video)", "protocol": "https", "http_headers": {"User-Agent": "Mozilla/5.0 (X11; Linux x86_64; rv:10.0) Gecko/20150101 Firefox/47.0 (Chrome)", "Accept-Charset": "ISO-8859-1,utf-8;q=0.7,*;q=0.7", "Accept": "text/html,application/xhtml+xml,application/xml;q=0.9,*/*;q=0.8", "Accept-Encoding": "gzip, deflate", "Accept-Language": "en-us,en;q=0.5"}}, {"format_id": "243", "url": "https://r4---sn-4g5ednld.googlevideo.com/videoplayback?ms=au&id=o-AHb6F0j74mjjz0GYZwWxyzaC9iJZ0jhuEDo0QNjOiKCu&pl=16&mv=m&mt=1502289991&signature=55A8C50E8179D22598B2B0A98FED513D8682791F.82867DA1B0ADA4FF9AA932654DF6CC75A8EB4EAD&keepalive=yes&key=yt6&ip=131.159.40.117&ipbits=0&initcwndbps=4202500&mn=sn-4g5ednld&mm=31&gir=yes&ei=kyCLWfTODofGVZaXthA&dur=465.750&sparams=clen%2Cdur%2Cei%2Cgir%2Cid%2Cinitcwndbps%2Cip%2Cipbits%2Citag%2Ckeepalive%2Clmt%2Cmime%2Cmm%2Cmn%2Cms%2Cmv%2Cpl%2Crequiressl%2Csource%2Cexpire&requiressl=yes&expire=1502311667&mime=video%2Fwebm&itag=243&clen=12174612&source=youtube&lmt=1424671302462756&ratebypass=yes", "player_url": null, "ext": "webm", "height": 360, "format_note": "360p", "vcodec": "vp9", "filesize": 12174612, "tbr": 319.771, "width": 640, "fps": 24, "acodec": "none", "format": "243 - 640x360 (360p)", "protocol": "https", "http_headers": {"User-Agent": "Mozilla/5.0 (X11; Linux x86_64; rv:10.0) Gecko/20150101 Firefox/47.0 (Chrome)", "Accept-Charset": "ISO-8859-1,utf-8;q=0.7,*;q=0.7", "Accept": "text/html,application/xhtml+xml,application/xml;q=0.9,*/*;q=0.8", "Accept-Encoding": "gzip, deflate", "Accept-Language": "en-us,en;q=0.5"}}, {"ext": "mp4", "height": 360, "format_note": "DASH video", "vcodec": "avc1.4d401e", "format_id": "134", "url": "https://r4---sn-4g5ednld.googlevideo.com/videoplayback?id=6cd692cc528152b5&itag=134&source=youtube&requiressl=yes&initcwndbps=4202500&pl=16&mv=m&ms=au&mn=sn-4g5ednld&mm=31&ei=kyCLWfr1LsazVNykrYgC&ratebypass=yes&mime=video/mp4&gir=yes&clen=18472846&lmt=1424602375948593&dur=465.791&key=dg_yt0&mt=1502289991&signature=4B127110BA1891089C8FEC1EFBAAFF73CA76DCB6.4654AD4D98AC0B934193BF1DE22347E7A4E615FB&ip=131.159.40.117&ipbits=0&expire=1502311667&sparams=ip,ipbits,expire,id,itag,source,requiressl,initcwndbps,pl,mv,ms,mn,mm,ei,ratebypass,mime,gir,clen,lmt,dur", "manifest_url": "https://manifest.googlevideo.com/api/manifest/dash/expire/1502311667/initcwndbps/4202500/id/6cd692cc528152b5/pl/16/ip/131.159.40.117/source/youtube/as/fmp4_audio_clear%2Cfmp4_sd_hd_clear/mv/m/requiressl/yes/ms/au/mn/sn-4g5ednld/mm/31/ipbits/0/hfr/1/key/yt6/mt/1502289991/playback_host/r4---sn-4g5ednld.googlevideo.com/sparams/as%2Cei%2Chfr%2Cid%2Cinitcwndbps%2Cip%2Cipbits%2Citag%2Cmm%2Cmn%2Cms%2Cmv%2Cpl%2Cplayback_host%2Crequiressl%2Csource%2Cexpire/signature/4A291DFD3994867819243E8DD85FB74B73386449.262DB99489096F57758EE22BA91A6141D41E5AEE/ei/kyCLWfr1LsazVNykrYgC/itag/0", "width": 640, "tbr": 440.288, "asr": null, "fps": 24, "language": null, "filesize": 18472846, "acodec": "none", "format": "134 - 640x360 (DASH video)", "protocol": "https", "http_headers": {"User-Agent": "Mozilla/5.0 (X11; Linux x86_64; rv:10.0) Gecko/20150101 Firefox/47.0 (Chrome)", "Accept-Charset": "ISO-8859-1,utf-8;q=0.7,*;q=0.7", "Accept": "text/html,application/xhtml+xml,application/xml;q=0.9,*/*;q=0.8", "Accept-Encoding": "gzip, deflate", "Accept-Language": "en-us,en;q=0.5"}}, {"format_id": "244", "url": "https://r4---sn-4g5ednld.googlevideo.com/videoplayback?ms=au&id=o-AHb6F0j74mjjz0GYZwWxyzaC9iJZ0jhuEDo0QNjOiKCu&pl=16&mv=m&mt=1502289991&signature=2C16793F4B43A90BB74B7BA64454BD171D46938F.D69419F20487D44952C6FB1DBC74831F3A1511B6&keepalive=yes&key=yt6&ip=131.159.40.117&ipbits=0&initcwndbps=4202500&mn=sn-4g5ednld&mm=31&gir=yes&ei=kyCLWfTODofGVZaXthA&dur=465.750&sparams=clen%2Cdur%2Cei%2Cgir%2Cid%2Cinitcwndbps%2Cip%2Cipbits%2Citag%2Ckeepalive%2Clmt%2Cmime%2Cmm%2Cmn%2Cms%2Cmv%2Cpl%2Crequiressl%2Csource%2Cexpire&requiressl=yes&expire=1502311667&mime=video%2Fwebm&itag=244&clen=19545444&source=youtube&lmt=1424671341116976&ratebypass=yes", "player_url": null, "ext": "webm", "height": 480, "format_note": "480p", "vcodec": "vp9", "filesize": 19545444, "tbr": 521.049, "width": 854, "fps": 24, "acodec": "none", "format": "244 - 854x480 (480p)", "protocol": "https", "http_headers": {"User-Agent": "Mozilla/5.0 (X11; Linux x86_64; rv:10.0) Gecko/20150101 Firefox/47.0 (Chrome)", "Accept-Charset": "ISO-8859-1,utf-8;q=0.7,*;q=0.7", "Accept": "text/html,application/xhtml+xml,application/xml;q=0.9,*/*;q=0.8", "Accept-Encoding": "gzip, deflate", "Accept-Language": "en-us,en;q=0.5"}}, {"ext": "mp4", "height": 480, "format_note": "DASH video", "vcodec": "avc1.4d401e", "format_id": "135", "url": "https://r4---sn-4g5ednld.googlevideo.com/videoplayback?id=6cd692cc528152b5&itag=135&source=youtube&requiressl=yes&initcwndbps=4202500&pl=16&mv=m&ms=au&mn=sn-4g5ednld&mm=31&ei=kyCLWfr1LsazVNykrYgC&ratebypass=yes&mime=video/mp4&gir=yes&clen=39083278&lmt=1424602393292402&dur=465.791&key=dg_yt0&mt=1502289991&signature=6C5C9B957C1E0564BF37312922C52F3FEFBE7762.652BF924085FB240E73E19FDFBB2F590D6401A5B&ip=131.159.40.117&ipbits=0&expire=1502311667&sparams=ip,ipbits,expire,id,itag,source,requiressl,initcwndbps,pl,mv,ms,mn,mm,ei,ratebypass,mime,gir,clen,lmt,dur", "manifest_url": "https://manifest.googlevideo.com/api/manifest/dash/expire/1502311667/initcwndbps/4202500/id/6cd692cc528152b5/pl/16/ip/131.159.40.117/source/youtube/as/fmp4_audio_clear%2Cfmp4_sd_hd_clear/mv/m/requiressl/yes/ms/au/mn/sn-4g5ednld/mm/31/ipbits/0/hfr/1/key/yt6/mt/1502289991/playback_host/r4---sn-4g5ednld.googlevideo.com/sparams/as%2Cei%2Chfr%2Cid%2Cinitcwndbps%2Cip%2Cipbits%2Citag%2Cmm%2Cmn%2Cms%2Cmv%2Cpl%2Cplayback_host%2Crequiressl%2Csource%2Cexpire/signature/4A291DFD3994867819243E8DD85FB74B73386449.262DB99489096F57758EE22BA91A6141D41E5AEE/ei/kyCLWfr1LsazVNykrYgC/itag/0", "width": 854, "tbr": 935.07, "asr": null, "fps": 24, "language": null, "filesize": 39083278, "acodec": "none", "format": "135 - 854x480 (DASH video)", "protocol": "https", "http_headers": {"User-Agent": "Mozilla/5.0 (X11; Linux x86_64; rv:10.0) Gecko/20150101 Firefox/47.0 (Chrome)", "Accept-Charset": "ISO-8859-1,utf-8;q=0.7,*;q=0.7", "Accept": "text/html,application/xhtml+xml,application/xml;q=0.9,*/*;q=0.8", "Accept-Encoding": "gzip, deflate", "Accept-Language": "en-us,en;q=0.5"}}, {"format_id": "247", "url": "https://r4---sn-4g5ednld.googlevideo.com/videoplayback?ms=au&id=o-AHb6F0j74mjjz0GYZwWxyzaC9iJZ0jhuEDo0QNjOiKCu&pl=16&mv=m&mt=1502289991&signature=67FFCDD81AAF77D3561E89DFB79E7FE3148AE1F3.263C33B7FF7B2BFF1E33E3F0123DF9A78BCCE7A0&keepalive=yes&key=yt6&ip=131.159.40.117&ipbits=0&initcwndbps=4202500&mn=sn-4g5ednld&mm=31&gir=yes&ei=kyCLWfTODofGVZaXthA&dur=465.750&sparams=clen%2Cdur%2Cei%2Cgir%2Cid%2Cinitcwndbps%2Cip%2Cipbits%2Citag%2Ckeepalive%2Clmt%2Cmime%2Cmm%2Cmn%2Cms%2Cmv%2Cpl%2Crequiressl%2Csource%2Cexpire&requiressl=yes&expire=1502311667&mime=video%2Fwebm&itag=247&clen=38218918&source=youtube&lmt=1424671387718479&ratebypass=yes", "player_url": null, "ext": "webm", "height": 720, "format_note": "720p", "vcodec": "vp9", "filesize": 38218918, "tbr": 973.64, "width": 1280, "fps": 24, "acodec": "none", "format": "247 - 1280x720 (720p)", "protocol": "https", "http_headers": {"User-Agent": "Mozilla/5.0 (X11; Linux x86_64; rv:10.0) Gecko/20150101 Firefox/47.0 (Chrome)", "Accept-Charset": "ISO-8859-1,utf-8;q=0.7,*;q=0.7", "Accept": "text/html,application/xhtml+xml,application/xml;q=0.9,*/*;q=0.8", "Accept-Encoding": "gzip, deflate", "Accept-Language": "en-us,en;q=0.5"}}, {"ext": "mp4", "height": 720, "format_note": "DASH video", "vcodec": "avc1.4d401f", "format_id": "136", "url": "https://r4---sn-4g5ednld.googlevideo.com/videoplayback?id=6cd692cc528152b5&itag=136&source=youtube&requiressl=yes&initcwndbps=4202500&pl=16&mv=m&ms=au&mn=sn-4g5ednld&mm=31&ei=kyCLWfr1LsazVNykrYgC&ratebypass=yes&mime=video/mp4&gir=yes&clen=83538828&lmt=1424602427574726&dur=465.791&key=dg_yt0&mt=1502289991&signature=5F0A919F8376E0811F8C0F5759209BC455DEA01D.61F897D31BC1029E7DF6A747FB49099823F6FDA0&ip=131.159.40.117&ipbits=0&expire=1502311667&sparams=ip,ipbits,expire,id,itag,source,requiressl,initcwndbps,pl,mv,ms,mn,mm,ei,ratebypass,mime,gir,clen,lmt,dur", "manifest_url": "https://manifest.googlevideo.com/api/manifest/dash/expire/1502311667/initcwndbps/4202500/id/6cd692cc528152b5/pl/16/ip/131.159.40.117/source/youtube/as/fmp4_audio_clear%2Cfmp4_sd_hd_clear/mv/m/requiressl/yes/ms/au/mn/sn-4g5ednld/mm/31/ipbits/0/hfr/1/key/yt6/mt/1502289991/playback_host/r4---sn-4g5ednld.googlevideo.com/sparams/as%2Cei%2Chfr%2Cid%2Cinitcwndbps%2Cip%2Cipbits%2Citag%2Cmm%2Cmn%2Cms%2Cmv%2Cpl%2Cplayback_host%2Crequiressl%2Csource%2Cexpire/signature/4A291DFD3994867819243E8DD85FB74B73386449.262DB99489096F57758EE22BA91A6141D41E5AEE/ei/kyCLWfr1LsazVNykrYgC/itag/0", "width": 1280, "tbr": 2063.364, "asr": null, "fps": 24, "language": null, "filesize": 83538828, "acodec": "none", "format": "136 - 1280x720 (DASH video)", "protocol": "https", "http_headers": {"User-Agent": "Mozilla/5.0 (X11; Linux x86_64; rv:10.0) Gecko/20150101 Firefox/47.0 (Chrome)", "Accept-Charset": "ISO-8859-1,utf-8;q=0.7,*;q=0.7", "Accept": "text/html,application/xhtml+xml,application/xml;q=0.9,*/*;q=0.8", "Accept-Encoding": "gzip, deflate", "Accept-Language": "en-us,en;q=0.5"}}, {"format_id": "17", "url": "https://r4---sn-4g5ednld.googlevideo.com/videoplayback?ms=au&id=o-AHb6F0j74mjjz0GYZwWxyzaC9iJZ0jhuEDo0QNjOiKCu&pl=16&mv=m&mt=1502289991&signature=70F256658B43F1BBBCF6224FBE3FAC02F84136F7.A0BED29DD9EB5C41E4549809B21BD6F2780EDF2B&ipbits=0&key=yt6&ip=131.159.40.117&initcwndbps=4202500&mn=sn-4g5ednld&mm=31&gir=yes&ei=kyCLWfTODofGVZaXthA&dur=465.978&sparams=clen%2Cdur%2Cei%2Cgir%2Cid%2Cinitcwndbps%2Cip%2Cipbits%2Citag%2Clmt%2Cmime%2Cmm%2Cmn%2Cms%2Cmv%2Cpl%2Crequiressl%2Csource%2Cexpire&requiressl=yes&expire=1502311667&mime=video%2F3gpp&itag=17&clen=4787840&source=youtube&lmt=1424602431744094&ratebypass=yes", "player_url": null, "ext": "3gp", "width": 176, "height": 144, "acodec": "mp4a.40.2", "abr": 24, "vcodec": "mp4v.20.3", "resolution": "176x144", "format_note": "small", "format": "17 - 176x144 (small)", "protocol": "https", "http_headers": {"User-Agent": "Mozilla/5.0 (X11; Linux x86_64; rv:10.0) Gecko/20150101 Firefox/47.0 (Chrome)", "Accept-Charset": "ISO-8859-1,utf-8;q=0.7,*;q=0.7", "Accept": "text/html,application/xhtml+xml,application/xml;q=0.9,*/*;q=0.8", "Accept-Encoding": "gzip, deflate", "Accept-Language": "en-us,en;q=0.5"}}, {"format_id": "36", "url": "https://r4---sn-4g5ednld.googlevideo.com/videoplayback?ms=au&id=o-AHb6F0j74mjjz0GYZwWxyzaC9iJZ0jhuEDo0QNjOiKCu&pl=16&mv=m&mt=1502289991&signature=3EA79B8C33636AE969058B2F7011A8BCCC964E03.3670A346CF7A8D0D987E68C0C07F5DA09F5A6EC6&ipbits=0&key=yt6&ip=131.159.40.117&initcwndbps=4202500&mn=sn-4g5ednld&mm=31&gir=yes&ei=kyCLWfTODofGVZaXthA&dur=465.978&sparams=clen%2Cdur%2Cei%2Cgir%2Cid%2Cinitcwndbps%2Cip%2Cipbits%2Citag%2Clmt%2Cmime%2Cmm%2Cmn%2Cms%2Cmv%2Cpl%2Crequiressl%2Csource%2Cexpire&requiressl=yes&expire=1502311667&mime=video%2F3gpp&itag=36&clen=13173878&source=youtube&lmt=1424602491679259&ratebypass=yes", "player_url": null, "ext": "3gp", "width": 320, "acodec": "mp4a.40.2", "vcodec": "mp4v.20.3", "resolution": "320x180", "height": 180, "format_note": "small", "format": "36 - 320x180 (small)", "protocol": "https", "http_headers": {"User-Agent": "Mozilla/5.0 (X11; Linux x86_64; rv:10.0) Gecko/20150101 Firefox/47.0 (Chrome)", "Accept-Charset": "ISO-8859-1,utf-8;q=0.7,*;q=0.7", "Accept": "text/html,application/xhtml+xml,application/xml;q=0.9,*/*;q=0.8", "Accept-Encoding": "gzip, deflate", "Accept-Language": "en-us,en;q=0.5"}}, {"format_id": "43", "url": "https://r4---sn-4g5ednld.googlevideo.com/videoplayback?ms=au&id=o-AHb6F0j74mjjz0GYZwWxyzaC9iJZ0jhuEDo0QNjOiKCu&pl=16&mv=m&mt=1502289991&signature=9C0146983AECF637B4D3B9EFFB8980BD887B2711.2AB54A3697E72703EB5A212F7EB33CC0E34D0359&ipbits=0&key=yt6&ip=131.159.40.117&initcwndbps=4202500&mn=sn-4g5ednld&mm=31&gir=yes&ei=kyCLWfTODofGVZaXthA&dur=0.000&sparams=clen%2Cdur%2Cei%2Cgir%2Cid%2Cinitcwndbps%2Cip%2Cipbits%2Citag%2Clmt%2Cmime%2Cmm%2Cmn%2Cms%2Cmv%2Cpl%2Cratebypass%2Crequiressl%2Csource%2Cexpire&requiressl=yes&expire=1502311667&mime=video%2Fwebm&itag=43&ratebypass=yes&clen=34800505&source=youtube&lmt=1424602721839684", "player_url": null, "ext": "webm", "width": 640, "height": 360, "acodec": "vorbis", "abr": 128, "vcodec": "vp8.0", "resolution": "640x360", "format_note": "medium", "format": "43 - 640x360 (medium)", "protocol": "https", "http_headers": {"User-Agent": "Mozilla/5.0 (X11; Linux x86_64; rv:10.0) Gecko/20150101 Firefox/47.0 (Chrome)", "Accept-Charset": "ISO-8859-1,utf-8;q=0.7,*;q=0.7", "Accept": "text/html,application/xhtml+xml,application/xml;q=0.9,*/*;q=0.8", "Accept-Encoding": "gzip, deflate", "Accept-Language": "en-us,en;q=0.5"}}, {"format_id": "18", "url": "https://r4---sn-4g5ednld.googlevideo.com/videoplayback?ms=au&id=o-AHb6F0j74mjjz0GYZwWxyzaC9iJZ0jhuEDo0QNjOiKCu&pl=16&mv=m&mt=1502289991&signature=C9CAC58260D7C01943121C0D2553B1B36EF4D1DA.88A2F64F95E067BB7601D711139E3C2D29E306AF&ipbits=0&key=yt6&ip=131.159.40.117&initcwndbps=4202500&mn=sn-4g5ednld&mm=31&gir=yes&ei=kyCLWfTODofGVZaXthA&dur=465.838&sparams=clen%2Cdur%2Cei%2Cgir%2Cid%2Cinitcwndbps%2Cip%2Cipbits%2Citag%2Clmt%2Cmime%2Cmm%2Cmn%2Cms%2Cmv%2Cpl%2Cratebypass%2Crequiressl%2Csource%2Cexpire&requiressl=yes&expire=1502311667&mime=video%2Fmp4&itag=18&ratebypass=yes&clen=24448019&source=youtube&lmt=1424602351766145", "player_url": null, "ext": "mp4", "width": 640, "height": 360, "acodec": "mp4a.40.2", "abr": 96, "vcodec": "avc1.42001E", "resolution": "640x360", "format_note": "medium", "format": "18 - 640x360 (medium)", "protocol": "https", "http_headers": {"User-Agent": "Mozilla/5.0 (X11; Linux x86_64; rv:10.0) Gecko/20150101 Firefox/47.0 (Chrome)", "Accept-Charset": "ISO-8859-1,utf-8;q=0.7,*;q=0.7", "Accept": "text/html,application/xhtml+xml,application/xml;q=0.9,*/*;q=0.8", "Accept-Encoding": "gzip, deflate", "Accept-Language": "en-us,en;q=0.5"}}, {"format_id": "22", "url": "https://r4---sn-4g5ednld.googlevideo.com/videoplayback?ms=au&id=o-AHb6F0j74mjjz0GYZwWxyzaC9iJZ0jhuEDo0QNjOiKCu&pl=16&mv=m&mt=1502289991&expire=1502311667&ei=kyCLWfTODofGVZaXthA&signature=4A9C130CFF49C753F8A96A77A587C6CD778662E2.ADFFF5AF90B5AC03881E87E4C88ADE651857DFB9&ipbits=0&mime=video%2Fmp4&key=yt6&ip=131.159.40.117&initcwndbps=4202500&mn=sn-4g5ednld&itag=22&ratebypass=yes&dur=465.838&source=youtube&mm=31&sparams=dur%2Cei%2Cid%2Cinitcwndbps%2Cip%2Cipbits%2Citag%2Clmt%2Cmime%2Cmm%2Cmn%2Cms%2Cmv%2Cpl%2Cratebypass%2Crequiressl%2Csource%2Cexpire&requiressl=yes&lmt=1471037857764766", "player_url": null, "ext": "mp4", "width": 1280, "height": 720, "acodec": "mp4a.40.2", "abr": 192, "vcodec": "avc1.64001F", "resolution": "1280x720", "format_note": "hd720", "format": "22 - 1280x720 (hd720)", "protocol": "https", "http_headers": {"User-Agent": "Mozilla/5.0 (X11; Linux x86_64; rv:10.0) Gecko/20150101 Firefox/47.0 (Chrome)", "Accept-Charset": "ISO-8859-1,utf-8;q=0.7,*;q=0.7", "Accept": "text/html,application/xhtml+xml,application/xml;q=0.9,*/*;q=0.8", "Accept-Encoding": "gzip, deflate", "Accept-Language": "en-us,en;q=0.5"}}], "is_live": null, "start_time": null, "end_time": null, "series": null, "season_number": null, "episode_number": null, "extractor": "youtube", "webpage_url_basename": "bNaSzFKBUrU", "extractor_key": "Youtube", "playlist": null, "playlist_index": null, "thumbnails": [{"url": "https://i.ytimg.com/vi/bNaSzFKBUrU/hqdefault.jpg", "id": "0"}], "display_id": "bNaSzFKBUrU", "ext": "mp4", "height": 720, "format_note": "DASH video", "vcodec": "avc1.4d401f", "format_id": "136", "url": "https://r4---sn-4g5ednld.googlevideo.com/videoplayback?id=6cd692cc528152b5&itag=136&source=youtube&requiressl=yes&initcwndbps=4202500&pl=16&mv=m&ms=au&mn=sn-4g5ednld&mm=31&ei=kyCLWfr1LsazVNykrYgC&ratebypass=yes&mime=video/mp4&gir=yes&clen=83538828&lmt=1424602427574726&dur=465.791&key=dg_yt0&mt=1502289991&signature=5F0A919F8376E0811F8C0F5759209BC455DEA01D.61F897D31BC1029E7DF6A747FB49099823F6FDA0&ip=131.159.40.117&ipbits=0&expire=1502311667&sparams=ip,ipbits,expire,id,itag,source,requiressl,initcwndbps,pl,mv,ms,mn,mm,ei,ratebypass,mime,gir,clen,lmt,dur", "manifest_url": "https://manifest.googlevideo.com/api/manifest/dash/expire/1502311667/initcwndbps/4202500/id/6cd692cc528152b5/pl/16/ip/131.159.40.117/source/youtube/as/fmp4_audio_clear%2Cfmp4_sd_hd_clear/mv/m/requiressl/yes/ms/au/mn/sn-4g5ednld/mm/31/ipbits/0/hfr/1/key/yt6/mt/1502289991/playback_host/r4---sn-4g5ednld.googlevideo.com/sparams/as%2Cei%2Chfr%2Cid%2Cinitcwndbps%2Cip%2Cipbits%2Citag%2Cmm%2Cmn%2Cms%2Cmv%2Cpl%2Cplayback_host%2Crequiressl%2Csource%2Cexpire/signature/4A291DFD3994867819243E8DD85FB74B73386449.262DB99489096F57758EE22BA91A6141D41E5AEE/ei/kyCLWfr1LsazVNykrYgC/itag/0", "width": 1280, "tbr": 2063.364, "asr": null, "fps": 24, "language": null, "filesize": 83538828, "acodec": "none", "format": "136 - 1280x720 (DASH video)", "protocol": "https", "http_headers": {"User-Agent": "Mozilla/5.0 (X11; Linux x86_64; rv:10.0) Gecko/20150101 Firefox/47.0 (Chrome)", "Accept-Charset": "ISO-8859-1,utf-8;q=0.7,*;q=0.7", "Accept": "text/html,application/xhtml+xml,application/xml;q=0.9,*/*;q=0.8", "Accept-Encoding": "gzip, deflate", "Accept-Language": "en-us,en;q=0.5"}, "fulltitle": "GET READY - SEMI SWEET CHOCOLATE BAR Palette", "_filename": "bNaSzFKBUrU.mp4"}