{"id": "oDT6cGIkn_Q", "uploader": "majd naji", "uploader_id": "UCfAfb8gsKjQlFlE20Cs2VUg", "uploader_url": "http://www.youtube.com/channel/UCfAfb8gsKjQlFlE20Cs2VUg", "upload_date": "20140313", "license": "Standard YouTube License", "creator": null, "title": "\u0642\u0635\u0629 \u0646\u062c\u0627\u062d \u062f. \u0645\u062c\u062f \u0646\u0627\u062c\u064a \u0641\u064a \u062a\u063a\u0637\u064a\u0629 \u062e\u0627\u0635\u0629 \u0639\u0644\u0649 \u0642\u0646\u0627\u0629 \u0627\u0644\u062d\u0631\u0629", "alt_title": null, "thumbnail": "https://i.ytimg.com/vi/oDT6cGIkn_Q/hqdefault.jpg", "description": "\u0642\u0635\u0629 \u0646\u062c\u0627\u062d \u062f. \u0645\u062c\u062f \u0646\u0627\u062c\u064a \u0641\u064a \u062a\u063a\u0637\u064a\u0629 \u062e\u0627\u0635\u0629 \u0639\u0644\u0649 \u0642\u0646\u0627\u0629 \u0627\u0644\u062d\u0631\u0629", "categories": ["People & Blogs"], "tags": ["\u0645\u062c\u062f \u0646\u0627\u062c\u064a \u062c\u0648\u064a\u0644 \u0644\u064a\u0628\u0631\u062a\u064a \u0644\u0637\u0628 \u0627\u0644\u0627\u0633\u0646\u0627\u0646"], "subtitles": {}, "automatic_captions": {}, "duration": 427, "age_limit": 0, "annotations": null, "chapters": null, "webpage_url": "https://www.youtube.com/watch?v=oDT6cGIkn_Q", "view_count": 13255, "like_count": 69, "dislike_count": 2, "average_rating": 4.88732385635, "formats": [{"ext": "m4a", "format_note": "DASH audio", "acodec": "mp4a.40.5", "abr": 48, "container": "m4a_dash", "format_id": "139", "url": "https://r1---sn-4g5e6nle.googlevideo.com/videoplayback?id=a034fa7062249ff4&itag=139&source=youtube&requiressl=yes&mm=31&mn=sn-4g5e6nle&initcwndbps=3173750&mv=m&pl=16&ei=tmeLWc7WBJTyWrWIjLAH&ms=au&ratebypass=yes&mime=audio/mp4&gir=yes&clen=2538843&lmt=1394732441697599&dur=426.829&key=dg_yt0&signature=02EE700833038009B0B0B71A0AC1FDEBF004CFFA.4135F681C42D96E90592CAD58503C1190F67675E&mt=1502308151&ip=131.159.40.117&ipbits=0&expire=1502329878&sparams=ip,ipbits,expire,id,itag,source,requiressl,mm,mn,initcwndbps,mv,pl,ei,ms,ratebypass,mime,gir,clen,lmt,dur", "manifest_url": "https://manifest.googlevideo.com/api/manifest/dash/hfr/1/mm/31/mn/sn-4g5e6nle/expire/1502329878/playback_host/r1---sn-4g5e6nle.googlevideo.com/ip/131.159.40.117/key/yt6/initcwndbps/3173750/ipbits/0/signature/082ECFEC84BEC932211FE0C8EEB2FD8135970B1E.7347F0FBA6A4FE8EBDE20B90A78BE61D708F65B7/itag/0/as/fmp4_audio_clear%2Cfmp4_sd_hd_clear/requiressl/yes/sparams/as%2Cei%2Chfr%2Cid%2Cinitcwndbps%2Cip%2Cipbits%2Citag%2Cmm%2Cmn%2Cms%2Cmv%2Cpl%2Cplayback_host%2Crequiressl%2Csource%2Cexpire/mt/1502308151/source/youtube/mv/m/pl/16/id/a034fa7062249ff4/ei/tmeLWc7WBJTyWrWIjLAH/ms/au", "width": null, "height": null, "tbr": 48.68, "asr": 22050, "fps": null, "language": null, "filesize": 2538843, "vcodec": "none", "format": "139 - audio only (DASH audio)", "protocol": "https", "http_headers": {"User-Agent": "Mozilla/5.0 (X11; Linux x86_64; rv:10.0) Gecko/20150101 Firefox/47.0 (Chrome)", "Accept-Charset": "ISO-8859-1,utf-8;q=0.7,*;q=0.7", "Accept": "text/html,application/xhtml+xml,application/xml;q=0.9,*/*;q=0.8", "Accept-Encoding": "gzip, deflate", "Accept-Language": "en-us,en;q=0.5"}}, {"format_id": "249", "url": "https://r1---sn-4g5edn7z.googlevideo.com/videoplayback?dur=426.721&source=youtube&lmt=1423058709042666&requiressl=yes&clen=2696176&signature=D6767CD7ABAC2A1B5ECA11F204ED179416BFE3D2.334B3180E4EF6EBF9720342B32FF8AA03302051B&key=yt6&gir=yes&itag=249&expire=1502329877&mv=m&mt=1502308151&ms=au&ei=tWeLWZrxKJGZWJb-p-gO&ip=131.159.40.117&pl=16&keepalive=yes&mn=sn-4g5edn7z&mm=31&id=o-ALCgKcJEcvAl2l1M79xgZBBde6IbQvk2BbKumTcZKF4W&sparams=clen%2Cdur%2Cei%2Cgir%2Cid%2Cinitcwndbps%2Cip%2Cipbits%2Citag%2Ckeepalive%2Clmt%2Cmime%2Cmm%2Cmn%2Cms%2Cmv%2Cpl%2Crequiressl%2Csource%2Cexpire&mime=audio%2Fwebm&initcwndbps=3173750&ipbits=0&ratebypass=yes", "player_url": null, "ext": "webm", "format_note": "DASH audio", "acodec": "opus", "abr": 50, "filesize": 2696176, "tbr": 53.115, "vcodec": "none", "format": "249 - audio only (DASH audio)", "protocol": "https", "http_headers": {"User-Agent": "Mozilla/5.0 (X11; Linux x86_64; rv:10.0) Gecko/20150101 Firefox/47.0 (Chrome)", "Accept-Charset": "ISO-8859-1,utf-8;q=0.7,*;q=0.7", "Accept": "text/html,application/xhtml+xml,application/xml;q=0.9,*/*;q=0.8", "Accept-Encoding": "gzip, deflate", "Accept-Language": "en-us,en;q=0.5"}}, {"format_id": "250", "url": "https://r1---sn-4g5edn7z.googlevideo.com/videoplayback?dur=426.721&source=youtube&lmt=1423058706162708&requiressl=yes&clen=3440563&signature=01B6E8CFB4EC0571A0AC690D526CB99FDAD5EAA8.5AD7B85FFAF6FD947583EE984A8AD1B99D51F721&key=yt6&gir=yes&itag=250&expire=1502329877&mv=m&mt=1502308151&ms=au&ei=tWeLWZrxKJGZWJb-p-gO&ip=131.159.40.117&pl=16&keepalive=yes&mn=sn-4g5edn7z&mm=31&id=o-ALCgKcJEcvAl2l1M79xgZBBde6IbQvk2BbKumTcZKF4W&sparams=clen%2Cdur%2Cei%2Cgir%2Cid%2Cinitcwndbps%2Cip%2Cipbits%2Citag%2Ckeepalive%2Clmt%2Cmime%2Cmm%2Cmn%2Cms%2Cmv%2Cpl%2Crequiressl%2Csource%2Cexpire&mime=audio%2Fwebm&initcwndbps=3173750&ipbits=0&ratebypass=yes", "player_url": null, "ext": "webm", "format_note": "DASH audio", "acodec": "opus", "abr": 70, "filesize": 3440563, "tbr": 72.624, "vcodec": "none", "format": "250 - audio only (DASH audio)", "protocol": "https", "http_headers": {"User-Agent": "Mozilla/5.0 (X11; Linux x86_64; rv:10.0) Gecko/20150101 Firefox/47.0 (Chrome)", "Accept-Charset": "ISO-8859-1,utf-8;q=0.7,*;q=0.7", "Accept": "text/html,application/xhtml+xml,application/xml;q=0.9,*/*;q=0.8", "Accept-Encoding": "gzip, deflate", "Accept-Language": "en-us,en;q=0.5"}}, {"format_id": "171", "url": "https://r1---sn-4g5edn7z.googlevideo.com/videoplayback?dur=426.715&source=youtube&lmt=1423058707282196&requiressl=yes&clen=5305248&signature=A37729CDCCA5DF9CA8C5ADE95597A3757610D822.7342616542987D188C9ECEFCE9528F908D5CC799&key=yt6&gir=yes&itag=171&expire=1502329877&mv=m&mt=1502308151&ms=au&ei=tWeLWZrxKJGZWJb-p-gO&ip=131.159.40.117&pl=16&keepalive=yes&mn=sn-4g5edn7z&mm=31&id=o-ALCgKcJEcvAl2l1M79xgZBBde6IbQvk2BbKumTcZKF4W&sparams=clen%2Cdur%2Cei%2Cgir%2Cid%2Cinitcwndbps%2Cip%2Cipbits%2Citag%2Ckeepalive%2Clmt%2Cmime%2Cmm%2Cmn%2Cms%2Cmv%2Cpl%2Crequiressl%2Csource%2Cexpire&mime=audio%2Fwebm&initcwndbps=3173750&ipbits=0&ratebypass=yes", "player_url": null, "ext": "webm", "acodec": "vorbis", "format_note": "DASH audio", "abr": 128, "filesize": 5305248, "tbr": 109.205, "vcodec": "none", "format": "171 - audio only (DASH audio)", "protocol": "https", "http_headers": {"User-Agent": "Mozilla/5.0 (X11; Linux x86_64; rv:10.0) Gecko/20150101 Firefox/47.0 (Chrome)", "Accept-Charset": "ISO-8859-1,utf-8;q=0.7,*;q=0.7", "Accept": "text/html,application/xhtml+xml,application/xml;q=0.9,*/*;q=0.8", "Accept-Encoding": "gzip, deflate", "Accept-Language": "en-us,en;q=0.5"}}, {"ext": "m4a", "format_note": "DASH audio", "acodec": "mp4a.40.2", "abr": 128, "container": "m4a_dash", "format_id": "140", "url": "https://r1---sn-4g5e6nle.googlevideo.com/videoplayback?id=a034fa7062249ff4&itag=140&source=youtube&requiressl=yes&mm=31&mn=sn-4g5e6nle&initcwndbps=3173750&mv=m&pl=16&ei=tmeLWc7WBJTyWrWIjLAH&ms=au&ratebypass=yes&mime=audio/mp4&gir=yes&clen=6778824&lmt=1394732440003847&dur=426.782&key=dg_yt0&signature=76FBEBA421BECEE6DDC1B6BD727FC0115D2E56B2.5E54179DAAB91F141B4F2C810D432E7094609902&mt=1502308151&ip=131.159.40.117&ipbits=0&expire=1502329878&sparams=ip,ipbits,expire,id,itag,source,requiressl,mm,mn,initcwndbps,mv,pl,ei,ms,ratebypass,mime,gir,clen,lmt,dur", "manifest_url": "https://manifest.googlevideo.com/api/manifest/dash/hfr/1/mm/31/mn/sn-4g5e6nle/expire/1502329878/playback_host/r1---sn-4g5e6nle.googlevideo.com/ip/131.159.40.117/key/yt6/initcwndbps/3173750/ipbits/0/signature/082ECFEC84BEC932211FE0C8EEB2FD8135970B1E.7347F0FBA6A4FE8EBDE20B90A78BE61D708F65B7/itag/0/as/fmp4_audio_clear%2Cfmp4_sd_hd_clear/requiressl/yes/sparams/as%2Cei%2Chfr%2Cid%2Cinitcwndbps%2Cip%2Cipbits%2Citag%2Cmm%2Cmn%2Cms%2Cmv%2Cpl%2Cplayback_host%2Crequiressl%2Csource%2Cexpire/mt/1502308151/source/youtube/mv/m/pl/16/id/a034fa7062249ff4/ei/tmeLWc7WBJTyWrWIjLAH/ms/au", "width": null, "height": null, "tbr": 128.101, "asr": 44100, "fps": null, "language": null, "filesize": 6778824, "vcodec": "none", "format": "140 - audio only (DASH audio)", "protocol": "https", "http_headers": {"User-Agent": "Mozilla/5.0 (X11; Linux x86_64; rv:10.0) Gecko/20150101 Firefox/47.0 (Chrome)", "Accept-Charset": "ISO-8859-1,utf-8;q=0.7,*;q=0.7", "Accept": "text/html,application/xhtml+xml,application/xml;q=0.9,*/*;q=0.8", "Accept-Encoding": "gzip, deflate", "Accept-Language": "en-us,en;q=0.5"}}, {"format_id": "251", "url": "https://r1---sn-4g5edn7z.googlevideo.com/videoplayback?dur=426.721&source=youtube&lmt=1423058713522571&requiressl=yes&clen=9087804&signature=2ED7E709BA33D57016E389C860608958BAB05E49.4AA6412308755B8F4592005D665E8CBE62A8408B&key=yt6&gir=yes&itag=251&expire=1502329877&mv=m&mt=1502308151&ms=au&ei=tWeLWZrxKJGZWJb-p-gO&ip=131.159.40.117&pl=16&keepalive=yes&mn=sn-4g5edn7z&mm=31&id=o-ALCgKcJEcvAl2l1M79xgZBBde6IbQvk2BbKumTcZKF4W&sparams=clen%2Cdur%2Cei%2Cgir%2Cid%2Cinitcwndbps%2Cip%2Cipbits%2Citag%2Ckeepalive%2Clmt%2Cmime%2Cmm%2Cmn%2Cms%2Cmv%2Cpl%2Crequiressl%2Csource%2Cexpire&mime=audio%2Fwebm&initcwndbps=3173750&ipbits=0&ratebypass=yes", "player_url": null, "ext": "webm", "format_note": "DASH audio", "acodec": "opus", "abr": 160, "filesize": 9087804, "tbr": 192.255, "vcodec": "none", "format": "251 - audio only (DASH audio)", "protocol": "https", "http_headers": {"User-Agent": "Mozilla/5.0 (X11; Linux x86_64; rv:10.0) Gecko/20150101 Firefox/47.0 (Chrome)", "Accept-Charset": "ISO-8859-1,utf-8;q=0.7,*;q=0.7", "Accept": "text/html,application/xhtml+xml,application/xml;q=0.9,*/*;q=0.8", "Accept-Encoding": "gzip, deflate", "Accept-Language": "en-us,en;q=0.5"}}, {"format_id": "278", "url": "https://r1---sn-4g5edn7z.googlevideo.com/videoplayback?dur=426.720&source=youtube&lmt=1423058999610536&requiressl=yes&clen=3668404&signature=024FEE47D66604D1267DDFF55C38672A9F72CB70.4AEA5F481B4DB28C83D61033BC2A3B574C035782&key=yt6&gir=yes&itag=278&expire=1502329877&mv=m&mt=1502308151&ms=au&ei=tWeLWZrxKJGZWJb-p-gO&ip=131.159.40.117&pl=16&keepalive=yes&mn=sn-4g5edn7z&mm=31&id=o-ALCgKcJEcvAl2l1M79xgZBBde6IbQvk2BbKumTcZKF4W&sparams=clen%2Cdur%2Cei%2Cgir%2Cid%2Cinitcwndbps%2Cip%2Cipbits%2Citag%2Ckeepalive%2Clmt%2Cmime%2Cmm%2Cmn%2Cms%2Cmv%2Cpl%2Crequiressl%2Csource%2Cexpire&mime=video%2Fwebm&initcwndbps=3173750&ipbits=0&ratebypass=yes", "player_url": null, "ext": "webm", "height": 144, "format_note": "144p", "container": "webm", "vcodec": "vp9", "filesize": 3668404, "tbr": 84.082, "width": 192, "fps": 13, "acodec": "none", "format": "278 - 192x144 (144p)", "protocol": "https", "http_headers": {"User-Agent": "Mozilla/5.0 (X11; Linux x86_64; rv:10.0) Gecko/20150101 Firefox/47.0 (Chrome)", "Accept-Charset": "ISO-8859-1,utf-8;q=0.7,*;q=0.7", "Accept": "text/html,application/xhtml+xml,application/xml;q=0.9,*/*;q=0.8", "Accept-Encoding": "gzip, deflate", "Accept-Language": "en-us,en;q=0.5"}}, {"ext": "mp4", "height": 144, "format_note": "DASH video", "vcodec": "avc1.42c00c", "format_id": "160", "url": "https://r1---sn-4g5e6nle.googlevideo.com/videoplayback?id=a034fa7062249ff4&itag=160&source=youtube&requiressl=yes&mm=31&mn=sn-4g5e6nle&initcwndbps=3173750&mv=m&pl=16&ei=tmeLWc7WBJTyWrWIjLAH&ms=au&ratebypass=yes&mime=video/mp4&gir=yes&clen=5915280&lmt=1394732437816203&dur=426.720&key=dg_yt0&signature=0DEC2DDAF87F44F0F259EC3A6E725163A4D9F377.5D864A94FF20A444980056F9F8BE9912327B7125&mt=1502308151&ip=131.159.40.117&ipbits=0&expire=1502329878&sparams=ip,ipbits,expire,id,itag,source,requiressl,mm,mn,initcwndbps,mv,pl,ei,ms,ratebypass,mime,gir,clen,lmt,dur", "manifest_url": "https://manifest.googlevideo.com/api/manifest/dash/hfr/1/mm/31/mn/sn-4g5e6nle/expire/1502329878/playback_host/r1---sn-4g5e6nle.googlevideo.com/ip/131.159.40.117/key/yt6/initcwndbps/3173750/ipbits/0/signature/082ECFEC84BEC932211FE0C8EEB2FD8135970B1E.7347F0FBA6A4FE8EBDE20B90A78BE61D708F65B7/itag/0/as/fmp4_audio_clear%2Cfmp4_sd_hd_clear/requiressl/yes/sparams/as%2Cei%2Chfr%2Cid%2Cinitcwndbps%2Cip%2Cipbits%2Citag%2Cmm%2Cmn%2Cms%2Cmv%2Cpl%2Cplayback_host%2Crequiressl%2Csource%2Cexpire/mt/1502308151/source/youtube/mv/m/pl/16/id/a034fa7062249ff4/ei/tmeLWc7WBJTyWrWIjLAH/ms/au", "width": 192, "tbr": 113.866, "asr": null, "fps": 15, "language": null, "filesize": 5915280, "acodec": "none", "format": "160 - 192x144 (DASH video)", "protocol": "https", "http_headers": {"User-Agent": "Mozilla/5.0 (X11; Linux x86_64; rv:10.0) Gecko/20150101 Firefox/47.0 (Chrome)", "Accept-Charset": "ISO-8859-1,utf-8;q=0.7,*;q=0.7", "Accept": "text/html,application/xhtml+xml,application/xml;q=0.9,*/*;q=0.8", "Accept-Encoding": "gzip, deflate", "Accept-Language": "en-us,en;q=0.5"}}, {"format_id": "242", "url": "https://r1---sn-4g5edn7z.googlevideo.com/videoplayback?dur=426.680&source=youtube&lmt=1423058764061293&requiressl=yes&clen=7218331&signature=5B3E56E1F6B29D0A344D722D60AF5E7315CA4F46.08F40C00C254D81996FA194396830DBB59C9FC3C&key=yt6&gir=yes&itag=242&expire=1502329877&mv=m&mt=1502308151&ms=au&ei=tWeLWZrxKJGZWJb-p-gO&ip=131.159.40.117&pl=16&keepalive=yes&mn=sn-4g5edn7z&mm=31&id=o-ALCgKcJEcvAl2l1M79xgZBBde6IbQvk2BbKumTcZKF4W&sparams=clen%2Cdur%2Cei%2Cgir%2Cid%2Cinitcwndbps%2Cip%2Cipbits%2Citag%2Ckeepalive%2Clmt%2Cmime%2Cmm%2Cmn%2Cms%2Cmv%2Cpl%2Crequiressl%2Csource%2Cexpire&mime=video%2Fwebm&initcwndbps=3173750&ipbits=0&ratebypass=yes", "player_url": null, "ext": "webm", "height": 240, "format_note": "240p", "vcodec": "vp9", "filesize": 7218331, "tbr": 226.897, "width": 320, "fps": 25, "acodec": "none", "format": "242 - 320x240 (240p)", "protocol": "https", "http_headers": {"User-Agent": "Mozilla/5.0 (X11; Linux x86_64; rv:10.0) Gecko/20150101 Firefox/47.0 (Chrome)", "Accept-Charset": "ISO-8859-1,utf-8;q=0.7,*;q=0.7", "Accept": "text/html,application/xhtml+xml,application/xml;q=0.9,*/*;q=0.8", "Accept-Encoding": "gzip, deflate", "Accept-Language": "en-us,en;q=0.5"}}, {"ext": "mp4", "height": 240, "format_note": "DASH video", "vcodec": "avc1.4d400d", "format_id": "133", "url": "https://r1---sn-4g5e6nle.googlevideo.com/videoplayback?id=a034fa7062249ff4&itag=133&source=youtube&requiressl=yes&mm=31&mn=sn-4g5e6nle&initcwndbps=3173750&mv=m&pl=16&ei=tmeLWc7WBJTyWrWIjLAH&ms=au&ratebypass=yes&mime=video/mp4&gir=yes&clen=13045106&lmt=1394732438201604&dur=426.720&key=dg_yt0&signature=03C860F69CBE090F3D52C16AA0753E6C4DD6E054.6DBD957904B2994251F4B80C5A1EFABCA89A88C4&mt=1502308151&ip=131.159.40.117&ipbits=0&expire=1502329878&sparams=ip,ipbits,expire,id,itag,source,requiressl,mm,mn,initcwndbps,mv,pl,ei,ms,ratebypass,mime,gir,clen,lmt,dur", "manifest_url": "https://manifest.googlevideo.com/api/manifest/dash/hfr/1/mm/31/mn/sn-4g5e6nle/expire/1502329878/playback_host/r1---sn-4g5e6nle.googlevideo.com/ip/131.159.40.117/key/yt6/initcwndbps/3173750/ipbits/0/signature/082ECFEC84BEC932211FE0C8EEB2FD8135970B1E.7347F0FBA6A4FE8EBDE20B90A78BE61D708F65B7/itag/0/as/fmp4_audio_clear%2Cfmp4_sd_hd_clear/requiressl/yes/sparams/as%2Cei%2Chfr%2Cid%2Cinitcwndbps%2Cip%2Cipbits%2Citag%2Cmm%2Cmn%2Cms%2Cmv%2Cpl%2Cplayback_host%2Crequiressl%2Csource%2Cexpire/mt/1502308151/source/youtube/mv/m/pl/16/id/a034fa7062249ff4/ei/tmeLWc7WBJTyWrWIjLAH/ms/au", "width": 320, "tbr": 253.2, "asr": null, "fps": 25, "language": null, "filesize": 13045106, "acodec": "none", "format": "133 - 320x240 (DASH video)", "protocol": "https", "http_headers": {"User-Agent": "Mozilla/5.0 (X11; Linux x86_64; rv:10.0) Gecko/20150101 Firefox/47.0 (Chrome)", "Accept-Charset": "ISO-8859-1,utf-8;q=0.7,*;q=0.7", "Accept": "text/html,application/xhtml+xml,application/xml;q=0.9,*/*;q=0.8", "Accept-Encoding": "gzip, deflate", "Accept-Language": "en-us,en;q=0.5"}}, {"format_id": "243", "url": "https://r1---sn-4g5edn7z.googlevideo.com/videoplayback?dur=426.680&source=youtube&lmt=1423058791330321&requiressl=yes&clen=12500555&signature=C52BC163D034B7904536B96B78FFF44C81FBE85C.A6CE131B3D1C76E20161799CDA28F4E26AC7D654&key=yt6&gir=yes&itag=243&expire=1502329877&mv=m&mt=1502308151&ms=au&ei=tWeLWZrxKJGZWJb-p-gO&ip=131.159.40.117&pl=16&keepalive=yes&mn=sn-4g5edn7z&mm=31&id=o-ALCgKcJEcvAl2l1M79xgZBBde6IbQvk2BbKumTcZKF4W&sparams=clen%2Cdur%2Cei%2Cgir%2Cid%2Cinitcwndbps%2Cip%2Cipbits%2Citag%2Ckeepalive%2Clmt%2Cmime%2Cmm%2Cmn%2Cms%2Cmv%2Cpl%2Crequiressl%2Csource%2Cexpire&mime=video%2Fwebm&initcwndbps=3173750&ipbits=0&ratebypass=yes", "player_url": null, "ext": "webm", "height": 360, "format_note": "360p", "vcodec": "vp9", "filesize": 12500555, "tbr": 412.994, "width": 480, "fps": 25, "acodec": "none", "format": "243 - 480x360 (360p)", "protocol": "https", "http_headers": {"User-Agent": "Mozilla/5.0 (X11; Linux x86_64; rv:10.0) Gecko/20150101 Firefox/47.0 (Chrome)", "Accept-Charset": "ISO-8859-1,utf-8;q=0.7,*;q=0.7", "Accept": "text/html,application/xhtml+xml,application/xml;q=0.9,*/*;q=0.8", "Accept-Encoding": "gzip, deflate", "Accept-Language": "en-us,en;q=0.5"}}, {"ext": "mp4", "height": 360, "format_note": "DASH video", "vcodec": "avc1.4d4015", "format_id": "134", "url": "https://r1---sn-4g5e6nle.googlevideo.com/videoplayback?id=a034fa7062249ff4&itag=134&source=youtube&requiressl=yes&mm=31&mn=sn-4g5e6nle&initcwndbps=3173750&mv=m&pl=16&ei=tmeLWc7WBJTyWrWIjLAH&ms=au&ratebypass=yes&mime=video/mp4&gir=yes&clen=17946600&lmt=1394732438098812&dur=426.720&key=dg_yt0&signature=6E4E7DE0E82610E1F99FF52F2601415FD8635BA4.73485D2B09A76593A64DBF496E3633E0BFA17927&mt=1502308151&ip=131.159.40.117&ipbits=0&expire=1502329878&sparams=ip,ipbits,expire,id,itag,source,requiressl,mm,mn,initcwndbps,mv,pl,ei,ms,ratebypass,mime,gir,clen,lmt,dur", "manifest_url": "https://manifest.googlevideo.com/api/manifest/dash/hfr/1/mm/31/mn/sn-4g5e6nle/expire/1502329878/playback_host/r1---sn-4g5e6nle.googlevideo.com/ip/131.159.40.117/key/yt6/initcwndbps/3173750/ipbits/0/signature/082ECFEC84BEC932211FE0C8EEB2FD8135970B1E.7347F0FBA6A4FE8EBDE20B90A78BE61D708F65B7/itag/0/as/fmp4_audio_clear%2Cfmp4_sd_hd_clear/requiressl/yes/sparams/as%2Cei%2Chfr%2Cid%2Cinitcwndbps%2Cip%2Cipbits%2Citag%2Cmm%2Cmn%2Cms%2Cmv%2Cpl%2Cplayback_host%2Crequiressl%2Csource%2Cexpire/mt/1502308151/source/youtube/mv/m/pl/16/id/a034fa7062249ff4/ei/tmeLWc7WBJTyWrWIjLAH/ms/au", "width": 480, "tbr": 530.671, "asr": null, "fps": 25, "language": null, "filesize": 17946600, "acodec": "none", "format": "134 - 480x360 (DASH video)", "protocol": "https", "http_headers": {"User-Agent": "Mozilla/5.0 (X11; Linux x86_64; rv:10.0) Gecko/20150101 Firefox/47.0 (Chrome)", "Accept-Charset": "ISO-8859-1,utf-8;q=0.7,*;q=0.7", "Accept": "text/html,application/xhtml+xml,application/xml;q=0.9,*/*;q=0.8", "Accept-Encoding": "gzip, deflate", "Accept-Language": "en-us,en;q=0.5"}}, {"format_id": "244", "url": "https://r1---sn-4g5edn7z.googlevideo.com/videoplayback?dur=426.680&source=youtube&lmt=1423058918915312&requiressl=yes&clen=21804327&signature=2F1CFAF77CC1A261F8D53E915A35E7F138316103.49D080A0EA0258B0247D617CE4830E709DC36A4C&key=yt6&gir=yes&itag=244&expire=1502329877&mv=m&mt=1502308151&ms=au&ei=tWeLWZrxKJGZWJb-p-gO&ip=131.159.40.117&pl=16&keepalive=yes&mn=sn-4g5edn7z&mm=31&id=o-ALCgKcJEcvAl2l1M79xgZBBde6IbQvk2BbKumTcZKF4W&sparams=clen%2Cdur%2Cei%2Cgir%2Cid%2Cinitcwndbps%2Cip%2Cipbits%2Citag%2Ckeepalive%2Clmt%2Cmime%2Cmm%2Cmn%2Cms%2Cmv%2Cpl%2Crequiressl%2Csource%2Cexpire&mime=video%2Fwebm&initcwndbps=3173750&ipbits=0&ratebypass=yes", "player_url": null, "ext": "webm", "height": 480, "format_note": "480p", "vcodec": "vp9", "filesize": 21804327, "tbr": 793.869, "width": 640, "fps": 25, "acodec": "none", "format": "244 - 640x480 (480p)", "protocol": "https", "http_headers": {"User-Agent": "Mozilla/5.0 (X11; Linux x86_64; rv:10.0) Gecko/20150101 Firefox/47.0 (Chrome)", "Accept-Charset": "ISO-8859-1,utf-8;q=0.7,*;q=0.7", "Accept": "text/html,application/xhtml+xml,application/xml;q=0.9,*/*;q=0.8", "Accept-Encoding": "gzip, deflate", "Accept-Language": "en-us,en;q=0.5"}}, {"ext": "mp4", "height": 480, "format_note": "DASH video", "vcodec": "avc1.4d401e", "format_id": "135", "url": "https://r1---sn-4g5e6nle.googlevideo.com/videoplayback?id=a034fa7062249ff4&itag=135&source=youtube&requiressl=yes&mm=31&mn=sn-4g5e6nle&initcwndbps=3173750&mv=m&pl=16&ei=tmeLWc7WBJTyWrWIjLAH&ms=au&ratebypass=yes&mime=video/mp4&gir=yes&clen=36804244&lmt=1394732443794711&dur=426.720&key=dg_yt0&signature=7B100D4AF75520712179BF6CF703E24F5027B1D3.715699178D49FEE2FD373A981C4D4E1D7CED5403&mt=1502308151&ip=131.159.40.117&ipbits=0&expire=1502329878&sparams=ip,ipbits,expire,id,itag,source,requiressl,mm,mn,initcwndbps,mv,pl,ei,ms,ratebypass,mime,gir,clen,lmt,dur", "manifest_url": "https://manifest.googlevideo.com/api/manifest/dash/hfr/1/mm/31/mn/sn-4g5e6nle/expire/1502329878/playback_host/r1---sn-4g5e6nle.googlevideo.com/ip/131.159.40.117/key/yt6/initcwndbps/3173750/ipbits/0/signature/082ECFEC84BEC932211FE0C8EEB2FD8135970B1E.7347F0FBA6A4FE8EBDE20B90A78BE61D708F65B7/itag/0/as/fmp4_audio_clear%2Cfmp4_sd_hd_clear/requiressl/yes/sparams/as%2Cei%2Chfr%2Cid%2Cinitcwndbps%2Cip%2Cipbits%2Citag%2Cmm%2Cmn%2Cms%2Cmv%2Cpl%2Cplayback_host%2Crequiressl%2Csource%2Cexpire/mt/1502308151/source/youtube/mv/m/pl/16/id/a034fa7062249ff4/ei/tmeLWc7WBJTyWrWIjLAH/ms/au", "width": 640, "tbr": 1047.322, "asr": null, "fps": 25, "language": null, "filesize": 36804244, "acodec": "none", "format": "135 - 640x480 (DASH video)", "protocol": "https", "http_headers": {"User-Agent": "Mozilla/5.0 (X11; Linux x86_64; rv:10.0) Gecko/20150101 Firefox/47.0 (Chrome)", "Accept-Charset": "ISO-8859-1,utf-8;q=0.7,*;q=0.7", "Accept": "text/html,application/xhtml+xml,application/xml;q=0.9,*/*;q=0.8", "Accept-Encoding": "gzip, deflate", "Accept-Language": "en-us,en;q=0.5"}}, {"format_id": "17", "url": "https://r1---sn-4g5edn7z.googlevideo.com/videoplayback?dur=427.061&source=youtube&lmt=1394732532202154&requiressl=yes&clen=4440531&signature=D90277E0AA303A2B2E7FDFDFFC6B93789590F017.CB29FEFD56DC0DB839045A91E7C209BB5CCBDFCC&key=yt6&gir=yes&itag=17&expire=1502329877&mv=m&mt=1502308151&ms=au&ei=tWeLWZrxKJGZWJb-p-gO&ip=131.159.40.117&pl=16&mn=sn-4g5edn7z&mm=31&id=o-ALCgKcJEcvAl2l1M79xgZBBde6IbQvk2BbKumTcZKF4W&sparams=clen%2Cdur%2Cei%2Cgir%2Cid%2Cinitcwndbps%2Cip%2Cipbits%2Citag%2Clmt%2Cmime%2Cmm%2Cmn%2Cms%2Cmv%2Cpl%2Crequiressl%2Csource%2Cexpire&mime=video%2F3gpp&initcwndbps=3173750&ipbits=0&ratebypass=yes", "player_url": null, "ext": "3gp", "width": 176, "height": 144, "acodec": "mp4a.40.2", "abr": 24, "vcodec": "mp4v.20.3", "resolution": "176x144", "format_note": "small", "format": "17 - 176x144 (small)", "protocol": "https", "http_headers": {"User-Agent": "Mozilla/5.0 (X11; Linux x86_64; rv:10.0) Gecko/20150101 Firefox/47.0 (Chrome)", "Accept-Charset": "ISO-8859-1,utf-8;q=0.7,*;q=0.7", "Accept": "text/html,application/xhtml+xml,application/xml;q=0.9,*/*;q=0.8", "Accept-Encoding": "gzip, deflate", "Accept-Language": "en-us,en;q=0.5"}}, {"format_id": "36", "url": "https://r1---sn-4g5edn7z.googlevideo.com/videoplayback?dur=426.922&source=youtube&lmt=1394732531308241&requiressl=yes&clen=12176996&signature=9EE8F8C3F333EA9D336F23243BA516C4BDBD701B.5D53101035F3BED59BBB26AD9468BB0EF559513D&key=yt6&gir=yes&itag=36&expire=1502329877&mv=m&mt=1502308151&ms=au&ei=tWeLWZrxKJGZWJb-p-gO&ip=131.159.40.117&pl=16&mn=sn-4g5edn7z&mm=31&id=o-ALCgKcJEcvAl2l1M79xgZBBde6IbQvk2BbKumTcZKF4W&sparams=clen%2Cdur%2Cei%2Cgir%2Cid%2Cinitcwndbps%2Cip%2Cipbits%2Citag%2Clmt%2Cmime%2Cmm%2Cmn%2Cms%2Cmv%2Cpl%2Crequiressl%2Csource%2Cexpire&mime=video%2F3gpp&initcwndbps=3173750&ipbits=0&ratebypass=yes", "player_url": null, "ext": "3gp", "width": 320, "acodec": "mp4a.40.2", "vcodec": "mp4v.20.3", "resolution": "320x240", "height": 240, "format_note": "small", "format": "36 - 320x240 (small)", "protocol": "https", "http_headers": {"User-Agent": "Mozilla/5.0 (X11; Linux x86_64; rv:10.0) Gecko/20150101 Firefox/47.0 (Chrome)", "Accept-Charset": "ISO-8859-1,utf-8;q=0.7,*;q=0.7", "Accept": "text/html,application/xhtml+xml,application/xml;q=0.9,*/*;q=0.8", "Accept-Encoding": "gzip, deflate", "Accept-Language": "en-us,en;q=0.5"}}, {"format_id": "18", "url": "https://r1---sn-4g5edn7z.googlevideo.com/videoplayback?dur=426.782&source=youtube&lmt=1394732480667687&requiressl=yes&clen=22904665&signature=6B739730584DF05FEFC5AACD8B4517A61336CB83.0509D5ABFD1C4833C3F2A34E840771D695D8BF0C&key=yt6&gir=yes&itag=18&expire=1502329877&ratebypass=yes&mv=m&mt=1502308151&ms=au&ei=tWeLWZrxKJGZWJb-p-gO&ip=131.159.40.117&pl=16&mn=sn-4g5edn7z&mm=31&id=o-ALCgKcJEcvAl2l1M79xgZBBde6IbQvk2BbKumTcZKF4W&sparams=clen%2Cdur%2Cei%2Cgir%2Cid%2Cinitcwndbps%2Cip%2Cipbits%2Citag%2Clmt%2Cmime%2Cmm%2Cmn%2Cms%2Cmv%2Cpl%2Cratebypass%2Crequiressl%2Csource%2Cexpire&mime=video%2Fmp4&initcwndbps=3173750&ipbits=0", "player_url": null, "ext": "mp4", "width": 480, "height": 360, "acodec": "mp4a.40.2", "abr": 96, "vcodec": "avc1.42001E", "resolution": "480x360", "format_note": "medium", "format": "18 - 480x360 (medium)", "protocol": "https", "http_headers": {"User-Agent": "Mozilla/5.0 (X11; Linux x86_64; rv:10.0) Gecko/20150101 Firefox/47.0 (Chrome)", "Accept-Charset": "ISO-8859-1,utf-8;q=0.7,*;q=0.7", "Accept": "text/html,application/xhtml+xml,application/xml;q=0.9,*/*;q=0.8", "Accept-Encoding": "gzip, deflate", "Accept-Language": "en-us,en;q=0.5"}}, {"format_id": "43", "url": "https://r1---sn-4g5edn7z.googlevideo.com/videoplayback?dur=0.000&source=youtube&lmt=1394732857168768&requiressl=yes&clen=33525160&signature=A1D36B1279AB41A1BF04566187A6855591C9C186.9DBDD700C3C4561B62E9C83DE16DD75440F7CBBB&key=yt6&gir=yes&itag=43&expire=1502329877&ratebypass=yes&mv=m&mt=1502308151&ms=au&ei=tWeLWZrxKJGZWJb-p-gO&ip=131.159.40.117&pl=16&mn=sn-4g5edn7z&mm=31&id=o-ALCgKcJEcvAl2l1M79xgZBBde6IbQvk2BbKumTcZKF4W&sparams=clen%2Cdur%2Cei%2Cgir%2Cid%2Cinitcwndbps%2Cip%2Cipbits%2Citag%2Clmt%2Cmime%2Cmm%2Cmn%2Cms%2Cmv%2Cpl%2Cratebypass%2Crequiressl%2Csource%2Cexpire&mime=video%2Fwebm&initcwndbps=3173750&ipbits=0", "player_url": null, "ext": "webm", "width": 640, "height": 360, "acodec": "vorbis", "abr": 128, "vcodec": "vp8.0", "resolution": "640x360", "format_note": "medium", "format": "43 - 640x360 (medium)", "protocol": "https", "http_headers": {"User-Agent": "Mozilla/5.0 (X11; Linux x86_64; rv:10.0) Gecko/20150101 Firefox/47.0 (Chrome)", "Accept-Charset": "ISO-8859-1,utf-8;q=0.7,*;q=0.7", "Accept": "text/html,application/xhtml+xml,application/xml;q=0.9,*/*;q=0.8", "Accept-Encoding": "gzip, deflate", "Accept-Language": "en-us,en;q=0.5"}}], "is_live": null, "start_time": null, "end_time": null, "series": null, "season_number": null, "episode_number": null, "extractor": "youtube", "webpage_url_basename": "oDT6cGIkn_Q", "extractor_key": "Youtube", "playlist": null, "playlist_index": null, "thumbnails": [{"url": "https://i.ytimg.com/vi/oDT6cGIkn_Q/hqdefault.jpg", "id": "0"}], "display_id": "oDT6cGIkn_Q", "ext": "mp4", "height": 480, "format_note": "DASH video", "vcodec": "avc1.4d401e", "format_id": "135", "url": "https://r1---sn-4g5e6nle.googlevideo.com/videoplayback?id=a034fa7062249ff4&itag=135&source=youtube&requiressl=yes&mm=31&mn=sn-4g5e6nle&initcwndbps=3173750&mv=m&pl=16&ei=tmeLWc7WBJTyWrWIjLAH&ms=au&ratebypass=yes&mime=video/mp4&gir=yes&clen=36804244&lmt=1394732443794711&dur=426.720&key=dg_yt0&signature=7B100D4AF75520712179BF6CF703E24F5027B1D3.715699178D49FEE2FD373A981C4D4E1D7CED5403&mt=1502308151&ip=131.159.40.117&ipbits=0&expire=1502329878&sparams=ip,ipbits,expire,id,itag,source,requiressl,mm,mn,initcwndbps,mv,pl,ei,ms,ratebypass,mime,gir,clen,lmt,dur", "manifest_url": "https://manifest.googlevideo.com/api/manifest/dash/hfr/1/mm/31/mn/sn-4g5e6nle/expire/1502329878/playback_host/r1---sn-4g5e6nle.googlevideo.com/ip/131.159.40.117/key/yt6/initcwndbps/3173750/ipbits/0/signature/082ECFEC84BEC932211FE0C8EEB2FD8135970B1E.7347F0FBA6A4FE8EBDE20B90A78BE61D708F65B7/itag/0/as/fmp4_audio_clear%2Cfmp4_sd_hd_clear/requiressl/yes/sparams/as%2Cei%2Chfr%2Cid%2Cinitcwndbps%2Cip%2Cipbits%2Citag%2Cmm%2Cmn%2Cms%2Cmv%2Cpl%2Cplayback_host%2Crequiressl%2Csource%2Cexpire/mt/1502308151/source/youtube/mv/m/pl/16/id/a034fa7062249ff4/ei/tmeLWc7WBJTyWrWIjLAH/ms/au", "width": 640, "tbr": 1047.322, "asr": null, "fps": 25, "language": null, "filesize": 36804244, "acodec": "none", "format": "135 - 640x480 (DASH video)", "protocol": "https", "http_headers": {"User-Agent": "Mozilla/5.0 (X11; Linux x86_64; rv:10.0) Gecko/20150101 Firefox/47.0 (Chrome)", "Accept-Charset": "ISO-8859-1,utf-8;q=0.7,*;q=0.7", "Accept": "text/html,application/xhtml+xml,application/xml;q=0.9,*/*;q=0.8", "Accept-Encoding": "gzip, deflate", "Accept-Language": "en-us,en;q=0.5"}, "fulltitle": "\u0642\u0635\u0629 \u0646\u062c\u0627\u062d \u062f. \u0645\u062c\u062f \u0646\u0627\u062c\u064a \u0641\u064a \u062a\u063a\u0637\u064a\u0629 \u062e\u0627\u0635\u0629 \u0639\u0644\u0649 \u0642\u0646\u0627\u0629 \u0627\u0644\u062d\u0631\u0629", "_filename": "oDT6cGIkn_Q.mp4"}