{"id": "Wi63l8M75HE", "uploader": "France 3 C\u00f4te d'Azur", "uploader_id": "France3Cotedazur", "uploader_url": "http://www.youtube.com/user/France3Cotedazur", "upload_date": "20140621", "license": "Standard YouTube License", "creator": null, "title": "Le p\u00f4le France de gymnastique acrobatique d'Antibes", "alt_title": null, "thumbnail": "https://i.ytimg.com/vi/Wi63l8M75HE/hqdefault.jpg", "description": "Gros plan sur le p\u00f4le France de gymnastique acrobatique d'Antibes, un p\u00f4le qui, dans le cadre du sport \u00e9tude, accueille des jeunes de la France enti\u00e8re. La gymnastique acrobatique est certes moins connue que la traditionnelle gymnastique au sol mais elles est  impressionnante encore en terme de port\u00e9s et d'acrobaties. Les gymnastes antibois se pr\u00e9parent actuellement aux prochains championnats du monde qui se tiendront d\u00e9but juillet en France. S\u00e9verine Neuquelman et Fr\u00e9d\u00e9ric Tisseaux nous font d\u00e9couvrir cette discipline...\nReportage diffus\u00e9 le samedi 7 juin 2014", "categories": ["Entertainment"], "tags": ["France3 C\u00f4te d'Azur", "gym acrobatique", "gymnastique acrobatique", "s\u00e9verine neuquelman", "OAJLP", "FFGYM paca", "p\u00f4le France de gymnastique acrobatique d'Antibes", "Antibes", "championnats du monde de gymnastique acrobatique"], "subtitles": {}, "automatic_captions": {}, "duration": 187, "age_limit": 0, "annotations": null, "chapters": null, "webpage_url": "https://www.youtube.com/watch?v=Wi63l8M75HE", "view_count": 9429, "like_count": 80, "dislike_count": 1, "average_rating": 4.95061731339, "formats": [{"ext": "m4a", "format_note": "DASH audio", "acodec": "mp4a.40.5", "abr": 48, "container": "m4a_dash", "format_id": "139", "url": "https://r6---sn-4g5ednls.googlevideo.com/videoplayback?id=5a2eb797c33be471&itag=139&source=youtube&requiressl=yes&ms=au&ei=JK-JWaOoCMuscoK2urgO&initcwndbps=4296250&mv=m&pl=16&mn=sn-4g5ednls&mm=31&ratebypass=yes&mime=audio/mp4&gir=yes&clen=1129473&lmt=1403354192651696&dur=187.105&mt=1502195370&signature=4DD11093D5EA6CBB74D3DFCE685135CECCCA03E3.727BF2425FDE5F81664B295935A675AD87941315&key=dg_yt0&ip=131.159.40.117&ipbits=0&expire=1502217092&sparams=ip,ipbits,expire,id,itag,source,requiressl,ms,ei,initcwndbps,mv,pl,mn,mm,ratebypass,mime,gir,clen,lmt,dur", "manifest_url": "https://manifest.googlevideo.com/api/manifest/dash/ms/au/sparams/as%2Cei%2Chfr%2Cid%2Cinitcwndbps%2Cip%2Cipbits%2Citag%2Cmm%2Cmn%2Cms%2Cmv%2Cpl%2Cplayback_host%2Crequiressl%2Csource%2Cexpire/ei/JK-JWaOoCMuscoK2urgO/ipbits/0/initcwndbps/4296250/mv/m/source/youtube/id/5a2eb797c33be471/mt/1502195370/requiressl/yes/signature/7D050C8250E1098ECD3ADBBA970C709B32A61C25.4D98565CEC7460D360358742F6FDA7D6C715FD6E/key/yt6/as/fmp4_audio_clear%2Cfmp4_sd_hd_clear/playback_host/r6---sn-4g5ednls.googlevideo.com/expire/1502217092/pl/16/itag/0/hfr/1/mn/sn-4g5ednls/mm/31/ip/131.159.40.117", "width": null, "height": null, "tbr": 49.185, "asr": 22050, "fps": null, "language": null, "filesize": 1129473, "vcodec": "none", "format": "139 - audio only (DASH audio)", "protocol": "https", "http_headers": {"User-Agent": "Mozilla/5.0 (X11; Linux x86_64; rv:10.0) Gecko/20150101 Firefox/47.0 (Chrome)", "Accept-Charset": "ISO-8859-1,utf-8;q=0.7,*;q=0.7", "Accept": "text/html,application/xhtml+xml,application/xml;q=0.9,*/*;q=0.8", "Accept-Encoding": "gzip, deflate", "Accept-Language": "en-us,en;q=0.5"}}, {"format_id": "249", "url": "https://r6---sn-4g5e6ney.googlevideo.com/videoplayback?key=yt6&signature=CFD74E79B1468839580B32E967171DADB439D377.B447C9943DB2229E4A483C944C5689A9D0E164AB&gir=yes&requiressl=yes&lmt=1414660016485503&dur=187.001&source=youtube&ipbits=0&initcwndbps=4296250&clen=1193158&mime=audio%2Fwebm&sparams=clen%2Cdur%2Cei%2Cgir%2Cid%2Cinitcwndbps%2Cip%2Cipbits%2Citag%2Ckeepalive%2Clmt%2Cmime%2Cmm%2Cmn%2Cms%2Cmv%2Cpl%2Crequiressl%2Csource%2Cexpire&id=o-AH7EhEaxw0oTwOvOHZmMVgWDK_5nEQde5VpnDruqbZXz&mn=sn-4g5e6ney&mm=31&keepalive=yes&pl=16&ip=131.159.40.117&ms=au&ei=I6-JWdaGKcyuc46ch7gG&mv=m&mt=1502195370&expire=1502217091&itag=249&ratebypass=yes", "player_url": null, "ext": "webm", "format_note": "DASH audio", "acodec": "opus", "abr": 50, "filesize": 1193158, "tbr": 54.492, "vcodec": "none", "format": "249 - audio only (DASH audio)", "protocol": "https", "http_headers": {"User-Agent": "Mozilla/5.0 (X11; Linux x86_64; rv:10.0) Gecko/20150101 Firefox/47.0 (Chrome)", "Accept-Charset": "ISO-8859-1,utf-8;q=0.7,*;q=0.7", "Accept": "text/html,application/xhtml+xml,application/xml;q=0.9,*/*;q=0.8", "Accept-Encoding": "gzip, deflate", "Accept-Language": "en-us,en;q=0.5"}}, {"format_id": "250", "url": "https://r6---sn-4g5e6ney.googlevideo.com/videoplayback?key=yt6&signature=829FBF76AC54A748426D3FD0567011236CCE7793.CCBD3D53FAC172A2055CEC43133F0CC0044ECFDD&gir=yes&requiressl=yes&lmt=1414660019819345&dur=187.001&source=youtube&ipbits=0&initcwndbps=4296250&clen=1598136&mime=audio%2Fwebm&sparams=clen%2Cdur%2Cei%2Cgir%2Cid%2Cinitcwndbps%2Cip%2Cipbits%2Citag%2Ckeepalive%2Clmt%2Cmime%2Cmm%2Cmn%2Cms%2Cmv%2Cpl%2Crequiressl%2Csource%2Cexpire&id=o-AH7EhEaxw0oTwOvOHZmMVgWDK_5nEQde5VpnDruqbZXz&mn=sn-4g5e6ney&mm=31&keepalive=yes&pl=16&ip=131.159.40.117&ms=au&ei=I6-JWdaGKcyuc46ch7gG&mv=m&mt=1502195370&expire=1502217091&itag=250&ratebypass=yes", "player_url": null, "ext": "webm", "format_note": "DASH audio", "acodec": "opus", "abr": 70, "filesize": 1598136, "tbr": 78.344, "vcodec": "none", "format": "250 - audio only (DASH audio)", "protocol": "https", "http_headers": {"User-Agent": "Mozilla/5.0 (X11; Linux x86_64; rv:10.0) Gecko/20150101 Firefox/47.0 (Chrome)", "Accept-Charset": "ISO-8859-1,utf-8;q=0.7,*;q=0.7", "Accept": "text/html,application/xhtml+xml,application/xml;q=0.9,*/*;q=0.8", "Accept-Encoding": "gzip, deflate", "Accept-Language": "en-us,en;q=0.5"}}, {"format_id": "171", "url": "https://r6---sn-4g5e6ney.googlevideo.com/videoplayback?key=yt6&signature=63B3227E832DE21F8FBAB23730DFC45D6142F67C.0BC5BED0D4B0DD7FF1618C4055E86394A64FDFE1&gir=yes&requiressl=yes&lmt=1414660019020294&dur=186.992&source=youtube&ipbits=0&initcwndbps=4296250&clen=2033898&mime=audio%2Fwebm&sparams=clen%2Cdur%2Cei%2Cgir%2Cid%2Cinitcwndbps%2Cip%2Cipbits%2Citag%2Ckeepalive%2Clmt%2Cmime%2Cmm%2Cmn%2Cms%2Cmv%2Cpl%2Crequiressl%2Csource%2Cexpire&id=o-AH7EhEaxw0oTwOvOHZmMVgWDK_5nEQde5VpnDruqbZXz&mn=sn-4g5e6ney&mm=31&keepalive=yes&pl=16&ip=131.159.40.117&ms=au&ei=I6-JWdaGKcyuc46ch7gG&mv=m&mt=1502195370&expire=1502217091&itag=171&ratebypass=yes", "player_url": null, "ext": "webm", "acodec": "vorbis", "format_note": "DASH audio", "abr": 128, "filesize": 2033898, "tbr": 101.226, "vcodec": "none", "format": "171 - audio only (DASH audio)", "protocol": "https", "http_headers": {"User-Agent": "Mozilla/5.0 (X11; Linux x86_64; rv:10.0) Gecko/20150101 Firefox/47.0 (Chrome)", "Accept-Charset": "ISO-8859-1,utf-8;q=0.7,*;q=0.7", "Accept": "text/html,application/xhtml+xml,application/xml;q=0.9,*/*;q=0.8", "Accept-Encoding": "gzip, deflate", "Accept-Language": "en-us,en;q=0.5"}}, {"ext": "m4a", "format_note": "DASH audio", "acodec": "mp4a.40.2", "abr": 128, "container": "m4a_dash", "format_id": "140", "url": "https://r6---sn-4g5ednls.googlevideo.com/videoplayback?id=5a2eb797c33be471&itag=140&source=youtube&requiressl=yes&ms=au&ei=JK-JWaOoCMuscoK2urgO&initcwndbps=4296250&mv=m&pl=16&mn=sn-4g5ednls&mm=31&ratebypass=yes&mime=audio/mp4&gir=yes&clen=3003691&lmt=1403354185479579&dur=187.059&mt=1502195370&signature=0523BB1DF16E370C181FF3434E67CA65E041793D.2CC0B9AFEA62E93FB7CA5DBB62604E1662F66470&key=dg_yt0&ip=131.159.40.117&ipbits=0&expire=1502217092&sparams=ip,ipbits,expire,id,itag,source,requiressl,ms,ei,initcwndbps,mv,pl,mn,mm,ratebypass,mime,gir,clen,lmt,dur", "manifest_url": "https://manifest.googlevideo.com/api/manifest/dash/ms/au/sparams/as%2Cei%2Chfr%2Cid%2Cinitcwndbps%2Cip%2Cipbits%2Citag%2Cmm%2Cmn%2Cms%2Cmv%2Cpl%2Cplayback_host%2Crequiressl%2Csource%2Cexpire/ei/JK-JWaOoCMuscoK2urgO/ipbits/0/initcwndbps/4296250/mv/m/source/youtube/id/5a2eb797c33be471/mt/1502195370/requiressl/yes/signature/7D050C8250E1098ECD3ADBBA970C709B32A61C25.4D98565CEC7460D360358742F6FDA7D6C715FD6E/key/yt6/as/fmp4_audio_clear%2Cfmp4_sd_hd_clear/playback_host/r6---sn-4g5ednls.googlevideo.com/expire/1502217092/pl/16/itag/0/hfr/1/mn/sn-4g5ednls/mm/31/ip/131.159.40.117", "width": null, "height": null, "tbr": 129.217, "asr": 44100, "fps": null, "language": null, "filesize": 3003691, "vcodec": "none", "format": "140 - audio only (DASH audio)", "protocol": "https", "http_headers": {"User-Agent": "Mozilla/5.0 (X11; Linux x86_64; rv:10.0) Gecko/20150101 Firefox/47.0 (Chrome)", "Accept-Charset": "ISO-8859-1,utf-8;q=0.7,*;q=0.7", "Accept": "text/html,application/xhtml+xml,application/xml;q=0.9,*/*;q=0.8", "Accept-Encoding": "gzip, deflate", "Accept-Language": "en-us,en;q=0.5"}}, {"format_id": "251", "url": "https://r6---sn-4g5e6ney.googlevideo.com/videoplayback?key=yt6&signature=74AE1AFF72144016F96122469B7A69AA06D098BE.8E1B3DFBB5A6EAD34EE0248DA830C732858EFA3A&gir=yes&requiressl=yes&lmt=1414660015360273&dur=187.001&source=youtube&ipbits=0&initcwndbps=4296250&clen=3415408&mime=audio%2Fwebm&sparams=clen%2Cdur%2Cei%2Cgir%2Cid%2Cinitcwndbps%2Cip%2Cipbits%2Citag%2Ckeepalive%2Clmt%2Cmime%2Cmm%2Cmn%2Cms%2Cmv%2Cpl%2Crequiressl%2Csource%2Cexpire&id=o-AH7EhEaxw0oTwOvOHZmMVgWDK_5nEQde5VpnDruqbZXz&mn=sn-4g5e6ney&mm=31&keepalive=yes&pl=16&ip=131.159.40.117&ms=au&ei=I6-JWdaGKcyuc46ch7gG&mv=m&mt=1502195370&expire=1502217091&itag=251&ratebypass=yes", "player_url": null, "ext": "webm", "format_note": "DASH audio", "acodec": "opus", "abr": 160, "filesize": 3415408, "tbr": 169.446, "vcodec": "none", "format": "251 - audio only (DASH audio)", "protocol": "https", "http_headers": {"User-Agent": "Mozilla/5.0 (X11; Linux x86_64; rv:10.0) Gecko/20150101 Firefox/47.0 (Chrome)", "Accept-Charset": "ISO-8859-1,utf-8;q=0.7,*;q=0.7", "Accept": "text/html,application/xhtml+xml,application/xml;q=0.9,*/*;q=0.8", "Accept-Encoding": "gzip, deflate", "Accept-Language": "en-us,en;q=0.5"}}, {"ext": "mp4", "height": 144, "format_note": "DASH video", "vcodec": "avc1.42c00c", "format_id": "160", "url": "https://r6---sn-4g5ednls.googlevideo.com/videoplayback?id=5a2eb797c33be471&itag=160&source=youtube&requiressl=yes&ms=au&ei=JK-JWaOoCMuscoK2urgO&initcwndbps=4296250&mv=m&pl=16&mn=sn-4g5ednls&mm=31&ratebypass=yes&mime=video/mp4&gir=yes&clen=2574823&lmt=1403354188233422&dur=187.000&mt=1502195370&signature=4B20BFF390CC3E0BE2B677C3EA08B9BA8F79021D.75B54D0475049AEB323EE45F57054A27DFD5C4C0&key=dg_yt0&ip=131.159.40.117&ipbits=0&expire=1502217092&sparams=ip,ipbits,expire,id,itag,source,requiressl,ms,ei,initcwndbps,mv,pl,mn,mm,ratebypass,mime,gir,clen,lmt,dur", "manifest_url": "https://manifest.googlevideo.com/api/manifest/dash/ms/au/sparams/as%2Cei%2Chfr%2Cid%2Cinitcwndbps%2Cip%2Cipbits%2Citag%2Cmm%2Cmn%2Cms%2Cmv%2Cpl%2Cplayback_host%2Crequiressl%2Csource%2Cexpire/ei/JK-JWaOoCMuscoK2urgO/ipbits/0/initcwndbps/4296250/mv/m/source/youtube/id/5a2eb797c33be471/mt/1502195370/requiressl/yes/signature/7D050C8250E1098ECD3ADBBA970C709B32A61C25.4D98565CEC7460D360358742F6FDA7D6C715FD6E/key/yt6/as/fmp4_audio_clear%2Cfmp4_sd_hd_clear/playback_host/r6---sn-4g5ednls.googlevideo.com/expire/1502217092/pl/16/itag/0/hfr/1/mn/sn-4g5ednls/mm/31/ip/131.159.40.117", "width": 256, "tbr": 111.755, "asr": null, "fps": 13, "language": null, "filesize": 2574823, "acodec": "none", "format": "160 - 256x144 (DASH video)", "protocol": "https", "http_headers": {"User-Agent": "Mozilla/5.0 (X11; Linux x86_64; rv:10.0) Gecko/20150101 Firefox/47.0 (Chrome)", "Accept-Charset": "ISO-8859-1,utf-8;q=0.7,*;q=0.7", "Accept": "text/html,application/xhtml+xml,application/xml;q=0.9,*/*;q=0.8", "Accept-Encoding": "gzip, deflate", "Accept-Language": "en-us,en;q=0.5"}}, {"ext": "mp4", "height": 240, "format_note": "DASH video", "vcodec": "avc1.4d4015", "format_id": "133", "url": "https://r6---sn-4g5ednls.googlevideo.com/videoplayback?id=5a2eb797c33be471&itag=133&source=youtube&requiressl=yes&ms=au&ei=JK-JWaOoCMuscoK2urgO&initcwndbps=4296250&mv=m&pl=16&mn=sn-4g5ednls&mm=31&ratebypass=yes&mime=video/mp4&gir=yes&clen=5712622&lmt=1403354189399473&dur=187.000&mt=1502195370&signature=12410EB5BE3EDC129BB40E0296D3E1789462DA7A.215A4D6E146BE92DCAE7CA8E2E40FE0705853A8F&key=dg_yt0&ip=131.159.40.117&ipbits=0&expire=1502217092&sparams=ip,ipbits,expire,id,itag,source,requiressl,ms,ei,initcwndbps,mv,pl,mn,mm,ratebypass,mime,gir,clen,lmt,dur", "manifest_url": "https://manifest.googlevideo.com/api/manifest/dash/ms/au/sparams/as%2Cei%2Chfr%2Cid%2Cinitcwndbps%2Cip%2Cipbits%2Citag%2Cmm%2Cmn%2Cms%2Cmv%2Cpl%2Cplayback_host%2Crequiressl%2Csource%2Cexpire/ei/JK-JWaOoCMuscoK2urgO/ipbits/0/initcwndbps/4296250/mv/m/source/youtube/id/5a2eb797c33be471/mt/1502195370/requiressl/yes/signature/7D050C8250E1098ECD3ADBBA970C709B32A61C25.4D98565CEC7460D360358742F6FDA7D6C715FD6E/key/yt6/as/fmp4_audio_clear%2Cfmp4_sd_hd_clear/playback_host/r6---sn-4g5ednls.googlevideo.com/expire/1502217092/pl/16/itag/0/hfr/1/mn/sn-4g5ednls/mm/31/ip/131.159.40.117", "width": 426, "tbr": 246.548, "asr": null, "fps": 25, "language": null, "filesize": 5712622, "acodec": "none", "format": "133 - 426x240 (DASH video)", "protocol": "https", "http_headers": {"User-Agent": "Mozilla/5.0 (X11; Linux x86_64; rv:10.0) Gecko/20150101 Firefox/47.0 (Chrome)", "Accept-Charset": "ISO-8859-1,utf-8;q=0.7,*;q=0.7", "Accept": "text/html,application/xhtml+xml,application/xml;q=0.9,*/*;q=0.8", "Accept-Encoding": "gzip, deflate", "Accept-Language": "en-us,en;q=0.5"}}, {"ext": "mp4", "height": 360, "format_note": "DASH video", "vcodec": "avc1.4d401e", "format_id": "134", "url": "https://r6---sn-4g5ednls.googlevideo.com/videoplayback?id=5a2eb797c33be471&itag=134&source=youtube&requiressl=yes&ms=au&ei=JK-JWaOoCMuscoK2urgO&initcwndbps=4296250&mv=m&pl=16&mn=sn-4g5ednls&mm=31&ratebypass=yes&mime=video/mp4&gir=yes&clen=11737390&lmt=1403354190977963&dur=187.000&mt=1502195370&signature=5F112625B73DF54D03D3538696781DC9361C203E.2219C9BEA63AEB7A4F5D9C02C571FB3183D9E0B7&key=dg_yt0&ip=131.159.40.117&ipbits=0&expire=1502217092&sparams=ip,ipbits,expire,id,itag,source,requiressl,ms,ei,initcwndbps,mv,pl,mn,mm,ratebypass,mime,gir,clen,lmt,dur", "manifest_url": "https://manifest.googlevideo.com/api/manifest/dash/ms/au/sparams/as%2Cei%2Chfr%2Cid%2Cinitcwndbps%2Cip%2Cipbits%2Citag%2Cmm%2Cmn%2Cms%2Cmv%2Cpl%2Cplayback_host%2Crequiressl%2Csource%2Cexpire/ei/JK-JWaOoCMuscoK2urgO/ipbits/0/initcwndbps/4296250/mv/m/source/youtube/id/5a2eb797c33be471/mt/1502195370/requiressl/yes/signature/7D050C8250E1098ECD3ADBBA970C709B32A61C25.4D98565CEC7460D360358742F6FDA7D6C715FD6E/key/yt6/as/fmp4_audio_clear%2Cfmp4_sd_hd_clear/playback_host/r6---sn-4g5ednls.googlevideo.com/expire/1502217092/pl/16/itag/0/hfr/1/mn/sn-4g5ednls/mm/31/ip/131.159.40.117", "width": 640, "tbr": 606.417, "asr": null, "fps": 25, "language": null, "filesize": 11737390, "acodec": "none", "format": "134 - 640x360 (DASH video)", "protocol": "https", "http_headers": {"User-Agent": "Mozilla/5.0 (X11; Linux x86_64; rv:10.0) Gecko/20150101 Firefox/47.0 (Chrome)", "Accept-Charset": "ISO-8859-1,utf-8;q=0.7,*;q=0.7", "Accept": "text/html,application/xhtml+xml,application/xml;q=0.9,*/*;q=0.8", "Accept-Encoding": "gzip, deflate", "Accept-Language": "en-us,en;q=0.5"}}, {"ext": "mp4", "height": 480, "format_note": "DASH video", "vcodec": "avc1.4d401e", "format_id": "135", "url": "https://r6---sn-4g5ednls.googlevideo.com/videoplayback?id=5a2eb797c33be471&itag=135&source=youtube&requiressl=yes&ms=au&ei=JK-JWaOoCMuscoK2urgO&initcwndbps=4296250&mv=m&pl=16&mn=sn-4g5ednls&mm=31&ratebypass=yes&mime=video/mp4&gir=yes&clen=23333909&lmt=1403354194459237&dur=187.000&mt=1502195370&signature=7C44D2E54C34161A2E25CA59D2FE10B58C92A60E.190647811D74FC66C47F696A7E482C0F8CAD81F3&key=dg_yt0&ip=131.159.40.117&ipbits=0&expire=1502217092&sparams=ip,ipbits,expire,id,itag,source,requiressl,ms,ei,initcwndbps,mv,pl,mn,mm,ratebypass,mime,gir,clen,lmt,dur", "manifest_url": "https://manifest.googlevideo.com/api/manifest/dash/ms/au/sparams/as%2Cei%2Chfr%2Cid%2Cinitcwndbps%2Cip%2Cipbits%2Citag%2Cmm%2Cmn%2Cms%2Cmv%2Cpl%2Cplayback_host%2Crequiressl%2Csource%2Cexpire/ei/JK-JWaOoCMuscoK2urgO/ipbits/0/initcwndbps/4296250/mv/m/source/youtube/id/5a2eb797c33be471/mt/1502195370/requiressl/yes/signature/7D050C8250E1098ECD3ADBBA970C709B32A61C25.4D98565CEC7460D360358742F6FDA7D6C715FD6E/key/yt6/as/fmp4_audio_clear%2Cfmp4_sd_hd_clear/playback_host/r6---sn-4g5ednls.googlevideo.com/expire/1502217092/pl/16/itag/0/hfr/1/mn/sn-4g5ednls/mm/31/ip/131.159.40.117", "width": 854, "tbr": 1113.136, "asr": null, "fps": 25, "language": null, "filesize": 23333909, "acodec": "none", "format": "135 - 854x480 (DASH video)", "protocol": "https", "http_headers": {"User-Agent": "Mozilla/5.0 (X11; Linux x86_64; rv:10.0) Gecko/20150101 Firefox/47.0 (Chrome)", "Accept-Charset": "ISO-8859-1,utf-8;q=0.7,*;q=0.7", "Accept": "text/html,application/xhtml+xml,application/xml;q=0.9,*/*;q=0.8", "Accept-Encoding": "gzip, deflate", "Accept-Language": "en-us,en;q=0.5"}}, {"format_id": "17", "url": "https://r6---sn-4g5e6ney.googlevideo.com/videoplayback?key=yt6&signature=D2293F44B46EE1259C2CA5601D1BAAAF56428AB3.0ED1465099C559C0FD0244D09256B5FA650F7E9C&gir=yes&requiressl=yes&lmt=1403354251117649&dur=187.199&source=youtube&ipbits=0&initcwndbps=4296250&clen=1900161&mime=video%2F3gpp&sparams=clen%2Cdur%2Cei%2Cgir%2Cid%2Cinitcwndbps%2Cip%2Cipbits%2Citag%2Clmt%2Cmime%2Cmm%2Cmn%2Cms%2Cmv%2Cpl%2Crequiressl%2Csource%2Cexpire&id=o-AH7EhEaxw0oTwOvOHZmMVgWDK_5nEQde5VpnDruqbZXz&mn=sn-4g5e6ney&mm=31&pl=16&ip=131.159.40.117&ms=au&ei=I6-JWdaGKcyuc46ch7gG&mv=m&mt=1502195370&expire=1502217091&itag=17&ratebypass=yes", "player_url": null, "ext": "3gp", "width": 176, "height": 144, "acodec": "mp4a.40.2", "abr": 24, "vcodec": "mp4v.20.3", "resolution": "176x144", "format_note": "small", "format": "17 - 176x144 (small)", "protocol": "https", "http_headers": {"User-Agent": "Mozilla/5.0 (X11; Linux x86_64; rv:10.0) Gecko/20150101 Firefox/47.0 (Chrome)", "Accept-Charset": "ISO-8859-1,utf-8;q=0.7,*;q=0.7", "Accept": "text/html,application/xhtml+xml,application/xml;q=0.9,*/*;q=0.8", "Accept-Encoding": "gzip, deflate", "Accept-Language": "en-us,en;q=0.5"}}, {"format_id": "36", "url": "https://r6---sn-4g5e6ney.googlevideo.com/videoplayback?key=yt6&signature=9F9D1DD26129D1197343014DB3FABD0129FFE00D.4A9D8734A18253D9FC404A784EFC31819BC9365E&gir=yes&requiressl=yes&lmt=1403354261181296&dur=187.199&source=youtube&ipbits=0&initcwndbps=4296250&clen=5304978&mime=video%2F3gpp&sparams=clen%2Cdur%2Cei%2Cgir%2Cid%2Cinitcwndbps%2Cip%2Cipbits%2Citag%2Clmt%2Cmime%2Cmm%2Cmn%2Cms%2Cmv%2Cpl%2Crequiressl%2Csource%2Cexpire&id=o-AH7EhEaxw0oTwOvOHZmMVgWDK_5nEQde5VpnDruqbZXz&mn=sn-4g5e6ney&mm=31&pl=16&ip=131.159.40.117&ms=au&ei=I6-JWdaGKcyuc46ch7gG&mv=m&mt=1502195370&expire=1502217091&itag=36&ratebypass=yes", "player_url": null, "ext": "3gp", "width": 320, "acodec": "mp4a.40.2", "vcodec": "mp4v.20.3", "resolution": "320x180", "height": 180, "format_note": "small", "format": "36 - 320x180 (small)", "protocol": "https", "http_headers": {"User-Agent": "Mozilla/5.0 (X11; Linux x86_64; rv:10.0) Gecko/20150101 Firefox/47.0 (Chrome)", "Accept-Charset": "ISO-8859-1,utf-8;q=0.7,*;q=0.7", "Accept": "text/html,application/xhtml+xml,application/xml;q=0.9,*/*;q=0.8", "Accept-Encoding": "gzip, deflate", "Accept-Language": "en-us,en;q=0.5"}}, {"format_id": "43", "url": "https://r6---sn-4g5e6ney.googlevideo.com/videoplayback?key=yt6&signature=0624F86A23839507376C4A27870A54C4EDDCC57D.24DD67D723790847D585CAF5A97559BDCAABF763&gir=yes&requiressl=yes&lmt=1403354654585734&dur=0.000&source=youtube&ipbits=0&initcwndbps=4296250&clen=18424647&mime=video%2Fwebm&sparams=clen%2Cdur%2Cei%2Cgir%2Cid%2Cinitcwndbps%2Cip%2Cipbits%2Citag%2Clmt%2Cmime%2Cmm%2Cmn%2Cms%2Cmv%2Cpl%2Cratebypass%2Crequiressl%2Csource%2Cexpire&id=o-AH7EhEaxw0oTwOvOHZmMVgWDK_5nEQde5VpnDruqbZXz&mn=sn-4g5e6ney&mm=31&pl=16&ip=131.159.40.117&ms=au&ei=I6-JWdaGKcyuc46ch7gG&mv=m&mt=1502195370&ratebypass=yes&expire=1502217091&itag=43", "player_url": null, "ext": "webm", "width": 640, "height": 360, "acodec": "vorbis", "abr": 128, "vcodec": "vp8.0", "resolution": "640x360", "format_note": "medium", "format": "43 - 640x360 (medium)", "protocol": "https", "http_headers": {"User-Agent": "Mozilla/5.0 (X11; Linux x86_64; rv:10.0) Gecko/20150101 Firefox/47.0 (Chrome)", "Accept-Charset": "ISO-8859-1,utf-8;q=0.7,*;q=0.7", "Accept": "text/html,application/xhtml+xml,application/xml;q=0.9,*/*;q=0.8", "Accept-Encoding": "gzip, deflate", "Accept-Language": "en-us,en;q=0.5"}}, {"format_id": "18", "url": "https://r6---sn-4g5e6ney.googlevideo.com/videoplayback?key=yt6&signature=1AF57F19CF11CDB34706616B9C6F59F6DCD2A023.C63CBED036DDF4B4D5560759D8A51C79734FF65A&gir=yes&requiressl=yes&lmt=1403354203473042&dur=187.059&source=youtube&ipbits=0&initcwndbps=4296250&clen=15454467&mime=video%2Fmp4&sparams=clen%2Cdur%2Cei%2Cgir%2Cid%2Cinitcwndbps%2Cip%2Cipbits%2Citag%2Clmt%2Cmime%2Cmm%2Cmn%2Cms%2Cmv%2Cpl%2Cratebypass%2Crequiressl%2Csource%2Cexpire&id=o-AH7EhEaxw0oTwOvOHZmMVgWDK_5nEQde5VpnDruqbZXz&mn=sn-4g5e6ney&mm=31&pl=16&ip=131.159.40.117&ms=au&ei=I6-JWdaGKcyuc46ch7gG&mv=m&mt=1502195370&ratebypass=yes&expire=1502217091&itag=18", "player_url": null, "ext": "mp4", "width": 640, "height": 360, "acodec": "mp4a.40.2", "abr": 96, "vcodec": "avc1.42001E", "resolution": "640x360", "format_note": "medium", "format": "18 - 640x360 (medium)", "protocol": "https", "http_headers": {"User-Agent": "Mozilla/5.0 (X11; Linux x86_64; rv:10.0) Gecko/20150101 Firefox/47.0 (Chrome)", "Accept-Charset": "ISO-8859-1,utf-8;q=0.7,*;q=0.7", "Accept": "text/html,application/xhtml+xml,application/xml;q=0.9,*/*;q=0.8", "Accept-Encoding": "gzip, deflate", "Accept-Language": "en-us,en;q=0.5"}}], "is_live": null, "start_time": null, "end_time": null, "series": null, "season_number": null, "episode_number": null, "extractor": "youtube", "webpage_url_basename": "Wi63l8M75HE", "extractor_key": "Youtube", "playlist": null, "playlist_index": null, "thumbnails": [{"url": "https://i.ytimg.com/vi/Wi63l8M75HE/hqdefault.jpg", "id": "0"}], "display_id": "Wi63l8M75HE", "ext": "mp4", "height": 480, "format_note": "DASH video", "vcodec": "avc1.4d401e", "format_id": "135", "url": "https://r6---sn-4g5ednls.googlevideo.com/videoplayback?id=5a2eb797c33be471&itag=135&source=youtube&requiressl=yes&ms=au&ei=JK-JWaOoCMuscoK2urgO&initcwndbps=4296250&mv=m&pl=16&mn=sn-4g5ednls&mm=31&ratebypass=yes&mime=video/mp4&gir=yes&clen=23333909&lmt=1403354194459237&dur=187.000&mt=1502195370&signature=7C44D2E54C34161A2E25CA59D2FE10B58C92A60E.190647811D74FC66C47F696A7E482C0F8CAD81F3&key=dg_yt0&ip=131.159.40.117&ipbits=0&expire=1502217092&sparams=ip,ipbits,expire,id,itag,source,requiressl,ms,ei,initcwndbps,mv,pl,mn,mm,ratebypass,mime,gir,clen,lmt,dur", "manifest_url": "https://manifest.googlevideo.com/api/manifest/dash/ms/au/sparams/as%2Cei%2Chfr%2Cid%2Cinitcwndbps%2Cip%2Cipbits%2Citag%2Cmm%2Cmn%2Cms%2Cmv%2Cpl%2Cplayback_host%2Crequiressl%2Csource%2Cexpire/ei/JK-JWaOoCMuscoK2urgO/ipbits/0/initcwndbps/4296250/mv/m/source/youtube/id/5a2eb797c33be471/mt/1502195370/requiressl/yes/signature/7D050C8250E1098ECD3ADBBA970C709B32A61C25.4D98565CEC7460D360358742F6FDA7D6C715FD6E/key/yt6/as/fmp4_audio_clear%2Cfmp4_sd_hd_clear/playback_host/r6---sn-4g5ednls.googlevideo.com/expire/1502217092/pl/16/itag/0/hfr/1/mn/sn-4g5ednls/mm/31/ip/131.159.40.117", "width": 854, "tbr": 1113.136, "asr": null, "fps": 25, "language": null, "filesize": 23333909, "acodec": "none", "format": "135 - 854x480 (DASH video)", "protocol": "https", "http_headers": {"User-Agent": "Mozilla/5.0 (X11; Linux x86_64; rv:10.0) Gecko/20150101 Firefox/47.0 (Chrome)", "Accept-Charset": "ISO-8859-1,utf-8;q=0.7,*;q=0.7", "Accept": "text/html,application/xhtml+xml,application/xml;q=0.9,*/*;q=0.8", "Accept-Encoding": "gzip, deflate", "Accept-Language": "en-us,en;q=0.5"}, "fulltitle": "Le p\u00f4le France de gymnastique acrobatique d'Antibes", "_filename": "Wi63l8M75HE.mp4"}