{"id": "FEL7rdDJzxM", "uploader": "canalsuradicto", "uploader_id": "canalsuradicto", "uploader_url": "http://www.youtube.com/user/canalsuradicto", "upload_date": "20101001", "license": "Standard YouTube License", "creator": null, "title": "Ana Cristina Ramirez  1/10/2010 - 21:17 - En formato 16:9 por primera vez", "alt_title": null, "thumbnail": "https://i.ytimg.com/vi/FEL7rdDJzxM/hqdefault.jpg", "description": "Cristina Granados 1/10/2010 - 15:03 - En formato 16:9 por primera vez", "categories": ["People & Blogs"], "tags": ["ana", "cristina", "ramirez"], "subtitles": {}, "automatic_captions": {}, "duration": 201, "age_limit": 0, "annotations": null, "chapters": [{"start_time": 903.0, "end_time": 201, "title": "Cristina Granados 1/10/2010 - - En formato 16:9 por primera vez"}], "webpage_url": "https://www.youtube.com/watch?v=FEL7rdDJzxM", "view_count": 5522, "like_count": 6, "dislike_count": 0, "average_rating": 5.0, "formats": [{"ext": "m4a", "format_note": "DASH audio", "acodec": "mp4a.40.5", "abr": 48, "container": "m4a_dash", "format_id": "139", "url": "https://r1---sn-xjpm-q0ns.googlevideo.com/videoplayback?id=1442fbadd0c9cf13&itag=139&source=youtube&requiressl=yes&ms=au&mv=u&pl=16&mm=31&mn=sn-xjpm-q0ns&ei=WEeKWaiRJJ7SVIX_toAL&ratebypass=yes&mime=audio/mp4&gir=yes&clen=1195944&lmt=1391542447887120&dur=200.991&mt=1502233965&signature=10E6D1E778F678F3CFCA6889CEC03ECD309DFDB3.79345C1B62F938EEFEA6BD6601B1E26D6D501130&key=dg_yt0&ip=131.159.40.117&ipbits=0&expire=1502256056&sparams=ip,ipbits,expire,id,itag,source,requiressl,ms,mv,pl,mm,mn,ei,ratebypass,mime,gir,clen,lmt,dur", "manifest_url": "https://manifest.googlevideo.com/api/manifest/dash/mt/1502233965/requiressl/yes/ip/131.159.40.117/ms/au/signature/9112CD6626BA0FD7ACDE1B7D2067623946D15B8D.40126CCD8AA9B0EB4C088C61D316AC12F04D2650/mv/u/sparams/as%2Cei%2Chfr%2Cid%2Cip%2Cipbits%2Citag%2Cmm%2Cmn%2Cms%2Cmv%2Cpl%2Cplayback_host%2Crequiressl%2Csource%2Cexpire/playback_host/r1---sn-xjpm-q0ns.googlevideo.com/pl/16/id/1442fbadd0c9cf13/hfr/1/source/youtube/ipbits/0/mm/31/itag/0/mn/sn-xjpm-q0ns/key/yt6/ei/WEeKWaiRJJ7SVIX_toAL/expire/1502256056/as/fmp4_audio_clear%2Cfmp4_sd_hd_clear", "width": null, "height": null, "tbr": 48.582, "asr": 22050, "fps": null, "language": null, "filesize": 1195944, "vcodec": "none", "format": "139 - audio only (DASH audio)", "protocol": "https", "http_headers": {"User-Agent": "Mozilla/5.0 (X11; Linux x86_64; rv:10.0) Gecko/20150101 Firefox/47.0 (Chrome)", "Accept-Charset": "ISO-8859-1,utf-8;q=0.7,*;q=0.7", "Accept": "text/html,application/xhtml+xml,application/xml;q=0.9,*/*;q=0.8", "Accept-Encoding": "gzip, deflate", "Accept-Language": "en-us,en;q=0.5"}}, {"format_id": "249", "url": "https://r1---sn-xjpm-q0ns.googlevideo.com/videoplayback?itag=249&clen=1272776&gir=yes&pl=16&expire=1502256056&ei=WEeKWaqoCcPYV5_jkJAI&mime=audio%2Fwebm&signature=1A6B320FCEE72C9BB506EC30E89D1E5A09F67A38.803162184BFC8B3E37FFD5A64CBAD75D030BE5E3&keepalive=yes&requiressl=yes&ipbits=0&sparams=clen%2Cdur%2Cei%2Cgir%2Cid%2Cip%2Cipbits%2Citag%2Ckeepalive%2Clmt%2Cmime%2Cmm%2Cmn%2Cms%2Cmv%2Cpl%2Crequiressl%2Csource%2Cexpire&key=yt6&ip=131.159.40.117&lmt=1426585722689354&mt=1502233965&ms=au&source=youtube&mv=u&dur=200.881&id=o-AI1KSCMSH6oKm220qzaIuJeF8emMqhKzS3cToS7GY-wH&mm=31&mn=sn-xjpm-q0ns&ratebypass=yes", "player_url": null, "ext": "webm", "format_note": "DASH audio", "acodec": "opus", "abr": 50, "filesize": 1272776, "tbr": 51.498, "vcodec": "none", "format": "249 - audio only (DASH audio)", "protocol": "https", "http_headers": {"User-Agent": "Mozilla/5.0 (X11; Linux x86_64; rv:10.0) Gecko/20150101 Firefox/47.0 (Chrome)", "Accept-Charset": "ISO-8859-1,utf-8;q=0.7,*;q=0.7", "Accept": "text/html,application/xhtml+xml,application/xml;q=0.9,*/*;q=0.8", "Accept-Encoding": "gzip, deflate", "Accept-Language": "en-us,en;q=0.5"}}, {"format_id": "250", "url": "https://r1---sn-xjpm-q0ns.googlevideo.com/videoplayback?itag=250&clen=1646246&gir=yes&pl=16&expire=1502256056&ei=WEeKWaqoCcPYV5_jkJAI&mime=audio%2Fwebm&signature=5FF00283DA6ABE8FC9B25EA0AA7273EF8B87A110.C8B6DB1CEC7EB3D2B3B372E29DBD4C2C4296BBB1&keepalive=yes&requiressl=yes&ipbits=0&sparams=clen%2Cdur%2Cei%2Cgir%2Cid%2Cip%2Cipbits%2Citag%2Ckeepalive%2Clmt%2Cmime%2Cmm%2Cmn%2Cms%2Cmv%2Cpl%2Crequiressl%2Csource%2Cexpire&key=yt6&ip=131.159.40.117&lmt=1426585717216609&mt=1502233965&ms=au&source=youtube&mv=u&dur=200.881&id=o-AI1KSCMSH6oKm220qzaIuJeF8emMqhKzS3cToS7GY-wH&mm=31&mn=sn-xjpm-q0ns&ratebypass=yes", "player_url": null, "ext": "webm", "format_note": "DASH audio", "acodec": "opus", "abr": 70, "filesize": 1646246, "tbr": 69.48, "vcodec": "none", "format": "250 - audio only (DASH audio)", "protocol": "https", "http_headers": {"User-Agent": "Mozilla/5.0 (X11; Linux x86_64; rv:10.0) Gecko/20150101 Firefox/47.0 (Chrome)", "Accept-Charset": "ISO-8859-1,utf-8;q=0.7,*;q=0.7", "Accept": "text/html,application/xhtml+xml,application/xml;q=0.9,*/*;q=0.8", "Accept-Encoding": "gzip, deflate", "Accept-Language": "en-us,en;q=0.5"}}, {"format_id": "171", "url": "https://r1---sn-xjpm-q0ns.googlevideo.com/videoplayback?itag=171&clen=2502445&gir=yes&pl=16&expire=1502256056&ei=WEeKWaqoCcPYV5_jkJAI&mime=audio%2Fwebm&signature=50802D99729B854ACDF50A2AE1C091942E855710.15BB17671BE13095F906BA4AF4EDC82F04BE92DB&keepalive=yes&requiressl=yes&ipbits=0&sparams=clen%2Cdur%2Cei%2Cgir%2Cid%2Cip%2Cipbits%2Citag%2Ckeepalive%2Clmt%2Cmime%2Cmm%2Cmn%2Cms%2Cmv%2Cpl%2Crequiressl%2Csource%2Cexpire&key=yt6&ip=131.159.40.117&lmt=1426585725380571&mt=1502233965&ms=au&source=youtube&mv=u&dur=200.886&id=o-AI1KSCMSH6oKm220qzaIuJeF8emMqhKzS3cToS7GY-wH&mm=31&mn=sn-xjpm-q0ns&ratebypass=yes", "player_url": null, "ext": "webm", "acodec": "vorbis", "format_note": "DASH audio", "abr": 128, "filesize": 2502445, "tbr": 101.563, "vcodec": "none", "format": "171 - audio only (DASH audio)", "protocol": "https", "http_headers": {"User-Agent": "Mozilla/5.0 (X11; Linux x86_64; rv:10.0) Gecko/20150101 Firefox/47.0 (Chrome)", "Accept-Charset": "ISO-8859-1,utf-8;q=0.7,*;q=0.7", "Accept": "text/html,application/xhtml+xml,application/xml;q=0.9,*/*;q=0.8", "Accept-Encoding": "gzip, deflate", "Accept-Language": "en-us,en;q=0.5"}}, {"ext": "m4a", "format_note": "DASH audio", "acodec": "mp4a.40.2", "abr": 128, "container": "m4a_dash", "format_id": "140", "url": "https://r1---sn-xjpm-q0ns.googlevideo.com/videoplayback?id=1442fbadd0c9cf13&itag=140&source=youtube&requiressl=yes&ms=au&mv=u&pl=16&mm=31&mn=sn-xjpm-q0ns&ei=WEeKWaiRJJ7SVIX_toAL&ratebypass=yes&mime=audio/mp4&gir=yes&clen=3192141&lmt=1391542444659155&dur=200.945&mt=1502233965&signature=5EBC425979FA6C1E4721039E0AE29790AEF17527.75F895DA19DA45BCFC75C33733918F471174CF5B&key=dg_yt0&ip=131.159.40.117&ipbits=0&expire=1502256056&sparams=ip,ipbits,expire,id,itag,source,requiressl,ms,mv,pl,mm,mn,ei,ratebypass,mime,gir,clen,lmt,dur", "manifest_url": "https://manifest.googlevideo.com/api/manifest/dash/mt/1502233965/requiressl/yes/ip/131.159.40.117/ms/au/signature/9112CD6626BA0FD7ACDE1B7D2067623946D15B8D.40126CCD8AA9B0EB4C088C61D316AC12F04D2650/mv/u/sparams/as%2Cei%2Chfr%2Cid%2Cip%2Cipbits%2Citag%2Cmm%2Cmn%2Cms%2Cmv%2Cpl%2Cplayback_host%2Crequiressl%2Csource%2Cexpire/playback_host/r1---sn-xjpm-q0ns.googlevideo.com/pl/16/id/1442fbadd0c9cf13/hfr/1/source/youtube/ipbits/0/mm/31/itag/0/mn/sn-xjpm-q0ns/key/yt6/ei/WEeKWaiRJJ7SVIX_toAL/expire/1502256056/as/fmp4_audio_clear%2Cfmp4_sd_hd_clear", "width": null, "height": null, "tbr": 127.907, "asr": 44100, "fps": null, "language": null, "filesize": 3192141, "vcodec": "none", "format": "140 - audio only (DASH audio)", "protocol": "https", "http_headers": {"User-Agent": "Mozilla/5.0 (X11; Linux x86_64; rv:10.0) Gecko/20150101 Firefox/47.0 (Chrome)", "Accept-Charset": "ISO-8859-1,utf-8;q=0.7,*;q=0.7", "Accept": "text/html,application/xhtml+xml,application/xml;q=0.9,*/*;q=0.8", "Accept-Encoding": "gzip, deflate", "Accept-Language": "en-us,en;q=0.5"}}, {"format_id": "251", "url": "https://r1---sn-xjpm-q0ns.googlevideo.com/videoplayback?itag=251&clen=4450249&gir=yes&pl=16&expire=1502256056&ei=WEeKWaqoCcPYV5_jkJAI&mime=audio%2Fwebm&signature=2F05D77F9B98CB3A8492BB5E5336D73E5DC1DCB9.9A29405203F9AB1919251CD11EB38075ECF1B2EC&keepalive=yes&requiressl=yes&ipbits=0&sparams=clen%2Cdur%2Cei%2Cgir%2Cid%2Cip%2Cipbits%2Citag%2Ckeepalive%2Clmt%2Cmime%2Cmm%2Cmn%2Cms%2Cmv%2Cpl%2Crequiressl%2Csource%2Cexpire&key=yt6&ip=131.159.40.117&lmt=1426585717393425&mt=1502233965&ms=au&source=youtube&mv=u&dur=200.881&id=o-AI1KSCMSH6oKm220qzaIuJeF8emMqhKzS3cToS7GY-wH&mm=31&mn=sn-xjpm-q0ns&ratebypass=yes", "player_url": null, "ext": "webm", "format_note": "DASH audio", "acodec": "opus", "abr": 160, "filesize": 4450249, "tbr": 184.637, "vcodec": "none", "format": "251 - audio only (DASH audio)", "protocol": "https", "http_headers": {"User-Agent": "Mozilla/5.0 (X11; Linux x86_64; rv:10.0) Gecko/20150101 Firefox/47.0 (Chrome)", "Accept-Charset": "ISO-8859-1,utf-8;q=0.7,*;q=0.7", "Accept": "text/html,application/xhtml+xml,application/xml;q=0.9,*/*;q=0.8", "Accept-Encoding": "gzip, deflate", "Accept-Language": "en-us,en;q=0.5"}}, {"ext": "mp4", "height": 144, "format_note": "DASH video", "vcodec": "avc1.4d400c", "format_id": "160", "url": "https://r1---sn-xjpm-q0ns.googlevideo.com/videoplayback?id=1442fbadd0c9cf13&itag=160&source=youtube&requiressl=yes&ms=au&mv=u&pl=16&mm=31&mn=sn-xjpm-q0ns&ei=WEeKWaiRJJ7SVIX_toAL&ratebypass=yes&mime=video/mp4&gir=yes&clen=2794551&lmt=1391542433094893&dur=200.873&mt=1502233965&signature=05DC8AB6AE909A77E4239E4768772847251D833E.25FCC7F2868608C3F25553F43AA1432869FC64CD&key=dg_yt0&ip=131.159.40.117&ipbits=0&expire=1502256056&sparams=ip,ipbits,expire,id,itag,source,requiressl,ms,mv,pl,mm,mn,ei,ratebypass,mime,gir,clen,lmt,dur", "manifest_url": "https://manifest.googlevideo.com/api/manifest/dash/mt/1502233965/requiressl/yes/ip/131.159.40.117/ms/au/signature/9112CD6626BA0FD7ACDE1B7D2067623946D15B8D.40126CCD8AA9B0EB4C088C61D316AC12F04D2650/mv/u/sparams/as%2Cei%2Chfr%2Cid%2Cip%2Cipbits%2Citag%2Cmm%2Cmn%2Cms%2Cmv%2Cpl%2Cplayback_host%2Crequiressl%2Csource%2Cexpire/playback_host/r1---sn-xjpm-q0ns.googlevideo.com/pl/16/id/1442fbadd0c9cf13/hfr/1/source/youtube/ipbits/0/mm/31/itag/0/mn/sn-xjpm-q0ns/key/yt6/ei/WEeKWaiRJJ7SVIX_toAL/expire/1502256056/as/fmp4_audio_clear%2Cfmp4_sd_hd_clear", "width": 256, "tbr": 129.125, "asr": null, "fps": 15, "language": null, "filesize": 2794551, "acodec": "none", "format": "160 - 256x144 (DASH video)", "protocol": "https", "http_headers": {"User-Agent": "Mozilla/5.0 (X11; Linux x86_64; rv:10.0) Gecko/20150101 Firefox/47.0 (Chrome)", "Accept-Charset": "ISO-8859-1,utf-8;q=0.7,*;q=0.7", "Accept": "text/html,application/xhtml+xml,application/xml;q=0.9,*/*;q=0.8", "Accept-Encoding": "gzip, deflate", "Accept-Language": "en-us,en;q=0.5"}}, {"format_id": "278", "url": "https://r1---sn-xjpm-q0ns.googlevideo.com/videoplayback?itag=278&clen=2319754&gir=yes&pl=16&expire=1502256056&ei=WEeKWaqoCcPYV5_jkJAI&mime=video%2Fwebm&signature=26EFFCE81C746F141C2559023351EBE1F004DD0A.03CC5C076AF8C4F8AC6A48C9C9F3A3BE6EBEE5D7&keepalive=yes&requiressl=yes&ipbits=0&sparams=clen%2Cdur%2Cei%2Cgir%2Cid%2Cip%2Cipbits%2Citag%2Ckeepalive%2Clmt%2Cmime%2Cmm%2Cmn%2Cms%2Cmv%2Cpl%2Crequiressl%2Csource%2Cexpire&key=yt6&ip=131.159.40.117&lmt=1426585861407922&mt=1502233965&ms=au&source=youtube&mv=u&dur=200.880&id=o-AI1KSCMSH6oKm220qzaIuJeF8emMqhKzS3cToS7GY-wH&mm=31&mn=sn-xjpm-q0ns&ratebypass=yes", "player_url": null, "ext": "webm", "height": 144, "format_note": "144p", "container": "webm", "vcodec": "vp9", "filesize": 2319754, "tbr": 150.473, "width": 256, "fps": 13, "acodec": "none", "format": "278 - 256x144 (144p)", "protocol": "https", "http_headers": {"User-Agent": "Mozilla/5.0 (X11; Linux x86_64; rv:10.0) Gecko/20150101 Firefox/47.0 (Chrome)", "Accept-Charset": "ISO-8859-1,utf-8;q=0.7,*;q=0.7", "Accept": "text/html,application/xhtml+xml,application/xml;q=0.9,*/*;q=0.8", "Accept-Encoding": "gzip, deflate", "Accept-Language": "en-us,en;q=0.5"}}, {"ext": "mp4", "height": 240, "format_note": "DASH video", "vcodec": "avc1.4d4015", "format_id": "133", "url": "https://r1---sn-xjpm-q0ns.googlevideo.com/videoplayback?id=1442fbadd0c9cf13&itag=133&source=youtube&requiressl=yes&ms=au&mv=u&pl=16&mm=31&mn=sn-xjpm-q0ns&ei=WEeKWaiRJJ7SVIX_toAL&ratebypass=yes&mime=video/mp4&gir=yes&clen=6189036&lmt=1391542436122903&dur=200.873&mt=1502233965&signature=4608C9743FBF5E8EC2F4C88179993CE604FC6367.07197E6A55398036060E7D3D7916DD30B94672C3&key=dg_yt0&ip=131.159.40.117&ipbits=0&expire=1502256056&sparams=ip,ipbits,expire,id,itag,source,requiressl,ms,mv,pl,mm,mn,ei,ratebypass,mime,gir,clen,lmt,dur", "manifest_url": "https://manifest.googlevideo.com/api/manifest/dash/mt/1502233965/requiressl/yes/ip/131.159.40.117/ms/au/signature/9112CD6626BA0FD7ACDE1B7D2067623946D15B8D.40126CCD8AA9B0EB4C088C61D316AC12F04D2650/mv/u/sparams/as%2Cei%2Chfr%2Cid%2Cip%2Cipbits%2Citag%2Cmm%2Cmn%2Cms%2Cmv%2Cpl%2Cplayback_host%2Crequiressl%2Csource%2Cexpire/playback_host/r1---sn-xjpm-q0ns.googlevideo.com/pl/16/id/1442fbadd0c9cf13/hfr/1/source/youtube/ipbits/0/mm/31/itag/0/mn/sn-xjpm-q0ns/key/yt6/ei/WEeKWaiRJJ7SVIX_toAL/expire/1502256056/as/fmp4_audio_clear%2Cfmp4_sd_hd_clear", "width": 426, "tbr": 276.16, "asr": null, "fps": 25, "language": null, "filesize": 6189036, "acodec": "none", "format": "133 - 426x240 (DASH video)", "protocol": "https", "http_headers": {"User-Agent": "Mozilla/5.0 (X11; Linux x86_64; rv:10.0) Gecko/20150101 Firefox/47.0 (Chrome)", "Accept-Charset": "ISO-8859-1,utf-8;q=0.7,*;q=0.7", "Accept": "text/html,application/xhtml+xml,application/xml;q=0.9,*/*;q=0.8", "Accept-Encoding": "gzip, deflate", "Accept-Language": "en-us,en;q=0.5"}}, {"format_id": "242", "url": "https://r1---sn-xjpm-q0ns.googlevideo.com/videoplayback?itag=242&clen=3043166&gir=yes&pl=16&expire=1502256056&ei=WEeKWaqoCcPYV5_jkJAI&mime=video%2Fwebm&signature=D930E77514B72F94D9A5EA7BF9C040B254617C92.AB3C68151EC09A726CA33C33FB047E5FA4A8ACD8&keepalive=yes&requiressl=yes&ipbits=0&sparams=clen%2Cdur%2Cei%2Cgir%2Cid%2Cip%2Cipbits%2Citag%2Ckeepalive%2Clmt%2Cmime%2Cmm%2Cmn%2Cms%2Cmv%2Cpl%2Crequiressl%2Csource%2Cexpire&key=yt6&ip=131.159.40.117&lmt=1426585733369878&mt=1502233965&ms=au&source=youtube&mv=u&dur=200.840&id=o-AI1KSCMSH6oKm220qzaIuJeF8emMqhKzS3cToS7GY-wH&mm=31&mn=sn-xjpm-q0ns&ratebypass=yes", "player_url": null, "ext": "webm", "height": 240, "format_note": "240p", "vcodec": "vp9", "filesize": 3043166, "tbr": 279.69, "width": 426, "fps": 25, "acodec": "none", "format": "242 - 426x240 (240p)", "protocol": "https", "http_headers": {"User-Agent": "Mozilla/5.0 (X11; Linux x86_64; rv:10.0) Gecko/20150101 Firefox/47.0 (Chrome)", "Accept-Charset": "ISO-8859-1,utf-8;q=0.7,*;q=0.7", "Accept": "text/html,application/xhtml+xml,application/xml;q=0.9,*/*;q=0.8", "Accept-Encoding": "gzip, deflate", "Accept-Language": "en-us,en;q=0.5"}}, {"format_id": "243", "url": "https://r1---sn-xjpm-q0ns.googlevideo.com/videoplayback?itag=243&clen=5596924&gir=yes&pl=16&expire=1502256056&ei=WEeKWaqoCcPYV5_jkJAI&mime=video%2Fwebm&signature=DD715A488056A676C36B068793454D04CCD1F423.0DF781834B433124A55B46A963A5CC33E2E02348&keepalive=yes&requiressl=yes&ipbits=0&sparams=clen%2Cdur%2Cei%2Cgir%2Cid%2Cip%2Cipbits%2Citag%2Ckeepalive%2Clmt%2Cmime%2Cmm%2Cmn%2Cms%2Cmv%2Cpl%2Crequiressl%2Csource%2Cexpire&key=yt6&ip=131.159.40.117&lmt=1426585758491169&mt=1502233965&ms=au&source=youtube&mv=u&dur=200.840&id=o-AI1KSCMSH6oKm220qzaIuJeF8emMqhKzS3cToS7GY-wH&mm=31&mn=sn-xjpm-q0ns&ratebypass=yes", "player_url": null, "ext": "webm", "height": 360, "format_note": "360p", "vcodec": "vp9", "filesize": 5596924, "tbr": 467.531, "width": 640, "fps": 25, "acodec": "none", "format": "243 - 640x360 (360p)", "protocol": "https", "http_headers": {"User-Agent": "Mozilla/5.0 (X11; Linux x86_64; rv:10.0) Gecko/20150101 Firefox/47.0 (Chrome)", "Accept-Charset": "ISO-8859-1,utf-8;q=0.7,*;q=0.7", "Accept": "text/html,application/xhtml+xml,application/xml;q=0.9,*/*;q=0.8", "Accept-Encoding": "gzip, deflate", "Accept-Language": "en-us,en;q=0.5"}}, {"ext": "mp4", "height": 360, "format_note": "DASH video", "vcodec": "avc1.4d401e", "format_id": "134", "url": "https://r1---sn-xjpm-q0ns.googlevideo.com/videoplayback?id=1442fbadd0c9cf13&itag=134&source=youtube&requiressl=yes&ms=au&mv=u&pl=16&mm=31&mn=sn-xjpm-q0ns&ei=WEeKWaiRJJ7SVIX_toAL&ratebypass=yes&mime=video/mp4&gir=yes&clen=6119542&lmt=1391542445382554&dur=200.873&mt=1502233965&signature=48304BB7837CDDF6A3B78DB2CDFB2B6B140D5A1F.17CD0D594CFA6C1E295E2969DFFDAE21D52E1419&key=dg_yt0&ip=131.159.40.117&ipbits=0&expire=1502256056&sparams=ip,ipbits,expire,id,itag,source,requiressl,ms,mv,pl,mm,mn,ei,ratebypass,mime,gir,clen,lmt,dur", "manifest_url": "https://manifest.googlevideo.com/api/manifest/dash/mt/1502233965/requiressl/yes/ip/131.159.40.117/ms/au/signature/9112CD6626BA0FD7ACDE1B7D2067623946D15B8D.40126CCD8AA9B0EB4C088C61D316AC12F04D2650/mv/u/sparams/as%2Cei%2Chfr%2Cid%2Cip%2Cipbits%2Citag%2Cmm%2Cmn%2Cms%2Cmv%2Cpl%2Cplayback_host%2Crequiressl%2Csource%2Cexpire/playback_host/r1---sn-xjpm-q0ns.googlevideo.com/pl/16/id/1442fbadd0c9cf13/hfr/1/source/youtube/ipbits/0/mm/31/itag/0/mn/sn-xjpm-q0ns/key/yt6/ei/WEeKWaiRJJ7SVIX_toAL/expire/1502256056/as/fmp4_audio_clear%2Cfmp4_sd_hd_clear", "width": 640, "tbr": 592.1, "asr": null, "fps": 25, "language": null, "filesize": 6119542, "acodec": "none", "format": "134 - 640x360 (DASH video)", "protocol": "https", "http_headers": {"User-Agent": "Mozilla/5.0 (X11; Linux x86_64; rv:10.0) Gecko/20150101 Firefox/47.0 (Chrome)", "Accept-Charset": "ISO-8859-1,utf-8;q=0.7,*;q=0.7", "Accept": "text/html,application/xhtml+xml,application/xml;q=0.9,*/*;q=0.8", "Accept-Encoding": "gzip, deflate", "Accept-Language": "en-us,en;q=0.5"}}, {"format_id": "244", "url": "https://r1---sn-xjpm-q0ns.googlevideo.com/videoplayback?itag=244&clen=9462881&gir=yes&pl=16&expire=1502256056&ei=WEeKWaqoCcPYV5_jkJAI&mime=video%2Fwebm&signature=42BC0B19A084AE4EA8B8C47E10AB869A23A06750.45C6F492654BE8661889F1D6999690E320BCC9FF&keepalive=yes&requiressl=yes&ipbits=0&sparams=clen%2Cdur%2Cei%2Cgir%2Cid%2Cip%2Cipbits%2Citag%2Ckeepalive%2Clmt%2Cmime%2Cmm%2Cmn%2Cms%2Cmv%2Cpl%2Crequiressl%2Csource%2Cexpire&key=yt6&ip=131.159.40.117&lmt=1426585779615896&mt=1502233965&ms=au&source=youtube&mv=u&dur=200.840&id=o-AI1KSCMSH6oKm220qzaIuJeF8emMqhKzS3cToS7GY-wH&mm=31&mn=sn-xjpm-q0ns&ratebypass=yes", "player_url": null, "ext": "webm", "height": 480, "format_note": "480p", "vcodec": "vp9", "filesize": 9462881, "tbr": 867.054, "width": 854, "fps": 25, "acodec": "none", "format": "244 - 854x480 (480p)", "protocol": "https", "http_headers": {"User-Agent": "Mozilla/5.0 (X11; Linux x86_64; rv:10.0) Gecko/20150101 Firefox/47.0 (Chrome)", "Accept-Charset": "ISO-8859-1,utf-8;q=0.7,*;q=0.7", "Accept": "text/html,application/xhtml+xml,application/xml;q=0.9,*/*;q=0.8", "Accept-Encoding": "gzip, deflate", "Accept-Language": "en-us,en;q=0.5"}}, {"ext": "mp4", "height": 480, "format_note": "DASH video", "vcodec": "avc1.4d401e", "format_id": "135", "url": "https://r1---sn-xjpm-q0ns.googlevideo.com/videoplayback?id=1442fbadd0c9cf13&itag=135&source=youtube&requiressl=yes&ms=au&mv=u&pl=16&mm=31&mn=sn-xjpm-q0ns&ei=WEeKWaiRJJ7SVIX_toAL&ratebypass=yes&mime=video/mp4&gir=yes&clen=13132498&lmt=1391542484867315&dur=200.873&mt=1502233965&signature=1A646D79E535DBF521A57272FD630EE7A73EEFE8.7BDEE3700A576934EB80DFDE51F6143FB7A45D09&key=dg_yt0&ip=131.159.40.117&ipbits=0&expire=1502256056&sparams=ip,ipbits,expire,id,itag,source,requiressl,ms,mv,pl,mm,mn,ei,ratebypass,mime,gir,clen,lmt,dur", "manifest_url": "https://manifest.googlevideo.com/api/manifest/dash/mt/1502233965/requiressl/yes/ip/131.159.40.117/ms/au/signature/9112CD6626BA0FD7ACDE1B7D2067623946D15B8D.40126CCD8AA9B0EB4C088C61D316AC12F04D2650/mv/u/sparams/as%2Cei%2Chfr%2Cid%2Cip%2Cipbits%2Citag%2Cmm%2Cmn%2Cms%2Cmv%2Cpl%2Cplayback_host%2Crequiressl%2Csource%2Cexpire/playback_host/r1---sn-xjpm-q0ns.googlevideo.com/pl/16/id/1442fbadd0c9cf13/hfr/1/source/youtube/ipbits/0/mm/31/itag/0/mn/sn-xjpm-q0ns/key/yt6/ei/WEeKWaiRJJ7SVIX_toAL/expire/1502256056/as/fmp4_audio_clear%2Cfmp4_sd_hd_clear", "width": 854, "tbr": 1091.463, "asr": null, "fps": 25, "language": null, "filesize": 13132498, "acodec": "none", "format": "135 - 854x480 (DASH video)", "protocol": "https", "http_headers": {"User-Agent": "Mozilla/5.0 (X11; Linux x86_64; rv:10.0) Gecko/20150101 Firefox/47.0 (Chrome)", "Accept-Charset": "ISO-8859-1,utf-8;q=0.7,*;q=0.7", "Accept": "text/html,application/xhtml+xml,application/xml;q=0.9,*/*;q=0.8", "Accept-Encoding": "gzip, deflate", "Accept-Language": "en-us,en;q=0.5"}}, {"format_id": "17", "url": "https://r1---sn-xjpm-q0ns.googlevideo.com/videoplayback?itag=17&clen=2051488&requiressl=yes&gir=yes&pl=16&expire=1502256056&ei=WEeKWaqoCcPYV5_jkJAI&ipbits=0&sparams=clen%2Cdur%2Cei%2Cgir%2Cid%2Cip%2Cipbits%2Citag%2Clmt%2Cmime%2Cmm%2Cmn%2Cms%2Cmv%2Cpl%2Crequiressl%2Csource%2Cexpire&dur=201.224&key=yt6&ip=131.159.40.117&lmt=1391542550404186&mt=1502233965&ms=au&source=youtube&mv=u&mime=video%2F3gpp&id=o-AI1KSCMSH6oKm220qzaIuJeF8emMqhKzS3cToS7GY-wH&mm=31&signature=424FF5DCE5158495D94738EC4E841244F226CCE4.E195511DF4D334D9622DA74F74F6CEAF1AA71D45&mn=sn-xjpm-q0ns&ratebypass=yes", "player_url": null, "ext": "3gp", "width": 176, "height": 144, "acodec": "mp4a.40.2", "abr": 24, "vcodec": "mp4v.20.3", "resolution": "176x144", "format_note": "small", "format": "17 - 176x144 (small)", "protocol": "https", "http_headers": {"User-Agent": "Mozilla/5.0 (X11; Linux x86_64; rv:10.0) Gecko/20150101 Firefox/47.0 (Chrome)", "Accept-Charset": "ISO-8859-1,utf-8;q=0.7,*;q=0.7", "Accept": "text/html,application/xhtml+xml,application/xml;q=0.9,*/*;q=0.8", "Accept-Encoding": "gzip, deflate", "Accept-Language": "en-us,en;q=0.5"}}, {"format_id": "36", "url": "https://r1---sn-xjpm-q0ns.googlevideo.com/videoplayback?itag=36&clen=5662864&requiressl=yes&gir=yes&pl=16&expire=1502256056&ei=WEeKWaqoCcPYV5_jkJAI&ipbits=0&sparams=clen%2Cdur%2Cei%2Cgir%2Cid%2Cip%2Cipbits%2Citag%2Clmt%2Cmime%2Cmm%2Cmn%2Cms%2Cmv%2Cpl%2Crequiressl%2Csource%2Cexpire&dur=201.084&key=yt6&ip=131.159.40.117&lmt=1427637049990475&mt=1502233965&ms=au&source=youtube&mv=u&mime=video%2F3gpp&id=o-AI1KSCMSH6oKm220qzaIuJeF8emMqhKzS3cToS7GY-wH&mm=31&signature=291C7F04F845B6CD19BDB8B3DE1E2797CB971700.9F603FE72A59B9B5C9C74BF41A5609928838F188&mn=sn-xjpm-q0ns&ratebypass=yes", "player_url": null, "ext": "3gp", "width": 320, "acodec": "mp4a.40.2", "vcodec": "mp4v.20.3", "resolution": "320x180", "height": 180, "format_note": "small", "format": "36 - 320x180 (small)", "protocol": "https", "http_headers": {"User-Agent": "Mozilla/5.0 (X11; Linux x86_64; rv:10.0) Gecko/20150101 Firefox/47.0 (Chrome)", "Accept-Charset": "ISO-8859-1,utf-8;q=0.7,*;q=0.7", "Accept": "text/html,application/xhtml+xml,application/xml;q=0.9,*/*;q=0.8", "Accept-Encoding": "gzip, deflate", "Accept-Language": "en-us,en;q=0.5"}}, {"format_id": "43", "url": "https://r1---sn-xjpm-q0ns.googlevideo.com/videoplayback?itag=43&clen=11088757&gir=yes&pl=16&expire=1502256056&ei=WEeKWaqoCcPYV5_jkJAI&mime=video%2Fwebm&signature=155ECBB4FC9B12C134D1F7D0F241EF45116143FD.3F05623FFB97CD63564F1088731BB7CE35265357&requiressl=yes&ratebypass=yes&ipbits=0&sparams=clen%2Cdur%2Cei%2Cgir%2Cid%2Cip%2Cipbits%2Citag%2Clmt%2Cmime%2Cmm%2Cmn%2Cms%2Cmv%2Cpl%2Cratebypass%2Crequiressl%2Csource%2Cexpire&key=yt6&ip=131.159.40.117&lmt=1297683630441762&mt=1502233965&ms=au&source=youtube&mv=u&dur=0.000&id=o-AI1KSCMSH6oKm220qzaIuJeF8emMqhKzS3cToS7GY-wH&mm=31&mn=sn-xjpm-q0ns", "player_url": null, "ext": "webm", "width": 640, "height": 360, "acodec": "vorbis", "abr": 128, "vcodec": "vp8.0", "resolution": "640x360", "format_note": "medium", "format": "43 - 640x360 (medium)", "protocol": "https", "http_headers": {"User-Agent": "Mozilla/5.0 (X11; Linux x86_64; rv:10.0) Gecko/20150101 Firefox/47.0 (Chrome)", "Accept-Charset": "ISO-8859-1,utf-8;q=0.7,*;q=0.7", "Accept": "text/html,application/xhtml+xml,application/xml;q=0.9,*/*;q=0.8", "Accept-Encoding": "gzip, deflate", "Accept-Language": "en-us,en;q=0.5"}}, {"format_id": "18", "url": "https://r1---sn-xjpm-q0ns.googlevideo.com/videoplayback?itag=18&clen=9751508&gir=yes&pl=16&expire=1502256056&ei=WEeKWaqoCcPYV5_jkJAI&mime=video%2Fmp4&signature=D8AE4A1D7A7102D5F87933B2FAE4EF0A4B4A433D.6859DBB360794BE4CC154B1D0FBB0CAC0BFDF0F7&requiressl=yes&ratebypass=yes&ipbits=0&sparams=clen%2Cdur%2Cei%2Cgir%2Cid%2Cip%2Cipbits%2Citag%2Clmt%2Cmime%2Cmm%2Cmn%2Cms%2Cmv%2Cpl%2Cratebypass%2Crequiressl%2Csource%2Cexpire&key=yt6&ip=131.159.40.117&lmt=1391542531739000&mt=1502233965&ms=au&source=youtube&mv=u&dur=200.945&id=o-AI1KSCMSH6oKm220qzaIuJeF8emMqhKzS3cToS7GY-wH&mm=31&mn=sn-xjpm-q0ns", "player_url": null, "ext": "mp4", "width": 640, "height": 360, "acodec": "mp4a.40.2", "abr": 96, "vcodec": "avc1.42001E", "resolution": "640x360", "format_note": "medium", "format": "18 - 640x360 (medium)", "protocol": "https", "http_headers": {"User-Agent": "Mozilla/5.0 (X11; Linux x86_64; rv:10.0) Gecko/20150101 Firefox/47.0 (Chrome)", "Accept-Charset": "ISO-8859-1,utf-8;q=0.7,*;q=0.7", "Accept": "text/html,application/xhtml+xml,application/xml;q=0.9,*/*;q=0.8", "Accept-Encoding": "gzip, deflate", "Accept-Language": "en-us,en;q=0.5"}}], "is_live": null, "start_time": null, "end_time": null, "series": null, "season_number": null, "episode_number": null, "extractor": "youtube", "webpage_url_basename": "FEL7rdDJzxM", "extractor_key": "Youtube", "playlist": null, "playlist_index": null, "thumbnails": [{"url": "https://i.ytimg.com/vi/FEL7rdDJzxM/hqdefault.jpg", "id": "0"}], "display_id": "FEL7rdDJzxM", "ext": "mp4", "height": 480, "format_note": "DASH video", "vcodec": "avc1.4d401e", "format_id": "135", "url": "https://r1---sn-xjpm-q0ns.googlevideo.com/videoplayback?id=1442fbadd0c9cf13&itag=135&source=youtube&requiressl=yes&ms=au&mv=u&pl=16&mm=31&mn=sn-xjpm-q0ns&ei=WEeKWaiRJJ7SVIX_toAL&ratebypass=yes&mime=video/mp4&gir=yes&clen=13132498&lmt=1391542484867315&dur=200.873&mt=1502233965&signature=1A646D79E535DBF521A57272FD630EE7A73EEFE8.7BDEE3700A576934EB80DFDE51F6143FB7A45D09&key=dg_yt0&ip=131.159.40.117&ipbits=0&expire=1502256056&sparams=ip,ipbits,expire,id,itag,source,requiressl,ms,mv,pl,mm,mn,ei,ratebypass,mime,gir,clen,lmt,dur", "manifest_url": "https://manifest.googlevideo.com/api/manifest/dash/mt/1502233965/requiressl/yes/ip/131.159.40.117/ms/au/signature/9112CD6626BA0FD7ACDE1B7D2067623946D15B8D.40126CCD8AA9B0EB4C088C61D316AC12F04D2650/mv/u/sparams/as%2Cei%2Chfr%2Cid%2Cip%2Cipbits%2Citag%2Cmm%2Cmn%2Cms%2Cmv%2Cpl%2Cplayback_host%2Crequiressl%2Csource%2Cexpire/playback_host/r1---sn-xjpm-q0ns.googlevideo.com/pl/16/id/1442fbadd0c9cf13/hfr/1/source/youtube/ipbits/0/mm/31/itag/0/mn/sn-xjpm-q0ns/key/yt6/ei/WEeKWaiRJJ7SVIX_toAL/expire/1502256056/as/fmp4_audio_clear%2Cfmp4_sd_hd_clear", "width": 854, "tbr": 1091.463, "asr": null, "fps": 25, "language": null, "filesize": 13132498, "acodec": "none", "format": "135 - 854x480 (DASH video)", "protocol": "https", "http_headers": {"User-Agent": "Mozilla/5.0 (X11; Linux x86_64; rv:10.0) Gecko/20150101 Firefox/47.0 (Chrome)", "Accept-Charset": "ISO-8859-1,utf-8;q=0.7,*;q=0.7", "Accept": "text/html,application/xhtml+xml,application/xml;q=0.9,*/*;q=0.8", "Accept-Encoding": "gzip, deflate", "Accept-Language": "en-us,en;q=0.5"}, "fulltitle": "Ana Cristina Ramirez  1/10/2010 - 21:17 - En formato 16:9 por primera vez", "_filename": "FEL7rdDJzxM.mp4"}