{"id": "xHTfDsJrI9g", "uploader": "RT en Espa\u00f1ol", "uploader_id": "ActualidadRT", "uploader_url": "http://www.youtube.com/user/ActualidadRT", "upload_date": "20141110", "license": "Standard YouTube License", "creator": null, "title": "Manifestantes toman aeropuerto durante 3 horas por los 43 estudiantes desaparecidos", "alt_title": null, "thumbnail": "https://i.ytimg.com/vi/xHTfDsJrI9g/maxresdefault.jpg", "description": "En M\u00e9xico, miles de personas tomaron durante 3 horas el aeropuerto internacional de Acapulco en el marco de una protesta por la desaparici\u00f3n de los 43 estudiantes. Los activistas, entre ellos maestros y familiares de los normalistas, acordaron con el personal de la terminal que la ocupaci\u00f3n fuese pac\u00edfica. Emma Torres nos cuenta c\u00f3mo transcurri\u00f3 la manifestaci\u00f3n.\n\n\u00a1Suscr\u00edbete a RT en espa\u00f1ol!\nhttp://www.youtube.com/user/ActualidadRT?sub_confirmation=1\n\nRT en Twitter: https://twitter.com/ActualidadRT\nRT en Facebook: https://www.facebook.com/ActualidadRT\nRT en Google+: https://plus.google.com/+RTenEspanol/posts\nRT en Vkontakte: http://vk.com/actualidadrt\n\nVea nuestra se\u00f1al en vivo: http://actualidad.rt.com/en_vivo\n\nRT EN ESPA\u00d1OL: DESDE RUSIA CON INFORMACI\u00d3N", "categories": ["News & Politics"], "tags": ["rt", "rt espa\u00f1ol", "estudiantes", "normalistas", "aeropuerto", "mexico", "m\u00e9xico", "acapulco", "desaparecidos", "narcos", "narcotr\u00e1fico", "cartel", "delincuencia", "crimen", "criminales", "bandas", "criminalidad", "america", "iguala", "guerrero", "policia", "protestas", "emma torres", "activistas", "manifestacion", "enfrentamientos", "choques"], "subtitles": {}, "automatic_captions": {}, "duration": 218, "age_limit": 0, "annotations": null, "chapters": null, "webpage_url": "https://www.youtube.com/watch?v=xHTfDsJrI9g", "view_count": 14054, "like_count": 138, "dislike_count": 10, "average_rating": 4.7297296524, "formats": [{"ext": "m4a", "format_note": "DASH audio", "acodec": "mp4a.40.5", "abr": 48, "container": "m4a_dash", "format_id": "139", "url": "https://r6---sn-4g5e6ne6.googlevideo.com/videoplayback?id=c474df0ec26b23d8&itag=139&source=youtube&requiressl=yes&mv=m&ms=au&ei=HJCJWfWOMpCCVJqxi_gD&pl=16&initcwndbps=4822500&mn=sn-4g5e6ne6&mm=31&ratebypass=yes&mime=audio/mp4&gir=yes&clen=1314107&lmt=1416236347967645&dur=217.709&mt=1502187418&key=dg_yt0&signature=99A293F80BAA8F157D75F9916CBEABE3904D66BE.0BA42F5A72D327C06E2C23B02ABEABA4CB632642&ip=131.159.40.117&ipbits=0&expire=1502209148&sparams=ip,ipbits,expire,id,itag,source,requiressl,mv,ms,ei,pl,initcwndbps,mn,mm,ratebypass,mime,gir,clen,lmt,dur", "manifest_url": "https://manifest.googlevideo.com/api/manifest/dash/as/fmp4_audio_clear%2Cfmp4_sd_hd_clear/mv/m/source/youtube/ms/au/itag/0/ei/HJCJWfWOMpCCVJqxi_gD/sparams/as%2Cei%2Chfr%2Cid%2Cinitcwndbps%2Cip%2Cipbits%2Citag%2Cmm%2Cmn%2Cms%2Cmv%2Cpl%2Cplayback_host%2Crequiressl%2Csource%2Cexpire/requiressl/yes/ip/131.159.40.117/pl/16/playback_host/r6---sn-4g5e6ne6.googlevideo.com/mt/1502187418/expire/1502209148/initcwndbps/4822500/mn/sn-4g5e6ne6/hfr/1/mm/31/ipbits/0/key/yt6/signature/ABC88825970ED887215F922876029494DBB96E41.98D3A63D4ADA24630FF1C2681590B7AA5A8DC832/id/c474df0ec26b23d8", "width": null, "height": null, "tbr": 49.117, "asr": 22050, "fps": null, "language": null, "filesize": 1314107, "vcodec": "none", "format": "139 - audio only (DASH audio)", "protocol": "https", "http_headers": {"User-Agent": "Mozilla/5.0 (X11; Linux x86_64; rv:10.0) Gecko/20150101 Firefox/47.0 (Chrome)", "Accept-Charset": "ISO-8859-1,utf-8;q=0.7,*;q=0.7", "Accept": "text/html,application/xhtml+xml,application/xml;q=0.9,*/*;q=0.8", "Accept-Encoding": "gzip, deflate", "Accept-Language": "en-us,en;q=0.5"}}, {"format_id": "249", "url": "https://r6---sn-4g5ednll.googlevideo.com/videoplayback?keepalive=yes&ipbits=0&mm=31&mn=sn-4g5ednll&ei=HJCJWb7nFcqQVI3vquAB&itag=249&ms=au&mt=1502187418&mv=m&sparams=clen%2Cdur%2Cei%2Cgir%2Cid%2Cinitcwndbps%2Cip%2Cipbits%2Citag%2Ckeepalive%2Clmt%2Cmime%2Cmm%2Cmn%2Cms%2Cmv%2Cpl%2Crequiressl%2Csource%2Cexpire&gir=yes&signature=DED7E1EEC2EDCF7B9EEA7C5B678B54C914D0C165.40B8F512AD25FCF2B80ED7916CC2F54D4A8CFC21&ip=131.159.40.117&requiressl=yes&id=o-AGj0SpWpBz5lHAd-6Fm9YBaZTqddSxhrYlJQBArsYP4d&lmt=1415992092440377&source=youtube&dur=217.601&key=yt6&initcwndbps=4822500&mime=audio%2Fwebm&pl=16&clen=1402013&expire=1502209148&ratebypass=yes", "player_url": null, "ext": "webm", "format_note": "DASH audio", "acodec": "opus", "abr": 50, "filesize": 1402013, "tbr": 54.941, "vcodec": "none", "format": "249 - audio only (DASH audio)", "protocol": "https", "http_headers": {"User-Agent": "Mozilla/5.0 (X11; Linux x86_64; rv:10.0) Gecko/20150101 Firefox/47.0 (Chrome)", "Accept-Charset": "ISO-8859-1,utf-8;q=0.7,*;q=0.7", "Accept": "text/html,application/xhtml+xml,application/xml;q=0.9,*/*;q=0.8", "Accept-Encoding": "gzip, deflate", "Accept-Language": "en-us,en;q=0.5"}}, {"format_id": "250", "url": "https://r6---sn-4g5ednll.googlevideo.com/videoplayback?keepalive=yes&ipbits=0&mm=31&mn=sn-4g5ednll&ei=HJCJWb7nFcqQVI3vquAB&itag=250&ms=au&mt=1502187418&mv=m&sparams=clen%2Cdur%2Cei%2Cgir%2Cid%2Cinitcwndbps%2Cip%2Cipbits%2Citag%2Ckeepalive%2Clmt%2Cmime%2Cmm%2Cmn%2Cms%2Cmv%2Cpl%2Crequiressl%2Csource%2Cexpire&gir=yes&signature=CCB72D1C0501D8FBD55A2AE85BA97ECD13D4D06D.A7DCBA5A50B63D7E72C80753EDBC0F2AFEA2D498&ip=131.159.40.117&requiressl=yes&id=o-AGj0SpWpBz5lHAd-6Fm9YBaZTqddSxhrYlJQBArsYP4d&lmt=1415991415588543&source=youtube&dur=217.601&key=yt6&initcwndbps=4822500&mime=audio%2Fwebm&pl=16&clen=1797670&expire=1502209148&ratebypass=yes", "player_url": null, "ext": "webm", "format_note": "DASH audio", "acodec": "opus", "abr": 70, "filesize": 1797670, "tbr": 76.544, "vcodec": "none", "format": "250 - audio only (DASH audio)", "protocol": "https", "http_headers": {"User-Agent": "Mozilla/5.0 (X11; Linux x86_64; rv:10.0) Gecko/20150101 Firefox/47.0 (Chrome)", "Accept-Charset": "ISO-8859-1,utf-8;q=0.7,*;q=0.7", "Accept": "text/html,application/xhtml+xml,application/xml;q=0.9,*/*;q=0.8", "Accept-Encoding": "gzip, deflate", "Accept-Language": "en-us,en;q=0.5"}}, {"format_id": "171", "url": "https://r6---sn-4g5ednll.googlevideo.com/videoplayback?keepalive=yes&ipbits=0&mm=31&mn=sn-4g5ednll&ei=HJCJWb7nFcqQVI3vquAB&itag=171&ms=au&mt=1502187418&mv=m&sparams=clen%2Cdur%2Cei%2Cgir%2Cid%2Cinitcwndbps%2Cip%2Cipbits%2Citag%2Ckeepalive%2Clmt%2Cmime%2Cmm%2Cmn%2Cms%2Cmv%2Cpl%2Crequiressl%2Csource%2Cexpire&gir=yes&signature=626D6AB599A55AB939259D14214EF90DA0BC844D.3CFF82670C6EEE03A2A2F7CF9F5795D33EA5C7E0&ip=131.159.40.117&requiressl=yes&id=o-AGj0SpWpBz5lHAd-6Fm9YBaZTqddSxhrYlJQBArsYP4d&lmt=1415991416167544&source=youtube&dur=217.603&key=yt6&initcwndbps=4822500&mime=audio%2Fwebm&pl=16&clen=2060471&expire=1502209148&ratebypass=yes", "player_url": null, "ext": "webm", "acodec": "vorbis", "format_note": "DASH audio", "abr": 128, "filesize": 2060471, "tbr": 78.974, "vcodec": "none", "format": "171 - audio only (DASH audio)", "protocol": "https", "http_headers": {"User-Agent": "Mozilla/5.0 (X11; Linux x86_64; rv:10.0) Gecko/20150101 Firefox/47.0 (Chrome)", "Accept-Charset": "ISO-8859-1,utf-8;q=0.7,*;q=0.7", "Accept": "text/html,application/xhtml+xml,application/xml;q=0.9,*/*;q=0.8", "Accept-Encoding": "gzip, deflate", "Accept-Language": "en-us,en;q=0.5"}}, {"ext": "m4a", "format_note": "DASH audio", "acodec": "mp4a.40.2", "abr": 128, "container": "m4a_dash", "format_id": "140", "url": "https://r6---sn-4g5e6ne6.googlevideo.com/videoplayback?id=c474df0ec26b23d8&itag=140&source=youtube&requiressl=yes&mv=m&ms=au&ei=HJCJWfWOMpCCVJqxi_gD&pl=16&initcwndbps=4822500&mn=sn-4g5e6ne6&mm=31&ratebypass=yes&mime=audio/mp4&gir=yes&clen=3495204&lmt=1416236346742990&dur=217.663&mt=1502187418&key=dg_yt0&signature=742AAC02A196A24E1F75C7A06BC00BBAC1C1D4A1.7E0160C6A3C6DEBE60BFA569C3CE94B1140D6918&ip=131.159.40.117&ipbits=0&expire=1502209148&sparams=ip,ipbits,expire,id,itag,source,requiressl,mv,ms,ei,pl,initcwndbps,mn,mm,ratebypass,mime,gir,clen,lmt,dur", "manifest_url": "https://manifest.googlevideo.com/api/manifest/dash/as/fmp4_audio_clear%2Cfmp4_sd_hd_clear/mv/m/source/youtube/ms/au/itag/0/ei/HJCJWfWOMpCCVJqxi_gD/sparams/as%2Cei%2Chfr%2Cid%2Cinitcwndbps%2Cip%2Cipbits%2Citag%2Cmm%2Cmn%2Cms%2Cmv%2Cpl%2Cplayback_host%2Crequiressl%2Csource%2Cexpire/requiressl/yes/ip/131.159.40.117/pl/16/playback_host/r6---sn-4g5e6ne6.googlevideo.com/mt/1502187418/expire/1502209148/initcwndbps/4822500/mn/sn-4g5e6ne6/hfr/1/mm/31/ipbits/0/key/yt6/signature/ABC88825970ED887215F922876029494DBB96E41.98D3A63D4ADA24630FF1C2681590B7AA5A8DC832/id/c474df0ec26b23d8", "width": null, "height": null, "tbr": 129.326, "asr": 44100, "fps": null, "language": null, "filesize": 3495204, "vcodec": "none", "format": "140 - audio only (DASH audio)", "protocol": "https", "http_headers": {"User-Agent": "Mozilla/5.0 (X11; Linux x86_64; rv:10.0) Gecko/20150101 Firefox/47.0 (Chrome)", "Accept-Charset": "ISO-8859-1,utf-8;q=0.7,*;q=0.7", "Accept": "text/html,application/xhtml+xml,application/xml;q=0.9,*/*;q=0.8", "Accept-Encoding": "gzip, deflate", "Accept-Language": "en-us,en;q=0.5"}}, {"format_id": "251", "url": "https://r6---sn-4g5ednll.googlevideo.com/videoplayback?keepalive=yes&ipbits=0&mm=31&mn=sn-4g5ednll&ei=HJCJWb7nFcqQVI3vquAB&itag=251&ms=au&mt=1502187418&mv=m&sparams=clen%2Cdur%2Cei%2Cgir%2Cid%2Cinitcwndbps%2Cip%2Cipbits%2Citag%2Ckeepalive%2Clmt%2Cmime%2Cmm%2Cmn%2Cms%2Cmv%2Cpl%2Crequiressl%2Csource%2Cexpire&gir=yes&signature=4FDC6D92FDE6F34B1B7E8C3E16C4285445FD3C77.0174D38CAFD846EE8A95F69B65B5530F16AE63DD&ip=131.159.40.117&requiressl=yes&id=o-AGj0SpWpBz5lHAd-6Fm9YBaZTqddSxhrYlJQBArsYP4d&lmt=1415992092441088&source=youtube&dur=217.601&key=yt6&initcwndbps=4822500&mime=audio%2Fwebm&pl=16&clen=5214505&expire=1502209148&ratebypass=yes", "player_url": null, "ext": "webm", "format_note": "DASH audio", "acodec": "opus", "abr": 160, "filesize": 5214505, "tbr": 202.349, "vcodec": "none", "format": "251 - audio only (DASH audio)", "protocol": "https", "http_headers": {"User-Agent": "Mozilla/5.0 (X11; Linux x86_64; rv:10.0) Gecko/20150101 Firefox/47.0 (Chrome)", "Accept-Charset": "ISO-8859-1,utf-8;q=0.7,*;q=0.7", "Accept": "text/html,application/xhtml+xml,application/xml;q=0.9,*/*;q=0.8", "Accept-Encoding": "gzip, deflate", "Accept-Language": "en-us,en;q=0.5"}}, {"ext": "mp4", "height": 144, "format_note": "DASH video", "vcodec": "avc1.4d400c", "format_id": "160", "url": "https://r6---sn-4g5e6ne6.googlevideo.com/videoplayback?id=c474df0ec26b23d8&itag=160&source=youtube&requiressl=yes&mv=m&ms=au&ei=HJCJWfWOMpCCVJqxi_gD&pl=16&initcwndbps=4822500&mn=sn-4g5e6ne6&mm=31&ratebypass=yes&mime=video/mp4&gir=yes&clen=2993521&lmt=1416236348850309&dur=217.440&mt=1502187418&key=dg_yt0&signature=7AF47280D8E034A0C464B72E6B1B8439E3FE425B.616648A40886BE09106A3F3C97EB4FDFEEB9969B&ip=131.159.40.117&ipbits=0&expire=1502209148&sparams=ip,ipbits,expire,id,itag,source,requiressl,mv,ms,ei,pl,initcwndbps,mn,mm,ratebypass,mime,gir,clen,lmt,dur", "manifest_url": "https://manifest.googlevideo.com/api/manifest/dash/as/fmp4_audio_clear%2Cfmp4_sd_hd_clear/mv/m/source/youtube/ms/au/itag/0/ei/HJCJWfWOMpCCVJqxi_gD/sparams/as%2Cei%2Chfr%2Cid%2Cinitcwndbps%2Cip%2Cipbits%2Citag%2Cmm%2Cmn%2Cms%2Cmv%2Cpl%2Cplayback_host%2Crequiressl%2Csource%2Cexpire/requiressl/yes/ip/131.159.40.117/pl/16/playback_host/r6---sn-4g5e6ne6.googlevideo.com/mt/1502187418/expire/1502209148/initcwndbps/4822500/mn/sn-4g5e6ne6/hfr/1/mm/31/ipbits/0/key/yt6/signature/ABC88825970ED887215F922876029494DBB96E41.98D3A63D4ADA24630FF1C2681590B7AA5A8DC832/id/c474df0ec26b23d8", "width": 256, "tbr": 111.905, "asr": null, "fps": 13, "language": null, "filesize": 2993521, "acodec": "none", "format": "160 - 256x144 (DASH video)", "protocol": "https", "http_headers": {"User-Agent": "Mozilla/5.0 (X11; Linux x86_64; rv:10.0) Gecko/20150101 Firefox/47.0 (Chrome)", "Accept-Charset": "ISO-8859-1,utf-8;q=0.7,*;q=0.7", "Accept": "text/html,application/xhtml+xml,application/xml;q=0.9,*/*;q=0.8", "Accept-Encoding": "gzip, deflate", "Accept-Language": "en-us,en;q=0.5"}}, {"ext": "mp4", "height": 240, "format_note": "DASH video", "vcodec": "avc1.4d4015", "format_id": "133", "url": "https://r6---sn-4g5e6ne6.googlevideo.com/videoplayback?id=c474df0ec26b23d8&itag=133&source=youtube&requiressl=yes&mv=m&ms=au&ei=HJCJWfWOMpCCVJqxi_gD&pl=16&initcwndbps=4822500&mn=sn-4g5e6ne6&mm=31&ratebypass=yes&mime=video/mp4&gir=yes&clen=6666232&lmt=1416236349053074&dur=217.400&mt=1502187418&key=dg_yt0&signature=70A2D76E05B7396757990D16FE5820F156A44874.719A40C684F081014B567F1401049F1E35E1BA81&ip=131.159.40.117&ipbits=0&expire=1502209148&sparams=ip,ipbits,expire,id,itag,source,requiressl,mv,ms,ei,pl,initcwndbps,mn,mm,ratebypass,mime,gir,clen,lmt,dur", "manifest_url": "https://manifest.googlevideo.com/api/manifest/dash/as/fmp4_audio_clear%2Cfmp4_sd_hd_clear/mv/m/source/youtube/ms/au/itag/0/ei/HJCJWfWOMpCCVJqxi_gD/sparams/as%2Cei%2Chfr%2Cid%2Cinitcwndbps%2Cip%2Cipbits%2Citag%2Cmm%2Cmn%2Cms%2Cmv%2Cpl%2Cplayback_host%2Crequiressl%2Csource%2Cexpire/requiressl/yes/ip/131.159.40.117/pl/16/playback_host/r6---sn-4g5e6ne6.googlevideo.com/mt/1502187418/expire/1502209148/initcwndbps/4822500/mn/sn-4g5e6ne6/hfr/1/mm/31/ipbits/0/key/yt6/signature/ABC88825970ED887215F922876029494DBB96E41.98D3A63D4ADA24630FF1C2681590B7AA5A8DC832/id/c474df0ec26b23d8", "width": 426, "tbr": 254.062, "asr": null, "fps": 25, "language": null, "filesize": 6666232, "acodec": "none", "format": "133 - 426x240 (DASH video)", "protocol": "https", "http_headers": {"User-Agent": "Mozilla/5.0 (X11; Linux x86_64; rv:10.0) Gecko/20150101 Firefox/47.0 (Chrome)", "Accept-Charset": "ISO-8859-1,utf-8;q=0.7,*;q=0.7", "Accept": "text/html,application/xhtml+xml,application/xml;q=0.9,*/*;q=0.8", "Accept-Encoding": "gzip, deflate", "Accept-Language": "en-us,en;q=0.5"}}, {"ext": "mp4", "height": 360, "format_note": "DASH video", "vcodec": "avc1.4d401e", "format_id": "134", "url": "https://r6---sn-4g5e6ne6.googlevideo.com/videoplayback?id=c474df0ec26b23d8&itag=134&source=youtube&requiressl=yes&mv=m&ms=au&ei=HJCJWfWOMpCCVJqxi_gD&pl=16&initcwndbps=4822500&mn=sn-4g5e6ne6&mm=31&ratebypass=yes&mime=video/mp4&gir=yes&clen=10902866&lmt=1416236355381929&dur=217.400&mt=1502187418&key=dg_yt0&signature=9BD9F51FDB73997BEF9143B700C3F58007625B95.4B1BDBB7685C0BEB1C5037E8AE38086ABAC7BD56&ip=131.159.40.117&ipbits=0&expire=1502209148&sparams=ip,ipbits,expire,id,itag,source,requiressl,mv,ms,ei,pl,initcwndbps,mn,mm,ratebypass,mime,gir,clen,lmt,dur", "manifest_url": "https://manifest.googlevideo.com/api/manifest/dash/as/fmp4_audio_clear%2Cfmp4_sd_hd_clear/mv/m/source/youtube/ms/au/itag/0/ei/HJCJWfWOMpCCVJqxi_gD/sparams/as%2Cei%2Chfr%2Cid%2Cinitcwndbps%2Cip%2Cipbits%2Citag%2Cmm%2Cmn%2Cms%2Cmv%2Cpl%2Cplayback_host%2Crequiressl%2Csource%2Cexpire/requiressl/yes/ip/131.159.40.117/pl/16/playback_host/r6---sn-4g5e6ne6.googlevideo.com/mt/1502187418/expire/1502209148/initcwndbps/4822500/mn/sn-4g5e6ne6/hfr/1/mm/31/ipbits/0/key/yt6/signature/ABC88825970ED887215F922876029494DBB96E41.98D3A63D4ADA24630FF1C2681590B7AA5A8DC832/id/c474df0ec26b23d8", "width": 640, "tbr": 609.808, "asr": null, "fps": 25, "language": null, "filesize": 10902866, "acodec": "none", "format": "134 - 640x360 (DASH video)", "protocol": "https", "http_headers": {"User-Agent": "Mozilla/5.0 (X11; Linux x86_64; rv:10.0) Gecko/20150101 Firefox/47.0 (Chrome)", "Accept-Charset": "ISO-8859-1,utf-8;q=0.7,*;q=0.7", "Accept": "text/html,application/xhtml+xml,application/xml;q=0.9,*/*;q=0.8", "Accept-Encoding": "gzip, deflate", "Accept-Language": "en-us,en;q=0.5"}}, {"ext": "mp4", "height": 480, "format_note": "DASH video", "vcodec": "avc1.4d401e", "format_id": "135", "url": "https://r6---sn-4g5e6ne6.googlevideo.com/videoplayback?id=c474df0ec26b23d8&itag=135&source=youtube&requiressl=yes&mv=m&ms=au&ei=HJCJWfWOMpCCVJqxi_gD&pl=16&initcwndbps=4822500&mn=sn-4g5e6ne6&mm=31&ratebypass=yes&mime=video/mp4&gir=yes&clen=20889352&lmt=1416236358194280&dur=217.400&mt=1502187418&key=dg_yt0&signature=4647A66435BAABCA35506E878B3E400CA670EFB4.0C5CAD3287E1C0E81DAFDBFC6E147B64A5CC5CA0&ip=131.159.40.117&ipbits=0&expire=1502209148&sparams=ip,ipbits,expire,id,itag,source,requiressl,mv,ms,ei,pl,initcwndbps,mn,mm,ratebypass,mime,gir,clen,lmt,dur", "manifest_url": "https://manifest.googlevideo.com/api/manifest/dash/as/fmp4_audio_clear%2Cfmp4_sd_hd_clear/mv/m/source/youtube/ms/au/itag/0/ei/HJCJWfWOMpCCVJqxi_gD/sparams/as%2Cei%2Chfr%2Cid%2Cinitcwndbps%2Cip%2Cipbits%2Citag%2Cmm%2Cmn%2Cms%2Cmv%2Cpl%2Cplayback_host%2Crequiressl%2Csource%2Cexpire/requiressl/yes/ip/131.159.40.117/pl/16/playback_host/r6---sn-4g5e6ne6.googlevideo.com/mt/1502187418/expire/1502209148/initcwndbps/4822500/mn/sn-4g5e6ne6/hfr/1/mm/31/ipbits/0/key/yt6/signature/ABC88825970ED887215F922876029494DBB96E41.98D3A63D4ADA24630FF1C2681590B7AA5A8DC832/id/c474df0ec26b23d8", "width": 854, "tbr": 1115.801, "asr": null, "fps": 25, "language": null, "filesize": 20889352, "acodec": "none", "format": "135 - 854x480 (DASH video)", "protocol": "https", "http_headers": {"User-Agent": "Mozilla/5.0 (X11; Linux x86_64; rv:10.0) Gecko/20150101 Firefox/47.0 (Chrome)", "Accept-Charset": "ISO-8859-1,utf-8;q=0.7,*;q=0.7", "Accept": "text/html,application/xhtml+xml,application/xml;q=0.9,*/*;q=0.8", "Accept-Encoding": "gzip, deflate", "Accept-Language": "en-us,en;q=0.5"}}, {"ext": "mp4", "height": 720, "format_note": "DASH video", "vcodec": "avc1.4d401f", "format_id": "136", "url": "https://r6---sn-4g5e6ne6.googlevideo.com/videoplayback?id=c474df0ec26b23d8&itag=136&source=youtube&requiressl=yes&mv=m&ms=au&ei=HJCJWfWOMpCCVJqxi_gD&pl=16&initcwndbps=4822500&mn=sn-4g5e6ne6&mm=31&ratebypass=yes&mime=video/mp4&gir=yes&clen=41112720&lmt=1416236369410046&dur=217.400&mt=1502187418&key=dg_yt0&signature=5342BD8D66C0A355A1B57496617713CABA7AB37F.54C666B41DEEBFA5386DA75C844F80EA706E2E72&ip=131.159.40.117&ipbits=0&expire=1502209148&sparams=ip,ipbits,expire,id,itag,source,requiressl,mv,ms,ei,pl,initcwndbps,mn,mm,ratebypass,mime,gir,clen,lmt,dur", "manifest_url": "https://manifest.googlevideo.com/api/manifest/dash/as/fmp4_audio_clear%2Cfmp4_sd_hd_clear/mv/m/source/youtube/ms/au/itag/0/ei/HJCJWfWOMpCCVJqxi_gD/sparams/as%2Cei%2Chfr%2Cid%2Cinitcwndbps%2Cip%2Cipbits%2Citag%2Cmm%2Cmn%2Cms%2Cmv%2Cpl%2Cplayback_host%2Crequiressl%2Csource%2Cexpire/requiressl/yes/ip/131.159.40.117/pl/16/playback_host/r6---sn-4g5e6ne6.googlevideo.com/mt/1502187418/expire/1502209148/initcwndbps/4822500/mn/sn-4g5e6ne6/hfr/1/mm/31/ipbits/0/key/yt6/signature/ABC88825970ED887215F922876029494DBB96E41.98D3A63D4ADA24630FF1C2681590B7AA5A8DC832/id/c474df0ec26b23d8", "width": 1280, "tbr": 2219.025, "asr": null, "fps": 25, "language": null, "filesize": 41112720, "acodec": "none", "format": "136 - 1280x720 (DASH video)", "protocol": "https", "http_headers": {"User-Agent": "Mozilla/5.0 (X11; Linux x86_64; rv:10.0) Gecko/20150101 Firefox/47.0 (Chrome)", "Accept-Charset": "ISO-8859-1,utf-8;q=0.7,*;q=0.7", "Accept": "text/html,application/xhtml+xml,application/xml;q=0.9,*/*;q=0.8", "Accept-Encoding": "gzip, deflate", "Accept-Language": "en-us,en;q=0.5"}}, {"format_id": "17", "url": "https://r6---sn-4g5ednll.googlevideo.com/videoplayback?ipbits=0&mm=31&mn=sn-4g5ednll&ei=HJCJWb7nFcqQVI3vquAB&itag=17&ms=au&mt=1502187418&mv=m&sparams=clen%2Cdur%2Cei%2Cgir%2Cid%2Cinitcwndbps%2Cip%2Cipbits%2Citag%2Clmt%2Cmime%2Cmm%2Cmn%2Cms%2Cmv%2Cpl%2Crequiressl%2Csource%2Cexpire&gir=yes&signature=E1262D2E4F042B9CEAADDE78F546E66215CB9E20.75B1CB35ED474BABC300E321C521D74878747C&ip=131.159.40.117&requiressl=yes&id=o-AGj0SpWpBz5lHAd-6Fm9YBaZTqddSxhrYlJQBArsYP4d&lmt=1415680368826644&source=youtube&dur=217.663&key=yt6&initcwndbps=4822500&mime=video%2F3gpp&pl=16&clen=2217859&expire=1502209148&ratebypass=yes", "player_url": null, "ext": "3gp", "width": 176, "height": 144, "acodec": "mp4a.40.2", "abr": 24, "vcodec": "mp4v.20.3", "resolution": "176x144", "format_note": "small", "format": "17 - 176x144 (small)", "protocol": "https", "http_headers": {"User-Agent": "Mozilla/5.0 (X11; Linux x86_64; rv:10.0) Gecko/20150101 Firefox/47.0 (Chrome)", "Accept-Charset": "ISO-8859-1,utf-8;q=0.7,*;q=0.7", "Accept": "text/html,application/xhtml+xml,application/xml;q=0.9,*/*;q=0.8", "Accept-Encoding": "gzip, deflate", "Accept-Language": "en-us,en;q=0.5"}}, {"format_id": "36", "url": "https://r6---sn-4g5ednll.googlevideo.com/videoplayback?ipbits=0&mm=31&mn=sn-4g5ednll&ei=HJCJWb7nFcqQVI3vquAB&itag=36&ms=au&mt=1502187418&mv=m&sparams=clen%2Cdur%2Cei%2Cgir%2Cid%2Cinitcwndbps%2Cip%2Cipbits%2Citag%2Clmt%2Cmime%2Cmm%2Cmn%2Cms%2Cmv%2Cpl%2Crequiressl%2Csource%2Cexpire&gir=yes&signature=BC7BF3A034FDC2EE8939DBED0B19891E103AA8EB.2751BDC460D3D79D695B05DCF91A344411EC905E&ip=131.159.40.117&requiressl=yes&id=o-AGj0SpWpBz5lHAd-6Fm9YBaZTqddSxhrYlJQBArsYP4d&lmt=1415680399788333&source=youtube&dur=217.663&key=yt6&initcwndbps=4822500&mime=video%2F3gpp&pl=16&clen=6201159&expire=1502209148&ratebypass=yes", "player_url": null, "ext": "3gp", "width": 320, "acodec": "mp4a.40.2", "vcodec": "mp4v.20.3", "resolution": "320x180", "height": 180, "format_note": "small", "format": "36 - 320x180 (small)", "protocol": "https", "http_headers": {"User-Agent": "Mozilla/5.0 (X11; Linux x86_64; rv:10.0) Gecko/20150101 Firefox/47.0 (Chrome)", "Accept-Charset": "ISO-8859-1,utf-8;q=0.7,*;q=0.7", "Accept": "text/html,application/xhtml+xml,application/xml;q=0.9,*/*;q=0.8", "Accept-Encoding": "gzip, deflate", "Accept-Language": "en-us,en;q=0.5"}}, {"format_id": "43", "url": "https://r6---sn-4g5ednll.googlevideo.com/videoplayback?ipbits=0&mm=31&mn=sn-4g5ednll&ei=HJCJWb7nFcqQVI3vquAB&itag=43&ms=au&mt=1502187418&mv=m&sparams=clen%2Cdur%2Cei%2Cgir%2Cid%2Cinitcwndbps%2Cip%2Cipbits%2Citag%2Clmt%2Cmime%2Cmm%2Cmn%2Cms%2Cmv%2Cpl%2Cratebypass%2Crequiressl%2Csource%2Cexpire&gir=yes&signature=57504DD506647E8A2B1FDDD039913538872A0C99.B5530BBD72CD143F271B23AA1AFF61C9E2F0545F&ip=131.159.40.117&requiressl=yes&id=o-AGj0SpWpBz5lHAd-6Fm9YBaZTqddSxhrYlJQBArsYP4d&lmt=1415680773900079&source=youtube&ratebypass=yes&dur=0.000&key=yt6&initcwndbps=4822500&mime=video%2Fwebm&pl=16&clen=21240835&expire=1502209148", "player_url": null, "ext": "webm", "width": 640, "height": 360, "acodec": "vorbis", "abr": 128, "vcodec": "vp8.0", "resolution": "640x360", "format_note": "medium", "format": "43 - 640x360 (medium)", "protocol": "https", "http_headers": {"User-Agent": "Mozilla/5.0 (X11; Linux x86_64; rv:10.0) Gecko/20150101 Firefox/47.0 (Chrome)", "Accept-Charset": "ISO-8859-1,utf-8;q=0.7,*;q=0.7", "Accept": "text/html,application/xhtml+xml,application/xml;q=0.9,*/*;q=0.8", "Accept-Encoding": "gzip, deflate", "Accept-Language": "en-us,en;q=0.5"}}, {"format_id": "18", "url": "https://r6---sn-4g5ednll.googlevideo.com/videoplayback?ipbits=0&mm=31&mn=sn-4g5ednll&ei=HJCJWb7nFcqQVI3vquAB&itag=18&ms=au&mt=1502187418&mv=m&sparams=clen%2Cdur%2Cei%2Cgir%2Cid%2Cinitcwndbps%2Cip%2Cipbits%2Citag%2Clmt%2Cmime%2Cmm%2Cmn%2Cms%2Cmv%2Cpl%2Cratebypass%2Crequiressl%2Csource%2Cexpire&gir=yes&signature=253755492FFB63C7C6395990BF765DF8AAA26A81.9A13C2CEF1827D98D4A5B7468617B5DC72FEABAC&ip=131.159.40.117&requiressl=yes&id=o-AGj0SpWpBz5lHAd-6Fm9YBaZTqddSxhrYlJQBArsYP4d&lmt=1416236356474938&source=youtube&ratebypass=yes&dur=217.663&key=yt6&initcwndbps=4822500&mime=video%2Fmp4&pl=16&clen=17448668&expire=1502209148", "player_url": null, "ext": "mp4", "width": 640, "height": 360, "acodec": "mp4a.40.2", "abr": 96, "vcodec": "avc1.42001E", "resolution": "640x360", "format_note": "medium", "format": "18 - 640x360 (medium)", "protocol": "https", "http_headers": {"User-Agent": "Mozilla/5.0 (X11; Linux x86_64; rv:10.0) Gecko/20150101 Firefox/47.0 (Chrome)", "Accept-Charset": "ISO-8859-1,utf-8;q=0.7,*;q=0.7", "Accept": "text/html,application/xhtml+xml,application/xml;q=0.9,*/*;q=0.8", "Accept-Encoding": "gzip, deflate", "Accept-Language": "en-us,en;q=0.5"}}, {"format_id": "22", "url": "https://r6---sn-4g5ednll.googlevideo.com/videoplayback?lmt=1472265740053383&ipbits=0&mm=31&mn=sn-4g5ednll&initcwndbps=4822500&itag=22&ms=au&source=youtube&ratebypass=yes&mv=m&dur=217.663&key=yt6&sparams=dur%2Cei%2Cid%2Cinitcwndbps%2Cip%2Cipbits%2Citag%2Clmt%2Cmime%2Cmm%2Cmn%2Cms%2Cmv%2Cpl%2Cratebypass%2Crequiressl%2Csource%2Cexpire&ei=HJCJWb7nFcqQVI3vquAB&mime=video%2Fmp4&signature=7B44A61D6D668A45099AC2167FD224F5FF7AF8CD.35ED72EB91009413FC5BADE9EA431F3354B906B0&pl=16&ip=131.159.40.117&requiressl=yes&id=o-AGj0SpWpBz5lHAd-6Fm9YBaZTqddSxhrYlJQBArsYP4d&mt=1502187418&expire=1502209148", "player_url": null, "ext": "mp4", "width": 1280, "height": 720, "acodec": "mp4a.40.2", "abr": 192, "vcodec": "avc1.64001F", "resolution": "1280x720", "format_note": "hd720", "format": "22 - 1280x720 (hd720)", "protocol": "https", "http_headers": {"User-Agent": "Mozilla/5.0 (X11; Linux x86_64; rv:10.0) Gecko/20150101 Firefox/47.0 (Chrome)", "Accept-Charset": "ISO-8859-1,utf-8;q=0.7,*;q=0.7", "Accept": "text/html,application/xhtml+xml,application/xml;q=0.9,*/*;q=0.8", "Accept-Encoding": "gzip, deflate", "Accept-Language": "en-us,en;q=0.5"}}], "is_live": null, "start_time": null, "end_time": null, "series": null, "season_number": null, "episode_number": null, "extractor": "youtube", "webpage_url_basename": "xHTfDsJrI9g", "extractor_key": "Youtube", "playlist": null, "playlist_index": null, "thumbnails": [{"url": "https://i.ytimg.com/vi/xHTfDsJrI9g/maxresdefault.jpg", "id": "0"}], "display_id": "xHTfDsJrI9g", "ext": "mp4", "height": 720, "format_note": "DASH video", "vcodec": "avc1.4d401f", "format_id": "136", "url": "https://r6---sn-4g5e6ne6.googlevideo.com/videoplayback?id=c474df0ec26b23d8&itag=136&source=youtube&requiressl=yes&mv=m&ms=au&ei=HJCJWfWOMpCCVJqxi_gD&pl=16&initcwndbps=4822500&mn=sn-4g5e6ne6&mm=31&ratebypass=yes&mime=video/mp4&gir=yes&clen=41112720&lmt=1416236369410046&dur=217.400&mt=1502187418&key=dg_yt0&signature=5342BD8D66C0A355A1B57496617713CABA7AB37F.54C666B41DEEBFA5386DA75C844F80EA706E2E72&ip=131.159.40.117&ipbits=0&expire=1502209148&sparams=ip,ipbits,expire,id,itag,source,requiressl,mv,ms,ei,pl,initcwndbps,mn,mm,ratebypass,mime,gir,clen,lmt,dur", "manifest_url": "https://manifest.googlevideo.com/api/manifest/dash/as/fmp4_audio_clear%2Cfmp4_sd_hd_clear/mv/m/source/youtube/ms/au/itag/0/ei/HJCJWfWOMpCCVJqxi_gD/sparams/as%2Cei%2Chfr%2Cid%2Cinitcwndbps%2Cip%2Cipbits%2Citag%2Cmm%2Cmn%2Cms%2Cmv%2Cpl%2Cplayback_host%2Crequiressl%2Csource%2Cexpire/requiressl/yes/ip/131.159.40.117/pl/16/playback_host/r6---sn-4g5e6ne6.googlevideo.com/mt/1502187418/expire/1502209148/initcwndbps/4822500/mn/sn-4g5e6ne6/hfr/1/mm/31/ipbits/0/key/yt6/signature/ABC88825970ED887215F922876029494DBB96E41.98D3A63D4ADA24630FF1C2681590B7AA5A8DC832/id/c474df0ec26b23d8", "width": 1280, "tbr": 2219.025, "asr": null, "fps": 25, "language": null, "filesize": 41112720, "acodec": "none", "format": "136 - 1280x720 (DASH video)", "protocol": "https", "http_headers": {"User-Agent": "Mozilla/5.0 (X11; Linux x86_64; rv:10.0) Gecko/20150101 Firefox/47.0 (Chrome)", "Accept-Charset": "ISO-8859-1,utf-8;q=0.7,*;q=0.7", "Accept": "text/html,application/xhtml+xml,application/xml;q=0.9,*/*;q=0.8", "Accept-Encoding": "gzip, deflate", "Accept-Language": "en-us,en;q=0.5"}, "fulltitle": "Manifestantes toman aeropuerto durante 3 horas por los 43 estudiantes desaparecidos", "_filename": "xHTfDsJrI9g.mp4"}